destination_id,destination_name,destination_type,destination_lon,destination_lat,destination_nearest_station,destination_connector_distance_m,destination_connector_time_min,time_min,rail_km,horse_km,total_km
City:Aleksandrów (Łódzki),Aleksandrów (Łódzki),City,19.304444,51.819444,Zgierz,8990.950125310432,134.86425187965648,1068.8573388933803,244.4695228009394,10.519386286240433,254.98890908717982
City:Aleksandrów Kujawski,Aleksandrów Kujawski,City,18.693333,52.876389,Aleksandrów Kujawski,260.1995018554135,3.902992527831202,1277.7055391960412,335.65172780822655,1.7886356627854145,337.440363471012
City:Andrychów,Andrychów,City,19.341111,49.855,Wadowice,11336.391902347968,170.04587853521952,1344.479944791813,308.9878522311094,12.86482806327797,321.85268029438737
City:Augustów,Augustów,City,22.9775,53.843611,Augustów,3347.348334089875,50.21022501134813,1361.1529520645681,345.61767621153746,4.875784495019876,350.4934607065573
City:Baranowicze,Baranowicze,City,25.983333,53.116667,Baranowicze,1862.8208264332914,27.942312396499368,1257.0755078715663,323.6654519047331,3.3912569873632923,327.0567088920964
City:Baranów (Sandomierski),Baranów (Sandomierski),City,21.541389,50.499722,Ocice,10964.684323262802,164.470264848942,912.5443374873435,194.5812539435611,12.493120484192803,207.0743744277539
City:Barcin,Barcin,City,17.947222,52.863889,Barcin,1373.7923281307208,20.60688492196081,1446.3662495222059,376.42680728665596,2.9022284890607217,379.32903577571665
City:Barysz,Barysz,City,25.266667,49.033333,Buczacz,8413.73640725819,126.20604610887284,1984.848155178522,492.58367705261253,9.942172568188191,502.52584962080067
City:Beresteczko,Beresteczko,City,25.116667,50.35,Sienkiewiczówka,20763.370199021178,311.45055298531764,1615.0100035640241,343.63649702420963,22.291806359951178,365.9283033841608
City:Bereza Kartuska,Bereza Kartuska,City,24.966667,52.55,Bereza Kartuska,4945.738829600886,74.18608244401328,929.7993726681999,223.43761066241356,6.474174990530887,229.91178565294445
City:Bereźne,Bereźne,City,26.739444,50.996667,Kostopol,25053.365065797723,375.8004759869658,1882.3595923032522,398.108073997127,26.581801226727723,424.68987522385476
City:Bełchatów,Bełchatów,City,19.362222,51.363611,Piotrków Trybunalski,23376.113516025518,350.64170274038275,1336.248531514377,258.3192101732785,24.90454967695552,283.22375985023405
City:Bełz,Bełz,City,24.0,50.366667,Krystynopol,17312.72709902653,259.69090648539793,1476.8723099911458,320.4583877262991,18.84116325995653,339.2995509862556
City:Biała Krakowska (dziś część Bielska-Białej),Biała Krakowska (dziś część Bielska-Białej),City,19.050833,49.823333,Bielsko Biała,835.6583084940621,12.534874627410932,1289.2664214449899,336.4376761816404,2.3640944694240633,338.8017706510645
City:Biała Podlaska,Biała Podlaska,City,23.116667,52.033333,Biała Podlaska,1860.80272202286,27.9120408303429,371.49517082825946,86.04285100169771,3.389238882952861,89.43208988465058
City:Biała Rawska,Biała Rawska,City,20.471944,51.8075,Biała Rawska,590.0603724378936,8.850905586568405,981.0074073121385,254.71003908195144,2.1184965333678947,256.8285356153193
City:Białystok,Białystok,City,23.145556,53.135278,Białystok,675.6835126246932,10.135252689370397,822.3019698946428,211.77944690233815,2.204119673554694,213.98356657589287
City:Biecz,Biecz,City,21.2625,49.731944,Gorlice Zagórzany,6400.376092935139,96.0056413940271,1364.694888541973,334.2796591036222,7.92881225386514,342.2084713574873
City:Bielsk Podlaski,Bielsk Podlaski,City,23.191944,52.768333,Bielsk Podlaski,751.0347836924836,11.265521755387255,683.2453787003432,174.16263939915328,2.2794709446224846,176.44211034377574
City:Bielsko (dziś część Bielska-Białej),Bielsko (dziś część Bielska-Białej),City,19.042717,49.821194,Bielsko Biała,959.4415802372463,14.391623703558695,1291.1231705211376,336.4376761816404,2.4878777411672472,338.9255539228077
City:Bieruń Stary,Bieruń Stary,City,19.091537,50.090995,Lędziny,6296.681284023811,94.45021926035716,1224.8262591111104,297.1656151455422,7.825117444953812,304.990732590496
City:Biłgoraj,Biłgoraj,City,22.721944,50.540833,Biłgoraj,1439.7148819649462,21.595723229474192,852.2123562012466,216.7301742996824,2.9681510428949474,219.69832534257736
City:Bnin (Kórnik),Bnin (Kórnik),City,17.096111,52.231389,Zaniemyśl,9598.228358447299,143.97342537670949,1840.1698636327774,448.9940887176349,11.1266645193773,460.1207532370122
City:Bobrek (dziś część Cieszyna),Bobrek (dziś część Cieszyna),City,18.651944,49.755556,Cieszyn,1183.8321649539157,17.757482474308734,1410.6087991594545,367.5964810961042,2.712268325883917,370.30874942198807
City:Bochnia,Bochnia,City,20.43,49.968889,Bochnia,937.2997543947359,14.05949631592104,1159.284579242464,301.1501083708791,2.465735915324737,303.6158442862038
City:Bogumin,Bogumin,City,18.354444,49.903611,Bogumin,438.69034678217133,6.58035520173257,1419.9025184942986,373.0894916024286,1.9671265077121725,375.0566181101408
City:Bogumin Nowy,Bogumin Nowy,City,18.357778,49.903611,Bogumin,295.43056841561514,4.431458526234227,1417.7536218188004,373.0894916024286,1.8238667293456163,374.91335833177425
City:Bohorodczany,Bohorodczany,City,24.533333,48.8,Chryplin,18326.495617035762,274.89743425553644,1940.9918314644515,440.91670770331564,19.85493177796576,460.7716394812814
City:Bojanowo,Bojanowo,City,16.749444,51.707222,Bojanowo,912.0581534911233,13.680872302366849,1743.0186731206045,457.8870210051505,2.4404943144211244,460.3275153195716
City:Bolechów,Bolechów,City,23.866667,49.05,Dolina,11419.607093534807,171.29410640302208,1746.2042391804794,416.4489300808744,12.948043254464809,429.3969733353392
City:Borek,Borek,City,17.243056,51.916389,Piaski Wielkopolskie,12711.720556726445,190.67580835089666,1867.101056662225,443.68881941579644,14.240156717656445,457.9289761334529
City:Borszczów,Borszczów,City,26.05,48.8,Teresin,5897.81619195316,88.4672428792974,2183.0507139703805,521.9928621029378,15.849046661477667,537.8419087644155
City:Borysław,Borysław,City,23.4175,49.281944,Borysław,1853.3841752183555,27.80076262827533,1437.5272102849467,372.12464124013025,3.3818203361483565,375.50646157627864
City:Boćki,Boćki,City,23.044722,52.651389,Bielsk Podlaski,15648.87574769552,234.73313621543278,906.7129931603887,174.16263939915328,17.17731190862552,191.3399513077788
City:Bołszowce,Bołszowce,City,24.746389,49.185556,Halicz,5479.874196782776,82.19811295174165,1645.2127265694473,413.2569657730078,7.008310357712777,420.26527613072057
City:Brasław,Brasław,City,27.061389,55.643333,Brasław,1145.3577157689601,17.1803657365344,2288.705035846943,603.3738309318829,2.673793876698961,606.0476248085819
City:Brańsk,Brańsk,City,22.833333,52.745556,Bielsk Podlaski,23965.85119232504,359.48776788487555,1031.4676248298315,174.16263939915328,25.49428735325504,199.6569267524083
City:Brodnica,Brodnica,City,19.395556,53.259722,Brodnica,812.6248567093986,12.189372850640979,1176.1817023516692,306.1859862016994,2.3410610176394,308.52704721933884
City:Brody,Brody,City,25.143889,50.084444,Brody,1171.6212986157805,17.574319479236706,1538.6556807128231,402.0048763832691,2.7000574595457816,404.70493384281485
City:Brok,Brok,City,21.859722,52.7,Małkinia,11855.351982178401,177.83027973267602,657.2676997663696,122.49708549463121,13.383788143108402,135.8808736377396
City:Brzesko,Brzesko,City,20.606389,49.968889,Bochnia,12548.22954320783,188.22344314811744,1333.4485260746603,301.1501083708791,14.076665704137831,315.2267740750169
City:Brzeziny,Brzeziny,City,19.751389,51.800278,Koluszki,7722.677914237705,115.84016871356557,959.9402864551521,220.34824271291575,9.251114075167706,229.59935678808347
City:Brześć Kujawski,Brześć Kujawski,City,18.898056,52.605,Brześć Kujawski,0.0,0.0,1163.7757313671832,306.12786570245095,1.528436160930001,307.656301863381
City:Brześć nad Bugiem,Brześć nad Bugiem,City,23.679281,52.100594,Brześć nad Bugiem,84.62669012315054,1.2694003518472579,489.8289197177657,124.94484881544489,1.6130628510531517,126.55791166649804
City:Brzeżany,Brzeżany,City,24.9431,49.441228,Potutory,5515.251811704412,82.72877717556618,1614.3118506758578,404.8228358415017,7.043687972634413,411.8665238141361
City:Brzostek,Brzostek,City,21.4103,49.879708,Jasło,15934.820830628028,239.02231245942042,1457.3400236669136,320.7632969596008,17.463256991558026,338.2265539511588
City:Brzozów,Brzozów,City,22.019444,49.695278,Krosno,19202.819970293833,288.04229955440746,1580.2271354133782,340.5843087410806,20.731256131223834,361.3155648723044
City:Buczacz,Buczacz,City,25.4,49.05,Buczacz,2256.914987769253,33.853724816538794,1892.4958338861877,492.58367705261253,3.7853511486992537,496.3690282013118
City:Budzanów,Budzanów,City,25.705556,49.163889,Trembowla,14998.784794147352,224.98177191221026,2003.6605899299354,471.1268606203464,16.52722095507735,487.65408157542373
City:Budzyń,Budzyń,City,16.988611,52.889444,Chodzież,12783.747945335077,191.75621918002614,1902.838015959077,452.98832658796886,14.312184106265079,467.30051069423394
City:Buk,Buk,City,16.5175,52.356667,Sędziny,7479.979491688167,112.1996923753225,1855.170004735198,461.5450782688233,9.008415652618169,470.5534939214415
City:Bursztyn,Bursztyn,City,24.630561,49.2635,Halicz,15904.356554640199,238.56534831960298,1801.5799619373086,413.2569657730078,17.432792715570198,430.689758488578
City:Busk,Busk,City,24.613611,49.966111,Krasne,5485.220162350495,82.27830243525743,1448.369224161208,360.4157751153868,7.013656323280497,367.4294314386673
City:Busko (dziś Busko-Zdrój),Busko (dziś Busko-Zdrój),City,20.718889,50.470556,Wiślica,13940.195879709643,209.10293819564464,1088.0388914905886,226.29538637495128,16.31346985714866,242.60885623209992
City:Bydgoszcz,Bydgoszcz,City,18.011111,53.125,Bydgoszcz,801.5502371079717,12.023253556619576,1428.6213742666648,373.968540176119,2.3299863980379727,376.298526574157
City:Bóbrka (Ukraina),Bóbrka (Ukraina),City,24.293944,49.638222,Kurowice,16481.058362608066,247.215875439121,1564.6453439320467,347.35828516452517,18.009494523538066,365.3677796880632
City:Będzin,Będzin,City,19.129167,50.323889,Będzin,1854.593004461762,27.818895066926427,1089.7153286594005,278.790254132904,3.383029165391763,282.17328329829576
City:Błaszki,Błaszki,City,18.433333,51.651944,Opatówek,18037.14513977327,270.55717709659905,1713.7267625280151,381.09854987635333,19.565581300703272,400.6641311770566
City:Błażowa,Błażowa,City,22.099444,49.883333,Dynów,13290.590705812578,199.35886058718867,1221.1728274727,268.03479223320227,14.819026866742579,282.8538190999448
City:Błonie,Błonie,City,20.616944,52.196667,Błonie,1295.1226872462862,19.426840308694292,601.0180526933909,149.90835310881707,2.823558848176287,152.73191195699337
City:Chełm,Chełm,City,23.477778,51.132222,Chełm,1509.4365485383867,22.6415482280758,620.7191052267019,154.33218891355477,3.0378727094683877,157.37006162302316
City:Chełmno,Chełmno,City,18.422778,53.349167,Chełmno,1054.3882251302696,15.815823376954041,1439.940034307703,375.98804105200776,2.5828243860602704,378.57086543806804
City:Chełmża,Chełmża,City,18.603611,53.186667,Chełmża,382.7474909772793,5.74121236465919,1325.3289560729263,347.93742234730854,1.9111836519072805,349.8486059992158
City:Chmielnik,Chmielnik,City,20.749722,50.611667,Stawiany Pińczowskie,11743.46225132554,176.1519337698831,967.3826952542156,202.76115990577046,14.116736228764559,216.877896134535
City:Chodecz,Chodecz,City,19.028333,52.405278,Boniewo,12355.848734921972,185.33773102382958,1273.915420991571,285.9497245936007,13.884284895851973,299.8340094894527
City:Chodorów,Chodorów,City,24.316667,49.4,Chodorów,567.9320216635043,8.518980324952564,1413.001189022213,370.717437119355,2.0963681825935057,372.8138053019485
City:Chodzież,Chodzież,City,16.912222,52.99,Chodzież,471.2818234709066,7.069227352063598,1718.1510241311144,452.98832658796886,1.9997179844009076,454.9880445723698
City:Chojnice,Chojnice,City,17.556389,53.694167,Chojnice,1452.193228208142,21.782898423122127,1681.2687540831978,439.14341572104377,2.980629389138143,442.1240451101819
City:Chorostków,Chorostków,City,25.916667,49.216667,Kopyczyńce,12226.194444213867,183.39291666320798,2060.274746376568,497.4780020920084,13.754630605143868,511.23263269715227
City:Choroszcz,Choroszcz,City,22.985556,53.143056,Białystok,10083.917492134953,151.2587623820243,963.4254795872966,211.77944690233815,11.612353653064954,223.3918005554031
City:Chorzele,Chorzele,City,20.899167,53.261111,Chorzele,3526.3433649166914,52.89515047375037,907.8499887901665,223.2609260671618,5.054779525846692,228.31570559300846
City:Chorzów,Chorzów,City,18.95,50.3,Chorzów Miasto,177.49403683173344,2.662410552476002,1135.1370753264266,297.7287461666002,1.7059301977617345,299.43467636436196
City:Chrzanów,Chrzanów,City,19.403889,50.141111,Chrzanów,960.4162532224476,14.406243798336712,1126.9478976941625,292.38005491430334,2.4888524141524484,294.8689073284558
City:Chyrów,Chyrów,City,22.85,49.533333,Chyrów,189.6134197469919,2.8442012962048784,1164.1470387746442,305.4643058423047,1.7180495806769929,307.18235542298174
City:Chęciny,Chęciny,City,20.467222,50.802778,Kielce,11557.755191672706,173.36632787509058,742.9599291643897,146.688994131552,13.086191352602707,159.7751854841547
City:Ciechanowiec,Ciechanowiec,City,22.491667,52.686111,Małkinia,30902.337053307467,463.53505579961194,942.9724758333055,122.49708549463121,32.43077321423747,154.92785870886868
City:Ciechanów,Ciechanów,City,20.610556,52.881667,Ciechanów,1345.244341304751,20.178665119571267,813.3911721123105,206.69340049530848,2.8736805022347522,209.56708099754323
City:Ciechocinek,Ciechocinek,City,18.781667,52.878056,Ciechocinek,723.3815281097948,10.850722921646922,1308.220260465607,341.97553702655284,2.251817689039796,344.22735471559264
City:Cieszanów,Cieszanów,City,23.129444,50.245278,Lubaczów,9781.929480524514,146.72894220786768,1288.6356808207456,300.2596859800458,11.310365641454515,311.5700516215003
City:Cieszyn,Cieszyn,City,18.633056,49.748333,Cieszyn,409.2158087357618,6.138237131036427,1398.9895538161823,367.5964810961042,1.9376519696657628,369.53413306577
City:Ciężkowice,Ciężkowice,City,20.973611,49.786111,Intersection:00057,8618.953977315658,129.28430965973487,1335.8614407748425,317.61290796814404,10.147390138245658,327.7602981063897
City:Czarnków,Czarnków,City,16.564167,52.904444,Czarnków,1329.9515530791236,19.949273296186853,1847.6368485687613,484.2775438170643,2.8583877140091243,487.1359315310735
City:Czarny Dunajec,Czarny Dunajec,City,19.854167,49.439444,Podczerwone,4182.235061589953,62.73352592384929,1483.025723642889,374.9597841735325,5.710671222519954,380.67045539605243
City:Czeladź,Czeladź,City,19.070278,50.317222,Siemianowice Śląskie,3784.3777044558997,56.76566556683849,1165.1097772214844,291.25371441292003,5.3128138653859,296.56652827830595
City:Czempiń,Czempiń,City,16.75915,52.142833,Czempiń,576.6317867989059,8.649476801983587,1683.4609595764782,443.2557923300795,2.105067947728907,445.3608602778084
City:Czerniejewo,Czerniejewo,City,17.491667,52.429167,Września,12620.228123105004,189.30342184657505,1577.699777471329,366.4010665448991,14.148664284035005,380.54973082893406
City:Czersk,Czersk,City,17.973889,53.792778,Czersk,903.2356049414752,13.548534074122127,1619.0130202806154,424.6476815843326,2.431671765871476,427.0793533502041
City:Czortków,Czortków,City,25.766667,49.0,Biała Czortkowska,4098.088873704136,61.47133310556204,1999.6594832513013,513.9285314080302,5.626525034634137,519.5550564426643
City:Częstochowa,Częstochowa,City,19.138333,50.817778,Częstochowa,1692.519671308567,25.387795069628506,996.2608456890106,254.36564636845762,3.2209558322385683,257.5866022006962
City:Dawidgródek,Dawidgródek,City,27.213889,52.055556,Mikaszewicze,25831.32127397289,387.46981910959335,1866.4428459698236,390.70580665975194,27.359757434902892,418.0655640946548
City:Delatyn,Delatyn,City,24.623611,48.528611,Delatyn,2283.5965491605084,34.25394823740762,1862.326706660674,484.3809012958332,3.81203271009051,488.19293400592375
City:Dobczyce,Dobczyce,City,20.091389,49.879167,Zagórzany,10281.779081941047,154.2266862291157,1571.4530478895247,374.13711816446653,11.810215242871049,385.94733340733757
City:Dobra,Dobra,City,18.615278,51.916111,Turek,13227.331693822829,198.40997540734242,1742.6660043637362,408.2234122222223,14.75576785475283,422.9791800769751
City:Dobromil,Dobromil,City,22.789444,49.570556,Chyrów,6185.711163870318,92.78566745805477,1254.0885049364942,305.4643058423047,7.71414732480032,313.17845316710503
City:Dobrzyń nad Drwęcą,Dobrzyń nad Drwęcą,City,19.052778,53.108889,Golub Dobrzyń,567.9667736194647,8.51950160429197,1279.8425101701418,334.9863850840933,2.0964029345494657,337.08278801864276
City:Dobrzyń nad Wisłą,Dobrzyń nad Wisłą,City,19.321389,52.637778,Włocławek,17068.67593650792,256.0301390476188,1398.953532785131,300.5324884384893,18.59711209743792,319.1296005359272
City:Dokszyce,Dokszyce,City,27.766667,54.883333,Królewszczyzna,16171.43725097114,242.5715587645671,2362.8532700622354,562.7903036504644,17.699873411901137,580.4901770623655
City:Dolina,Dolina,City,24.0,48.966667,Dolina,2094.5850504811533,31.418775757217297,1606.3289085346744,416.4489300808744,3.6230212114111544,420.0719512922856
City:Dolsk,Dolsk,City,17.065833,51.986667,Piaski Wielkopolskie,11607.636560953713,174.1145484143057,1850.539796725634,443.68881941579644,13.136072721883714,456.82489213768014
City:Drohiczyn Poleski,Drohiczyn Poleski,City,25.15,52.183333,Drohiczyn,6689.205549344698,100.33808324017046,950.2212352385801,221.90002357183005,8.217641710274698,230.11766528210475
City:Drohiczyn nad Bugiem,Drohiczyn nad Bugiem,City,22.659167,52.397222,Siemiatycze,14265.536241196685,213.98304361795027,646.4656277834986,109.89753787001224,15.793972402126686,125.69151027213893
City:Drohobycz,Drohobycz,City,23.5,49.35,Drohobycz,3216.941877793316,48.25412816689974,1418.7603515685612,361.6005477317026,4.7453780387233175,366.3459257704259
City:Druskieniki,Druskieniki,City,23.966667,54.016667,Druskienniki,1096.9891470541368,16.45483720581205,1290.678885775048,335.76483081833504,2.6254253079841376,338.3902561263192
City:Dubienka,Dubienka,City,23.8925,51.048333,Matcze,13538.187151094115,203.07280726641173,1169.207513485424,253.09419062102504,15.066623312024117,268.16081393304916
City:Dubno,Dubno,City,25.762222,50.407222,Kamienica Wołyńska,7643.9831297772935,114.6597469466594,1709.9827297455156,421.9263781699498,9.172419290707294,431.09879746065707
City:Dukla,Dukla,City,21.683333,49.555556,Krosno,15681.793360633614,235.2269004095042,1527.411736268475,340.5843087410806,17.210229521563615,357.7945382626442
City:Działdowo,Działdowo,City,20.177778,53.236111,Działdowo,710.8876060394638,10.663314090591957,987.3377518945993,255.92235192966544,2.239323766969465,258.1616756966349
City:Działoszyce,Działoszyce,City,20.3525,50.365,Działoszyce,456.7546392641011,6.851319588961516,934.0100512120904,242.63563743779633,1.985190800194102,244.62082823799045
City:Dzisna,Dzisna,City,28.225833,55.562778,Zahacie,25333.940091020388,380.00910136530575,2688.229842231013,613.2206099178882,26.862376251950387,640.0829861698386
City:Dąbie,Dąbie,City,18.822222,52.090556,Dąbie,3015.791555483213,45.23687333224819,1170.011862008854,295.66266641381264,4.544227716413213,300.20689413022586
City:Dąbrowa (Tarnowska),Dąbrowa (Tarnowska),City,20.986389,50.174722,Dąbrowa Tarnowska,969.2133188737614,14.538199783106421,1166.3189952588775,302.9092245715887,2.4976494798037625,305.40687405139244
City:Dąbrowa Grodzieńska (dziś Dąbrowa Białostocka),Dąbrowa Grodzieńska (dziś Dąbrowa Białostocka),City,23.348611,53.653611,Kamienna Nowa,6776.022488166805,101.64033732250206,1322.7224090710602,321.5050670381198,8.304458649096805,329.8095256872166
City:Dąbrowa Górnicza,Dąbrowa Górnicza,City,19.187222,50.321389,Dąbrowa Górnicza,965.1664816923081,14.47749722538462,1061.813691334877,274.88325653830384,2.4936026426223092,277.37685918092615
City:Dąbrowica,Dąbrowica,City,26.566667,51.566667,Dąbrowica,2084.1554457719044,31.262331686578566,1537.7577132195013,398.0909718302577,3.6125916067019053,401.7035634369596
City:Dębica,Dębica,City,21.409444,50.050833,Dębica,488.69023904045093,7.330353585606764,974.4231827381058,253.35128694151066,2.017126399970452,255.3684133414811
City:Fordon (dziś część Bydgoszczy),Fordon (dziś część Bydgoszczy),City,18.167772,53.147631,Fordon,599.245829596248,8.98868744394372,1432.525390842025,375.8303931974086,2.127681990526249,377.9580751879349
City:Frysztat,Frysztat,City,18.542778,49.854167,Intersection:00018,3012.742719964484,45.191140799467256,1411.1312480040574,360.37530655215505,4.541178880894485,364.91648543304956
City:Garwolin,Garwolin,City,21.615,51.896944,Garwolin,4273.391964863936,64.10087947295904,328.7159895734869,64.85309899589839,5.8018281257939375,70.65492712169232
City:Gdynia,Gdynia,City,18.539444,54.519167,Gdynia Główna,682.7559800966628,10.241339701449942,1949.9505463623561,514.3366815729332,2.211192141026664,516.5478737139599
City:Gliniany (dziś Ukraina),Gliniany (dziś Ukraina),City,24.515556,49.822194,Kurowice,9604.161121604115,144.0624168240617,1461.4918853169875,347.35828516452517,11.132597282534116,358.4908824470593
City:Gniew,Gniew,City,18.8225,53.835556,Gniew,229.5652713483714,3.4434790702255706,1625.2628071999618,429.03623083373606,1.7580014322783726,430.79423226601443
City:Gniewkowo,Gniewkowo,City,18.406389,52.895,Intersection:00037,16467.0236460685,247.00535469102752,1534.0667782771447,339.20952644786496,17.9954598069985,357.20498625486346
City:Gniezno,Gniezno,City,17.603611,52.545,Gniezno Winiary,1709.1859533071342,25.63778929960701,1497.7043155120432,388.85256231926047,3.237622114237135,392.0901844334976
City:Golina,Golina,City,18.092778,52.242778,Konin,10928.166324423799,163.92249486635697,1370.5657127001525,317.63064123765855,12.4566024853538,330.08724372301236
City:Golub,Golub,City,19.053333,53.116667,Golub Dobrzyń,317.71142337638634,4.765671350645794,1276.0886799164957,334.9863850840933,1.8461475843063875,336.8325326683996
City:Goniądz,Goniądz,City,22.733333,53.489722,Grajewo,24750.65612412837,371.25984186192557,1452.1065993195134,283.87525770337623,26.279092285058372,310.1543499884346
City:Gorlice,Gorlice,City,21.159167,49.654444,Gorlice,1358.4908217662446,20.377362326493667,1280.4016140238305,331.95455199104214,2.8869269826962456,334.8414789737384
City:Gostynin,Gostynin,City,19.461667,52.429167,Gostynin,559.3411655972867,8.3901174839593,1020.5346104527857,265.44015006555856,2.0877773265272874,267.5279273920858
City:Gostyń,Gostyń,City,17.0125,51.886111,Gostyń,963.5014452474096,14.452521678711143,1679.776785470679,440.7100552364348,2.4919376061774106,443.2019928426122
City:Gołańcz,Gołańcz,City,17.299444,52.943889,Gołańcz,88.20135799879314,1.323020369981897,1612.385220299673,426.149734766724,1.6166375189287943,427.7663722856528
City:Grabów (nad Prosną),Grabów (nad Prosną),City,19.009528,52.128333,Dąbie,10571.319104542596,158.56978656813894,1283.3447752447446,295.66266641381264,12.099755265472597,307.76242167928524
City:Grajewo,Grajewo,City,22.455,53.646667,Grajewo,775.2579023317519,11.628868534976277,1092.4756259925643,283.87525770337623,2.303694063261753,286.17895176663797
City:Grodno,Grodno,City,23.833333,53.666667,Grodno,1870.04605096493,28.050690764473945,1126.5883166430115,288.622307396331,3.398482211894931,292.0207896082259
City:Grodzisk (Wielkopolski),Grodzisk (Wielkopolski),City,16.366667,52.225,Grodzisk Wielkopolski,576.720942722567,8.650814140838504,1733.3699825759736,456.6476879823514,2.105157103652568,458.75284508600396
City:Grodzisk Mazowiecki,Grodzisk Mazowiecki,City,20.631667,52.106389,Grodzisk Mazowiecki,779.0600586837365,11.685900880256048,599.2219537128994,151.50355196234938,2.3074962196137374,153.81104818196312
City:Grudziądz,Grudziądz,City,18.756944,53.486944,Grudziądz,593.8911132492791,8.908366698739185,1358.7388438712342,356.0525558268763,2.1223272741792805,358.17488310105557
City:Grybów,Grybów,City,20.948333,49.624444,Stróże,3854.336231205751,57.815043468086266,1286.9751267969712,323.67266681217427,5.3827723921357515,329.05543920431
City:Grzymałów (dziś Ukraina),Grzymałów (dziś Ukraina),City,26.009167,49.328611,Grzymałów,2669.812676082932,40.04719014124397,1853.5236187119751,480.4642194520696,4.198248837012933,484.66246828908254
City:Gródek Jagielloński,Gródek Jagielloński,City,23.6375,49.78,Gródek Jagielloński,829.0385158967023,12.435577738450535,1298.7796273663973,339.01703110242244,2.3574746768267034,341.37450577924915
City:Grójec,Grójec,City,20.8675,51.865556,Grójec,4.830311862031255,0.07245467793046884,519.1935885023776,133.14554869515007,1.5332664727920324,134.67881516794208
City:Gwoździec,Gwoździec,City,25.283333,48.583333,Kołomyja,17358.774702480438,260.3816205372066,2097.9086125266986,486.9177873027705,18.887210863410438,505.8049981661809
City:Góra Kalwaria,Góra Kalwaria,City,21.213889,51.984722,Góra Kalwaria,1514.2334535386137,22.713501803079208,630.1213329035702,156.83581246422185,3.0426696144686147,159.87848207869047
City:Górzno,Górzno,City,19.644444,53.198333,Lidzbark,13926.61449325152,208.89921739877278,1271.849451833761,279.0730240256452,15.455050654181521,294.5280746798267
City:Gąbin,Gąbin,City,19.730556,52.399722,Płock Radziwie,14411.884677158736,216.17827015738104,1295.5431455682028,283.47761935416065,15.940320838088738,299.41794019224943
City:Gąsawa,Gąsawa,City,17.75,52.76667,Biskupin,3412.307807598074,51.1846171139711,1553.6186865771497,396.1855562183954,5.143385013616526,401.32894123201197
City:Gębice,Gębice,City,18.039722,52.598889,Gębice,330.4233392347626,4.956350088521438,1471.642012775058,387.40869727314407,1.8588595001647636,389.26755677330885
City:Głogów (Małopolski),Głogów (Małopolski),City,21.962778,50.151111,Rzeszów,12993.571011905819,194.90356517858726,1227.962438279417,271.05217540097937,14.52200717283582,285.57418257381516
City:Głowno,Głowno,City,19.711667,51.964167,Stryków Przeładownia,9930.516350769654,148.9577452615448,1044.3496610898005,234.11154186617205,11.458952511699655,245.5704943778717
City:Głębokie,Głębokie,City,27.683333,55.133333,Głębokie,780.1528669023018,11.702293003534525,2182.812208311452,576.4292050598813,2.3085890278323027,578.7377940877136
City:Hajduki Wielkie,Hajduki Wielkie,City,18.937532,50.267178,Chorzów Batory,1343.358145354277,20.150372180314154,1161.0757908031142,299.9963651160415,2.871794306284278,302.8681594223258
City:Halicz,Halicz,City,24.729681,49.125022,Halicz,1361.991478884966,20.42987218327449,1583.4444858009801,413.2569657730078,2.8904276398149666,416.14739341282274
City:Horochów,Horochów,City,24.765,50.499444,Stojanów,15230.377499938115,228.45566249907174,1646.1074590942417,374.2512765386274,16.758813660868118,391.0100901994955
City:Horodenka,Horodenka,City,25.5,48.666667,Jasienów Polny,5872.918339549311,88.09377509323966,2064.1277089848577,524.0838167131743,7.401354500479313,531.4851712136536
City:Hrubieszów,Hrubieszów,City,23.891944,50.8025,Hrubieszów,1327.6574738819309,19.914862108228963,935.9583995461819,239.65306033144083,2.8560936348119323,242.50915396625274
City:Husiatyn,Husiatyn,City,26.166667,49.083333,Husiatyn,2782.143442636012,41.732151639540184,1999.2451441932565,519.1140307875039,4.310579603566013,523.4246103910699
City:Huta Laura,Huta Laura,City,19.027611,50.299389,Siemianowice Śląskie Wąskotorowe,405.0206843581979,6.075310265372968,1138.5304690869916,297.7235120693911,1.933456845288199,299.6569689146794
City:Indura,Indura,City,23.883333,53.460278,Kuźnica Białostocka,17003.41815310416,255.0512722965624,1267.8834800064756,265.6246868544168,18.53185431403416,284.156541168451
City:Inowrocław,Inowrocław,City,18.261111,52.795833,Inowrocław,1885.211108665781,28.27816662998671,1371.8010105560666,354.3600075724216,3.413647269595782,357.7736548420173
City:Iłża,Iłża,City,21.236944,51.162222,Starachowice,17572.51602525213,263.587740378782,765.9381714035997,128.64541011058282,19.10095218618213,147.74636229676494
City:Jagielnica (dziś Ukraina),Jagielnica (dziś Ukraina),City,25.733333,48.95,Biała Czortkowska,8162.6336679375645,122.43950501906346,2060.6276551648025,513.9285314080302,9.691069828867565,523.6196012368977
City:Janowiec (Wielkopolski),Janowiec (Wielkopolski),City,17.488056,52.756944,Janowiec Wielkopolski,53.93299717200048,0.8089949575800072,1546.874770645929,408.70902759529713,1.5823691581020016,410.29139675339917
City:Janów (dziś Iwano-Frankowe),Janów (dziś Iwano-Frankowe),City,23.730556,49.920833,Janów,0.0,0.0,1293.884933707666,341.04050166381376,1.528436160930001,342.5689378247438
City:Janów Lubelski,Janów Lubelski,City,22.410556,50.706667,Kraśnik,27438.265364956216,411.5739804743432,902.9044824105773,125.68839580514623,28.966701525886215,154.65509733103244
City:Janów Podlaski,Janów Podlaski,City,23.210556,52.195556,Janów Podlaski,1115.9470575368703,16.73920586305305,438.2528360070038,106.95420187421688,2.644383218466871,109.59858509268375
City:Jaraczew (Jaraczewo),Jaraczew (Jaraczewo),City,17.296167,51.970278,Książ Wielkopolski,10957.138379070815,164.35707568606222,1967.7151747937614,477.7491343794894,12.485574540000817,490.23470891949023
City:Jarocin,Jarocin,City,17.501111,51.973611,Jarocin,661.2692809170278,9.919039213755417,1546.9898894648218,406.2953892696262,2.1897054418470288,408.4850947114732
City:Jarosław (nad Sanem),Jarosław (nad Sanem),City,22.679722,50.018611,Jarosław,301.2560186813724,4.518840280220585,951.6628301269167,247.9983483944535,1.8296921796113734,249.82804057406486
City:Jaryczów Nowy,Jaryczów Nowy,City,24.303333,49.901944,Kurowice,17752.350954610392,266.2852643191559,1583.7147328120816,347.35828516452517,19.28078711554039,366.6390722800656
City:Jasło,Jasło,City,21.471389,49.747778,Jasło,1601.6027623570471,24.024041435355706,1242.3417526428489,320.7632969596008,3.1300389232870485,323.8933358828878
City:Jaworzno,Jaworzno,City,19.27,50.204444,Jaworzno Miasto,701.0105319008724,10.515157978513086,1075.402594697937,279.59283997196883,2.2294466928308734,281.8222866647997
City:Jaworów,Jaworów,City,23.385833,49.939722,Jaworów,2855.7690056671713,42.83653508500757,1425.4856392687893,364.85888740823816,4.384205166597172,369.2430925748353
City:Jazłowiec,Jazłowiec,City,25.45,48.95,Buczacz,13525.248862355571,202.87873293533355,2061.5208420049826,492.58367705261253,15.053685023285572,507.6373620758981
City:Jedwabne,Jedwabne,City,22.3025,53.286111,Łomża,20310.386784256418,304.6558017638462,1119.6349190385108,212.53410758762513,21.83882294518642,234.37293053281155
City:Jordanów,Jordanów,City,19.83,49.649167,Chabówka,9618.730995806616,144.28096493709924,1447.197338264335,343.4639379617318,11.147167156736618,354.6111051184684
City:Jutrosin,Jutrosin,City,17.169444,51.651389,Kobylin,8516.905134617646,127.75357701926468,1702.8305042968382,416.4936866050723,10.045341295547647,426.53902790061994
City:Jędrzejów,Jędrzejów,City,20.304167,50.639444,Jędrzejów Wąskotorowy,1308.7258750280587,19.630888125420878,725.6547995392447,179.89732180351734,3.681999852467079,183.57932165598442
City:Kalisz,Kalisz,City,18.089722,51.7625,Kalisz,2523.8006844887686,37.857010267331525,1381.0158230235236,354.2623258751682,4.05223684541877,358.31456272058693
City:Kalwaria Zebrzydowska,Kalwaria Zebrzydowska,City,19.676944,49.868056,Intersection:00067,589.7694606034391,8.846541909051586,1134.9894101768466,296.0297141041151,2.11820562153344,298.14791972564853
City:Kamieniec Litewski (dziś Białoruś),Kamieniec Litewski (dziś Białoruś),City,23.816667,52.4,Żabinka,25729.52810823611,385.9429216235416,970.5535103729753,150.7185524333548,27.25796426916611,177.9765167025209
City:Kamień Koszyrski,Kamień Koszyrski,City,24.966667,51.616667,Kamień Koszyrski,1219.2599264927155,18.28889889739073,1121.408727668239,289.8518651724344,2.7476960874227165,292.59956125985707
City:Kamień Pomorski (dziś Kamień Krajeński),Kamień Pomorski (dziś Kamień Krajeński),City,17.519444,53.533333,Sępólno Krajeńskie,8479.631002215556,127.19446503323334,1782.5137443184478,438.02538439378935,10.008067163145556,448.0334515569349
City:Kamionka Strumiłowa (Kamionka Bużańska),Kamionka Strumiłowa (Kamionka Bużańska),City,24.343278,50.109111,Sapieżanka,2914.0870224051,43.7113053360765,1390.5506418810755,355.2499330918315,4.4425231833351,359.6924562751666
City:Kartuzy,Kartuzy,City,18.201389,54.335,Kartuzy,275.5652632960246,4.133478949440369,1835.678716156509,485.3126831028202,1.8040014242260256,487.11668452704623
City:Karwina,Karwina,City,18.542778,49.854167,Intersection:00018,3012.742719964484,45.191140799467256,1411.1312480040574,360.37530655215505,4.541178880894485,364.91648543304956
City:Katowice,Katowice,City,19.023611,50.264167,Katowice Bogucice Wąskotorowe,2589.9637920973255,38.84945688145988,1187.4164643235513,302.04685811588473,4.1183999530273265,306.165258068912
City:Kazimierz Dolny,Kazimierz Dolny,City,21.945747,51.322069,Wilków Wąskotorowy,9907.925710284666,148.61888565426997,503.2771707995829,89.01468429958238,11.436361871214666,100.45104617079706
City:Kałusz,Kałusz,City,24.366667,49.016667,Stanisławów,28032.697767987407,420.4904665198111,2071.3541456494777,436.8297983520506,29.561133928917407,466.390932280968
City:Kałuszyn,Kałuszyn,City,21.811667,52.208333,Mińsk Mazowiecki,17982.57136864355,269.7385705296532,649.2228651175312,95.67633016667071,19.511007529573547,115.18733769624426
City:Kańczuga,Kańczuga,City,22.411667,49.983333,Kańczuga,158.8099489395149,2.382149234092723,936.7236908645389,244.56302478975977,1.687246109869516,246.25027089962927
City:Kcynia,Kcynia,City,17.486667,52.993611,Kcynia,210.63647329771737,3.1595470994657604,1563.153276536778,412.44636185126905,1.7390726342277185,414.1854344854967
City:Kielce,Kielce,City,20.633333,50.874167,Kielce,2781.5542050015983,41.723313075023974,611.316914364323,146.688994131552,4.3099903659316,150.99898449748358
City:Kleck,Kleck,City,26.633333,53.066667,Hancewicze,36792.363457973246,551.8854518695987,1971.3672784894625,374.74233459525357,38.32079961890325,413.06313421415683
City:Kleczew,Kleczew,City,18.176389,52.371111,Cegielnia,1927.8615722276757,28.917923583415135,1302.4378779001765,335.57589886058787,3.4562977331576765,339.03219659374554
City:Kleszczele,Kleszczele,City,23.325833,52.574167,Czeremcha,6551.695740886015,98.27543611329023,660.5358993643797,144.72126875796576,8.080131901816017,152.8014006597818
City:Knyszyn,Knyszyn,City,22.919444,53.3125,Białystok,24515.59353235732,367.7339029853598,1179.9006201906323,211.77944690233815,26.04402969328732,237.8234765956255
City:Kobryń,Kobryń,City,24.35,52.216667,Kobryń,832.6366879431718,12.489550319147575,681.1586687330579,173.2742578933227,2.3610728488731727,175.6353307421959
City:Kobylin,Kobylin,City,17.226681,51.71615,Kobylin,476.1098599535902,7.141647899303853,1582.2185751768775,416.4936866050723,2.0045460208835912,418.4982326259559
City:Kock,Kock,City,22.447983,51.641342,Lubartów,24458.970122729545,366.8845518409432,802.63048240224,110.77320248620471,25.987406283659546,136.76060876986426
City:Kolbuszowa,Kolbuszowa,City,21.775,50.244167,Dęba Rozalin,20673.12430132208,310.0968645198312,1103.8509410570935,206.83872165642214,22.20156046225208,229.0402821186742
City:Kolno,Kolno,City,21.933889,53.410556,Kolno,180.96759557690908,2.714513933653636,978.7697457667715,254.838604190664,1.937377455093931,256.7759816457579
City:Komarno (dziś Ukraina),Komarno (dziś Ukraina),City,23.693417,49.627028,Gródek Jagielloński,17848.157322629057,267.72235983943585,1554.0664094673825,339.01703110242244,19.376593483559056,358.39362458598146
City:Koniecpol,Koniecpol,City,19.688889,50.774167,Koniecpol,860.1073510543994,12.901610265815991,834.2328838218834,214.23860285646816,2.3885435119844005,216.62714636845257
City:Konin,Konin,City,18.261389,52.2275,Konin,792.7881533006695,11.891822299510041,1218.5350401333055,317.63064123765855,2.3212243142306708,319.9518655518892
City:Konstantynów (Łódzki),Konstantynów (Łódzki),City,19.326389,51.747222,Łódź Kaliska,7288.431433918981,109.3264715087847,1067.8865130380427,251.06165559594095,8.816867594848981,259.8785231907899
City:Kopanica,Kopanica,City,15.918056,52.095556,Wolsztyn,13550.194174114004,203.25291261171006,2014.2342132989183,479.79469346999105,15.078630335044005,494.87332380503506
City:Kopyczyńce,Kopyczyńce,City,25.9,49.1,Kopyczyńce,984.9090488260728,14.77363573239109,1891.6554654457514,497.4780020920084,2.513345209756074,499.99134730176445
City:Koronowo,Koronowo,City,17.937222,53.314444,Koronowo,45.2731195178725,0.6790967927680874,1646.790906580309,435.5547134119136,1.5737092804478736,437.1284226923615
City:Korzec,Korzec,City,27.160833,50.617222,Šhepetovka,47267.849209841486,709.0177381476223,2398.417576299981,447.17033435647306,48.79628537077149,495.96661972724456
City:Kostopol,Kostopol,City,26.443056,50.883333,Kostopol,1366.3824763166963,20.495737144750443,1527.0548534610368,398.108073997127,2.894818637246697,401.00289263437367
City:Kostrzyn,Kostrzyn,City,17.228156,52.397919,Swarzędz,10522.804551426996,157.84206827140494,1675.209415897492,401.0082827319234,12.051240712356998,413.0595234442804
City:Kosów Huculski,Kosów Huculski,City,25.0925,48.320833,Kołomyja,23874.71409594115,358.12071143911726,2195.647703428609,486.9177873027705,25.40315025687115,512.3209375596416
City:Kosów Poleski (dziś Białoruś),Kosów Poleski (dziś Białoruś),City,25.15,52.75,Kosów Poleski,12001.074155227996,180.01611232841995,1130.6885170134733,248.94513970941279,13.529510316157998,262.4746500255708
City:Kowal,Kowal,City,19.145,52.5325,Smólsk,13874.218717649039,208.11328076473558,1353.2453919108048,301.12516094311866,15.40265487857904,316.5278158216977
City:Kowalewo (Pomorskie),Kowalewo (Pomorskie),City,18.897222,53.154722,Kowalewo Pomorskie,50.38161911297719,0.7557242866946579,1314.6536994056303,346.41066777583796,1.5788177800429783,347.98948555588095
City:Kowel,Kowel,City,24.716667,51.233333,Kowel,2426.140115479261,36.39210173218892,955.4035533409128,240.44945063393098,3.9545762764092625,244.40402691034024
City:Kozienice,Kozienice,City,21.551111,51.585556,Kozienice,107.36438752832785,1.6104658129249176,198.40147621356172,46.65363224309428,1.635800548458329,48.289432791552606
City:Kozowa,Kozowa,City,25.154444,49.431667,Potutory,12953.464236070808,194.3019635410621,1725.8850370413538,404.8228358415017,14.481900397000809,419.3047362385025
City:Koło,Koło,City,18.647222,52.201944,Koło,767.8477803373769,11.517716705060653,1119.5152567335156,291.16071769322554,2.296283941267378,293.4570016344929
City:Kołomyja,Kołomyja,City,25.033333,48.516667,Kołomyja,2790.636757719749,41.859551365796236,1879.3865433552883,486.9177873027705,4.31907291864975,491.2368602214202
City:Końskie,Końskie,City,20.406111,51.188889,Końskie,1160.1580432526969,17.402370648790452,579.2841937789319,144.61966699217803,2.688594204182698,147.30826119636072
City:Kościan,Kościan,City,16.640278,52.081389,Kościan,300.70651779231866,4.51059776688478,1717.15471693347,453.40754976195706,1.8291426787223197,455.2366924406794
City:Kościerzyna,Kościerzyna,City,17.981111,54.121944,Kościerzyna,218.2475906957505,3.2737138604362572,1722.9616464720698,455.2976397030452,1.7466837516257514,457.044323454671
City:Koźmin (dziś Koźmin Wielkopolski),Koźmin (dziś Koźmin Wielkopolski),City,17.453889,51.8275,Koźmin Wielkopolski,217.30388751339774,3.259558312700966,1577.8008678095982,416.3499625005908,1.7457400484433987,418.0957025490342
City:Krakowiec,Krakowiec,City,23.15,49.95,Jaworów,18349.472670755782,275.24209006133674,1657.8911942451184,364.85888740823816,19.877908831685783,384.73679623992393
City:Kraków,Kraków,City,19.938333,50.061389,Kraków Płaszów,3926.610692761226,58.899160391418384,1078.9299867128968,267.5563161818534,5.455046853691226,273.01136303554466
City:Krasnystaw,Krasnystaw,City,23.169722,50.983889,Krasnystaw,1600.6698009042661,24.010047013563995,620.316944563374,153.8570619614558,3.129105961834267,156.98616792329005
City:Kraśnik,Kraśnik,City,22.220833,50.921389,Kraśnik,707.9731007528444,10.619596511292665,501.9500984475268,125.68839580514623,2.2364092616828457,127.92480506682907
City:Krobia,Krobia,City,16.983333,51.775,Krobia,1965.159425572542,29.47739138358813,1671.4446092364092,434.4425812427637,3.493595586502543,437.93617682926623
City:Krosno,Krosno,City,21.765833,49.682222,Krosno,1166.3931968078437,17.495897952117655,1309.6807338110884,340.5843087410806,2.6948293577378446,343.2791380988184
City:Krotoszyn,Krotoszyn,City,17.436944,51.695556,Krotoszyn,985.1363989254779,14.777045983882168,1537.2270473092092,402.3721281412195,2.5135725598554792,404.88570070107494
City:Krośniewice,Krośniewice,City,19.17,52.253611,Krośniewice,411.67670738900546,6.1751506108350815,979.7792461919978,255.09847676653547,1.9401128683190065,257.0385896348545
City:Kruszwica,Kruszwica,City,18.326389,52.674167,Kruszwica,66.09917286204602,0.9914875929306902,1393.7726776197705,367.5776637761255,1.5945353337920471,369.1721991099176
City:Krynica-Zdrój,Krynica-Zdrój,City,20.955,49.411667,Krynica,279.7992008824376,4.196988013236564,1449.658630952653,381.7135853076669,1.8082353618124387,383.5218206694794
City:Krynki,Krynki,City,23.772192,53.265278,Krynki,20251.89106466688,303.7783659700032,1283.4874203279212,256.73664070496477,21.78032722559688,278.51696793056163
City:Krzemieniec,Krzemieniec,City,25.7275,50.108056,Krzemieniec,1907.0206065117382,28.60530909767607,1719.456010857993,447.55964942460844,3.4354567674417393,450.99510619205023
City:Krzepice,Krzepice,City,18.731944,50.967222,Praszka,22176.170753527374,332.6425613029106,1922.5401607043277,420.47056695830355,23.704606914457376,444.175173872761
City:Krzeszowice,Krzeszowice,City,19.631944,50.135,Bolęcin,11189.659652880558,167.84489479320837,1274.6058626761724,290.8289041675187,12.71809581381056,303.54699998132924
City:Krzywiń,Krzywiń,City,16.82,51.963333,Krzywiń,66.17271923957304,0.9925907885935956,1812.5548132918384,479.9505741572941,1.5946088801695741,481.5451830374637
City:Królewska Huta,Królewska Huta,City,18.95,50.3,Chorzów Miasto,177.49403683173344,2.662410552476002,1135.1370753264266,297.7287461666002,1.7059301977617345,299.43467636436196
City:Książ (Wielkopolski),Książ (Wielkopolski),City,17.239358,52.060992,Książ Wielkopolski,151.87485379542608,2.2781228069313912,1805.6362219146306,477.7491343794894,1.6803110147254272,479.42944539421484
City:Kulików (rejon żółkiewski),Kulików (rejon żółkiewski),City,24.0779,49.979542,Żółkiew,11093.505427506652,166.40258141259977,1285.5786007564677,294.160276309528,12.621941588436654,306.78221789796464
City:Kutno,Kutno,City,19.364342,52.231061,Kutno,1138.9925090436404,17.084887635654603,942.5063098572265,242.16945941504528,2.667428669973641,244.83688808501893
City:Kuty,Kuty,City,25.167222,48.257222,Kołomyja,31832.68146972554,477.4902220458831,2315.017214035375,486.9177873027705,33.36111763065554,520.278904933426
City:Kórnik,Kórnik,City,17.090042,52.247122,Zaniemyśl,11348.124600591253,170.2218690088688,1866.4183072649366,448.9940887176349,12.876560761521255,461.8706494791562
City:Kępno,Kępno,City,17.986944,51.281111,Kępno,232.73436297053962,3.4910154445580943,1582.880549675756,417.65090280429484,1.7611705239005406,419.4120733281954
City:Kęty,Kęty,City,19.221944,49.883333,Bielsko Biała,14069.898966056282,211.04848449084423,1487.780031308423,336.4376761816404,15.598335126986283,352.03601130862666
City:Kłecko,Kłecko,City,17.430556,52.631667,Kłecko,700.5768514186954,10.50865277128043,1520.1044607351434,398.92291958922675,2.2290130123486964,401.1519326015754
City:Kłobuck,Kłobuck,City,18.937778,50.905,Częstochowa,16676.60723242053,250.14910848630794,1221.02215910569,254.36564636845762,18.20504339335053,272.5706897618081
City:Kłodawa,Kłodawa,City,18.913889,52.255278,Krzewata,3445.633636962175,51.68450455443262,1091.5080672863744,272.8673671186612,4.974069797892176,277.8414369165534
City:Lachowicze,Lachowicze,City,26.266667,53.033333,Intersection:00068,16795.18149557529,251.92772243362933,1500.1135815443922,328.77791664697816,18.323617656505288,347.10153430348345
City:Lanckorona,Lanckorona,City,19.715833,49.845,Kalwaria Zebrzydowska Lanckorona,3521.7818965111956,52.82672844766793,1183.4027929331235,297.2192884225207,5.050218057441197,302.26950647996193
City:Lesko,Lesko,City,22.328889,49.474444,Zagórz,6174.2702221562995,92.61405333234448,1431.0391104533994,352.9921014464066,7.7027063830863005,360.69480782949285
City:Leszno,Leszno,City,16.580556,51.845833,Leszno,1041.0576151753294,15.61586422762994,1770.081996802053,464.6297900263936,2.5694937761053307,467.19928380249894
City:Leżajsk,Leżajsk,City,22.419444,50.261111,Leżajsk,304.51363608048797,4.567704541207319,812.0562457034536,210.52413633079283,1.8329497970104889,212.3570861278033
City:Lida,Lida,City,25.3,53.883333,Lida,385.7206400888555,5.785809601332832,1334.9207292753772,350.4992478981253,1.9141568010188565,352.41340469914417
City:Lidzbark,Lidzbark,City,19.821111,53.260278,Lidzbark,313.33165289152186,4.699974793372828,1067.6502092283608,279.0730240256452,1.8417678138215228,280.9147918394667
City:Limanowa,Limanowa,City,20.425556,49.701667,Limanowa,572.092313199979,8.581384697999685,1398.6271556911474,366.8436596687514,2.1005284741299803,368.9441881428814
City:Lipiny,Lipiny,City,18.901944,50.305833,Intersection:00013,1030.294746265017,15.454421193975255,1159.6075531133033,300.8624681839431,2.558730907195018,303.42119909113813
City:Lipno,Lipno,City,19.180556,52.848611,Lipno,618.5724960991259,9.278587441486888,1102.8831370536755,287.2985985981941,2.1470086570291267,289.4456072552232
City:Lubaczów,Lubaczów,City,23.121944,50.159167,Lubaczów,196.70881661342398,2.9506322492013597,1144.8573708620793,300.2596859800458,1.725144977543425,301.9848309575892
City:Lubartów,Lubartów,City,22.608611,51.462222,Lubartów,1854.3090832691246,27.81463624903687,463.5605668103336,110.77320248620471,3.3827452441991253,114.15594773040382
City:Lubawa,Lubawa,City,19.751667,53.505,Lubawa,1162.1132711269554,17.43169906690433,1163.597110272032,301.4024297922995,2.6905494320569563,304.09297922435644
City:Lubień (Kujawski),Lubień (Kujawski),City,19.164722,52.404722,Ostrowy Wąskotorowe,11832.527112047856,177.48790668071783,1170.038369172051,260.1824185540979,13.360963272977857,273.5433818270758
City:Lublin,Lublin,City,22.566667,51.25,Lublin,3636.184805868481,54.542772088027206,397.5117605202015,85.87805634822351,5.164620966798482,91.04267731502199
City:Lubliniec,Lubliniec,City,18.679167,50.668056,Lubliniec,2805.9778079506336,42.0896671192595,1342.2563026972468,342.7260916656832,4.334413968880634,347.06050563456387
City:Luboml,Luboml,City,24.033333,51.216667,Luboml,765.0237488286965,11.475356232430446,754.0685905877845,193.11056233761005,2.2934599097586976,195.40402224736877
City:Lubraniec,Lubraniec,City,18.835556,52.541944,Jerzmanowo,7506.254913545538,112.59382370318306,1214.136807003221,289.42874497110034,9.034691074475539,298.46343604557586
City:Lwów,Lwów,City,24.031997,49.842,Lwów,29.609941596031025,0.44414912394046535,1207.3205769313895,317.69321924725557,1.558046102526032,319.2512653497816
City:Lwówek,Lwówek,City,16.181014,52.447911,Lwówek Wąskotorowy,704.9060653333835,10.573590980000752,1795.2316457663508,472.73128915326066,2.2333422262633844,474.964631379524
City:Maków Mazowiecki,Maków Mazowiecki,City,21.100556,52.865,Maków Mazowiecki,642.4247455943361,9.63637118391504,1019.7960940275191,264.8261854469834,2.1910806916109955,267.0172661385944
City:Maków Podhalański,Maków Podhalański,City,19.680833,49.730556,Sucha Beskidzka,6603.74207808007,99.05613117120105,1291.5433184738015,313.8321063784547,8.132178239010072,321.9642846174648
City:Margonin,Margonin,City,17.094797,52.973303,Chodzież,12657.841648834208,189.8676247325131,1900.949421511564,452.98832658796886,14.18627780976421,467.17460439773305
City:Miasteczko (Krajeńskie),Miasteczko (Krajeńskie),City,17.009444,53.095556,Białośliwie,7696.364361781223,115.44546542671834,1752.034000504594,432.9993013648201,9.224800522711224,442.22410188753133
City:Miasteczko (Śląskie),Miasteczko (Śląskie),City,18.939444,50.501667,Bibiela,3413.5593009818563,51.203389514727846,1266.3144826412088,319.9028544411957,4.941995461911857,324.84484990310756
City:Miechów,Miechów,City,20.0325,50.357778,Miechów,366.3756145097049,5.4956342176455735,847.3043559730402,219.7333847899543,1.894811775439706,221.628196565394
City:Miejska Górka,Miejska Górka,City,16.954444,51.655,Miejska Górka,842.3840712867535,12.635761069301303,1663.7859682236908,436.90668337201794,2.3708202322167544,439.27750360423465
City:Mielec,Mielec,City,21.433333,50.291667,Mielec,303.43711205210485,4.551556680781572,872.5189560098372,226.75262993888668,1.831873272982106,228.5845032118688
City:Mielnica Podolska,Mielnica Podolska,City,26.15,48.6,Iwanie Puste,5327.3541646754,79.910312470131,2267.3328763501277,546.9046853346296,15.278584634199905,562.1832699688294
City:Mielnik (nad Bugiem),Mielnik (nad Bugiem),City,23.045833,52.331111,Konstantynów,14026.635817923265,210.39953726884897,633.2483676012519,107.31248059145155,15.555071978853267,122.86755257030481
City:Mieścisko,Mieścisko,City,17.331667,52.743333,Janowiec Wielkopolski,10712.449690950238,160.68674536425357,1706.7525210526026,408.70902759529713,12.24088585188024,420.9499134471774
City:Mikołajów (dziś Ukraina),Mikołajów (dziś Ukraina),City,23.966667,49.516667,Chodorów,27969.837240651003,419.54755860976496,1824.0297673070256,370.717437119355,29.498273401581002,400.215710520936
City:Mikołów,Mikołów,City,18.903889,50.163611,Mikołajów,1056.4834695451832,15.847252043177747,1218.4946099902913,316.5584188347322,2.584919630475184,319.14333846520736
City:Mikstat,Mikstat,City,17.973056,51.531944,Namysłaki,7039.988027946402,105.59982041919604,1714.0772936843189,425.4561664450647,8.568424188876403,434.0245906339411
City:Mikulińce,Mikulińce,City,25.6,49.383333,Trembowla,11728.849424610635,175.93274136915952,1954.6115593868847,471.1268606203464,13.257285585540636,484.384146205887
City:Międzychód,Międzychód,City,15.89,52.601111,Międzychód,460.74770321078074,6.91121554816171,1852.9284449552433,489.19600100982365,1.9891838641407817,491.18518487396443
City:Międzyrzec (nad Krzną),Międzyrzec (nad Krzną),City,22.784836,51.985411,Radzyń Podlaski,19349.086409976142,290.2362961496421,526.3050224130801,57.19315266627929,20.87752257090614,78.07067523718544
City:Miłosław,Miłosław,City,17.489444,52.202778,Połażejewo,8617.871994383187,129.2680799157478,1802.2398741824923,442.7621425804998,10.14630815531319,452.908450735813
City:Mińsk Mazowiecki,Mińsk Mazowiecki,City,21.558333,52.180556,Mińsk Mazowiecki,625.0926062808136,9.376389094212204,388.86068368209027,95.67633016667071,2.1535287672108145,97.82985893388152
City:Mogielnica,Mogielnica,City,20.724167,51.693333,Mogielnica,1854.1213665341302,27.81182049801195,620.6185059030494,152.91783836927516,3.3825575274641313,156.3003958967393
City:Mogilno,Mogilno,City,17.950833,52.657778,Mogilno,71.039190771215,1.065587861568225,1435.2237334324527,378.6804801804442,1.5994753517012161,380.2799555321454
City:Monasterzyska,Monasterzyska,City,25.116667,49.066667,Buczacz,18808.547047305325,282.12820570957985,2140.770314779229,492.58367705261253,20.336983208235324,512.9206602608479
City:Mordy,Mordy,City,22.515278,52.211111,Siedlce,17491.90413441995,262.3785620162992,508.5576477039575,59.9060991117784,19.02034029534995,78.92643940712834
City:Mosina,Mosina,City,16.845,52.246667,Osowa Góra,1877.2036199286304,28.158054298929454,1655.8300159947682,430.6066875073068,3.405639780858632,434.01232728816547
City:Mosty Wielkie,Mosty Wielkie,City,24.145833,50.239167,Krystynopol,18475.63020108953,277.13445301634295,1494.3158565220906,320.4583877262991,20.00406636201953,340.4624540883186
City:Mołodeczno,Mołodeczno,City,26.8,54.3,Mołodeczno,2661.274122481499,39.91911183722248,1784.8656597478816,462.07536814161693,4.1897102834115,466.26507842502843
City:Mościska,Mościska,City,23.15,49.783333,Medyka,14886.732685406394,223.3009902810959,1321.4417136808818,288.5158052311993,16.415168846336393,304.93097407753567
City:Mrocza,Mrocza,City,17.606111,53.244444,Suchary,6685.058153430345,100.27587230145517,1640.946989151404,407.26146080699306,8.213494314360345,415.4749551213534
City:Mszczonów,Mszczonów,City,20.5125,51.974444,Żyrardów,9712.803500102913,145.6920525015437,783.2801924149192,164.9341953290125,11.241239661032914,176.17543499004543
City:Murowana Goślina,Murowana Goślina,City,17.008928,52.574172,Sława Wielkopolska,11649.25854438654,174.7388781657981,1755.811861544852,418.1026283256363,13.17769470531654,431.2803230309529
City:Muszyna,Muszyna,City,20.9,49.358333,Muszyna,337.3114737027871,5.059672105541806,1422.9817760428186,374.32380900875944,1.8657476346327881,376.1895566433922
City:Mysłowice,Mysłowice,City,19.136667,50.241389,Mysłowice,927.1282499169098,13.906923748753647,1103.5115653168539,286.225289939697,2.455564410846911,288.68085435054394
City:Myślenice,Myślenice,City,19.940556,49.833333,Skawina,17733.291182896744,265.99936774345116,1332.850268108469,280.1197027168699,19.261727343826745,299.38143006069663
City:Mława,Mława,City,20.3575,53.127222,Mława,855.229967927068,12.828449518906018,924.5802812928148,238.5014526449223,2.383666128857069,240.88511877377937
City:Nadwórna,Nadwórna,City,24.568333,48.634722,Delatyn,14462.678488649031,216.94017732973546,2045.0129357530018,484.3809012958332,15.991114649579032,500.3720159454123
City:Nakło (nad Notecią),Nakło (nad Notecią),City,17.599444,53.138889,Nakło nad Notecią,37.14428580722888,0.5571642871084332,1517.2652130180227,400.83137086171877,1.56558044673723,402.39695130845604
City:Narew,Narew,City,23.519167,52.913611,Hajnówka,20539.485450833377,308.09228176250065,974.7133223586667,172.7246903455613,22.067921611763378,194.79261195732468
City:Nasielsk,Nasielsk,City,20.804167,52.589722,Nasielsk,684.4431579977933,10.266647369966899,668.2599016183716,170.4095676755787,2.2128793189277944,172.6224469945065
City:Niemirów (dziś Ukraina),Niemirów (dziś Ukraina),City,23.44,50.103056,Jaworów,15864.365774488733,237.96548661733098,1620.6145908011126,364.85888740823816,17.392801935418735,382.2516893436569
City:Niepołomice,Niepołomice,City,20.217222,50.033889,Niepołomice,86.06228031234849,1.2909342046852275,1088.5352081184615,285.59192461912005,1.6144984412423495,287.20642306036234
City:Nieszawa,Nieszawa,City,18.901389,52.836667,Nieszawa Waganiec,4279.115938452637,64.18673907678956,1285.0279305429258,321.4404308290034,5.807552099382638,327.247982928386
City:Nieśwież,Nieśwież,City,26.666667,53.216667,Stołpce,30208.137681061013,453.1220652159152,1921.4035340328555,387.83690525146915,31.736573841991014,419.5734790934602
City:Nisko,Nisko,City,22.141667,50.519444,Rozwadów,10935.959716846091,164.03939575269135,801.8806731804506,165.00212056203878,12.464395877776093,177.46651643981488
City:Niżankowice (dziś Ukraina),Niżankowice (dziś Ukraina),City,22.805833,49.680278,Malhowice,2755.728592802988,41.33592889204481,1132.3675935400477,286.60820779947085,4.284164753732989,290.8923725532038
City:Nowa Wilejka,Nowa Wilejka,City,25.416667,54.7,Nowa Wilejka,1062.2547397833966,15.93382109675095,2139.7246486074296,563.7319165009555,2.5906909007133976,566.3226074016691
City:Nowe,Nowe,City,18.729167,53.646111,Świecie nad Wisłą,125.94897017052467,1.88923455255787,1509.7992616457473,398.47056838892934,1.6543851311005258,400.1249535200299
City:Nowe Miasto (nad Pilicą),Nowe Miasto (nad Pilicą),City,20.578889,51.616667,Nowe Miasto nad Pilicą,653.2867328774224,9.799300993161335,657.6574373809523,167.68997771631402,2.181722893807424,169.87170061012145
City:Nowe Miasto nad Wartą,Nowe Miasto nad Wartą,City,17.403611,52.088056,Mieszków,7721.985363501967,115.8297804525295,1973.1742192102395,492.23546885224226,9.250421524431967,501.48589037667426
City:Nowemiasto (Nowe Miasto Lubawskie),Nowemiasto (Nowe Miasto Lubawskie),City,19.587778,53.425556,Nowe Miasto Lubawskie,649.4427159430718,9.741640739146076,1161.1656673608106,302.8134915957368,2.177878876873073,304.9913704726099
City:Nowo-Święciany (Nowe Święciany),Nowo-Święciany (Nowe Święciany),City,26.0,55.166667,Święciany,550.9596227646152,8.26439434146923,1932.7260102221385,510.24524471356966,2.0793957836946166,512.3246404972642
City:Nowogród,Nowogród,City,21.880556,53.227778,Nowogród,61.18880441275768,0.9178320661913653,862.8146917281896,225.12370179489295,1.5896249653427588,226.7133267602357
City:Nowogródek,Nowogródek,City,25.816667,53.583333,Nowogródek,957.9687930663406,14.369531895995108,1509.9379610918527,392.5403640447739,3.1369744550410013,395.67733849981494
City:Nowy Dwór (Mazowiecki),Nowy Dwór (Mazowiecki),City,20.715833,52.430278,Nowy Dwór Mazowiecki,1193.4894218110712,17.90234132716607,605.4266876698018,151.50041072086404,2.7219255827410724,154.22233630360512
City:Nowy Dwór (nad Biebrzą),Nowy Dwór (nad Biebrzą),City,23.542778,53.6325,Bielany Białostockie,3285.169414151359,49.277541212270386,1186.9179151345913,299.11487812141286,4.81360557508136,303.92848369649425
City:Nowy Sącz,Nowy Sącz,City,20.695556,49.625,Nowy Sącz,2152.4457400745105,32.28668610111766,1333.9943541896318,343.1396020560081,3.6808819010045117,346.8204839570126
City:Nowy Targ,Nowy Targ,City,20.03,49.477778,Nowy Targ,451.5748429776901,6.773622644665351,1363.7786349981566,357.9777227671104,1.9800110039076912,359.9577337710181
City:Nowy Tomyśl,Nowy Tomyśl,City,16.121667,52.317222,Nowy Tomyśl,1651.1553601942455,24.767330402913682,1787.7587037997012,466.91739631372803,3.1795915211242463,470.09698783485226
City:Oborniki,Oborniki,City,16.814167,52.644722,Oborniki Wielkopolskie,297.4472819340429,4.461709229010643,1667.5348781582125,440.1060114482592,1.8258834428640438,441.9318948911233
City:Obrzycko,Obrzycko,City,16.529167,52.706389,Jaryszewo Obornickie,4552.048704670402,68.28073057005602,1790.1237275037138,455.87591529612155,6.080484865600403,461.956400161722
City:Odelsk,Odelsk,City,23.7625,53.405556,Kuźnica Białostocka,14242.955512619677,213.64433268929514,1226.4765403992085,265.6246868544168,15.77139167354968,281.39607852796644
City:Odolanów,Odolanów,City,17.673889,51.574444,Odolanów,36.19138470278737,0.5428707705418104,1468.3768374894082,387.7168255218192,1.5646275456327885,389.28145306745193
City:Olesko,Olesko,City,24.883333,49.95,Złoczów,16094.201547888715,241.41302321833072,1696.528899226299,384.30413784772827,17.622637708818715,401.926775556547
City:Olkusz,Olkusz,City,19.559722,50.279167,Olkusz,39.603891879844426,0.5940583781976663,941.8995345686081,246.4316805633502,1.5680400528098455,247.99972061616006
City:Opalenica,Opalenica,City,16.409444,52.309167,Opalenica,947.7235643768723,14.215853465653085,1710.4483438959458,449.0037627177186,2.4761597253068737,451.47992244302543
City:Opatów,Opatów,City,21.424722,50.805,Iwaniska,12604.742252219487,189.07113378329228,1191.7701905585857,259.50515247551164,14.978016229658508,274.48316870517016
City:Opoczno,Opoczno,City,20.286944,51.377222,Opoczno,448.51725130678903,6.727758769601835,653.0350025439272,167.27382153170072,1.97695341223679,169.25077494393753
City:Orłowa,Orłowa,City,18.418333,49.847222,Intersection:00019,5131.76130234852,76.97641953522779,1470.3533761750048,367.7375278172636,6.6601974632785215,374.3977252805421
City:Osieczna,Osieczna,City,16.676389,51.905833,Kąkolewo,5222.79182269819,78.34187734047285,1827.4317001424752,463.1871469041273,6.751227983628191,469.9383748877555
City:Ostroróg,Ostroróg,City,16.455278,52.626944,Binino,5182.879132335232,77.74318698502846,1809.9021830478246,458.644041729107,6.7113152932652325,465.35535702237223
City:Ostrowiec (Świętokrzyski),Ostrowiec (Świętokrzyski),City,21.386111,50.9325,Ostrowiec Świętokrzyski,2658.565750389461,39.87848625584191,643.5836090342349,155.84225239779215,4.187001911319462,160.02925430911162
City:Ostrołęka,Ostrołęka,City,21.5725,53.082778,Ostrołęka Północna Wąskotorowa,1275.648817700289,19.134732265504336,714.3098353754147,179.46910298326992,3.032058677217311,182.50116166048724
City:Ostrzeszów,Ostrzeszów,City,17.929722,51.425,Ostrzeszów,255.1055375129333,3.826583062693999,1520.8111268565528,400.9055637036089,1.7835416984429344,402.68910540205184
City:Ostróg,Ostróg,City,26.516667,50.333333,Mohylany,9520.85016450093,142.81275246751392,1669.618725763576,403.54098062003345,11.04928632543093,414.59026694546435
City:Ostrów (Lubelski),Ostrów (Lubelski),City,22.855,51.491111,Parczew,15074.441917644637,226.11662876466957,560.6457441963814,83.61335709309945,16.602878078574637,100.21623517167409
City:Ostrów Mazowiecka,Ostrów Mazowiecka,City,21.896111,52.800833,Ostrów Mazowiecka,3093.917371445436,46.40876057168154,593.0049250576405,140.51801525598907,4.622353532375437,145.14036878836453
City:Ostrów Wielkopolski,Ostrów Wielkopolski,City,17.807222,51.654722,Ostrów Wielkopolski,876.543568579168,13.14815352868752,1432.599559702748,374.7341717756296,2.404979729509169,377.1391515051387
City:Oszmiana,Oszmiana,City,25.933333,54.416667,Oszmiana,15953.435497448283,239.30153246172424,2191.087129094926,517.5771795488324,17.481871658378285,535.0590512072107
City:Ottynia,Ottynia,City,24.85,48.733333,Tłumacz,18681.807610378426,280.2271141556764,2028.5134307921483,462.9715394163767,20.210243771308427,483.18178318768514
City:Otwock,Otwock,City,21.265833,52.106111,Otwock,270.9549886352036,4.064324829528054,383.06079576103224,95.54543081887704,1.7993911495652046,97.34482196844223
City:Ozorków,Ozorków,City,19.288056,51.958333,Ozorków Wąskotorowy,2172.831471662598,32.59247207493897,1001.6022636551013,253.86567185960035,3.7012676325925984,257.56693949219294
City:Ołyka,Ołyka,City,25.816667,50.716667,Kiwierce,27423.93389356358,411.3590084034537,1584.8735973123203,308.74112580946934,28.952370054493578,337.69349586396294
City:Oświęcim,Oświęcim,City,19.220833,50.039167,Oświęcim,2877.398743950964,43.16098115926446,1211.029768923243,307.2261691689243,4.405834904880965,311.6320040738052
City:Pabianice,Pabianice,City,19.355556,51.664444,Pabianice,1892.7012442498103,28.390518663747155,1034.34512339579,263.77919672202154,3.4211374051798114,267.20033412720136
City:Pakość,Pakość,City,18.090278,52.807778,Inowrocław,10924.85162385243,163.87277435778645,1507.3956182838663,354.3600075724216,12.45328778478243,366.81329535720397
City:Parczew,Parczew,City,22.904056,51.641361,Parczew,2809.1429019027883,42.13714352854183,376.6662589602537,83.61335709309945,4.3375790628327895,87.95093615593224
City:Peczeniżyn,Peczeniżyn,City,24.879944,48.51575,Słoboda Rungurska Kopalnia,7662.419153728736,114.93628730593103,2028.838683743128,507.4118541629046,9.190855314658737,516.6027094775633
City:Pelplin,Pelplin,City,18.701111,53.926111,Morzeszczyn,9565.585524283944,143.48378286425915,1732.1661373445074,420.1444762377901,11.094021685213946,431.2384979230041
City:Piaseczno,Piaseczno,City,21.026389,52.075556,Piaseczno Miasto,620.2973861378232,9.304460792067347,561.942681157165,142.13930025022464,2.1487335470678244,144.28803379729246
City:Piaski,Piaski,City,17.074444,51.884722,Piaski Wielkopolskie,591.0041285573735,8.865061928360602,1685.2903102396888,443.68881941579644,2.1194402894873745,445.8082597052838
City:Pilzno,Pilzno,City,21.291389,49.978611,Dębica,11701.743664996879,175.52615497495316,1142.6189841274522,253.35128694151066,13.23017982592688,266.5814667674375
City:Piotrków (Trybunalski),Piotrków (Trybunalski),City,19.695556,51.406667,Piotrków Trybunalski,838.1223542641637,12.571835313962456,998.1786640879567,258.3192101732785,2.366558515194165,260.6857686884727
City:Piwniczna (Piwniczna-Zdrój),Piwniczna (Piwniczna-Zdrój),City,20.711389,49.435278,Muszyna,16076.529998234933,241.147949973524,1659.0700539108009,374.32380900875944,17.604966159164935,391.92877516792436
City:Pińczów,Pińczów,City,20.526111,50.520278,Pińczów,1116.0751091133393,16.741126636700088,811.2584184811901,203.6430455524128,3.4893490865523593,207.13239463896514
City:Pińsk,Pińsk,City,26.083333,52.116667,Pińsk,1440.20046734623,21.603007010193448,1141.5508168593317,294.3673734284422,2.968636628276231,297.33601005671835
City:Pleszew,Pleszew,City,17.785556,51.897222,Pleszew,143.08305302818368,2.146245795422755,1524.1410336306458,402.24997918804155,1.6715192139581847,403.9214984019997
City:Pniewy,Pniewy,City,16.256389,52.508889,Pniewy,18.965583335441128,0.2844837500316169,1746.3149645067135,462.36622345529975,1.5474017442654422,463.9136251995652
City:Pobiedziska,Pobiedziska,City,17.279444,52.48,Olekszyn,15956.23012979572,239.34345194693577,1775.746504128546,406.11619678765555,17.48466629072572,423.6008630783812
City:Podbrodzie,Podbrodzie,City,25.783333,54.983333,Podbrodzie,1826.8143678792728,27.40221551818909,1850.9836338864234,483.1757250477329,3.355250528809274,486.5309755765421
City:Poddębice,Poddębice,City,18.957222,51.893333,Poddębice,2311.26208533044,34.6689312799566,1240.4511935963812,317.3996181738306,3.839698246260441,321.2393164200911
City:Podgórz (dziś część Torunia),Podgórz (dziś część Torunia),City,18.5878,52.9877,Toruń,3044.145019019693,45.66217528529539,1309.4240657711737,332.9574850659675,4.572581179949694,337.53006624591717
City:Podhajce,Podhajce,City,25.134167,49.275,Podhajce,0.0,0.0,1597.2956562086617,422.455712201581,1.528436160930001,423.984148362511
City:Podwołoczyska,Podwołoczyska,City,26.116667,49.516667,Podwołoczyska,2570.7706063065257,38.56155909459788,1857.0476577493664,481.8084809246196,4.099206767236526,485.9076876918561
City:Pogorzela,Pogorzela,City,17.230556,51.822222,Kobylin,11376.595809692935,170.64893714539403,1745.7258644229676,416.4936866050723,12.905031970622936,429.3987185756952
City:Pomorzany (dziś Ukraina),Pomorzany (dziś Ukraina),City,24.935278,49.635278,Złoczów,19130.492511212968,286.9573876681945,1742.073263676163,384.30413784772827,20.658928672142967,404.96306651987123
City:Poniec,Poniec,City,16.808333,51.763889,Karzec,6808.7855618381245,102.13178342757186,1761.1277838228038,439.01197122497734,8.337221722768124,447.34919294774545
City:Postawy,Postawy,City,26.833333,55.116667,Postawy,1712.8222121423894,25.69233318213584,2156.120489138402,565.512932967188,3.2412583730723905,568.7541913402605
City:Powidz,Powidz,City,17.914722,52.412778,Powidz,154.32277842357047,2.314841676353557,1354.4990635442111,356.6841439867986,1.6827589393535716,358.3669029261522
City:Poznań,Poznań,City,16.934167,52.408333,Poznań (Dawny Dworzec),1301.319469169782,19.51979203754673,1577.3223238699074,411.8583904939402,2.829755630099783,414.68814612404003
City:Praszka,Praszka,City,18.450556,51.056111,Praszka,165.27611214909703,2.479141682236455,1592.3767410836535,420.47056695830355,1.693712273079098,422.16427923138264
City:Proszowice,Proszowice,City,20.288717,50.193139,Proszowice,223.7455239069922,3.3561828586048827,965.5710333716853,248.64189046181784,2.5970195013460127,251.23890996316388
City:Pruszków,Pruszków,City,20.805556,52.165556,Pruszków,552.611571805852,8.28917357708778,544.7228242661495,137.79107405382166,2.081047732735853,139.8721217865575
City:Prużana,Prużana,City,24.466667,52.55,Prużana,1223.056078308621,18.345841174629314,818.7661235077635,207.3889163822358,3.059211617146375,210.4481279993822
City:Przasnysz,Przasnysz,City,20.880556,53.019444,Przasnysz,1772.7367154882395,26.59105073232359,958.5625823933275,243.92707211462618,3.301172876418241,247.22824499104442
City:Przedbórz,Przedbórz,City,19.873889,51.087778,Sulejów Pilica,26354.876655803742,395.3231498370561,1446.9078501251774,276.0232723629026,27.883312816733742,303.90658517963635
City:Przedecz,Przedecz,City,18.896667,52.335556,Dzierzbice Kutnowskie,9279.426321666197,139.19139482499295,1157.3395991447308,267.05114594471974,10.807862482596198,277.8590084273159
City:Przemyśl,Przemyśl,City,22.774444,49.782222,Przemyśl,1023.894861396919,15.358422920953785,1070.4063493272301,276.95257137127425,2.55233102232692,279.5049023936011
City:Przemyślany,Przemyślany,City,24.556389,49.67,Wołków,6278.961403422619,94.18442105133929,1487.0220517855973,367.59280869928267,7.80739756435262,375.40020626363525
City:Przeworsk,Przeworsk,City,22.493611,50.058611,Przeworsk,720.4361056997561,10.806541585496342,907.7349960740605,234.5238464066881,2.2488722666297574,236.77271867331785
City:Pszczyna,Pszczyna,City,18.941667,49.978056,Pszczyna,884.8353499367713,13.272530249051568,1224.6092238252413,318.89005722853426,2.4132715108667724,321.303328739401
City:Puck,Puck,City,18.408611,54.717778,Puck,247.99723106509057,3.7199584659763585,2046.8689267029977,542.0930175958576,1.7764333919950916,543.8694509878528
City:Puławy,Puławy,City,21.969167,51.416389,Puławy,1570.221862664195,23.553327939962923,190.7369684568072,38.70898799094329,3.098658023594196,41.80764601453749
City:Pułtusk,Pułtusk,City,21.083889,52.705,Maków Mazowiecki,17486.684021817466,262.300260327262,1272.459983170866,264.8261854469834,19.035339967834126,283.8615254148175
City:Pyzdry,Pyzdry,City,17.69,52.170278,Pyzdry,217.45282036008777,3.2617923054013165,1463.318842374742,385.63001955419645,1.7458889812900888,387.37590853548653
City:Płock,Płock,City,19.7,52.547222,Płock,1612.8544380905278,24.192816571357916,1114.9893969251998,286.5451268472044,3.141290599020529,289.68641744622494
City:Płońsk,Płońsk,City,20.371111,52.623333,Płońsk,85.09878600928919,1.2764817901393377,771.9805936532715,200.65364780219727,1.6135349469392901,202.26718274913657
City:Raciąż,Raciąż,City,20.117778,52.781111,Płońsk,24551.40391354835,368.27105870322526,1138.9751705663575,200.65364780219727,26.07984007447835,226.7334878766756
City:Radom,Radom,City,21.156667,51.403611,Radom,1536.5774633342176,23.048661950013262,318.46744164778505,73.11875033782552,3.0650136242642185,76.18376396208974
City:Radomsko,Radomsko,City,19.443611,51.067222,Radomsko,75.60830313291852,1.1341245469937777,1109.0683106604845,291.14371772604346,1.6040444640629197,292.74776219010636
City:Radomyśl Wielki,Radomyśl Wielki,City,21.273333,50.194722,Mielec,15587.546299230498,233.81319448845747,1101.7805938175131,226.75262993888668,17.1159824601605,243.86861239904718
City:Radoszkowice (Radoszkowicze),Radoszkowice (Radoszkowicze),City,27.233333,54.15,Olechnowicze,8174.822362651762,122.62233543977642,1959.3955301812064,486.7155183745404,9.703258523581763,496.41877689812225
City:Radymno,Radymno,City,22.818056,49.951944,Munina,8140.274627884994,122.10411941827489,1388.6313226844118,333.6995106620036,9.668710788814995,343.36822145081857
City:Radziechów,Radziechów,City,24.633333,50.266667,Stojanów,12585.375081296555,188.78062621944835,1606.4324228146183,374.2512765386274,14.113811242226557,388.36508778085397
City:Radziejów,Radziejów,City,18.52824,52.62392,Radziejów Kujawski,1840.0617813199635,27.600926719799453,1282.5632170894353,330.5962590347758,3.368497942249965,333.96475697702584
City:Radziwiłłów,Radziwiłłów,City,25.264444,50.128611,Radziwiłłów,1098.6757152380121,16.48013572857018,1574.6022877066907,411.94415523305247,2.627111876168013,414.57126710922046
City:Radzymin,Radzymin,City,21.181111,52.418056,Radzymin,51.9032376548721,0.7785485648230814,550.4131497314434,140.44690224187943,1.8005696735547525,142.24747191543418
City:Radzyń (Podlaski),Radzyń (Podlaski),City,22.624167,51.782778,Radzyń Podlaski,5798.0611418894505,86.97091712834175,323.03964339177975,57.19315266627929,7.326497302819452,64.51964996909874
City:Radzyń Chełmiński,Radzyń Chełmiński,City,18.936389,53.385556,Mełno,5465.139878548339,81.97709817822508,1383.9799773607149,343.2188170328916,6.99357603947834,350.21239307237
City:Rajgród,Rajgród,City,22.700278,53.733611,Prostki,18061.647123323502,270.9247068498525,1377.7061373672154,290.83439497441583,19.590083284253502,310.4244782586693
City:Rakoniewice,Rakoniewice,City,16.273056,52.140833,Rakoniewice,173.96383296750665,2.6094574945125992,1771.4448614174573,468.48554450491366,1.7023999938975078,470.1879444988112
City:Raków (Mołodecki),Raków (Mołodecki),City,27.046917,53.966778,Olechnowicze,21014.51094337963,315.2176641506945,2151.9908588921244,486.7155183745404,22.54294710430963,509.25846547885004
City:Raszków,Raszków,City,17.726944,51.720833,Ostrów Wielkopolski,10075.957028050607,151.13935542075907,1570.5907615948195,374.7341717756296,11.604393188980609,386.33856496461016
City:Ratno (dziś Ukraina),Ratno (dziś Ukraina),City,24.533333,51.65,Krymno,16943.26940848527,254.14904112727902,1039.7995630051173,204.66426782281007,18.47170556941527,223.13597339222534
City:Rawa Mazowiecka,Rawa Mazowiecka,City,20.25,51.766667,Rawa Mazowiecka,306.7893623829394,4.601840435744091,916.4925381831241,238.53871501447043,1.8352255233129404,240.37394053778337
City:Rawa Ruska,Rawa Ruska,City,23.621139,50.233861,Rawa Ruska,411.05223081110796,6.165783462166619,1006.9486140249705,262.3914373199425,1.939488391741109,264.3309257116836
City:Rawicz,Rawicz,City,16.8575,51.609167,Rawicz,1233.1220284513722,18.496830426770583,1702.9815779946712,445.85145171631,2.761558189381373,448.6130099056914
City:Rogowo (nad jez. Rogowskim),Rogowo (nad jez. Rogowskim),City,17.650556,52.725,Rogowo,59.37987627788259,0.8906981441682388,1540.5567389130115,406.1761351854155,1.7904570822963344,407.9665922677118
City:Rogoźno,Rogoźno,City,16.999722,52.749167,Rogoźno,539.4523061114073,8.091784591671109,1681.0505434680824,442.75864475076065,2.067888467041408,444.8265332178021
City:Rohatyn,Rohatyn,City,24.620469,49.411472,Podwysokie,11962.817347606662,179.44226021409992,1711.1443933113035,404.8547835000064,13.491253508536664,418.3460370085431
City:Rokitno,Rokitno,City,27.210278,51.287222,Ostki,10997.63372625954,164.96450589389312,1779.5016677598373,427.0821828862851,12.526069887189543,439.60825277347465
City:Ropczyce,Ropczyce,City,21.609167,50.052778,Dębica,14622.476676238663,219.33715014357992,1186.429979296079,253.35128694151066,16.150912837168665,269.5021997786793
City:Rostarzewo,Rostarzewo,City,16.200556,52.1325,Rakoniewice,5076.169443952705,76.14254165929057,1844.9779455822354,468.48554450491366,6.604605604882706,475.09015010979635
City:Rozdół,Rozdół,City,24.062222,49.461944,Chodorów,19151.067109366257,287.26600664049386,1691.7482153377546,370.717437119355,20.679503270296255,391.39694038965126
City:Rozwadów (dziś część Stalowej-Woli),Rozwadów (dziś część Stalowej-Woli),City,22.041667,50.591111,Rozwadów,270.34023566797794,4.055103535019669,641.896380962779,165.00212056203878,1.7987763965979788,166.80089695863677
City:Rożniatów (dziś Ukraina),Rożniatów (dziś Ukraina),City,24.154722,48.936389,Dolina,13501.017079113508,202.5152561867026,1777.4253889641598,416.4489300808744,15.029453240043509,431.4783833209179
City:Rożyszcze,Rożyszcze,City,25.27,50.913056,Kiwierce,16903.035561444987,253.5455334216748,1427.0601223305416,308.74112580946934,18.431471722374987,327.1725975318443
City:Ruda Pabianicka,Ruda Pabianicka,City,19.434458,51.699747,Łódź Chojny,4540.628998921886,68.10943498382828,1007.6852575471714,245.96755684008716,6.069065159851887,252.03662199993903
City:Ruda Śląska,Ruda Śląska,City,18.853611,50.262778,Nowy Bytom,2818.0983214520056,42.27147482178008,1194.9298479273525,303.14470790225204,4.3465344823820065,307.49124238463406
City:Rudki (dziś Ukraina),Rudki (dziś Ukraina),City,23.486944,49.652778,Gródek Jagielloński,18639.92784911685,279.59891773675275,1565.9429673646996,339.01703110242244,20.16836401004685,359.18539511246934
City:Rudnik (nad Sanem),Rudnik (nad Sanem),City,22.248056,50.443056,Rozwadów,22303.65917768028,334.55488766520426,972.3961650929634,165.00212056203878,23.83209533861028,188.83421590064907
City:Rybnik,Rybnik,City,18.545,50.098611,Rybnik,1453.3669358423551,21.800504037635328,1280.5716608182536,331.6183048550559,2.981803096772356,334.6001079518282
City:Rychtal,Rychtal,City,17.846667,51.145833,Rychtal,169.23618984710538,2.5385428477065806,1648.1850415564181,435.4298549390944,1.6976723507771063,437.12752728987147
City:Rychwał,Rychwał,City,18.166944,52.071111,Zbiersk,13338.000361823042,200.07000542734562,1641.5066256120485,380.63353753515196,14.866436522753043,395.499974057905
City:Ryczywół,Ryczywół,City,16.829444,52.812778,Rogoźno Wielkopolskie,11563.16387500097,173.44745812501455,1848.3002554249758,443.26687839441314,13.091600035930972,456.3584784303441
City:Rydzyna,Rydzyna,City,16.666944,51.786944,Kąkolewo,8291.347954704255,124.37021932056382,1873.4600421225662,463.1871469041273,9.819784115634256,473.0069310197616
City:Rymanów,Rymanów,City,21.8675,49.576389,Krosno,14989.147313712745,224.83720970569118,1517.0220455646618,340.5843087410806,16.517583474642745,357.10189221572335
City:Rynarzewo,Rynarzewo,City,17.8175,53.063056,Szubin,7546.376105721321,113.19564158581981,1608.4658455342935,395.07888251176394,9.074812266651323,404.1536947784153
City:Rypin,Rypin,City,19.406944,53.066944,Rypin Wąskotorowy,529.5673926248973,7.943510889373458,1090.34122119362,284.2914300505629,2.058003553554898,286.3494336041178
City:Rzeszów,Rzeszów,City,22.004722,50.033611,Rzeszów,427.3559447038162,6.410339170557243,1039.469212271387,271.05217540097937,1.9557921056338172,273.00796750661317
City:Równe,Równe,City,26.25,50.616667,Równe,1427.4646273893584,21.411969410840374,1413.7448035090083,367.4573549352652,2.9559007883193593,370.41325572358454
City:Różan,Różan,City,21.396389,52.888889,Maków Mazowiecki,20687.508298366887,310.3126244755033,1320.4723473191075,264.8261854469834,22.23616424438355,287.06234969136693
City:Różana (dziś Białoruś),Różana (dziś Białoruś),City,24.9,52.866667,Kosów Poleski,32338.65273937698,485.0797910906547,1435.752195775708,248.94513970941279,33.86708890030698,282.8122286097198
City:Sambor,Sambor,City,23.205194,49.515806,Sambor,648.6044445707414,9.72906666856112,1264.6838774557575,330.59425201348785,2.1770406055007423,332.7712926189886
City:Sandomierz,Sandomierz,City,21.748889,50.682222,Sandomierz,2702.082212312125,40.53123318468188,762.1045493725991,187.47021762934784,4.230518373242126,191.70073600258996
City:Sanok,Sanok,City,22.205556,49.558333,Sanok,454.12166606998164,6.811824991049724,1369.8722658490356,359.602596082483,1.9825578269999828,361.585153909483
City:Sarnowa (dziś część Rawicza),Sarnowa (dziś część Rawicza),City,16.906667,51.631944,Miejska Górka,3631.1864535301415,54.467796802952115,1705.6180039573417,436.90668337201794,5.159622614460142,442.066305986478
City:Sarny,Sarny,City,26.6,51.366667,Sarny,3095.2000266811788,46.42800040021768,1460.9574564156842,373.41344848307364,4.623636187611179,378.0370846706848
City:Sassów,Sassów,City,24.948889,49.870833,Złoczów,8093.09388132473,121.39640821987095,1576.5122842278392,384.30413784772827,9.621530042254731,393.925667889983
City:Sejny,Sejny,City,23.348611,54.106667,Trakiszki,18441.199316904378,276.61798975356567,1781.9253198176311,397.7721780194476,19.969635477834377,417.741813497282
City:Serock,Serock,City,21.072222,52.513889,Zegrze,7446.145416701327,111.69218125051991,683.045568463494,147.16120335440482,8.974581577631328,156.13578493203616
City:Siedlce,Siedlce,City,22.275,52.166667,Siedlce,582.0580783797375,8.73087117569606,254.90995686335435,59.9060991117784,2.1104942393097383,62.01659335108814
City:Siemianowice Śląskie,Siemianowice Śląskie,City,19.030556,50.326944,Siemianowice Śląskie,1883.0686536304233,28.24602980445635,1136.5901414591021,291.25371441292003,3.4115048145604243,294.66521922748046
City:Siemiatycze,Siemiatycze,City,22.8625,52.427222,Siemiatycze,76.76337690870194,1.1514506536305291,433.6340348191789,109.89753787001224,1.605199537838703,111.50273740785094
City:Sieniawa,Sieniawa,City,22.61,50.178056,Przeworsk,15787.589283870193,236.81383925805287,1133.742293746617,234.5238464066881,17.316025444800193,251.8398718514883
City:Sieradz,Sieradz,City,18.730556,51.595278,Sieradz,1121.3665479994795,16.820498219992192,1183.5958446044087,306.9327623987417,2.6498027089294807,309.5825651076712
City:Sieraków,Sieraków,City,16.081389,52.648889,Chrzypsko,10200.282107810232,153.00423161715347,1934.7581904814947,471.95202341418826,11.728718268740232,483.68074168292844
City:Sierpc,Sierpc,City,19.668056,52.853056,Sierpc,447.63989502291804,6.71459842534377,981.2594124428298,255.3509028802822,1.976076055952919,257.32697893623515
City:Skalbmierz,Skalbmierz,City,20.399167,50.319444,Działoszyce,5856.526685952201,87.847900289283,1015.0066319124119,242.63563743779633,7.384962846882202,250.02060028467855
City:Skarszewy,Skarszewy,City,18.445833,54.067222,Skarszewy,504.36257422879765,7.565438613431964,1721.2307214762775,453.6815620204537,2.032798735158799,455.7143607556126
City:Skaryszew,Skaryszew,City,21.251944,51.310556,Radom,13447.50297978784,201.7125446968176,497.1313243945894,73.11875033782552,14.975939140717841,88.09468947854336
City:Skarżysko-Kamienna,Skarżysko-Kamienna,City,20.866944,51.116389,Skarżysko Kamienna,693.075629235199,10.396134438527984,454.22323754190273,112.9416504516623,2.2215117901652004,115.1631622418275
City:Skawina,Skawina,City,19.828333,49.975,Skawina,129.4534046279464,1.941801069419196,1068.792701434437,280.1197027168699,1.6578895655579475,281.7775922824278
City:Skała (Podolska),Skała (Podolska),City,26.15,48.85,Skała Podolska,3862.8147090679818,57.94222063601972,2196.9544776333314,533.9145863211093,13.814045178592487,547.7286314997017
City:Skałat,Skałat,City,25.966667,49.416667,Grzymałów,7641.162218259577,114.61743327389364,1928.0938618446246,480.4642194520696,9.169598379189578,489.63381783125914
City:Skidel,Skidel,City,24.251944,53.586111,Mosty,26049.24301287606,390.7386451931409,1455.639835344343,279.5965304761627,27.57767917380606,307.1742096499687
City:Skierniewice,Skierniewice,City,20.141667,51.952778,Skierniewice,1712.6713790951653,25.69007068642748,747.5389637309189,187.544164085862,3.2411075400251668,190.78527162588716
City:Skoczów,Skoczów,City,18.789722,49.803333,Skoczów,406.75863843626377,6.101379576543956,1337.7620668114712,351.1769955269623,1.9351947993662648,353.1121903263286
City:Skoki,Skoki,City,17.162222,52.673889,Skoki,631.4203456746895,9.471305185120343,1605.1874179748327,422.03186805082964,2.15985650660469,424.1917245574343
City:Skole,Skole,City,23.514306,49.038194,Truskawiec Zdrój,27139.64768297797,407.09471524466954,1809.4062884519726,370.1349832628831,28.668083843907972,398.80306710679105
City:Skórcz,Skórcz,City,18.526111,53.796667,Skórcz,263.52962639583257,3.952944395937488,1598.4314056741434,421.69976489524214,1.7919657873258337,423.49173068256795
City:Smorgonie,Smorgonie,City,26.4,54.483333,Smorgonie,1945.8591282154773,29.18788692323216,1906.519435736237,497.5986767170797,3.4742952891454784,501.0729720062252
City:Sochaczew,Sochaczew,City,20.241667,52.227778,Sochaczew,1370.6502933084435,20.559754399626648,696.9169908251253,175.33723622643228,2.8990864542384442,178.23632268067075
City:Sokal,Sokal,City,24.283333,50.483333,Sokal,645.8220769167388,9.68733115375108,1190.2231144356308,310.6251462995612,2.1742582378467397,312.7994045374079
City:Sokoły,Sokoły,City,22.699444,52.993056,Łapy,12365.238427593495,185.4785764139024,910.707555394448,188.4511538120365,13.893674588523496,202.34482840055998
City:Sokołów (dziś Sokołów Małopolski),Sokołów (dziś Sokołów Małopolski),City,22.120833,50.2325,Łańcut,18494.15250324872,277.4122875487308,1247.691870910503,254.20639932099894,20.02258866417872,274.22898798517764
City:Sokołów Podlaski,Sokołów Podlaski,City,22.249722,52.4075,Sokołów Podlaski,207.59216935543438,3.113882540331516,351.63941222731296,87.36906158493011,1.7360283302854354,89.10508991521554
City:Sokółka,Sokółka,City,23.5,53.406944,Sokółka,499.10627204193526,7.486594080629029,963.6076678287917,250.40719924134706,2.027542432971936,252.43474167431899
City:Solec Kujawski,Solec Kujawski,City,18.222222,53.080556,Czarnowo koło Torunia,2968.351940312421,44.52527910468631,1401.0360476735068,357.8451006848903,4.496788101242422,362.3418887861328
City:Sosnowiec,Sosnowiec,City,19.133333,50.283333,Sosnowiec Główny,763.6485478082446,11.454728217123668,1081.032189888701,280.8513300007966,2.292084708738246,283.1434147095349
City:Stanisławów (dziś Iwano-Frankiwsk),Stanisławów (dziś Iwano-Frankiwsk),City,24.7,48.916667,Stanisławów,1966.4439703240726,29.496659554861086,1680.3603386845275,436.8297983520506,3.4948801312540736,440.3246784833047
City:Stara Sól,Stara Sól,City,22.95,49.483333,Chyrów,8987.258435259973,134.8088765288996,1296.111714007339,305.4643058423047,10.515694596189975,315.98000043849464
City:Starogard (Gdański),Starogard (Gdański),City,18.525833,53.963056,Starogard Gdański,271.5828555808866,4.073742833713299,1669.4414246441393,440.7217057380545,1.8000190165108878,442.52172475456535
City:Starosielce,Starosielce,City,23.081111,53.123611,Białystok,3838.6133531394175,57.57920029709126,869.7459175023636,211.77944690233815,5.367049514069419,217.1464964164076
City:Stary Sambor,Stary Sambor,City,23.000611,49.440972,Strzyłki Topolnica,11615.837740297864,174.23756610446796,1522.9539667039003,355.7536119464378,13.144273901227866,368.89788584766563
City:Stary Sącz,Stary Sącz,City,20.636389,49.5625,Nowy Sącz,7779.935950802408,116.69903926203612,1418.4067073505503,343.1396020560081,9.308372111732409,352.4479741677405
City:Staszów ,Staszów ,City,21.166667,50.560556,Staszów Wąskotorowy,498.7289057203267,7.4809335858049,1018.710830490385,261.7942612435369,2.8720028831593467,264.6662641266962
City:Stawiski,Stawiski,City,22.154944,53.37975,Kolno,15280.508752155343,229.20763128233014,1205.262863115448,254.838604190664,17.036918611672366,271.8755228023364
City:Stawiszyn,Stawiszyn,City,18.111389,51.918333,Zbiersk,4086.9555565823857,61.30433334873578,1502.7409535334386,380.63353753515196,5.615391717512387,386.2489292526643
City:Stoczek (Łukowski),Stoczek (Łukowski),City,21.968333,51.963333,Łuków,29032.840504365253,435.49260756547875,585.6936349951694,34.15198681255708,30.561276665295253,64.71326347785234
City:Stolin,Stolin,City,26.85,51.883333,Horyń,5736.205639576074,86.04308459364111,1554.7933330323322,387.96269444997216,7.264641800506075,395.2273362504783
City:Stołpce,Stołpce,City,26.733333,53.483333,Stołpce,1660.4409079685856,24.906613619528784,1493.1880824364691,387.83690525146915,3.188877068898587,391.02578232036774
City:Strumień,Strumień,City,18.763611,49.916667,Chybie,4321.699625579818,64.82549438369726,1357.3579023493594,340.67757392304276,5.850135786509819,346.5277097095526
City:Stryj,Stryj,City,23.85,49.25,Stryj,1186.333123519158,17.79499685278737,1471.59751443562,383.95172000365017,2.7147692844491593,386.66648928809934
City:Stryków,Stryków,City,19.610833,51.901111,Stryków Przeładownia,1530.8228354371063,22.962342531556594,918.3542583598122,234.11154186617205,3.0592589963671073,237.17080086253915
City:Strzelno,Strzelno,City,18.173056,52.63,Strzelno,29.31085964937132,0.4396628947405698,1435.7358875123002,378.98586472463535,1.5577470205793724,380.54361174521466
City:Strzyżów,Strzyżów,City,21.791111,49.870833,Strzyżów,706.455782148956,10.59683673223434,1132.1917306569053,294.8093409887101,2.234891943078957,297.04423293178905
City:Stęszew,Stęszew,City,16.708056,52.278889,Osowa Góra,8169.038224043764,122.53557336065644,1750.207535056495,430.6066875073068,9.697474384973765,440.30416189228055
City:Sucha (Beskidzka),Sucha (Beskidzka),City,19.588611,49.740278,Sucha Beskidzka,154.0971063577798,2.311456595366697,1194.7986438979672,313.8321063784547,1.6825332672877809,315.5146396457424
City:Suchowola,Suchowola,City,23.101667,53.579444,Kamienna Nowa,16246.925813310107,243.70388719965158,1464.7859589482096,321.5050670381198,17.775361974240106,339.28042901235995
City:Sulejów,Sulejów,City,19.884722,51.352778,Sulejów Pilica,3355.5059906053775,50.33258985908066,1101.917290147202,276.0232723629026,4.883942151535379,280.907214514438
City:Sulmierzyce,Sulmierzyce,City,17.530833,51.605833,Sulmierzyce,219.40785618558297,3.2911178427837444,1697.0830431364097,442.53603932682773,3.1920274736502345,445.72806680047796
City:Supraśl,Supraśl,City,23.3375,53.211111,Białystok,15973.435437936703,239.60153156905054,1051.768248774323,211.77944690233815,17.501871598866703,229.28131850120485
City:Suraż,Suraż,City,22.956389,52.949722,Łapy,6631.792324047387,99.4768848607108,824.7058638412565,188.4511538120365,8.160228484977388,196.61138229701388
City:Suwałki,Suwałki,City,22.9325,54.101111,Suwałki,182.83982077600092,2.7425973116400137,1419.9056590980051,374.1201326982647,1.711275981706002,375.83140867997065
City:Swarzędz,Swarzędz,City,17.071389,52.408333,Swarzędz,493.80696982773725,7.407104547416058,1524.774452173503,401.0082827319234,2.0222431307577384,403.03052586268115
City:Szadek,Szadek,City,18.974167,51.691111,Intersection:00082,8302.07357777658,124.5311036666487,1220.1631457808487,287.84264241956697,9.830509738706581,297.6731521582736
City:Szamocin,Szamocin,City,17.120556,53.030278,Białośliwie,7514.091313537348,112.71136970306021,1749.2999047809358,432.9993013648201,9.042527474467349,442.04182883928746
City:Szamotuły,Szamotuły,City,16.578889,52.611111,Szamotuły,304.6654298740395,4.5699814481105925,1684.6576770686336,444.67157611043035,1.8331015908040407,446.5046777012344
City:Szczakowa,Szczakowa,City,19.296944,50.242778,Szczakowa,499.21012130226666,7.488151819533999,1054.306086928567,274.74419037318063,2.0276462822322676,276.77183665541287
City:Szczekociny,Szczekociny,City,19.825278,50.6275,Koniecpol,19237.19573475937,288.55793602139056,1109.8892095774581,214.23860285646816,20.76563189568937,235.00423475215754
City:Szczerzec,Szczerzec,City,23.853161,49.642997,Gródek Jagielloński,21680.497950662226,325.20746925993336,1611.55151888788,339.01703110242244,23.208934111592225,362.2259652140147
City:Szczuczyn (Białostocki),Szczuczyn (Białostocki),City,22.285,53.566111,Grajewo,14084.471775189133,211.26707662783699,1292.113834085425,283.87525770337623,15.612907936119134,299.4881656394954
City:Szczuczyn (Nowogródzki),Szczuczyn (Nowogródzki),City,24.75,53.6,Mosty,23569.50489406656,353.5425734109984,1418.4437635622005,279.5965304761627,25.097941054996557,304.69447153115925
City:Szereszów,Szereszów,City,24.216667,52.55,Prużana,17112.55819650735,256.6883729476102,1057.1086552807444,207.3889163822358,18.948713735345102,226.33763011758091
City:Szubin,Szubin,City,17.743611,53.011667,Szubin,23.96145425090021,0.35942181376350313,1495.629625762237,395.07888251176394,1.5523976151809014,396.63128012694483
City:Szydłowiec,Szydłowiec,City,20.857222,51.223889,Skarżysko Kamienna,12238.520926531091,183.57781389796637,627.4049170013411,112.9416504516623,13.766957087461092,126.70860753912339
City:Sądowa Wisznia,Sądowa Wisznia,City,23.37345,49.786764,Jaworów,19646.93607000835,294.7040410501252,1677.3531452339068,364.85888740823816,21.175372230938347,386.03425963917647
City:Sędziszów,Sędziszów,City,20.05,50.562778,Tunel,14971.604099125594,224.5740614868839,1033.067037678772,210.7936597304134,16.500040260055595,227.293699990469
City:Sępolno,Sępolno,City,16.030556,52.377222,Komorowo Wielkopolskie,9759.983676473332,146.39975514709997,1950.3888012419181,477.91843848769963,11.288419837403334,489.2068583251029
City:Słomniki,Słomniki,City,20.081667,50.240833,Kocmyrzów,12614.48252320942,189.2172378481413,1201.589363922655,262.1007594041358,14.987756500648441,277.08851590478423
City:Słonim,Słonim,City,25.316667,53.083333,Słonim,1058.2693706196208,15.874040559294311,1186.3656083899227,307.9299484868087,2.586705531549622,310.51665401835834
City:Słupca,Słupca,City,17.871111,52.287222,Słupca,1271.4787445249756,19.072181167874632,1329.8429256743511,345.5715275614947,2.7999149054549766,348.37144246694965
City:Tarnobrzeg,Tarnobrzeg,City,21.678611,50.572778,Tarnobrzeg,2649.350048432733,39.74025072649099,765.7918354797874,188.67188636105794,4.177786209362734,192.8496725704207
City:Tarnopol,Tarnopol,City,25.6,49.566667,Tarnopol,1329.493557145619,19.942403357184283,1688.3985689335875,441.550448881925,2.8579297180756202,444.40837860000056
City:Tarnowskie Góry,Tarnowskie Góry,City,18.855556,50.444444,Tarnowskie Góry Wąskotorowe,632.5225296991209,9.487837945486813,1185.0227208887381,309.28323804202915,2.160958690629122,311.44419673265827
City:Tarnów,Tarnów,City,20.985556,50.012222,Tarnów,1067.4139738150895,16.01120960722634,1099.625932682152,284.6179951440285,2.5958501347450906,287.2138452787736
City:Tczew,Tczew,City,18.777331,54.092192,Tczew,1595.62609065987,23.934391359898047,1718.3384317182986,448.51312861509433,3.124062251589871,451.6371908666842
City:Terespol,Terespol,City,23.611111,52.074167,Terespol,806.1244390057245,12.091866585085869,482.7572285332836,120.1432499083565,2.3345605999357257,122.47781050829221
City:Tomaszów Lubelski,Tomaszów Lubelski,City,23.419167,50.453056,Tomaszów Lubelski Wąskotorowy,845.817491207389,12.687262368110835,973.5580900906455,249.06945840942998,3.0232618877581574,252.09272029718815
City:Tomaszów Mazowiecki,Tomaszów Mazowiecki,City,20.008889,51.531389,Tomaszów Mazowiecki,2175.2307730020602,32.628461595030906,768.0794875553611,191.194069751612,3.7036669339320616,194.89773668554406
City:Toruń,Toruń,City,18.611111,53.022222,Toruń Mokre,1148.0023885411954,17.22003582811793,1271.8705698129825,330.51260440486215,2.6764385494711966,333.18904295433333
City:Trembowla,Trembowla,City,25.716667,49.3,Trembowla,1503.045533750798,22.54568300626197,1801.2245010239872,471.1268606203464,3.031481694680799,474.1583423150272
City:Troki,Troki,City,24.933333,54.633333,Troki,3774.4334980670715,56.616502471006065,1634.2078543855648,417.16839054932996,5.302869658997072,422.471260208327
City:Trzebinia,Trzebinia,City,19.470556,50.159722,Trzebinia,25.80070549593842,0.3870105824390763,1091.6231351114088,286.66307120086356,1.5542368664259396,288.21730806728954
City:Trzemeszno,Trzemeszno,City,17.822222,52.561111,Niechanowo,13610.838432842282,204.16257649263423,1619.444730675374,373.615422491292,15.139274593772283,388.7546970850643
City:Trzyniec,Trzyniec,City,18.672778,49.677778,Olza,3780.753513184853,56.711302697772794,1501.6307122842477,381.5680860246275,5.309189674114854,386.8772756987424
City:Tuchola,Tuchola,City,17.861167,53.58725,Tuchola,168.98596121739877,2.534789418260982,1580.825512007502,417.35605501370316,1.6974221221474,419.0534771358506
City:Tuchów,Tuchów,City,21.054167,49.895,Tarnów,13509.685453858163,202.64528180787244,1286.260004882798,284.6179951440285,15.038121614788164,299.65611675881667
City:Tuliszków,Tuliszków,City,18.293611,52.076389,Turek,16376.753541406626,245.65130312109937,1789.907332077493,408.2234122222223,17.905189702336624,426.12860192455895
City:Turek,Turek,City,18.485278,52.013333,Turek,1824.7526879150396,27.371290318725592,1571.6273192751194,408.2234122222223,3.3531888488450403,411.57660107106733
City:Turka,Turka,City,23.031389,49.153889,Turka,183.58394904077565,2.7537592356116343,1428.49079707528,376.4208162725678,1.7120201099707768,378.1328363825385
City:Tuszyn,Tuszyn,City,19.53,51.609167,Łódź Chojny,13423.87418257718,201.3581127386577,1140.933935302001,245.96755684008716,14.95231034350718,260.9198671835943
City:Tyczyn,Tyczyn,City,22.033056,49.965278,Rzeszów,8281.069657320473,124.2160448598071,1157.274917960637,271.05217540097937,9.809505818250475,280.8616812192298
City:Tykocin,Tykocin,City,22.770833,53.205556,Łapy,25157.06524990602,377.35597874859025,1102.584957729136,188.4511538120365,26.685501410836018,215.1366552228725
City:Tyśmienica,Tyśmienica,City,24.848056,48.901944,Chryplin,7882.913562465267,118.243703436979,1784.3381006458942,440.91670770331564,9.411349723395267,450.3280574267109
City:Tłumacz,Tłumacz,City,25.0,48.866667,Tłumacz,344.8888990123851,5.173333485185776,1753.4596501216577,462.9715394163767,1.873325059942386,464.84486447631906
City:Tłuste,Tłuste,City,25.715556,48.845,Biała Czortkowska,19811.844955670203,297.17767433505304,2235.365824480792,513.9285314080302,21.340281116600202,535.2688125246303
City:Uhnów,Uhnów,City,23.733333,50.366667,Uhnów,981.3035827942173,14.719553741913257,1046.2038419781375,270.62966179564364,2.5097397437242184,273.13940153936784
City:Ujście,Ujście,City,16.733056,53.0525,Ujście,1082.2227742391349,16.233341613587022,1926.4839298079858,506.4319522844205,2.610658935169136,509.0426112195896
City:Ulanów,Ulanów,City,22.265278,50.490278,Rozwadów,19686.21667863794,295.2932501795691,933.1345276073283,165.00212056203878,21.21465283956794,186.21677340160673
City:Uniejów,Uniejów,City,18.800278,51.97,Poddębice,13441.21163110717,201.6181744666075,1407.4004367830323,317.3996181738306,14.96964779203717,332.3692659658678
City:Ustrzyki Dolne,Ustrzyki Dolne,City,22.586667,49.429722,Ustrzyki Dolne,91.09067891484722,1.3663601837227082,1246.1443040835,327.863459398697,1.6195268398448484,329.48298623854186
City:Uście Solne,Uście Solne,City,20.513889,50.120556,Bochnia,16989.037202840304,254.83555804260453,1400.0606409691475,301.1501083708791,18.517473363770304,319.6675817346494
City:Uściług,Uściług,City,24.156944,50.86,Strzyżów Hrubieszowski,9111.563715587128,136.67345573380692,1090.0654043247728,249.6748839908326,10.639999876517129,260.31488386734975
City:Wadowice,Wadowice,City,19.494444,49.8825,Wadowice,173.09268536506684,2.5963902804760024,1177.0304565370695,308.9878522311094,1.701528846295068,310.6893810774045
City:Warka,Warka,City,21.186389,51.783333,Warka,285.5395108391482,4.283092662587222,452.370257278169,114.08476695743786,1.8139756717691493,115.89874262920702
City:Warszawa,Warszawa,City,21.008333,52.232222,Warszawa Śródmieście,309.18263281591436,4.6377394922387145,481.8450073385695,121.89866132435552,1.8376187937459154,123.73628011810143
City:Warta,Warta,City,18.625,51.708056,Sieradz,13732.511180134292,205.98766770201436,1372.7630140864308,306.9327623987417,15.260947341064293,322.193709739806
City:Wasilków,Wasilków,City,23.204444,53.2,Białystok,8628.560970346922,129.42841455520383,941.5951317604762,211.77944690233815,10.156997131276922,221.9364440336151
City:Wejherowo,Wejherowo,City,18.248889,54.604167,Wejherowo,1319.484832322156,19.79227248483234,2044.1118759105657,537.0404713714953,2.847920993252157,539.8883923647475
City:Wieleń nad Notecią,Wieleń nad Notecią,City,16.173611,52.892222,Drawski Młyn,6456.909058709289,96.85363588063933,1999.690362030851,504.4425659692304,7.9853452196392904,512.4279111888696
City:Wielichowo,Wielichowo,City,16.349444,52.118889,Wielichowo,197.09526914162376,2.9564290371243565,1787.6511231073239,472.741120694427,1.7255314300716247,474.4666521244987
City:Wieliczka,Wieliczka,City,20.061667,49.986111,Wieliczka,428.2148862483875,6.423223293725812,1060.3226875626156,276.6444006977421,1.9566510471783887,278.6010517449205
City:Wieluń,Wieluń,City,18.573889,51.2225,Wieluń,349.2750979714861,5.239126469572292,1519.7001546250713,400.2284203406488,1.877711258901487,402.1061315995504
City:Wieruszów,Wieruszów,City,18.151944,51.295278,Wieruszów,1479.9820349753406,22.19973052463011,1640.3211414158645,428.043956374738,3.0084181959053415,431.05237457064334
City:Wierzbnik (dziś Starachowice),Wierzbnik (dziś Starachowice),City,21.083611,51.041111,Starachowice,2076.380110884827,31.145701663272405,533.49613268809,128.64541011058282,3.604816271814828,132.25022638239764
City:Wilamowice,Wilamowice,City,19.151944,49.916389,Czechowice Dziedzice,10555.329467498384,158.32994201247575,1398.2562928714706,326.561615266087,12.083765628428386,338.64538089451537
City:Wilejka,Wilejka,City,26.916667,54.483333,Mołodeczno,20231.526957095863,303.4729043564379,2048.419452267097,462.07536814161693,21.759963118025862,483.83533125964277
City:Wilno,Wilno,City,25.283333,54.683333,Wilno,414.1951708443707,6.21292756266556,1664.1499530535384,438.7278129589742,1.9426313317743718,440.67044429074855
City:Winniki,Winniki,City,24.129722,49.815556,Intersection:00049,6088.973669129986,91.33460503694978,1305.6522791042044,319.6899536603034,7.617409830059987,327.30736349036334
City:Witkowo,Witkowo,City,17.774167,52.438889,Arcugowo,5873.510224902679,88.10265337354016,1512.0527281419995,375.9413145151267,7.40194638583268,383.34326090095936
City:Więcbork,Więcbork,City,17.483333,53.35,Więcbork,391.5614710438883,5.873422065658324,1615.5884527649346,425.7882443565626,1.9199976319738894,427.70824198853643
City:Wiśnicz Nowy,Wiśnicz Nowy,City,20.460833,49.914722,Bochnia,7254.40615240952,108.81609228614279,1254.0411752126856,301.1501083708791,8.78284231333952,309.9329506842186
City:Wodzisław,Wodzisław,City,20.190556,50.52,Jędrzejów,15059.48628938941,225.89229434084112,919.2436385070297,179.89732180351734,16.587922450319407,196.48524425383675
City:Wojnicz,Wojnicz,City,20.839444,49.957778,Tarnów,11082.835616943032,166.24253425414548,1249.8572573290712,284.6179951440285,12.611271777873032,297.22926692190157
City:Wolbrom,Wolbrom,City,19.759444,50.385556,Charsznica,13048.074840242998,195.72112260364494,1024.5243523884653,216.24357777785025,14.576511001173,230.82008877902325
City:Wolsztyn,Wolsztyn,City,16.116944,52.114167,Wolsztyn,451.34028458016974,6.7701042687025454,1817.7514049559109,479.79469346999105,1.9797764455101707,481.7744699155012
City:Wołkowysk,Wołkowysk,City,24.466667,53.166667,Wołkowysk,607.9088498503739,9.118632747755608,962.7252157750299,249.7324775645754,2.136345010780375,251.86882257535575
City:Wołomin,Wołomin,City,21.241944,52.346667,Wołomin,416.2824534141623,6.244236801212435,538.7014379933397,136.7240601054776,1.9447186143441633,138.66877871982177
City:Wołożyn,Wołożyn,City,26.526861,54.089889,Mołodeczno,31631.452637713763,474.47178956570644,2219.4183374763657,462.07536814161693,33.15988879864376,495.2352569402607
City:Woźniki,Woźniki,City,19.060556,50.586667,Woźniki Śląskie,86.33118984368329,1.2949678476552493,1292.678155225621,340.36919973201077,1.6147673507736842,341.98396708278443
City:Wronki,Wronki,City,16.378611,52.707778,Wronki,386.6305783781186,5.7994586756717785,1752.4114986586737,462.52227518102893,1.9150667393081195,464.4373419203371
City:Września,Września,City,17.56525,52.325111,Września,4.861744861585436,0.07292617292378153,1388.469281797678,366.4010665448991,1.5332979057915865,367.9343644506907
City:Wyrzysk,Wyrzysk,City,17.266944,53.153611,Nieżychowo Zakłady Przemysłowe,7529.804935388257,112.94707403082386,1750.403331838532,433.23214029732515,9.058241096318257,442.2903813936434
City:Wysoka,Wysoka,City,17.079722,53.181667,Wysoka Wąskotorowa,345.58327519630626,5.183749127944593,1669.5252234014308,440.4463400489756,1.8740194361263072,442.3203594851019
City:Wysokie Litewskie,Wysokie Litewskie,City,23.366667,52.366667,Czeremcha,16838.4088572487,252.57613285873052,814.83659610982,144.72126875796576,18.3668450181787,163.08811377614447
City:Wysokie Mazowieckie,Wysokie Mazowieckie,City,22.514444,52.916667,Łapy,26110.05857252425,391.65087858786376,1116.8798575684095,188.4511538120365,27.638494733454248,216.08964854549075
City:Wyszków,Wyszków,City,21.459167,52.593056,Wyszków,1286.9075642715804,19.303613464073706,579.8321118824183,144.25652486117923,2.8153437252015814,147.07186858638082
City:Wyszogród,Wyszogród,City,20.190833,52.388889,Wyszogród,66.03780965660553,0.9905671448490829,761.7660724535806,197.9894717100998,1.5944739705866067,199.58394568068638
City:Wyśmierzyce,Wyśmierzyce,City,20.813333,51.625,Mogielnica,10351.931602305654,155.2789740345848,748.0856594396223,152.91783836927516,11.880367763235656,164.79820613251078
City:Wąbrzeźno,Wąbrzeźno,City,18.945833,53.279722,Wąbrzeźno Miasto,633.7421664960114,9.50613249744017,1329.9484267513878,348.1667267437328,2.1621783274260125,350.32890507115883
City:Wągrowiec,Wągrowiec,City,17.206944,52.806944,Wągrowiec,676.7758366474275,10.151637549711412,1622.5863803993398,426.5180337835738,2.2052119975774285,428.7232457811512
City:Węgrów,Węgrów,City,22.016389,52.399167,Sokołów Podlaski,16105.189726016075,241.5778458902411,590.1033755772226,87.36906158493011,17.633625886946078,105.00268747187619
City:Władysławów,Władysławów,City,18.4725,52.103056,Turek,10026.195878365077,150.39293817547613,1694.6489671318698,408.2234122222223,11.554632039295079,419.77804426151744
City:Włocławek,Włocławek,City,19.068611,52.660833,Włocławek,231.17529864641338,3.4676294796962006,1146.3910232172084,300.5324884384893,1.7596114595764145,302.29209989806566
City:Włodawa,Włodawa,City,23.547778,51.544722,Włodawa,1355.4608950705215,20.331913426057824,744.0039097033681,188.03336345333503,2.8838970560005226,190.91726050933556
City:Włodzimierz (dziś Ukraina),Włodzimierz (dziś Ukraina),City,24.318056,50.846944,Włodzimierz Wołyński,1312.4343897993829,19.68651584699074,1049.1612009463208,270.0904182872437,2.840870550729384,272.9312888379731
City:Włoszczowa,Włoszczowa,City,19.966944,50.854167,Włoszczowa,233.27727361133867,3.4991591041700802,741.8741289583446,191.97866136312692,1.7617134345413397,193.74037479766824
City:Zabłotów,Zabłotów,City,25.284722,48.475278,Kołomyja,17861.556799100574,267.9233519865086,2105.4503439760006,486.9177873027705,19.389992960030572,506.30778026280103
City:Zabłudów,Zabłudów,City,23.335278,53.015278,Białystok,18842.665256737975,282.6399788510696,1094.806696056342,211.77944690233815,20.371101417667976,232.15054832000612
City:Zagórów,Zagórów,City,17.891667,52.165556,Słupca,13739.40615977007,206.09109239655103,1516.8618369030276,345.5715275614947,15.26784232070007,360.8393698821947
City:Zakopane,Zakopane,City,19.951944,49.299444,Zakopane,809.4833789246123,12.142250683869184,1446.2587343434398,378.6693009009083,2.3379195398546133,381.0072204407629
City:Zakroczym,Zakroczym,City,20.611944,52.433333,Nowy Dwór Mazowiecki,8128.364766659223,121.92547149988835,709.4498178425241,151.50041072086404,9.656800927589224,161.15721164845326
City:Zaleszczyki,Zaleszczyki,City,25.736673,48.647842,Zaleszczyki,303.85708411395507,4.557856261709326,2037.6806726090447,539.4026668387918,1.8322932450439562,541.2349600838357
City:Zambrów,Zambrów,City,22.241111,52.985556,Czerwony Bór,10425.974734990563,156.38962102485846,951.1096496932652,207.09791881161257,11.954410895920564,219.05232970753312
City:Zamość,Zamość,City,23.258611,50.720556,Zamość,102.75999024705908,1.5413998537058862,740.7901605111815,192.2131285620127,1.63119615117706,193.84432471318976
City:Zaniemyśl,Zaniemyśl,City,17.164167,52.156111,Zaniemyśl,191.78330531977556,2.876749579796633,1699.0731878358645,448.9940887176349,1.7202194662497765,450.71430818388467
City:Zator,Zator,City,19.438056,49.996389,Spytkowice,5074.9150116609535,76.1237251749143,1228.3188875328945,303.02041301831474,6.603351172590955,309.6237641909057
City:Zawichost,Zawichost,City,21.856389,50.806667,Sandomierz,17509.111173428504,262.6366676014275,984.2099837893447,187.47021762934784,19.037547334358504,206.50776496370634
City:Zawiercie,Zawiercie,City,19.416389,50.4875,Zawiercie,4410.729732343426,66.16094598515139,1180.4541067165692,292.85004258185387,5.939165893273427,298.7892084751273
City:Załoźce,Załoźce,City,25.378889,49.795,Tarnopol,30745.485151299323,461.1822772694898,2129.638442845893,441.550448881925,32.27392131222932,473.82437019415426
City:Zbaraż,Zbaraż,City,25.766667,49.666667,Zbaraż,987.403919891017,14.811058798365254,1749.3066738423702,459.2710344890648,2.515840080821018,461.78687456988575
City:Zborów,Zborów,City,25.15,49.65,Złoczów,25050.196359958863,375.75294539938295,1830.8688214073513,384.30413784772827,26.578632520888863,410.8827703686171
City:Zbąszyń,Zbąszyń,City,15.917778,52.253056,Zbąszyń,392.78291414191517,5.8917437121287275,1827.3007995727867,482.5928077748666,1.9212190750719162,484.51402684993855
City:Zdołbunów,Zdołbunów,City,26.259722,50.509444,Zdołbunów,2742.928791710344,41.143931875655156,1472.7891815597604,378.006186450825,4.271364952640345,382.27755140346534
City:Zduny,Zduny,City,17.377778,51.646389,Krotoszyn,6942.2767292932285,104.13415093939842,1626.5841522647256,402.3721281412195,8.47071289022323,410.84284103144273
City:Zduńska Wola,Zduńska Wola,City,18.939167,51.606111,Zduńska Wola,784.0822619115899,11.761233928673848,1118.4673373656585,290.8141822078475,2.312518422841591,293.12670063068913
City:Zdzięcioł,Zdzięcioł,City,25.4,53.45,Nowojelnia,12499.192454099264,187.48788681148895,1587.3371133015319,369.47425356041833,14.027628615029265,383.5018821754476
City:Zgierz,Zgierz,City,19.406111,51.855,Zgierz,1475.5733285593606,22.13359992839041,956.1266869421142,244.4695228009394,3.004009489489362,247.47353229042875
City:Zwoleń,Zwoleń,City,21.583889,51.356944,Bąkowiec,20334.163600364725,305.0124540054709,448.89552910005716,32.45666960263739,21.862599761294724,54.31926936393212
City:Złoczew,Złoczew,City,18.607222,51.414722,Sieradz,21726.69422152873,325.90041332293094,1492.6757597073474,306.9327623987417,23.25513038245873,330.18789278120045
City:Złoczów,Złoczów,City,24.897778,49.808056,Złoczów,279.0018985823624,4.185028478735436,1459.3009044867038,384.30413784772827,1.8074380595123634,386.11157590724065
City:Łabiszyn,Łabiszyn,City,17.919444,52.953056,Barcin,11310.818911840637,169.66228367760957,1595.4216482778547,376.42680728665596,12.839255072770639,389.2660623594266
City:Łapy,Łapy,City,22.885278,52.991111,Łapy,178.068008145067,2.671020122176005,727.8999991027217,188.4511538120365,1.7065041690750682,190.15765798111158
City:Łasin,Łasin,City,19.086667,53.519444,Łasin,33.49972994622988,0.5024959491934482,1472.0699657481803,388.7186488483183,1.561935890876231,390.2805847391945
City:Łask,Łask,City,19.1325,51.589722,Zduńska Wola Karsznice,9547.206709106717,143.20810063660073,1250.6293961941162,291.00609209352336,11.075642870036718,302.08173496356005
City:Łańcut,Łańcut,City,22.229722,50.068056,Łańcut,1513.9584240306053,22.70937636045908,992.9889597222312,254.20639932099894,3.042394584960606,257.24879390595953
City:Łobżenica,Łobżenica,City,17.255681,53.262492,Łobżenica,760.4593390483503,11.406890085725255,1634.2935318733719,429.3226266652753,2.2888954999783513,431.61152216525363
City:Łohiszyn,Łohiszyn,City,25.983333,52.333333,Rzeczki,14845.719962831354,222.6857994424703,1423.0744429250724,315.5899081189577,16.464198939777255,332.0541070587349
City:Łomża,Łomża,City,22.073056,53.176389,Łomża,1549.0235779869085,23.235353669803626,838.2144709444683,212.53410758762513,3.077459738916909,215.61156732654206
City:Łopatyn,Łopatyn,City,24.833333,50.216667,Stojanów,21498.661708239335,322.47992562359,1740.13172221876,374.2512765386274,23.027097869169335,397.2783744077967
City:Łosice,Łosice,City,22.718889,52.2125,Konstantynów,25108.040577798663,376.62060866697993,799.4694389993829,107.31248059145155,26.636476738728664,133.9489573301802
City:Łowicz,Łowicz,City,19.945833,52.106111,Łowicz,590.7992791028848,8.861989186543273,771.8747225809983,198.58979457976892,2.119235440032886,200.70903001980182
City:Łuck,Łuck,City,25.316667,50.75,Łuck,598.606302951316,8.97909454426974,1236.336888103136,323.1890523905526,2.127042463881317,325.3160948544339
City:Łuków,Łuków,City,22.383333,51.927222,Łuków,1656.5689089323773,24.84853363398566,175.04956106367632,34.15198681255708,3.185005069862378,37.33699188241946
City:Łuniniec,Łuniniec,City,26.8,52.25,Łuniniec,552.6282046166849,8.289423069250272,1313.9547735885842,344.2015801749447,2.0810643655466863,346.2826445404914
City:Łódź,Łódź,City,19.454722,51.776667,Łódź Fabryczna,1295.6950184884442,19.43542527732666,956.5887052897787,245.3175079222647,2.8241311794184454,248.14163910168313
City:Łęczna,Łęczna,City,22.879167,51.301667,Lublin,24480.652975083805,367.20979462625706,710.1787830584313,85.87805634822351,26.009089136013806,111.88714548423732
City:Łęczyca,Łęczyca,City,19.198333,52.059167,Łęczyca Wąskotorowa,429.2915492258178,6.439373238387266,1015.8186927282302,264.69816184869796,1.9577277101558188,266.6558895588538
City:Ślesin,Ślesin,City,18.306389,52.370278,Ślesin,67.93167024989309,1.0189750537483964,1240.171537175041,326.3539819548037,1.5963678311798941,327.9503497859836
City:Śmigiel,Śmigiel,City,16.518611,52.009167,Śmigiel,706.4590467412005,10.596885701118007,1777.023889054886,467.8392903521845,2.234895207671202,470.0741855598557
City:Śniatyn,Śniatyn,City,25.566667,48.45,Śniatyn,1129.122797132027,16.936841956980405,1994.1388373716272,524.397246555187,2.6575589580620282,527.054805513249
City:Śrem,Śrem,City,17.014722,52.088611,Śrem,103.72731708103655,1.5559097562155482,1746.6270375292258,462.1087970713479,1.6321634780110377,463.74096054935893
City:Środa (Wielkopolska),Środa (Wielkopolska),City,17.266389,52.231944,Środa Wielkopolska Miasto,1438.7459548845602,21.5811893232684,1676.9694121955818,438.0438842563275,2.9671821158145613,441.01106637214207
City:Świecie,Świecie,City,18.445833,53.408333,Terespol Pomorski,6121.54276985575,91.82314154783624,1556.9403378428087,386.98782545807444,7.649978930785751,394.63780438886016
City:Świsłocz (Swisłocz),Świsłocz (Swisłocz),City,24.1,53.033333,Andrzejewicze,16021.526182234198,240.32289273351296,1148.8796522294056,237.64410825032127,17.5499623431642,255.19407059348546
City:Święciany,Święciany,City,26.166667,55.133333,Święciany,11528.056189438348,172.9208428415752,2097.3824587222443,510.24524471356966,13.05649235036835,523.301737063938
City:Święciechowa,Święciechowa,City,16.494444,51.855,Leszno,4981.3401470463905,74.72010220569585,1829.1862347801189,464.6297900263936,6.5097763079763915,471.13956633437
City:Świętochłowice,Świętochłowice,City,18.917778,50.291944,Świętochłowice,340.39886393270166,5.105982958990524,1154.4239813121542,302.2483740103558,1.8688350248627028,304.11720903521854
City:Żabno,Żabno,City,20.885278,50.132778,Dąbrowa Tarnowska,7632.950017596678,114.49425026395016,1266.2750457397212,302.9092245715887,9.161386178526678,312.07061075011535
City:Żelechów,Żelechów,City,21.895833,51.809722,Garwolin,25707.63482339772,385.6145223509658,650.2296324514937,64.85309899589839,27.236070984327718,92.08916998022612
City:Żerków,Żerków,City,17.562778,52.068333,Komorze,7536.671383374177,113.05007075061265,1765.7219273150354,437.3149926303768,9.065107544304178,446.380100174681
City:Żnin,Żnin,City,17.719514,52.84942,Żnin,950.3140983516486,14.254711475274727,1491.9803239325713,390.37108379496476,2.4787502592816497,392.8498340542464
City:Żory,Żory,City,18.694722,50.045556,Żory,27.61194036661123,0.4141791054991684,1231.9941661722341,324.3220076484973,1.5560481012966123,325.8780557497939
City:Żurawno,Żurawno,City,24.285278,49.258056,Chodorów,15940.95243241811,239.11428648627165,1643.5964951835322,370.717437119355,17.46938859334811,388.1868257127031
City:Żuromin,Żuromin,City,19.909167,53.066667,Lidzbark,22572.807951517632,338.5921192727645,1401.5423537077525,279.0730240256452,24.10124411244763,303.1742681380928
City:Żychlin,Żychlin,City,19.623611,52.245278,Kutno,18875.10051557293,283.12650773359394,1208.5479299551657,242.16945941504528,20.403536676502927,262.5729960915482
City:Żydaczów,Żydaczów,City,24.136131,49.388629,Chodorów,12610.807896068298,189.16211844102446,1593.644327138285,370.717437119355,14.1392440569983,384.8566811763533
City:Żyrardów,Żyrardów,City,20.444444,52.054167,Żyrardów,373.320123145372,5.59980184718058,643.1879417605561,164.9341953290125,1.901756284075373,166.8359516130879
City:Żywiec,Żywiec,City,19.205833,49.689167,Żywiec,201.35876994265956,3.020381549139893,1301.8532289776142,342.3681918455641,1.7297949308726606,344.0979867764368
City:Żółkiew,Żółkiew,City,23.970556,50.055833,Żółkiew,743.5878766231713,11.153818149347568,1130.3298374932156,294.160276309528,2.272024037553172,296.43230034708114
District:AUGUSTOWSKI,AUGUSTOWSKI,District,23.22865540813367,53.81364224699804,Augustów,14034.858908748656,210.52288363122983,1521.46561068445,345.61767621153746,15.563295069678658,361.1809712812161
District:BARANOWICKI,BARANOWICKI,District,25.978468356816123,53.046140732720666,Intersection:00068,6717.8281772388755,100.76742265858313,1348.9532817693462,328.77791664697816,8.246264338168876,337.0241809851471
District:BIALSKI (BIAŁA KRAKOWSKA),BIALSKI (BIAŁA KRAKOWSKA),District,19.172154128341838,49.886507761480125,Bielsko Biała,11129.105454611894,166.93658181917843,1443.6681286367573,336.4376761816404,12.657541615541895,349.09521779718233
District:BIALSKI (BIAŁA PODLASKA),BIALSKI (BIAŁA PODLASKA),District,23.26688339213837,52.033842314080765,Biała Podlaska,9271.037606783977,139.06556410175966,482.6486940996762,86.04285100169771,10.799473767713978,96.84232476941169
District:BIAŁOSTOCKI,BIAŁOSTOCKI,District,23.06163935732533,53.21697085686152,Białystok,10429.764521302379,156.44646781953568,968.613185024808,211.77944690233815,11.95820068223238,223.73764758457054
District:BIELSKI (BIELSK PODLASKI),BIELSKI (BIELSK PODLASKI),District,23.245814359732556,52.67186772983291,Bielsk Podlaski,10806.199692490713,162.09299538736067,834.0728523323166,174.16263939915328,12.334635853420714,186.49727525257398
District:BIELSKO,BIELSKO,District,18.916111955721075,49.85251491544909,Chybie,8775.183313744756,131.62774970617133,1424.1601576718333,340.67757392304276,10.303619474674758,350.9811933977175
District:BIŁGORAJSKI,BIŁGORAJSKI,District,22.705922928335106,50.480582522912016,Biłgoraj,8138.171012976911,122.07256519465365,952.6891981664261,216.7301742996824,9.666607173906913,226.3967814735893
District:BOCHEŃSKI,BOCHEŃSKI,District,20.399214339421313,49.96641750189948,Bochnia,2637.6337083257986,39.56450562488698,1184.78958855143,301.1501083708791,4.1660698692558,305.3161782401349
District:BORSZCZOWSKI,BORSZCZOWSKI,District,26.097778363462783,48.737064594379476,Iwanie Puste,11459.235411964277,171.88853117946417,2359.311095059461,546.9046853346296,21.41046588148878,568.3151512161184
District:BRASŁAWSKI,BRASŁAWSKI,District,27.12055672552235,55.57345647829401,Brasław,8978.496363346752,134.67744545020128,2406.20211556061,603.3738309318829,10.506932524276754,613.8807634561597
District:BRODNICKI,BRODNICKI,District,19.386088726876114,53.2811872167861,Brodnica,2322.258322463822,34.83387483695733,1198.8262043379857,306.1859862016994,3.850694483393823,310.03668068509324
District:BRODZKI,BRODZKI,District,25.127216209297945,50.045525006414636,Brody,3323.9091685554445,49.85863752833166,1570.939998761918,402.0048763832691,4.852345329485446,406.8572217127545
District:BRZESKI (BRZESKO),BRZESKI (BRZESKO),District,20.707104488584214,49.97053406112783,Tarnów,19616.150380787378,294.2422557118106,1377.8569787867364,284.6179951440285,21.144586541717377,305.76258168574583
District:BRZESKI (BRZEŚĆ N.BUG.),BRZESKI (BRZEŚĆ N.BUG.),District,23.754214494278663,52.09935890786457,Brześć nad Bugiem,5052.804379865769,75.79206569798653,564.351585063905,124.94484881544489,6.58124054079577,131.52608935624065
District:BRZEZIŃSKI,BRZEZIŃSKI,District,19.76754799769774,51.77282727604474,Koluszki,4696.326469694637,70.44489704541955,914.545014787006,220.34824271291575,6.224762630624638,226.5730053435404
District:BRZEŻAŃSKI,BRZEŻAŃSKI,District,25.018365923978735,49.47754458210276,Potutory,9097.862181065364,136.46793271598045,1668.051006216272,404.8228358415017,10.626298341995366,415.44913418349705
District:BRZOZOWSKI,BRZOZOWSKI,District,22.10576712421249,49.738702737051476,Dynów,12181.923873261065,182.72885809891596,1204.5428249844272,268.03479223320227,13.710360034191066,281.7451522673933
District:BUCZACKI,BUCZACKI,District,25.29420589265632,49.03294710006161,Buczacz,6599.170766572216,98.98756149858325,1957.6296705682323,492.58367705261253,8.127606927502217,500.71128398011473
District:BYDGOSKI,BYDGOSKI,District,17.968047697395406,53.198018375612946,Smukała,1702.698055888698,25.54047083833047,1648.8960503083613,429.44845827671514,3.2311342168186994,432.67959249353385
District:BÓBRECKI,BÓBRECKI,District,24.279653297032855,49.55407887743734,Chodorów,17205.604979961514,258.08407469942273,1662.5662833966833,370.717437119355,18.734041140891513,389.4514782602465
District:BĘDZIŃSKI,BĘDZIŃSKI,District,19.268608476526385,50.48105138681295,Poręba,4583.074372293104,68.74611558439656,1220.8188104332587,302.98755090336806,6.111510533223105,309.09906143659117
District:BŁOŃSKI,BŁOŃSKI,District,20.58513880393809,52.08311018077956,Grodzisk Mazowiecki,3877.425954719475,58.16138932079212,645.6974421534354,151.50355196234938,5.405862115649477,156.90941407799886
District:CHEŁMIŃSKI,CHEŁMIŃSKI,District,18.50000218765717,53.28778403987596,Starogród,6771.039217951695,101.56558826927542,1510.6406533587333,371.9498535845947,8.299475378881697,380.24932896347633
District:CHEŁMSKI,CHEŁMSKI,District,23.427709407003867,51.16091804325924,Chełm,5176.509686023572,77.64764529035357,675.7252022889797,154.33218891355477,6.7049458469535725,161.03713476050834
District:CHODZIESKI,CHODZIESKI,District,16.950048129567424,53.00057984481426,Chodzież,2826.0782137898323,42.39117320684748,1753.4729699858983,452.98832658796886,4.354514374719834,457.3428409626887
District:CHOJNICKI,CHOJNICKI,District,17.643955343361657,53.84726978812529,Chojnice,18315.564557043755,274.7334683556563,1934.2193240157321,439.14341572104377,19.844000717973756,458.9874164390175
District:CHORZÓW,CHORZÓW,District,18.970752538834084,50.30327636600458,Intersection:00027,1499.6454236703153,22.49468135505473,1140.5884623963718,293.86987569834355,3.028081584600316,296.8979572829439
District:CHRZANOWSKI,CHRZANOWSKI,District,19.444963557586384,50.13782384239535,Bolęcin,2836.1867462644545,42.54280119396682,1149.3037690769308,290.8289041675187,4.364622907194455,295.1935270747132
District:CIECHANOWSKI,CIECHANOWSKI,District,20.62597888885373,52.87785619018451,Ciechanów,2451.2321180946496,36.768481771419744,829.980988764159,206.69340049530848,3.9796682790246503,210.67306877433313
District:CIESZYŃSKI,CIESZYŃSKI,District,18.80411395283851,49.72351544036561,Ustroń,1607.6988878860386,24.115483318290575,1409.6842521993242,365.6423307686675,3.1361350488160395,368.7784658174835
District:CZARNKOWSKI,CZARNKOWSKI,District,16.420917577505513,52.84831345843544,Bzowo Goraj,4381.768938192445,65.72653407288666,1871.2252040144879,478.32352088658655,5.910205099122446,484.233725985709
District:CZORTKOWSKI,CZORTKOWSKI,District,25.739775739022118,48.992127486515024,Biała Czortkowska,3654.7964672801995,54.82194700920299,1993.0100971549423,513.9285314080302,5.183232628210201,519.1117640362404
District:CZĘSTOCHOWSKI,CZĘSTOCHOWSKI,District,19.050227897684163,50.854459547034246,Częstochowa,7042.974154798905,105.64461232198356,1076.5176629413656,254.36564636845762,8.571410315728906,262.93705668418653
District:DOBROMILSKI,DOBROMILSKI,District,22.630716199008177,49.597244462231274,Krościenko,13500.411186426827,202.5061677964024,1417.7532511928382,319.93934516363373,15.028847347356828,334.9681925109906
District:DOLIŃSKI,DOLIŃSKI,District,23.895981581960026,48.8556818354018,Wygoda,8933.067540628139,133.99601310942208,1736.4168968399206,423.83098158660715,10.46150370155814,434.2924852881653
District:DROHICKI,DROHICKI,District,25.30015934301235,52.17127212793092,Drohiczyn,17003.540622708766,255.0531093406315,1104.936261339041,221.90002357183005,18.531976783638765,240.4320003554688
District:DROHOBYCKI,DROHOBYCKI,District,23.495125471014866,49.328169731799406,Drohobycz,4617.221274808245,69.25831912212367,1439.764542523785,361.6005477317026,6.145657435738246,367.7462051674408
District:DUBIEŃSKI,DUBIEŃSKI,District,25.562161761965307,50.39318187259028,Kamienica Wołyńska,10861.406357701944,162.92109536552917,1758.2440781643854,421.9263781699498,12.389842518631946,434.3162206885818
District:DZIAŁDOWSKI,DZIAŁDOWSKI,District,19.996477512074044,53.27781290512936,Turza Wielka,6572.249235675397,98.58373853513096,1214.161060239841,255.92235192966544,17.360877656652235,273.28322958631765
District:DZIŚNIEŃSKI,DZIŚNIEŃSKI,District,27.863234203974756,55.22556652923922,Głębokie,15996.294118905282,239.94441178357923,2411.054327091497,576.4292050598813,17.524730279835282,593.9539353397166
District:DĄBROWSKI,DĄBROWSKI,District,20.969787937800778,50.221291592355726,Dąbrowa Tarnowska,5749.611311472076,86.24416967208113,1238.0249651478523,302.9092245715887,7.2780474724020765,310.1872720439908
District:GARWOLIŃSKI,GARWOLIŃSKI,District,21.694321831868766,51.79495101102994,Garwolin,15318.060194592324,229.77090291888487,494.38601301941276,64.85309899589839,16.846496355522326,81.69959535142073
District:GNIEŹNIEŃSKI,GNIEŹNIEŃSKI,District,17.58824710398628,52.52551780898481,Gniezno Wąskotorowe,645.2382434724515,9.678573652086772,1456.284848250997,382.0207281362977,2.1736744044024525,384.1944025407001
District:GORLICKI,GORLICKI,District,21.166068494191816,49.618087630119504,Gorlice,5369.121637214842,80.53682455822262,1340.5610762555593,331.95455199104214,6.8975577981448435,338.85210978918695
District:GOSTYNIŃSKI,GOSTYNIŃSKI,District,19.610566646796958,52.41986844200871,Gostynin,10027.809271783577,150.41713907675364,1162.5616320455802,265.44015006555856,11.556245432713578,276.99639549827214
District:GOSTYŃSKI,GOSTYŃSKI,District,17.041213580177423,51.82607958104316,Domachowo,1027.1407644237524,15.407111466356287,1689.4752795222762,443.05633621392855,2.555576925353754,445.61191313928225
District:GRODZIEŃSKI,GRODZIEŃSKI,District,24.133408593047555,53.61995047734397,Grodno,21004.99894596005,315.0749841894007,1413.6126100679382,288.622307396331,22.53343510689005,311.155742503221
District:GRUDZIĄDZKI,GRUDZIĄDZKI,District,18.963014701753632,53.479536231235606,Mełno,5282.4452471266795,79.2366787069002,1381.23955788939,343.2188170328916,6.810881408056681,350.02969844094827
District:GRÓDECKI,GRÓDECKI,District,23.687876437619696,49.86369325047553,Janów,7056.717673765272,105.85076510647906,1399.735698814145,341.04050166381376,8.585153834695273,349.62565549850905
District:GRÓJECKI,GRÓJECKI,District,20.927988049298964,51.853378793690084,Grójec,4380.322633950622,65.70483950925933,584.8259733337063,133.14554869515007,5.908758794880623,139.05430749003068
District:HOROCHOWSKI,HOROCHOWSKI,District,24.78597451440032,50.58642577485252,Sienkiewiczówka,18346.632723440336,275.19949085160505,1578.7589414303116,343.63649702420963,19.875068884370336,363.51156590858
District:HORODEŃSKI,HORODEŃSKI,District,25.38166799440437,48.72537061256319,Jasienów Polny,16566.129284578386,248.49193926867576,2224.525873160294,524.0838167131743,18.094565445508387,542.1783821586827
District:HRUBIESZOWSKI,HRUBIESZOWSKI,District,23.810557322237962,50.80306423209969,Gozdów,3340.305556553352,50.104583348300274,939.749989499108,232.5695617693902,4.868741717483353,237.43830348687354
District:INOWROCŁAWSKI,INOWROCŁAWSKI,District,18.32450379574016,52.86561524139834,Inowrocław,10746.183093781578,161.19274640672364,1504.7155903328035,354.3600075724216,12.27461925471158,366.6346268271331
District:IWACEWICKI,IWACEWICKI,District,25.389356943021323,52.628200273853274,Iwacewicze Wąskie Osobowe,9422.940667136234,141.3441100070435,1132.6100245083478,259.4753091756428,11.041419644082135,270.5167288197249
District:IŁŻECKI,IŁŻECKI,District,21.38450787195395,51.120980227344354,Ostrowiec Świętokrzyski,19092.284546743183,286.3842682011478,890.0893909795407,155.84225239779215,20.620720707673183,176.46297310546532
District:JANOWSKI,JANOWSKI,District,22.227833931587966,50.84004979127024,Kraśnik,9442.367637012218,141.63551455518325,632.9660164914173,125.68839580514623,10.970803797942219,136.65919960308844
District:JAROCIŃSKI,JAROCIŃSKI,District,17.617907512166557,51.95946590569567,Twardów,1313.1568528212308,19.69735279231846,1594.5848664971415,416.44286062971753,2.8415930137512317,419.28445364346874
District:JAROSŁAWSKI,JAROSŁAWSKI,District,22.71955461036186,50.058585026593946,Jarosław,5541.535294176757,83.12302941265135,1030.2670192593473,247.9983483944535,7.069971455106758,255.06831984956025
District:JASIELSKI,JASIELSKI,District,21.424970448655362,49.72511959747054,Jasło,5510.114085979407,82.6517112896911,1300.9694224971843,320.7632969596008,7.038550246909408,327.8018472065102
District:JAWOROWSKI,JAWOROWSKI,District,23.332101138857873,49.965904590290485,Jaworów,5246.447671284789,78.69671506927183,1461.3458192530536,364.85888740823816,6.77488383221479,371.633771240453
District:JĘDRZEJOWSKI,JĘDRZEJOWSKI,District,20.257507407644656,50.65034668596931,Jędrzejów,1432.5993093913632,21.488989640870447,714.8403338070591,179.89732180351734,2.9610354703213644,182.85835727383872
District:KALISKI,KALISKI,District,18.212829689824545,51.78444393004567,Opatówek,5007.23464785146,75.1085197177719,1518.2781051491881,381.09854987635333,6.535670808781461,387.63422068513484
District:KAMIONECKI,KAMIONECKI,District,24.476425801732592,50.07299618195215,Sapieżanka,10228.304262787431,153.42456394181144,1500.2639004868104,355.2499330918315,11.756740423717432,367.0066735155489
District:KARTUSKI,KARTUSKI,District,18.054548692021978,54.300561521022345,Somonino,9805.779824486006,147.08669736729007,1955.8001585108375,479.1861565257754,11.334215985416007,490.5203725111914
District:KATOWICE,KATOWICE,District,19.003794512915594,50.25472626707485,Katowice Ligota,3693.738021743181,55.40607032614771,1175.7770442504022,294.480922455265,5.222174182673182,299.7030966379382
District:KAŁUSKI,KAŁUSKI,District,24.302215370102182,48.94907142158068,Dolina,23587.62492312385,353.81437384685773,1928.724506624315,416.4489300808744,25.11606108405385,441.56499116492824
District:KIELECKI,KIELECKI,District,20.66275851564129,50.89278099355134,Kielce,5693.862807676781,85.4079421151517,655.0015434044508,146.688994131552,7.222298968606782,153.91129310015876
District:KOBRYŃSKI,KOBRYŃSKI,District,24.490192607884133,52.14353357686303,Kamień Poleski,6802.6952382905665,102.04042857435849,816.7472322366268,185.62770343496544,8.331131399220567,193.95883483418598
District:KOLBUSZOWSKI,KOLBUSZOWSKI,District,21.84061831385073,50.28824739743256,Dęba Rozalin,17115.71021180831,256.7356531771246,1050.489729714387,206.83872165642214,18.64414637273831,225.48286802916041
District:KOLSKI,KOLSKI,District,18.701263153805684,52.24145051763245,Intersection:00102,5550.63069490908,83.2594604236362,1156.5941152292262,281.8595101584234,7.0790668558390815,288.9385770142625
District:KONECKI,KONECKI,District,20.40423165441329,51.152269528691654,Końskie,4530.329784894301,67.95494677341452,629.8367699035559,144.61966699217803,6.058765945824303,150.67843293800232
District:KONIŃSKI,KONIŃSKI,District,18.121131526386613,52.21855276252433,Konin,9033.537387890196,135.50306081835294,1342.1462786521483,317.63064123765855,10.561973548820196,328.19261478647877
District:KOPYCZYNIECKI,KOPYCZYNIECKI,District,26.015474531488692,49.105885178095924,Kopyczyńce,7809.574669641036,117.14362004461553,1994.0254497579758,497.4780020920084,9.338010830571037,506.8160129225795
District:KOSOWSKI (KOSÓW HUCULSKI),KOSOWSKI (KOSÓW HUCULSKI),District,24.880007249362514,48.114871133520786,Worochta,30688.34843381078,460.3252265071617,2378.867910484716,508.6569979862338,32.21678459474078,540.8737825809746
District:KOSTOPOLSKI,KOSTOPOLSKI,District,26.591645958757244,50.98589874310796,Kostopol,16477.323317556675,247.1598497633501,1753.7189660796366,398.108073997127,18.005759478486674,416.11383347561366
District:KOSZYRSKI,KOSZYRSKI,District,25.119058767053023,51.679742655635614,Dalniki,11824.914136129937,177.37371204194906,1438.0152208089924,332.1201826380801,13.353350297059938,345.47353293514004
District:KOWELSKI,KOWELSKI,District,24.771271445748045,51.33515386912191,Kowel,14367.878695729398,215.51818043594096,1134.5296320446648,240.44945063393098,15.8963148566594,256.34576549059034
District:KOZIENICKI,KOZIENICKI,District,21.526398013618998,51.523161317323655,Kozienice,7066.807004120322,106.00210506180481,302.7931154624416,46.65363224309428,8.595243165050322,55.2488754081446
District:KOŁOMYJSKI,KOŁOMYJSKI,District,25.015055988932527,48.520170368158034,Kołomyja,3679.5838159501877,55.19375723925281,1892.7207492287448,486.9177873027705,5.2080199768801885,492.12580727965064
District:KOŚCIAŃSKI,KOŚCIAŃSKI,District,16.618306987455565,52.066803475000775,Kościan,2105.948518930645,31.58922778395968,1744.2333469505447,453.40754976195706,3.6343846798606463,457.0419344418178
District:KOŚCIERSKI,KOŚCIERSKI,District,18.08071070229922,54.0592267064926,Kościerzyna,9608.982534879031,144.13473802318546,1863.8226706348191,455.2976397030452,11.137418695809032,466.4350583988542
District:KRAKOWSKI,KRAKOWSKI,District,19.919410775513274,50.030334636255574,Kraków Płaszów,4001.5219013985593,60.022828520978386,1080.0536548424568,267.5563161818534,5.52995806232856,273.086274244182
District:KRAKÓW (MIASTO),KRAKÓW (MIASTO),District,19.93916144912856,50.05692478626833,Kraków Płaszów,3527.954235273143,52.91931352909714,1072.9501398505754,267.5563161818534,5.056390396203144,272.6127065780566
District:KRASNOSTAWSKI,KRASNOSTAWSKI,District,22.96641747202857,50.94429715561606,Krasnystaw,15668.194177576366,235.02291266364549,831.3298102134555,153.8570619614558,17.196630338506367,171.05369229996217
District:KROTOSZYŃSKI,KROTOSZYŃSKI,District,17.444640265460443,51.76369604219028,Koźmin Wielkopolski,6917.169824382779,103.75754736574167,1678.2988568626388,416.3499625005908,8.44560598531278,424.7955684859036
District:KROŚNIEŃSKI,KROŚNIEŃSKI,District,21.685896508483022,49.66793522506022,Krosno,5410.353852816648,81.15530779224972,1373.3401436512204,340.5843087410806,6.938790013746649,347.52309875482723
District:KRZEMIENIECKI,KRZEMIENIECKI,District,25.846449165563318,49.97472885662057,Krzemieniec,18973.759602439888,284.6063940365983,1975.4570957969154,447.55964942460844,20.502195763369887,468.06184518797835
District:KUTNOWSKI,KUTNOWSKI,District,19.355954497293993,52.2469025885768,Kutno,2242.4583792155745,33.636875688233616,959.0582979098056,242.16945941504528,3.7708945401455756,245.94035395519086
District:KĘPIŃSKI,KĘPIŃSKI,District,17.967421943597778,51.32161231470531,Kępno,4924.225413306237,73.86338119959355,1653.2529154307913,417.65090280429484,6.452661574236238,424.1035643785311
District:LESKI,LESKI,District,22.44554890161702,49.30657534237683,Cisna,14261.296810523103,213.91945215784654,1743.76193373186,404.3557770079503,15.789732971453104,420.1455099794034
District:LESZCZYŃSKI,LESZCZYŃSKI,District,16.574194570512816,51.86955018586502,Leszno,2584.7217901315425,38.77082685197313,1793.2369594263962,464.6297900263936,4.1131579510615435,468.7429479774552
District:LIDZKI,LIDZKI,District,25.270473481622442,53.97781487873793,Lida,10755.711331582823,161.33566997374234,1490.4705896477867,350.4992478981253,12.284147492512824,362.78339539063813
District:LIMANOWSKI,LIMANOWSKI,District,20.28449275073591,49.67872097810037,Limanowa,10361.721379329943,155.42582068994912,1545.471591683097,366.8436596687514,11.890157540259946,378.73381720901136
District:LIPNOWSKI,LIPNOWSKI,District,19.1457909485387,52.84872017829748,Lipno Płockie,1618.5292790052567,24.277939185078854,1119.964252928828,287.8572053068295,3.1469654399352573,291.00417074676477
District:LUBACZOWSKI,LUBACZOWSKI,District,23.14869053856468,50.21811782646666,Lubaczów,7001.317429848506,105.01976144772759,1246.9265000606056,300.2596859800458,8.529753590778508,308.78943957082424
District:LUBARTOWSKI,LUBARTOWSKI,District,22.596514700235407,51.47348683167268,Lubartów,3214.2278930154966,48.213418395232445,483.9593489565292,110.77320248620471,4.742664053945497,115.51586654015021
District:LUBAWSKI,LUBAWSKI,District,19.603702151892648,53.46066937477384,Nowe Miasto Lubawskie,3420.55196633099,51.30827949496485,1202.7323061166294,302.8134915957368,4.948988127260991,307.7624797229978
District:LUBELSKI,LUBELSKI,District,22.5870571811902,51.164275164190705,Lublin,6411.514571429689,96.17271857144533,439.1417070036196,85.87805634822351,7.93995073235969,93.81800708058321
District:LUBLINIECKI,LUBLINIECKI,District,18.825623925372515,50.647131671210424,Strzebiń,6550.590720785835,98.25886081178753,1346.9655362563494,328.9176690298807,8.079026881715837,336.9966959115966
District:LUBOMELSKI,LUBOMELSKI,District,23.94862910667788,51.36832892303446,Luboml,17124.814106217676,256.87221159326515,999.4654459486192,193.11056233761005,18.653250267147676,211.76381260475773
District:LWOWSKI,LWOWSKI,District,24.055831980917944,49.782172024451675,Lwów,6874.137296607674,103.11205944911511,1309.9884872565642,317.69321924725557,8.402573457537676,326.09579270479327
District:LWÓW (MIASTO),LWÓW (MIASTO),District,24.02170804373554,49.839776532707475,Lwów,751.0280016346004,11.265420024519006,1218.141847831968,317.69321924725557,2.2794641625646013,319.9726834098202
District:M. ST. WARSZAWA,M. ST. WARSZAWA,District,21.021244106455146,52.23765790706215,Warszawa Śródmieście,1305.2088277033881,19.578132415550822,496.7854002618816,121.89866132435552,2.8336449886333894,124.73230631298891
District:MAKOWSKI (MAKÓW MAZOWIECKI),MAKOWSKI (MAKÓW MAZOWIECKI),District,21.214834418178537,52.93938696319394,Maków Mazowiecki,11916.012680786404,178.74019021179603,1188.8999130554,264.8261854469834,13.464668626803062,278.2908540737865
District:MIECHOWSKI,MIECHOWSKI,District,20.120362627577226,50.30009989688611,Miechów,9112.905229764128,136.6935784464619,978.5023002018565,219.7333847899543,10.64134139069413,230.37472618064842
District:MIELECKI,MIELECKI,District,21.392499759671725,50.29145916503474,Mielec,2636.745308891072,39.55117963336608,907.5185789624218,226.75262993888668,4.165181469821073,230.91781140870776
District:MIĘDZYCHODZKI,MIĘDZYCHODZKI,District,16.014052981525623,52.59613120684135,Międzychód,8220.30561942557,123.30458429138353,1969.3218136984651,489.19600100982365,9.748741780355571,498.9447427901792
District:MIŃSKI,MIŃSKI,District,21.650521314384534,52.15560120255092,Mińsk Mazowiecki,6956.829115426493,104.35243673139739,483.8367313192755,95.67633016667071,8.485265276356495,104.16159544302721
District:MOGILEŃSKI,MOGILEŃSKI,District,18.10267982131202,52.63257190904869,Strzelno,4794.418981071481,71.9162847160722,1507.2125093336317,378.98586472463535,6.322855142001482,385.3087198666368
District:MORSKI,MORSKI,District,18.26419310994877,54.60592457965519,Wejherowo,2299.6851036880616,34.49527655532093,2058.814879981054,537.0404713714953,3.828121264618063,540.8685926361132
District:MOŁODECZAŃSKI,MOŁODECZAŃSKI,District,26.87615888687388,54.21409265541142,Mołodeczno,10658.593257852308,159.8788988677846,1904.8254467784436,462.07536814161693,12.18702941878231,474.2623975603993
District:MOŚCISKI,MOŚCISKI,District,23.182143384289677,49.77265038686626,Medyka,17380.187768812204,260.702816532183,1358.843539931969,288.5158052311993,18.908623929742202,307.4244291609415
District:MYŚLENICKI,MYŚLENICKI,District,19.9414735022134,49.77281379755347,Chabówka,19564.59127128755,293.4688690693132,1596.385242396549,343.4639379617318,21.09302743221755,364.5569653939494
District:MŁAWSKI,MŁAWSKI,District,20.21768911080459,53.08113681863883,Mława,11375.886879949248,170.63830319923872,1082.3901349731475,238.5014526449223,12.90432304087925,251.40577568580156
District:NADWÓRNIAŃSKI,NADWÓRNIAŃSKI,District,24.47840089592582,48.516651103700646,Delatyn,10235.894798639505,153.53842197959256,1981.611180402859,484.3809012958332,11.764330959569506,496.14523225540273
District:NIESZAWSKI,NIESZAWSKI,District,18.65777858432286,52.64269071697054,Płowce,2843.8506931327183,42.657760396990774,1232.312698069339,313.0721193943369,4.37228685406272,317.44440624839956
District:NIEŚWIESKI,NIEŚWIESKI,District,26.65039263700322,53.11046022480797,Baranowicze Poleskie Wąskie,40800.30481218139,612.0045721827208,1869.5262320053157,331.28302317131977,42.328740973111394,373.61176414443116
District:NIŻAŃSKI,NIŻAŃSKI,District,22.153989730942136,50.459419684514565,Rozwadów,16931.709020894905,253.97563531342357,891.8169127411828,165.00212056203878,18.460145181824906,183.46226574386372
District:NOWOGRÓDZKI,NOWOGRÓDZKI,District,25.80042448781762,53.56816686708275,Skrzydlewo,633.7442185312561,9.506163277968842,1496.3258675996162,390.19278953686086,2.8127498805059172,393.0055394173667
District:NOWOSĄDECKI,NOWOSĄDECKI,District,20.762839363862515,49.55643855828651,Nowy Sącz,6920.339233930502,103.80508850895752,1405.5127565974717,343.1396020560081,8.448775394860503,351.58837745086856
District:NOWOTARSKI,NOWOTARSKI,District,20.004415672367724,49.43622445020838,Nowy Targ,5413.5322761959,81.20298414293849,1438.2079964964298,357.9777227671104,6.941968437125901,364.9196912042363
District:NOWOTOMYSKI,NOWOTOMYSKI,District,16.211081567947467,52.337833710304366,Wąsowo,3939.561514459686,59.09342271689528,1860.7218890790941,477.28501625944676,5.467997675389687,482.7530139348364
District:OBORNICKI,OBORNICKI,District,16.860376081373285,52.681220613866245,Oborniki Wielkopolskie,5235.110640268493,78.52665960402739,1741.5998285332291,440.1060114482592,6.763546801198494,446.8695582494577
District:OLKUSKI,OLKUSKI,District,19.672765138445843,50.361681894370385,Olkusz,12242.708106070198,183.64062159105296,1124.9460977814633,246.4316805633502,13.7711442670002,260.2028248303504
District:OPATOWSKI,OPATOWSKI,District,21.39075864858399,50.85168211489404,Ostrowiec Świętokrzyski,11057.546050471865,165.86319075707797,769.5683135354709,155.84225239779215,12.585982211401866,168.42823460919402
District:OPOCZYŃSKI,OPOCZYŃSKI,District,20.30660986733153,51.40117502913391,Opoczno,2717.208014152704,40.75812021229056,687.065363986616,167.27382153170072,4.245644175082705,171.51946570678342
District:OSTROWSKI (OSTRÓW MAZOWIECKA),OSTROWSKI (OSTRÓW MAZOWIECKA),District,21.923603048968793,52.76319775787508,Ostrów Mazowiecka,7665.789617627623,114.98684426441433,661.5830087503733,140.51801525598907,9.194225778557623,149.71224103454668
District:OSTROWSKI (OSTRÓW WIELKOPOLSKI),OSTROWSKI (OSTRÓW WIELKOPOLSKI),District,17.814274492301852,51.60186307688515,Ostrów Wielkopolski,5303.030285841622,79.54545428762432,1498.9968604616847,374.7341717756296,6.831466446771623,381.5656382224012
District:OSTROŁĘCKI,OSTROŁĘCKI,District,21.563383862678453,53.19436998555114,Ostrołęka Północna Wąskotorowa,11779.862387879553,176.6979358181933,871.8730389281036,179.46910298326992,13.536272247396575,193.00537523066652
District:OSZMIAŃSKI,OSZMIAŃSKI,District,26.018413739632834,54.38421671606767,Oszmiana,16875.011542024604,253.12517313036906,2204.9107697635704,517.5771795488324,18.403447702954605,535.9806272517872
District:PIOTRKOWSKI,PIOTRKOWSKI,District,19.563378589701546,51.35924275239889,Piotrków Trybunalski,10567.186360623828,158.50779540935739,1144.1146241833517,258.3192101732785,12.095622521553828,270.41483269483234
District:PIŃCZOWSKI,PIŃCZOWSKI,District,20.524464002834492,50.365449190595605,Intersection:00001,7612.076558595735,114.18114837893603,1004.2216377542395,229.27510355651438,9.985350536034755,239.26045409254914
District:PIŃSKI,PIŃSKI,District,26.036210094808943,52.05301208939409,Pińsk,7928.1651989983675,118.92247798497552,1238.8702878341137,294.3673734284422,9.456601359928369,303.82397478837055
District:PODHAJECKI,PODHAJECKI,District,25.163526244288164,49.26028432369879,Podhajce,2691.4869456275273,40.372304184412904,1637.6679603930747,422.455712201581,4.219923106557529,426.6756353081385
District:POSTAWSKI,POSTAWSKI,District,27.067965528498714,55.03407418421316,Woropajewo,14971.028590625498,224.56542885938245,2399.7144811703874,577.5130401557097,16.499464751555497,594.0125049072652
District:POZNAŃ (MIASTO),POZNAŃ (MIASTO),District,16.926120840633185,52.405812211312416,Poznań (Dawny Dworzec),719.2436260594446,10.78865439089167,1568.5911862232524,411.8583904939402,2.247679786989446,414.10607028092966
District:POZNAŃSKI,POZNAŃSKI,District,16.89567501695441,52.413132648090844,Poznań (Dawny Dworzec),2146.090373878288,32.19135560817432,1589.993887440535,411.8583904939402,3.6745265348082894,415.5329170287485
District:PRUŻAŃSKI,PRUŻAŃSKI,District,24.514712110521963,52.54811524699239,Prużana,3454.4837644437443,51.81725646665617,852.2375387997904,207.3889163822358,5.290639303281498,212.6795556855173
District:PRZASNYCKI,PRZASNYCKI,District,20.9209282055759,53.16014145958039,Chorzele,13381.99722205804,200.72995833087057,1055.6847966472867,223.2609260671618,14.910433382988042,238.17135945014982
District:PRZEMYSKI,PRZEMYSKI,District,22.72620371646614,49.78276788368414,Przemyśl,4488.103250447497,67.32154875671246,1122.3694751629887,276.95257137127425,6.016539411377498,282.96911078265174
District:PRZEMYŚLAŃSKI,PRZEMYŚLAŃSKI,District,24.570921148432117,49.681834140741884,Wołków,7121.233076616076,106.81849614924113,1499.6561268834992,367.59280869928267,8.649669237546076,376.2424779368287
District:PRZEWORSKI,PRZEWORSKI,District,22.43657937536727,50.025600052704824,Kańczuga,4882.719661903884,73.24079492855826,1007.5823365590044,244.56302478975977,6.411155822833885,250.97418061259367
District:PSZCZYŃSKI,PSZCZYŃSKI,District,18.93197806543218,50.07183984527378,Tychy,7540.128811043496,113.10193216565244,1257.4736082850986,300.92111087764147,9.068564971973498,309.98967584961497
District:PUŁAWSKI,PUŁAWSKI,District,22.046062150883426,51.30574365544436,Karczmiska,10561.621624313906,158.4243243647086,472.28652005805577,78.06773362997156,12.090057785243907,90.15779141521546
District:PUŁTUSKI,PUŁTUSKI,District,21.079003919678243,52.64529064243493,Nasielsk,19157.46875248848,287.36203128732717,945.3552855357318,170.4095676755787,20.68590491341848,191.09547258899718
District:PŁOCKI,PŁOCKI,District,19.88506455491314,52.59376500231448,Płock,13319.191905977303,199.78787858965953,1290.5844589435014,286.5451268472044,14.847628066907303,301.39275491411166
District:PŁOŃSKI,PŁOŃSKI,District,20.402237807487936,52.593337121964915,Płońsk,3907.4953971617033,58.612430957425545,829.3165428205577,200.65364780219727,5.4359315580917045,206.08957936028898
District:RADOMSKI,RADOMSKI,District,21.03774654810528,51.433690746664,Radom,8764.036953856397,131.46055430784594,426.87933400561775,73.11875033782552,10.292473114786398,83.4112234526119
District:RADOMSZCZAŃSKI,RADOMSZCZAŃSKI,District,19.452586399934564,51.03386120640227,Radomsko,3781.305651824523,56.71958477736784,1164.6537708908586,291.14371772604346,5.309741812754524,296.45345953879803
District:RADZIECHOWSKI,RADZIECHOWSKI,District,24.740073640581713,50.25101376373184,Stojanów,15038.799985146474,225.58199977719707,1643.2337963723671,374.2512765386274,16.567236146076475,390.8185126847039
District:RADZYMIŃSKI,RADZYMIŃSKI,District,21.412040830508364,52.43558650509417,Tłuszcz,1658.830383678789,24.882455755181834,514.3644098172618,125.19236879224823,3.18726654460879,128.37963533685704
District:RADZYŃSKI,RADZYŃSKI,District,22.799878568163066,51.832580869099026,Radzyń Podlaski,9107.12397641011,136.60685964615166,372.6755859095897,57.19315266627929,10.63556013734011,67.82871280361941
District:RAWICKI,RAWICKI,District,16.96925635926989,51.64520579836733,Miejska Górka,1168.8098341744235,17.53214751261635,1668.682354667006,436.90668337201794,2.6972459951044248,439.60392936712236
District:RAWSKI (RAWA MAZOWIECKA),RAWSKI (RAWA MAZOWIECKA),District,20.30496945259106,51.689747664375375,Rawa Mazowiecka,9491.81442852882,142.37721642793227,1054.2679141753124,238.53871501447043,11.020250589458822,249.55896560392924
District:RAWSKI (RAWA RUSKA),RAWSKI (RAWA RUSKA),District,23.66986548985857,50.266259244964516,Rawa Ruska,5136.819851653599,77.05229777480398,1077.835128337608,262.3914373199425,6.6652560125836,269.05669333252615
District:ROHATYŃSKI,ROHATYŃSKI,District,24.61105938145219,49.33556191187163,Podwysokie,13099.7490969902,196.49623645485298,1728.1983695520566,404.8547835000064,14.628185257920201,419.4829687579266
District:ROPCZYCKI,ROPCZYCKI,District,21.483681364359093,50.047726556178304,Dębica,5680.5078573838755,85.20761786075812,1052.300447013257,253.35128694151066,7.208944018313876,260.56023095982454
District:RUDECKI,RUDECKI,District,23.58426470619096,49.61844434223511,Gródek Jagielloński,19018.538176098213,285.27807264147316,1571.6221222694198,339.01703110242244,20.546974337028214,359.5640054394507
District:RYBNICKI,RYBNICKI,District,18.53243460096585,50.06930927471088,Niedobczyce,2250.4348186424686,33.756522279637025,1314.477955899141,337.5082958068236,3.7788709795724698,341.2871667863961
District:RYPIŃSKI,RYPIŃSKI,District,19.420918887806984,53.049702376094245,Rypin,1479.4674158943453,22.19201123841518,1102.7806346672546,283.8059917389954,3.0079035768243467,286.8138953158197
District:RZESZOWSKI,RZESZOWSKI,District,21.966286030462527,49.98062949396636,Rzeszów,6894.725063811737,103.42087595717605,1136.4797490580058,271.05217540097937,8.423161224741738,279.47533662572107
District:RÓWIEŃSKI,RÓWIEŃSKI,District,26.506547392925757,50.66422384331121,Równe,19296.228598141148,289.4434289721172,1681.776263070285,367.4573549352652,20.824664759071148,388.2820196943363
District:SAMBORSKI,SAMBORSKI,District,23.175590806807524,49.50714852209913,Sambor,1982.3392862690014,29.735089294035017,1284.6899000812316,330.59425201348785,3.5107754471990025,334.10502746068687
District:SANDOMIERSKI,SANDOMIERSKI,District,21.47305837884398,50.61970910420182,Bogoria,16105.03568105502,241.57553521582528,1209.2694327575575,250.11210141450607,18.47830965849404,268.5904110730001
District:SANOCKI,SANOCKI,District,22.04443738107173,49.489928032582164,Rzepedź,12654.95041809986,189.82425627149786,1601.687600539854,372.6980418309323,14.183386579029861,386.88142840996215
District:SARNEŃSKI,SARNEŃSKI,District,26.567538499097132,51.381936663497136,Sarny,5391.263224268686,80.86894836403029,1495.398404379497,373.41344848307364,6.919699385198687,380.3331478682723
District:SIEDLECKI,SIEDLECKI,District,22.44278395352504,52.17938284081443,Siedlce,11815.865779466647,177.23798669199968,423.41707237965795,59.9060991117784,13.344301940396647,73.25040105217505
District:SIERADZKI,SIERADZKI,District,18.708742231121303,51.590472658746215,Sieradz,948.6367002956052,14.229550504434078,1181.0048968888505,306.9327623987417,2.477072861225606,309.4098352599674
District:SIERPECKI,SIERPECKI,District,19.85900206179583,52.869092138291784,Sierpc,13425.368124098528,201.38052186147792,1175.925335878964,255.3509028802822,14.953804285028529,270.30470716531073
District:SKAŁACKI,SKAŁACKI,District,26.056402552456635,49.404452627871905,Grzymałów,6946.8605078565715,104.20290761784857,1917.6793361885796,480.4642194520696,8.475296668786571,488.9395161208562
District:SKIERNIEWICKI,SKIERNIEWICKI,District,20.210515325714802,51.90471984728759,Skierniewice,8094.859211494189,121.42288817241283,843.2717812169043,187.544164085862,9.62329537242419,197.16745945828617
District:SOCHACZEWSKI,SOCHACZEWSKI,District,20.299411718102302,52.28206454418526,Tułowice Sochaczewskie,7022.1780196537475,105.3326702948062,836.3499911494563,190.00435888158793,8.550614180583748,198.55497306217165
District:SOKALSKI,SOKALSKI,District,24.235684582969824,50.432399840638055,Krystynopol,4277.377992608401,64.16066988912601,1281.3420733948738,320.4583877262991,5.805814153538402,326.2642018798375
District:SOKOŁOWSKI,SOKOŁOWSKI,District,22.306929651644403,52.480348241421716,Sokołów Podlaski,8841.281894203914,132.6192284130587,481.1447581000401,87.36906158493011,10.369718055133916,97.73877964006402
District:SOKÓLSKI,SOKÓLSKI,District,23.44438309065828,53.46384098204702,Sokółka,7826.12217606417,117.39183264096255,1073.5129063891252,250.40719924134706,9.35455833699417,259.76175757834125
District:STANISŁAWOWSKI,STANISŁAWOWSKI,District,24.652444609210697,48.95621490378497,Stanisławów,6240.99251127166,93.6148876690749,1744.4785667987414,436.8297983520506,7.769428672201661,444.59922702425223
District:STAROGARDZKI,STAROGARDZKI,District,18.40311598190127,53.84766629860425,Skórcz,9933.004446659954,148.9950666998993,1743.4735279781053,421.69976489524214,11.461440607589955,433.1612055028321
District:STOLIŃSKI,STOLIŃSKI,District,27.016267886859147,51.82415694947229,Horyń,16318.05313348941,244.77079700234114,1713.5210454410321,387.96269444997216,17.84648929441941,405.8091837443916
District:STOPNICKI,STOPNICKI,District,20.907818285883568,50.505459147174754,Staszów Wąskotorowy,19702.960242828707,295.5444036424306,1306.7743005470106,261.7942612435369,22.07623422026773,283.87049546380456
District:STOŁPECKI,STOŁPECKI,District,26.538387483183072,53.6081541538556,Stołpce,20201.345217647286,303.0201782647093,1771.3016470816497,387.83690525146915,21.729781378577286,409.56668663004643
District:STRYJSKI,STRYJSKI,District,23.59540302049228,49.0589940618255,Truskawiec Zdrój,25651.36545280422,384.77048179206326,1787.0820549993664,370.1349832628831,27.17980161373422,397.3147848766173
District:SUWALSKI,SUWALSKI,District,23.062012436623917,54.13121701215814,Suwałki,9081.93687517456,136.2290531276184,1553.3921149139835,374.1201326982647,10.610373036104562,384.7305057343692
District:SZAMOTULSKI,SZAMOTULSKI,District,16.401063811555424,52.60506706696583,Binino,4232.866798306659,63.493001974599885,1795.651998037396,458.644041729107,5.7613029592366605,464.4053446883437
District:SZCZUCZYŃSKI (WOJ. BIAŁOSTOCKIE),SZCZUCZYŃSKI (WOJ. BIAŁOSTOCKIE),District,22.48163834858101,53.56272199618886,Grajewo,8733.9830514108,131.009745771162,1211.85650322875,283.87525770337623,10.2624192123408,294.137676915717
District:SZCZUCZYŃSKI (WOJ. NOWOGRÓDZKIE),SZCZUCZYŃSKI (WOJ. NOWOGRÓDZKIE),District,24.749989479891568,53.67754876230049,Mosty,30975.07173965615,464.62607609484223,1529.5272662460443,279.5965304761627,32.50350790058615,312.1000383767488
District:SZUBIŃSKI,SZUBIŃSKI,District,17.714658977286362,52.98515576669759,Szubin,3553.0475835994175,53.29571375399126,1548.565917702465,395.07888251176394,5.081483744529419,400.1603662562934
District:SĘPOLEŃSKI,SĘPOLEŃSKI,District,17.52193101404222,53.435290096199104,Sępólno Krajeńskie,2780.509734634372,41.70764601951557,1697.02692530473,438.02538439378935,4.308945895564373,442.3343302893537
District:SŁONIMSKI,SŁONIMSKI,District,25.244632813530192,53.137014239115445,Słonim,7023.0922394084055,105.34638359112608,1275.8379514217545,307.9299484868087,8.551528400338405,316.4814768871471
District:TARNOBRZESKI,TARNOBRZESKI,District,21.838257204478246,50.57894402743309,Grębów,2749.329335049485,41.23994002574227,732.8472910161249,179.42935030134277,4.277765495979486,183.70711579732225
District:TARNOGÓRSKI,TARNOGÓRSKI,District,18.891047167176335,50.475011260794474,Tarnowskie Góry Lasowice,2690.350499030822,40.355257485462324,1217.0811177831995,309.6028169654828,4.2187866599608235,313.82160362544363
District:TARNOPOLSKI,TARNOPOLSKI,District,25.55620843624334,49.53529309953022,Tarnopol,3471.0138626838125,52.06520794025719,1720.5213735166603,441.550448881925,4.9994500236138135,446.5498989055388
District:TARNOWSKI,TARNOWSKI,District,21.00206776906625,49.94975214987664,Tarnów,6468.102264216989,97.02153396325483,1180.6362570381805,284.6179951440285,7.996538425146991,292.61453356917553
District:TCZEWSKI,TCZEWSKI,District,18.733669704783853,53.94017413549248,Wielkie Walichnowy,8148.630383930877,122.22945575896316,1865.097992407129,442.015625251558,14.52231951412548,456.53794476568345
District:TOMASZOWSKI,TOMASZOWSKI,District,23.53194636118548,50.53275162030312,Wożuczyn,4598.357620401282,68.97536430601922,1069.7316251511525,262.3843077790342,6.1267937813312825,268.5111015603655
District:TORUŃSKI,TORUŃSKI,District,18.57697786001444,53.07748346661538,Olek,2323.6597822251174,34.85489673337676,1333.2721024322898,342.25666131479846,3.8520959431551183,346.1087572579536
District:TREMBOWELSKI,TREMBOWELSKI,District,25.68154386656704,49.26824923418694,Trembowla,3539.1107148771216,53.08666072315682,1831.7654787408821,471.1268606203464,5.067546875807123,476.1944074961535
District:TUCHOLSKI,TUCHOLSKI,District,17.94656696390864,53.59273105504347,Tuchola,5818.720888585248,87.28081332877872,1665.57153591802,417.35605501370316,7.347157049515249,424.7032120632184
District:TURCZAŃSKI,TURCZAŃSKI,District,22.98116536459777,49.14147434874563,Turka,4041.9321050801113,60.62898157620167,1486.36601941587,376.4208162725678,5.570368266010112,381.9911845385779
District:TURECKI,TURECKI,District,18.65567724357085,51.92231799663011,Turek,14400.773718302602,216.01160577453902,1760.2676347309327,408.2234122222223,15.929209879232603,424.15262210145494
District:TŁUMACKI,TŁUMACKI,District,24.967818157893443,48.84309165161105,Tłumacz,3719.3624846419902,55.79043726962985,1804.0767539061017,462.9715394163767,5.247798645571991,468.21933806194863
District:WADOWICKI,WADOWICKI,District,19.5456288616413,49.84092064988051,Skawce,4788.129261566231,71.82193892349346,1238.8878450474278,307.0107292621792,6.316565422496232,313.32729468467545
District:WARSZAWSKI,WARSZAWSKI,District,21.00066823984591,52.264649254491246,Intersection:00059,805.9941916500507,12.089912874750759,491.3477115136005,122.44888708701477,2.3344303525800516,124.78331743959481
District:WIELUŃSKI,WIELUŃSKI,District,18.551944506424135,51.24072884288862,Wieluń,2587.5168334012137,38.8127525010182,1553.2737806565171,400.2284203406488,4.115952994331215,404.34437333498005
District:WILEJSKI,WILEJSKI,District,27.034669653508534,54.580844833567575,Mołodeczno,32988.14811067016,494.8222216600524,2239.7687695707114,462.07536814161693,34.516584271600166,496.5919524132171
District:WILEŃSKO-TROCKI,WILEŃSKO-TROCKI,District,25.30001020492474,54.60590765291512,Wilno,9099.257863157996,136.48886794736993,1794.4258934382428,438.7278129589742,10.627694024087997,449.3555069830622
District:WILNO (MIASTO),WILNO (MIASTO),District,25.29136239525154,54.6883909574359,Wilno,565.2211630297282,8.478317445445922,1666.415342936319,438.7278129589742,2.093657323959729,440.82147028293394
District:WOLSZTYŃSKI,WOLSZTYŃSKI,District,16.127907028918838,52.111951752113725,Wolsztyn,1199.2209856331142,17.988314784496712,1828.9696154717049,479.79469346999105,2.727657146563115,482.52235061655415
District:WOŁKOWYSKI,WOŁKOWYSKI,District,24.381201293170374,53.04754164268685,Andrzejewicze,8951.792620363127,134.2768893054469,1042.8336488013395,237.64410825032127,10.480228781293128,248.12433703161437
District:WOŁOŻYŃSKI,WOŁOŻYŃSKI,District,26.358256155285595,54.016064222311044,Lubcz,34989.22305674659,524.8383458511988,2111.040822108309,416.8605000062099,37.16822871872125,454.02872872493117
District:WRZESIŃSKI,WRZESIŃSKI,District,17.6269941612718,52.284638889086274,Września,6163.568466377884,92.45352699566826,1480.8498826204222,366.4010665448991,7.6920046273078855,374.093071172207
District:WYRZYSKI,WYRZYSKI,District,17.34905530880152,53.202583904703964,Radzicz Rozgraniczenie,2058.7793201119644,30.881689801679464,1612.3132727063673,418.1988525316814,3.587215481041965,421.7860680127234
District:WYSOKOMAZOWIECKI,WYSOKOMAZOWIECKI,District,22.628359459293243,52.94981244304511,Łapy,17713.670929296513,265.7050639394477,990.9340429199933,188.4511538120365,19.24210709022651,207.69326090226303
District:WĄBRZESKI,WĄBRZESKI,District,18.940996561239633,53.219950802918824,Wąbrzeźno,5739.681298537771,86.09521947806657,1397.4984167653524,345.7412357243452,7.268117459467772,353.009353183813
District:WĄGROWIECKI,WĄGROWIECKI,District,17.266877165449536,52.81186245127136,Wągrowiec,4380.565329646646,65.70847994469969,1678.143222794328,426.5180337835738,5.909001490576648,432.42703527415046
District:WĘGROWSKI,WĘGROWSKI,District,21.896894068440897,52.44660286913983,Sokołów Podlaski,24568.683229380295,368.53024844070444,717.0557781276859,87.36906158493011,26.097119390310294,113.4661809752404
District:WŁOCŁAWSKI,WŁOCŁAWSKI,District,19.04587176115696,52.51376913200544,Jerzmanowo,8778.038440613314,131.6705766091997,1233.2135599092378,289.42874497110034,10.306474601543316,299.7352195726437
District:WŁODAWSKI,WŁODAWSKI,District,23.259249625293275,51.5601939824503,Włodawa,18831.31288753636,282.4696933130454,1006.1416895903558,188.03336345333503,20.359749048466362,208.3931125018014
District:WŁODZIMIERSKI,WŁODZIMIERSKI,District,24.28576633878208,50.86212198376485,Włodzimierz Wołyński,4130.7726757870805,61.9615901368062,1091.4362752361365,270.0904182872437,5.659208836717082,275.74962712396075
District:WŁOSZCZOWSKI,WŁOSZCZOWSKI,District,19.876510285931552,50.76981681751156,Włoszczowa,11144.965198699856,167.1744779804978,905.5494478346724,191.97866136312692,12.673401359629857,204.65206272275677
District:ZALESZCZYCKI,ZALESZCZYCKI,District,25.73150252917906,48.76569043935611,Zaleszczyki,13387.649998914674,200.8147499837201,2233.9375663310557,539.4026668387918,14.916086159844676,554.3187529986365
District:ZAMOJSKI,ZAMOJSKI,District,23.112881968017902,50.692354148868915,Zawada,2774.0080940936323,41.610121411404485,745.6601782910994,182.76814304830825,4.302444255023634,187.07058730333188
District:ZBARASKI,ZBARASKI,District,25.914394638917546,49.65652858738532,Zbaraż,9942.158250741917,149.13237376112875,1883.6279888051336,459.2710344890648,11.470594411671918,470.7416289007367
District:ZBOROWSKI,ZBOROWSKI,District,25.224304636362575,49.72342107419625,Złoczów,25165.719763084962,377.48579644627443,1832.6016724542428,384.30413784772827,26.69415592401496,410.99829377174325
District:ZDOŁBUNOWSKI,ZDOŁBUNOWSKI,District,26.330131394462782,50.38699066541095,Mohylany,16435.946714251026,246.53920071376535,1773.3451740098276,403.54098062003345,17.964382875181027,421.5053634952145
District:ZŁOCZOWSKI,ZŁOCZOWSKI,District,24.837289410420695,49.85092166517273,Złoczów,6707.782547431482,100.61673821147222,1555.7326142194406,384.30413784772827,8.236218708361482,392.54035655608976
District:ŁASKI,ŁASKI,District,19.11935604288984,51.53321627720546,Zduńska Wola Karsznice,10630.02889772451,159.45043346586766,1266.8717290233833,291.00609209352336,12.158465058654512,303.16455715217785
District:ŁAŃCUCKI,ŁAŃCUCKI,District,22.334998153509932,50.185689402002644,Leżajsk,10598.368567345738,158.97552851018605,966.4640696724323,210.52413633079283,12.12680472827574,222.65094105906857
District:ŁOMŻYŃSKI,ŁOMŻYŃSKI,District,22.15636061196906,53.171637519443,Łomża,7068.308651369177,106.02462977053764,921.0037470452023,212.53410758762513,8.596744812299177,221.1308523999243
District:ŁOWICKI,ŁOWICKI,District,19.88525533175227,52.09504943737443,Łowicz Przedmieście,4216.36985143245,63.24554777148674,829.8553108676182,199.55499754971876,5.744806012362451,205.29980356208122
District:ŁUCKI,ŁUCKI,District,25.471042390590046,50.91325575795217,Kiwierce,9077.231560295351,136.15847340443025,1309.673062313297,308.74112580946934,10.605667721225352,319.3467935306947
District:ŁUKOWSKI,ŁUKOWSKI,District,22.267864533131398,51.849399890955674,Łuków,13233.256793595525,198.49885190393286,348.6998793336235,34.15198681255708,14.761692954525525,48.913679767082606
District:ŁUNINIECKI,ŁUNINIECKI,District,26.843528398887454,52.501314337487266,Dziatłowicze,16129.449913299872,241.94174869949805,1595.013677792249,356.9223454254782,17.65788607422987,374.58023149970813
District:ŁÓDZKI,ŁÓDZKI,District,19.44320226749462,51.73996491099628,Łódź Kaliska,2170.709707947415,32.56064561921122,991.1206871484692,251.06165559594095,3.6991458688774164,254.76080146481837
District:ŁÓDŹ (MIASTO),ŁÓDŹ (MIASTO),District,19.458051227273767,51.76425234212019,Łódź Fabryczna,1042.9045288183086,15.643567932274628,952.7968479447267,245.3175079222647,2.5713406897483098,247.88884861201302
District:ŁĘCZYCKI,ŁĘCZYCKI,District,19.19994144565728,52.02959928719839,Łęczyca,2189.8444945517413,32.84766741827612,1038.6294960469206,263.7328351342764,3.7182806554817427,267.45111578975815
District:ŚNIATYŃSKI,ŚNIATYŃSKI,District,25.415719101841223,48.469539589707516,Śniatyn,10245.283824251777,153.67925736377666,2130.8812527784235,524.397246555187,11.773719985181778,536.1709665403689
District:ŚREDZKI,ŚREDZKI,District,17.29342040552617,52.265902621410305,Środa Wielkopolska Miasto,4991.482031777109,74.87223047665663,1730.26045334897,438.0438842563275,6.51991819270711,444.5638024490346
District:ŚREMSKI,ŚREMSKI,District,17.03586294591824,52.13184261015159,Śrem,4928.0470535576715,73.92070580336507,1818.9918335763755,462.1087970713479,6.4564832144876725,468.56528028583557
District:ŚWIECKI,ŚWIECKI,District,18.39450368523908,53.512702186964944,Laskowice Pomorskie,4734.382029291137,71.01573043936705,1496.4339596881669,376.3352693006848,6.262818190221138,382.5980874909059
District:ŚWIĘCIAŃSKI,ŚWIĘCIAŃSKI,District,26.23465343302582,55.10385883166343,Łyntupy,8492.828271394854,127.3924240709228,2085.256571218437,519.2082572701729,10.021264432324855,529.2295217024979
District:ŚWIĘTOCHŁOWICKI,ŚWIĘTOCHŁOWICKI,District,18.926383859554246,50.33104851084789,Intersection:00025,694.0313747742805,10.410470621614206,1144.771197258695,298.23483943320696,2.2224675357042813,300.4573069689112
District:ŻNIŃSKI,ŻNIŃSKI,District,17.66965147153283,52.79166016156094,Biskupin,4764.901733671074,71.4735260050661,1573.9075954682446,396.1855562183954,6.495978939689525,402.68153515808496
District:ŻYDACZOWSKI,ŻYDACZOWSKI,District,24.12304840067873,49.35210174828882,Chodorów,14531.698302900093,217.9754745435014,1622.457683240762,370.717437119355,16.060134463830096,386.77757158318514
District:ŻYWIECKI,ŻYWIECKI,District,19.223138583960843,49.61523963900451,Żywiec,8334.769034096527,125.0215355114479,1423.854382939922,342.3681918455641,9.863205195026529,352.23139704059065
District:ŻÓŁKIEWSKI,ŻÓŁKIEWSKI,District,24.052265343441007,50.10816546095291,Żółkiew,8914.881604793873,133.72322407190808,1252.899243415776,294.160276309528,10.443317765723874,304.60359407525186
