{
"type": "FeatureCollection",
"crs": { "type": "name", "properties": { "name": "urn:ogc:def:crs:OGC:1.3:CRS84" } },
"features": [
{ "type": "Feature", "properties": { "Region": "M. ST. WARSZAWA", "District": "ŚRÓDMIEJSKO-WARSZAWSKI", "City": "Warszawa", "1921": 936713.0, "1931": 1178211.0, "1939": 1289000.0 }, "geometry": { "type": "Point", "coordinates": [ 21.008333, 52.232222 ] } },
{ "type": "Feature", "properties": { "Region": "ŁÓDZKIE", "District": "ŁÓDŹ (MIASTO)", "City": "Łódź", "1921": 451974.0, "1931": 605467.0, "1939": 672000.0 }, "geometry": { "type": "Point", "coordinates": [ 19.454722, 51.776667 ] } },
{ "type": "Feature", "properties": { "Region": "LWOWSKIE", "District": "LWÓW (MIASTO)", "City": "Lwów", "1921": 316177.0, "1931": 316177.0, "1939": 318144.0 }, "geometry": { "type": "Point", "coordinates": [ 24.031997, 49.842 ] } },
{ "type": "Feature", "properties": { "Region": "POZNAŃSKIE", "District": "POZNAŃ (MIASTO)", "City": "Poznań", "1921": 169422.0, "1931": 246698.0, "1939": 272000.0 }, "geometry": { "type": "Point", "coordinates": [ 16.934167, 52.408333 ] } },
{ "type": "Feature", "properties": { "Region": "KRAKOWSKIE", "District": "KRAKÓW (MIASTO)", "City": "Kraków", "1921": 183706.0, "1931": 221260.0, "1939": 259000.0 }, "geometry": { "type": "Point", "coordinates": [ 19.938333, 50.061389 ] } },
{ "type": "Feature", "properties": { "Region": "ZIEMIA WILEŃSKA", "District": "WILNO (MIASTO)", "City": "Wilno", "1921": 128954.0, "1931": 196383.0, "1939": 208770.0 }, "geometry": { "type": "Point", "coordinates": [ 25.283333, 54.683333 ] } },
{ "type": "Feature", "properties": { "Region": "ŚLĄSKIE", "District": "KATOWICE (MIASTO)", "City": "Katowice", "1921": 104868.0, "1931": 127044.0, "1939": 134500.0 }, "geometry": { "type": "Point", "coordinates": [ 19.023611, 50.264167 ] } },
{ "type": "Feature", "properties": { "Region": "KIELECKIE", "District": "CZĘSTOCHOWA (MIASTO)", "City": "Częstochowa", "1921": 88894.0, "1931": 117588.0, "1939": 138000.0 }, "geometry": { "type": "Point", "coordinates": [ 19.138333, 50.817778 ] } },
{ "type": "Feature", "properties": { "Region": "POZNAŃSKIE", "District": "BYDGOSZCZ (MIASTO)", "City": "Bydgoszcz", "1921": 87643.0, "1931": 117528.0, "1939": 141000.0 }, "geometry": { "type": "Point", "coordinates": [ 18.011111, 53.125 ] } },
{ "type": "Feature", "properties": { "Region": "LUBELSKIE", "District": "LUBLIN (MIASTO)", "City": "Lublin", "1921": 94543.0, "1931": 112539.0, "1939": 122000.0 }, "geometry": { "type": "Point", "coordinates": [ 22.566667, 51.25 ] } },
{ "type": "Feature", "properties": { "Region": "KIELECKIE", "District": "SOSNOWIEC", "City": "Sosnowiec", "1921": 86497.0, "1931": 109454.0, "1939": 130000.0 }, "geometry": { "type": "Point", "coordinates": [ 19.133333, 50.283333 ] } },
{ "type": "Feature", "properties": { "Region": "BIAŁOSTOCKIE", "District": "BIAŁYSTOK (MIASTO)", "City": "Białystok", "1921": 76792.0, "1931": 91335.0, "1939": 105346.0 }, "geometry": { "type": "Point", "coordinates": [ 23.145556, 53.135278 ] } },
{ "type": "Feature", "properties": { "Region": "ŚLĄSKIE", "District": "CHORZÓW", "City": "Chorzów", "1921": 74811.0, "1931": 80734.0, "1939": 109500.0 }, "geometry": { "type": "Point", "coordinates": [ 18.95, 50.3 ] } },
{ "type": "Feature", "properties": { "Region": "KIELECKIE", "District": "RADOM (MIASTO)", "City": "Radom", "1921": 61599.0, "1931": 78073.0, "1939": 85501.0 }, "geometry": { "type": "Point", "coordinates": [ 21.156667, 51.403611 ] } },
{ "type": "Feature", "properties": { "Region": "STANISŁAWOWSKIE", "District": "STANISŁAWOWSKI", "City": "Stanisławów (dziś Iwano-Frankiwsk)", "1921": 52529.0, "1931": 60256.0, "1939": 71218.0 }, "geometry": { "type": "Point", "coordinates": [ 24.7, 48.916667 ] } },
{ "type": "Feature", "properties": { "Region": "KIELECKIE", "District": "KIELECKI", "City": "Kielce", "1921": 43695.0, "1931": 58397.0, "1939": 68827.0 }, "geometry": { "type": "Point", "coordinates": [ 20.633333, 50.874167 ] } },
{ "type": "Feature", "properties": { "Region": "WARSZAWSKIE", "District": "WŁOCŁAWSKI", "City": "Włocławek", "1921": 43574.0, "1931": 56277.0, "1939": 66739.0 }, "geometry": { "type": "Point", "coordinates": [ 19.068611, 52.660833 ] } },
{ "type": "Feature", "properties": { "Region": "ŁÓDZKIE", "District": "KALISKI", "City": "Kalisz", "1921": 44613.0, "1931": 55215.0, "1939": 80216.0 }, "geometry": { "type": "Point", "coordinates": [ 18.089722, 51.7625 ] } },
{ "type": "Feature", "properties": { "Region": "POMORSKIE", "District": "TORUŃ (MIASTO)", "City": "Toruń", "1921": 39424.0, "1931": 54280.0, "1939": 81215.0 }, "geometry": { "type": "Point", "coordinates": [ 18.611111, 53.022222 ] } },
{ "type": "Feature", "properties": { "Region": "LWOWSKIE", "District": "PRZEMYSKI", "City": "Przemyśl", "1921": 47958.0, "1931": 51379.0, "1939": 58500.0 }, "geometry": { "type": "Point", "coordinates": [ 22.774444, 49.782222 ] } },
{ "type": "Feature", "properties": { "Region": "ŁÓDZKIE", "District": "PIOTRKOWSKI", "City": "Piotrków (Trybunalski)", "1921": 41113.0, "1931": 51294.0, "1939": 52875.0 }, "geometry": { "type": "Point", "coordinates": [ 19.695556, 51.406667 ] } },
{ "type": "Feature", "properties": { "Region": "POMORSKIE", "District": "GRUDZIĄDZ (MIASTO)", "City": "Grudziądz", "1921": 33516.0, "1931": 50405.0, "1939": 59200.0 }, "geometry": { "type": "Point", "coordinates": [ 18.756944, 53.486944 ] } },
{ "type": "Feature", "properties": { "Region": "BIAŁOSTOCKIE", "District": "GRODZIEŃSKI", "City": "Grodno", "1921": 35148.0, "1931": 49332.0, "1939": 57281.0 }, "geometry": { "type": "Point", "coordinates": [ 23.833333, 53.666667 ] } },
{ "type": "Feature", "properties": { "Region": "POLESKIE", "District": "BRZESKI (BRZEŚĆ N.BUG.)", "City": "Brześć nad Bugiem", "1921": 29553.0, "1931": 48431.0, "1939": 57008.0 }, "geometry": { "type": "Point", "coordinates": [ 23.679281, 52.100594 ] } },
{ "type": "Feature", "properties": { "Region": "KIELECKIE", "District": "BĘDZIŃSKI", "City": "Będzin", "1921": 38665.0, "1931": 47835.0, "1939": 50721.0 }, "geometry": { "type": "Point", "coordinates": [ 19.129167, 50.323889 ] } },
{ "type": "Feature", "properties": { "Region": "ŁÓDZKIE", "District": "ŁASKI", "City": "Pabianice", "1921": 38537.0, "1931": 45614.0, "1939": 52000.0 }, "geometry": { "type": "Point", "coordinates": [ 19.355556, 51.664444 ] } },
{ "type": "Feature", "properties": { "Region": "KRAKOWSKIE", "District": "TARNOWSKI", "City": "Tarnów", "1921": 35347.0, "1931": 45235.0, "1939": 54977.0 }, "geometry": { "type": "Point", "coordinates": [ 20.985556, 50.012222 ] } },
{ "type": "Feature", "properties": { "Region": "LWOWSKIE", "District": "DROHOBYCKI", "City": "Borysław", "1921": 35761.0, "1931": 41683.0, "1939": 45166.0 }, "geometry": { "type": "Point", "coordinates": [ 23.4175, 49.281944 ] } },
{ "type": "Feature", "properties": { "Region": "WOŁYŃSKIE", "District": "RÓWIEŃSKI", "City": "Równe", "1921": 30482.0, "1931": 40788.0, "1939": 46680.0 }, "geometry": { "type": "Point", "coordinates": [ 26.25, 50.616667 ] } },
{ "type": "Feature", "properties": { "Region": "ŁÓDZKIE", "District": "BRZEZIŃSKI", "City": "Tomaszów Mazowiecki", "1921": 28285.0, "1931": 38088.0, "1939": 45204.0 }, "geometry": { "type": "Point", "coordinates": [ 20.008889, 51.531389 ] } },
{ "type": "Feature", "properties": { "Region": "ŚLĄSKIE", "District": "KATOWICKI", "City": "Siemianowice Śląskie", "1921": 19000.0, "1931": 37888.0, "1939": 38701.0 }, "geometry": { "type": "Point", "coordinates": [ 19.030556, 50.326944 ] } },
{ "type": "Feature", "properties": { "Region": "KIELECKIE", "District": "BĘDZIŃSKI", "City": "Dąbrowa Górnicza", "1921": 30871.0, "1931": 36987.0, "1939": 41373.0 }, "geometry": { "type": "Point", "coordinates": [ 19.187222, 50.321389 ] } },
{ "type": "Feature", "properties": { "Region": "LUBELSKIE", "District": "SIEDLECKI", "City": "Siedlce", "1921": 30676.0, "1931": 36927.0, "1939": 40962.0 }, "geometry": { "type": "Point", "coordinates": [ 22.275, 52.166667 ] } },
{ "type": "Feature", "properties": { "Region": "TARNOPOLSKIE", "District": "TARNOPOLSKI", "City": "Tarnopol", "1921": 32003.0, "1931": 35831.0, "1939": 40000.0 }, "geometry": { "type": "Point", "coordinates": [ 25.6, 49.566667 ] } },
{ "type": "Feature", "properties": { "Region": "WOŁYŃSKIE", "District": "ŁUCKI", "City": "Łuck", "1921": 23390.0, "1931": 35737.0, "1939": 42553.0 }, "geometry": { "type": "Point", "coordinates": [ 25.316667, 50.75 ] } },
{ "type": "Feature", "properties": { "Region": "STANISŁAWOWSKIE", "District": "KOŁOMYJSKI", "City": "Kołomyja", "1921": 31708.0, "1931": 33391.0, "1939": 40000.0 }, "geometry": { "type": "Point", "coordinates": [ 25.033333, 48.516667 ] } },
{ "type": "Feature", "properties": { "Region": "WARSZAWSKIE", "District": "PŁOCKI", "City": "Płock", "1921": 27750.0, "1931": 32777.0, "1939": 35200.0 }, "geometry": { "type": "Point", "coordinates": [ 19.7, 52.547222 ] } },
{ "type": "Feature", "properties": { "Region": "KIELECKIE", "District": "ZAWIERCIAŃSKI", "City": "Zawiercie", "1921": 30031.0, "1931": 32713.0, "1939": 32872.0 }, "geometry": { "type": "Point", "coordinates": [ 19.416389, 50.4875 ] } },
{ "type": "Feature", "properties": { "Region": "LWOWSKIE", "District": "DROHOBYCKI", "City": "Drohobycz", "1921": 26736.0, "1931": 32622.0, "1939": 3500.0 }, "geometry": { "type": "Point", "coordinates": [ 23.5, 49.35 ] } },
{ "type": "Feature", "properties": { "Region": "POLESKIE", "District": "PIŃSKI", "City": "Pińsk", "1921": 23468.0, "1931": 31913.0, "1939": 36700.0 }, "geometry": { "type": "Point", "coordinates": [ 26.083333, 52.116667 ] } },
{ "type": "Feature", "properties": { "Region": "POZNAŃSKIE", "District": "INOWROCŁAW (MIASTO)", "City": "Inowrocław", "1921": 24277.0, "1931": 30862.0, "1939": 39757.0 }, "geometry": { "type": "Point", "coordinates": [ 18.261111, 52.795833 ] } },
{ "type": "Feature", "properties": { "Region": "STANISŁAWOWSKIE", "District": "STRYJSKI", "City": "Stryj", "1921": 27358.0, "1931": 30682.0, "1939": 34000.0 }, "geometry": { "type": "Point", "coordinates": [ 23.85, 49.25 ] } },
{ "type": "Feature", "properties": { "Region": "KRAKOWSKIE", "District": "NOWOSĄDECKI", "City": "Nowy Sącz", "1921": 27796.0, "1931": 30278.0, "1939": 33329.0 }, "geometry": { "type": "Point", "coordinates": [ 20.695556, 49.625 ] } },
{ "type": "Feature", "properties": { "Region": "POMORSKIE", "District": "GDYNIA (MIASTO)", "City": "Gdynia", "1921": 3164.0, "1931": 30210.0, "1939": 120000.0 }, "geometry": { "type": "Point", "coordinates": [ 18.539444, 54.519167 ] } },
{ "type": "Feature", "properties": { "Region": "POZNAŃSKIE", "District": "GNIEŹNIEŃSKI", "City": "Gniezno", "1921": 25694.0, "1931": 29924.0, "1939": 33100.0 }, "geometry": { "type": "Point", "coordinates": [ 17.603611, 52.545 ] } },
{ "type": "Feature", "properties": { "Region": "ŚLĄSKIE", "District": "ŚWIĘTOCHŁOWICKI", "City": "Świętochłowice", "1921": 23000.0, "1931": 29717.0, "1939": 29786.0 }, "geometry": { "type": "Point", "coordinates": [ 18.917778, 50.291944 ] } },
{ "type": "Feature", "properties": { "Region": "LUBELSKIE", "District": "CHEŁMSKI", "City": "Chełm", "1921": 23221.0, "1931": 29222.0, "1939": 30900.0 }, "geometry": { "type": "Point", "coordinates": [ 23.477778, 51.132222 ] } },
{ "type": "Feature", "properties": { "Region": "ŚLĄSKIE", "District": "KATOWICKI", "City": "Hajduki Wielkie", "1921": 25000.0, "1931": 28385.0, "1939": 0.0 }, "geometry": { "type": "Point", "coordinates": [ 18.937532, 50.267178 ] } },
{ "type": "Feature", "properties": { "Region": "WOŁYŃSKIE", "District": "KOWELSKI", "City": "Kowel", "1921": 20818.0, "1931": 27653.0, "1939": 35000.0 }, "geometry": { "type": "Point", "coordinates": [ 24.716667, 51.233333 ] } },
{ "type": "Feature", "properties": { "Region": "LWOWSKIE", "District": "RZESZOWSKI", "City": "Rzeszów", "1921": 24942.0, "1931": 27499.0, "1939": 37116.0 }, "geometry": { "type": "Point", "coordinates": [ 22.004722, 50.033611 ] } },
{ "type": "Feature", "properties": { "Region": "ŁÓDZKIE", "District": "ŁÓDZKI", "City": "Zgierz", "1921": 21129.0, "1931": 26646.0, "1939": 28134.0 }, "geometry": { "type": "Point", "coordinates": [ 19.406111, 51.855 ] } },
{ "type": "Feature", "properties": { "Region": "KIELECKIE", "District": "OPATOWSKI", "City": "Ostrowiec (Świętokrzyski)", "1921": 22215.0, "1931": 25983.0, "1939": 29000.0 }, "geometry": { "type": "Point", "coordinates": [ 21.386111, 50.9325 ] } },
{ "type": "Feature", "properties": { "Region": "WARSZAWSKIE", "District": "BŁOŃSKI", "City": "Żyrardów", "1921": 21336.0, "1931": 25081.0, "1939": 27870.0 }, "geometry": { "type": "Point", "coordinates": [ 20.444444, 52.054167 ] } },
{ "type": "Feature", "properties": { "Region": "BIAŁOSTOCKIE", "District": "ŁOMŻYŃSKI", "City": "Łomża", "1921": 22014.0, "1931": 25065.0, "1939": 27262.0 }, "geometry": { "type": "Point", "coordinates": [ 22.073056, 53.176389 ] } },
{ "type": "Feature", "properties": { "Region": "LUBELSKIE", "District": "ZAMOJSKI", "City": "Zamość", "1921": 19023.0, "1931": 24273.0, "1939": 28000.0 }, "geometry": { "type": "Point", "coordinates": [ 23.258611, 50.720556 ] } },
{ "type": "Feature", "properties": { "Region": "WARSZAWSKIE", "District": "WARSZAWSKI", "City": "Pruszków", "1921": 15132.0, "1931": 23703.0, "1939": 27120.0 }, "geometry": { "type": "Point", "coordinates": [ 20.805556, 52.165556 ] } },
{ "type": "Feature", "properties": { "Region": "WARSZAWSKIE", "District": "KUTNOWSKI", "City": "Kutno", "1921": 18274.0, "1931": 23451.0, "1939": 25353.0 }, "geometry": { "type": "Point", "coordinates": [ 19.364342, 52.231061 ] } },
{ "type": "Feature", "properties": { "Region": "ŚLĄSKIE", "District": "RYBNICKI", "City": "Rybnik", "1921": 17500.0, "1931": 23046.0, "1939": 28498.0 }, "geometry": { "type": "Point", "coordinates": [ 18.545, 50.098611 ] } },
{ "type": "Feature", "properties": { "Region": "ŁÓDZKIE", "District": "RADOMSZCZAŃSKI", "City": "Radomsko", "1921": 20572.0, "1931": 22980.0, "1939": 26350.0 }, "geometry": { "type": "Point", "coordinates": [ 19.443611, 51.067222 ] } },
{ "type": "Feature", "properties": { "Region": "ŚLĄSKIE", "District": "KATOWICKI", "City": "Mysłowice", "1921": 20000.0, "1931": 22943.0, "1939": 24619.0 }, "geometry": { "type": "Point", "coordinates": [ 19.136667, 50.241389 ] } },
{ "type": "Feature", "properties": { "Region": "ŁÓDZKIE", "District": "SIERADZKI", "City": "Zduńska Wola", "1921": 18923.0, "1931": 22904.0, "1939": 26154.0 }, "geometry": { "type": "Point", "coordinates": [ 18.939167, 51.606111 ] } },
{ "type": "Feature", "properties": { "Region": "NOWOGRÓDZKIE", "District": "BARANOWICKI", "City": "Baranowicze", "1921": 11471.0, "1931": 22893.0, "1939": 30119.0 }, "geometry": { "type": "Point", "coordinates": [ 25.983333, 53.116667 ] } },
{ "type": "Feature", "properties": { "Region": "KRAKOWSKIE", "District": "BIALSKI (BIAŁA KRAKOWSKA)", "City": "Biała Krakowska (dziś część Bielska-Białej)", "1921": 17072.0, "1931": 22891.0, "1939": 30337.0 }, "geometry": { "type": "Point", "coordinates": [ 19.050833, 49.823333 ] } },
{ "type": "Feature", "properties": { "Region": "POMORSKIE", "District": "TCZEWSKI", "City": "Tczew", "1921": 16251.0, "1931": 22728.0, "1939": 25398.0 }, "geometry": { "type": "Point", "coordinates": [ 18.777331, 54.092192 ] } },
{ "type": "Feature", "properties": { "Region": "ŚLĄSKIE", "District": "BIELSKO (MIASTO)", "City": "Bielsko (dziś część Bielska-Białej)", "1921": 19785.0, "1931": 22573.0, "1939": 32000.0 }, "geometry": { "type": "Point", "coordinates": [ 19.042717, 49.821194 ] } },
{ "type": "Feature", "properties": { "Region": "LWOWSKIE", "District": "JAROSŁAWSKI", "City": "Jarosław (nad Sanem)", "1921": 19973.0, "1931": 22330.0, "1939": 22195.0 }, "geometry": { "type": "Point", "coordinates": [ 22.679722, 50.018611 ] } },
{ "type": "Feature", "properties": { "Region": "ŚLĄSKIE", "District": "KATOWICKI", "City": "Ruda Śląska", "1921": 18000.0, "1931": 22201.0, "1939": 25000.0 }, "geometry": { "type": "Point", "coordinates": [ 18.853611, 50.262778 ] } },
{ "type": "Feature", "properties": { "Region": "LWOWSKIE", "District": "SAMBORSKI", "City": "Sambor", "1921": 19417.0, "1931": 22111.0, "1939": 23500.0 }, "geometry": { "type": "Point", "coordinates": [ 23.205194, 49.515806 ] } },
{ "type": "Feature", "properties": { "Region": "BIAŁOSTOCKIE", "District": "SUWALSKI", "City": "Suwałki", "1921": 16780.0, "1931": 21957.0, "1939": 23066.0 }, "geometry": { "type": "Point", "coordinates": [ 22.9325, 54.101111 ] } },
{ "type": "Feature", "properties": { "Region": "KIELECKIE", "District": "BĘDZIŃSKI", "City": "Czeladź", "1921": 17202.0, "1931": 21035.0, "1939": 21235.0 }, "geometry": { "type": "Point", "coordinates": [ 19.070278, 50.317222 ] } },
{ "type": "Feature", "properties": { "Region": "WARSZAWSKIE", "District": "SKIERNIEWICKI", "City": "Skierniewice", "1921": 16647.0, "1931": 20191.0, "1939": 21214.0 }, "geometry": { "type": "Point", "coordinates": [ 20.141667, 51.952778 ] } },
{ "type": "Feature", "properties": { "Region": "WOŁYŃSKIE", "District": "KRZEMIENIECKI", "City": "Krzemieniec", "1921": 16068.0, "1931": 19997.0, "1939": 22470.0 }, "geometry": { "type": "Point", "coordinates": [ 25.7275, 50.108056 ] } },
{ "type": "Feature", "properties": { "Region": "WARSZAWSKIE", "District": "MŁAWSKI", "City": "Mława", "1921": 17003.0, "1931": 19584.0, "1939": 19900.0 }, "geometry": { "type": "Point", "coordinates": [ 20.3575, 53.127222 ] } },
{ "type": "Feature", "properties": { "Region": "POZNAŃSKIE", "District": "OSTROWSKI (OSTRÓW WIELKOPOLSKI)", "City": "Ostrów Wielkopolski", "1921": 16366.0, "1931": 19555.0, "1939": 31418.0 }, "geometry": { "type": "Point", "coordinates": [ 17.807222, 51.654722 ] } },
{ "type": "Feature", "properties": { "Region": "NOWOGRÓDZKIE", "District": "LIDZKI", "City": "Lida", "1921": 13401.0, "1931": 19490.0, "1939": 26257.0 }, "geometry": { "type": "Point", "coordinates": [ 25.3, 53.883333 ] } },
{ "type": "Feature", "properties": { "Region": "POZNAŃSKIE", "District": "LESZCZYŃSKI", "City": "Leszno", "1921": 16506.0, "1931": 19258.0, "1939": 20751.0 }, "geometry": { "type": "Point", "coordinates": [ 16.580556, 51.845833 ] } },
{ "type": "Feature", "properties": { "Region": "TARNOPOLSKIE", "District": "CZORTKOWSKI", "City": "Czortków", "1921": 14085.0, "1931": 19215.0, "1939": 19038.0 }, "geometry": { "type": "Point", "coordinates": [ 25.766667, 49.0 ] } },
{ "type": "Feature", "properties": { "Region": "KRAKOWSKIE", "District": "CHRZANOWSKI", "City": "Jaworzno", "1921": 15932.0, "1931": 19055.0, "1939": 23000.0 }, "geometry": { "type": "Point", "coordinates": [ 19.27, 50.204444 ] } },
{ "type": "Feature", "properties": { "Region": "ŚLĄSKIE", "District": "ŚWIĘTOCHŁOWICKI", "City": "Lipiny", "1921": 18000.0, "1931": 17934.0, "1939": 18000.0 }, "geometry": { "type": "Point", "coordinates": [ 18.901944, 50.305833 ] } },
{ "type": "Feature", "properties": { "Region": "KRAKOWSKIE", "District": "CHRZANOWSKI", "City": "Chrzanów", "1921": 14085.0, "1931": 17833.0, "1939": 21651.0 }, "geometry": { "type": "Point", "coordinates": [ 19.403889, 50.141111 ] } },
{ "type": "Feature", "properties": { "Region": "ŚLĄSKIE", "District": "CIESZYŃSKI", "City": "Cieszyn", "1921": 15268.0, "1931": 17791.0, "1939": 20385.0 }, "geometry": { "type": "Point", "coordinates": [ 18.633056, 49.748333 ] } },
{ "type": "Feature", "properties": { "Region": "KRAKOWSKIE", "District": "NOWOTARSKI", "City": "Zakopane", "1921": 8808.0, "1931": 17703.0, "1939": 23000.0 }, "geometry": { "type": "Point", "coordinates": [ 19.951944, 49.299444 ] } },
{ "type": "Feature", "properties": { "Region": "WARSZAWSKIE", "District": "ŁOWICKI", "City": "Łowicz", "1921": 16451.0, "1931": 17613.0, "1939": 19000.0 }, "geometry": { "type": "Point", "coordinates": [ 19.945833, 52.106111 ] } },
{ "type": "Feature", "properties": { "Region": "BIAŁOSTOCKIE", "District": "OSTROWSKI (OSTRÓW MAZOWIECKA)", "City": "Ostrów Mazowiecka", "1921": 14469.0, "1931": 17611.0, "1939": 18528.0 }, "geometry": { "type": "Point", "coordinates": [ 21.896111, 52.800833 ] } },
{ "type": "Feature", "properties": { "Region": "LUBELSKIE", "District": "BIALSKI (BIAŁA PODLASKA)", "City": "Biała Podlaska", "1921": 13088.0, "1931": 17549.0, "1939": 22000.0 }, "geometry": { "type": "Point", "coordinates": [ 23.116667, 52.033333 ] } },
{ "type": "Feature", "properties": { "Region": "LUBELSKIE", "District": "RADZYŃSKI", "City": "Międzyrzec (nad Krzną)", "1921": 14211.0, "1931": 16837.0, "1939": 17983.0 }, "geometry": { "type": "Point", "coordinates": [ 22.784836, 51.985411 ] } },
{ "type": "Feature", "properties": { "Region": "POLESKIE", "District": "KOSZYRSKI", "City": "Kamień Koszyrski", "1921": 10971.0, "1931": 16636.0, "1939": 21168.0 }, "geometry": { "type": "Point", "coordinates": [ 24.966667, 51.616667 ] } },
{ "type": "Feature", "properties": { "Region": "NOWOGRÓDZKIE", "District": "SŁONIMSKI", "City": "Słonim", "1921": 9643.0, "1931": 16284.0, "1939": 18500.0 }, "geometry": { "type": "Point", "coordinates": [ 25.316667, 53.083333 ] } },
{ "type": "Feature", "properties": { "Region": "ŚLĄSKIE", "District": "TARNOGÓRSKI", "City": "Tarnowskie Góry", "1921": 14399.0, "1931": 15773.0, "1939": 17549.0 }, "geometry": { "type": "Point", "coordinates": [ 18.855556, 50.444444 ] } },
{ "type": "Feature", "properties": { "Region": "WARSZAWSKIE", "District": "BŁOŃSKI", "City": "Grodzisk Mazowiecki", "1921": 11254.0, "1931": 15678.0, "1939": 18737.0 }, "geometry": { "type": "Point", "coordinates": [ 20.631667, 52.106389 ] } },
{ "type": "Feature", "properties": { "Region": "WARSZAWSKIE", "District": "PUŁTUSKI", "City": "Pułtusk", "1921": 13742.0, "1931": 15487.0, "1939": 17401.0 }, "geometry": { "type": "Point", "coordinates": [ 21.083889, 52.705 ] } },
{ "type": "Feature", "properties": { "Region": "BIAŁOSTOCKIE", "District": "WOŁKOWYSKI", "City": "Wołkowysk", "1921": 11100.0, "1931": 15163.0, "1939": 17000.0 }, "geometry": { "type": "Point", "coordinates": [ 24.466667, 53.166667 ] } },
{ "type": "Feature", "properties": { "Region": "WARSZAWSKIE", "District": "WARSZAWSKI", "City": "Otwock", "1921": 8560.0, "1931": 14996.0, "1939": 19332.0 }, "geometry": { "type": "Point", "coordinates": [ 21.265833, 52.106111 ] } },
{ "type": "Feature", "properties": { "Region": "ŁÓDZKIE", "District": "ŁĘCZYCKI", "City": "Ozorków", "1921": 12589.0, "1931": 14979.0, "1939": 16420.0 }, "geometry": { "type": "Point", "coordinates": [ 19.288056, 51.958333 ] } },
{ "type": "Feature", "properties": { "Region": "KIELECKIE", "District": "KONECKI", "City": "Skarżysko-Kamienna", "1921": 8163.0, "1931": 14320.0, "1939": 19870.0 }, "geometry": { "type": "Point", "coordinates": [ 20.866944, 51.116389 ] } },
{ "type": "Feature", "properties": { "Region": "LWOWSKIE", "District": "SANOCKI", "City": "Sanok", "1921": 12261.0, "1931": 14262.0, "1939": 17862.0 }, "geometry": { "type": "Point", "coordinates": [ 22.205556, 49.558333 ] } },
{ "type": "Feature", "properties": { "Region": "POMORSKIE", "District": "CHOJNICKI", "City": "Chojnice", "1921": 10409.0, "1931": 14255.0, "1939": 16975.0 }, "geometry": { "type": "Point", "coordinates": [ 17.556389, 53.694167 ] } },
{ "type": "Feature", "properties": { "Region": "LUBELSKIE", "District": "ŁUKOWSKI", "City": "Łuków", "1921": 12571.0, "1931": 13971.0, "1939": 14865.0 }, "geometry": { "type": "Point", "coordinates": [ 22.383333, 51.927222 ] } },
{ "type": "Feature", "properties": { "Region": "WARSZAWSKIE", "District": "CIECHANOWSKI", "City": "Ciechanów", "1921": 11977.0, "1931": 13954.0, "1939": 15200.0 }, "geometry": { "type": "Point", "coordinates": [ 20.610556, 52.881667 ] } },
{ "type": "Feature", "properties": { "Region": "ŁÓDZKIE", "District": "KOLSKI", "City": "Koło", "1921": 13040.0, "1931": 13771.0, "1939": 14211.0 }, "geometry": { "type": "Point", "coordinates": [ 18.647222, 52.201944 ] } },
{ "type": "Feature", "properties": { "Region": "BIAŁOSTOCKIE", "District": "OSTROŁĘCKI", "City": "Ostrołęka", "1921": 9145.0, "1931": 13438.0, "1939": 15000.0 }, "geometry": { "type": "Point", "coordinates": [ 21.5725, 53.082778 ] } },
{ "type": "Feature", "properties": { "Region": "LUBELSKIE", "District": "HRUBIESZOWSKI", "City": "Hrubieszów", "1921": 10595.0, "1931": 13359.0, "1939": 13774.0 }, "geometry": { "type": "Point", "coordinates": [ 23.891944, 50.8025 ] } },
{ "type": "Feature", "properties": { "Region": "POMORSKIE", "District": "STAROGARDZKI", "City": "Starogard (Gdański)", "1921": 10466.0, "1931": 13356.0, "1939": 15356.0 }, "geometry": { "type": "Point", "coordinates": [ 18.525833, 53.963056 ] } },
{ "type": "Feature", "properties": { "Region": "TARNOPOLSKIE", "District": "ZŁOCZOWSKI", "City": "Złoczów", "1921": 11130.0, "1931": 13265.0, "1939": 14000.0 }, "geometry": { "type": "Point", "coordinates": [ 24.897778, 49.808056 ] } },
{ "type": "Feature", "properties": { "Region": "ŁÓDZKIE", "District": "WIELUŃSKI", "City": "Wieluń", "1921": 11032.0, "1931": 13220.0, "1939": 15535.0 }, "geometry": { "type": "Point", "coordinates": [ 18.573889, 51.2225 ] } },
{ "type": "Feature", "properties": { "Region": "WARSZAWSKIE", "District": "RADZYMIŃSKI", "City": "Wołomin", "1921": 6404.0, "1931": 13114.0, "1939": 14757.0 }, "geometry": { "type": "Point", "coordinates": [ 21.241944, 52.346667 ] } },
{ "type": "Feature", "properties": { "Region": "ŁÓDZKIE", "District": "BRZEZIŃSKI", "City": "Brzeziny", "1921": 10633.0, "1931": 13045.0, "1939": 14000.0 }, "geometry": { "type": "Point", "coordinates": [ 19.751389, 51.800278 ] } },
{ "type": "Feature", "properties": { "Region": "WARSZAWSKIE", "District": "MIŃSKI", "City": "Mińsk Mazowiecki", "1921": 11018.0, "1931": 13015.0, "1939": 14660.0 }, "geometry": { "type": "Point", "coordinates": [ 21.558333, 52.180556 ] } },
{ "type": "Feature", "properties": { "Region": "POZNAŃSKIE", "District": "KROTOSZYŃSKI", "City": "Krotoszyn", "1921": 11110.0, "1931": 12969.0, "1939": 14135.0 }, "geometry": { "type": "Point", "coordinates": [ 17.436944, 51.695556 ] } },
{ "type": "Feature", "properties": { "Region": "WOŁYŃSKIE", "District": "ZDOŁBUNOWSKI", "City": "Ostróg", "1921": 13303.0, "1931": 12955.0, "1939": 14156.0 }, "geometry": { "type": "Point", "coordinates": [ 26.516667, 50.333333 ] } },
{ "type": "Feature", "properties": { "Region": "LWOWSKIE", "District": "GRÓDECKI", "City": "Gródek Jagielloński", "1921": 10682.0, "1931": 12942.0, "1939": 15015.0 }, "geometry": { "type": "Point", "coordinates": [ 23.6375, 49.78 ] } },
{ "type": "Feature", "properties": { "Region": "KIELECKIE", "District": "JĘDRZEJOWSKI", "City": "Jędrzejów", "1921": 11740.0, "1931": 12853.0, "1939": 14600.0 }, "geometry": { "type": "Point", "coordinates": [ 20.304167, 50.639444 ] } },
{ "type": "Feature", "properties": { "Region": "WOŁYŃSKIE", "District": "DUBIEŃSKI", "City": "Dubno", "1921": 9146.0, "1931": 12696.0, "1939": 18167.0 }, "geometry": { "type": "Point", "coordinates": [ 25.762222, 50.407222 ] } },
{ "type": "Feature", "properties": { "Region": "POMORSKIE", "District": "MORSKI", "City": "Wejherowo", "1921": 8786.0, "1931": 12559.0, "1939": 14566.0 }, "geometry": { "type": "Point", "coordinates": [ 18.248889, 54.604167 ] } },
{ "type": "Feature", "properties": { "Region": "POMORSKIE", "District": "CHEŁMIŃSKI", "City": "Chełmno", "1921": 10208.0, "1931": 12531.0, "1939": 13452.0 }, "geometry": { "type": "Point", "coordinates": [ 18.422778, 53.349167 ] } },
{ "type": "Feature", "properties": { "Region": "TARNOPOLSKIE", "District": "BRODZKI", "City": "Brody", "1921": 10867.0, "1931": 12401.0, "1939": 13628.0 }, "geometry": { "type": "Point", "coordinates": [ 25.143889, 50.084444 ] } },
{ "type": "Feature", "properties": { "Region": "STANISŁAWOWSKIE", "District": "HORODEŃSKI", "City": "Horodenka", "1921": 10054.0, "1931": 12303.0, "1939": 13780.0 }, "geometry": { "type": "Point", "coordinates": [ 25.5, 48.666667 ] } },
{ "type": "Feature", "properties": { "Region": "KRAKOWSKIE", "District": "BOCHEŃSKI", "City": "Bochnia", "1921": 11014.0, "1931": 12274.0, "1939": 14780.0 }, "geometry": { "type": "Point", "coordinates": [ 20.43, 49.968889 ] } },
{ "type": "Feature", "properties": { "Region": "ŁÓDZKIE", "District": "ŁÓDZKI", "City": "Ruda Pabianicka", "1921": 5127.0, "1931": 12164.0, "1939": 20034.0 }, "geometry": { "type": "Point", "coordinates": [ 19.434458, 51.699747 ] } },
{ "type": "Feature", "properties": { "Region": "BIAŁOSTOCKIE", "District": "AUGUSTOWSKI", "City": "Augustów", "1921": 8762.0, "1931": 12147.0, "1939": 17861.0 }, "geometry": { "type": "Point", "coordinates": [ 22.9775, 53.843611 ] } },
{ "type": "Feature", "properties": { "Region": "LWOWSKIE", "District": "SOKALSKI", "City": "Sokal", "1921": 10183.0, "1931": 12135.0, "1939": 12135.0 }, "geometry": { "type": "Point", "coordinates": [ 24.283333, 50.483333 ] } },
{ "type": "Feature", "properties": { "Region": "STANISŁAWOWSKIE", "District": "KAŁUSKI", "City": "Kałusz", "1921": 8697.0, "1931": 12131.0, "1939": 14699.0 }, "geometry": { "type": "Point", "coordinates": [ 24.366667, 49.016667 ] } },
{ "type": "Feature", "properties": { "Region": "LWOWSKIE", "District": "KROŚNIEŃSKI", "City": "Krosno", "1921": 10454.0, "1931": 12125.0, "1939": 17738.0 }, "geometry": { "type": "Point", "coordinates": [ 21.765833, 49.682222 ] } },
{ "type": "Feature", "properties": { "Region": "KRAKOWSKIE", "District": "BIALSKI (BIAŁA KRAKOWSKA)", "City": "Oświęcim", "1921": 12187.0, "1931": 11949.0, "1939": 13350.0 }, "geometry": { "type": "Point", "coordinates": [ 19.220833, 50.039167 ] } },
{ "type": "Feature", "properties": { "Region": "TARNOPOLSKIE", "District": "BRZEŻAŃSKI", "City": "Brzeżany", "1921": 10083.0, "1931": 11721.0, "1939": 11731.0 }, "geometry": { "type": "Point", "coordinates": [ 24.9431, 49.441228 ] } },
{ "type": "Feature", "properties": { "Region": "POLESKIE", "District": "STOLIŃSKI", "City": "Dawidgródek", "1921": 9851.0, "1931": 11701.0, "1939": 10566.0 }, "geometry": { "type": "Point", "coordinates": [ 27.213889, 52.055556 ] } },
{ "type": "Feature", "properties": { "Region": "LUBELSKIE", "District": "JANOWSKI", "City": "Kraśnik", "1921": 8903.0, "1931": 11615.0, "1939": 13284.0 }, "geometry": { "type": "Point", "coordinates": [ 22.220833, 50.921389 ] } },
{ "type": "Feature", "properties": { "Region": "ŁÓDZKIE", "District": "ŁÓDZKI", "City": "Aleksandrów (Łódzki)", "1921": 8236.0, "1931": 11554.0, "1939": 13333.0 }, "geometry": { "type": "Point", "coordinates": [ 19.304444, 51.819444 ] } },
{ "type": "Feature", "properties": { "Region": "ŚLĄSKIE", "District": "PSZCZYŃSKI", "City": "Mikołów", "1921": 8377.0, "1931": 11463.0, "1939": 14030.0 }, "geometry": { "type": "Point", "coordinates": [ 18.903889, 50.163611 ] } },
{ "type": "Feature", "properties": { "Region": "LWOWSKIE", "District": "RAWSKI (RAWA RUSKA)", "City": "Rawa Ruska", "1921": 8970.0, "1931": 11146.0, "1939": 12000.0 }, "geometry": { "type": "Point", "coordinates": [ 23.621139, 50.233861 ] } },
{ "type": "Feature", "properties": { "Region": "KIELECKIE", "District": "KONECKI", "City": "Końskie", "1921": 9119.0, "1931": 11102.0, "1939": 11422.0 }, "geometry": { "type": "Point", "coordinates": [ 20.406111, 51.188889 ] } },
{ "type": "Feature", "properties": { "Region": "POMORSKIE", "District": "TORUŃSKI", "City": "Chełmża", "1921": 10698.0, "1931": 11098.0, "1939": 12983.0 }, "geometry": { "type": "Point", "coordinates": [ 18.603611, 53.186667 ] } },
{ "type": "Feature", "properties": { "Region": "STANISŁAWOWSKIE", "District": "ŚNIATYŃSKI", "City": "Śniatyn", "1921": 10597.0, "1931": 10915.0, "1939": 11000.0 }, "geometry": { "type": "Point", "coordinates": [ 25.566667, 48.45 ] } },
{ "type": "Feature", "properties": { "Region": "POZNAŃSKIE", "District": "RAWICKI", "City": "Rawicz", "1921": 9250.0, "1931": 10827.0, "1939": 10912.0 }, "geometry": { "type": "Point", "coordinates": [ 16.8575, 51.609167 ] } },
{ "type": "Feature", "properties": { "Region": "WARSZAWSKIE", "District": "SOCHACZEWSKI", "City": "Sochaczew", "1921": 5445.0, "1931": 10822.0, "1939": 12984.0 }, "geometry": { "type": "Point", "coordinates": [ 20.241667, 52.227778 ] } },
{ "type": "Feature", "properties": { "Region": "WARSZAWSKIE", "District": "PUŁTUSKI", "City": "Wyszków", "1921": 9084.0, "1931": 10772.0, "1939": 11496.0 }, "geometry": { "type": "Point", "coordinates": [ 21.459167, 52.593056 ] } },
{ "type": "Feature", "properties": { "Region": "STANISŁAWOWSKIE", "District": "DOLIŃSKI", "City": "Bolechów", "1921": 9017.0, "1931": 10744.0, "1939": 11744.0 }, "geometry": { "type": "Point", "coordinates": [ 23.866667, 49.05 ] } },
{ "type": "Feature", "properties": { "Region": "LWOWSKIE", "District": "JAWOROWSKI", "City": "Jaworów", "1921": 9024.0, "1931": 10690.0, "1939": 10794.0 }, "geometry": { "type": "Point", "coordinates": [ 23.385833, 49.939722 ] } },
{ "type": "Feature", "properties": { "Region": "KIELECKIE", "District": "KONECKI", "City": "Szydłowiec", "1921": 8296.0, "1931": 10590.0, "1939": 10568.0 }, "geometry": { "type": "Point", "coordinates": [ 20.857222, 51.223889 ] } },
{ "type": "Feature", "properties": { "Region": "ŁÓDZKIE", "District": "ŁĘCZYCKI", "City": "Łęczyca", "1921": 10267.0, "1931": 10553.0, "1939": 10987.0 }, "geometry": { "type": "Point", "coordinates": [ 19.198333, 52.059167 ] } },
{ "type": "Feature", "properties": { "Region": "ŁÓDZKIE", "District": "SIERADZKI", "City": "Sieradz", "1921": 9284.0, "1931": 10537.0, "1939": 11359.0 }, "geometry": { "type": "Point", "coordinates": [ 18.730556, 51.595278 ] } },
{ "type": "Feature", "properties": { "Region": "LUBELSKIE", "District": "KRASNOSTAWSKI", "City": "Krasnystaw", "1921": 8943.0, "1931": 10435.0, "1939": 11680.0 }, "geometry": { "type": "Point", "coordinates": [ 23.169722, 50.983889 ] } },
{ "type": "Feature", "properties": { "Region": "LUBELSKIE", "District": "TOMASZOWSKI", "City": "Tomaszów Lubelski", "1921": 7639.0, "1931": 10433.0, "1939": 11200.0 }, "geometry": { "type": "Point", "coordinates": [ 23.419167, 50.453056 ] } },
{ "type": "Feature", "properties": { "Region": "WARSZAWSKIE", "District": "LIPNOWSKI", "City": "Lipno", "1921": 8630.0, "1931": 10415.0, "1939": 12018.0 }, "geometry": { "type": "Point", "coordinates": [ 19.180556, 52.848611 ] } },
{ "type": "Feature", "properties": { "Region": "KRAKOWSKIE", "District": "NOWOTARSKI", "City": "Nowy Targ", "1921": 8071.0, "1931": 10406.0, "1939": 11622.0 }, "geometry": { "type": "Point", "coordinates": [ 20.03, 49.477778 ] } },
{ "type": "Feature", "properties": { "Region": "WARSZAWSKIE", "District": "PŁOŃSKI", "City": "Płońsk", "1921": 9352.0, "1931": 10393.0, "1939": 12000.0 }, "geometry": { "type": "Point", "coordinates": [ 20.371111, 52.623333 ] } },
{ "type": "Feature", "properties": { "Region": "ŁÓDZKIE", "District": "KONIŃSKI", "City": "Konin", "1921": 10045.0, "1931": 10390.0, "1939": 11200.0 }, "geometry": { "type": "Point", "coordinates": [ 18.261389, 52.2275 ] } },
{ "type": "Feature", "properties": { "Region": "LWOWSKIE", "District": "ŻÓŁKIEWSKI", "City": "Żółkiew", "1921": 7867.0, "1931": 10348.0, "1939": 11000.0 }, "geometry": { "type": "Point", "coordinates": [ 23.970556, 50.055833 ] } },
{ "type": "Feature", "properties": { "Region": "POZNAŃSKIE", "District": "WYRZYSKI", "City": "Nakło (nad Notecią)", "1921": 7885.0, "1931": 10303.0, "1939": 11000.0 }, "geometry": { "type": "Point", "coordinates": [ 17.599444, 53.138889 ] } },
{ "type": "Feature", "properties": { "Region": "POZNAŃSKIE", "District": "KOŚCIAŃSKI", "City": "Kościan", "1921": 7803.0, "1931": 10275.0, "1939": 12500.0 }, "geometry": { "type": "Point", "coordinates": [ 16.640278, 52.081389 ] } },
{ "type": "Feature", "properties": { "Region": "TARNOPOLSKIE", "District": "BUCZACKI", "City": "Buczacz", "1921": 7517.0, "1931": 10274.0, "1939": 10672.0 }, "geometry": { "type": "Point", "coordinates": [ 25.4, 49.05 ] } },
{ "type": "Feature", "properties": { "Region": "WOŁYŃSKIE", "District": "ZDOŁBUNOWSKI", "City": "Zdołbunów", "1921": 7789.0, "1931": 10228.0, "1939": 10228.0 }, "geometry": { "type": "Point", "coordinates": [ 26.259722, 50.509444 ] } },
{ "type": "Feature", "properties": { "Region": "LWOWSKIE", "District": "TURCZAŃSKI", "City": "Turka", "1921": 10056.0, "1931": 10145.0, "1939": 10145.0 }, "geometry": { "type": "Point", "coordinates": [ 23.031389, 49.153889 ] } },
{ "type": "Feature", "properties": { "Region": "KRAKOWSKIE", "District": "JASIELSKI", "City": "Jasło", "1921": 10391.0, "1931": 10112.0, "1939": 12000.0 }, "geometry": { "type": "Point", "coordinates": [ 21.471389, 49.747778 ] } },
{ "type": "Feature", "properties": { "Region": "POLESKIE", "District": "KOBRYŃSKI", "City": "Kobryń", "1921": 8208.0, "1931": 10101.0, "1939": 11020.0 }, "geometry": { "type": "Point", "coordinates": [ 24.35, 52.216667 ] } },
{ "type": "Feature", "properties": { "Region": "WARSZAWSKIE", "District": "SIERPECKI", "City": "Sierpc", "1921": 6722.0, "1931": 10051.0, "1939": 13000.0 }, "geometry": { "type": "Point", "coordinates": [ 19.668056, 52.853056 ] } },
{ "type": "Feature", "properties": { "Region": "LUBELSKIE", "District": "WŁODAWSKI", "City": "Parczew", "1921": 8291.0, "1931": 9943.0, "1939": 10159.0 }, "geometry": { "type": "Point", "coordinates": [ 22.904056, 51.641361 ] } },
{ "type": "Feature", "properties": { "Region": "KIELECKIE", "District": "OLKUSKI", "City": "Olkusz", "1921": 7589.0, "1931": 9916.0, "1939": 11046.0 }, "geometry": { "type": "Point", "coordinates": [ 19.559722, 50.279167 ] } },
{ "type": "Feature", "properties": { "Region": "LUBELSKIE", "District": "SOKOŁOWSKI", "City": "Sokołów Podlaski", "1921": 8055.0, "1931": 9901.0, "1939": 13543.0 }, "geometry": { "type": "Point", "coordinates": [ 22.249722, 52.4075 ] } },
{ "type": "Feature", "properties": { "Region": "STANISŁAWOWSKIE", "District": "DOLIŃSKI", "City": "Dolina", "1921": 8766.0, "1931": 9616.0, "1939": 11102.0 }, "geometry": { "type": "Point", "coordinates": [ 24.0, 48.966667 ] } },
{ "type": "Feature", "properties": { "Region": "NOWOGRÓDZKIE", "District": "NOWOGRÓDZKI", "City": "Nowogródek", "1921": 6367.0, "1931": 9567.0, "1939": 11335.0 }, "geometry": { "type": "Point", "coordinates": [ 25.816667, 53.583333 ] } },
{ "type": "Feature", "properties": { "Region": "WARSZAWSKIE", "District": "NIESZAWSKI", "City": "Aleksandrów Kujawski", "1921": 8193.0, "1931": 9565.0, "1939": 9554.0 }, "geometry": { "type": "Point", "coordinates": [ 18.693333, 52.876389 ] } },
{ "type": "Feature", "properties": { "Region": "KIELECKIE", "District": "OPATOWSKI", "City": "Opatów", "1921": 8827.0, "1931": 9519.0, "1939": 9600.0 }, "geometry": { "type": "Point", "coordinates": [ 21.424722, 50.805 ] } },
{ "type": "Feature", "properties": { "Region": "WARSZAWSKIE", "District": "GRÓJECKI", "City": "Grójec", "1921": 8418.0, "1931": 9518.0, "1939": 10430.0 }, "geometry": { "type": "Point", "coordinates": [ 20.8675, 51.865556 ] } },
{ "type": "Feature", "properties": { "Region": "ŁÓDZKIE", "District": "TURECKI", "City": "Turek", "1921": 9948.0, "1931": 9421.0, "1939": 9879.0 }, "geometry": { "type": "Point", "coordinates": [ 18.485278, 52.013333 ] } },
{ "type": "Feature", "properties": { "Region": "LUBELSKIE", "District": "WĘGROWSKI", "City": "Węgrów", "1921": 8522.0, "1931": 9416.0, "1939": 10103.0 }, "geometry": { "type": "Point", "coordinates": [ 22.016389, 52.399167 ] } },
{ "type": "Feature", "properties": { "Region": "WARSZAWSKIE", "District": "WARSZAWSKI", "City": "Nowy Dwór (Mazowiecki)", "1921": 7829.0, "1931": 9386.0, "1939": 10026.0 }, "geometry": { "type": "Point", "coordinates": [ 20.715833, 52.430278 ] } },
{ "type": "Feature", "properties": { "Region": "KRAKOWSKIE", "District": "ROPCZYCKI", "City": "Dębica", "1921": 6846.0, "1931": 9276.0, "1939": 10575.0 }, "geometry": { "type": "Point", "coordinates": [ 21.409444, 50.050833 ] } },
{ "type": "Feature", "properties": { "Region": "WARSZAWSKIE", "District": "RAWSKI (RAWA MAZOWIECKA)", "City": "Rawa Mazowiecka", "1921": 8185.0, "1931": 9200.0, "1939": 9257.0 }, "geometry": { "type": "Point", "coordinates": [ 20.25, 51.766667 ] } },
{ "type": "Feature", "properties": { "Region": "LUBELSKIE", "District": "PUŁAWSKI", "City": "Puławy", "1921": 7205.0, "1931": 9093.0, "1939": 14000.0 }, "geometry": { "type": "Point", "coordinates": [ 21.969167, 51.416389 ] } },
{ "type": "Feature", "properties": { "Region": "BIAŁOSTOCKIE", "District": "SZCZUCZYŃSKI (WOJ. BIAŁOSTOCKIE)", "City": "Grajewo", "1921": 7346.0, "1931": 9036.0, "1939": 10000.0 }, "geometry": { "type": "Point", "coordinates": [ 22.455, 53.646667 ] } },
{ "type": "Feature", "properties": { "Region": "KIELECKIE", "District": "OLKUSKI", "City": "Wolbrom", "1921": 7392.0, "1931": 8930.0, "1939": 9946.0 }, "geometry": { "type": "Point", "coordinates": [ 19.759444, 50.385556 ] } },
{ "type": "Feature", "properties": { "Region": "KIELECKIE", "District": "OPOCZYŃSKI", "City": "Opoczno", "1921": 8252.0, "1931": 8921.0, "1939": 10047.0 }, "geometry": { "type": "Point", "coordinates": [ 20.286944, 51.377222 ] } },
{ "type": "Feature", "properties": { "Region": "WARSZAWSKIE", "District": "MIŃSKI", "City": "Kałuszyn", "1921": 7694.0, "1931": 8827.0, "1939": 9000.0 }, "geometry": { "type": "Point", "coordinates": [ 21.811667, 52.208333 ] } },
{ "type": "Feature", "properties": { "Region": "STANISŁAWOWSKIE", "District": "NADWÓRNIAŃSKI", "City": "Delatyn", "1921": 5973.0, "1931": 8815.0, "1939": 8864.0 }, "geometry": { "type": "Point", "coordinates": [ 24.623611, 48.528611 ] } },
{ "type": "Feature", "properties": { "Region": "KIELECKIE", "District": "KOZIENICKI", "City": "Zwoleń", "1921": 7817.0, "1931": 8757.0, "1939": 9500.0 }, "geometry": { "type": "Point", "coordinates": [ 21.583889, 51.356944 ] } },
{ "type": "Feature", "properties": { "Region": "POMORSKIE", "District": "ŚWIECKI", "City": "Świecie", "1921": 6600.0, "1931": 8729.0, "1939": 8964.0 }, "geometry": { "type": "Point", "coordinates": [ 18.445833, 53.408333 ] } },
{ "type": "Feature", "properties": { "Region": "POLESKIE", "District": "ŁUNINIECKI", "City": "Łuniniec", "1921": 8267.0, "1931": 8715.0, "1939": 9300.0 }, "geometry": { "type": "Point", "coordinates": [ 26.8, 52.25 ] } },
{ "type": "Feature", "properties": { "Region": "STANISŁAWOWSKIE", "District": "NADWÓRNIAŃSKI", "City": "Nadwórna", "1921": 6062.0, "1931": 8716.0, "1939": 10447.0 }, "geometry": { "type": "Point", "coordinates": [ 24.568333, 48.634722 ] } },
{ "type": "Feature", "properties": { "Region": "POZNAŃSKIE", "District": "JAROCIŃSKI", "City": "Jarocin", "1921": 7005.0, "1931": 8688.0, "1939": 9550.0 }, "geometry": { "type": "Point", "coordinates": [ 17.501111, 51.973611 ] } },
{ "type": "Feature", "properties": { "Region": "KRAKOWSKIE", "District": "KRAKOWSKI", "City": "Wieliczka", "1921": 7235.0, "1931": 8668.0, "1939": 11631.0 }, "geometry": { "type": "Point", "coordinates": [ 20.061667, 49.986111 ] } },
{ "type": "Feature", "properties": { "Region": "POZNAŃSKIE", "District": "JAROCIŃSKI", "City": "Pleszew", "1921": 7638.0, "1931": 8591.0, "1939": 9994.0 }, "geometry": { "type": "Point", "coordinates": [ 17.785556, 51.897222 ] } },
{ "type": "Feature", "properties": { "Region": "POMORSKIE", "District": "WĄBRZESKI", "City": "Wąbrzeźno", "1921": 7118.0, "1931": 8591.0, "1939": 9551.0 }, "geometry": { "type": "Point", "coordinates": [ 18.945833, 53.279722 ] } },
{ "type": "Feature", "properties": { "Region": "ŁÓDZKIE", "District": "PIOTRKOWSKI", "City": "Bełchatów", "1921": 7200.0, "1931": 8587.0, "1939": 10264.0 }, "geometry": { "type": "Point", "coordinates": [ 19.362222, 51.363611 ] } },
{ "type": "Feature", "properties": { "Region": "KIELECKIE", "District": "CZĘSTOCHOWSKI", "City": "Kłobuck", "1921": 6582.0, "1931": 8542.0, "1939": 8686.0 }, "geometry": { "type": "Point", "coordinates": [ 18.937778, 50.905 ] } },
{ "type": "Feature", "properties": { "Region": "POMORSKIE", "District": "BRODNICKI", "City": "Brodnica", "1921": 6913.0, "1931": 8521.0, "1939": 11220.0 }, "geometry": { "type": "Point", "coordinates": [ 19.395556, 53.259722 ] } },
{ "type": "Feature", "properties": { "Region": "LUBELSKIE", "District": "WŁODAWSKI", "City": "Włodawa", "1921": 6263.0, "1931": 8519.0, "1939": 9293.0 }, "geometry": { "type": "Point", "coordinates": [ 23.547778, 51.544722 ] } },
{ "type": "Feature", "properties": { "Region": "ŚLĄSKIE", "District": "LUBLINIECKI", "City": "Lubliniec", "1921": 6400.0, "1931": 8512.0, "1939": 9091.0 }, "geometry": { "type": "Point", "coordinates": [ 18.679167, 50.668056 ] } },
{ "type": "Feature", "properties": { "Region": "LUBELSKIE", "District": "GARWOLIŃSKI", "City": "Żelechów", "1921": 7682.0, "1931": 8503.0, "1939": 9500.0 }, "geometry": { "type": "Point", "coordinates": [ 21.895833, 51.809722 ] } },
{ "type": "Feature", "properties": { "Region": "KRAKOWSKIE", "District": "WADOWICKI", "City": "Wadowice", "1921": 6862.0, "1931": 8400.0, "1939": 9000.0 }, "geometry": { "type": "Point", "coordinates": [ 19.494444, 49.8825 ] } },
{ "type": "Feature", "properties": { "Region": "WARSZAWSKIE", "District": "RYPIŃSKI", "City": "Rypin", "1921": 7234.0, "1931": 8348.0, "1939": 9100.0 }, "geometry": { "type": "Point", "coordinates": [ 19.406944, 53.066944 ] } },
{ "type": "Feature", "properties": { "Region": "POZNAŃSKIE", "District": "SZAMOTULSKI", "City": "Szamotuły", "1921": 6772.0, "1931": 8307.0, "1939": 9084.0 }, "geometry": { "type": "Point", "coordinates": [ 16.578889, 52.611111 ] } },
{ "type": "Feature", "properties": { "Region": "WARSZAWSKIE", "District": "KUTNOWSKI", "City": "Żychlin", "1921": 7098.0, "1931": 8285.0, "1939": 8500.0 }, "geometry": { "type": "Point", "coordinates": [ 19.623611, 52.245278 ] } },
{ "type": "Feature", "properties": { "Region": "LUBELSKIE", "District": "BIŁGORAJSKI", "City": "Biłgoraj", "1921": 6602.0, "1931": 8177.0, "1939": 8828.0 }, "geometry": { "type": "Point", "coordinates": [ 22.721944, 50.540833 ] } },
{ "type": "Feature", "properties": { "Region": "ŁÓDZKIE", "District": "ŁÓDZKI", "City": "Konstantynów (Łódzki)", "1921": 5728.0, "1931": 8167.0, "1939": 8970.0 }, "geometry": { "type": "Point", "coordinates": [ 19.326389, 51.747222 ] } },
{ "type": "Feature", "properties": { "Region": "POZNAŃSKIE", "District": "WRZESIŃSKI", "City": "Września", "1921": 6627.0, "1931": 8148.0, "1939": 9629.0 }, "geometry": { "type": "Point", "coordinates": [ 17.56525, 52.325111 ] } },
{ "type": "Feature", "properties": { "Region": "POZNAŃSKIE", "District": "ŚREDZKI", "City": "Środa (Wielkopolska)", "1921": 7231.0, "1931": 8087.0, "1939": 10198.0 }, "geometry": { "type": "Point", "coordinates": [ 17.266389, 52.231944 ] } },
{ "type": "Feature", "properties": { "Region": "KIELECKIE", "District": "STOPNICKI", "City": "Chmielnik", "1921": 7730.0, "1931": 8051.0, "1939": 8250.0 }, "geometry": { "type": "Point", "coordinates": [ 20.749722, 50.611667 ] } },
{ "type": "Feature", "properties": { "Region": "POLESKIE", "District": "PRUŻAŃSKI", "City": "Prużana", "1921": 6332.0, "1931": 8013.0, "1939": 8700.0 }, "geometry": { "type": "Point", "coordinates": [ 24.466667, 52.55 ] } },
{ "type": "Feature", "properties": { "Region": "TARNOPOLSKIE", "District": "KAMIONECKI", "City": "Kamionka Strumiłowa (Kamionka Bużańska)", "1921": 6518.0, "1931": 7935.0, "1939": 9384.0 }, "geometry": { "type": "Point", "coordinates": [ 24.343278, 50.109111 ] } },
{ "type": "Feature", "properties": { "Region": "KIELECKIE", "District": "SANDOMIERSKI", "City": "Sandomierz", "1921": 6763.0, "1931": 7894.0, "1939": 10115.0 }, "geometry": { "type": "Point", "coordinates": [ 21.748889, 50.682222 ] } },
{ "type": "Feature", "properties": { "Region": "TARNOPOLSKIE", "District": "TREMBOWELSKI", "City": "Trembowla", "1921": 7015.0, "1931": 7840.0, "1939": 8005.0 }, "geometry": { "type": "Point", "coordinates": [ 25.716667, 49.3 ] } },
{ "type": "Feature", "properties": { "Region": "WARSZAWSKIE", "District": "PRZASNYCKI", "City": "Przasnysz", "1921": 6340.0, "1931": 7838.0, "1939": 7856.0 }, "geometry": { "type": "Point", "coordinates": [ 20.880556, 53.019444 ] } },
{ "type": "Feature", "properties": { "Region": "KIELECKIE", "District": "KOZIENICKI", "City": "Kozienice", "1921": 6878.0, "1931": 7793.0, "1939": 8690.0 }, "geometry": { "type": "Point", "coordinates": [ 21.551111, 51.585556 ] } },
{ "type": "Feature", "properties": { "Region": "WARSZAWSKIE", "District": "GOSTYNIŃSKI", "City": "Gostynin", "1921": 7001.0, "1931": 7783.0, "1939": 8329.0 }, "geometry": { "type": "Point", "coordinates": [ 19.461667, 52.429167 ] } },
{ "type": "Feature", "properties": { "Region": "POMORSKIE", "District": "CHOJNICKI", "City": "Czersk", "1921": 6700.0, "1931": 7757.0, "1939": 8500.0 }, "geometry": { "type": "Point", "coordinates": [ 17.973889, 53.792778 ] } },
{ "type": "Feature", "properties": { "Region": "TARNOPOLSKIE", "District": "ZBARASKI", "City": "Zbaraż", "1921": 7728.0, "1931": 7673.0, "1939": 8976.0 }, "geometry": { "type": "Point", "coordinates": [ 25.766667, 49.666667 ] } },
{ "type": "Feature", "properties": { "Region": "POZNAŃSKIE", "District": "ŚREMSKI", "City": "Śrem", "1921": 6650.0, "1931": 7652.0, "1939": 8500.0 }, "geometry": { "type": "Point", "coordinates": [ 17.014722, 52.088611 ] } },
{ "type": "Feature", "properties": { "Region": "WARSZAWSKIE", "District": "BŁOŃSKI", "City": "Błonie", "1921": 5337.0, "1931": 7642.0, "1939": 8700.0 }, "geometry": { "type": "Point", "coordinates": [ 20.616944, 52.196667 ] } },
{ "type": "Feature", "properties": { "Region": "LUBELSKIE", "District": "LUBARTOWSKI", "City": "Lubartów", "1921": 6511.0, "1931": 7638.0, "1939": 8076.0 }, "geometry": { "type": "Point", "coordinates": [ 22.608611, 51.462222 ] } },
{ "type": "Feature", "properties": { "Region": "WOŁYŃSKIE", "District": "SARNEŃSKI", "City": "Sarny", "1921": 5931.0, "1931": 7508.0, "1939": 9766.0 }, "geometry": { "type": "Point", "coordinates": [ 26.6, 51.366667 ] } },
{ "type": "Feature", "properties": { "Region": "POZNAŃSKIE", "District": "WĄGROWIECKI", "City": "Wągrowiec", "1921": 6867.0, "1931": 7555.0, "1939": 8945.0 }, "geometry": { "type": "Point", "coordinates": [ 17.206944, 52.806944 ] } },
{ "type": "Feature", "properties": { "Region": "ZIEMIA WILEŃSKA", "District": "DZIŚNIEŃSKI", "City": "Głębokie", "1921": 4514.0, "1931": 7544.0, "1939": 9200.0 }, "geometry": { "type": "Point", "coordinates": [ 27.683333, 55.133333 ] } },
{ "type": "Feature", "properties": { "Region": "STANISŁAWOWSKIE", "District": "STRYJSKI", "City": "Skole", "1921": 5989.0, "1931": 7543.0, "1939": 7560.0 }, "geometry": { "type": "Point", "coordinates": [ 23.514306, 49.038194 ] } },
{ "type": "Feature", "properties": { "Region": "LWOWSKIE", "District": "ŁAŃCUCKI", "City": "Łańcut", "1921": 7056.0, "1931": 7535.0, "1939": 8572.0 }, "geometry": { "type": "Point", "coordinates": [ 22.229722, 50.068056 ] } },
{ "type": "Feature", "properties": { "Region": "STANISŁAWOWSKIE", "District": "ROHATYŃSKI", "City": "Rohatyn", "1921": 5790.0, "1931": 7513.0, "1939": 9016.0 }, "geometry": { "type": "Point", "coordinates": [ 24.620469, 49.411472 ] } },
{ "type": "Feature", "properties": { "Region": "POZNAŃSKIE", "District": "CHODZIESKI", "City": "Chodzież", "1921": 5646.0, "1931": 7511.0, "1939": 8478.0 }, "geometry": { "type": "Point", "coordinates": [ 16.912222, 52.99 ] } },
{ "type": "Feature", "properties": { "Region": "KIELECKIE", "District": "PIŃCZOWSKI", "City": "Pińczów", "1921": 7749.0, "1931": 7423.0, "1939": 7423.0 }, "geometry": { "type": "Point", "coordinates": [ 20.526111, 50.520278 ] } },
{ "type": "Feature", "properties": { "Region": "POMORSKIE", "District": "KOŚCIERSKI", "City": "Kościerzyna", "1921": 5849.0, "1931": 7379.0, "1939": 9499.0 }, "geometry": { "type": "Point", "coordinates": [ 17.981111, 54.121944 ] } },
{ "type": "Feature", "properties": { "Region": "KIELECKIE", "District": "IŁŻECKI", "City": "Wierzbnik (dziś Starachowice)", "1921": 5459.0, "1931": 7379.0, "1939": 13206.0 }, "geometry": { "type": "Point", "coordinates": [ 21.083611, 51.041111 ] } },
{ "type": "Feature", "properties": { "Region": "NOWOGRÓDZKIE", "District": "NIEŚWIESKI", "City": "Nieśwież", "1921": 7033.0, "1931": 7357.0, "1939": 7600.0 }, "geometry": { "type": "Point", "coordinates": [ 26.666667, 53.216667 ] } },
{ "type": "Feature", "properties": { "Region": "BIAŁOSTOCKIE", "District": "ŁOMŻYŃSKI", "City": "Zambrów", "1921": 6160.0, "1931": 7343.0, "1939": 7536.0 }, "geometry": { "type": "Point", "coordinates": [ 22.241111, 52.985556 ] } },
{ "type": "Feature", "properties": { "Region": "ZIEMIA WILEŃSKA", "District": "OSZMIAŃSKI", "City": "Oszmiana", "1921": 5876.0, "1931": 7334.0, "1939": 8500.0 }, "geometry": { "type": "Point", "coordinates": [ 25.933333, 54.416667 ] } },
{ "type": "Feature", "properties": { "Region": "STANISŁAWOWSKIE", "District": "TŁUMACKI", "City": "Tyśmienica", "1921": 7047.0, "1931": 7257.0, "1939": 7833.0 }, "geometry": { "type": "Point", "coordinates": [ 24.848056, 48.901944 ] } },
{ "type": "Feature", "properties": { "Region": "ŚLĄSKIE", "District": "PSZCZYŃSKI", "City": "Pszczyna", "1921": 6043.0, "1931": 7240.0, "1939": 7800.0 }, "geometry": { "type": "Point", "coordinates": [ 18.941667, 49.978056 ] } },
{ "type": "Feature", "properties": { "Region": "TARNOPOLSKIE", "District": "BUCZACKI", "City": "Monasterzyska", "1921": 5769.0, "1931": 7238.0, "1939": 8126.0 }, "geometry": { "type": "Point", "coordinates": [ 25.116667, 49.066667 ] } },
{ "type": "Feature", "properties": { "Region": "TARNOPOLSKIE", "District": "SKAŁACKI", "City": "Skałat", "1921": 5937.0, "1931": 6949.0, "1939": 7200.0 }, "geometry": { "type": "Point", "coordinates": [ 25.966667, 49.416667 ] } },
{ "type": "Feature", "properties": { "Region": "POZNAŃSKIE", "District": "KĘPIŃSKI", "City": "Kępno", "1921": 7182.0, "1931": 7182.0, "1939": 7778.0 }, "geometry": { "type": "Point", "coordinates": [ 17.986944, 51.281111 ] } },
{ "type": "Feature", "properties": { "Region": "WARSZAWSKIE", "District": "GRÓJECKI", "City": "Góra Kalwaria", "1921": 5496.0, "1931": 7097.0, "1939": 7279.0 }, "geometry": { "type": "Point", "coordinates": [ 21.213889, 51.984722 ] } },
{ "type": "Feature", "properties": { "Region": "LUBELSKIE", "District": "JANOWSKI", "City": "Janów Lubelski", "1921": 6426.0, "1931": 7067.0, "1939": 7402.0 }, "geometry": { "type": "Point", "coordinates": [ 22.410556, 50.706667 ] } },
{ "type": "Feature", "properties": { "Region": "WARSZAWSKIE", "District": "WARSZAWSKI", "City": "Piaseczno", "1921": 5604.0, "1931": 7074.0, "1939": 8078.0 }, "geometry": { "type": "Point", "coordinates": [ 21.026389, 52.075556 ] } },
{ "type": "Feature", "properties": { "Region": "KRAKOWSKIE", "District": "MIELECKI", "City": "Mielec", "1921": 5599.0, "1931": 7057.0, "1939": 9640.0 }, "geometry": { "type": "Point", "coordinates": [ 21.433333, 50.291667 ] } },
{ "type": "Feature", "properties": { "Region": "BIAŁOSTOCKIE", "District": "BIELSKI (BIELSK PODLASKI)", "City": "Bielsk Podlaski", "1921": 4759.0, "1931": 7028.0, "1939": 8214.0 }, "geometry": { "type": "Point", "coordinates": [ 23.191944, 52.768333 ] } },
{ "type": "Feature", "properties": { "Region": "ZIEMIA WILEŃSKA", "District": "WILEŃSKO-TROCKI", "City": "Nowa Wilejka", "1921": 10182.0, "1931": 6958.0, "1939": 9263.0 }, "geometry": { "type": "Point", "coordinates": [ 25.416667, 54.7 ] } },
{ "type": "Feature", "properties": { "Region": "KIELECKIE", "District": "WŁOSZCZOWSKI", "City": "Włoszczowa", "1921": 6022.0, "1931": 6900.0, "1939": 7164.0 }, "geometry": { "type": "Point", "coordinates": [ 19.966944, 50.854167 ] } },
{ "type": "Feature", "properties": { "Region": "STANISŁAWOWSKIE", "District": "KOŁOMYJSKI", "City": "Peczeniżyn", "1921": 5984.0, "1931": 6839.0, "1939": 6980.0 }, "geometry": { "type": "Point", "coordinates": [ 24.879944, 48.51575 ] } },
{ "type": "Feature", "properties": { "Region": "STANISŁAWOWSKIE", "District": "TŁUMACKI", "City": "Tłumacz", "1921": 5908.0, "1931": 6836.0, "1939": 2570.0 }, "geometry": { "type": "Point", "coordinates": [ 25.0, 48.866667 ] } },
{ "type": "Feature", "properties": { "Region": "BIAŁOSTOCKIE", "District": "BIELSKI (BIELSK PODLASKI)", "City": "Siemiatycze", "1921": 5694.0, "1931": 6816.0, "1939": 8128.0 }, "geometry": { "type": "Point", "coordinates": [ 22.8625, 52.427222 ] } },
{ "type": "Feature", "properties": { "Region": "POZNAŃSKIE", "District": "GOSTYŃSKI", "City": "Gostyń", "1921": 5816.0, "1931": 6815.0, "1939": 7680.0 }, "geometry": { "type": "Point", "coordinates": [ 17.0125, 51.886111 ] } },
{ "type": "Feature", "properties": { "Region": "KIELECKIE", "District": "KONECKI", "City": "Przedbórz", "1921": 5885.0, "1931": 6787.0, "1939": 7002.0 }, "geometry": { "type": "Point", "coordinates": [ 19.873889, 51.087778 ] } },
{ "type": "Feature", "properties": { "Region": "WARSZAWSKIE", "District": "RADZYMIŃSKI", "City": "Radzymin", "1921": 5036.0, "1931": 6780.0, "1939": 8522.0 }, "geometry": { "type": "Point", "coordinates": [ 21.181111, 52.418056 ] } },
{ "type": "Feature", "properties": { "Region": "KRAKOWSKIE", "District": "BIALSKI (BIAŁA KRAKOWSKA)", "City": "Kęty", "1921": 5751.0, "1931": 6767.0, "1939": 7250.0 }, "geometry": { "type": "Point", "coordinates": [ 19.221944, 49.883333 ] } },
{ "type": "Feature", "properties": { "Region": "KRAKOWSKIE", "District": "GORLICKI", "City": "Gorlice", "1921": 5611.0, "1931": 6730.0, "1939": 6730.0 }, "geometry": { "type": "Point", "coordinates": [ 21.159167, 49.654444 ] } },
{ "type": "Feature", "properties": { "Region": "BIAŁOSTOCKIE", "District": "WYSOKOMAZOWIECKI", "City": "Łapy", "1921": 4107.0, "1931": 6674.0, "1939": 7250.0 }, "geometry": { "type": "Point", "coordinates": [ 22.885278, 52.991111 ] } },
{ "type": "Feature", "properties": { "Region": "WARSZAWSKIE", "District": "MAKOWSKI (MAKÓW MAZOWIECKI)", "City": "Maków Mazowiecki", "1921": 6198.0, "1931": 6645.0, "1939": 7000.0 }, "geometry": { "type": "Point", "coordinates": [ 21.100556, 52.865 ] } },
{ "type": "Feature", "properties": { "Region": "KRAKOWSKIE", "District": "ŻYWIECKI", "City": "Żywiec", "1921": 5774.0, "1931": 6571.0, "1939": 7281.0 }, "geometry": { "type": "Point", "coordinates": [ 19.205833, 49.689167 ] } },
{ "type": "Feature", "properties": { "Region": "NOWOGRÓDZKIE", "District": "STOŁPECKI", "City": "Stołpce", "1921": 2956.0, "1931": 6278.0, "1939": 6556.0 }, "geometry": { "type": "Point", "coordinates": [ 26.733333, 53.483333 ] } },
{ "type": "Feature", "properties": { "Region": "STANISŁAWOWSKIE", "District": "ŚNIATYŃSKI", "City": "Zabłotów", "1921": 5777.0, "1931": 6541.0, "1939": 7000.0 }, "geometry": { "type": "Point", "coordinates": [ 25.284722, 48.475278 ] } },
{ "type": "Feature", "properties": { "Region": "WOŁYŃSKIE", "District": "KOSTOPOLSKI", "City": "Kostopol", "1921": 2990.0, "1931": 6523.0, "1939": 11742.0 }, "geometry": { "type": "Point", "coordinates": [ 26.443056, 50.883333 ] } },
{ "type": "Feature", "properties": { "Region": "ŁÓDZKIE", "District": "ŁASKI", "City": "Łask", "1921": 4890.0, "1931": 6502.0, "1939": 7420.0 }, "geometry": { "type": "Point", "coordinates": [ 19.1325, 51.589722 ] } },
{ "type": "Feature", "properties": { "Region": "WARSZAWSKIE", "District": "GRÓJECKI", "City": "Mogielnica", "1921": 6043.0, "1931": 6423.0, "1939": 7000.0 }, "geometry": { "type": "Point", "coordinates": [ 20.724167, 51.693333 ] } },
{ "type": "Feature", "properties": { "Region": "ŁÓDZKIE", "District": "PIOTRKOWSKI", "City": "Sulejów", "1921": 5718.0, "1931": 6387.0, "1939": 7048.0 }, "geometry": { "type": "Point", "coordinates": [ 19.884722, 51.352778 ] } },
{ "type": "Feature", "properties": { "Region": "BIAŁOSTOCKIE", "District": "SOKÓLSKI", "City": "Sokółka", "1921": 6086.0, "1931": 6376.0, "1939": 7002.0 }, "geometry": { "type": "Point", "coordinates": [ 23.5, 53.406944 ] } },
{ "type": "Feature", "properties": { "Region": "KIELECKIE", "District": "MIECHOWSKI", "City": "Miechów", "1921": 6223.0, "1931": 6360.0, "1939": 6820.0 }, "geometry": { "type": "Point", "coordinates": [ 20.0325, 50.357778 ] } },
{ "type": "Feature", "properties": { "Region": "POLESKIE", "District": "STOLIŃSKI", "City": "Stolin", "1921": 4763.0, "1931": 6328.0, "1939": 6328.0 }, "geometry": { "type": "Point", "coordinates": [ 26.85, 51.883333 ] } },
{ "type": "Feature", "properties": { "Region": "WOŁYŃSKIE", "District": "HOROCHOWSKI", "City": "Beresteczko", "1921": 5633.0, "1931": 6314.0, "1939": 6486.0 }, "geometry": { "type": "Point", "coordinates": [ 25.116667, 50.35 ] } },
{ "type": "Feature", "properties": { "Region": "KRAKOWSKIE", "District": "MYŚLENICKI", "City": "Myślenice", "1921": 5491.0, "1931": 6277.0, "1939": 6905.0 }, "geometry": { "type": "Point", "coordinates": [ 19.940556, 49.833333 ] } },
{ "type": "Feature", "properties": { "Region": "LUBELSKIE", "District": "GARWOLIŃSKI", "City": "Garwolin", "1921": 5336.0, "1931": 6262.0, "1939": 7783.0 }, "geometry": { "type": "Point", "coordinates": [ 21.615, 51.896944 ] } },
{ "type": "Feature", "properties": { "Region": "LWOWSKIE", "District": "LUBACZOWSKI", "City": "Lubaczów", "1921": 5344.0, "1931": 6245.0, "1939": 6712.0 }, "geometry": { "type": "Point", "coordinates": [ 23.121944, 50.159167 ] } },
{ "type": "Feature", "properties": { "Region": "KIELECKIE", "District": "PIŃCZOWSKI", "City": "Działoszyce", "1921": 6755.0, "1931": 6238.0, "1939": 5972.0 }, "geometry": { "type": "Point", "coordinates": [ 20.3525, 50.365 ] } },
{ "type": "Feature", "properties": { "Region": "ŁÓDZKIE", "District": "KONIŃSKI", "City": "Słupca", "1921": 5534.0, "1931": 6204.0, "1939": 6204.0 }, "geometry": { "type": "Point", "coordinates": [ 17.871111, 52.287222 ] } },
{ "type": "Feature", "properties": { "Region": "POZNAŃSKIE", "District": "NOWOTOMYSKI", "City": "Grodzisk (Wielkopolski)", "1921": 5604.0, "1931": 6161.0, "1939": 7000.0 }, "geometry": { "type": "Point", "coordinates": [ 16.366667, 52.225 ] } },
{ "type": "Feature", "properties": { "Region": "KIELECKIE", "District": "WŁOSZCZOWSKI", "City": "Szczekociny", "1921": 5611.0, "1931": 6142.0, "1939": 6180.0 }, "geometry": { "type": "Point", "coordinates": [ 19.825278, 50.6275 ] } },
{ "type": "Feature", "properties": { "Region": "WARSZAWSKIE", "District": "WARSZAWSKI", "City": "Zakroczym", "1921": 5898.0, "1931": 6114.0, "1939": 6412.0 }, "geometry": { "type": "Point", "coordinates": [ 20.611944, 52.433333 ] } },
{ "type": "Feature", "properties": { "Region": "TARNOPOLSKIE", "District": "BRZEŻAŃSKI", "City": "Kozowa", "1921": 4993.0, "1931": 6064.0, "1939": 6455.0 }, "geometry": { "type": "Point", "coordinates": [ 25.154444, 49.431667 ] } },
{ "type": "Feature", "properties": { "Region": "KRAKOWSKIE", "District": "CHRZANOWSKI", "City": "Trzebinia", "1921": 4801.0, "1931": 6084.0, "1939": 6340.0 }, "geometry": { "type": "Point", "coordinates": [ 19.470556, 50.159722 ] } },
{ "type": "Feature", "properties": { "Region": "TARNOPOLSKIE", "District": "BORSZCZOWSKI", "City": "Borszczów", "1921": 5122.0, "1931": 6073.0, "1939": 6304.0 }, "geometry": { "type": "Point", "coordinates": [ 26.05, 48.8 ] } },
{ "type": "Feature", "properties": { "Region": "POZNAŃSKIE", "District": "OBORNICKI", "City": "Rogoźno", "1921": 5528.0, "1931": 6040.0, "1939": 6348.0 }, "geometry": { "type": "Point", "coordinates": [ 16.999722, 52.749167 ] } },
{ "type": "Feature", "properties": { "Region": "KRAKOWSKIE", "District": "DĄBROWSKI", "City": "Dąbrowa (Tarnowska)", "1921": 5498.0, "1931": 6017.0, "1939": 6100.0 }, "geometry": { "type": "Point", "coordinates": [ 20.986389, 50.174722 ] } },
{ "type": "Feature", "properties": { "Region": "KRAKOWSKIE", "District": "ŻYWIECKI", "City": "Sucha (Beskidzka)", "1921": 5151.0, "1931": 6005.0, "1939": 6250.0 }, "geometry": { "type": "Point", "coordinates": [ 19.588611, 49.740278 ] } },
{ "type": "Feature", "properties": { "Region": "WARSZAWSKIE", "District": "PUŁTUSKI", "City": "Nasielsk", "1921": 5470.0, "1931": 6001.0, "1939": 7365.0 }, "geometry": { "type": "Point", "coordinates": [ 20.804167, 52.589722 ] } },
{ "type": "Feature", "properties": { "Region": "WOŁYŃSKIE", "District": "HOROCHOWSKI", "City": "Horochów", "1921": 4421.0, "1931": 5991.0, "1939": 6407.0 }, "geometry": { "type": "Point", "coordinates": [ 24.765, 50.499444 ] } },
{ "type": "Feature", "properties": { "Region": "ZIEMIA WILEŃSKA", "District": "MOŁODECZAŃSKI", "City": "Mołodeczno", "1921": 3957.0, "1931": 5964.0, "1939": 6000.0 }, "geometry": { "type": "Point", "coordinates": [ 26.8, 54.3 ] } },
{ "type": "Feature", "properties": { "Region": "NOWOGRÓDZKIE", "District": "NIEŚWIESKI", "City": "Kleck", "1921": 5554.0, "1931": 5930.0, "1939": 6885.0 }, "geometry": { "type": "Point", "coordinates": [ 26.633333, 53.066667 ] } },
{ "type": "Feature", "properties": { "Region": "LWOWSKIE", "District": "PRZEWORSKI", "City": "Przeworsk", "1921": 5554.0, "1931": 5941.0, "1939": 7004.0 }, "geometry": { "type": "Point", "coordinates": [ 22.493611, 50.058611 ] } },
{ "type": "Feature", "properties": { "Region": "ZIEMIA WILEŃSKA", "District": "ŚWIĘCIAŃSKI", "City": "Święciany", "1921": 3981.0, "1931": 5893.0, "1939": 6200.0 }, "geometry": { "type": "Point", "coordinates": [ 26.166667, 55.133333 ] } },
{ "type": "Feature", "properties": { "Region": "TARNOPOLSKIE", "District": "ZBOROWSKI", "City": "Załoźce", "1921": 4819.0, "1931": 5891.0, "1939": 6795.0 }, "geometry": { "type": "Point", "coordinates": [ 25.378889, 49.795 ] } },
{ "type": "Feature", "properties": { "Region": "KIELECKIE", "District": "CZĘSTOCHOWSKI", "City": "Krzepice", "1921": 5138.0, "1931": 5881.0, "1939": 6000.0 }, "geometry": { "type": "Point", "coordinates": [ 18.731944, 50.967222 ] } },
{ "type": "Feature", "properties": { "Region": "ŚLĄSKIE", "District": "RYBNICKI", "City": "Żory", "1921": 4936.0, "1931": 5869.0, "1939": 6200.0 }, "geometry": { "type": "Point", "coordinates": [ 18.694722, 50.045556 ] } },
{ "type": "Feature", "properties": { "Region": "ZIEMIA WILEŃSKA", "District": "WILEJSKI", "City": "Wilejka", "1921": 3417.0, "1931": 5595.0, "1939": 6322.0 }, "geometry": { "type": "Point", "coordinates": [ 26.916667, 54.483333 ] } },
{ "type": "Feature", "properties": { "Region": "POZNAŃSKIE", "District": "MOGILEŃSKI", "City": "Strzelno", "1921": 4927.0, "1931": 5846.0, "1939": 5996.0 }, "geometry": { "type": "Point", "coordinates": [ 18.173056, 52.63 ] } },
{ "type": "Feature", "properties": { "Region": "WARSZAWSKIE", "District": "WŁOCŁAWSKI", "City": "Brześć Kujawski", "1921": 4634.0, "1931": 5837.0, "1939": 6775.0 }, "geometry": { "type": "Point", "coordinates": [ 18.898056, 52.605 ] } },
{ "type": "Feature", "properties": { "Region": "BIAŁOSTOCKIE", "District": "GRODZIEŃSKI", "City": "Krynki", "1921": 5206.0, "1931": 5789.0, "1939": 6200.0 }, "geometry": { "type": "Point", "coordinates": [ 23.772192, 53.265278 ] } },
{ "type": "Feature", "properties": { "Region": "WOŁYŃSKIE", "District": "ŁUCKI", "City": "Ołyka", "1921": 4333.0, "1931": 5785.0, "1939": 6480.0 }, "geometry": { "type": "Point", "coordinates": [ 25.816667, 50.716667 ] } },
{ "type": "Feature", "properties": { "Region": "TARNOPOLSKIE", "District": "PODHAJECKI", "City": "Podhajce", "1921": 4814.0, "1931": 5743.0, "1939": 6199.0 }, "geometry": { "type": "Point", "coordinates": [ 25.134167, 49.275 ] } },
{ "type": "Feature", "properties": { "Region": "KRAKOWSKIE", "District": "WADOWICKI", "City": "Andrychów", "1921": 4171.0, "1931": 5698.0, "1939": 7000.0 }, "geometry": { "type": "Point", "coordinates": [ 19.341111, 49.855 ] } },
{ "type": "Feature", "properties": { "Region": "WARSZAWSKIE", "District": "GOSTYNIŃSKI", "City": "Gąbin", "1921": 5777.0, "1931": 5690.0, "1939": 7600.0 }, "geometry": { "type": "Point", "coordinates": [ 19.730556, 52.399722 ] } },
{ "type": "Feature", "properties": { "Region": "STANISŁAWOWSKIE", "District": "KOSOWSKI (KOSÓW HUCULSKI)", "City": "Kosów Huculski", "1921": 4797.0, "1931": 5663.0, "1939": 10300.0 }, "geometry": { "type": "Point", "coordinates": [ 25.0925, 48.320833 ] } },
{ "type": "Feature", "properties": { "Region": "NOWOGRÓDZKIE", "District": "WOŁOŻYŃSKI", "City": "Wołożyn", "1921": 4070.0, "1931": 5609.0, "1939": 6806.0 }, "geometry": { "type": "Point", "coordinates": [ 26.526861, 54.089889 ] } },
{ "type": "Feature", "properties": { "Region": "TARNOPOLSKIE", "District": "BUCZACKI", "City": "Barysz", "1921": 4795.0, "1931": 5606.0, "1939": 6240.0 }, "geometry": { "type": "Point", "coordinates": [ 25.266667, 49.033333 ] } },
{ "type": "Feature", "properties": { "Region": "LWOWSKIE", "District": "ŁAŃCUCKI", "City": "Leżajsk", "1921": 5063.0, "1931": 5599.0, "1939": 6250.0 }, "geometry": { "type": "Point", "coordinates": [ 22.419444, 50.261111 ] } },
{ "type": "Feature", "properties": { "Region": "LWOWSKIE", "District": "RUDECKI", "City": "Komarno (dziś Ukraina)", "1921": 5009.0, "1931": 5598.0, "1939": 5930.0 }, "geometry": { "type": "Point", "coordinates": [ 23.693417, 49.627028 ] } },
{ "type": "Feature", "properties": { "Region": "POZNAŃSKIE", "District": "BYDGOSKI", "City": "Koronowo", "1921": 4689.0, "1931": 5553.0, "1939": 5560.0 }, "geometry": { "type": "Point", "coordinates": [ 17.937222, 53.314444 ] } },
{ "type": "Feature", "properties": { "Region": "WARSZAWSKIE", "District": "BŁOŃSKI", "City": "Mszczonów", "1921": 5014.0, "1931": 5523.0, "1939": 5450.0 }, "geometry": { "type": "Point", "coordinates": [ 20.5125, 51.974444 ] } },
{ "type": "Feature", "properties": { "Region": "POMORSKIE", "District": "LUBAWSKI", "City": "Lubawa", "1921": 4635.0, "1931": 5518.0, "1939": 5791.0 }, "geometry": { "type": "Point", "coordinates": [ 19.751667, 53.505 ] } },
{ "type": "Feature", "properties": { "Region": "ŁÓDZKIE", "District": "WIELUŃSKI", "City": "Wieruszów", "1921": 4799.0, "1931": 5484.0, "1939": 5800.0 }, "geometry": { "type": "Point", "coordinates": [ 18.151944, 51.295278 ] } },
{ "type": "Feature", "properties": { "Region": "POMORSKIE", "District": "TUCHOLSKI", "City": "Tuchola", "1921": 5583.0, "1931": 5477.0, "1939": 6000.0 }, "geometry": { "type": "Point", "coordinates": [ 17.861167, 53.58725 ] } },
{ "type": "Feature", "properties": { "Region": "LWOWSKIE", "District": "NIŻAŃSKI", "City": "Nisko", "1921": 5103.0, "1931": 5479.0, "1939": 7182.0 }, "geometry": { "type": "Point", "coordinates": [ 22.141667, 50.519444 ] } },
{ "type": "Feature", "properties": { "Region": "POZNAŃSKIE", "District": "KROTOSZYŃSKI", "City": "Koźmin (dziś Koźmin Wielkopolski)", "1921": 4999.0, "1931": 5450.0, "1939": 5650.0 }, "geometry": { "type": "Point", "coordinates": [ 17.453889, 51.8275 ] } },
{ "type": "Feature", "properties": { "Region": "LWOWSKIE", "District": "BÓBRECKI", "City": "Bóbrka (Ukraina)", "1921": 4391.0, "1931": 5441.0, "1939": 5609.0 }, "geometry": { "type": "Point", "coordinates": [ 24.293944, 49.638222 ] } },
{ "type": "Feature", "properties": { "Region": "TARNOPOLSKIE", "District": "RADZIECHOWSKI", "City": "Radziechów", "1921": 4739.0, "1931": 5440.0, "1939": 5700.0 }, "geometry": { "type": "Point", "coordinates": [ 24.633333, 50.266667 ] } },
{ "type": "Feature", "properties": { "Region": "KRAKOWSKIE", "District": "NOWOSĄDECKI", "City": "Stary Sącz", "1921": 4770.0, "1931": 5432.0, "1939": 6000.0 }, "geometry": { "type": "Point", "coordinates": [ 20.636389, 49.5625 ] } },
{ "type": "Feature", "properties": { "Region": "POZNAŃSKIE", "District": "NOWOTOMYSKI", "City": "Zbąszyń", "1921": 4770.0, "1931": 5432.0, "1939": 5961.0 }, "geometry": { "type": "Point", "coordinates": [ 15.917778, 52.253056 ] } },
{ "type": "Feature", "properties": { "Region": "KIELECKIE", "District": "KIELECKI", "City": "Chęciny", "1921": 5046.0, "1931": 5429.0, "1939": 5657.0 }, "geometry": { "type": "Point", "coordinates": [ 20.467222, 50.802778 ] } },
{ "type": "Feature", "properties": { "Region": "WARSZAWSKIE", "District": "PUŁTUSKI", "City": "Serock", "1921": 4694.0, "1931": 5413.0, "1939": 6500.0 }, "geometry": { "type": "Point", "coordinates": [ 21.072222, 52.513889 ] } },
{ "type": "Feature", "properties": { "Region": "WOŁYŃSKIE", "District": "DUBIEŃSKI", "City": "Radziwiłłów", "1921": 4240.0, "1931": 5409.0, "1939": 5314.0 }, "geometry": { "type": "Point", "coordinates": [ 25.264444, 50.128611 ] } },
{ "type": "Feature", "properties": { "Region": "STANISŁAWOWSKIE", "District": "KOSOWSKI (KOSÓW HUCULSKI)", "City": "Kuty", "1921": 5504.0, "1931": 5393.0, "1939": 5424.0 }, "geometry": { "type": "Point", "coordinates": [ 25.167222, 48.257222 ] } },
{ "type": "Feature", "properties": { "Region": "TARNOPOLSKIE", "District": "PRZEMYŚLAŃSKI", "City": "Przemyślany", "1921": 4206.0, "1931": 5391.0, "1939": 6300.0 }, "geometry": { "type": "Point", "coordinates": [ 24.556389, 49.67 ] } },
{ "type": "Feature", "properties": { "Region": "LUBELSKIE", "District": "RADZYŃSKI", "City": "Radzyń (Podlaski)", "1921": 4833.0, "1931": 5291.0, "1939": 6997.0 }, "geometry": { "type": "Point", "coordinates": [ 22.624167, 51.782778 ] } },
{ "type": "Feature", "properties": { "Region": "BIAŁOSTOCKIE", "District": "ŁOMŻYŃSKI", "City": "Kolno", "1921": 4494.0, "1931": 5285.0, "1939": 5085.0 }, "geometry": { "type": "Point", "coordinates": [ 21.933889, 53.410556 ] } },
{ "type": "Feature", "properties": { "Region": "POZNAŃSKIE", "District": "SZAMOTULSKI", "City": "Wronki", "1921": 4621.0, "1931": 5245.0, "1939": 6289.0 }, "geometry": { "type": "Point", "coordinates": [ 16.378611, 52.707778 ] } },
{ "type": "Feature", "properties": { "Region": "POZNAŃSKIE", "District": "OBORNICKI", "City": "Oborniki", "1921": 4147.0, "1931": 5244.0, "1939": 6400.0 }, "geometry": { "type": "Point", "coordinates": [ 16.814167, 52.644722 ] } },
{ "type": "Feature", "properties": { "Region": "POZNAŃSKIE", "District": "MOGILEŃSKI", "City": "Trzemeszno", "1921": 5093.0, "1931": 5218.0, "1939": 5447.0 }, "geometry": { "type": "Point", "coordinates": [ 17.822222, 52.561111 ] } },
{ "type": "Feature", "properties": { "Region": "POZNAŃSKIE", "District": "MOGILEŃSKI", "City": "Mogilno", "1921": 4171.0, "1931": 5200.0, "1939": 5809.0 }, "geometry": { "type": "Point", "coordinates": [ 17.950833, 52.657778 ] } },
{ "type": "Feature", "properties": { "Region": "TARNOPOLSKIE", "District": "ZBOROWSKI", "City": "Zborów", "1921": 3761.0, "1931": 5182.0, "1939": 5335.0 }, "geometry": { "type": "Point", "coordinates": [ 25.15, 49.65 ] } },
{ "type": "Feature", "properties": { "Region": "POMORSKIE", "District": "WĄBRZESKI", "City": "Dobrzyń nad Drwęcą", "1921": 4085.0, "1931": 5176.0, "1939": 5694.0 }, "geometry": { "type": "Point", "coordinates": [ 19.052778, 53.108889 ] } },
{ "type": "Feature", "properties": { "Region": "TARNOPOLSKIE", "District": "BORSZCZOWSKI", "City": "Skała (Podolska)", "1921": 4248.0, "1931": 5130.0, "1939": 5144.0 }, "geometry": { "type": "Point", "coordinates": [ 26.15, 48.85 ] } },
{ "type": "Feature", "properties": { "Region": "POZNAŃSKIE", "District": "MIĘDZYCHODZKI", "City": "Międzychód", "1921": 4017.0, "1931": 5126.0, "1939": 5309.0 }, "geometry": { "type": "Point", "coordinates": [ 15.89, 52.601111 ] } },
{ "type": "Feature", "properties": { "Region": "BIAŁOSTOCKIE", "District": "SZCZUCZYŃSKI (WOJ. BIAŁOSTOCKIE)", "City": "Szczuczyn (Białostocki)", "1921": 4502.0, "1931": 5107.0, "1939": 5668.0 }, "geometry": { "type": "Point", "coordinates": [ 22.285, 53.566111 ] } },
{ "type": "Feature", "properties": { "Region": "POMORSKIE", "District": "DZIAŁDOWSKI", "City": "Działdowo", "1921": 3568.0, "1931": 5103.0, "1939": 5859.0 }, "geometry": { "type": "Point", "coordinates": [ 20.177778, 53.236111 ] } },
{ "type": "Feature", "properties": { "Region": "KIELECKIE", "District": "IŁŻECKI", "City": "Iłża", "1921": 4554.0, "1931": 5099.0, "1939": 5099.0 }, "geometry": { "type": "Point", "coordinates": [ 21.236944, 51.162222 ] } },
{ "type": "Feature", "properties": { "Region": "POZNAŃSKIE", "District": "ŻNIŃSKI", "City": "Żnin", "1921": 4436.0, "1931": 5090.0, "1939": 5463.0 }, "geometry": { "type": "Point", "coordinates": [ 17.719514, 52.84942 ] } },
{ "type": "Feature", "properties": { "Region": "ŁÓDZKIE", "District": "SIERADZKI", "City": "Złoczew", "1921": 4913.0, "1931": 5069.0, "1939": 5289.0 }, "geometry": { "type": "Point", "coordinates": [ 18.607222, 51.414722 ] } },
{ "type": "Feature", "properties": { "Region": "POMORSKIE", "District": "KARTUSKI", "City": "Kartuzy", "1921": 3717.0, "1931": 5055.0, "1939": 5600.0 }, "geometry": { "type": "Point", "coordinates": [ 18.201389, 54.335 ] } },
{ "type": "Feature", "properties": { "Region": "KIELECKIE", "District": "STOPNICKI", "City": "Busko (dziś Busko-Zdrój)", "1921": 3949.0, "1931": 5026.0, "1939": 5570.0 }, "geometry": { "type": "Point", "coordinates": [ 20.718889, 50.470556 ] } },
{ "type": "Feature", "properties": { "Region": "LUBELSKIE", "District": "SIEDLECKI", "City": "Łosice", "1921": 3888.0, "1931": 5026.0, "1939": 5091.0 }, "geometry": { "type": "Point", "coordinates": [ 22.718889, 52.2125 ] } },
{ "type": "Feature", "properties": { "Region": "KIELECKIE", "District": "MIECHOWSKI", "City": "Słomniki", "1921": 4797.0, "1931": 4988.0, "1939": 6095.0 }, "geometry": { "type": "Point", "coordinates": [ 20.081667, 50.240833 ] } },
{ "type": "Feature", "properties": { "Region": "POZNAŃSKIE", "District": "BYDGOSKI", "City": "Solec Kujawski", "1921": 3380.0, "1931": 4987.0, "1939": 5500.0 }, "geometry": { "type": "Point", "coordinates": [ 18.222222, 53.080556 ] } },
{ "type": "Feature", "properties": { "Region": "ŁÓDZKIE", "District": "KALISKI", "City": "Błaszki", "1921": 4736.0, "1931": 4969.0, "1939": 4986.0 }, "geometry": { "type": "Point", "coordinates": [ 18.433333, 51.651944 ] } },
{ "type": "Feature", "properties": { "Region": "KIELECKIE", "District": "JĘDRZEJOWSKI", "City": "Wodzisław", "1921": 3561.0, "1931": 4942.0, "1939": 5200.0 }, "geometry": { "type": "Point", "coordinates": [ 20.190556, 50.52 ] } },
{ "type": "Feature", "properties": { "Region": "LWOWSKIE", "District": "SOKALSKI", "City": "Bełz", "1921": 4148.0, "1931": 4900.0, "1939": 4897.0 }, "geometry": { "type": "Point", "coordinates": [ 24.0, 50.366667 ] } },
{ "type": "Feature", "properties": { "Region": "LWOWSKIE", "District": "SAMBORSKI", "City": "Stary Sambor", "1921": 4314.0, "1931": 4867.0, "1939": 4393.0 }, "geometry": { "type": "Point", "coordinates": [ 23.000611, 49.440972 ] } },
{ "type": "Feature", "properties": { "Region": "ŁÓDZKIE", "District": "BRZEZIŃSKI", "City": "Stryków", "1921": 4127.0, "1931": 4821.0, "1939": 4862.0 }, "geometry": { "type": "Point", "coordinates": [ 19.610833, 51.901111 ] } },
{ "type": "Feature", "properties": { "Region": "ZIEMIA WILEŃSKA", "District": "DZIŚNIEŃSKI", "City": "Dzisna", "1921": 4413.0, "1931": 4806.0, "1939": 4863.0 }, "geometry": { "type": "Point", "coordinates": [ 28.225833, 55.562778 ] } },
{ "type": "Feature", "properties": { "Region": "BIAŁOSTOCKIE", "District": "BIAŁOSTOCKI", "City": "Wasilków", "1921": 3903.0, "1931": 4801.0, "1939": 5574.0 }, "geometry": { "type": "Point", "coordinates": [ 23.204444, 53.2 ] } },
{ "type": "Feature", "properties": { "Region": "TARNOPOLSKIE", "District": "TREMBOWELSKI", "City": "Budzanów", "1921": 4548.0, "1931": 4798.0, "1939": 4933.0 }, "geometry": { "type": "Point", "coordinates": [ 25.705556, 49.163889 ] } },
{ "type": "Feature", "properties": { "Region": "WARSZAWSKIE", "District": "SIERPECKI", "City": "Raciąż", "1921": 4513.0, "1931": 4789.0, "1939": 4786.0 }, "geometry": { "type": "Point", "coordinates": [ 20.117778, 52.781111 ] } },
{ "type": "Feature", "properties": { "Region": "STANISŁAWOWSKIE", "District": "TŁUMACKI", "City": "Ottynia", "1921": 4455.0, "1931": 4777.0, "1939": 4777.0 }, "geometry": { "type": "Point", "coordinates": [ 24.85, 48.733333 ] } },
{ "type": "Feature", "properties": { "Region": "WOŁYŃSKIE", "District": "WŁODZIMIERSKI", "City": "Uściług", "1921": 3728.0, "1931": 4771.0, "1939": 5141.0 }, "geometry": { "type": "Point", "coordinates": [ 24.156944, 50.86 ] } },
{ "type": "Feature", "properties": { "Region": "LWOWSKIE", "District": "MOŚCISKI", "City": "Mościska", "1921": 4751.0, "1931": 4770.0, "1939": 4810.0 }, "geometry": { "type": "Point", "coordinates": [ 23.15, 49.783333 ] } },
{ "type": "Feature", "properties": { "Region": "LWOWSKIE", "District": "MOŚCISKI", "City": "Sądowa Wisznia", "1921": 4309.0, "1931": 4765.0, "1939": 5465.0 }, "geometry": { "type": "Point", "coordinates": [ 23.37345, 49.786764 ] } },
{ "type": "Feature", "properties": { "Region": "WARSZAWSKIE", "District": "GRÓJECKI", "City": "Warka", "1921": 4666.0, "1931": 4763.0, "1939": 6346.0 }, "geometry": { "type": "Point", "coordinates": [ 21.186389, 51.783333 ] } },
{ "type": "Feature", "properties": { "Region": "LUBELSKIE", "District": "WŁODAWSKI", "City": "Ostrów (Lubelski)", "1921": 3813.0, "1931": 4753.0, "1939": 5700.0 }, "geometry": { "type": "Point", "coordinates": [ 22.855, 51.491111 ] } },
{ "type": "Feature", "properties": { "Region": "POZNAŃSKIE", "District": "CZARNKOWSKI", "City": "Czarnków", "1921": 3970.0, "1931": 4737.0, "1939": 4986.0 }, "geometry": { "type": "Point", "coordinates": [ 16.564167, 52.904444 ] } },
{ "type": "Feature", "properties": { "Region": "WARSZAWSKIE", "District": "NIESZAWSKI", "City": "Ciechocinek", "1921": 4358.0, "1931": 4711.0, "1939": 5220.0 }, "geometry": { "type": "Point", "coordinates": [ 18.781667, 52.878056 ] } },
{ "type": "Feature", "properties": { "Region": "KRAKOWSKIE", "District": "BOCHEŃSKI", "City": "Niepołomice", "1921": 4071.0, "1931": 4689.0, "1939": 5335.0 }, "geometry": { "type": "Point", "coordinates": [ 20.217222, 50.033889 ] } },
{ "type": "Feature", "properties": { "Region": "POMORSKIE", "District": "ŚWIECKI", "City": "Nowe", "1921": 4011.0, "1931": 4671.0, "1939": 5131.0 }, "geometry": { "type": "Point", "coordinates": [ 18.729167, 53.646111 ] } },
{ "type": "Feature", "properties": { "Region": "POMORSKIE", "District": "TORUŃSKI", "City": "Podgórz (dziś część Torunia)", "1921": 3232.0, "1931": 4658.0, "1939": 0.0 }, "geometry": { "type": "Point", "coordinates": [ 18.5878, 52.9877 ] } },
{ "type": "Feature", "properties": { "Region": "LWOWSKIE", "District": "RZESZOWSKI", "City": "Błażowa", "1921": 5123.0, "1931": 4631.0, "1939": 5008.0 }, "geometry": { "type": "Point", "coordinates": [ 22.099444, 49.883333 ] } },
{ "type": "Feature", "properties": { "Region": "ŁÓDZKIE", "District": "KOLSKI", "City": "Kłodawa", "1921": 4298.0, "1931": 4627.0, "1939": 5509.0 }, "geometry": { "type": "Point", "coordinates": [ 18.913889, 52.255278 ] } },
{ "type": "Feature", "properties": { "Region": "KRAKOWSKIE", "District": "NOWOSĄDECKI", "City": "Krynica-Zdrój", "1921": 2341.0, "1931": 4626.0, "1939": 6600.0 }, "geometry": { "type": "Point", "coordinates": [ 20.955, 49.411667 ] } },
{ "type": "Feature", "properties": { "Region": "LUBELSKIE", "District": "PUŁAWSKI", "City": "Kazimierz Dolny", "1921": 3857.0, "1931": 4614.0, "1939": 5673.0 }, "geometry": { "type": "Point", "coordinates": [ 21.945747, 51.322069 ] } },
{ "type": "Feature", "properties": { "Region": "POZNAŃSKIE", "District": "WOLSZTYŃSKI", "City": "Wolsztyn", "1921": 4124.0, "1931": 4580.0, "1939": 4880.0 }, "geometry": { "type": "Point", "coordinates": [ 16.116944, 52.114167 ] } },
{ "type": "Feature", "properties": { "Region": "KRAKOWSKIE", "District": "CHRZANOWSKI", "City": "Szczakowa", "1921": 3723.0, "1931": 4558.0, "1939": 5216.0 }, "geometry": { "type": "Point", "coordinates": [ 19.296944, 50.242778 ] } },
{ "type": "Feature", "properties": { "Region": "WARSZAWSKIE", "District": "PŁOCKI", "City": "Wyszogród", "1921": 4297.0, "1931": 4553.0, "1939": 4787.0 }, "geometry": { "type": "Point", "coordinates": [ 20.190833, 52.388889 ] } },
{ "type": "Feature", "properties": { "Region": "NOWOGRÓDZKIE", "District": "BARANOWICKI", "City": "Lachowicze", "1921": 3400.0, "1931": 4547.0, "1939": 4737.0 }, "geometry": { "type": "Point", "coordinates": [ 26.266667, 53.033333 ] } },
{ "type": "Feature", "properties": { "Region": "POLESKIE", "District": "PRUŻAŃSKI", "City": "Bereza Kartuska", "1921": 3526.0, "1931": 4521.0, "1939": 4879.0 }, "geometry": { "type": "Point", "coordinates": [ 24.966667, 52.55 ] } },
{ "type": "Feature", "properties": { "Region": "STANISŁAWOWSKIE", "District": "ŻYDACZOWSKI", "City": "Żydaczów", "1921": 3996.0, "1931": 4514.0, "1939": 4897.0 }, "geometry": { "type": "Point", "coordinates": [ 24.136131, 49.388629 ] } },
{ "type": "Feature", "properties": { "Region": "WOŁYŃSKIE", "District": "ŁUCKI", "City": "Rożyszcze", "1921": 3263.0, "1931": 4512.0, "1939": 6804.0 }, "geometry": { "type": "Point", "coordinates": [ 25.27, 50.913056 ] } },
{ "type": "Feature", "properties": { "Region": "ŁÓDZKIE", "District": "KONIŃSKI", "City": "Pyzdry", "1921": 4614.0, "1931": 4494.0, "1939": 5050.0 }, "geometry": { "type": "Point", "coordinates": [ 17.69, 52.170278 ] } },
{ "type": "Feature", "properties": { "Region": "ŁÓDZKIE", "District": "WIELUŃSKI", "City": "Praszka", "1921": 4478.0, "1931": 4486.0, "1939": 4642.0 }, "geometry": { "type": "Point", "coordinates": [ 18.450556, 51.056111 ] } },
{ "type": "Feature", "properties": { "Region": "WARSZAWSKIE", "District": "WŁOCŁAWSKI", "City": "Kowal", "1921": 4063.0, "1931": 4482.0, "1939": 5600.0 }, "geometry": { "type": "Point", "coordinates": [ 19.145, 52.5325 ] } },
{ "type": "Feature", "properties": { "Region": "POMORSKIE", "District": "LUBAWSKI", "City": "Nowemiasto (Nowe Miasto Lubawskie)", "1921": 3721.0, "1931": 4473.0, "1939": 4958.0 }, "geometry": { "type": "Point", "coordinates": [ 19.587778, 53.425556 ] } },
{ "type": "Feature", "properties": { "Region": "LUBELSKIE", "District": "ŁUKOWSKI", "City": "Kock", "1921": 3903.0, "1931": 4462.0, "1939": 4500.0 }, "geometry": { "type": "Point", "coordinates": [ 22.447983, 51.641342 ] } },
{ "type": "Feature", "properties": { "Region": "LWOWSKIE", "District": "LWOWSKI", "City": "Winniki", "1921": 3635.0, "1931": 4414.0, "1939": 6400.0 }, "geometry": { "type": "Point", "coordinates": [ 24.129722, 49.815556 ] } },
{ "type": "Feature", "properties": { "Region": "TARNOPOLSKIE", "District": "PRZEMYŚLAŃSKI", "City": "Gliniany (dziś Ukraina)", "1921": 4355.0, "1931": 4391.0, "1939": 4689.0 }, "geometry": { "type": "Point", "coordinates": [ 24.515556, 49.822194 ] } },
{ "type": "Feature", "properties": { "Region": "POZNAŃSKIE", "District": "SZUBIŃSKI", "City": "Kcynia", "1921": 3369.0, "1931": 4391.0, "1939": 4860.0 }, "geometry": { "type": "Point", "coordinates": [ 17.486667, 52.993611 ] } },
{ "type": "Feature", "properties": { "Region": "STANISŁAWOWSKIE", "District": "STANISŁAWOWSKI", "City": "Halicz", "1921": 3442.0, "1931": 4386.0, "1939": 4387.0 }, "geometry": { "type": "Point", "coordinates": [ 24.729681, 49.125022 ] } },
{ "type": "Feature", "properties": { "Region": "ŚLĄSKIE", "District": "CIESZYŃSKI", "City": "Skoczów", "1921": 3494.0, "1931": 4374.0, "1939": 5213.0 }, "geometry": { "type": "Point", "coordinates": [ 18.789722, 49.803333 ] } },
{ "type": "Feature", "properties": { "Region": "ŁÓDZKIE", "District": "SIERADZKI", "City": "Warta", "1921": 4108.0, "1931": 4360.0, "1939": 4435.0 }, "geometry": { "type": "Point", "coordinates": [ 18.625, 51.708056 ] } },
{ "type": "Feature", "properties": { "Region": "LWOWSKIE", "District": "ŻÓŁKIEWSKI", "City": "Mosty Wielkie", "1921": 3795.0, "1931": 4348.0, "1939": 5000.0 }, "geometry": { "type": "Point", "coordinates": [ 24.145833, 50.239167 ] } },
{ "type": "Feature", "properties": { "Region": "POZNAŃSKIE", "District": "NOWOTOMYSKI", "City": "Opalenica", "1921": 3058.0, "1931": 4332.0, "1939": 4291.0 }, "geometry": { "type": "Point", "coordinates": [ 16.409444, 52.309167 ] } },
{ "type": "Feature", "properties": { "Region": "STANISŁAWOWSKIE", "District": "ROHATYŃSKI", "City": "Bursztyn", "1921": 3720.0, "1931": 4326.0, "1939": 4384.0 }, "geometry": { "type": "Point", "coordinates": [ 24.630561, 49.2635 ] } },
{ "type": "Feature", "properties": { "Region": "KRAKOWSKIE", "District": "NOWOSĄDECKI", "City": "Piwniczna (Piwniczna-Zdrój)", "1921": 3632.0, "1931": 4315.0, "1939": 4900.0 }, "geometry": { "type": "Point", "coordinates": [ 20.711389, 49.435278 ] } },
{ "type": "Feature", "properties": { "Region": "TARNOPOLSKIE", "District": "ZBOROWSKI", "City": "Pomorzany (dziś Ukraina)", "1921": 3445.0, "1931": 4304.0, "1939": 4724.0 }, "geometry": { "type": "Point", "coordinates": [ 24.935278, 49.635278 ] } },
{ "type": "Feature", "properties": { "Region": "STANISŁAWOWSKIE", "District": "ŻYDACZOWSKI", "City": "Rozdół", "1921": 3861.0, "1931": 4300.0, "1939": 3490.0 }, "geometry": { "type": "Point", "coordinates": [ 24.062222, 49.461944 ] } },
{ "type": "Feature", "properties": { "Region": "WARSZAWSKIE", "District": "MAKOWSKI (MAKÓW MAZOWIECKI)", "City": "Różan", "1921": 3285.0, "1931": 4268.0, "1939": 4876.0 }, "geometry": { "type": "Point", "coordinates": [ 21.396389, 52.888889 ] } },
{ "type": "Feature", "properties": { "Region": "LWOWSKIE", "District": "BRZOZOWSKI", "City": "Brzozów", "1921": 4160.0, "1931": 4242.0, "1939": 4750.0 }, "geometry": { "type": "Point", "coordinates": [ 22.019444, 49.695278 ] } },
{ "type": "Feature", "properties": { "Region": "BIAŁOSTOCKIE", "District": "BIELSKI (BIELSK PODLASKI)", "City": "Brańsk", "1921": 3739.0, "1931": 4204.0, "1939": 4611.0 }, "geometry": { "type": "Point", "coordinates": [ 22.833333, 52.745556 ] } },
{ "type": "Feature", "properties": { "Region": "ŁÓDZKIE", "District": "ŁÓDZKI", "City": "Tuszyn", "1921": 3451.0, "1931": 4202.0, "1939": 4551.0 }, "geometry": { "type": "Point", "coordinates": [ 19.53, 51.609167 ] } },
{ "type": "Feature", "properties": { "Region": "POZNAŃSKIE", "District": "POZNAŃSKI", "City": "Swarzędz", "1921": 3364.0, "1931": 4196.0, "1939": 6379.0 }, "geometry": { "type": "Point", "coordinates": [ 17.071389, 52.408333 ] } },
{ "type": "Feature", "properties": { "Region": "POMORSKIE", "District": "TCZEWSKI", "City": "Pelplin", "1921": 3612.0, "1931": 4185.0, "1939": 4218.0 }, "geometry": { "type": "Point", "coordinates": [ 18.701111, 53.926111 ] } },
{ "type": "Feature", "properties": { "Region": "WARSZAWSKIE", "District": "SIERPECKI", "City": "Żuromin", "1921": 3962.0, "1931": 4165.0, "1939": 4212.0 }, "geometry": { "type": "Point", "coordinates": [ 19.909167, 53.066667 ] } },
{ "type": "Feature", "properties": { "Region": "BIAŁOSTOCKIE", "District": "BIAŁOSTOCKI", "City": "Knyszyn", "1921": 3579.0, "1931": 4123.0, "1939": 4400.0 }, "geometry": { "type": "Point", "coordinates": [ 22.919444, 53.3125 ] } },
{ "type": "Feature", "properties": { "Region": "TARNOPOLSKIE", "District": "ZALESZCZYCKI", "City": "Zaleszczyki", "1921": 4014.0, "1931": 4114.0, "1939": 5965.0 }, "geometry": { "type": "Point", "coordinates": [ 25.736673, 48.647842 ] } },
{ "type": "Feature", "properties": { "Region": "WOŁYŃSKIE", "District": "LUBOMELSKI", "City": "Luboml", "1921": 3328.0, "1931": 4111.0, "1939": 7800.0 }, "geometry": { "type": "Point", "coordinates": [ 24.033333, 51.216667 ] } },
{ "type": "Feature", "properties": { "Region": "KRAKOWSKIE", "District": "WADOWICKI", "City": "Maków Podhalański", "1921": 3226.0, "1931": 4111.0, "1939": 4700.0 }, "geometry": { "type": "Point", "coordinates": [ 19.680833, 49.730556 ] } },
{ "type": "Feature", "properties": { "Region": "ZIEMIA WILEŃSKA", "District": "OSZMIAŃSKI", "City": "Smorgonie", "1921": 2952.0, "1931": 4090.0, "1939": 5000.0 }, "geometry": { "type": "Point", "coordinates": [ 26.4, 54.483333 ] } },
{ "type": "Feature", "properties": { "Region": "TARNOPOLSKIE", "District": "SKAŁACKI", "City": "Grzymałów (dziś Ukraina)", "1921": 3422.0, "1931": 4084.0, "1939": 4794.0 }, "geometry": { "type": "Point", "coordinates": [ 26.009167, 49.328611 ] } },
{ "type": "Feature", "properties": { "Region": "KRAKOWSKIE", "District": "GORLICKI", "City": "Biecz", "1921": 3673.0, "1931": 4055.0, "1939": 4960.0 }, "geometry": { "type": "Point", "coordinates": [ 21.2625, 49.731944 ] } },
{ "type": "Feature", "properties": { "Region": "POMORSKIE", "District": "DZIAŁDOWSKI", "City": "Lidzbark", "1921": 3325.0, "1931": 4032.0, "1939": 7783.0 }, "geometry": { "type": "Point", "coordinates": [ 19.821111, 53.260278 ] } },
{ "type": "Feature", "properties": { "Region": "LUBELSKIE", "District": "LUBARTOWSKI", "City": "Łęczna", "1921": 3590.0, "1931": 4030.0, "1939": 4240.0 }, "geometry": { "type": "Point", "coordinates": [ 22.879167, 51.301667 ] } },
{ "type": "Feature", "properties": { "Region": "BIAŁOSTOCKIE", "District": "WYSOKOMAZOWIECKI", "City": "Ciechanowiec", "1921": 3291.0, "1931": 4029.0, "1939": 6169.0 }, "geometry": { "type": "Point", "coordinates": [ 22.491667, 52.686111 ] } },
{ "type": "Feature", "properties": { "Region": "WARSZAWSKIE", "District": "NIESZAWSKI", "City": "Radziejów", "1921": 3164.0, "1931": 4025.0, "1939": 5169.0 }, "geometry": { "type": "Point", "coordinates": [ 18.52824, 52.62392 ] } },
{ "type": "Feature", "properties": { "Region": "WOŁYŃSKIE", "District": "RÓWIEŃSKI", "City": "Korzec", "1921": 4946.0, "1931": 4015.0, "1939": 6503.0 }, "geometry": { "type": "Point", "coordinates": [ 27.160833, 50.617222 ] } },
{ "type": "Feature", "properties": { "Region": "WOŁYŃSKIE", "District": "SARNEŃSKI", "City": "Rokitno", "1921": 1491.0, "1931": 4004.0, "1939": 4195.0 }, "geometry": { "type": "Point", "coordinates": [ 27.210278, 51.287222 ] } },
{ "type": "Feature", "properties": { "Region": "POZNAŃSKIE", "District": "NOWOTOMYSKI", "City": "Sępolno", "1921": 3318.0, "1931": 3992.0, "1939": 4481.0 }, "geometry": { "type": "Point", "coordinates": [ 16.030556, 52.377222 ] } },
{ "type": "Feature", "properties": { "Region": "POLESKIE", "District": "IWACEWICKI", "City": "Różana (dziś Białoruś)", "1921": 3622.0, "1931": 3986.0, "1939": 4500.0 }, "geometry": { "type": "Point", "coordinates": [ 24.9, 52.866667 ] } },
{ "type": "Feature", "properties": { "Region": "BIAŁOSTOCKIE", "District": "WYSOKOMAZOWIECKI", "City": "Wysokie Mazowieckie", "1921": 3525.0, "1931": 3977.0, "1939": 4265.0 }, "geometry": { "type": "Point", "coordinates": [ 22.514444, 52.916667 ] } },
{ "type": "Feature", "properties": { "Region": "LWOWSKIE", "District": "LESKI", "City": "Ustrzyki Dolne", "1921": 3242.0, "1931": 3964.0, "1939": 4303.0 }, "geometry": { "type": "Point", "coordinates": [ 22.586667, 49.429722 ] } },
{ "type": "Feature", "properties": { "Region": "STANISŁAWOWSKIE", "District": "ŻYDACZOWSKI", "City": "Żurawno", "1921": 3362.0, "1931": 3948.0, "1939": 4300.0 }, "geometry": { "type": "Point", "coordinates": [ 24.285278, 49.258056 ] } },
{ "type": "Feature", "properties": { "Region": "TARNOPOLSKIE", "District": "SKAŁACKI", "City": "Podwołoczyska", "1921": 3670.0, "1931": 3945.0, "1939": 3895.0 }, "geometry": { "type": "Point", "coordinates": [ 26.116667, 49.516667 ] } },
{ "type": "Feature", "properties": { "Region": "ŁÓDZKIE", "District": "KONIŃSKI", "City": "Zagórów", "1921": 3715.0, "1931": 3945.0, "1939": 4389.0 }, "geometry": { "type": "Point", "coordinates": [ 17.891667, 52.165556 ] } },
{ "type": "Feature", "properties": { "Region": "LWOWSKIE", "District": "LESKI", "City": "Lesko", "1921": 3870.0, "1931": 3943.0, "1939": 4019.0 }, "geometry": { "type": "Point", "coordinates": [ 22.328889, 49.474444 ] } },
{ "type": "Feature", "properties": { "Region": "LWOWSKIE", "District": "NIŻAŃSKI", "City": "Rudnik (nad Sanem)", "1921": 2959.0, "1931": 3930.0, "1939": 5000.0 }, "geometry": { "type": "Point", "coordinates": [ 22.248056, 50.443056 ] } },
{ "type": "Feature", "properties": { "Region": "LUBELSKIE", "District": "BIALSKI (BIAŁA PODLASKA)", "City": "Janów Podlaski", "1921": 3360.0, "1931": 3900.0, "1939": 4000.0 }, "geometry": { "type": "Point", "coordinates": [ 23.210556, 52.195556 ] } },
{ "type": "Feature", "properties": { "Region": "WARSZAWSKIE", "District": "RAWSKI (RAWA MAZOWIECKA)", "City": "Nowe Miasto (nad Pilicą)", "1921": 3761.0, "1931": 3877.0, "1939": 3913.0 }, "geometry": { "type": "Point", "coordinates": [ 20.578889, 51.616667 ] } },
{ "type": "Feature", "properties": { "Region": "POZNAŃSKIE", "District": "INOWROCŁAWSKI", "City": "Gniewkowo", "1921": 3330.0, "1931": 3873.0, "1939": 4657.0 }, "geometry": { "type": "Point", "coordinates": [ 18.406389, 52.895 ] } },
{ "type": "Feature", "properties": { "Region": "LWOWSKIE", "District": "DOBROMILSKI", "City": "Chyrów", "1921": 3490.0, "1931": 3864.0, "1939": 4314.0 }, "geometry": { "type": "Point", "coordinates": [ 22.85, 49.533333 ] } },
{ "type": "Feature", "properties": { "Region": "POMORSKIE", "District": "MORSKI", "City": "Puck", "1921": 2792.0, "1931": 3848.0, "1939": 5203.0 }, "geometry": { "type": "Point", "coordinates": [ 18.408611, 54.717778 ] } },
{ "type": "Feature", "properties": { "Region": "ZIEMIA WILEŃSKA", "District": "ŚWIĘCIAŃSKI", "City": "Nowo-Święciany (Nowe Święciany)", "1921": 3196.0, "1931": 3838.0, "1939": 4119.0 }, "geometry": { "type": "Point", "coordinates": [ 26.0, 55.166667 ] } },
{ "type": "Feature", "properties": { "Region": "ŁÓDZKIE", "District": "KOLSKI", "City": "Dąbie", "1921": 3765.0, "1931": 3825.0, "1939": 4212.0 }, "geometry": { "type": "Point", "coordinates": [ 18.822222, 52.090556 ] } },
{ "type": "Feature", "properties": { "Region": "LUBELSKIE", "District": "HRUBIESZOWSKI", "City": "Dubienka", "1921": 2964.0, "1931": 3825.0, "1939": 4500.0 }, "geometry": { "type": "Point", "coordinates": [ 23.8925, 51.048333 ] } },
{ "type": "Feature", "properties": { "Region": "TARNOPOLSKIE", "District": "ZŁOCZOWSKI", "City": "Olesko", "1921": 3698.0, "1931": 3824.0, "1939": 3924.0 }, "geometry": { "type": "Point", "coordinates": [ 24.883333, 49.95 ] } },
{ "type": "Feature", "properties": { "Region": "BIAŁOSTOCKIE", "District": "GRODZIEŃSKI", "City": "Skidel", "1921": 2907.0, "1931": 3814.0, "1939": 4212.0 }, "geometry": { "type": "Point", "coordinates": [ 24.251944, 53.586111 ] } },
{ "type": "Feature", "properties": { "Region": "ŁÓDZKIE", "District": "ŁĘCZYCKI", "City": "Poddębice", "1921": 3122.0, "1931": 3800.0, "1939": 4305.0 }, "geometry": { "type": "Point", "coordinates": [ 18.957222, 51.893333 ] } },
{ "type": "Feature", "properties": { "Region": "POZNAŃSKIE", "District": "MOGILEŃSKI", "City": "Pakość", "1921": 3336.0, "1931": 3797.0, "1939": 3926.0 }, "geometry": { "type": "Point", "coordinates": [ 18.090278, 52.807778 ] } },
{ "type": "Feature", "properties": { "Region": "POZNAŃSKIE", "District": "KOŚCIAŃSKI", "City": "Śmigiel", "1921": 3754.0, "1931": 3761.0, "1939": 4207.0 }, "geometry": { "type": "Point", "coordinates": [ 16.518611, 52.009167 ] } },
{ "type": "Feature", "properties": { "Region": "NOWOGRÓDZKIE", "District": "NOWOGRÓDZKI", "City": "Zdzięcioł", "1921": 3080.0, "1931": 3746.0, "1939": 3801.0 }, "geometry": { "type": "Point", "coordinates": [ 25.4, 53.45 ] } },
{ "type": "Feature", "properties": { "Region": "POZNAŃSKIE", "District": "POZNAŃSKI", "City": "Pobiedziska", "1921": 3363.0, "1931": 3745.0, "1939": 4452.0 }, "geometry": { "type": "Point", "coordinates": [ 17.279444, 52.48 ] } },
{ "type": "Feature", "properties": { "Region": "POZNAŃSKIE", "District": "BYDGOSKI", "City": "Fordon (dziś część Bydgoszczy)", "1921": 2314.0, "1931": 3733.0, "1939": 4921.0 }, "geometry": { "type": "Point", "coordinates": [ 18.167772, 53.147631 ] } },
{ "type": "Feature", "properties": { "Region": "BIAŁOSTOCKIE", "District": "WOŁKOWYSKI", "City": "Świsłocz (Swisłocz)", "1921": 2935.0, "1931": 3731.0, "1939": 4188.0 }, "geometry": { "type": "Point", "coordinates": [ 24.1, 53.033333 ] } },
{ "type": "Feature", "properties": { "Region": "STANISŁAWOWSKIE", "District": "ROHATYŃSKI", "City": "Bołszowce", "1921": 2915.0, "1931": 3697.0, "1939": 4990.0 }, "geometry": { "type": "Point", "coordinates": [ 24.746389, 49.185556 ] } },
{ "type": "Feature", "properties": { "Region": "KRAKOWSKIE", "District": "BRZESKI (BRZESKO)", "City": "Brzesko", "1921": 3144.0, "1931": 3672.0, "1939": 3863.0 }, "geometry": { "type": "Point", "coordinates": [ 20.606389, 49.968889 ] } },
{ "type": "Feature", "properties": { "Region": "KRAKOWSKIE", "District": "ROPCZYCKI", "City": "Pilzno", "1921": 3546.0, "1931": 3671.0, "1939": 3762.0 }, "geometry": { "type": "Point", "coordinates": [ 21.291389, 49.978611 ] } },
{ "type": "Feature", "properties": { "Region": "POMORSKIE", "District": "WĄBRZESKI", "City": "Kowalewo (Pomorskie)", "1921": 3207.0, "1931": 3654.0, "1939": 3692.0 }, "geometry": { "type": "Point", "coordinates": [ 18.897222, 53.154722 ] } },
{ "type": "Feature", "properties": { "Region": "LWOWSKIE", "District": "RUDECKI", "City": "Rudki (dziś Ukraina)", "1921": 3462.0, "1931": 3649.0, "1939": 3700.0 }, "geometry": { "type": "Point", "coordinates": [ 23.486944, 49.652778 ] } },
{ "type": "Feature", "properties": { "Region": "LWOWSKIE", "District": "TARNOBRZESKI", "City": "Tarnobrzeg", "1921": 3169.0, "1931": 3643.0, "1939": 5791.0 }, "geometry": { "type": "Point", "coordinates": [ 21.678611, 50.572778 ] } },
{ "type": "Feature", "properties": { "Region": "POMORSKIE", "District": "TCZEWSKI", "City": "Gniew", "1921": 3131.0, "1931": 3639.0, "1939": 3500.0 }, "geometry": { "type": "Point", "coordinates": [ 18.8225, 53.835556 ] } },
{ "type": "Feature", "properties": { "Region": "LWOWSKIE", "District": "RAWSKI (RAWA RUSKA)", "City": "Uhnów", "1921": 3575.0, "1931": 3639.0, "1939": 4282.0 }, "geometry": { "type": "Point", "coordinates": [ 23.733333, 50.366667 ] } },
{ "type": "Feature", "properties": { "Region": "STANISŁAWOWSKIE", "District": "DOLIŃSKI", "City": "Rożniatów (dziś Ukraina)", "1921": 3266.0, "1931": 3638.0, "1939": 3708.0 }, "geometry": { "type": "Point", "coordinates": [ 24.154722, 48.936389 ] } },
{ "type": "Feature", "properties": { "Region": "POZNAŃSKIE", "District": "NOWOTOMYSKI", "City": "Buk", "1921": 3480.0, "1931": 3637.0, "1939": 3586.0 }, "geometry": { "type": "Point", "coordinates": [ 16.5175, 52.356667 ] } },
{ "type": "Feature", "properties": { "Region": "LWOWSKIE", "District": "KOLBUSZOWSKI", "City": "Sokołów (dziś Sokołów Małopolski)", "1921": 3515.0, "1931": 3637.0, "1939": 3650.0 }, "geometry": { "type": "Point", "coordinates": [ 22.120833, 50.2325 ] } },
{ "type": "Feature", "properties": { "Region": "STANISŁAWOWSKIE", "District": "ŻYDACZOWSKI", "City": "Mikołajów (dziś Ukraina)", "1921": 3156.0, "1931": 3625.0, "1939": 3859.0 }, "geometry": { "type": "Point", "coordinates": [ 23.966667, 49.516667 ] } },
{ "type": "Feature", "properties": { "Region": "LWOWSKIE", "District": "SANOCKI", "City": "Rymanów", "1921": 3546.0, "1931": 3617.0, "1939": 3836.0 }, "geometry": { "type": "Point", "coordinates": [ 21.8675, 49.576389 ] } },
{ "type": "Feature", "properties": { "Region": "LUBELSKIE", "District": "ŁUKOWSKI", "City": "Stoczek (Łukowski)", "1921": 2951.0, "1931": 3589.0, "1939": 3583.0 }, "geometry": { "type": "Point", "coordinates": [ 21.968333, 51.963333 ] } },
{ "type": "Feature", "properties": { "Region": "KIELECKIE", "District": "MIECHOWSKI", "City": "Proszowice", "1921": 3297.0, "1931": 3531.0, "1939": 3766.0 }, "geometry": { "type": "Point", "coordinates": [ 20.288717, 50.193139 ] } },
{ "type": "Feature", "properties": { "Region": "POZNAŃSKIE", "District": "MOGILEŃSKI", "City": "Kruszwica", "1921": 3021.0, "1931": 3515.0, "1939": 5313.0 }, "geometry": { "type": "Point", "coordinates": [ 18.326389, 52.674167 ] } },
{ "type": "Feature", "properties": { "Region": "WARSZAWSKIE", "District": "KUTNOWSKI", "City": "Krośniewice", "1921": 3509.0, "1931": 3506.0, "1939": 3565.0 }, "geometry": { "type": "Point", "coordinates": [ 19.17, 52.253611 ] } },
{ "type": "Feature", "properties": { "Region": "ŁÓDZKIE", "District": "TURECKI", "City": "Uniejów", "1921": 3657.0, "1931": 3484.0, "1939": 3951.0 }, "geometry": { "type": "Point", "coordinates": [ 18.800278, 51.97 ] } },
{ "type": "Feature", "properties": { "Region": "BIAŁOSTOCKIE", "District": "SOKÓLSKI", "City": "Dąbrowa Grodzieńska (dziś Dąbrowa Białostocka)", "1921": 3014.0, "1931": 3482.0, "1939": 4096.0 }, "geometry": { "type": "Point", "coordinates": [ 23.348611, 53.653611 ] } },
{ "type": "Feature", "properties": { "Region": "POMORSKIE", "District": "KOŚCIERSKI", "City": "Skarszewy", "1921": 3009.0, "1931": 3456.0, "1939": 3700.0 }, "geometry": { "type": "Point", "coordinates": [ 18.445833, 54.067222 ] } },
{ "type": "Feature", "properties": { "Region": "BIAŁOSTOCKIE", "District": "BIAŁOSTOCKI", "City": "Goniądz", "1921": 2981.0, "1931": 3449.0, "1939": 3600.0 }, "geometry": { "type": "Point", "coordinates": [ 22.733333, 53.489722 ] } },
{ "type": "Feature", "properties": { "Region": "KRAKOWSKIE", "District": "KRAKOWSKI", "City": "Skawina", "1921": 2444.0, "1931": 3434.0, "1939": 4400.0 }, "geometry": { "type": "Point", "coordinates": [ 19.828333, 49.975 ] } },
{ "type": "Feature", "properties": { "Region": "POMORSKIE", "District": "SĘPOLEŃSKI", "City": "Więcbork", "1921": 2588.0, "1931": 3433.0, "1939": 4350.0 }, "geometry": { "type": "Point", "coordinates": [ 17.483333, 53.35 ] } },
{ "type": "Feature", "properties": { "Region": "TARNOPOLSKIE", "District": "RADZIECHOWSKI", "City": "Łopatyn", "1921": 3399.0, "1931": 3427.0, "1939": 3600.0 }, "geometry": { "type": "Point", "coordinates": [ 24.833333, 50.216667 ] } },
{ "type": "Feature", "properties": { "Region": "POZNAŃSKIE", "District": "CZARNKOWSKI", "City": "Wieleń nad Notecią", "1921": 2870.0, "1931": 3403.0, "1939": 4210.0 }, "geometry": { "type": "Point", "coordinates": [ 16.173611, 52.892222 ] } },
{ "type": "Feature", "properties": { "Region": "POZNAŃSKIE", "District": "KROTOSZYŃSKI", "City": "Zduny", "1921": 2825.0, "1931": 3403.0, "1939": 3437.0 }, "geometry": { "type": "Point", "coordinates": [ 17.377778, 51.646389 ] } },
{ "type": "Feature", "properties": { "Region": "LWOWSKIE", "District": "ŻÓŁKIEWSKI", "City": "Kulików (rejon żółkiewski)", "1921": 2886.0, "1931": 3390.0, "1939": 3553.0 }, "geometry": { "type": "Point", "coordinates": [ 24.0779, 49.979542 ] } },
{ "type": "Feature", "properties": { "Region": "KRAKOWSKIE", "District": "ROPCZYCKI", "City": "Ropczyce", "1921": 3002.0, "1931": 3382.0, "1939": 3402.0 }, "geometry": { "type": "Point", "coordinates": [ 21.609167, 50.052778 ] } },
{ "type": "Feature", "properties": { "Region": "POZNAŃSKIE", "District": "SZAMOTULSKI", "City": "Pniewy", "1921": 3089.0, "1931": 3371.0, "1939": 4000.0 }, "geometry": { "type": "Point", "coordinates": [ 16.256389, 52.508889 ] } },
{ "type": "Feature", "properties": { "Region": "POZNAŃSKIE", "District": "ŚREDZKI", "City": "Kostrzyn", "1921": 3077.0, "1931": 3370.0, "1939": 3706.0 }, "geometry": { "type": "Point", "coordinates": [ 17.228156, 52.397919 ] } },
{ "type": "Feature", "properties": { "Region": "KRAKOWSKIE", "District": "CHRZANOWSKI", "City": "Krzeszowice", "1921": 2933.0, "1931": 3366.0, "1939": 3500.0 }, "geometry": { "type": "Point", "coordinates": [ 19.631944, 50.135 ] } },
{ "type": "Feature", "properties": { "Region": "BIAŁOSTOCKIE", "District": "BIAŁOSTOCKI", "City": "Starosielce", "1921": 2422.0, "1931": 3364.0, "1939": 3399.0 }, "geometry": { "type": "Point", "coordinates": [ 23.081111, 53.123611 ] } },
{ "type": "Feature", "properties": { "Region": "KIELECKIE", "District": "SANDOMIERSKI", "City": "Zawichost", "1921": 3014.0, "1931": 3340.0, "1939": 3613.0 }, "geometry": { "type": "Point", "coordinates": [ 21.856389, 50.806667 ] } },
{ "type": "Feature", "properties": { "Region": "WARSZAWSKIE", "District": "WŁOCŁAWSKI", "City": "Przedecz", "1921": 3040.0, "1931": 3322.0, "1939": 3600.0 }, "geometry": { "type": "Point", "coordinates": [ 18.896667, 52.335556 ] } },
{ "type": "Feature", "properties": { "Region": "KRAKOWSKIE", "District": "NOWOSĄDECKI", "City": "Grybów", "1921": 2931.0, "1931": 3311.0, "1939": 3400.0 }, "geometry": { "type": "Point", "coordinates": [ 20.948333, 49.624444 ] } },
{ "type": "Feature", "properties": { "Region": "LWOWSKIE", "District": "TARNOBRZESKI", "City": "Rozwadów (dziś część Stalowej-Woli)", "1921": 2700.0, "1931": 3311.0, "1939": 3800.0 }, "geometry": { "type": "Point", "coordinates": [ 22.041667, 50.591111 ] } },
{ "type": "Feature", "properties": { "Region": "BIAŁOSTOCKIE", "District": "WYSOKOMAZOWIECKI", "City": "Tykocin", "1921": 2993.0, "1931": 3290.0, "1939": 3400.0 }, "geometry": { "type": "Point", "coordinates": [ 22.770833, 53.205556 ] } },
{ "type": "Feature", "properties": { "Region": "LUBELSKIE", "District": "SIEDLECKI", "City": "Mordy", "1921": 3268.0, "1931": 3287.0, "1939": 3400.0 }, "geometry": { "type": "Point", "coordinates": [ 22.515278, 52.211111 ] } },
{ "type": "Feature", "properties": { "Region": "POZNAŃSKIE", "District": "SZUBIŃSKI", "City": "Szubin", "1921": 2744.0, "1931": 3271.0, "1939": 3437.0 }, "geometry": { "type": "Point", "coordinates": [ 17.743611, 53.011667 ] } },
{ "type": "Feature", "properties": { "Region": "ZIEMIA WILEŃSKA", "District": "DZIŚNIEŃSKI", "City": "Dokszyce", "1921": 3004.0, "1931": 3262.0, "1939": 3184.0 }, "geometry": { "type": "Point", "coordinates": [ 27.766667, 54.883333 ] } },
{ "type": "Feature", "properties": { "Region": "POLESKIE", "District": "IWACEWICKI", "City": "Kosów Poleski (dziś Białoruś)", "1921": 2433.0, "1931": 3256.0, "1939": 3703.0 }, "geometry": { "type": "Point", "coordinates": [ 25.15, 52.75 ] } },
{ "type": "Feature", "properties": { "Region": "BIAŁOSTOCKIE", "District": "BIAŁOSTOCKI", "City": "Zabłudów", "1921": 2861.0, "1931": 3158.0, "1939": 3850.0 }, "geometry": { "type": "Point", "coordinates": [ 23.335278, 53.015278 ] } },
{ "type": "Feature", "properties": { "Region": "ŁÓDZKIE", "District": "BRZEZIŃSKI", "City": "Głowno", "1921": 2422.0, "1931": 3154.0, "1939": 7600.0 }, "geometry": { "type": "Point", "coordinates": [ 19.711667, 51.964167 ] } },
{ "type": "Feature", "properties": { "Region": "STANISŁAWOWSKIE", "District": "STANISŁAWOWSKI", "City": "Bohorodczany", "1921": 2721.0, "1931": 3151.0, "1939": 3166.0 }, "geometry": { "type": "Point", "coordinates": [ 24.533333, 48.8 ] } },
{ "type": "Feature", "properties": { "Region": "TARNOPOLSKIE", "District": "TARNOPOLSKI", "City": "Mikulińce", "1921": 3217.0, "1931": 3136.0, "1939": 3158.0 }, "geometry": { "type": "Point", "coordinates": [ 25.6, 49.383333 ] } },
{ "type": "Feature", "properties": { "Region": "KRAKOWSKIE", "District": "MYŚLENICKI", "City": "Jordanów", "1921": 2456.0, "1931": 3115.0, "1939": 3300.0 }, "geometry": { "type": "Point", "coordinates": [ 19.83, 49.649167 ] } },
{ "type": "Feature", "properties": { "Region": "ŁÓDZKIE", "District": "SIERADZKI", "City": "Szadek", "1921": 3058.0, "1931": 3113.0, "1939": 3150.0 }, "geometry": { "type": "Point", "coordinates": [ 18.974167, 51.691111 ] } },
{ "type": "Feature", "properties": { "Region": "KRAKOWSKIE", "District": "MYŚLENICKI", "City": "Dobczyce", "1921": 2920.0, "1931": 3112.0, "1939": 3380.0 }, "geometry": { "type": "Point", "coordinates": [ 20.091389, 49.879167 ] } },
{ "type": "Feature", "properties": { "Region": "LWOWSKIE", "District": "KOLBUSZOWSKI", "City": "Kolbuszowa", "1921": 2900.0, "1931": 3112.0, "1939": 3132.0 }, "geometry": { "type": "Point", "coordinates": [ 21.775, 50.244167 ] } },
{ "type": "Feature", "properties": { "Region": "TARNOPOLSKIE", "District": "ZŁOCZOWSKI", "City": "Sassów", "1921": 3099.0, "1931": 3112.0, "1939": 3112.0 }, "geometry": { "type": "Point", "coordinates": [ 24.948889, 49.870833 ] } },
{ "type": "Feature", "properties": { "Region": "POMORSKIE", "District": "WĄBRZESKI", "City": "Golub", "1921": 2565.0, "1931": 3097.0, "1939": 3297.0 }, "geometry": { "type": "Point", "coordinates": [ 19.053333, 53.116667 ] } },
{ "type": "Feature", "properties": { "Region": "BIAŁOSTOCKIE", "District": "SUWALSKI", "City": "Sejny", "1921": 2254.0, "1931": 3091.0, "1939": 3405.0 }, "geometry": { "type": "Point", "coordinates": [ 23.348611, 54.106667 ] } },
{ "type": "Feature", "properties": { "Region": "LWOWSKIE", "District": "RZESZOWSKI", "City": "Strzyżów", "1921": 2905.0, "1931": 3060.0, "1939": 3600.0 }, "geometry": { "type": "Point", "coordinates": [ 21.791111, 49.870833 ] } },
{ "type": "Feature", "properties": { "Region": "ŚLĄSKIE", "District": "PSZCZYŃSKI", "City": "Bieruń Stary", "1921": 2221.0, "1931": 3059.0, "1939": 4000.0 }, "geometry": { "type": "Point", "coordinates": [ 19.091537, 50.090995 ] } },
{ "type": "Feature", "properties": { "Region": "LWOWSKIE", "District": "RZESZOWSKI", "City": "Tyczyn", "1921": 3095.0, "1931": 3039.0, "1939": 3115.0 }, "geometry": { "type": "Point", "coordinates": [ 22.033056, 49.965278 ] } },
{ "type": "Feature", "properties": { "Region": "WARSZAWSKIE", "District": "PRZASNYCKI", "City": "Chorzele", "1921": 2587.0, "1931": 3032.0, "1939": 4000.0 }, "geometry": { "type": "Point", "coordinates": [ 20.899167, 53.261111 ] } },
{ "type": "Feature", "properties": { "Region": "POZNAŃSKIE", "District": "ŻNIŃSKI", "City": "Janowiec (Wielkopolski)", "1921": 2993.0, "1931": 3029.0, "1939": 3350.0 }, "geometry": { "type": "Point", "coordinates": [ 17.488056, 52.756944 ] } },
{ "type": "Feature", "properties": { "Region": "POZNAŃSKIE", "District": "MIĘDZYCHODZKI", "City": "Sieraków", "1921": 2791.0, "1931": 3017.0, "1939": 3200.0 }, "geometry": { "type": "Point", "coordinates": [ 16.081389, 52.648889 ] } },
{ "type": "Feature", "properties": { "Region": "LWOWSKIE", "District": "RAWSKI (RAWA RUSKA)", "City": "Niemirów (dziś Ukraina)", "1921": 2463.0, "1931": 3016.0, "1939": 3194.0 }, "geometry": { "type": "Point", "coordinates": [ 23.44, 50.103056 ] } },
{ "type": "Feature", "properties": { "Region": "POLESKIE", "District": "BRZESKI (BRZEŚĆ N.BUG.)", "City": "Kamieniec Litewski (dziś Białoruś)", "1921": 2348.0, "1931": 3001.0, "1939": 4400.0 }, "geometry": { "type": "Point", "coordinates": [ 23.816667, 52.4 ] } },
{ "type": "Feature", "properties": { "Region": "WOŁYŃSKIE", "District": "KOWELSKI", "City": "Ratno (dziś Ukraina)", "1921": 2410.0, "1931": 2990.0, "1939": 3300.0 }, "geometry": { "type": "Point", "coordinates": [ 24.533333, 51.65 ] } },
{ "type": "Feature", "properties": { "Region": "KRAKOWSKIE", "District": "NOWOSĄDECKI", "City": "Muszyna", "1921": 2516.0, "1931": 2979.0, "1939": 3200.0 }, "geometry": { "type": "Point", "coordinates": [ 20.9, 49.358333 ] } },
{ "type": "Feature", "properties": { "Region": "BIAŁOSTOCKIE", "District": "BIAŁOSTOCKI", "City": "Supraśl", "1921": 2322.0, "1931": 2965.0, "1939": 3017.0 }, "geometry": { "type": "Point", "coordinates": [ 23.3375, 53.211111 ] } },
{ "type": "Feature", "properties": { "Region": "ŁÓDZKIE", "District": "KONIŃSKI", "City": "Kleczew", "1921": 2848.0, "1931": 2946.0, "1939": 3474.0 }, "geometry": { "type": "Point", "coordinates": [ 18.176389, 52.371111 ] } },
{ "type": "Feature", "properties": { "Region": "POZNAŃSKIE", "District": "ŚREMSKI", "City": "Mosina", "1921": 1957.0, "1931": 2924.0, "1939": 5526.0 }, "geometry": { "type": "Point", "coordinates": [ 16.845, 52.246667 ] } },
{ "type": "Feature", "properties": { "Region": "WOŁYŃSKIE", "District": "SARNEŃSKI", "City": "Dąbrowica", "1921": 2694.0, "1931": 2914.0, "1939": 7565.0 }, "geometry": { "type": "Point", "coordinates": [ 26.566667, 51.566667 ] } },
{ "type": "Feature", "properties": { "Region": "KIELECKIE", "District": "RADOMSKI", "City": "Skaryszew", "1921": 2072.0, "1931": 2913.0, "1939": 3128.0 }, "geometry": { "type": "Point", "coordinates": [ 21.251944, 51.310556 ] } },
{ "type": "Feature", "properties": { "Region": "BIAŁOSTOCKIE", "District": "ŁOMŻYŃSKI", "City": "Stawiski", "1921": 3017.0, "1931": 2912.0, "1939": 3153.0 }, "geometry": { "type": "Point", "coordinates": [ 22.154944, 53.37975 ] } },
{ "type": "Feature", "properties": { "Region": "BIAŁOSTOCKIE", "District": "BIAŁOSTOCKI", "City": "Choroszcz", "1921": 2405.0, "1931": 2905.0, "1939": 3028.0 }, "geometry": { "type": "Point", "coordinates": [ 22.985556, 53.143056 ] } },
{ "type": "Feature", "properties": { "Region": "WARSZAWSKIE", "District": "RAWSKI (RAWA MAZOWIECKA)", "City": "Biała Rawska", "1921": 2692.0, "1931": 2903.0, "1939": 3200.0 }, "geometry": { "type": "Point", "coordinates": [ 20.471944, 51.8075 ] } },
{ "type": "Feature", "properties": { "Region": "BIAŁOSTOCKIE", "District": "OSTROWSKI (OSTRÓW MAZOWIECKA)", "City": "Brok", "1921": 2712.0, "1931": 2895.0, "1939": 3200.0 }, "geometry": { "type": "Point", "coordinates": [ 21.859722, 52.7 ] } },
{ "type": "Feature", "properties": { "Region": "ŁÓDZKIE", "District": "TURECKI", "City": "Dobra", "1921": 3055.0, "1931": 2871.0, "1939": 3009.0 }, "geometry": { "type": "Point", "coordinates": [ 18.615278, 51.916111 ] } },
{ "type": "Feature", "properties": { "Region": "WOŁYŃSKIE", "District": "KOSTOPOLSKI", "City": "Bereźne", "1921": 2494.0, "1931": 2857.0, "1939": 6043.0 }, "geometry": { "type": "Point", "coordinates": [ 26.739444, 50.996667 ] } },
{ "type": "Feature", "properties": { "Region": "WARSZAWSKIE", "District": "LIPNOWSKI", "City": "Dobrzyń nad Wisłą", "1921": 2693.0, "1931": 2838.0, "1939": 3207.0 }, "geometry": { "type": "Point", "coordinates": [ 19.321389, 52.637778 ] } },
{ "type": "Feature", "properties": { "Region": "BIAŁOSTOCKIE", "District": "SOKÓLSKI", "City": "Suchowola", "1921": 2457.0, "1931": 2836.0, "1939": 3000.0 }, "geometry": { "type": "Point", "coordinates": [ 23.101667, 53.579444 ] } },
{ "type": "Feature", "properties": { "Region": "KRAKOWSKIE", "District": "TARNOWSKI", "City": "Tuchów", "1921": 2443.0, "1931": 2750.0, "1939": 2986.0 }, "geometry": { "type": "Point", "coordinates": [ 21.054167, 49.895 ] } },
{ "type": "Feature", "properties": { "Region": "POLESKIE", "District": "BRZESKI (BRZEŚĆ N.BUG.)", "City": "Wysokie Litewskie", "1921": 2100.0, "1931": 2739.0, "1939": 3816.0 }, "geometry": { "type": "Point", "coordinates": [ 23.366667, 52.366667 ] } },
{ "type": "Feature", "properties": { "Region": "LWOWSKIE", "District": "LUBACZOWSKI", "City": "Cieszanów", "1921": 2282.0, "1931": 2661.0, "1939": 3197.0 }, "geometry": { "type": "Point", "coordinates": [ 23.129444, 50.245278 ] } },
{ "type": "Feature", "properties": { "Region": "BIAŁOSTOCKIE", "District": "GRODZIEŃSKI", "City": "Indura", "1921": 2323.0, "1931": 2650.0, "1939": 2650.0 }, "geometry": { "type": "Point", "coordinates": [ 23.883333, 53.460278 ] } },
{ "type": "Feature", "properties": { "Region": "POZNAŃSKIE", "District": "RAWICKI", "City": "Miejska Górka", "1921": 2600.0, "1931": 2644.0, "1939": 3008.0 }, "geometry": { "type": "Point", "coordinates": [ 16.954444, 51.655 ] } },
{ "type": "Feature", "properties": { "Region": "TARNOPOLSKIE", "District": "KOPYCZYNIECKI", "City": "Husiatyn", "1921": 2133.0, "1931": 2639.0, "1939": 3675.0 }, "geometry": { "type": "Point", "coordinates": [ 26.166667, 49.083333 ] } },
{ "type": "Feature", "properties": { "Region": "ZIEMIA WILEŃSKA", "District": "WILEŃSKO-TROCKI", "City": "Troki", "1921": 1886.0, "1931": 2637.0, "1939": 3000.0 }, "geometry": { "type": "Point", "coordinates": [ 24.933333, 54.633333 ] } },
{ "type": "Feature", "properties": { "Region": "POZNAŃSKIE", "District": "GOSTYŃSKI", "City": "Poniec", "1921": 2471.0, "1931": 2626.0, "1939": 3246.0 }, "geometry": { "type": "Point", "coordinates": [ 16.808333, 51.763889 ] } },
{ "type": "Feature", "properties": { "Region": "LWOWSKIE", "District": "GRÓDECKI", "City": "Janów (dziś Iwano-Frankowe)", "1921": 2155.0, "1931": 2597.0, "1939": 3000.0 }, "geometry": { "type": "Point", "coordinates": [ 23.730556, 49.920833 ] } },
{ "type": "Feature", "properties": { "Region": "ZIEMIA WILEŃSKA", "District": "ŚWIĘCIAŃSKI", "City": "Podbrodzie", "1921": 1435.0, "1931": 2588.0, "1939": 3011.0 }, "geometry": { "type": "Point", "coordinates": [ 25.783333, 54.983333 ] } },
{ "type": "Feature", "properties": { "Region": "ŁÓDZKIE", "District": "KONIŃSKI", "City": "Golina", "1921": 2418.0, "1931": 2578.0, "1939": 2902.0 }, "geometry": { "type": "Point", "coordinates": [ 18.092778, 52.242778 ] } },
{ "type": "Feature", "properties": { "Region": "ZIEMIA WILEŃSKA", "District": "MOŁODECZAŃSKI", "City": "Radoszkowice (Radoszkowicze)", "1921": 2459.0, "1931": 2574.0, "1939": 2666.0 }, "geometry": { "type": "Point", "coordinates": [ 27.233333, 54.15 ] } },
{ "type": "Feature", "properties": { "Region": "ŁÓDZKIE", "District": "KALISKI", "City": "Stawiszyn", "1921": 2560.0, "1931": 2562.0, "1939": 2585.0 }, "geometry": { "type": "Point", "coordinates": [ 18.111389, 51.918333 ] } },
{ "type": "Feature", "properties": { "Region": "WARSZAWSKIE", "District": "WŁOCŁAWSKI", "City": "Lubraniec", "1921": 2196.0, "1931": 2559.0, "1939": 2800.0 }, "geometry": { "type": "Point", "coordinates": [ 18.835556, 52.541944 ] } },
{ "type": "Feature", "properties": { "Region": "ŁÓDZKIE", "District": "KONIŃSKI", "City": "Tuliszków", "1921": 2358.0, "1931": 2559.0, "1939": 2800.0 }, "geometry": { "type": "Point", "coordinates": [ 18.293611, 52.076389 ] } },
{ "type": "Feature", "properties": { "Region": "LWOWSKIE", "District": "LWOWSKI", "City": "Jaryczów Nowy", "1921": 2148.0, "1931": 2555.0, "1939": 3204.0 }, "geometry": { "type": "Point", "coordinates": [ 24.303333, 49.901944 ] } },
{ "type": "Feature", "properties": { "Region": "LWOWSKIE", "District": "RZESZOWSKI", "City": "Głogów (Małopolski)", "1921": 2291.0, "1931": 2550.0, "1939": 2963.0 }, "geometry": { "type": "Point", "coordinates": [ 21.962778, 50.151111 ] } },
{ "type": "Feature", "properties": { "Region": "POZNAŃSKIE", "District": "NOWOTOMYSKI", "City": "Nowy Tomyśl", "1921": 2083.0, "1931": 2550.0, "1939": 2701.0 }, "geometry": { "type": "Point", "coordinates": [ 16.121667, 52.317222 ] } },
{ "type": "Feature", "properties": { "Region": "POZNAŃSKIE", "District": "NOWOTOMYSKI", "City": "Lwówek", "1921": 2552.0, "1931": 2542.0, "1939": 2750.0 }, "geometry": { "type": "Point", "coordinates": [ 16.181014, 52.447911 ] } },
{ "type": "Feature", "properties": { "Region": "KIELECKIE", "District": "WŁOSZCZOWSKI", "City": "Koniecpol", "1921": 2422.0, "1931": 2518.0, "1939": 2596.0 }, "geometry": { "type": "Point", "coordinates": [ 19.688889, 50.774167 ] } },
{ "type": "Feature", "properties": { "Region": "POMORSKIE", "District": "GRUDZIĄDZKI", "City": "Łasin", "1921": 2197.0, "1931": 2510.0, "1939": 2541.0 }, "geometry": { "type": "Point", "coordinates": [ 19.086667, 53.519444 ] } },
{ "type": "Feature", "properties": { "Region": "ŁÓDZKIE", "District": "KONIŃSKI", "City": "Ślesin", "1921": 2078.0, "1931": 2495.0, "1939": 2804.0 }, "geometry": { "type": "Point", "coordinates": [ 18.306389, 52.370278 ] } },
{ "type": "Feature", "properties": { "Region": "POZNAŃSKIE", "District": "POZNAŃSKI", "City": "Stęszew", "1921": 2225.0, "1931": 2487.0, "1939": 3150.0 }, "geometry": { "type": "Point", "coordinates": [ 16.708056, 52.278889 ] } },
{ "type": "Feature", "properties": { "Region": "POZNAŃSKIE", "District": "KROTOSZYŃSKI", "City": "Sulmierzyce", "1921": 2526.0, "1931": 2476.0, "1939": 2408.0 }, "geometry": { "type": "Point", "coordinates": [ 17.530833, 51.605833 ] } },
{ "type": "Feature", "properties": { "Region": "WARSZAWSKIE", "District": "NIESZAWSKI", "City": "Nieszawa", "1921": 2381.0, "1931": 2474.0, "1939": 2904.0 }, "geometry": { "type": "Point", "coordinates": [ 18.901389, 52.836667 ] } },
{ "type": "Feature", "properties": { "Region": "POZNAŃSKIE", "District": "OSTROWSKI (OSTRÓW WIELKOPOLSKI)", "City": "Odolanów", "1921": 2437.0, "1931": 2472.0, "1939": 2491.0 }, "geometry": { "type": "Point", "coordinates": [ 17.673889, 51.574444 ] } },
{ "type": "Feature", "properties": { "Region": "POZNAŃSKIE", "District": "SZUBIŃSKI", "City": "Łabiszyn", "1921": 1834.0, "1931": 2464.0, "1939": 2750.0 }, "geometry": { "type": "Point", "coordinates": [ 17.919444, 52.953056 ] } },
{ "type": "Feature", "properties": { "Region": "POZNAŃSKIE", "District": "WRZESIŃSKI", "City": "Miłosław", "1921": 2499.0, "1931": 2452.0, "1939": 2553.0 }, "geometry": { "type": "Point", "coordinates": [ 17.489444, 52.202778 ] } },
{ "type": "Feature", "properties": { "Region": "KRAKOWSKIE", "District": "DĄBROWSKI", "City": "Żabno", "1921": 2009.0, "1931": 2437.0, "1939": 2753.0 }, "geometry": { "type": "Point", "coordinates": [ 20.885278, 50.132778 ] } },
{ "type": "Feature", "properties": { "Region": "BIAŁOSTOCKIE", "District": "SZCZUCZYŃSKI (WOJ. BIAŁOSTOCKIE)", "City": "Rajgród", "1921": 2291.0, "1931": 2432.0, "1939": 2358.0 }, "geometry": { "type": "Point", "coordinates": [ 22.700278, 53.733611 ] } },
{ "type": "Feature", "properties": { "Region": "ŚLĄSKIE", "District": "TARNOGÓRSKI", "City": "Miasteczko (Śląskie)", "1921": 2212.0, "1931": 2408.0, "1939": 2799.0 }, "geometry": { "type": "Point", "coordinates": [ 18.939444, 50.501667 ] } },
{ "type": "Feature", "properties": { "Region": "KRAKOWSKIE", "District": "MIELECKI", "City": "Radomyśl Wielki", "1921": 2468.0, "1931": 2400.0, "1939": 3100.0 }, "geometry": { "type": "Point", "coordinates": [ 21.273333, 50.194722 ] } },
{ "type": "Feature", "properties": { "Region": "POZNAŃSKIE", "District": "GOSTYŃSKI", "City": "Krobia", "1921": 2285.0, "1931": 2384.0, "1939": 2900.0 }, "geometry": { "type": "Point", "coordinates": [ 16.983333, 51.775 ] } },
{ "type": "Feature", "properties": { "Region": "POZNAŃSKIE", "District": "WYRZYSKI", "City": "Mrocza", "1921": 2016.0, "1931": 2383.0, "1939": 2670.0 }, "geometry": { "type": "Point", "coordinates": [ 17.606111, 53.244444 ] } },
{ "type": "Feature", "properties": { "Region": "LWOWSKIE", "District": "PRZEWORSKI", "City": "Kańczuga", "1921": 2396.0, "1931": 2382.0, "1939": 2385.0 }, "geometry": { "type": "Point", "coordinates": [ 22.411667, 49.983333 ] } },
{ "type": "Feature", "properties": { "Region": "POZNAŃSKIE", "District": "ŚREMSKI", "City": "Kórnik", "1921": 2233.0, "1931": 2379.0, "1939": 2614.0 }, "geometry": { "type": "Point", "coordinates": [ 17.090042, 52.247122 ] } },
{ "type": "Feature", "properties": { "Region": "POZNAŃSKIE", "District": "KROTOSZYŃSKI", "City": "Kobylin", "1921": 2172.0, "1931": 2359.0, "1939": 2600.0 }, "geometry": { "type": "Point", "coordinates": [ 17.226681, 51.71615 ] } },
{ "type": "Feature", "properties": { "Region": "POZNAŃSKIE", "District": "OBORNICKI", "City": "Murowana Goślina", "1921": 1938.0, "1931": 2351.0, "1939": 2850.0 }, "geometry": { "type": "Point", "coordinates": [ 17.008928, 52.574172 ] } },
{ "type": "Feature", "properties": { "Region": "BIAŁOSTOCKIE", "District": "ŁOMŻYŃSKI", "City": "Nowogród", "1921": 1856.0, "1931": 2350.0, "1939": 2512.0 }, "geometry": { "type": "Point", "coordinates": [ 21.880556, 53.227778 ] } },
{ "type": "Feature", "properties": { "Region": "POZNAŃSKIE", "District": "RAWICKI", "City": "Bojanowo", "1921": 1862.0, "1931": 2333.0, "1939": 3025.0 }, "geometry": { "type": "Point", "coordinates": [ 16.749444, 51.707222 ] } },
{ "type": "Feature", "properties": { "Region": "BIAŁOSTOCKIE", "District": "BIELSKI (BIELSK PODLASKI)", "City": "Drohiczyn nad Bugiem", "1921": 1972.0, "1931": 2309.0, "1939": 2800.0 }, "geometry": { "type": "Point", "coordinates": [ 22.659167, 52.397222 ] } },
{ "type": "Feature", "properties": { "Region": "LUBELSKIE", "District": "BIALSKI (BIAŁA PODLASKA)", "City": "Terespol", "1921": 1919.0, "1931": 2308.0, "1939": 2570.0 }, "geometry": { "type": "Point", "coordinates": [ 23.611111, 52.074167 ] } },
{ "type": "Feature", "properties": { "Region": "POZNAŃSKIE", "District": "WYRZYSKI", "City": "Łobżenica", "1921": 1904.0, "1931": 2294.0, "1939": 2506.0 }, "geometry": { "type": "Point", "coordinates": [ 17.255681, 53.262492 ] } },
{ "type": "Feature", "properties": { "Region": "ŚLĄSKIE", "District": "LUBLINIECKI", "City": "Woźniki", "1921": 1800.0, "1931": 2264.0, "1939": 2485.0 }, "geometry": { "type": "Point", "coordinates": [ 19.060556, 50.586667 ] } },
{ "type": "Feature", "properties": { "Region": "KIELECKIE", "District": "PIŃCZOWSKI", "City": "Skalbmierz", "1921": 2262.0, "1931": 2245.0, "1939": 2365.0 }, "geometry": { "type": "Point", "coordinates": [ 20.399167, 50.319444 ] } },
{ "type": "Feature", "properties": { "Region": "WARSZAWSKIE", "District": "WŁOCŁAWSKI", "City": "Lubień (Kujawski)", "1921": 2120.0, "1931": 2241.0, "1939": 2400.0 }, "geometry": { "type": "Point", "coordinates": [ 19.164722, 52.404722 ] } },
{ "type": "Feature", "properties": { "Region": "KRAKOWSKIE", "District": "LIMANOWSKI", "City": "Limanowa", "1921": 2143.0, "1931": 2216.0, "1939": 2587.0 }, "geometry": { "type": "Point", "coordinates": [ 20.425556, 49.701667 ] } },
{ "type": "Feature", "properties": { "Region": "LWOWSKIE", "District": "JAROSŁAWSKI", "City": "Radymno", "1921": 1907.0, "1931": 2213.0, "1939": 4067.0 }, "geometry": { "type": "Point", "coordinates": [ 22.818056, 49.951944 ] } },
{ "type": "Feature", "properties": { "Region": "KRAKOWSKIE", "District": "WADOWICKI", "City": "Zator", "1921": 1995.0, "1931": 2179.0, "1939": 2345.0 }, "geometry": { "type": "Point", "coordinates": [ 19.438056, 49.996389 ] } },
{ "type": "Feature", "properties": { "Region": "BIAŁOSTOCKIE", "District": "ŁOMŻYŃSKI", "City": "Jedwabne", "1921": 1428.0, "1931": 2167.0, "1939": 2720.0 }, "geometry": { "type": "Point", "coordinates": [ 22.3025, 53.286111 ] } },
{ "type": "Feature", "properties": { "Region": "LWOWSKIE", "District": "KROŚNIEŃSKI", "City": "Dukla", "1921": 2082.0, "1931": 2157.0, "1939": 2300.0 }, "geometry": { "type": "Point", "coordinates": [ 21.683333, 49.555556 ] } },
{ "type": "Feature", "properties": { "Region": "POZNAŃSKIE", "District": "CHODZIESKI", "City": "Ujście", "1921": 1872.0, "1931": 2144.0, "1939": 2167.0 }, "geometry": { "type": "Point", "coordinates": [ 16.733056, 53.0525 ] } },
{ "type": "Feature", "properties": { "Region": "KIELECKIE", "District": "JĘDRZEJOWSKI", "City": "Sędziszów", "1921": 1935.0, "1931": 2142.0, "1939": 2507.0 }, "geometry": { "type": "Point", "coordinates": [ 20.05, 50.562778 ] } },
{ "type": "Feature", "properties": { "Region": "POZNAŃSKIE", "District": "CHODZIESKI", "City": "Margonin", "1921": 1855.0, "1931": 2135.0, "1939": 2330.0 }, "geometry": { "type": "Point", "coordinates": [ 17.094797, 52.973303 ] } },
{ "type": "Feature", "properties": { "Region": "KRAKOWSKIE", "District": "WADOWICKI", "City": "Kalwaria Zebrzydowska", "1921": 1692.0, "1931": 2116.0, "1939": 2154.0 }, "geometry": { "type": "Point", "coordinates": [ 19.676944, 49.868056 ] } },
{ "type": "Feature", "properties": { "Region": "POZNAŃSKIE", "District": "KOŚCIAŃSKI", "City": "Czempiń", "1921": 2054.0, "1931": 2103.0, "1939": 2406.0 }, "geometry": { "type": "Point", "coordinates": [ 16.75915, 52.142833 ] } },
{ "type": "Feature", "properties": { "Region": "POZNAŃSKIE", "District": "SZUBIŃSKI", "City": "Barcin", "1921": 1628.0, "1931": 2098.0, "1939": 2394.0 }, "geometry": { "type": "Point", "coordinates": [ 17.947222, 52.863889 ] } },
{ "type": "Feature", "properties": { "Region": "BIAŁOSTOCKIE", "District": "GRODZIEŃSKI", "City": "Druskieniki", "1921": 1071.0, "1931": 2098.0, "1939": 3000.0 }, "geometry": { "type": "Point", "coordinates": [ 23.966667, 54.016667 ] } },
{ "type": "Feature", "properties": { "Region": "POZNAŃSKIE", "District": "GOSTYŃSKI", "City": "Borek", "1921": 2097.0, "1931": 2052.0, "1939": 2280.0 }, "geometry": { "type": "Point", "coordinates": [ 17.243056, 51.916389 ] } },
{ "type": "Feature", "properties": { "Region": "BIAŁOSTOCKIE", "District": "BIELSKI (BIELSK PODLASKI)", "City": "Kleszczele", "1921": 1452.0, "1931": 2029.0, "1939": 2200.0 }, "geometry": { "type": "Point", "coordinates": [ 23.325833, 52.574167 ] } },
{ "type": "Feature", "properties": { "Region": "BIAŁOSTOCKIE", "District": "WYSOKOMAZOWIECKI", "City": "Sokoły", "1921": 2207.0, "1931": 2028.0, "1939": 2176.0 }, "geometry": { "type": "Point", "coordinates": [ 22.699444, 52.993056 ] } },
{ "type": "Feature", "properties": { "Region": "POZNAŃSKIE", "District": "WOLSZTYŃSKI", "City": "Rakoniewice", "1921": 2013.0, "1931": 2015.0, "1939": 2183.0 }, "geometry": { "type": "Point", "coordinates": [ 16.273056, 52.140833 ] } },
{ "type": "Feature", "properties": { "Region": "ŁÓDZKIE", "District": "KONIŃSKI", "City": "Rychwał", "1921": 1891.0, "1931": 2011.0, "1939": 2636.0 }, "geometry": { "type": "Point", "coordinates": [ 18.166944, 52.071111 ] } },
{ "type": "Feature", "properties": { "Region": "POMORSKIE", "District": "GRUDZIĄDZKI", "City": "Radzyń Chełmiński", "1921": 1626.0, "1931": 1987.0, "1939": 2251.0 }, "geometry": { "type": "Point", "coordinates": [ 18.936389, 53.385556 ] } },
{ "type": "Feature", "properties": { "Region": "ŚLĄSKIE", "District": "BIELSKI (BIELSKO)", "City": "Strumień", "1921": 1566.0, "1931": 1984.0, "1939": 2057.0 }, "geometry": { "type": "Point", "coordinates": [ 18.763611, 49.916667 ] } },
{ "type": "Feature", "properties": { "Region": "KRAKOWSKIE", "District": "BIALSKI (BIAŁA KRAKOWSKA)", "City": "Wilamowice", "1921": 1774.0, "1931": 1969.0, "1939": 2112.0 }, "geometry": { "type": "Point", "coordinates": [ 19.151944, 49.916389 ] } },
{ "type": "Feature", "properties": { "Region": "LWOWSKIE", "District": "JAROSŁAWSKI", "City": "Sieniawa", "1921": 1987.0, "1931": 1950.0, "1939": 2150.0 }, "geometry": { "type": "Point", "coordinates": [ 22.61, 50.178056 ] } },
{ "type": "Feature", "properties": { "Region": "POZNAŃSKIE", "District": "CHODZIESKI", "City": "Szamocin", "1921": 1548.0, "1931": 1937.0, "1939": 2100.0 }, "geometry": { "type": "Point", "coordinates": [ 17.120556, 53.030278 ] } },
{ "type": "Feature", "properties": { "Region": "POMORSKIE", "District": "SĘPOLEŃSKI", "City": "Kamień Pomorski (dziś Kamień Krajeński)", "1921": 1705.0, "1931": 1827.0, "1939": 1523.0 }, "geometry": { "type": "Point", "coordinates": [ 17.519444, 53.533333 ] } },
{ "type": "Feature", "properties": { "Region": "WARSZAWSKIE", "District": "WŁOCŁAWSKI", "City": "Chodecz", "1921": 1685.0, "1931": 1824.0, "1939": 1900.0 }, "geometry": { "type": "Point", "coordinates": [ 19.028333, 52.405278 ] } },
{ "type": "Feature", "properties": { "Region": "POZNAŃSKIE", "District": "GNIEŹNIEŃSKI", "City": "Witkowo", "1921": 1605.0, "1931": 1824.0, "1939": 2576.0 }, "geometry": { "type": "Point", "coordinates": [ 17.774167, 52.438889 ] } },
{ "type": "Feature", "properties": { "Region": "LWOWSKIE", "District": "TARNOBRZESKI", "City": "Baranów (Sandomierski)", "1921": 1794.0, "1931": 1815.0, "1939": 2000.0 }, "geometry": { "type": "Point", "coordinates": [ 21.541389, 50.499722 ] } },
{ "type": "Feature", "properties": { "Region": "POMORSKIE", "District": "BRODNICKI", "City": "Górzno", "1921": 1665.0, "1931": 1806.0, "1939": 1947.0 }, "geometry": { "type": "Point", "coordinates": [ 19.644444, 53.198333 ] } },
{ "type": "Feature", "properties": { "Region": "POZNAŃSKIE", "District": "WĄGROWIECKI", "City": "Skoki", "1921": 1431.0, "1931": 1788.0, "1939": 1870.0 }, "geometry": { "type": "Point", "coordinates": [ 17.162222, 52.673889 ] } },
{ "type": "Feature", "properties": { "Region": "POZNAŃSKIE", "District": "KOŚCIAŃSKI", "City": "Krzywiń", "1921": 1874.0, "1931": 1732.0, "1939": 1905.0 }, "geometry": { "type": "Point", "coordinates": [ 16.82, 51.963333 ] } },
{ "type": "Feature", "properties": { "Region": "LWOWSKIE", "District": "JAWOROWSKI", "City": "Krakowiec", "1921": 1389.0, "1931": 1706.0, "1939": 2000.0 }, "geometry": { "type": "Point", "coordinates": [ 23.15, 49.95 ] } },
{ "type": "Feature", "properties": { "Region": "POZNAŃSKIE", "District": "GNIEŹNIEŃSKI", "City": "Kłecko", "1921": 1685.0, "1931": 1698.0, "1939": 1800.0 }, "geometry": { "type": "Point", "coordinates": [ 17.430556, 52.631667 ] } },
{ "type": "Feature", "properties": { "Region": "POZNAŃSKIE", "District": "OSTROWSKI (OSTRÓW WIELKOPOLSKI)", "City": "Raszków", "1921": 1672.0, "1931": 1692.0, "1939": 1782.0 }, "geometry": { "type": "Point", "coordinates": [ 17.726944, 51.720833 ] } },
{ "type": "Feature", "properties": { "Region": "POZNAŃSKIE", "District": "RAWICKI", "City": "Sarnowa (dziś część Rawicza)", "1921": 1247.0, "1931": 1690.0, "1939": 1843.0 }, "geometry": { "type": "Point", "coordinates": [ 16.906667, 51.631944 ] } },
{ "type": "Feature", "properties": { "Region": "ŁÓDZKIE", "District": "ŁĘCZYCKI", "City": "Grabów (nad Prosną)", "1921": 1730.0, "1931": 1682.0, "1939": 1690.0 }, "geometry": { "type": "Point", "coordinates": [ 19.009528, 52.128333 ] } },
{ "type": "Feature", "properties": { "Region": "POZNAŃSKIE", "District": "RAWICKI", "City": "Jutrosin", "1921": 1725.0, "1931": 1677.0, "1939": 1731.0 }, "geometry": { "type": "Point", "coordinates": [ 17.169444, 51.651389 ] } },
{ "type": "Feature", "properties": { "Region": "POZNAŃSKIE", "District": "WYRZYSKI", "City": "Wyrzysk", "1921": 1305.0, "1931": 1642.0, "1939": 1898.0 }, "geometry": { "type": "Point", "coordinates": [ 17.266944, 53.153611 ] } },
{ "type": "Feature", "properties": { "Region": "POZNAŃSKIE", "District": "KOŚCIAŃSKI", "City": "Wielichowo", "1921": 1815.0, "1931": 1630.0, "1939": 1717.0 }, "geometry": { "type": "Point", "coordinates": [ 16.349444, 52.118889 ] } },
{ "type": "Feature", "properties": { "Region": "POZNAŃSKIE", "District": "LESZCZYŃSKI", "City": "Osieczna", "1921": 1559.0, "1931": 1597.0, "1939": 1730.0 }, "geometry": { "type": "Point", "coordinates": [ 16.676389, 51.905833 ] } },
{ "type": "Feature", "properties": { "Region": "POZNAŃSKIE", "District": "KROTOSZYŃSKI", "City": "Pogorzela", "1921": 1662.0, "1931": 1592.0, "1939": 1810.0 }, "geometry": { "type": "Point", "coordinates": [ 17.230556, 51.822222 ] } },
{ "type": "Feature", "properties": { "Region": "POZNAŃSKIE", "District": "ŚREMSKI", "City": "Dolsk", "1921": 1558.0, "1931": 1578.0, "1939": 1876.0 }, "geometry": { "type": "Point", "coordinates": [ 17.065833, 51.986667 ] } },
{ "type": "Feature", "properties": { "Region": "POZNAŃSKIE", "District": "JAROCIŃSKI", "City": "Żerków", "1921": 1549.0, "1931": 1569.0, "1939": 1800.0 }, "geometry": { "type": "Point", "coordinates": [ 17.562778, 52.068333 ] } },
{ "type": "Feature", "properties": { "Region": "POZNAŃSKIE", "District": "WĄGROWIECKI", "City": "Gołańcz", "1921": 1380.0, "1931": 1471.0, "1939": 1560.0 }, "geometry": { "type": "Point", "coordinates": [ 17.299444, 52.943889 ] } },
{ "type": "Feature", "properties": { "Region": "POZNAŃSKIE", "District": "WYRZYSKI", "City": "Wysoka", "1921": 1328.0, "1931": 1463.0, "1939": 1509.0 }, "geometry": { "type": "Point", "coordinates": [ 17.079722, 53.181667 ] } },
{ "type": "Feature", "properties": { "Region": "KIELECKIE", "District": "RADOMSKI", "City": "Wyśmierzyce", "1921": 1424.0, "1931": 1434.0, "1939": 1500.0 }, "geometry": { "type": "Point", "coordinates": [ 20.813333, 51.625 ] } },
{ "type": "Feature", "properties": { "Region": "POZNAŃSKIE", "District": "GNIEŹNIEŃSKI", "City": "Czerniejewo", "1921": 1343.0, "1931": 1392.0, "1939": 1587.0 }, "geometry": { "type": "Point", "coordinates": [ 17.491667, 52.429167 ] } },
{ "type": "Feature", "properties": { "Region": "BIAŁOSTOCKIE", "District": "BIAŁOSTOCKI", "City": "Suraż", "1921": 1223.0, "1931": 1379.0, "1939": 1460.0 }, "geometry": { "type": "Point", "coordinates": [ 22.956389, 52.949722 ] } },
{ "type": "Feature", "properties": { "Region": "POZNAŃSKIE", "District": "LESZCZYŃSKI", "City": "Rydzyna", "1921": 1175.0, "1931": 1370.0, "1939": 2780.0 }, "geometry": { "type": "Point", "coordinates": [ 16.666944, 51.786944 ] } },
{ "type": "Feature", "properties": { "Region": "POZNAŃSKIE", "District": "LESZCZYŃSKI", "City": "Święciechowa", "1921": 1333.0, "1931": 1333.0, "1939": 1326.0 }, "geometry": { "type": "Point", "coordinates": [ 16.494444, 51.855 ] } },
{ "type": "Feature", "properties": { "Region": "POZNAŃSKIE", "District": "OSTROWSKI (OSTRÓW WIELKOPOLSKI)", "City": "Mikstat", "1921": 1423.0, "1931": 1316.0, "1939": 1513.0 }, "geometry": { "type": "Point", "coordinates": [ 17.973056, 51.531944 ] } },
{ "type": "Feature", "properties": { "Region": "POZNAŃSKIE", "District": "SZAMOTULSKI", "City": "Ostroróg", "1921": 1273.0, "1931": 1289.0, "1939": 1301.0 }, "geometry": { "type": "Point", "coordinates": [ 16.455278, 52.626944 ] } },
{ "type": "Feature", "properties": { "Region": "POZNAŃSKIE", "District": "WYRZYSKI", "City": "Miasteczko (Krajeńskie)", "1921": 1154.0, "1931": 1218.0, "1939": 1218.0 }, "geometry": { "type": "Point", "coordinates": [ 17.009444, 53.095556 ] } },
{ "type": "Feature", "properties": { "Region": "LWOWSKIE", "District": "LWOWSKI", "City": "Szczerzec", "1921": 936.0, "1931": 1210.0, "1939": 1214.0 }, "geometry": { "type": "Point", "coordinates": [ 23.853161, 49.642997 ] } },
{ "type": "Feature", "properties": { "Region": "POZNAŃSKIE", "District": "ŚREMSKI", "City": "Książ (Wielkopolski)", "1921": 913.0, "1931": 928.0, "1939": 1800.0 }, "geometry": { "type": "Point", "coordinates": [ 17.239358, 52.060992 ] } },
{ "type": "Feature", "properties": { "Region": "ŚLĄSKIE", "District": "KATOWICKI", "City": "Huta Laura", "1921": 16120.0, "1931": 0.0, "1939": 0.0 }, "geometry": { "type": "Point", "coordinates": [ 19.027611, 50.299389 ] } },
{ "type": "Feature", "properties": { "Region": "NOWOGRÓDZKIE", "District": "BRASŁAWSKI", "City": "Brasław", "1921": 1587.0, "1931": 3205.0, "1939": 4500.0 }, "geometry": { "type": "Point", "coordinates": [ 27.061389, 55.643333 ] } },
{ "type": "Feature", "properties": { "Region": "ZIEMIA WILEŃSKA", "District": "POSTAWSKI", "City": "Postawy", "1921": 1074.0, "1931": 2866.0, "1939": 4300.0 }, "geometry": { "type": "Point", "coordinates": [ 26.833333, 55.116667 ] } },
{ "type": "Feature", "properties": { "Region": "POLESKIE", "District": "DROHICKI", "City": "Drohiczyn Poleski", "1921": 1987.0, "1931": 2803.0, "1939": 3457.0 }, "geometry": { "type": "Point", "coordinates": [ 25.15, 52.183333 ] } },
{ "type": "Feature", "properties": { "Region": "NOWOGRÓDZKIE", "District": "SZCZUCZYŃSKI (WOJ. NOWOGRÓDZKIE)", "City": "Szczuczyn (Nowogródzki)", "1921": 1539.0, "1931": 2641.0, "1939": 3524.0 }, "geometry": { "type": "Point", "coordinates": [ 24.75, 53.6 ] } }
]
}
