scenario,year,District,target_label,dest_id,distance_km,distance_miles,distance_minutes
baseline,1924,AUGUSTOWSKI,Gdynia,City:Gdynia,756.1311249897727,469.83795326602007,
baseline,1924,AUGUSTOWSKI,Stołpce,Border_Crossing:Stołpce,329.2075501141417,204.56002462197435,
baseline,1924,AUGUSTOWSKI,Zbąszyń,Border_Crossing:Zbąszyń,686.6573384233998,426.6689570334863,
baseline,1924,AUGUSTOWSKI,Zebrzydowice,Border_Crossing:Zebrzydowice,712.4137187413895,442.67322482805594,
baseline,1924,BARANOWICKI,Gdynia,City:Gdynia,814.9968262628796,506.41539293179176,
baseline,1924,BARANOWICKI,Stołpce,Border_Crossing:Stołpce,75.1624840350665,46.703787867353306,
baseline,1924,BARANOWICKI,Zbąszyń,Border_Crossing:Zbąszyń,745.5230396965065,463.24639669925796,
baseline,1924,BARANOWICKI,Zebrzydowice,Border_Crossing:Zebrzydowice,688.9987019593201,428.1238124351647,
baseline,1924,BIALSKI (BIAŁA KRAKOWSKA),Gdynia,City:Gdynia,715.4956669892968,444.5882580928063,
baseline,1924,BIALSKI (BIAŁA KRAKOWSKA),Stołpce,Border_Crossing:Stołpce,730.084574274428,453.65338200147556,
baseline,1924,BIALSKI (BIAŁA KRAKOWSKA),Zbąszyń,Border_Crossing:Zbąszyń,564.1714407353447,350.5597723011619,
baseline,1924,BIALSKI (BIAŁA KRAKOWSKA),Zebrzydowice,Border_Crossing:Zebrzydowice,47.62948777572889,29.595582448692436,
baseline,1924,BIALSKI (BIAŁA PODLASKA),Gdynia,City:Gdynia,610.3081313603442,379.22777389150843,
baseline,1924,BIALSKI (BIAŁA PODLASKA),Stołpce,Border_Crossing:Stołpce,309.4819464727326,192.30310656170835,
baseline,1924,BIALSKI (BIAŁA PODLASKA),Zbąszyń,Border_Crossing:Zbąszyń,540.8343447939708,336.0587776589744,
baseline,1924,BIALSKI (BIAŁA PODLASKA),Zebrzydowice,Border_Crossing:Zebrzydowice,449.55184067172166,279.3384767900284,
baseline,1924,BIAŁOSTOCKI,Gdynia,City:Gdynia,617.8227780797721,383.8971574382061,
baseline,1924,BIAŁOSTOCKI,Stołpce,Border_Crossing:Stołpce,266.6169969187909,165.668069992426,
baseline,1924,BIAŁOSTOCKI,Zbąszyń,Border_Crossing:Zbąszyń,548.348991513399,340.7281612056723,
baseline,1924,BIAŁOSTOCKI,Zebrzydowice,Border_Crossing:Zebrzydowice,574.1053718313888,356.7324290002419,
baseline,1924,BIELSKI (BIELSK PODLASKI),Gdynia,City:Gdynia,644.688681944962,400.590850988823,
baseline,1924,BIELSKI (BIELSK PODLASKI),Stołpce,Border_Crossing:Stołpce,283.46841075359276,176.1390498583707,
baseline,1924,BIELSKI (BIELSK PODLASKI),Zbąszyń,Border_Crossing:Zbąszyń,575.214895378589,357.4218547562892,
baseline,1924,BIELSKI (BIELSK PODLASKI),Zebrzydowice,Border_Crossing:Zebrzydowice,535.0689974077115,332.4763579882271,
baseline,1924,BIELSKO,Gdynia,City:Gdynia,718.8507629488598,446.673017424296,
baseline,1924,BIELSKO,Stołpce,Border_Crossing:Stołpce,734.0544792178688,456.12016580608633,
baseline,1924,BIELSKO,Zbąszyń,Border_Crossing:Zbąszyń,567.5265366949077,352.6445316326515,
baseline,1924,BIELSKO,Zebrzydowice,Border_Crossing:Zebrzydowice,26.557941331167772,16.50233456288905,
baseline,1924,BIŁGORAJSKI,Gdynia,City:Gdynia,737.7663782947817,458.4266322474068,
baseline,1924,BIŁGORAJSKI,Stołpce,Border_Crossing:Stołpce,471.9939698386606,293.28336503261835,
baseline,1924,BIŁGORAJSKI,Zbąszyń,Border_Crossing:Zbąszyń,666.7442167342648,414.29552069638686,
baseline,1924,BIŁGORAJSKI,Zebrzydowice,Border_Crossing:Zebrzydowice,514.1222871939403,319.4606797159859,
baseline,1924,BOCHEŃSKI,Gdynia,City:Gdynia,744.0978604517351,462.36083164675506,
baseline,1924,BOCHEŃSKI,Stołpce,Border_Crossing:Stołpce,680.3989496248937,422.7801757273698,
baseline,1924,BOCHEŃSKI,Zbąszyń,Border_Crossing:Zbąszyń,592.773634197783,368.33234585511065,
baseline,1924,BOCHEŃSKI,Zebrzydowice,Border_Crossing:Zebrzydowice,139.82929970565772,86.88587178740424,
baseline,1924,BORSZCZOWSKI,Gdynia,City:Gdynia,1077.4561244520482,669.4999895068937,
baseline,1924,BORSZCZOWSKI,Stołpce,Border_Crossing:Stołpce,697.7677695187665,433.5726567136455,
baseline,1924,BORSZCZOWSKI,Zbąszyń,Border_Crossing:Zbąszyń,976.3215278302166,606.6578840693895,
baseline,1924,BORSZCZOWSKI,Zebrzydowice,Border_Crossing:Zebrzydowice,666.9781017025134,414.4408500329925,
baseline,1924,BRASŁAWSKI,Gdynia,City:Gdynia,1010.2868626831806,627.7629581523106,
baseline,1924,BRASŁAWSKI,Stołpce,Border_Crossing:Stołpce,423.4757262671953,263.1355355063734,
baseline,1924,BRASŁAWSKI,Zbąszyń,Border_Crossing:Zbąszyń,940.8130761168077,584.5939619197769,
baseline,1924,BRASŁAWSKI,Zebrzydowice,Border_Crossing:Zebrzydowice,966.5694564347973,600.5982297143464,
baseline,1924,BRODNICKI,Gdynia,City:Gdynia,252.19681373689122,156.70778634850583,
baseline,1924,BRODNICKI,Stołpce,Border_Crossing:Stołpce,620.9461844154355,385.83795155640354,
baseline,1924,BRODNICKI,Zbąszyń,Border_Crossing:Zbąszyń,275.3607789803315,171.10120259578756,
baseline,1924,BRODNICKI,Zebrzydowice,Border_Crossing:Zebrzydowice,542.0833834503026,336.83489405789794,
baseline,1924,BRODZKI,Gdynia,City:Gdynia,918.3888689130637,570.6602098653793,
baseline,1924,BRODZKI,Stołpce,Border_Crossing:Stołpce,474.3370782949195,294.7393046771924,
baseline,1924,BRODZKI,Zbąszyń,Border_Crossing:Zbąszyń,817.2542722912322,507.8181044278752,
baseline,1924,BRODZKI,Zebrzydowice,Border_Crossing:Zebrzydowice,507.91084616352845,315.60107039147783,
baseline,1924,BRZESKI (BRZESKO),Gdynia,City:Gdynia,774.5010031599478,481.2524628344999,
baseline,1924,BRZESKI (BRZESKO),Stołpce,Border_Crossing:Stołpce,658.2982307971316,409.04742996864445,
baseline,1924,BRZESKI (BRZESKO),Zbąszyń,Border_Crossing:Zbąszyń,623.1767769059958,387.2239770428555,
baseline,1924,BRZESKI (BRZESKO),Zebrzydowice,Border_Crossing:Zebrzydowice,194.76866525659256,121.02360029915417,
baseline,1924,BRZESKI (BRZEŚĆ N.BUG.),Gdynia,City:Gdynia,644.4062860089477,400.4153783436659,
baseline,1924,BRZESKI (BRZEŚĆ N.BUG.),Stołpce,Border_Crossing:Stołpce,267.0138471822913,165.91466123750752,
baseline,1924,BRZESKI (BRZEŚĆ N.BUG.),Zbąszyń,Border_Crossing:Zbąszyń,574.9324994425747,357.2463821111321,
baseline,1924,BRZESKI (BRZEŚĆ N.BUG.),Zebrzydowice,Border_Crossing:Zebrzydowice,484.44442140829085,301.0197145748911,
baseline,1924,BRZEZIŃSKI,Gdynia,City:Gdynia,467.46713389582766,290.47052045598434,
baseline,1924,BRZEZIŃSKI,Stołpce,Border_Crossing:Stołpce,573.9868170738786,356.65876251201297,
baseline,1924,BRZEZIŃSKI,Zbąszyń,Border_Crossing:Zbąszyń,317.4999463840581,197.28525918460855,
baseline,1924,BRZEZIŃSKI,Zebrzydowice,Border_Crossing:Zebrzydowice,282.15091360171715,175.32039533561257,
baseline,1924,BRZEŻAŃSKI,Gdynia,City:Gdynia,927.0832313620841,576.0626345546896,
baseline,1924,BRZEŻAŃSKI,Stołpce,Border_Crossing:Stołpce,647.6612861898716,402.4379410610867,
baseline,1924,BRZEŻAŃSKI,Zbąszyń,Border_Crossing:Zbąszyń,825.9486347402526,513.2205291171855,
baseline,1924,BRZEŻAŃSKI,Zebrzydowice,Border_Crossing:Zebrzydowice,516.605208612549,321.0034950807882,
baseline,1924,BRZOZOWSKI,Gdynia,City:Gdynia,796.8295543486269,495.1267770151606,
baseline,1924,BRZOZOWSKI,Stołpce,Border_Crossing:Stołpce,637.5346535737514,396.1455452257755,
baseline,1924,BRZOZOWSKI,Zbąszyń,Border_Crossing:Zbąszyń,645.9122524001792,401.3511421861518,
baseline,1924,BRZOZOWSKI,Zebrzydowice,Border_Crossing:Zebrzydowice,330.1990791490333,205.17613200991397,
baseline,1924,BUCZACKI,Gdynia,City:Gdynia,1013.0329123868081,629.4692738027034,
baseline,1924,BUCZACKI,Stołpce,Border_Crossing:Stołpce,680.5559626427201,422.87773906326964,
baseline,1924,BUCZACKI,Zbąszyń,Border_Crossing:Zbąszyń,898.0846679836552,558.0437682296719,
baseline,1924,BUCZACKI,Zebrzydowice,Border_Crossing:Zebrzydowice,574.4816138951106,356.9662149076188,
baseline,1924,BYDGOSKI,Gdynia,City:Gdynia,217.15428693014098,134.93337642406863,
baseline,1924,BYDGOSKI,Stołpce,Border_Crossing:Stołpce,728.0585512756027,452.3944700646725,
baseline,1924,BYDGOSKI,Zbąszyń,Border_Crossing:Zbąszyń,196.39034455672638,122.03126478755763,
baseline,1924,BYDGOSKI,Zebrzydowice,Border_Crossing:Zebrzydowice,533.4740952168296,331.48533201897664,
baseline,1924,BÓBRECKI,Gdynia,City:Gdynia,899.0763829836352,558.6599911709244,
baseline,1924,BÓBRECKI,Stołpce,Border_Crossing:Stołpce,623.4455822567062,387.3910048924318,
baseline,1924,BÓBRECKI,Zbąszyń,Border_Crossing:Zbąszyń,797.9417863618035,495.81788573342016,
baseline,1924,BÓBRECKI,Zebrzydowice,Border_Crossing:Zebrzydowice,477.6255338474122,296.7826555923004,
baseline,1924,BĘDZIŃSKI,Gdynia,City:Gdynia,666.6062469032216,414.20979024450173,
baseline,1924,BĘDZIŃSKI,Stołpce,Border_Crossing:Stołpce,689.2077289175913,428.25369572525267,
baseline,1924,BĘDZIŃSKI,Zbąszyń,Border_Crossing:Zbąszyń,515.2820206492696,320.1813044528573,
baseline,1924,BĘDZIŃSKI,Zebrzydowice,Border_Crossing:Zebrzydowice,98.17920563721114,61.00571118599952,
baseline,1924,BŁOŃSKI,Gdynia,City:Gdynia,463.7570860951355,288.1652043440204,
baseline,1924,BŁOŃSKI,Stołpce,Border_Crossing:Stołpce,564.9417482371513,351.03841904386695,
baseline,1924,BŁOŃSKI,Zbąszyń,Border_Crossing:Zbąszyń,340.1758702207706,211.37542065495046,
baseline,1924,BŁOŃSKI,Zebrzydowice,Border_Crossing:Zebrzydowice,339.7306512449522,211.0987744947272,
baseline,1924,CHEŁMIŃSKI,Gdynia,City:Gdynia,246.94763509793447,153.44609896843863,
baseline,1924,CHEŁMIŃSKI,Stołpce,Border_Crossing:Stołpce,712.00721026248,442.4206322480075,
baseline,1924,CHEŁMIŃSKI,Zbąszyń,Border_Crossing:Zbąszyń,252.5812431462583,156.94665963503365,
baseline,1924,CHEŁMIŃSKI,Zebrzydowice,Border_Crossing:Zebrzydowice,519.624751230869,322.8797512970763,
baseline,1924,CHEŁMSKI,Gdynia,City:Gdynia,672.1728249730475,417.66870042632746,
baseline,1924,CHEŁMSKI,Stołpce,Border_Crossing:Stołpce,375.08757231445355,233.0685398966043,
baseline,1924,CHEŁMSKI,Zbąszyń,Border_Crossing:Zbąszyń,601.1506634125308,373.5375888753077,
baseline,1924,CHEŁMSKI,Zebrzydowice,Border_Crossing:Zebrzydowice,448.5287338722064,278.70274789490674,
baseline,1924,CHODZIESKI,Gdynia,City:Gdynia,258.1309017683628,160.39505656270936,
baseline,1924,CHODZIESKI,Stołpce,Border_Crossing:Stołpce,794.0393890138123,493.39304919090154,
baseline,1924,CHODZIESKI,Zbąszyń,Border_Crossing:Zbąszyń,150.44834011042727,93.4842355427563,
baseline,1924,CHODZIESKI,Zebrzydowice,Border_Crossing:Zebrzydowice,598.6460981994293,371.9813246842776,
baseline,1924,CHOJNICKI,Gdynia,City:Gdynia,147.49198388722704,91.64724151999015,
baseline,1924,CHOJNICKI,Stołpce,Border_Crossing:Stołpce,764.8334048125716,475.24529758179244,
baseline,1924,CHOJNICKI,Zbąszyń,Border_Crossing:Zbąszyń,249.52589358080544,155.04815402019867,
baseline,1924,CHOJNICKI,Zebrzydowice,Border_Crossing:Zebrzydowice,617.9172729342997,383.95587380045873,
baseline,1924,CHORZÓW,Gdynia,City:Gdynia,665.6946913623206,413.6433760664965,
baseline,1924,CHORZÓW,Stołpce,Border_Crossing:Stołpce,685.1621874567754,425.739913582204,
baseline,1924,CHORZÓW,Zbąszyń,Border_Crossing:Zbąszyń,514.3704651083684,319.61489027485203,
baseline,1924,CHORZÓW,Zebrzydowice,Border_Crossing:Zebrzydowice,76.97812000135274,47.83197140336055,
baseline,1924,CHRZANOWSKI,Gdynia,City:Gdynia,672.7862139065735,418.0498425213415,
baseline,1924,CHRZANOWSKI,Stołpce,Border_Crossing:Stołpce,681.798793152924,423.6499979002255,
baseline,1924,CHRZANOWSKI,Zbąszyń,Border_Crossing:Zbąszyń,521.4619876526216,324.0213567296971,
baseline,1924,CHRZANOWSKI,Zebrzydowice,Border_Crossing:Zebrzydowice,73.9293334703911,45.93754386783039,
baseline,1924,CIECHANOWSKI,Gdynia,City:Gdynia,351.74705744361637,218.56542083079736,
baseline,1924,CIECHANOWSKI,Stołpce,Border_Crossing:Stołpce,520.9438188239363,323.69938164644816,
baseline,1924,CIECHANOWSKI,Zbąszyń,Border_Crossing:Zbąszyń,374.9110226870567,232.95883707807909,
baseline,1924,CIECHANOWSKI,Zebrzydowice,Border_Crossing:Zebrzydowice,487.075307317553,302.65447078321523,
baseline,1924,CIESZYŃSKI,Gdynia,City:Gdynia,743.4577216403001,461.9630679533549,
baseline,1924,CIESZYŃSKI,Stołpce,Border_Crossing:Stołpce,758.6614379093088,471.4102163351451,
baseline,1924,CIESZYŃSKI,Zbąszyń,Border_Crossing:Zbąszyń,592.1334953863478,367.93458216171035,
baseline,1924,CIESZYŃSKI,Zebrzydowice,Border_Crossing:Zebrzydowice,72.0439449143761,44.76601809539079,
baseline,1924,CZARNKOWSKI,Gdynia,City:Gdynia,300.23384958009467,186.55660734743302,
baseline,1924,CZARNKOWSKI,Stołpce,Border_Crossing:Stołpce,812.4652593109746,504.8423506433196,
baseline,1924,CZARNKOWSKI,Zbąszyń,Border_Crossing:Zbąszyń,159.4022302968517,99.04792324178504,
baseline,1924,CZARNKOWSKI,Zebrzydowice,Border_Crossing:Zebrzydowice,615.2430078969079,382.2941630599096,
baseline,1924,CZORTKOWSKI,Gdynia,City:Gdynia,1031.1783475189698,640.7443209762098,
baseline,1924,CZORTKOWSKI,Stołpce,Border_Crossing:Stołpce,651.4899925856878,404.81698818296144,
baseline,1924,CZORTKOWSKI,Zbąszyń,Border_Crossing:Zbąszyń,920.7517995941755,572.1284664656324,
baseline,1924,CZORTKOWSKI,Zebrzydowice,Border_Crossing:Zebrzydowice,597.1487455056308,371.05091314357935,
baseline,1924,CZĘSTOCHOWSKI,Gdynia,City:Gdynia,579.2113722643879,359.905149595295,
baseline,1924,CZĘSTOCHOWSKI,Stołpce,Border_Crossing:Stołpce,650.9809762181495,404.5007001736478,
baseline,1924,CZĘSTOCHOWSKI,Zbąszyń,Border_Crossing:Zbąszyń,426.35834911831216,264.92671374999475,
baseline,1924,CZĘSTOCHOWSKI,Zebrzydowice,Border_Crossing:Zebrzydowice,164.64570332291902,102.30606531946552,
baseline,1924,DOBROMILSKI,Gdynia,City:Gdynia,844.4155651547603,524.6953441357786,
baseline,1924,DOBROMILSKI,Stołpce,Border_Crossing:Stołpce,676.5171552389257,420.3681412679665,
baseline,1924,DOBROMILSKI,Zbąszyń,Border_Crossing:Zbąszyń,693.5206240099812,430.93360366170606,
baseline,1924,DOBROMILSKI,Zebrzydowice,Border_Crossing:Zebrzydowice,343.81017280321504,213.63367088490654,
baseline,1924,DOLIŃSKI,Gdynia,City:Gdynia,944.3134795332002,586.7690110910241,
baseline,1924,DOLIŃSKI,Stołpce,Border_Crossing:Stołpce,668.885003187083,415.625743315361,
baseline,1924,DOLIŃSKI,Zbąszyń,Border_Crossing:Zbąszyń,795.220955989251,494.1272406439969,
baseline,1924,DOLIŃSKI,Zebrzydowice,Border_Crossing:Zebrzydowice,471.61790190070667,293.049687321944,
baseline,1924,DROHICKI,Gdynia,City:Gdynia,753.6879006231123,468.31980449808395,
baseline,1924,DROHICKI,Stołpce,Border_Crossing:Stołpce,259.37480930872164,161.16798463496968,
baseline,1924,DROHICKI,Zbąszyń,Border_Crossing:Zbąszyń,684.2141140567394,425.1508082655502,
baseline,1924,DROHICKI,Zebrzydowice,Border_Crossing:Zebrzydowice,592.9316099344902,368.4305073966041,
baseline,1924,DROHOBYCKI,Gdynia,City:Gdynia,881.0118515673619,547.4352152202632,
baseline,1924,DROHOBYCKI,Stołpce,Border_Crossing:Stołpce,652.08813736597,405.18865800323016,
baseline,1924,DROHOBYCKI,Zbąszyń,Border_Crossing:Zbąszyń,730.1169104225824,453.67347474619044,
baseline,1924,DROHOBYCKI,Zebrzydowice,Border_Crossing:Zebrzydowice,406.5138563340381,252.5959214241376,
baseline,1924,DUBIEŃSKI,Gdynia,City:Gdynia,945.4947010725859,587.5029879001738,
baseline,1924,DUBIEŃSKI,Stołpce,Border_Crossing:Stołpce,432.19009301081206,268.5503902842213,
baseline,1924,DUBIEŃSKI,Zbąszyń,Border_Crossing:Zbąszyń,873.7524448120625,542.9244303853161,
baseline,1924,DUBIEŃSKI,Zebrzydowice,Border_Crossing:Zebrzydowice,564.9039126222222,351.0149090899828,
baseline,1924,DZIAŁDOWSKI,Gdynia,City:Gdynia,311.21847667256526,193.38213606850854,
baseline,1924,DZIAŁDOWSKI,Stołpce,Border_Crossing:Stołpce,582.9118301872226,362.2045068352647,
baseline,1924,DZIAŁDOWSKI,Zbąszyń,Border_Crossing:Zbąszyń,334.3824419160055,207.77555231579026,
baseline,1924,DZIAŁDOWSKI,Zebrzydowice,Border_Crossing:Zebrzydowice,549.0433186808394,341.15959597203187,
baseline,1924,DZIŚNIEŃSKI,Gdynia,City:Gdynia,1022.9272366928079,635.6173199910468,
baseline,1924,DZIŚNIEŃSKI,Stołpce,Border_Crossing:Stołpce,266.9860743036733,165.89740397614779,
baseline,1924,DZIŚNIEŃSKI,Zbąszyń,Border_Crossing:Zbąszyń,953.4534501264349,592.448323758513,
baseline,1924,DZIŚNIEŃSKI,Zebrzydowice,Border_Crossing:Zebrzydowice,947.3512649208539,588.6566028351359,
baseline,1924,DĄBROWSKI,Gdynia,City:Gdynia,767.3498270252198,476.8089293684879,
baseline,1924,DĄBROWSKI,Stołpce,Border_Crossing:Stołpce,661.4760414847788,411.0220293734385,
baseline,1924,DĄBROWSKI,Zbąszyń,Border_Crossing:Zbąszyń,616.0256007712677,382.78044357684337,
baseline,1924,DĄBROWSKI,Zebrzydowice,Border_Crossing:Zebrzydowice,200.52906032025916,124.60294274025975,
baseline,1924,GARWOLIŃSKI,Gdynia,City:Gdynia,506.784697517578,314.90131428119497,
baseline,1924,GARWOLIŃSKI,Stołpce,Border_Crossing:Stołpce,453.010613857169,281.48765814304295,
baseline,1924,GARWOLIŃSKI,Zbąszyń,Border_Crossing:Zbąszyń,435.76253595706135,270.7702027301752,
baseline,1924,GARWOLIŃSKI,Zebrzydowice,Border_Crossing:Zebrzydowice,391.8162633089567,243.46326334854973,
baseline,1924,GNIEŹNIEŃSKI,Gdynia,City:Gdynia,267.37585120509743,166.1396000391626,
baseline,1924,GNIEŹNIEŃSKI,Stołpce,Border_Crossing:Stołpce,701.0982923725082,435.64214702979785,
baseline,1924,GNIEŹNIEŃSKI,Zbąszyń,Border_Crossing:Zbąszyń,123.27517276075062,76.59961737352037,
baseline,1924,GNIEŹNIEŃSKI,Zebrzydowice,Border_Crossing:Zebrzydowice,503.8760409584416,313.0939594463878,
baseline,1924,GORLICKI,Gdynia,City:Gdynia,808.328205421743,502.2717053311138,
baseline,1924,GORLICKI,Stołpce,Border_Crossing:Stołpce,690.3811410938059,428.9828200225993,
baseline,1924,GORLICKI,Zbąszyń,Border_Crossing:Zbąszyń,657.0039791677908,408.24321953946935,
baseline,1924,GORLICKI,Zebrzydowice,Border_Crossing:Zebrzydowice,214.87446574071913,133.5167616517764,
baseline,1924,GOSTYNIŃSKI,Gdynia,City:Gdynia,398.0654051167751,247.34629884281566,
baseline,1924,GOSTYNIŃSKI,Stołpce,Border_Crossing:Stołpce,592.3409694458709,368.06350052555024,
baseline,1924,GOSTYNIŃSKI,Zbąszyń,Border_Crossing:Zbąszyń,274.48418924241037,170.55651515374578,
baseline,1924,GOSTYNIŃSKI,Zebrzydowice,Border_Crossing:Zebrzydowice,400.18426189268456,248.6628949965193,
baseline,1924,GOSTYŃSKI,Gdynia,City:Gdynia,370.89183317397584,230.46142927114656,
baseline,1924,GOSTYŃSKI,Stołpce,Border_Crossing:Stołpce,763.386244748983,474.34607428592034,
baseline,1924,GOSTYŃSKI,Zbąszyń,Border_Crossing:Zbąszyń,105.69410262049422,65.67525023939912,
baseline,1924,GOSTYŃSKI,Zebrzydowice,Border_Crossing:Zebrzydowice,492.70973521143463,306.15554087806436,
baseline,1924,GRODZIEŃSKI,Gdynia,City:Gdynia,702.8468164014926,436.72862915421183,
baseline,1924,GRODZIEŃSKI,Stołpce,Border_Crossing:Stołpce,267.1403411868569,165.99326094361848,
baseline,1924,GRODZIEŃSKI,Zbąszyń,Border_Crossing:Zbąszyń,633.3730298351196,393.55963292167814,
baseline,1924,GRODZIEŃSKI,Zebrzydowice,Border_Crossing:Zebrzydowice,658.1201228121553,408.93675883191173,
baseline,1924,GRUDZIĄDZKI,Gdynia,City:Gdynia,209.24894909749065,130.02122874965687,
baseline,1924,GRUDZIĄDZKI,Stołpce,Border_Crossing:Stołpce,666.6265754063227,414.22242178680216,
baseline,1924,GRUDZIĄDZKI,Zbąszyń,Border_Crossing:Zbąszyń,265.3216251032044,164.8631635120032,
baseline,1924,GRUDZIĄDZKI,Zebrzydowice,Border_Crossing:Zebrzydowice,532.365133187815,330.79625517404577,
baseline,1924,GRÓDECKI,Gdynia,City:Gdynia,860.01824197806,534.3903950361491,
baseline,1924,GRÓDECKI,Stołpce,Border_Crossing:Stołpce,585.6407703683453,363.9001911245491,
baseline,1924,GRÓDECKI,Zbąszyń,Border_Crossing:Zbąszyń,751.5308532030649,466.9794777856416,
baseline,1924,GRÓDECKI,Zebrzydowice,Border_Crossing:Zebrzydowice,442.18742707536165,274.76244374924454,
baseline,1924,GRÓJECKI,Gdynia,City:Gdynia,488.79756865836964,303.7246340348198,
baseline,1924,GRÓJECKI,Stołpce,Border_Crossing:Stołpce,490.4712314168764,304.7645995367359,
baseline,1924,GRÓJECKI,Zbąszyń,Border_Crossing:Zbąszyń,409.4729036818445,254.43458763369142,
baseline,1924,GRÓJECKI,Zebrzydowice,Border_Crossing:Zebrzydowice,446.7518415003407,277.5986385049082,
baseline,1924,HOROCHOWSKI,Gdynia,City:Gdynia,931.6821662025118,578.920279295421,
baseline,1924,HOROCHOWSKI,Stołpce,Border_Crossing:Stołpce,578.4752217593959,359.4477270198576,
baseline,1924,HOROCHOWSKI,Zbąszyń,Border_Crossing:Zbąszyń,830.5475695806801,516.0781738579168,
baseline,1924,HOROCHOWSKI,Zebrzydowice,Border_Crossing:Zebrzydowice,521.2041434529767,323.8611398215196,
baseline,1924,HORODEŃSKI,Gdynia,City:Gdynia,1052.6474668333128,654.0846091136824,
baseline,1924,HORODEŃSKI,Stołpce,Border_Crossing:Stołpce,720.1398628332147,447.47402670853745,
baseline,1924,HORODEŃSKI,Zbąszyń,Border_Crossing:Zbąszyń,937.6992224301599,582.6591035406509,
baseline,1924,HORODEŃSKI,Zebrzydowice,Border_Crossing:Zebrzydowice,614.0961683416153,381.58155021859784,
baseline,1924,HRUBIESZOWSKI,Gdynia,City:Gdynia,750.6655709921232,466.44181651294656,
baseline,1924,HRUBIESZOWSKI,Stołpce,Border_Crossing:Stołpce,482.5388510250027,299.83564840025696,
baseline,1924,HRUBIESZOWSKI,Zbąszyń,Border_Crossing:Zbąszyń,679.6434094316062,422.3107049619266,
baseline,1924,HRUBIESZOWSKI,Zebrzydowice,Border_Crossing:Zebrzydowice,527.0214798912817,327.4758639815256,
baseline,1924,INOWROCŁAWSKI,Gdynia,City:Gdynia,270.04203719652224,167.79629069484022,
baseline,1924,INOWROCŁAWSKI,Stołpce,Border_Crossing:Stołpce,710.429471866123,441.4402713629247,
baseline,1924,INOWROCŁAWSKI,Zbąszyń,Border_Crossing:Zbąszyń,181.1330576898611,112.55082918980668,
baseline,1924,INOWROCŁAWSKI,Zebrzydowice,Border_Crossing:Zebrzydowice,515.1202019855622,320.0807550279707,
baseline,1924,IWACEWICKI,Gdynia,City:Gdynia,784.4982609903019,487.4644689298049,
baseline,1924,IWACEWICKI,Stołpce,Border_Crossing:Stołpce,140.56990493298466,87.3460623981136,
baseline,1924,IWACEWICKI,Zbąszyń,Border_Crossing:Zbąszyń,715.0244744239288,444.29547269727107,
baseline,1924,IWACEWICKI,Zebrzydowice,Border_Crossing:Zebrzydowice,623.7419703016793,387.57517182832476,
baseline,1924,IŁŻECKI,Gdynia,City:Gdynia,625.5456513964118,388.69592695383983,
baseline,1924,IŁŻECKI,Stołpce,Border_Crossing:Stołpce,559.975021245389,347.95223892626865,
baseline,1924,IŁŻECKI,Zbąszyń,Border_Crossing:Zbąszyń,474.22142514245974,294.66744116219536,
baseline,1924,IŁŻECKI,Zebrzydowice,Border_Crossing:Zebrzydowice,300.59745787930547,186.78254299992193,
baseline,1924,JANOWSKI,Gdynia,City:Gdynia,648.729297016878,403.10157201667454,
baseline,1924,JANOWSKI,Stołpce,Border_Crossing:Stołpce,488.5523094889466,303.57223709945623,
baseline,1924,JANOWSKI,Zbąszyń,Border_Crossing:Zbąszyń,576.4618053858842,358.19664847443227,
baseline,1924,JANOWSKI,Zebrzydowice,Border_Crossing:Zebrzydowice,345.46452700219135,214.66163860787864,
baseline,1924,JAROCIŃSKI,Gdynia,City:Gdynia,340.2872113582529,211.44460480888895,
baseline,1924,JAROCIŃSKI,Stołpce,Border_Crossing:Stołpce,734.030217238624,456.105090115781,
baseline,1924,JAROCIŃSKI,Zbąszyń,Border_Crossing:Zbąszyń,140.78884690267228,87.48210658876037,
baseline,1924,JAROCIŃSKI,Zebrzydowice,Border_Crossing:Zebrzydowice,472.87819288866086,293.8327955934201,
baseline,1924,JAROSŁAWSKI,Gdynia,City:Gdynia,767.3284003548932,476.79561545692036,
baseline,1924,JAROSŁAWSKI,Stołpce,Border_Crossing:Stołpce,605.6531950412705,376.33533145598926,
baseline,1924,JAROSŁAWSKI,Zbąszyń,Border_Crossing:Zbąszyń,617.5667168638445,383.7380484244039,
baseline,1924,JAROSŁAWSKI,Zebrzydowice,Border_Crossing:Zebrzydowice,309.3653217038523,192.23063931244442,
baseline,1924,JASIELSKI,Gdynia,City:Gdynia,822.4512584757907,511.0473609303606,
baseline,1924,JASIELSKI,Stołpce,Border_Crossing:Stołpce,679.2086671215031,422.04056869795556,
baseline,1924,JASIELSKI,Zbąszyń,Border_Crossing:Zbąszyń,671.1270322218387,417.0188751387161,
baseline,1924,JASIELSKI,Zebrzydowice,Border_Crossing:Zebrzydowice,239.4965170515227,148.8161902968217,
baseline,1924,JAWOROWSKI,Gdynia,City:Gdynia,883.4144439225049,548.9281164345708,
baseline,1924,JAWOROWSKI,Stołpce,Border_Crossing:Stołpce,607.985967576388,377.7848486589078,
baseline,1924,JAWOROWSKI,Zbąszyń,Border_Crossing:Zbąszyń,782.2798473006732,486.0860109970666,
baseline,1924,JAWOROWSKI,Zebrzydowice,Border_Crossing:Zebrzydowice,472.93642117296986,293.86897696066944,
baseline,1924,JĘDRZEJOWSKI,Gdynia,City:Gdynia,636.1953115795046,395.3133169514684,
baseline,1924,JĘDRZEJOWSKI,Stołpce,Border_Crossing:Stołpce,570.6246814284822,354.56962892389737,
baseline,1924,JĘDRZEJOWSKI,Zbąszyń,Border_Crossing:Zbąszyń,484.8710853255529,301.28483115982414,
baseline,1924,JĘDRZEJOWSKI,Zebrzydowice,Border_Crossing:Zebrzydowice,176.1490109878644,109.45388710654028,
baseline,1924,KALISKI,Gdynia,City:Gdynia,422.08797086648434,262.27322454527825,
baseline,1924,KALISKI,Stołpce,Border_Crossing:Stołpce,698.5671906944801,434.06939384901983,
baseline,1924,KALISKI,Zbąszyń,Border_Crossing:Zbąszyń,198.2904333966795,123.21192489012815,
baseline,1924,KALISKI,Zebrzydowice,Border_Crossing:Zebrzydowice,426.53345086822213,265.03551689943805,
baseline,1924,KAMIONECKI,Gdynia,City:Gdynia,875.6233652855728,544.0869661108617,
baseline,1924,KAMIONECKI,Stołpce,Border_Crossing:Stołpce,528.0791103609351,328.13304488408465,
baseline,1924,KAMIONECKI,Zbąszyń,Border_Crossing:Zbąszyń,774.488768663741,481.24486067335744,
baseline,1924,KAMIONECKI,Zebrzydowice,Border_Crossing:Zebrzydowice,465.1453425360378,289.02782663696036,
baseline,1924,KARTUSKI,Gdynia,City:Gdynia,55.16204666435765,34.27609609787858,
baseline,1924,KARTUSKI,Stołpce,Border_Crossing:Stołpce,831.4316873638028,516.6275390089335,
baseline,1924,KARTUSKI,Zbąszyń,Border_Crossing:Zbąszyń,327.2440315487153,203.3399511274568,
baseline,1924,KARTUSKI,Zebrzydowice,Border_Crossing:Zebrzydowice,690.2298467912341,428.88881013051594,
baseline,1924,KATOWICE,Gdynia,City:Gdynia,670.9300083400527,416.8964502122669,
baseline,1924,KATOWICE,Stołpce,Border_Crossing:Stołpce,687.9182230386155,427.4524341677275,
baseline,1924,KATOWICE,Zbąszyń,Border_Crossing:Zbąszyń,519.6057820861008,322.86796442062257,
baseline,1924,KATOWICE,Zebrzydowice,Border_Crossing:Zebrzydowice,78.80307912880725,48.96594808134609,
baseline,1924,KAŁUSKI,Gdynia,City:Gdynia,956.060217685609,594.0680935235246,
baseline,1924,KAŁUSKI,Stołpce,Border_Crossing:Stołpce,680.631741339492,422.92482574786146,
baseline,1924,KAŁUSKI,Zbąszyń,Border_Crossing:Zbąszyń,810.6445993834157,503.71104536347235,
baseline,1924,KAŁUSKI,Zebrzydowice,Border_Crossing:Zebrzydowice,487.04154529487124,302.63349204141946,
baseline,1924,KIELECKI,Gdynia,City:Gdynia,605.2172120156539,376.0644242473789,
baseline,1924,KIELECKI,Stołpce,Border_Crossing:Stołpce,539.6465818646313,335.3207362198078,
baseline,1924,KIELECKI,Zbąszyń,Border_Crossing:Zbąszyń,453.89298576170194,282.0359384557345,
baseline,1924,KIELECKI,Zebrzydowice,Border_Crossing:Zebrzydowice,212.77433113876828,132.21179891402758,
baseline,1924,KOBRYŃSKI,Gdynia,City:Gdynia,705.6280274766096,438.4567930611684,
baseline,1924,KOBRYŃSKI,Stołpce,Border_Crossing:Stołpce,276.92931780649025,172.07584713473665,
baseline,1924,KOBRYŃSKI,Zbąszyń,Border_Crossing:Zbąszyń,636.1542409102366,395.2877968286346,
baseline,1924,KOBRYŃSKI,Zebrzydowice,Border_Crossing:Zebrzydowice,544.8717367879872,338.56749595968836,
baseline,1924,KOLBUSZOWSKI,Gdynia,City:Gdynia,730.0764244472621,453.64831793521967,
baseline,1924,KOLBUSZOWSKI,Stołpce,Border_Crossing:Stołpce,609.9230736530147,378.9885101988474,
baseline,1924,KOLBUSZOWSKI,Zbąszyń,Border_Crossing:Zbąszyń,578.7746260325005,359.63376815244084,
baseline,1924,KOLBUSZOWSKI,Zebrzydowice,Border_Crossing:Zebrzydowice,265.0093070046956,164.6690981028147,
baseline,1924,KOLSKI,Gdynia,City:Gdynia,358.13655036005485,222.53566643377764,
baseline,1924,KOLSKI,Stołpce,Border_Crossing:Stołpce,612.5966814296052,380.6498125365952,
baseline,1924,KOLSKI,Zbąszyń,Border_Crossing:Zbąszyń,198.16971923053583,123.13691660799728,
baseline,1924,KOLSKI,Zebrzydowice,Border_Crossing:Zebrzydowice,415.36987067085784,258.0987919086216,
baseline,1924,KONECKI,Gdynia,City:Gdynia,543.1238218037038,337.48139227798924,
baseline,1924,KONECKI,Stołpce,Border_Crossing:Stołpce,537.5772066919733,334.0348864993981,
baseline,1924,KONECKI,Zbąszyń,Border_Crossing:Zbąszyń,391.79959554975187,243.4529064863449,
baseline,1924,KONECKI,Zebrzydowice,Border_Crossing:Zebrzydowice,273.5943351940024,170.00358565383246,
baseline,1924,KONIŃSKI,Gdynia,City:Gdynia,338.81597000503564,210.53041809799902,
baseline,1924,KONIŃSKI,Stołpce,Border_Crossing:Stołpce,647.5159181443103,402.3476135732482,
baseline,1924,KONIŃSKI,Zbąszyń,Border_Crossing:Zbąszyń,172.8135541670745,107.38133096634925,
baseline,1924,KONIŃSKI,Zebrzydowice,Border_Crossing:Zebrzydowice,448.3149654633134,278.5699184049045,
baseline,1924,KOPYCZYNIECKI,Gdynia,City:Gdynia,1018.4377725885379,632.8276971911124,
baseline,1924,KOPYCZYNIECKI,Stołpce,Border_Crossing:Stołpce,638.749417655256,396.9003643978641,
baseline,1924,KOPYCZYNIECKI,Zbąszyń,Border_Crossing:Zbąszyń,917.303175966706,569.9855917536081,
baseline,1924,KOPYCZYNIECKI,Zebrzydowice,Border_Crossing:Zebrzydowice,607.9597498390029,377.7685577172111,
baseline,1924,KOSOWSKI (KOSÓW HUCULSKI),Gdynia,City:Gdynia,1049.7320142744877,652.2730314417528,
baseline,1924,KOSOWSKI (KOSÓW HUCULSKI),Stołpce,Border_Crossing:Stołpce,774.3035379283706,481.12976366608956,
baseline,1924,KOSOWSKI (KOSÓW HUCULSKI),Zbąszyń,Border_Crossing:Zbąszyń,934.7837698713346,580.847525868721,
baseline,1924,KOSOWSKI (KOSÓW HUCULSKI),Zebrzydowice,Border_Crossing:Zebrzydowice,611.1807157827901,379.7699725466681,
baseline,1924,KOSTOPOLSKI,Gdynia,City:Gdynia,927.6376027802715,576.4071048771801,
baseline,1924,KOSTOPOLSKI,Stołpce,Border_Crossing:Stołpce,351.82191686138157,218.61193630207353,
baseline,1924,KOSTOPOLSKI,Zbąszyń,Border_Crossing:Zbąszyń,856.6154412197544,532.27599332616,
baseline,1924,KOSTOPOLSKI,Zebrzydowice,Border_Crossing:Zebrzydowice,656.7170801037666,408.06494878115757,
baseline,1924,KOSZYRSKI,Gdynia,City:Gdynia,849.6858747353839,527.9701616702002,
baseline,1924,KOSZYRSKI,Stołpce,Border_Crossing:Stołpce,319.42096180512226,198.47892245781063,
baseline,1924,KOSZYRSKI,Zbąszyń,Border_Crossing:Zbąszyń,779.9468249044411,484.63633853769744,
baseline,1924,KOSZYRSKI,Zebrzydowice,Border_Crossing:Zebrzydowice,678.155822327505,421.3863614754641,
baseline,1924,KOWELSKI,Gdynia,City:Gdynia,766.3552303816934,476.1909158575032,
baseline,1924,KOWELSKI,Stołpce,Border_Crossing:Stołpce,397.37145873077236,246.91510068299874,
baseline,1924,KOWELSKI,Zbąszyń,Border_Crossing:Zbąszyń,695.35352985131,432.0725181972383,
baseline,1924,KOWELSKI,Zebrzydowice,Border_Crossing:Zebrzydowice,543.5421712880379,337.74134251541943,
baseline,1924,KOZIENICKI,Gdynia,City:Gdynia,566.6295471146831,352.08716832019775,
baseline,1924,KOZIENICKI,Stołpce,Border_Crossing:Stołpce,441.11601654979415,274.09670031956216,
baseline,1924,KOZIENICKI,Zbąszyń,Border_Crossing:Zbąszyń,495.60738555416634,307.9560567691779,
baseline,1924,KOZIENICKI,Zebrzydowice,Border_Crossing:Zebrzydowice,342.70841488176023,212.94907046349422,
baseline,1924,KOŁOMYJSKI,Gdynia,City:Gdynia,1004.7084617360763,624.2967015774075,
baseline,1924,KOŁOMYJSKI,Stołpce,Border_Crossing:Stołpce,729.2799853899592,453.1534338017443,
baseline,1924,KOŁOMYJSKI,Zbąszyń,Border_Crossing:Zbąszyń,889.7602173329233,552.8711960043759,
baseline,1924,KOŁOMYJSKI,Zebrzydowice,Border_Crossing:Zebrzydowice,566.1571632443785,351.7936426823227,
baseline,1924,KOŚCIAŃSKI,Gdynia,City:Gdynia,337.9715411954173,210.00571452413763,
baseline,1924,KOŚCIAŃSKI,Stołpce,Border_Crossing:Stołpce,772.6854104441318,480.12430617308064,
baseline,1924,KOŚCIAŃSKI,Zbąszyń,Border_Crossing:Zbąszyń,68.90756402050515,42.8171619629853,
baseline,1924,KOŚCIAŃSKI,Zebrzydowice,Border_Crossing:Zebrzydowice,534.5827617139194,332.1742252289398,
baseline,1924,KOŚCIERSKI,Gdynia,City:Gdynia,80.03402425478517,49.730821685220114,
baseline,1924,KOŚCIERSKI,Stołpce,Border_Crossing:Stołpce,803.829519041882,499.4763520765733,
baseline,1924,KOŚCIERSKI,Zbąszyń,Border_Crossing:Zbąszyń,303.0102976774624,188.2818116781425,
baseline,1924,KOŚCIERSKI,Zebrzydowice,Border_Crossing:Zebrzydowice,662.6276784693131,411.7376231981556,
baseline,1924,KRAKOWSKI,Gdynia,City:Gdynia,712.6804335846533,442.83895369692965,
baseline,1924,KRAKOWSKI,Stołpce,Border_Crossing:Stołpce,714.4280353705648,443.9248627662432,
baseline,1924,KRAKOWSKI,Zbąszyń,Border_Crossing:Zbąszyń,561.3562073307014,348.8104679052853,
baseline,1924,KRAKOWSKI,Zebrzydowice,Border_Crossing:Zebrzydowice,108.14772874201701,67.19986235615585,
baseline,1924,KRAKÓW (MIASTO),Gdynia,City:Gdynia,712.3591313370408,442.63930579802843,
baseline,1924,KRAKÓW (MIASTO),Stołpce,Border_Crossing:Stołpce,714.398128983149,443.9062798043883,
baseline,1924,KRAKÓW (MIASTO),Zbąszyń,Border_Crossing:Zbąszyń,561.0349050830889,348.6108200063841,
baseline,1924,KRAKÓW (MIASTO),Zebrzydowice,Border_Crossing:Zebrzydowice,108.0905705909637,67.1643459386777,
baseline,1924,KRASNOSTAWSKI,Gdynia,City:Gdynia,681.7944778325214,423.64731648527163,
baseline,1924,KRASNOSTAWSKI,Stołpce,Border_Crossing:Stołpce,416.0220693764001,258.5040492704831,
baseline,1924,KRASNOSTAWSKI,Zbąszyń,Border_Crossing:Zbąszyń,610.7723162720046,379.51620493425173,
baseline,1924,KRASNOSTAWSKI,Zebrzydowice,Border_Crossing:Zebrzydowice,458.15038673168016,284.68136395385085,
baseline,1924,KROTOSZYŃSKI,Gdynia,City:Gdynia,354.9626459157724,220.5634942553294,
baseline,1924,KROTOSZYŃSKI,Stołpce,Border_Crossing:Stołpce,739.5204374758954,459.5165537548346,
baseline,1924,KROTOSZYŃSKI,Zbąszyń,Border_Crossing:Zbąszyń,141.58129554175355,87.97451119207494,
baseline,1924,KROTOSZYŃSKI,Zebrzydowice,Border_Crossing:Zebrzydowice,467.48669764963716,290.4826768052527,
baseline,1924,KROŚNIEŃSKI,Gdynia,City:Gdynia,842.1746948973989,523.3029323430917,
baseline,1924,KROŚNIEŃSKI,Stołpce,Border_Crossing:Stołpce,698.9321035431115,434.2961401106867,
baseline,1924,KROŚNIEŃSKI,Zbąszyń,Border_Crossing:Zbąszyń,690.8504686434471,429.2744465514474,
baseline,1924,KROŚNIEŃSKI,Zebrzydowice,Border_Crossing:Zebrzydowice,259.21995347313106,161.07176170955293,
baseline,1924,KRZEMIENIECKI,Gdynia,City:Gdynia,978.5403327162854,608.036585080251,
baseline,1924,KRZEMIENIECKI,Stołpce,Border_Crossing:Stołpce,464.0260849211189,288.3323524135206,
baseline,1924,KRZEMIENIECKI,Zbąszyń,Border_Crossing:Zbąszyń,907.5181711557685,563.905473529231,
baseline,1924,KRZEMIENIECKI,Zebrzydowice,Border_Crossing:Zebrzydowice,598.6817635704115,372.00348611151014,
baseline,1924,KUTNOWSKI,Gdynia,City:Gdynia,366.7404715590435,227.88189355311442,
baseline,1924,KUTNOWSKI,Stołpce,Border_Crossing:Stołpce,561.9055256892675,349.15179840306587,
baseline,1924,KUTNOWSKI,Zbąszyń,Border_Crossing:Zbąszyń,243.25313595825776,151.1504443435186,
baseline,1924,KUTNOWSKI,Zebrzydowice,Border_Crossing:Zebrzydowice,369.6403732341453,229.6838083568741,
baseline,1924,KĘPIŃSKI,Gdynia,City:Gdynia,423.36030986106067,263.06381909867713,
baseline,1924,KĘPIŃSKI,Stołpce,Border_Crossing:Stołpce,740.7832214899792,460.30121112044986,
baseline,1924,KĘPIŃSKI,Zbąszyń,Border_Crossing:Zbąszyń,199.5627723912558,124.00251944352702,
baseline,1924,KĘPIŃSKI,Zebrzydowice,Border_Crossing:Zebrzydowice,468.749481663721,291.26733417086797,
baseline,1924,LESKI,Gdynia,City:Gdynia,926.4222690679735,575.6519317530358,
baseline,1924,LESKI,Stołpce,Border_Crossing:Stołpce,758.5238591521387,471.3247288852236,
baseline,1924,LESKI,Zbąszyń,Border_Crossing:Zbąszyń,775.5273279231941,481.8901912789631,
baseline,1924,LESKI,Zebrzydowice,Border_Crossing:Zebrzydowice,358.6373786802256,222.84686662791046,
baseline,1924,LESZCZYŃSKI,Gdynia,City:Gdynia,364.250416870515,226.33464578124878,
baseline,1924,LESZCZYŃSKI,Stołpce,Border_Crossing:Stołpce,786.4863216760818,488.69979218618863,
baseline,1924,LESZCZYŃSKI,Zbąszyń,Border_Crossing:Zbąszyń,66.12888010720525,41.090568361094235,
baseline,1924,LESZCZYŃSKI,Zebrzydowice,Border_Crossing:Zebrzydowice,515.0622021550084,320.04471561525975,
baseline,1924,LIDZKI,Gdynia,City:Gdynia,810.9700399561515,503.9132646975938,
baseline,1924,LIDZKI,Stołpce,Border_Crossing:Stołpce,170.1486420151929,105.72543183762244,
baseline,1924,LIDZKI,Zbąszyń,Border_Crossing:Zbąszyń,741.4962533897783,460.7442684650599,
baseline,1924,LIDZKI,Zebrzydowice,Border_Crossing:Zebrzydowice,714.6021282467266,444.0330390307968,
baseline,1924,LIMANOWSKI,Gdynia,City:Gdynia,794.888641512865,493.92075006549044,
baseline,1924,LIMANOWSKI,Stołpce,Border_Crossing:Stołpce,730.1165541895849,453.6732533933366,
baseline,1924,LIMANOWSKI,Zbąszyń,Border_Crossing:Zbąszyń,643.564415258913,399.892264273846,
baseline,1924,LIMANOWSKI,Zebrzydowice,Border_Crossing:Zebrzydowice,162.40157299567701,100.91162781389683,
baseline,1924,LIPNOWSKI,Gdynia,City:Gdynia,499.5480594480223,310.40467724727705,
baseline,1924,LIPNOWSKI,Stołpce,Border_Crossing:Stołpce,602.3078325814525,374.2566202389698,
baseline,1924,LIPNOWSKI,Zbąszyń,Border_Crossing:Zbąszyń,520.4163789973605,323.3716458339689,
baseline,1924,LIPNOWSKI,Zebrzydowice,Border_Crossing:Zebrzydowice,563.8223992001475,350.3428880133949,
baseline,1924,LUBACZOWSKI,Gdynia,City:Gdynia,820.2299389381429,509.6670973879328,
baseline,1924,LUBACZOWSKI,Stołpce,Border_Crossing:Stołpce,554.4575304820214,344.5238301731441,
baseline,1924,LUBACZOWSKI,Zbąszyń,Border_Crossing:Zbąszyń,749.2077773776259,465.5359858369128,
baseline,1924,LUBACZOWSKI,Zebrzydowice,Border_Crossing:Zebrzydowice,520.3554800432339,323.33380498994427,
baseline,1924,LUBARTOWSKI,Gdynia,City:Gdynia,627.7589543111652,390.07120919928303,
baseline,1924,LUBARTOWSKI,Stołpce,Border_Crossing:Stołpce,434.5449774112688,270.0136471590175,
baseline,1924,LUBARTOWSKI,Zbąszyń,Border_Crossing:Zbąszyń,556.7367927506483,345.9400976482631,
baseline,1924,LUBARTOWSKI,Zebrzydowice,Border_Crossing:Zebrzydowice,404.1148632103238,251.1052566678621,
baseline,1924,LUBAWSKI,Gdynia,City:Gdynia,285.4196777697675,177.35151059547817,
baseline,1924,LUBAWSKI,Stołpce,Border_Crossing:Stołpce,617.6755330530464,383.80566364870447,
baseline,1924,LUBAWSKI,Zbąszyń,Border_Crossing:Zbąszyń,321.4910966699929,199.76524422893016,
baseline,1924,LUBAWSKI,Zebrzydowice,Border_Crossing:Zebrzydowice,583.8070215466629,362.7607527854715,
baseline,1924,LUBELSKI,Gdynia,City:Gdynia,604.5150112562504,375.6280970593076,
baseline,1924,LUBELSKI,Stołpce,Border_Crossing:Stołpce,444.3380237283187,276.09876214208913,
baseline,1924,LUBELSKI,Zbąszyń,Border_Crossing:Zbąszyń,533.4928496957335,331.49698550828765,
baseline,1924,LUBELSKI,Zebrzydowice,Border_Crossing:Zebrzydowice,380.870920155409,236.66214452788665,
baseline,1924,LUBLINIECKI,Gdynia,City:Gdynia,720.5804939538493,447.74782210859735,
baseline,1924,LUBLINIECKI,Stołpce,Border_Crossing:Stołpce,741.7690331128827,460.91376587438504,
baseline,1924,LUBLINIECKI,Zbąszyń,Border_Crossing:Zbąszyń,569.2562676998972,353.7193363169528,
baseline,1924,LUBLINIECKI,Zebrzydowice,Border_Crossing:Zebrzydowice,134.84569106478915,83.7892019026191,
baseline,1924,LUBOMELSKI,Gdynia,City:Gdynia,722.6893663024878,449.0582142287431,
baseline,1924,LUBOMELSKI,Stołpce,Border_Crossing:Stołpce,425.6041136438936,264.4580536990198,
baseline,1924,LUBOMELSKI,Zbąszyń,Border_Crossing:Zbąszyń,651.6672047419707,404.9271026777231,
baseline,1924,LUBOMELSKI,Zebrzydowice,Border_Crossing:Zebrzydowice,499.0452752016462,310.0922616973221,
baseline,1924,LWOWSKI,Gdynia,City:Gdynia,838.9683460201315,521.3106001348751,
baseline,1924,LWOWSKI,Stołpce,Border_Crossing:Stołpce,563.4039285768151,350.08286250370423,
baseline,1924,LWOWSKI,Zbąszyń,Border_Crossing:Zbąszyń,737.4349990034664,458.2207227657829,
baseline,1924,LWOWSKI,Zebrzydowice,Border_Crossing:Zebrzydowice,428.09157287576306,266.0036887293858,
baseline,1924,LWÓW (MIASTO),Gdynia,City:Gdynia,831.0730555756661,516.4046956161072,
baseline,1924,LWÓW (MIASTO),Stołpce,Border_Crossing:Stołpce,555.6445792295493,345.2614278404443,
baseline,1924,LWÓW (MIASTO),Zbąszyń,Border_Crossing:Zbąszyń,729.9384589538344,453.56259017860305,
baseline,1924,LWÓW (MIASTO),Zebrzydowice,Border_Crossing:Zebrzydowice,420.59503282613116,261.34555614220596,
baseline,1924,M. ST. WARSZAWA,Gdynia,City:Gdynia,439.95169126243786,273.3732223514323,
baseline,1924,M. ST. WARSZAWA,Stołpce,Border_Crossing:Stołpce,441.62534879177605,274.4131846040947,
baseline,1924,M. ST. WARSZAWA,Zbąszyń,Border_Crossing:Zbąszyń,360.62703451302764,224.08318106239452,
baseline,1924,M. ST. WARSZAWA,Zebrzydowice,Border_Crossing:Zebrzydowice,397.905972331524,247.2472319336114,
baseline,1924,MAKOWSKI (MAKÓW MAZOWIECKI),Gdynia,City:Gdynia,388.61922047741587,241.47671364727236,
baseline,1924,MAKOWSKI (MAKÓW MAZOWIECKI),Stołpce,Border_Crossing:Stołpce,621.4320861569632,386.13987680743844,
baseline,1924,MAKOWSKI (MAKÓW MAZOWIECKI),Zbąszyń,Border_Crossing:Zbąszyń,411.78318572085607,255.87012989455405,
baseline,1924,MAKOWSKI (MAKÓW MAZOWIECKI),Zebrzydowice,Border_Crossing:Zebrzydowice,587.56357465058,365.09496594420557,
baseline,1924,MIECHOWSKI,Gdynia,City:Gdynia,688.7231591943869,427.95259815177536,
baseline,1924,MIECHOWSKI,Stołpce,Border_Crossing:Stołpce,626.8651277669366,389.51581130566916,
baseline,1924,MIECHOWSKI,Zbąszyń,Border_Crossing:Zbąszyń,537.398932940435,333.924112360131,
baseline,1924,MIECHOWSKI,Zebrzydowice,Border_Crossing:Zebrzydowice,153.17808162109634,95.18041775498226,
baseline,1924,MIELECKI,Gdynia,City:Gdynia,700.7474593338941,435.42414955376114,
baseline,1924,MIELECKI,Stołpce,Border_Crossing:Stołpce,582.8003950059574,362.1352642452468,
baseline,1924,MIELECKI,Zbąszyń,Border_Crossing:Zbąszyń,549.4232330799422,341.3956637621167,
baseline,1924,MIELECKI,Zebrzydowice,Border_Crossing:Zebrzydowice,237.58414425172157,147.62789729783648,
baseline,1924,MIĘDZYCHODZKI,Gdynia,City:Gdynia,376.06005617445965,233.67281316518017,
baseline,1924,MIĘDZYCHODZKI,Stołpce,Border_Crossing:Stołpce,810.9813965316798,503.92032134428644,
baseline,1924,MIĘDZYCHODZKI,Zbąszyń,Border_Crossing:Zbąszyń,49.338253166158935,30.657359708109343,
baseline,1924,MIĘDZYCHODZKI,Zebrzydowice,Border_Crossing:Zebrzydowice,613.7591451176131,381.37213376087635,
baseline,1924,MIŃSKI,Gdynia,City:Gdynia,481.42839177034824,299.14564122273305,
baseline,1924,MIŃSKI,Stołpce,Border_Crossing:Stołpce,413.83744819718146,257.1465890237308,
baseline,1924,MIŃSKI,Zbąszyń,Border_Crossing:Zbąszyń,411.9546052039754,255.97664499019942,
baseline,1924,MIŃSKI,Zebrzydowice,Border_Crossing:Zebrzydowice,414.2895599905137,257.4275181808655,
baseline,1924,MOGILEŃSKI,Gdynia,City:Gdynia,289.33100436191603,179.78189551136813,
baseline,1924,MOGILEŃSKI,Stołpce,Border_Crossing:Stołpce,729.4806692424455,453.2781329278476,
baseline,1924,MOGILEŃSKI,Zbąszyń,Border_Crossing:Zbąszyń,165.00569167989474,102.52975164482788,
baseline,1924,MOGILEŃSKI,Zebrzydowice,Border_Crossing:Zebrzydowice,533.9391014677249,331.7742734181017,
baseline,1924,MORSKI,Gdynia,City:Gdynia,22.302935373217014,13.85839725579123,
baseline,1924,MORSKI,Stołpce,Border_Crossing:Stołpce,889.2942889661948,552.5816816292134,
baseline,1924,MORSKI,Zbąszyń,Border_Crossing:Zbąszyń,385.1066331511074,239.29409374773678,
baseline,1924,MORSKI,Zebrzydowice,Border_Crossing:Zebrzydowice,748.0924483936262,464.8429527507959,
baseline,1924,MOŁODECZAŃSKI,Gdynia,City:Gdynia,925.0508443467876,574.7997682026078,
baseline,1924,MOŁODECZAŃSKI,Stołpce,Border_Crossing:Stołpce,144.9220964965975,90.05038802218729,
baseline,1924,MOŁODECZAŃSKI,Zbąszyń,Border_Crossing:Zbąszyń,855.5770577804142,531.6307719700737,
baseline,1924,MOŁODECZAŃSKI,Zebrzydowice,Border_Crossing:Zebrzydowice,828.6829326373626,514.9195425358106,
baseline,1924,MOŚCISKI,Gdynia,City:Gdynia,823.1862128870307,511.5040402878272,
baseline,1924,MOŚCISKI,Stołpce,Border_Crossing:Stołpce,650.2637166217723,404.0550158609873,
baseline,1924,MOŚCISKI,Zbąszyń,Border_Crossing:Zbąszyń,674.8729200291248,419.3464611914173,
baseline,1924,MOŚCISKI,Zebrzydowice,Border_Crossing:Zebrzydowice,365.52949390142135,227.1294271550201,
baseline,1924,MYŚLENICKI,Gdynia,City:Gdynia,767.4044099160235,476.84284559392944,
baseline,1924,MYŚLENICKI,Stołpce,Border_Crossing:Stołpce,772.5000025720763,480.0090990982136,
baseline,1924,MYŚLENICKI,Zbąszyń,Border_Crossing:Zbąszyń,616.0801836620712,382.8143598022849,
baseline,1924,MYŚLENICKI,Zebrzydowice,Border_Crossing:Zebrzydowice,137.09382751948058,85.18612869960717,
baseline,1924,MŁAWSKI,Gdynia,City:Gdynia,327.05006622138774,203.21942669804992,
baseline,1924,MŁAWSKI,Stołpce,Border_Crossing:Stołpce,559.8629319009353,347.8825898582161,
baseline,1924,MŁAWSKI,Zbąszyń,Border_Crossing:Zbąszyń,350.21403146482794,217.6128429453316,
baseline,1924,MŁAWSKI,Zebrzydowice,Border_Crossing:Zebrzydowice,525.9944203945518,326.83767899498304,
baseline,1924,NADWÓRNIAŃSKI,Gdynia,City:Gdynia,1007.7527658261397,626.1883438541543,
baseline,1924,NADWÓRNIAŃSKI,Stołpce,Border_Crossing:Stołpce,732.3242894800222,455.0450760784909,
baseline,1924,NADWÓRNIAŃSKI,Zbąszyń,Border_Crossing:Zbąszyń,892.8045214229867,554.7628382811226,
baseline,1924,NADWÓRNIAŃSKI,Zebrzydowice,Border_Crossing:Zebrzydowice,569.2014673344419,353.68528495906946,
baseline,1924,NIESZAWSKI,Gdynia,City:Gdynia,299.9553846948594,186.38357734322946,
baseline,1924,NIESZAWSKI,Stołpce,Border_Crossing:Stołpce,635.5091261306404,394.8869412129222,
baseline,1924,NIESZAWSKI,Zbąszyń,Border_Crossing:Zbąszyń,227.49319151615828,141.35767190558678,
baseline,1924,NIESZAWSKI,Zebrzydowice,Border_Crossing:Zebrzydowice,440.1998562500797,273.52742487796826,
baseline,1924,NIEŚWIESKI,Gdynia,City:Gdynia,857.6593948555833,532.9246758408086,
baseline,1924,NIEŚWIESKI,Stołpce,Border_Crossing:Stołpce,109.13387511738435,67.81262511556423,
baseline,1924,NIEŚWIESKI,Zbąszyń,Border_Crossing:Zbąszyń,788.1856082892102,489.7556796082749,
baseline,1924,NIEŚWIESKI,Zebrzydowice,Border_Crossing:Zebrzydowice,731.6612705520238,454.6330953441816,
baseline,1924,NIŻAŃSKI,Gdynia,City:Gdynia,695.166980078998,431.95660157866706,
baseline,1924,NIŻAŃSKI,Stołpce,Border_Crossing:Stołpce,534.9899925510666,332.4272666614488,
baseline,1924,NIŻAŃSKI,Zbąszyń,Border_Crossing:Zbąszyń,544.272038934219,338.1948611045946,
baseline,1924,NIŻAŃSKI,Zebrzydowice,Border_Crossing:Zebrzydowice,313.27476055052625,194.65985123804106,
baseline,1924,NOWOGRÓDZKI,Gdynia,City:Gdynia,871.7230076282923,541.6633969729996,
baseline,1924,NOWOGRÓDZKI,Stołpce,Border_Crossing:Stołpce,131.8886654004792,81.95179190856116,
baseline,1924,NOWOGRÓDZKI,Zbąszyń,Border_Crossing:Zbąszyń,802.2492210619191,498.4944007404657,
baseline,1924,NOWOGRÓDZKI,Zebrzydowice,Border_Crossing:Zebrzydowice,745.7248833247328,463.37181647637254,
baseline,1924,NOWOSĄDECKI,Gdynia,City:Gdynia,816.2216156003593,507.1764415072109,
baseline,1924,NOWOSĄDECKI,Stołpce,Border_Crossing:Stołpce,703.9354041790261,437.4050460301257,
baseline,1924,NOWOSĄDECKI,Zbąszyń,Border_Crossing:Zbąszyń,664.8973893464074,413.1479557155665,
baseline,1924,NOWOSĄDECKI,Zebrzydowice,Border_Crossing:Zebrzydowice,184.34423695163542,114.54616285887465,
baseline,1924,NOWOTARSKI,Gdynia,City:Gdynia,769.1823438001795,477.9476021494614,
baseline,1924,NOWOTARSKI,Stołpce,Border_Crossing:Stołpce,778.1949230465295,483.54775752834513,
baseline,1924,NOWOTARSKI,Zbąszyń,Border_Crossing:Zbąszyń,617.8581175462275,383.9191163578169,
baseline,1924,NOWOTARSKI,Zebrzydowice,Border_Crossing:Zebrzydowice,136.6952752829915,84.93847989786772,
baseline,1924,NOWOTOMYSKI,Gdynia,City:Gdynia,358.6690395724119,222.86653978814917,
baseline,1924,NOWOTOMYSKI,Stołpce,Border_Crossing:Stołpce,793.3829088211265,492.9851314370922,
baseline,1924,NOWOTOMYSKI,Zbąszyń,Border_Crossing:Zbąszyń,30.66600684924734,19.054967341923668,
baseline,1924,NOWOTOMYSKI,Zebrzydowice,Border_Crossing:Zebrzydowice,592.1648564732018,367.9540690316099,
baseline,1924,OBORNICKI,Gdynia,City:Gdynia,277.0096004829732,172.12573246170555,
baseline,1924,OBORNICKI,Stołpce,Border_Crossing:Stołpce,761.9552115073495,473.4568717295333,
baseline,1924,OBORNICKI,Zbąszyń,Border_Crossing:Zbąszyń,106.2117176459226,65.99688120536457,
baseline,1924,OBORNICKI,Zebrzydowice,Border_Crossing:Zebrzydowice,564.7329600932826,350.9086841461231,
baseline,1924,OLKUSKI,Gdynia,City:Gdynia,678.2679348607252,421.4560249523437,
baseline,1924,OLKUSKI,Stołpce,Border_Crossing:Stołpce,644.1553994289824,400.2594846985862,
baseline,1924,OLKUSKI,Zbąszyń,Border_Crossing:Zbąszyń,526.9437086067732,327.4275391606992,
baseline,1924,OLKUSKI,Zebrzydowice,Border_Crossing:Zebrzydowice,121.16332311058821,75.28737524454931,
baseline,1924,OPATOWSKI,Gdynia,City:Gdynia,624.7905632488842,388.2267370765224,
baseline,1924,OPATOWSKI,Stołpce,Border_Crossing:Stołpce,559.2199330978615,347.4830490489513,
baseline,1924,OPATOWSKI,Zbąszyń,Border_Crossing:Zbąszyń,473.46633699493196,294.19825128487787,
baseline,1924,OPATOWSKI,Zebrzydowice,Border_Crossing:Zebrzydowice,292.7247697082986,181.89068287841522,
baseline,1924,OPOCZYŃSKI,Gdynia,City:Gdynia,514.5768533198084,319.74313392418264,
baseline,1924,OPOCZYŃSKI,Stołpce,Border_Crossing:Stołpce,557.6705653288626,346.5203168489607,
baseline,1924,OPOCZYŃSKI,Zbąszyń,Border_Crossing:Zbąszyń,363.25262706585653,225.71464813253834,
baseline,1924,OPOCZYŃSKI,Zebrzydowice,Border_Crossing:Zebrzydowice,298.29300196277904,185.35062092261398,
baseline,1924,OSTROWSKI (OSTRÓW MAZOWIECKA),Gdynia,City:Gdynia,545.0524731783191,338.67980031128536,
baseline,1924,OSTROWSKI (OSTRÓW MAZOWIECKA),Stołpce,Border_Crossing:Stołpce,372.1162998810625,231.22227737339568,
baseline,1924,OSTROWSKI (OSTRÓW MAZOWIECKA),Zbąszyń,Border_Crossing:Zbąszyń,475.5786866119462,295.5108040787516,
baseline,1924,OSTROWSKI (OSTRÓW MAZOWIECKA),Zebrzydowice,Border_Crossing:Zebrzydowice,501.33506692993603,311.5150718733213,
baseline,1924,OSTROWSKI (OSTRÓW WIELKOPOLSKI),Gdynia,City:Gdynia,382.5606299466096,237.71208119055476,
baseline,1924,OSTROWSKI (OSTRÓW WIELKOPOLSKI),Stołpce,Border_Crossing:Stołpce,699.983541575528,434.9494732123274,
baseline,1924,OSTROWSKI (OSTRÓW WIELKOPOLSKI),Zbąszyń,Border_Crossing:Zbąszyń,158.7630924768048,98.65078153540466,
baseline,1924,OSTROWSKI (OSTRÓW WIELKOPOLSKI),Zebrzydowice,Border_Crossing:Zebrzydowice,427.94980174926985,265.91559626274557,
baseline,1924,OSTROŁĘCKI,Gdynia,City:Gdynia,560.0988434058332,348.02917842592603,
baseline,1924,OSTROŁĘCKI,Stołpce,Border_Crossing:Stołpce,386.19710039243864,239.97167846795,
baseline,1924,OSTROŁĘCKI,Zbąszyń,Border_Crossing:Zbąszyń,490.6250568394603,304.8601821933923,
baseline,1924,OSTROŁĘCKI,Zebrzydowice,Border_Crossing:Zebrzydowice,526.4235786778331,327.1043455066239,
baseline,1924,OSZMIAŃSKI,Gdynia,City:Gdynia,983.7264159196027,611.2590667863794,
baseline,1924,OSZMIAŃSKI,Stołpce,Border_Crossing:Stołpce,206.99331359299723,128.61964226059428,
baseline,1924,OSZMIAŃSKI,Zbąszyń,Border_Crossing:Zbąszyń,914.2526293532294,568.0900705538455,
baseline,1924,OSZMIAŃSKI,Zebrzydowice,Border_Crossing:Zebrzydowice,887.3585042101778,551.3788411195824,
baseline,1924,PIOTRKOWSKI,Gdynia,City:Gdynia,506.1618093397504,314.51426963125004,
baseline,1924,PIOTRKOWSKI,Stołpce,Border_Crossing:Stołpce,615.1688011644427,382.24805314835095,
baseline,1924,PIOTRKOWSKI,Zbąszyń,Border_Crossing:Zbąszyń,354.83758308579837,220.48578383960563,
baseline,1924,PIOTRKOWSKI,Zebrzydowice,Border_Crossing:Zebrzydowice,239.31051900439368,148.7006165042791,
baseline,1924,PIŃCZOWSKI,Gdynia,City:Gdynia,708.3723142300082,440.16201326541443,
baseline,1924,PIŃCZOWSKI,Stołpce,Border_Crossing:Stołpce,642.8016840789855,399.41832523784336,
baseline,1924,PIŃCZOWSKI,Zbąszyń,Border_Crossing:Zbąszyń,557.0480879760561,346.13352747376996,
baseline,1924,PIŃCZOWSKI,Zebrzydowice,Border_Crossing:Zebrzydowice,181.3750224573527,112.70117907934771,
baseline,1924,PIŃSKI,Gdynia,City:Gdynia,816.6868987407647,507.4655549574477,
baseline,1924,PIŃSKI,Stołpce,Border_Crossing:Stołpce,235.13673591149043,146.10714873005873,
baseline,1924,PIŃSKI,Zbąszyń,Border_Crossing:Zbąszyń,747.2131121743917,464.29655872491395,
baseline,1924,PIŃSKI,Zebrzydowice,Border_Crossing:Zebrzydowice,655.9306080521422,407.5762578559677,
baseline,1924,PODHAJECKI,Gdynia,City:Gdynia,938.3359948323723,583.054775444986,
baseline,1924,PODHAJECKI,Stołpce,Border_Crossing:Stołpce,658.9140496601594,409.43008195138293,
baseline,1924,PODHAJECKI,Zbąszyń,Border_Crossing:Zbąszyń,837.2013982105407,520.2126700074818,
baseline,1924,PODHAJECKI,Zebrzydowice,Border_Crossing:Zebrzydowice,527.8579720828369,327.9956359710845,
baseline,1924,POSTAWSKI,Gdynia,City:Gdynia,990.0929867305473,615.2150692577469,
baseline,1924,POSTAWSKI,Stołpce,Border_Crossing:Stołpce,296.49491710450116,184.233343136141,
baseline,1924,POSTAWSKI,Zbąszyń,Border_Crossing:Zbąszyń,920.6192001641742,572.0460730252131,
baseline,1924,POSTAWSKI,Zebrzydowice,Border_Crossing:Zebrzydowice,946.3755804821637,588.0503408197826,
baseline,1924,POZNAŃ (MIASTO),Gdynia,City:Gdynia,294.5564922723311,183.02886215975067,
baseline,1924,POZNAŃ (MIASTO),Stołpce,Border_Crossing:Stołpce,729.2703615210456,453.1474538086937,
baseline,1924,POZNAŃ (MIASTO),Zbąszyń,Border_Crossing:Zbąszyń,72.03573372798658,44.76091590229275,
baseline,1924,POZNAŃ (MIASTO),Zebrzydowice,Border_Crossing:Zebrzydowice,532.0481101069792,330.5992662252837,
baseline,1924,POZNAŃSKI,Gdynia,City:Gdynia,295.8862423967038,183.85513032428221,
baseline,1924,POZNAŃSKI,Stołpce,Border_Crossing:Stołpce,730.5972503995351,453.9719440780095,
baseline,1924,POZNAŃSKI,Zbąszyń,Border_Crossing:Zbąszyń,76.38193111632316,47.46151691968084,
baseline,1924,POZNAŃSKI,Zebrzydowice,Border_Crossing:Zebrzydowice,533.3749989854684,331.4237564945995,
baseline,1924,PRUŻAŃSKI,Gdynia,City:Gdynia,727.3698993024071,451.96656169943606,
baseline,1924,PRUŻAŃSKI,Stołpce,Border_Crossing:Stołpce,204.13717281904815,126.84491921174477,
baseline,1924,PRUŻAŃSKI,Zbąszyń,Border_Crossing:Zbąszyń,657.8961127360341,408.79756546690226,
baseline,1924,PRUŻAŃSKI,Zebrzydowice,Border_Crossing:Zebrzydowice,566.6136086137848,352.07726459795606,
baseline,1924,PRZASNYCKI,Gdynia,City:Gdynia,577.9821420653006,359.1413415972579,
baseline,1924,PRZASNYCKI,Stołpce,Border_Crossing:Stołpce,449.8849912792091,279.54548691615344,
baseline,1924,PRZASNYCKI,Zbąszyń,Border_Crossing:Zbąszyń,518.9413086208701,322.4550798790587,
baseline,1924,PRZASNYCKI,Zebrzydowice,Border_Crossing:Zebrzydowice,570.5047235914113,354.49509060271885,
baseline,1924,PRZEMYSKI,Gdynia,City:Gdynia,793.7826094114405,493.23349379259616,
baseline,1924,PRZEMYSKI,Stołpce,Border_Crossing:Stołpce,633.6056218835088,393.70415887537774,
baseline,1924,PRZEMYSKI,Zbąszyń,Border_Crossing:Zbąszyń,642.8876682666612,399.47175331852355,
baseline,1924,PRZEMYSKI,Zebrzydowice,Border_Crossing:Zebrzydowice,333.5442421389578,207.25471928212636,
baseline,1924,PRZEMYŚLAŃSKI,Gdynia,City:Gdynia,887.080588706338,551.2061524850459,
baseline,1924,PRZEMYŚLAŃSKI,Stołpce,Border_Crossing:Stołpce,607.6586435341251,377.58145899144284,
baseline,1924,PRZEMYŚLAŃSKI,Zbąszyń,Border_Crossing:Zbąszyń,785.945992084506,488.3640470475416,
baseline,1924,PRZEMYŚLAŃSKI,Zebrzydowice,Border_Crossing:Zebrzydowice,476.6025659568026,296.1470130111444,
baseline,1924,PRZEWORSKI,Gdynia,City:Gdynia,761.2592647271276,473.02443058276003,
baseline,1924,PRZEWORSKI,Stołpce,Border_Crossing:Stołpce,601.082277199196,373.4950956655416,
baseline,1924,PRZEWORSKI,Zbąszyń,Border_Crossing:Zbąszyń,610.3643235823486,379.2626901086875,
baseline,1924,PRZEWORSKI,Zebrzydowice,Border_Crossing:Zebrzydowice,301.02089745464497,187.0456560722902,
baseline,1924,PSZCZYŃSKI,Gdynia,City:Gdynia,682.1784639926035,423.88591434954805,
baseline,1924,PSZCZYŃSKI,Stołpce,Border_Crossing:Stołpce,697.3448372918788,433.309858892892,
baseline,1924,PSZCZYŃSKI,Zbąszyń,Border_Crossing:Zbąszyń,530.8542377386514,329.8574285579036,
baseline,1924,PSZCZYŃSKI,Zebrzydowice,Border_Crossing:Zebrzydowice,59.864906147245385,37.198316597620014,
baseline,1924,PUŁAWSKI,Gdynia,City:Gdynia,599.8391238781325,372.72263624327906,
baseline,1924,PUŁAWSKI,Stołpce,Border_Crossing:Stołpce,474.3255933132436,294.73216824264347,
baseline,1924,PUŁAWSKI,Zbąszyń,Border_Crossing:Zbąszyń,528.8169623176157,328.59152469225916,
baseline,1924,PUŁAWSKI,Zebrzydowice,Border_Crossing:Zebrzydowice,397.99791126409934,247.30436012008468,
baseline,1924,PUŁTUSKI,Gdynia,City:Gdynia,411.5347316700247,255.71574775253492,
baseline,1924,PUŁTUSKI,Stołpce,Border_Crossing:Stołpce,508.07826162601265,315.7050975048171,
baseline,1924,PUŁTUSKI,Zbąszyń,Border_Crossing:Zbąszyń,423.7914362257862,263.331708519053,
baseline,1924,PUŁTUSKI,Zebrzydowice,Border_Crossing:Zebrzydowice,480.60732174592346,298.6354521205862,
baseline,1924,PŁOCKI,Gdynia,City:Gdynia,419.5721103466316,260.7099417781968,
baseline,1924,PŁOCKI,Stołpce,Border_Crossing:Stołpce,608.8366685637878,378.3134495821494,
baseline,1924,PŁOCKI,Zbąszyń,Border_Crossing:Zbąszyń,295.99089447226675,183.92015808912686,
baseline,1924,PŁOCKI,Zebrzydowice,Border_Crossing:Zebrzydowice,418.37610771844606,259.96678042911856,
baseline,1924,PŁOŃSKI,Gdynia,City:Gdynia,419.4431028402939,260.62978025497625,
baseline,1924,PŁOŃSKI,Stołpce,Border_Crossing:Stołpce,516.0721985811542,320.67229810457036,
baseline,1924,PŁOŃSKI,Zbąszyń,Border_Crossing:Zbąszyń,442.60706808373413,275.023196502258,
baseline,1924,PŁOŃSKI,Zebrzydowice,Border_Crossing:Zebrzydowice,482.2036870747709,299.6273872413375,
baseline,1924,RADOMSKI,Gdynia,City:Gdynia,592.3519078316191,368.070297321241,
baseline,1924,RADOMSKI,Stołpce,Border_Crossing:Stołpce,467.72844810548673,290.6328935277544,
baseline,1924,RADOMSKI,Zbąszyń,Border_Crossing:Zbąszyń,461.0965595384623,286.5120302969739,
baseline,1924,RADOMSKI,Zebrzydowice,Border_Crossing:Zebrzydowice,288.9485154458498,179.54422799110316,
baseline,1924,RADOMSZCZAŃSKI,Gdynia,City:Gdynia,542.2781478036243,336.9559149788858,
baseline,1924,RADOMSZCZAŃSKI,Stołpce,Border_Crossing:Stołpce,651.2851396283165,404.6896984959867,
baseline,1924,RADOMSZCZAŃSKI,Zbąszyń,Border_Crossing:Zbąszyń,390.9539215496725,242.92742918724153,
baseline,1924,RADOMSZCZAŃSKI,Zebrzydowice,Border_Crossing:Zebrzydowice,191.3569668461638,118.90366984616765,
baseline,1924,RADZIECHOWSKI,Gdynia,City:Gdynia,921.3433764955295,572.4960551964036,
baseline,1924,RADZIECHOWSKI,Stołpce,Border_Crossing:Stołpce,574.9457454215163,357.25461277831306,
baseline,1924,RADZIECHOWSKI,Zbąszyń,Border_Crossing:Zbąszyń,820.2087798736981,509.6539497588996,
baseline,1924,RADZIECHOWSKI,Zebrzydowice,Border_Crossing:Zebrzydowice,510.8653537459944,317.4369157225023,
baseline,1924,RADZYMIŃSKI,Gdynia,City:Gdynia,468.5589022358435,291.1489136411883,
baseline,1924,RADZYMIŃSKI,Stołpce,Border_Crossing:Stołpce,404.6373331395678,251.42990433026637,
baseline,1924,RADZYMIŃSKI,Zbąszyń,Border_Crossing:Zbąszyń,399.66634683619606,248.341077599954,
baseline,1924,RADZYMIŃSKI,Zebrzydowice,Border_Crossing:Zebrzydowice,435.7234115268738,270.7458919438651,
baseline,1924,RADZYŃSKI,Gdynia,City:Gdynia,582.9028566657652,362.1989309492632,
baseline,1924,RADZYŃSKI,Stołpce,Border_Crossing:Stołpce,387.33727823724143,240.68015191555295,
baseline,1924,RADZYŃSKI,Zbąszyń,Border_Crossing:Zbąszyń,513.4290700993921,319.0299347167294,
baseline,1924,RADZYŃSKI,Zebrzydowice,Border_Crossing:Zebrzydowice,422.14656597714276,262.3096338477832,
baseline,1924,RAWICKI,Gdynia,City:Gdynia,391.35802337693565,243.1785263437499,
baseline,1924,RAWICKI,Stołpce,Border_Crossing:Stołpce,759.9851796853811,472.23275108628496,
baseline,1924,RAWICKI,Zbąszyń,Border_Crossing:Zbąszyń,104.0030946875009,64.62450694906713,
baseline,1924,RAWICKI,Zebrzydowice,Border_Crossing:Zebrzydowice,487.9514398591229,303.19887413670307,
baseline,1924,RAWSKI (RAWA MAZOWIECKA),Gdynia,City:Gdynia,489.15025638207413,303.9437839583858,
baseline,1924,RAWSKI (RAWA MAZOWIECKA),Stołpce,Border_Crossing:Stołpce,590.4333605525417,366.8781676798934,
baseline,1924,RAWSKI (RAWA MAZOWIECKA),Zbąszyń,Border_Crossing:Zbąszyń,354.64108159819625,220.36368351375282,
baseline,1924,RAWSKI (RAWA MAZOWIECKA),Zebrzydowice,Border_Crossing:Zebrzydowice,318.42865420489375,197.86233129194903,
baseline,1924,RAWSKI (RAWA RUSKA),Gdynia,City:Gdynia,783.2765547279269,486.70533608784666,
baseline,1924,RAWSKI (RAWA RUSKA),Stołpce,Border_Crossing:Stołpce,517.2759607839383,321.4202810282765,
baseline,1924,RAWSKI (RAWA RUSKA),Zbąszyń,Border_Crossing:Zbąszyń,711.5427970225182,442.1320593286792,
baseline,1924,RAWSKI (RAWA RUSKA),Zebrzydowice,Border_Crossing:Zebrzydowice,483.2512729209085,300.2783267061378,
baseline,1924,ROHATYŃSKI,Gdynia,City:Gdynia,931.646913359192,578.8983742009145,
baseline,1924,ROHATYŃSKI,Stołpce,Border_Crossing:Stołpce,656.2184370130749,407.75510642525137,
baseline,1924,ROHATYŃSKI,Zbąszyń,Border_Crossing:Zbąszyń,830.5123167373604,516.0562687634103,
baseline,1924,ROHATYŃSKI,Zebrzydowice,Border_Crossing:Zebrzydowice,509.61047052257453,316.65716767908265,
baseline,1924,ROPCZYCKI,Gdynia,City:Gdynia,730.2489210474372,453.75550232016707,
baseline,1924,ROPCZYCKI,Stołpce,Border_Crossing:Stołpce,612.3018567195002,380.46661701165254,
baseline,1924,ROPCZYCKI,Zbąszyń,Border_Crossing:Zbąszyń,578.924694793485,359.72701652852254,
baseline,1924,ROPCZYCKI,Zebrzydowice,Border_Crossing:Zebrzydowice,213.88829196001632,132.9039818634873,
baseline,1924,RUDECKI,Gdynia,City:Gdynia,871.2869018137802,541.3924134669304,
baseline,1924,RUDECKI,Stołpce,Border_Crossing:Stołpce,602.9711462802769,374.66878413532197,
baseline,1924,RUDECKI,Zbąszyń,Border_Crossing:Zbąszyń,720.3919606690012,447.6306729928579,
baseline,1924,RUDECKI,Zebrzydowice,Border_Crossing:Zebrzydowice,411.0485345412976,255.41363895646066,
baseline,1924,RYBNICKI,Gdynia,City:Gdynia,711.2582458525982,441.9552474836748,
baseline,1924,RYBNICKI,Stołpce,Border_Crossing:Stołpce,726.461962121607,451.4023958654651,
baseline,1924,RYBNICKI,Zbąszyń,Border_Crossing:Zbąszyń,559.934019598646,347.9267616920303,
baseline,1924,RYBNICKI,Zebrzydowice,Border_Crossing:Zebrzydowice,32.3971906294657,20.13067473862173,
baseline,1924,RYPIŃSKI,Gdynia,City:Gdynia,501.399231159043,311.5549416645257,
baseline,1924,RYPIŃSKI,Stołpce,Border_Crossing:Stołpce,598.0283268999035,371.5974595141199,
baseline,1924,RYPIŃSKI,Zbąszyń,Border_Crossing:Zbąszyń,524.5631964024833,325.9483579118074,
baseline,1924,RYPIŃSKI,Zebrzydowice,Border_Crossing:Zebrzydowice,564.1598153935199,350.5525486508869,
baseline,1924,RZESZOWSKI,Gdynia,City:Gdynia,774.3928868851525,481.1852825167141,
baseline,1924,RZESZOWSKI,Stołpce,Border_Crossing:Stołpce,630.6764762650473,391.88407273328875,
baseline,1924,RZESZOWSKI,Zbąszyń,Border_Crossing:Zbąszyń,623.0806718982788,387.16426017810534,
baseline,1924,RZESZOWSKI,Zebrzydowice,Border_Crossing:Zebrzydowice,259.3587789608737,161.15802384169703,
baseline,1924,RÓWIEŃSKI,Gdynia,City:Gdynia,899.6581090238717,559.0214588622722,
baseline,1924,RÓWIEŃSKI,Stołpce,Border_Crossing:Stołpce,385.14386122870513,239.31722619554174,
baseline,1924,RÓWIEŃSKI,Zbąszyń,Border_Crossing:Zbąszyń,828.6359474633547,514.8903473112522,
baseline,1924,RÓWIEŃSKI,Zebrzydowice,Border_Crossing:Zebrzydowice,628.2870098392024,390.39932759079505,
baseline,1924,SAMBORSKI,Gdynia,City:Gdynia,846.7696355519994,526.1580952125814,
baseline,1924,SAMBORSKI,Stołpce,Border_Crossing:Stołpce,629.0690267010771,390.885250190275,
baseline,1924,SAMBORSKI,Zbąszyń,Border_Crossing:Zbąszyń,695.8746944072201,432.39635473850876,
baseline,1924,SAMBORSKI,Zebrzydowice,Border_Crossing:Zebrzydowice,372.2716403186757,231.3188014164558,
baseline,1924,SANDOMIERSKI,Gdynia,City:Gdynia,714.8679162571381,444.1981919926141,
baseline,1924,SANDOMIERSKI,Stołpce,Border_Crossing:Stołpce,645.9747132515029,401.3899535477996,
baseline,1924,SANDOMIERSKI,Zbąszyń,Border_Crossing:Zbąszyń,563.5436900031859,350.16970620096964,
baseline,1924,SANDOMIERSKI,Zebrzydowice,Border_Crossing:Zebrzydowice,264.10471632805724,164.10701168948125,
baseline,1924,SANOCKI,Gdynia,City:Gdynia,894.0519875602382,555.5379775622928,
baseline,1924,SANOCKI,Stołpce,Border_Crossing:Stołpce,726.9851008677109,451.72745911127043,
baseline,1924,SANOCKI,Zbąszyń,Border_Crossing:Zbąszyń,743.1122780847227,461.7484193457822,
baseline,1924,SANOCKI,Zebrzydowice,Border_Crossing:Zebrzydowice,322.43889532156084,200.3541788248536,
baseline,1924,SARNEŃSKI,Gdynia,City:Gdynia,893.3631861633268,555.1099763494925,
baseline,1924,SARNEŃSKI,Stołpce,Border_Crossing:Stołpce,288.07868892546577,179.00374301630558,
baseline,1924,SARNEŃSKI,Zbąszyń,Border_Crossing:Zbąszyń,822.34102460281,510.9788647984726,
baseline,1924,SARNEŃSKI,Zebrzydowice,Border_Crossing:Zebrzydowice,669.7190950624856,416.14402381807173,
baseline,1924,SIEDLECKI,Gdynia,City:Gdynia,536.2316070933234,333.1987699311855,
baseline,1924,SIEDLECKI,Stołpce,Border_Crossing:Stołpce,366.22678814525756,227.56270557660685,
baseline,1924,SIEDLECKI,Zbąszyń,Border_Crossing:Zbąszyń,466.7578205269504,290.0297736986517,
baseline,1924,SIEDLECKI,Zebrzydowice,Border_Crossing:Zebrzydowice,425.4123899993857,264.3389221863083,
baseline,1924,SIERADZKI,Gdynia,City:Gdynia,449.257489058347,279.15557523367414,
baseline,1924,SIERADZKI,Stołpce,Border_Crossing:Stołpce,626.3817423016113,389.2154495956945,
baseline,1924,SIERADZKI,Zbąszyń,Border_Crossing:Zbąszyń,225.45995158854208,140.094275578524,
baseline,1924,SIERADZKI,Zebrzydowice,Border_Crossing:Zebrzydowice,354.3480024753532,220.1815726461127,
baseline,1924,SIERPECKI,Gdynia,City:Gdynia,471.3710279043353,292.8962869799447,
baseline,1924,SIERPECKI,Stołpce,Border_Crossing:Stołpce,579.553347480191,360.11764307711377,
baseline,1924,SIERPECKI,Zbąszyń,Border_Crossing:Zbąszyń,494.53499314777554,307.2897032272264,
baseline,1924,SIERPECKI,Zebrzydowice,Border_Crossing:Zebrzydowice,545.6848359738077,339.0727322138809,
baseline,1924,SKAŁACKI,Gdynia,City:Gdynia,1000.4931263488197,621.6774144124925,
baseline,1924,SKAŁACKI,Stołpce,Border_Crossing:Stołpce,620.8047714155379,385.7500816192442,
baseline,1924,SKAŁACKI,Zbąszyń,Border_Crossing:Zbąszyń,899.358529726988,558.8353089749883,
baseline,1924,SKAŁACKI,Zebrzydowice,Border_Crossing:Zebrzydowice,590.0151035992847,366.6182749385911,
baseline,1924,SKIERNIEWICKI,Gdynia,City:Gdynia,434.4426747698271,269.95007926440223,
baseline,1924,SKIERNIEWICKI,Stołpce,Border_Crossing:Stołpce,540.297104267145,335.72495197558015,
baseline,1924,SKIERNIEWICKI,Zbąszyń,Border_Crossing:Zbąszyń,310.8614588954622,193.16029557533224,
baseline,1924,SKIERNIEWICKI,Zebrzydowice,Border_Crossing:Zebrzydowice,308.489514434853,191.68643807389904,
baseline,1924,SOCHACZEWSKI,Gdynia,City:Gdynia,450.3701232038606,279.84693382530605,
baseline,1924,SOCHACZEWSKI,Stołpce,Border_Crossing:Stołpce,510.9812411557301,317.5089247981772,
baseline,1924,SOCHACZEWSKI,Zbąszyń,Border_Crossing:Zbąszyń,326.7889073294956,203.057150136236,
baseline,1924,SOCHACZEWSKI,Zebrzydowice,Border_Crossing:Zebrzydowice,364.067845147992,226.22120100745295,
baseline,1924,SOKALSKI,Gdynia,City:Gdynia,837.222078890049,520.2255203819886,
baseline,1924,SOKALSKI,Stołpce,Border_Crossing:Stołpce,487.56515664761434,302.9588489512848,
baseline,1924,SOKALSKI,Zbąszyń,Border_Crossing:Zbąszyń,766.199917329532,476.09440883096863,
baseline,1924,SOKALSKI,Zebrzydowice,Border_Crossing:Zebrzydowice,495.95310551023493,308.1708771240002,
baseline,1924,SOKOŁOWSKI,Gdynia,City:Gdynia,558.852284861841,347.25460309688697,
baseline,1924,SOKOŁOWSKI,Stołpce,Border_Crossing:Stołpce,390.6414995421898,242.73329921203003,
baseline,1924,SOKOŁOWSKI,Zbąszyń,Border_Crossing:Zbąszyń,489.37849829546786,304.08560686435317,
baseline,1924,SOKOŁOWSKI,Zebrzydowice,Border_Crossing:Zebrzydowice,449.6042187716612,279.3710230223659,
baseline,1924,SOKÓLSKI,Gdynia,City:Gdynia,661.161905179823,410.82683418349177,
baseline,1924,SOKÓLSKI,Stołpce,Border_Crossing:Stołpce,297.83566202287665,185.06644314681688,
baseline,1924,SOKÓLSKI,Zbąszyń,Border_Crossing:Zbąszyń,591.68811861345,367.657837950958,
baseline,1924,SOKÓLSKI,Zebrzydowice,Border_Crossing:Zebrzydowice,617.4444989314395,383.6621057455275,
baseline,1924,STANISŁAWOWSKI,Gdynia,City:Gdynia,954.7289034314092,593.2408534540782,
baseline,1924,STANISŁAWOWSKI,Stołpce,Border_Crossing:Stołpce,679.3004270852921,422.09758567841504,
baseline,1924,STANISŁAWOWSKI,Zbąszyń,Border_Crossing:Zbąszyń,840.0764819293137,521.9991636528996,
baseline,1924,STANISŁAWOWSKI,Zebrzydowice,Border_Crossing:Zebrzydowice,516.5312749179658,320.95755482705135,
baseline,1924,STAROGARDZKI,Gdynia,City:Gdynia,138.33827767126328,85.95939393487053,
baseline,1924,STAROGARDZKI,Stołpce,Border_Crossing:Stołpce,746.405600259364,463.79479423876126,
baseline,1924,STAROGARDZKI,Zbąszyń,Border_Crossing:Zbąszyń,299.023650616475,185.80462480720968,
baseline,1924,STAROGARDZKI,Zebrzydowice,Border_Crossing:Zebrzydowice,605.203759686795,376.0560653603435,
baseline,1924,STOLIŃSKI,Gdynia,City:Gdynia,920.0685949525556,571.7039429142644,
baseline,1924,STOLIŃSKI,Stołpce,Border_Crossing:Stołpce,239.7939960026135,149.00103509013996,
baseline,1924,STOLIŃSKI,Zbąszyń,Border_Crossing:Zbąszyń,850.5948083861823,528.5349466817305,
baseline,1924,STOLIŃSKI,Zebrzydowice,Border_Crossing:Zebrzydowice,741.6922058005666,460.8660276105039,
baseline,1924,STOPNICKI,Gdynia,City:Gdynia,730.2406876028354,453.7503862964614,
baseline,1924,STOPNICKI,Stołpce,Border_Crossing:Stołpce,664.6700574518128,413.0066982688904,
baseline,1924,STOPNICKI,Zbąszyń,Border_Crossing:Zbąszyń,578.9164613488833,359.721900504817,
baseline,1924,STOPNICKI,Zebrzydowice,Border_Crossing:Zebrzydowice,256.592310369637,159.4390204866917,
baseline,1924,STOŁPECKI,Gdynia,City:Gdynia,887.5199647268062,551.4791680022603,
baseline,1924,STOŁPECKI,Stołpce,Border_Crossing:Stołpce,19.342715805521003,12.01900266279239,
baseline,1924,STOŁPECKI,Zbąszyń,Border_Crossing:Zbąszyń,818.0461781604329,508.3101717697263,
baseline,1924,STOŁPECKI,Zebrzydowice,Border_Crossing:Zebrzydowice,761.5218404232465,473.18758750563313,
baseline,1924,STRYJSKI,Gdynia,City:Gdynia,906.9931366961274,563.5792323420094,
baseline,1924,STRYJSKI,Stołpce,Border_Crossing:Stołpce,668.4006536667027,415.3247825695328,
baseline,1924,STRYJSKI,Zbąszyń,Border_Crossing:Zbąszyń,756.4729347890154,470.0503439627853,
baseline,1924,STRYJSKI,Zebrzydowice,Border_Crossing:Zebrzydowice,432.86988070047096,268.97279064073234,
baseline,1924,SUWALSKI,Gdynia,City:Gdynia,780.4246919802528,484.93327128046167,
baseline,1924,SUWALSKI,Stołpce,Border_Crossing:Stołpce,353.5011171046218,219.65534263641595,
baseline,1924,SUWALSKI,Zbąszyń,Border_Crossing:Zbąszyń,710.9509054138797,441.76427504792787,
baseline,1924,SUWALSKI,Zebrzydowice,Border_Crossing:Zebrzydowice,736.7072857318694,457.7685428424975,
baseline,1924,SZAMOTULSKI,Gdynia,City:Gdynia,336.66643768066376,209.1947610480717,
baseline,1924,SZAMOTULSKI,Stołpce,Border_Crossing:Stołpce,777.0279575464738,482.82263900860994,
baseline,1924,SZAMOTULSKI,Zbąszyń,Border_Crossing:Zbąszyń,83.60363265484568,51.94887282637412,
baseline,1924,SZAMOTULSKI,Zebrzydowice,Border_Crossing:Zebrzydowice,579.8057061324068,360.2744514251998,
baseline,1924,SZCZUCZYŃSKI (WOJ. BIAŁOSTOCKIE),Gdynia,City:Gdynia,690.6780369392767,429.1673024909953,
baseline,1924,SZCZUCZYŃSKI (WOJ. BIAŁOSTOCKIE),Stołpce,Border_Crossing:Stołpce,339.17714082660603,210.754839172569,
baseline,1924,SZCZUCZYŃSKI (WOJ. BIAŁOSTOCKIE),Zbąszyń,Border_Crossing:Zbąszyń,621.2042503729036,385.9983062584615,
baseline,1924,SZCZUCZYŃSKI (WOJ. BIAŁOSTOCKIE),Zebrzydowice,Border_Crossing:Zebrzydowice,646.9606306908935,402.0025740530312,
baseline,1924,SZCZUCZYŃSKI (WOJ. NOWOGRÓDZKIE),Gdynia,City:Gdynia,761.126214516127,472.94175704010036,
baseline,1924,SZCZUCZYŃSKI (WOJ. NOWOGRÓDZKIE),Stołpce,Border_Crossing:Stołpce,228.41824615689902,141.9324740327585,
baseline,1924,SZCZUCZYŃSKI (WOJ. NOWOGRÓDZKIE),Zbąszyń,Border_Crossing:Zbąszyń,691.6524279497539,429.77276080756656,
baseline,1924,SZCZUCZYŃSKI (WOJ. NOWOGRÓDZKIE),Zebrzydowice,Border_Crossing:Zebrzydowice,664.7583028067023,413.0615313733034,
baseline,1924,SZUBIŃSKI,Gdynia,City:Gdynia,233.82433544544375,145.29166114007083,
baseline,1924,SZUBIŃSKI,Stołpce,Border_Crossing:Stołpce,735.7457401681188,457.1710663140041,
baseline,1924,SZUBIŃSKI,Zbąszyń,Border_Crossing:Zbąszyń,171.25048896770176,106.41008758034981,
baseline,1924,SZUBIŃSKI,Zebrzydowice,Border_Crossing:Zebrzydowice,540.4364702875579,335.81154997905014,
baseline,1924,SĘPOLEŃSKI,Gdynia,City:Gdynia,160.99980207463773,100.04060801491973,
baseline,1924,SĘPOLEŃSKI,Stołpce,Border_Crossing:Stołpce,773.9703297992713,480.922717797703,
baseline,1924,SĘPOLEŃSKI,Zbąszyń,Border_Crossing:Zbąszyń,208.7708726540129,129.72416591189665,
baseline,1924,SĘPOLEŃSKI,Zebrzydowice,Border_Crossing:Zebrzydowice,580.7771459181126,360.87807593628355,
baseline,1924,SŁONIMSKI,Gdynia,City:Gdynia,764.9200987432647,475.29916667620114,
baseline,1924,SŁONIMSKI,Stołpce,Border_Crossing:Stołpce,115.8171885395702,71.96544226002128,
baseline,1924,SŁONIMSKI,Zbąszyń,Border_Crossing:Zbąszyń,695.4463121768915,432.1301704436673,
baseline,1924,SŁONIMSKI,Zebrzydowice,Border_Crossing:Zebrzydowice,668.55218703384,415.41894100940425,
baseline,1924,TARNOBRZESKI,Gdynia,City:Gdynia,667.5495207807757,414.79591327707135,
baseline,1924,TARNOBRZESKI,Stołpce,Border_Crossing:Stołpce,535.6395127322351,332.8308596659416,
baseline,1924,TARNOBRZESKI,Zbąszyń,Border_Crossing:Zbąszyń,516.2424776118504,320.7781045561531,
baseline,1924,TARNOBRZESKI,Zebrzydowice,Border_Crossing:Zebrzydowice,284.9130833030523,177.03672748510093,
baseline,1924,TARNOGÓRSKI,Gdynia,City:Gdynia,682.4163392288075,424.03372312294334,
baseline,1924,TARNOGÓRSKI,Stołpce,Border_Crossing:Stołpce,703.6048783878412,437.19966688873126,
baseline,1924,TARNOGÓRSKI,Zbąszyń,Border_Crossing:Zbąszyń,531.0921129748555,330.00523733129893,
baseline,1924,TARNOGÓRSKI,Zebrzydowice,Border_Crossing:Zebrzydowice,96.33989142194423,59.86281467274491,
baseline,1924,TARNOPOLSKI,Gdynia,City:Gdynia,958.7418576602134,595.7343868361845,
baseline,1924,TARNOPOLSKI,Stołpce,Border_Crossing:Stołpce,579.0535027269316,359.8070540429362,
baseline,1924,TARNOPOLSKI,Zbąszyń,Border_Crossing:Zbąszyń,857.6072610383818,532.8922813986803,
baseline,1924,TARNOPOLSKI,Zebrzydowice,Border_Crossing:Zebrzydowice,548.2638349106783,340.6752473622831,
baseline,1924,TARNOWSKI,Gdynia,City:Gdynia,761.2712718147584,473.03189143880826,
baseline,1924,TARNOWSKI,Stołpce,Border_Crossing:Stołpce,643.3242074868215,399.74300613029374,
baseline,1924,TARNOWSKI,Zbąszyń,Border_Crossing:Zbąszyń,609.9470455608061,379.0034056471637,
baseline,1924,TARNOWSKI,Zebrzydowice,Border_Crossing:Zebrzydowice,182.24875863352378,113.24409340087131,
baseline,1924,TCZEWSKI,Gdynia,City:Gdynia,171.88574041195096,106.80481440551438,
baseline,1924,TCZEWSKI,Stołpce,Border_Crossing:Stołpce,763.7760929841819,474.5883146736741,
baseline,1924,TCZEWSKI,Zbąszyń,Border_Crossing:Zbąszyń,317.1121718364322,197.0443073261757,
baseline,1924,TCZEWSKI,Zebrzydowice,Border_Crossing:Zebrzydowice,622.5742524116132,386.84958579525653,
baseline,1924,TOMASZOWSKI,Gdynia,City:Gdynia,779.0040101986891,484.05050082116963,
baseline,1924,TOMASZOWSKI,Stołpce,Border_Crossing:Stołpce,513.2316017425677,318.90723360638106,
baseline,1924,TOMASZOWSKI,Zbąszyń,Border_Crossing:Zbąszyń,707.9818486381722,439.9193892701497,
baseline,1924,TOMASZOWSKI,Zebrzydowice,Border_Crossing:Zebrzydowice,552.5818820338765,343.35835662127187,
baseline,1924,TORUŃSKI,Gdynia,City:Gdynia,255.8904837684102,159.00292578966082,
baseline,1924,TORUŃSKI,Stołpce,Border_Crossing:Stołpce,676.6993560019963,420.48135553831645,
baseline,1924,TORUŃSKI,Zbąszyń,Border_Crossing:Zbąszyń,215.28702660178445,133.7731150065774,
baseline,1924,TORUŃSKI,Zebrzydowice,Border_Crossing:Zebrzydowice,482.33053468639514,299.70620666862004,
baseline,1924,TREMBOWELSKI,Gdynia,City:Gdynia,988.4837904519745,614.2151613569339,
baseline,1924,TREMBOWELSKI,Stołpce,Border_Crossing:Stołpce,608.7954355186924,378.2878285636855,
baseline,1924,TREMBOWELSKI,Zbąszyń,Border_Crossing:Zbąszyń,887.3491938301427,551.3730559194296,
baseline,1924,TREMBOWELSKI,Zebrzydowice,Border_Crossing:Zebrzydowice,578.0057677024391,359.15602188303234,
baseline,1924,TUCHOLSKI,Gdynia,City:Gdynia,158.04113928783295,98.20218076042005,
baseline,1924,TUCHOLSKI,Stołpce,Border_Crossing:Stołpce,735.5753337548628,457.0651807105928,
baseline,1924,TUCHOLSKI,Zbąszyń,Border_Crossing:Zbąszyń,241.1470072711802,149.84175705510052,
baseline,1924,TUCHOLSKI,Zebrzydowice,Border_Crossing:Zebrzydowice,594.3734931822938,369.3264518321751,
baseline,1924,TURCZAŃSKI,Gdynia,City:Gdynia,893.4329250537146,555.1533100735517,
baseline,1924,TURCZAŃSKI,Stołpce,Border_Crossing:Stołpce,675.2746227955137,419.5960676410711,
baseline,1924,TURCZAŃSKI,Zbąszyń,Border_Crossing:Zbąszyń,742.5379839089354,461.3915695994791,
baseline,1924,TURCZAŃSKI,Zebrzydowice,Border_Crossing:Zebrzydowice,418.93492982039106,260.3140162774262,
baseline,1924,TURECKI,Gdynia,City:Gdynia,461.789425046423,286.9425568305209,
baseline,1924,TURECKI,Stołpce,Border_Crossing:Stołpce,737.5404417516421,458.2862418316596,
baseline,1924,TURECKI,Zbąszyń,Border_Crossing:Zbąszyń,240.24754057171577,149.2828545325876,
baseline,1924,TURECKI,Zebrzydowice,Border_Crossing:Zebrzydowice,468.150394398487,290.89507871778227,
baseline,1924,TŁUMACKI,Gdynia,City:Gdynia,979.2904205544409,608.5026679103335,
baseline,1924,TŁUMACKI,Stołpce,Border_Crossing:Stołpce,703.8619442083237,437.35940013467035,
baseline,1924,TŁUMACKI,Zbąszyń,Border_Crossing:Zbąszyń,864.342176151288,537.077162337302,
baseline,1924,TŁUMACKI,Zebrzydowice,Border_Crossing:Zebrzydowice,540.7391220627433,335.99960901524884,
baseline,1924,WADOWICKI,Gdynia,City:Gdynia,714.9126616998076,444.22599551307115,
baseline,1924,WADOWICKI,Stołpce,Border_Crossing:Stołpce,723.9252409461578,449.826150891955,
baseline,1924,WADOWICKI,Zbąszyń,Border_Crossing:Zbąszyń,563.5884354458556,350.19750972142674,
baseline,1924,WADOWICKI,Zebrzydowice,Border_Crossing:Zebrzydowice,84.908838530629,52.75988990661547,
baseline,1924,WARSZAWSKI,Gdynia,City:Gdynia,438.2096992276019,272.2907990187542,
baseline,1924,WARSZAWSKI,Stołpce,Border_Crossing:Stołpce,450.59770797713793,279.98834840346217,
baseline,1924,WARSZAWSKI,Zbąszyń,Border_Crossing:Zbąszyń,367.76245973054415,228.51692736522796,
baseline,1924,WARSZAWSKI,Zebrzydowice,Border_Crossing:Zebrzydowice,400.995293329403,249.16684641138448,
baseline,1924,WIELUŃSKI,Gdynia,City:Gdynia,496.7527746247201,308.66776832133695,
baseline,1924,WIELUŃSKI,Stołpce,Border_Crossing:Stołpce,814.1756862536388,505.9051603431098,
baseline,1924,WIELUŃSKI,Zbąszyń,Border_Crossing:Zbąszyń,272.95523715491515,169.60646866618677,
baseline,1924,WIELUŃSKI,Zebrzydowice,Border_Crossing:Zebrzydowice,542.1419464273804,336.8712833935278,
baseline,1924,WILEJSKI,Gdynia,City:Gdynia,945.3230268179972,587.3963144969257,
baseline,1924,WILEJSKI,Stołpce,Border_Crossing:Stołpce,168.58992449139134,104.75688997114034,
baseline,1924,WILEJSKI,Zbąszyń,Border_Crossing:Zbąszyń,875.8492402516237,544.2273182643917,
baseline,1924,WILEJSKI,Zebrzydowice,Border_Crossing:Zebrzydowice,848.9551151085723,527.5160888301286,
baseline,1924,WILEŃSKO-TROCKI,Gdynia,City:Gdynia,854.1070615266569,530.7173589278804,
baseline,1924,WILEŃSKO-TROCKI,Stołpce,Border_Crossing:Stołpce,258.24150949172946,160.46378499438543,
baseline,1924,WILEŃSKO-TROCKI,Zbąszyń,Border_Crossing:Zbąszyń,784.6332749602839,487.54836269534655,
baseline,1924,WILEŃSKO-TROCKI,Zebrzydowice,Border_Crossing:Zebrzydowice,807.7418392375434,501.9073543888716,
baseline,1924,WILNO (MIASTO),Gdynia,City:Gdynia,837.2016347568075,520.2128169904722,
baseline,1924,WILNO (MIASTO),Stołpce,Border_Crossing:Stołpce,250.39049834082255,155.58539434453525,
baseline,1924,WILNO (MIASTO),Zbąszyń,Border_Crossing:Zbąszyń,767.7278481904344,477.0438207579384,
baseline,1924,WILNO (MIASTO),Zebrzydowice,Border_Crossing:Zebrzydowice,793.4842285084242,493.04808855250803,
baseline,1924,WOLSZTYŃSKI,Gdynia,City:Gdynia,361.83998675170665,224.8368744078947,
baseline,1924,WOLSZTYŃSKI,Stołpce,Border_Crossing:Stołpce,796.553856000421,494.95546605683757,
baseline,1924,WOLSZTYŃSKI,Zbąszyń,Border_Crossing:Zbąszyń,21.775089375324736,13.530409060234907,
baseline,1924,WOLSZTYŃSKI,Zebrzydowice,Border_Crossing:Zebrzydowice,557.2263295521612,346.24428162015596,
baseline,1924,WOŁKOWYSKI,Gdynia,City:Gdynia,697.8251525403008,433.6083128591192,
baseline,1924,WOŁKOWYSKI,Stołpce,Border_Crossing:Stołpce,187.03900895767592,116.22061603504004,
baseline,1924,WOŁKOWYSKI,Zbąszyń,Border_Crossing:Zbąszyń,628.3513659739277,390.4393166265855,
baseline,1924,WOŁKOWYSKI,Zebrzydowice,Border_Crossing:Zebrzydowice,601.4572408308762,373.7280871923224,
baseline,1924,WOŁOŻYŃSKI,Gdynia,City:Gdynia,933.3748190959058,579.972044716442,
baseline,1924,WOŁOŻYŃSKI,Stołpce,Border_Crossing:Stołpce,191.8378034163593,119.20244774662659,
baseline,1924,WOŁOŻYŃSKI,Zbąszyń,Border_Crossing:Zbąszyń,863.9010325295327,536.8030484839082,
baseline,1924,WOŁOŻYŃSKI,Zebrzydowice,Border_Crossing:Zebrzydowice,808.74396502631,502.53004629236324,
baseline,1924,WRZESIŃSKI,Gdynia,City:Gdynia,295.0018896489717,183.3056191730712,
baseline,1924,WRZESIŃSKI,Stołpce,Border_Crossing:Stołpce,692.1504382513006,430.0822099666489,
baseline,1924,WRZESIŃSKI,Zbąszyń,Border_Crossing:Zbąszyń,121.0818387036415,75.23674319712042,
baseline,1924,WRZESIŃSKI,Zebrzydowice,Border_Crossing:Zebrzydowice,492.09826086972157,305.77558845487977,
baseline,1924,WYRZYSKI,Gdynia,City:Gdynia,208.74966660341642,129.71098908703146,
baseline,1924,WYRZYSKI,Stołpce,Border_Crossing:Stołpce,755.4006292187946,469.38404437831167,
baseline,1924,WYRZYSKI,Zbąszyń,Border_Crossing:Zbąszyń,187.6088501628904,116.57469883456538,
baseline,1924,WYRZYSKI,Zebrzydowice,Border_Crossing:Zebrzydowice,560.0913593382338,348.0245280433577,
baseline,1924,WYSOKOMAZOWIECKI,Gdynia,City:Gdynia,601.4065911168163,373.6966149288473,
baseline,1924,WYSOKOMAZOWIECKI,Stołpce,Border_Crossing:Stołpce,302.2709746831744,187.82241780985876,
baseline,1924,WYSOKOMAZOWIECKI,Zbąszyń,Border_Crossing:Zbąszyń,531.9328045504434,330.52761869631354,
baseline,1924,WYSOKOMAZOWIECKI,Zebrzydowice,Border_Crossing:Zebrzydowice,557.6891848684329,346.53188649088304,
baseline,1924,WĄBRZESKI,Gdynia,City:Gdynia,252.66809428341537,157.0006264129801,
baseline,1924,WĄBRZESKI,Stołpce,Border_Crossing:Stołpce,661.4816896242894,411.02553896353436,
baseline,1924,WĄBRZESKI,Zbąszyń,Border_Crossing:Zbąszyń,248.1880565744068,154.21686090169572,
baseline,1924,WĄBRZESKI,Zebrzydowice,Border_Crossing:Zebrzydowice,515.2315646590174,320.1499525637383,
baseline,1924,WĄGROWIECKI,Gdynia,City:Gdynia,245.59006346292213,152.6025433240194,
baseline,1924,WĄGROWIECKI,Stołpce,Border_Crossing:Stołpce,756.9656402055291,470.35649682014986,
baseline,1924,WĄGROWIECKI,Zbąszyń,Border_Crossing:Zbąszyń,126.20824293432285,78.42214212034312,
baseline,1924,WĄGROWIECKI,Zebrzydowice,Border_Crossing:Zebrzydowice,559.791792624591,347.8383859749348,
baseline,1924,WĘGROWSKI,Gdynia,City:Gdynia,574.6329376692337,357.0602431124694,
baseline,1924,WĘGROWSKI,Stołpce,Border_Crossing:Stołpce,406.42215234958246,252.53893922761242,
baseline,1924,WĘGROWSKI,Zbąszyń,Border_Crossing:Zbąszyń,505.15915110286056,313.8912468799356,
baseline,1924,WĘGROWSKI,Zebrzydowice,Border_Crossing:Zebrzydowice,465.3848715790539,289.1766630379483,
baseline,1924,WŁOCŁAWSKI,Gdynia,City:Gdynia,324.62994710723115,201.71563486396732,
baseline,1924,WŁOCŁAWSKI,Stołpce,Border_Crossing:Stołpce,615.097889696474,382.2039908185878,
baseline,1924,WŁOCŁAWSKI,Zbąszyń,Border_Crossing:Zbąszyń,241.84506067859922,150.27550719892187,
baseline,1924,WŁOCŁAWSKI,Zebrzydowice,Border_Crossing:Zebrzydowice,419.788619815913,260.8444744836337,
baseline,1924,WŁODAWSKI,Gdynia,City:Gdynia,704.2330615940297,437.5900017157438,
baseline,1924,WŁODAWSKI,Stołpce,Border_Crossing:Stołpce,352.6421664272371,219.12161559505876,
baseline,1924,WŁODAWSKI,Zbąszyń,Border_Crossing:Zbąszyń,634.7592750276566,394.42100548321,
baseline,1924,WŁODAWSKI,Zebrzydowice,Border_Crossing:Zebrzydowice,495.96076714102145,308.17563783918365,
baseline,1924,WŁODZIMIERSKI,Gdynia,City:Gdynia,786.7597498587604,488.8696925294878,
baseline,1924,WŁODZIMIERSKI,Stołpce,Border_Crossing:Stołpce,439.67116515680806,273.198911564651,
baseline,1924,WŁODZIMIERSKI,Zbąszyń,Border_Crossing:Zbąszyń,715.7375882982435,444.73858097846784,
baseline,1924,WŁODZIMIERSKI,Zebrzydowice,Border_Crossing:Zebrzydowice,544.7280552254239,338.4782164034769,
baseline,1924,WŁOSZCZOWSKI,Gdynia,City:Gdynia,646.8653006641063,401.94333873895636,
baseline,1924,WŁOSZCZOWSKI,Stołpce,Border_Crossing:Stołpce,592.3737393601704,368.0838627999684,
baseline,1924,WŁOSZCZOWSKI,Zbąszyń,Border_Crossing:Zbąszyń,495.54107441015424,307.91485294731194,
baseline,1924,WŁOSZCZOWSKI,Zebrzydowice,Border_Crossing:Zebrzydowice,218.94681142410522,136.0471991614077,
baseline,1924,ZALESZCZYCKI,Gdynia,City:Gdynia,1065.3461945295376,661.9752302410133,
baseline,1924,ZALESZCZYCKI,Stołpce,Border_Crossing:Stołpce,702.2008902782042,436.32726939305803,
baseline,1924,ZALESZCZYCKI,Zbąszyń,Border_Crossing:Zbąszyń,950.3979501263844,590.5497246679816,
baseline,1924,ZALESZCZYCKI,Zebrzydowice,Border_Crossing:Zebrzydowice,626.7948960378396,389.4721713459285,
baseline,1924,ZAMOJSKI,Gdynia,City:Gdynia,699.9237373002438,434.9123125699898,
baseline,1924,ZAMOJSKI,Stołpce,Border_Crossing:Stołpce,434.1513288441226,269.7690453552013,
baseline,1924,ZAMOJSKI,Zbąszyń,Border_Crossing:Zbąszyń,628.9015757397269,390.78120101896985,
baseline,1924,ZAMOJSKI,Zebrzydowice,Border_Crossing:Zebrzydowice,476.2796461994026,295.94636003856897,
baseline,1924,ZBARASKI,Gdynia,City:Gdynia,981.5082897258877,609.8807874952646,
baseline,1924,ZBARASKI,Stołpce,Border_Crossing:Stołpce,566.3787635783262,351.93133870342814,
baseline,1924,ZBARASKI,Zbąszyń,Border_Crossing:Zbąszyń,880.3736931040561,547.0386820577604,
baseline,1924,ZBARASKI,Zebrzydowice,Border_Crossing:Zebrzydowice,571.0302669763526,354.82164802136316,
baseline,1924,ZBOROWSKI,Gdynia,City:Gdynia,926.9150616098724,575.958138747588,
baseline,1924,ZBOROWSKI,Stołpce,Border_Crossing:Stołpce,564.7218496824632,350.9017804590419,
baseline,1924,ZBOROWSKI,Zbąszyń,Border_Crossing:Zbąszyń,825.7804649880405,513.1160333100837,
baseline,1924,ZBOROWSKI,Zebrzydowice,Border_Crossing:Zebrzydowice,516.4370388603371,320.8989992736865,
baseline,1924,ZDOŁBUNOWSKI,Gdynia,City:Gdynia,929.3042230245463,577.4426943649854,
baseline,1924,ZDOŁBUNOWSKI,Stołpce,Border_Crossing:Stołpce,414.78997522937976,257.7384616982549,
baseline,1924,ZDOŁBUNOWSKI,Zbąszyń,Border_Crossing:Zbąszyń,858.282061464029,533.3115828139652,
baseline,1924,ZDOŁBUNOWSKI,Zebrzydowice,Border_Crossing:Zebrzydowice,637.2860373169217,395.99106229365293,
baseline,1924,ZŁOCZOWSKI,Gdynia,City:Gdynia,904.0357084430613,561.7415721909734,
baseline,1924,ZŁOCZOWSKI,Stołpce,Border_Crossing:Stołpce,543.1621203606818,337.5051898906372,
baseline,1924,ZŁOCZOWSKI,Zbąszyń,Border_Crossing:Zbąszyń,802.9011118212296,498.89946675346926,
baseline,1924,ZŁOCZOWSKI,Zebrzydowice,Border_Crossing:Zebrzydowice,493.557685693526,306.68243271707195,
baseline,1924,ŁASKI,Gdynia,City:Gdynia,467.12032136388484,290.2550212061985,
baseline,1924,ŁASKI,Stołpce,Border_Crossing:Stołpce,614.8722346752971,382.0637753324241,
baseline,1924,ŁASKI,Zbąszyń,Border_Crossing:Zbąszyń,255.57126238207243,158.80457087761073,
baseline,1924,ŁASKI,Zebrzydowice,Border_Crossing:Zebrzydowice,342.8384948490391,213.02989838284228,
baseline,1924,ŁAŃCUCKI,Gdynia,City:Gdynia,736.5547884709451,457.67378546697967,
baseline,1924,ŁAŃCUCKI,Stołpce,Border_Crossing:Stołpce,576.3778009430135,358.14445054976125,
baseline,1924,ŁAŃCUCKI,Zbąszyń,Border_Crossing:Zbąszyń,585.6598473261661,363.9120449929071,
baseline,1924,ŁAŃCUCKI,Zebrzydowice,Border_Crossing:Zebrzydowice,317.6109237473882,197.35421729983835,
baseline,1924,ŁOMŻYŃSKI,Gdynia,City:Gdynia,590.7255795247942,367.0597440749009,
baseline,1924,ŁOMŻYŃSKI,Stołpce,Border_Crossing:Stołpce,367.35128199410127,228.2614334439567,
baseline,1924,ŁOMŻYŃSKI,Zbąszyń,Border_Crossing:Zbąszyń,521.251792958421,323.89074784236703,
baseline,1924,ŁOMŻYŃSKI,Zebrzydowice,Border_Crossing:Zebrzydowice,557.0503147967938,346.13491115559856,
baseline,1924,ŁOWICKI,Gdynia,City:Gdynia,412.4609537589952,256.2912752981806,
baseline,1924,ŁOWICKI,Stołpce,Border_Crossing:Stołpce,519.1165669626585,322.56398033015404,
baseline,1924,ŁOWICKI,Zbąszyń,Border_Crossing:Zbąszyń,288.87973788463034,179.50149160911064,
baseline,1924,ŁOWICKI,Zebrzydowice,Border_Crossing:Zebrzydowice,326.5392135439534,202.90199765901988,
baseline,1924,ŁUCKI,Gdynia,City:Gdynia,832.3536269367065,517.2004055232883,
baseline,1924,ŁUCKI,Stołpce,Border_Crossing:Stołpce,435.2718373931318,270.4652968728077,
baseline,1924,ŁUCKI,Zbąszyń,Border_Crossing:Zbąszyń,761.3314653761896,473.0692939722683,
baseline,1924,ŁUCKI,Zebrzydowice,Border_Crossing:Zebrzydowice,608.7095358358653,378.23445299186744,
baseline,1924,ŁUKOWSKI,Gdynia,City:Gdynia,564.5918035589169,350.82097356920775,
baseline,1924,ŁUKOWSKI,Stołpce,Border_Crossing:Stołpce,369.0627099421941,229.3248651394911,
baseline,1924,ŁUKOWSKI,Zbąszyń,Border_Crossing:Zbąszyń,495.065392079053,307.6192777415533,
baseline,1924,ŁUKOWSKI,Zebrzydowice,Border_Crossing:Zebrzydowice,401.69813331505776,249.60357079611074,
baseline,1924,ŁUNINIECKI,Gdynia,City:Gdynia,885.4958416519721,550.2214366231276,
baseline,1924,ŁUNINIECKI,Stołpce,Border_Crossing:Stołpce,182.16626269890423,113.19283281948083,
baseline,1924,ŁUNINIECKI,Zbąszyń,Border_Crossing:Zbąszyń,816.0220550855987,507.0524403905936,
baseline,1924,ŁUNINIECKI,Zebrzydowice,Border_Crossing:Zebrzydowice,724.7395509633495,450.3321395216475,
baseline,1924,ŁÓDZKI,Gdynia,City:Gdynia,429.34810824514835,266.7844633683961,
baseline,1924,ŁÓDZKI,Stołpce,Border_Crossing:Stołpce,571.8993184228259,355.36165138770974,
baseline,1924,ŁÓDZKI,Zbąszyń,Border_Crossing:Zbąszyń,283.2169028593788,175.98277014663506,
baseline,1924,ŁÓDZKI,Zebrzydowice,Border_Crossing:Zebrzydowice,304.17444719293405,189.0051804267206,
baseline,1924,ŁÓDŹ (MIASTO),Gdynia,City:Gdynia,445.56552610752914,276.8614965229615,
baseline,1924,ŁÓDŹ (MIASTO),Stołpce,Border_Crossing:Stołpce,588.1167362852068,365.4386845422752,
baseline,1924,ŁÓDŹ (MIASTO),Zbąszyń,Border_Crossing:Zbąszyń,294.2412998535773,182.83301073131716,
baseline,1924,ŁÓDŹ (MIASTO),Zebrzydowice,Border_Crossing:Zebrzydowice,294.2979861872918,182.86823397518373,
baseline,1924,ŁĘCZYCKI,Gdynia,City:Gdynia,378.1035492422567,234.9425804962103,
baseline,1924,ŁĘCZYCKI,Stołpce,Border_Crossing:Stołpce,583.5034290754718,362.57210922805496,
baseline,1924,ŁĘCZYCKI,Zbąszyń,Border_Crossing:Zbąszyń,252.13162803906746,156.6672818462634,
baseline,1924,ŁĘCZYCKI,Zebrzydowice,Border_Crossing:Zebrzydowice,356.91589429161155,221.77718615187297,
baseline,1924,ŚNIATYŃSKI,Gdynia,City:Gdynia,1044.2701186385768,648.8791678885711,
baseline,1924,ŚNIATYŃSKI,Stołpce,Border_Crossing:Stołpce,768.8416422924599,477.7359001129081,
baseline,1924,ŚNIATYŃSKI,Zbąszyń,Border_Crossing:Zbąszyń,929.3218742354239,577.4536623155396,
baseline,1924,ŚNIATYŃSKI,Zebrzydowice,Border_Crossing:Zebrzydowice,605.7188201468794,376.3761089934866,
baseline,1924,ŚREDZKI,Gdynia,City:Gdynia,328.02875777569733,203.82755724784283,
baseline,1924,ŚREDZKI,Stołpce,Border_Crossing:Stołpce,756.8377438278828,470.2770257200754,
baseline,1924,ŚREDZKI,Zbąszyń,Border_Crossing:Zbąszyń,106.01665951912892,65.87567774206066,
baseline,1924,ŚREDZKI,Zebrzydowice,Border_Crossing:Zebrzydowice,509.65256802426796,316.6833258458074,
baseline,1924,ŚREMSKI,Gdynia,City:Gdynia,347.4965005706159,215.9242480560642,
baseline,1924,ŚREMSKI,Stołpce,Border_Crossing:Stołpce,780.738646173403,485.1283533114136,
baseline,1924,ŚREMSKI,Zbąszyń,Border_Crossing:Zbąszyń,104.64972187697632,65.02630233241865,
baseline,1924,ŚREMSKI,Zebrzydowice,Border_Crossing:Zebrzydowice,560.6331928748868,348.3612076898613,
baseline,1924,ŚWIECKI,Gdynia,City:Gdynia,183.21133694119848,113.84221164648945,
baseline,1924,ŚWIECKI,Stołpce,Border_Crossing:Stołpce,696.1681171961714,432.5786791503022,
baseline,1924,ŚWIECKI,Zbąszyń,Border_Crossing:Zbąszyń,247.74420386202127,153.941063697948,
baseline,1924,ŚWIECKI,Zebrzydowice,Border_Crossing:Zebrzydowice,554.7245712548096,344.68976156517226,
baseline,1924,ŚWIĘCIAŃSKI,Gdynia,City:Gdynia,924.4900667174027,574.4513172462592,
baseline,1924,ŚWIĘCIAŃSKI,Stołpce,Border_Crossing:Stołpce,337.67893030141715,209.8238946003219,
baseline,1924,ŚWIĘCIAŃSKI,Zbąszyń,Border_Crossing:Zbąszyń,855.0162801510293,531.2823210137252,
baseline,1924,ŚWIĘCIAŃSKI,Zebrzydowice,Border_Crossing:Zebrzydowice,880.772660469019,547.2865888082948,
baseline,1924,ŚWIĘTOCHŁOWICKI,Gdynia,City:Gdynia,666.4664021466994,414.1228947682967,
baseline,1924,ŚWIĘTOCHŁOWICKI,Stołpce,Border_Crossing:Stołpce,687.543208686389,427.2194111246702,
baseline,1924,ŚWIĘTOCHŁOWICKI,Zbąszyń,Border_Crossing:Zbąszyń,515.1421758927473,320.0944089766523,
baseline,1924,ŚWIĘTOCHŁOWICKI,Zebrzydowice,Border_Crossing:Zebrzydowice,80.12564567948635,49.787752581508116,
baseline,1924,ŻNIŃSKI,Gdynia,City:Gdynia,253.1945891340461,157.32777504481137,
baseline,1924,ŻNIŃSKI,Stołpce,Border_Crossing:Stołpce,739.6602068659088,459.6034024004766,
baseline,1924,ŻNIŃSKI,Zbąszyń,Border_Crossing:Zbąszyń,159.21988744960075,98.93462068444587,
baseline,1924,ŻNIŃSKI,Zebrzydowice,Border_Crossing:Zebrzydowice,542.6437864598814,337.183112236363,
baseline,1924,ŻYDACZOWSKI,Gdynia,City:Gdynia,899.3758450680687,558.8460682257909,
baseline,1924,ŻYDACZOWSKI,Stołpce,Border_Crossing:Stołpce,623.9473687219515,387.70280045012777,
baseline,1924,ŻYDACZOWSKI,Zbąszyń,Border_Crossing:Zbąszyń,798.2412484462368,496.00396278828663,
baseline,1924,ŻYDACZOWSKI,Zebrzydowice,Border_Crossing:Zebrzydowice,477.33940223145123,296.6048617039591,
baseline,1924,ŻYWIECKI,Gdynia,City:Gdynia,735.4850382163487,457.0090736815308,
baseline,1924,ŻYWIECKI,Stołpce,Border_Crossing:Stołpce,750.4006032745483,466.27717325730936,
baseline,1924,ŻYWIECKI,Zbąszyń,Border_Crossing:Zbąszyń,584.1608119623965,362.98058788988624,
baseline,1924,ŻYWIECKI,Zebrzydowice,Border_Crossing:Zebrzydowice,65.88300916490138,40.93779128780393,
baseline,1924,ŻÓŁKIEWSKI,Gdynia,City:Gdynia,817.3164615642283,507.85674703862617,
baseline,1924,ŻÓŁKIEWSKI,Stołpce,Border_Crossing:Stołpce,547.7621131981404,340.36349204004165,
baseline,1924,ŻÓŁKIEWSKI,Zbąszyń,Border_Crossing:Zbąszyń,746.2943000037114,463.72563548760616,
baseline,1924,ŻÓŁKIEWSKI,Zebrzydowice,Border_Crossing:Zebrzydowice,454.80889992348835,282.6050609543579,
baseline,1938,AUGUSTOWSKI,Gdynia,City:Gdynia,701.5106630782848,435.8983822276169,
baseline,1938,AUGUSTOWSKI,Stołpce,Border_Crossing:Stołpce,328.6586461529433,204.21895161870052,
baseline,1938,AUGUSTOWSKI,Zbąszyń,Border_Crossing:Zbąszyń,683.5699932078672,424.75057024956567,
baseline,1938,AUGUSTOWSKI,Zebrzydowice,Border_Crossing:Zebrzydowice,690.608754689421,429.1242525101202,
baseline,1938,BARANOWICKI,Gdynia,City:Gdynia,760.4667693034243,472.53199690883804,
baseline,1938,BARANOWICKI,Stołpce,Border_Crossing:Stołpce,74.70398502590074,46.41888987952897,
baseline,1938,BARANOWICKI,Zbąszyń,Border_Crossing:Zbąszyń,742.5260994330067,461.38418493078683,
baseline,1938,BARANOWICKI,Zebrzydowice,Border_Crossing:Zebrzydowice,688.5402029501545,427.8389144473404,
baseline,1938,BIALSKI (BIAŁA KRAKOWSKA),Gdynia,City:Gdynia,569.4270869037733,353.82547841648454,
baseline,1938,BIALSKI (BIAŁA KRAKOWSKA),Stołpce,Border_Crossing:Stołpce,730.4154661937627,453.8589886442845,
baseline,1938,BIALSKI (BIAŁA KRAKOWSKA),Zbąszyń,Border_Crossing:Zbąszyń,412.3935795344639,256.2494109089094,
baseline,1938,BIALSKI (BIAŁA KRAKOWSKA),Zebrzydowice,Border_Crossing:Zebrzydowice,47.254082274194076,29.36231635679825,
baseline,1938,BIALSKI (BIAŁA PODLASKA),Gdynia,City:Gdynia,568.5336643246314,353.27033153506056,
baseline,1938,BIALSKI (BIAŁA PODLASKA),Stołpce,Border_Crossing:Stołpce,309.5044457984718,192.31708699024222,
baseline,1938,BIALSKI (BIAŁA PODLASKA),Zbąszyń,Border_Crossing:Zbąszyń,536.1971941469868,333.1773867243073,
baseline,1938,BIALSKI (BIAŁA PODLASKA),Zebrzydowice,Border_Crossing:Zebrzydowice,449.34552496302155,279.21027819179767,
baseline,1938,BIAŁOSTOCKI,Gdynia,City:Gdynia,563.6684710919664,350.2472415508862,
baseline,1938,BIAŁOSTOCKI,Stołpce,Border_Crossing:Stołpce,266.49684829472227,165.59341312173987,
baseline,1938,BIAŁOSTOCKI,Zbąszyń,Border_Crossing:Zbąszyń,545.7278012215488,339.099429572835,
baseline,1938,BIAŁOSTOCKI,Zebrzydowice,Border_Crossing:Zebrzydowice,552.7665627031024,343.47311183338945,
baseline,1938,BIELSKI (BIELSK PODLASKI),Gdynia,City:Gdynia,603.4890622294437,374.99060208657164,
baseline,1938,BIELSKI (BIELSK PODLASKI),Stołpce,Border_Crossing:Stołpce,282.8862448709838,175.77730886172805,
baseline,1938,BIELSKI (BIELSK PODLASKI),Zbąszyń,Border_Crossing:Zbąszyń,571.152592051799,354.8976572758184,
baseline,1938,BIELSKI (BIELSK PODLASKI),Zebrzydowice,Border_Crossing:Zebrzydowice,535.8091474662764,332.93626577026765,
baseline,1938,BIELSKO,Gdynia,City:Gdynia,571.3610785983826,355.0272047697556,
baseline,1938,BIELSKO,Stołpce,Border_Crossing:Stołpce,733.353518766255,455.6846093093066,
baseline,1938,BIELSKO,Zbąszyń,Border_Crossing:Zbąszyń,414.3275712290733,257.4511372621805,
baseline,1938,BIELSKO,Zebrzydowice,Border_Crossing:Zebrzydowice,27.50046798533376,17.087993292514824,
baseline,1938,BIŁGORAJSKI,Gdynia,City:Gdynia,696.5986747831544,432.8462151486834,
baseline,1938,BIŁGORAJSKI,Stołpce,Border_Crossing:Stołpce,471.99047246551936,293.28119186637224,
baseline,1938,BIŁGORAJSKI,Zbąszyń,Border_Crossing:Zbąszyń,664.1720450049909,412.6972477767962,
baseline,1938,BIŁGORAJSKI,Zebrzydowice,Border_Crossing:Zebrzydowice,514.1187898207992,319.4585065497398,
baseline,1938,BOCHEŃSKI,Gdynia,City:Gdynia,621.6258661260871,386.2602860606329,
baseline,1938,BOCHEŃSKI,Stołpce,Border_Crossing:Stołpce,679.04379785292,421.93812371566673,
baseline,1938,BOCHEŃSKI,Zbąszyń,Border_Crossing:Zbąszyń,464.59235875677786,288.6842185530578,
baseline,1938,BOCHEŃSKI,Zebrzydowice,Border_Crossing:Zebrzydowice,139.38927488827903,86.61245312660483,
baseline,1938,BORSZCZOWSKI,Gdynia,City:Gdynia,1036.256320734142,643.8996262708946,
baseline,1938,BORSZCZOWSKI,Stołpce,Border_Crossing:Stołpce,697.7321719393465,433.5505374101237,
baseline,1938,BORSZCZOWSKI,Zbąszyń,Border_Crossing:Zbąszyń,969.9914095658778,602.7245321533591,
baseline,1938,BORSZCZOWSKI,Zebrzydowice,Border_Crossing:Zebrzydowice,666.9425041230934,414.41873072947067,
baseline,1938,BRASŁAWSKI,Gdynia,City:Gdynia,956.1233311062886,594.1073103728456,
baseline,1938,BRASŁAWSKI,Stołpce,Border_Crossing:Stołpce,393.8729685777722,244.7412403581389,
baseline,1938,BRASŁAWSKI,Zbąszyń,Border_Crossing:Zbąszyń,938.1826612358714,582.9594983947947,
baseline,1938,BRASŁAWSKI,Zebrzydowice,Border_Crossing:Zebrzydowice,945.2214227174248,587.333180655349,
baseline,1938,BRODNICKI,Gdynia,City:Gdynia,212.16498367784166,131.83316807288415,
baseline,1938,BRODNICKI,Stołpce,Border_Crossing:Stołpce,606.821902717535,377.0615325134974,
baseline,1938,BRODNICKI,Zbąszyń,Border_Crossing:Zbąszyń,275.312240170937,171.07104198725528,
baseline,1938,BRODNICKI,Zebrzydowice,Border_Crossing:Zebrzydowice,456.5454655085557,283.68411244851677,
baseline,1938,BRODZKI,Gdynia,City:Gdynia,877.2202838380348,545.0792449887235,
baseline,1938,BRODZKI,Stołpce,Border_Crossing:Stołpce,474.33269935837734,294.7365837330143,
baseline,1938,BRODZKI,Zbąszyń,Border_Crossing:Zbąszyń,810.9553726697707,503.9041508711881,
baseline,1938,BRODZKI,Zebrzydowice,Border_Crossing:Zebrzydowice,507.9064672269863,315.5983494472997,
baseline,1938,BRZESKI (BRZESKO),Gdynia,City:Gdynia,677.0292004031942,420.6863112837332,
baseline,1938,BRZESKI (BRZESKO),Stołpce,Border_Crossing:Stołpce,658.5643746519481,409.21280404185563,
baseline,1938,BRZESKI (BRZESKO),Zbąszyń,Border_Crossing:Zbąszyń,519.9956930338851,323.1102437761582,
baseline,1938,BRZESKI (BRZESKO),Zebrzydowice,Border_Crossing:Zebrzydowice,194.79260916538618,121.03847834970519,
baseline,1938,BRZESKI (BRZEŚĆ N.BUG.),Gdynia,City:Gdynia,602.9748553102322,374.6710888189743,
baseline,1938,BRZESKI (BRZEŚĆ N.BUG.),Stołpce,Border_Crossing:Stołpce,267.1609027263974,166.00603728800428,
baseline,1938,BRZESKI (BRZEŚĆ N.BUG.),Zbąszyń,Border_Crossing:Zbąszyń,570.6383851325879,354.5781440082213,
baseline,1938,BRZESKI (BRZEŚĆ N.BUG.),Zebrzydowice,Border_Crossing:Zebrzydowice,484.4631214162898,301.03133421756144,
baseline,1938,BRZEZIŃSKI,Gdynia,City:Gdynia,400.8675269192878,249.08745606936478,
baseline,1938,BRZEZIŃSKI,Stołpce,Border_Crossing:Stołpce,548.035701758507,340.53349203738526,
baseline,1938,BRZEZIŃSKI,Zbąszyń,Border_Crossing:Zbąszyń,317.83366561084625,197.49262263427715,
baseline,1938,BRZEZIŃSKI,Zebrzydowice,Border_Crossing:Zebrzydowice,281.35176058745935,174.8238248279902,
baseline,1938,BRZEŻAŃSKI,Gdynia,City:Gdynia,885.9539880160663,550.5061154875311,
baseline,1938,BRZEŻAŃSKI,Stołpce,Border_Crossing:Stołpce,647.6962489823402,402.4596659264057,
baseline,1938,BRZEŻAŃSKI,Zbąszyń,Border_Crossing:Zbąszyń,819.6890768478019,509.3310213699955,
baseline,1938,BRZEŻAŃSKI,Zebrzydowice,Border_Crossing:Zebrzydowice,516.6401714050174,321.0252199461071,
baseline,1938,BRZOZOWSKI,Gdynia,City:Gdynia,722.2115414547238,448.7613077252632,
baseline,1938,BRZOZOWSKI,Stołpce,Border_Crossing:Stołpce,637.7029728034736,396.25013391386716,
baseline,1938,BRZOZOWSKI,Zbąszyń,Border_Crossing:Zbąszyń,635.1109256885878,394.6395110060435,
baseline,1938,BRZOZOWSKI,Zebrzydowice,Border_Crossing:Zebrzydowice,330.0719881964809,205.09716137763553,
baseline,1938,BUCZACKI,Gdynia,City:Gdynia,971.782900297845,603.8377125409722,
baseline,1938,BUCZACKI,Stołpce,Border_Crossing:Stołpce,680.4701566922433,422.82442173401597,
baseline,1938,BUCZACKI,Zbąszyń,Border_Crossing:Zbąszyń,891.7043413482594,554.0792182879093,
baseline,1938,BUCZACKI,Zebrzydowice,Border_Crossing:Zebrzydowice,574.395807944634,356.9128975783652,
baseline,1938,BYDGOSKI,Gdynia,City:Gdynia,177.98554832406498,110.59505814767257,
baseline,1938,BYDGOSKI,Stołpce,Border_Crossing:Stołpce,687.8580027713898,427.41501504006123,
baseline,1938,BYDGOSKI,Zbąszyń,Border_Crossing:Zbąszyń,195.10921728856366,121.2352094558121,
baseline,1938,BYDGOSKI,Zebrzydowice,Border_Crossing:Zebrzydowice,423.96985074366864,263.44257012644414,
baseline,1938,BÓBRECKI,Gdynia,City:Gdynia,858.8421425417245,533.6596009532939,
baseline,1938,BÓBRECKI,Stołpce,Border_Crossing:Stołpce,624.3677968083971,387.9640422706305,
baseline,1938,BÓBRECKI,Zbąszyń,Border_Crossing:Zbąszyń,792.5772313734601,492.4845068357583,
baseline,1938,BÓBRECKI,Zebrzydowice,Border_Crossing:Zebrzydowice,478.5779339218775,297.37444937897095,
baseline,1938,BĘDZIŃSKI,Gdynia,City:Gdynia,527.7110257100951,327.9043277565075,
baseline,1938,BĘDZIŃSKI,Stołpce,Border_Crossing:Stołpce,682.8803814695519,424.32206551411696,
baseline,1938,BĘDZIŃSKI,Zbąszyń,Border_Crossing:Zbąszyń,370.6775183407859,230.32826024893248,
baseline,1938,BĘDZIŃSKI,Zebrzydowice,Border_Crossing:Zebrzydowice,97.63469787176435,60.667369851276085,
baseline,1938,BŁOŃSKI,Gdynia,City:Gdynia,420.67667581407926,261.39628672727025,
baseline,1938,BŁOŃSKI,Stołpce,Border_Crossing:Stołpce,470.7181646641243,292.49061669551156,
baseline,1938,BŁOŃSKI,Zbąszyń,Border_Crossing:Zbąszyń,340.34043310118244,211.47767525651483,
baseline,1938,BŁOŃSKI,Zebrzydowice,Border_Crossing:Zebrzydowice,339.9278639882941,211.2213167742703,
baseline,1938,CHEŁMIŃSKI,Gdynia,City:Gdynia,206.77251440473958,128.48244404818743,
baseline,1938,CHEŁMIŃSKI,Stołpce,Border_Crossing:Stołpce,677.4043538436232,420.919420752166,
baseline,1938,CHEŁMIŃSKI,Zbąszyń,Border_Crossing:Zbąszyń,238.71476403463356,148.3304316429643,
baseline,1938,CHEŁMIŃSKI,Zebrzydowice,Border_Crossing:Zebrzydowice,437.5715943018984,271.8942991229649,
baseline,1938,CHEŁMSKI,Gdynia,City:Gdynia,631.0967591378848,392.1452243222666,
baseline,1938,CHEŁMSKI,Stołpce,Border_Crossing:Stołpce,375.17571261777726,233.12330772502088,
baseline,1938,CHEŁMSKI,Zbąszyń,Border_Crossing:Zbąszyń,598.6701293597217,371.99625695037963,
baseline,1938,CHEŁMSKI,Zebrzydowice,Border_Crossing:Zebrzydowice,448.6168741755302,278.75751572332337,
baseline,1938,CHODZIESKI,Gdynia,City:Gdynia,247.22245363285768,153.6168632363024,
baseline,1938,CHODZIESKI,Stołpce,Border_Crossing:Stołpce,757.3663899076298,470.6055110632939,
baseline,1938,CHODZIESKI,Zbąszyń,Border_Crossing:Zbąszyń,150.52080192517067,93.52926121304523,
baseline,1938,CHODZIESKI,Zebrzydowice,Border_Crossing:Zebrzydowice,461.006959584238,286.45635548381756,
baseline,1938,CHOJNICKI,Gdynia,City:Gdynia,131.21034369892743,81.53030247454623,
baseline,1938,CHOJNICKI,Stołpce,Border_Crossing:Stołpce,749.7907881290944,465.8982518105635,
baseline,1938,CHOJNICKI,Zbąszyń,Border_Crossing:Zbąszyń,248.846468672289,154.6259790853689,
baseline,1938,CHOJNICKI,Zebrzydowice,Border_Crossing:Zebrzydowice,507.3612791096463,315.25958536164006,
baseline,1938,CHORZÓW,Gdynia,City:Gdynia,506.350486194723,314.6315079573012,
baseline,1938,CHORZÓW,Stołpce,Border_Crossing:Stołpce,685.3442811238115,425.85306130618386,
baseline,1938,CHORZÓW,Zbąszyń,Border_Crossing:Zbąszyń,349.3169788254136,217.0554404497261,
baseline,1938,CHORZÓW,Zebrzydowice,Border_Crossing:Zebrzydowice,76.60620997178007,47.600877296374954,
baseline,1938,CHRZANOWSKI,Gdynia,City:Gdynia,550.5047284030384,342.06767359252433,
baseline,1938,CHRZANOWSKI,Stołpce,Border_Crossing:Stołpce,678.7946908294084,421.78333583536033,
baseline,1938,CHRZANOWSKI,Zbąszyń,Border_Crossing:Zbąszyń,393.471221033729,244.49160608494924,
baseline,1938,CHRZANOWSKI,Zebrzydowice,Border_Crossing:Zebrzydowice,73.86186673412692,45.89562199445118,
baseline,1938,CIECHANOWSKI,Gdynia,City:Gdynia,311.76408973399117,193.72116420209983,
baseline,1938,CIECHANOWSKI,Stołpce,Border_Crossing:Stołpce,508.0367911264376,315.67932893902565,
baseline,1938,CIECHANOWSKI,Zbąszyń,Border_Crossing:Zbąszyń,374.91134622708637,232.95903811647088,
baseline,1938,CIECHANOWSKI,Zebrzydowice,Border_Crossing:Zebrzydowice,457.6528169920992,284.37218854719765,
baseline,1938,CIESZYŃSKI,Gdynia,City:Gdynia,592.3616957921896,368.0763792760887,
baseline,1938,CIESZYŃSKI,Stołpce,Border_Crossing:Stołpce,754.354135960062,468.73378381563964,
baseline,1938,CIESZYŃSKI,Zbąszyń,Border_Crossing:Zbąszyń,435.3281884228804,270.5003117685136,
baseline,1938,CIESZYŃSKI,Zebrzydowice,Border_Crossing:Zebrzydowice,33.312821736923496,20.69962135549389,
baseline,1938,CZARNKOWSKI,Gdynia,City:Gdynia,290.4894604396968,180.50172652287486,
baseline,1938,CZARNKOWSKI,Stołpce,Border_Crossing:Stołpce,798.4509624484928,496.1342729875824,
baseline,1938,CZARNKOWSKI,Zbąszyń,Border_Crossing:Zbąszyń,160.1624928395696,99.5203283382162,
baseline,1938,CZARNKOWSKI,Zebrzydowice,Border_Crossing:Zebrzydowice,472.2034146630803,293.4135079726129,
baseline,1938,CZORTKOWSKI,Gdynia,City:Gdynia,989.8648854345622,615.0733337273593,
baseline,1938,CZORTKOWSKI,Stołpce,Border_Crossing:Stołpce,651.3407366397666,404.72424486658844,
baseline,1938,CZORTKOWSKI,Zbąszyń,Border_Crossing:Zbąszyń,914.3080229633352,568.1244905367506,
baseline,1938,CZORTKOWSKI,Zebrzydowice,Border_Crossing:Zebrzydowice,596.9994895597098,370.9581698272064,
baseline,1938,CZĘSTOCHOWSKI,Gdynia,City:Gdynia,512.300250623529,318.3285190301928,
baseline,1938,CZĘSTOCHOWSKI,Stołpce,Border_Crossing:Stołpce,649.9845749616665,403.88156532850564,
baseline,1938,CZĘSTOCHOWSKI,Zbąszyń,Border_Crossing:Zbąszyń,425.3696205627005,264.31234649866576,
baseline,1938,CZĘSTOCHOWSKI,Zebrzydowice,Border_Crossing:Zebrzydowice,157.62159468701884,97.94148791226759,
baseline,1938,DOBROMILSKI,Gdynia,City:Gdynia,771.5279468060685,479.40509183483357,
baseline,1938,DOBROMILSKI,Stołpce,Border_Crossing:Stołpce,677.7262545868814,421.1194405389051,
baseline,1938,DOBROMILSKI,Zbąszyń,Border_Crossing:Zbąszyń,682.2117988052432,423.9066276354128,
baseline,1938,DOBROMILSKI,Zebrzydowice,Border_Crossing:Zebrzydowice,343.39073394589605,213.3730437426954,
baseline,1938,DOLIŃSKI,Gdynia,City:Gdynia,872.1652764698377,541.9382100053396,
baseline,1938,DOLIŃSKI,Stołpce,Border_Crossing:Stołpce,669.0311002195378,415.7165237745144,
baseline,1938,DOLIŃSKI,Zbąszyń,Border_Crossing:Zbąszyń,789.0725323367868,490.30678849064157,
baseline,1938,DOLIŃSKI,Zebrzydowice,Border_Crossing:Zebrzydowice,471.7639989331615,293.14046778109747,
baseline,1938,DROHICKI,Gdynia,City:Gdynia,712.1457581537616,442.50672188976097,
baseline,1938,DROHICKI,Stołpce,Border_Crossing:Stołpce,259.40081816638303,161.1841457848636,
baseline,1938,DROHICKI,Zbąszyń,Border_Crossing:Zbąszyń,679.8092879761169,422.4137770790078,
baseline,1938,DROHICKI,Zebrzydowice,Border_Crossing:Zebrzydowice,592.9576187921516,368.4466685464981,
baseline,1938,DROHOBYCKI,Gdynia,City:Gdynia,807.3024515368058,501.6343316138766,
baseline,1938,DROHOBYCKI,Stołpce,Border_Crossing:Stołpce,652.4754550320617,405.42932596872726,
baseline,1938,DROHOBYCKI,Zbąszyń,Border_Crossing:Zbąszyń,724.2097074037553,450.00291009917885,
baseline,1938,DROHOBYCKI,Zebrzydowice,Border_Crossing:Zebrzydowice,406.90117400012974,252.8365893896346,
baseline,1938,DUBIEŃSKI,Gdynia,City:Gdynia,904.35972200472,561.9429048217949,
baseline,1938,DUBIEŃSKI,Stołpce,Border_Crossing:Stołpce,432.03462110514516,268.4537845507252,
baseline,1938,DUBIEŃSKI,Zbąszyń,Border_Crossing:Zbąszyń,868.0938471476011,539.408341895952,
baseline,1938,DUBIEŃSKI,Zebrzydowice,Border_Crossing:Zebrzydowice,565.0449417048169,351.10254047206377,
baseline,1938,DZIAŁDOWSKI,Gdynia,City:Gdynia,268.28055640068254,166.7017576112485,
baseline,1938,DZIAŁDOWSKI,Stołpce,Border_Crossing:Stołpce,570.1776296066234,354.2918438862972,
baseline,1938,DZIAŁDOWSKI,Zbąszyń,Border_Crossing:Zbąszyń,331.42781289377774,205.93963152561957,
baseline,1938,DZIAŁDOWSKI,Zebrzydowice,Border_Crossing:Zebrzydowice,512.6324260554038,318.5349232104723,
baseline,1938,DZIŚNIEŃSKI,Gdynia,City:Gdynia,968.4019646315614,601.736897165078,
baseline,1938,DZIŚNIEŃSKI,Stołpce,Border_Crossing:Stołpce,266.6578343714789,165.6934452012402,
baseline,1938,DZIŚNIEŃSKI,Zbąszyń,Border_Crossing:Zbąszyń,950.4612947611442,590.589085187027,
baseline,1938,DZIŚNIEŃSKI,Zebrzydowice,Border_Crossing:Zebrzydowice,947.0230249886594,588.4526440602283,
baseline,1938,DĄBROWSKI,Gdynia,City:Gdynia,682.7709889343461,424.25409216512355,
baseline,1938,DĄBROWSKI,Stołpce,Border_Crossing:Stołpce,661.4813788610578,411.02534586427436,
baseline,1938,DĄBROWSKI,Zbąszyń,Border_Crossing:Zbąszyń,525.7374815650371,326.6780246575487,
baseline,1938,DĄBROWSKI,Zebrzydowice,Border_Crossing:Zebrzydowice,200.53439769653818,124.60625923109562,
baseline,1938,GARWOLIŃSKI,Gdynia,City:Gdynia,465.5635219480303,289.28767119636956,
baseline,1938,GARWOLIŃSKI,Stołpce,Border_Crossing:Stołpce,452.9536444261077,281.452258990695,
baseline,1938,GARWOLIŃSKI,Zbąszyń,Border_Crossing:Zbąszyń,433.136892169867,269.13870382448243,
baseline,1938,GARWOLIŃSKI,Zebrzydowice,Border_Crossing:Zebrzydowice,391.7592938778954,243.42786419620174,
baseline,1938,GNIEŹNIEŃSKI,Gdynia,City:Gdynia,256.649671673776,159.4746631376059,
baseline,1938,GNIEŹNIEŃSKI,Stołpce,Border_Crossing:Stołpce,699.359143384238,434.56149028380736,
baseline,1938,GNIEŹNIEŃSKI,Zbąszyń,Border_Crossing:Zbąszyń,123.51845312037133,76.75078473385825,
baseline,1938,GNIEŹNIEŃSKI,Zebrzydowice,Border_Crossing:Zebrzydowice,386.0251917005516,239.86485939216345,
baseline,1938,GORLICKI,Gdynia,City:Gdynia,711.6917438082827,442.2246105418964,
baseline,1938,GORLICKI,Stołpce,Border_Crossing:Stołpce,690.4021337349943,428.9958642410472,
baseline,1938,GORLICKI,Zbąszyń,Border_Crossing:Zbąszyń,554.6582364389737,344.64854303432156,
baseline,1938,GORLICKI,Zebrzydowice,Border_Crossing:Zebrzydowice,214.89545838190747,133.52980587022424,
baseline,1938,GOSTYNIŃSKI,Gdynia,City:Gdynia,324.2555372449505,201.48298743343216,
baseline,1938,GOSTYNIŃSKI,Stołpce,Border_Crossing:Stołpce,589.5717436276542,366.3427839096591,
baseline,1938,GOSTYNIŃSKI,Zbąszyń,Border_Crossing:Zbąszyń,274.73720062797895,170.7137290914079,
baseline,1938,GOSTYNIŃSKI,Zebrzydowice,Border_Crossing:Zebrzydowice,356.77300756255255,221.68840048215085,
baseline,1938,GOSTYŃSKI,Gdynia,City:Gdynia,360.52026449471606,224.0168372693462,
baseline,1938,GOSTYŃSKI,Stołpce,Border_Crossing:Stołpce,758.6183551062089,471.38344593070013,
baseline,1938,GOSTYŃSKI,Zbąszyń,Border_Crossing:Zbąszyń,103.74375156326025,64.46335865261459,
baseline,1938,GOSTYŃSKI,Zebrzydowice,Border_Crossing:Zebrzydowice,340.3984604441509,211.51373176464247,
baseline,1938,GRODZIEŃSKI,Gdynia,City:Gdynia,649.4578241506189,403.55425765029423,
baseline,1938,GRODZIEŃSKI,Stołpce,Border_Crossing:Stołpce,267.9789820714092,166.51436806869359,
baseline,1938,GRODZIEŃSKI,Zbąszyń,Border_Crossing:Zbąszyń,631.5171542802017,392.4064456722432,
baseline,1938,GRODZIEŃSKI,Zebrzydowice,Border_Crossing:Zebrzydowice,638.0472720723064,396.4640714948411,
baseline,1938,GRUDZIĄDZKI,Gdynia,City:Gdynia,167.92861344429832,104.34597046449709,
baseline,1938,GRUDZIĄDZKI,Stołpce,Border_Crossing:Stołpce,652.9623453079557,405.73186546634975,
baseline,1938,GRUDZIĄDZKI,Zbąszyń,Border_Crossing:Zbąszyń,264.79811991414294,164.5378725691709,
baseline,1938,GRUDZIĄDZKI,Zebrzydowice,Border_Crossing:Zebrzydowice,449.80284417767365,279.49444308952525,
baseline,1938,GRÓDECKI,Gdynia,City:Gdynia,813.554653914468,505.51926885748685,
baseline,1938,GRÓDECKI,Stołpce,Border_Crossing:Stołpce,585.6162985809632,363.8849850655517,
baseline,1938,GRÓDECKI,Zbąszyń,Border_Crossing:Zbąszyń,744.6314627825461,462.69239666065346,
baseline,1938,GRÓDECKI,Zebrzydowice,Border_Crossing:Zebrzydowice,441.5825573397616,274.386595236765,
baseline,1938,GRÓJECKI,Gdynia,City:Gdynia,449.4770603218681,279.2920104492595,
baseline,1938,GRÓJECKI,Stołpce,Border_Crossing:Stołpce,485.713183683711,301.8080866587312,
baseline,1938,GRÓJECKI,Zbąszyń,Border_Crossing:Zbąszyń,404.1174536219258,251.10686627450966,
baseline,1938,GRÓJECKI,Zebrzydowice,Border_Crossing:Zebrzydowice,346.53108132046714,215.32436453117998,
baseline,1938,HOROCHOWSKI,Gdynia,City:Gdynia,835.5072464288821,519.1599732207609,
baseline,1938,HOROCHOWSKI,Stołpce,Border_Crossing:Stołpce,490.93519885925383,305.0528954503734,
baseline,1938,HOROCHOWSKI,Zbąszyń,Border_Crossing:Zbąszyń,802.5254724530915,498.66605534364993,
baseline,1938,HOROCHOWSKI,Zebrzydowice,Border_Crossing:Zebrzydowice,546.0979201473875,339.32941073990236,
baseline,1938,HORODEŃSKI,Gdynia,City:Gdynia,1011.3922155275785,628.449792354587,
baseline,1938,HORODEŃSKI,Stołpce,Border_Crossing:Stołpce,720.0488176659668,447.41745388191947,
baseline,1938,HORODEŃSKI,Zbąszyń,Border_Crossing:Zbąszyń,931.313656577993,578.6912981015241,
baseline,1938,HORODEŃSKI,Zebrzydowice,Border_Crossing:Zebrzydowice,614.0051231743676,381.52497739198,
baseline,1938,HRUBIESZOWSKI,Gdynia,City:Gdynia,709.495171606848,440.8597242765187,
baseline,1938,HRUBIESZOWSKI,Stołpce,Border_Crossing:Stołpce,482.73431309622254,299.9571028629129,
baseline,1938,HRUBIESZOWSKI,Zbąszyń,Border_Crossing:Zbąszyń,677.0685418286844,420.71075690463147,
baseline,1938,HRUBIESZOWSKI,Zebrzydowice,Border_Crossing:Zebrzydowice,527.0152866444928,327.47201567757514,
baseline,1938,INOWROCŁAWSKI,Gdynia,City:Gdynia,219.96880522782507,136.6822364732189,
baseline,1938,INOWROCŁAWSKI,Stołpce,Border_Crossing:Stołpce,672.9586203303043,418.15697087326146,
baseline,1938,INOWROCŁAWSKI,Zbąszyń,Border_Crossing:Zbąszyń,180.62094772824608,112.23261891084799,
baseline,1938,INOWROCŁAWSKI,Zebrzydowice,Border_Crossing:Zebrzydowice,375.88222916874577,233.56231662081274,
baseline,1938,IWACEWICKI,Gdynia,City:Gdynia,742.7514608063444,461.5242179526991,
baseline,1938,IWACEWICKI,Stołpce,Border_Crossing:Stołpce,139.67945593608255,86.79276321445954,
baseline,1938,IWACEWICKI,Zbąszyń,Border_Crossing:Zbąszyń,710.4149906287,441.43127314194595,
baseline,1938,IWACEWICKI,Zebrzydowice,Border_Crossing:Zebrzydowice,623.5633214447346,387.4641646094362,
baseline,1938,IŁŻECKI,Gdynia,City:Gdynia,556.2090530090683,345.6121754772978,
baseline,1938,IŁŻECKI,Stołpce,Border_Crossing:Stołpce,558.8698951328054,347.2655456085664,
baseline,1938,IŁŻECKI,Zbąszyń,Border_Crossing:Zbąszyń,473.1163088760177,293.9807539626,
baseline,1938,IŁŻECKI,Zebrzydowice,Border_Crossing:Zebrzydowice,299.4923317667218,186.0958496822197,
baseline,1938,JANOWSKI,Gdynia,City:Gdynia,607.4260582900085,377.43693726572087,
baseline,1938,JANOWSKI,Stołpce,Border_Crossing:Stołpce,488.4132769005633,303.4858462809799,
baseline,1938,JANOWSKI,Zbąszyń,Border_Crossing:Zbąszyń,570.0282521125819,354.19902504344714,
baseline,1938,JANOWSKI,Zebrzydowice,Border_Crossing:Zebrzydowice,345.3254944138081,214.57524778940234,
baseline,1938,JAROCIŃSKI,Gdynia,City:Gdynia,329.0490724555458,204.46155120077495,
baseline,1938,JAROCIŃSKI,Stołpce,Border_Crossing:Stołpce,729.1468114926219,453.07068340398195,
baseline,1938,JAROCIŃSKI,Zbąszyń,Border_Crossing:Zbąszyń,141.07726030086826,87.6613183104108,
baseline,1938,JAROCIŃSKI,Zebrzydowice,Border_Crossing:Zebrzydowice,317.3886198183486,197.21608408514712,
baseline,1938,JAROSŁAWSKI,Gdynia,City:Gdynia,694.9976183051702,431.85136508390195,
baseline,1938,JAROSŁAWSKI,Stołpce,Border_Crossing:Stołpce,605.4901208602566,376.2340018890585,
baseline,1938,JAROSŁAWSKI,Zbąszyń,Border_Crossing:Zbąszyń,613.158370871852,380.9988300670135,
baseline,1938,JAROSŁAWSKI,Zebrzydowice,Border_Crossing:Zebrzydowice,312.00866432064396,193.87313575758284,
baseline,1938,JASIELSKI,Gdynia,City:Gdynia,736.1614278506175,457.4293625849661,
baseline,1938,JASIELSKI,Stołpce,Border_Crossing:Stołpce,679.0772924942229,421.9589363144278,
baseline,1938,JASIELSKI,Zbąszyń,Border_Crossing:Zbąszyń,579.1279204813086,359.8532950773912,
baseline,1938,JASIELSKI,Zebrzydowice,Border_Crossing:Zebrzydowice,239.36514242424232,148.73455791329388,
baseline,1938,JAWOROWSKI,Gdynia,City:Gdynia,842.2908143129757,523.3750855804681,
baseline,1938,JAWOROWSKI,Stołpce,Border_Crossing:Stołpce,608.0265441053454,377.8100617372825,
baseline,1938,JAWOROWSKI,Zbąszyń,Border_Crossing:Zbąszyń,776.0259031447117,482.19999146293264,
baseline,1938,JAWOROWSKI,Zebrzydowice,Border_Crossing:Zebrzydowice,472.97699770192725,293.89419003904425,
baseline,1938,JĘDRZEJOWSKI,Gdynia,City:Gdynia,567.912283752414,352.88422366752127,
baseline,1938,JĘDRZEJOWSKI,Stołpce,Border_Crossing:Stołpce,570.809812282593,354.6846638678471,
baseline,1938,JĘDRZEJOWSKI,Zbąszyń,Border_Crossing:Zbąszyń,460.46561376671906,286.11997889184,
baseline,1938,JĘDRZEJOWSKI,Zebrzydowice,Border_Crossing:Zebrzydowice,176.20664081280566,109.48969660849387,
baseline,1938,KALISKI,Gdynia,City:Gdynia,408.8858380381481,254.06980206760213,
baseline,1938,KALISKI,Stołpce,Border_Crossing:Stołpce,690.9737092171896,429.35102466999433,
baseline,1938,KALISKI,Zbąszyń,Border_Crossing:Zbąszyń,195.592952251459,121.53578833344133,
baseline,1938,KALISKI,Zebrzydowice,Border_Crossing:Zebrzydowice,312.28165650970374,194.0427651870911,
baseline,1938,KAMIONECKI,Gdynia,City:Gdynia,836.8962594128782,520.0230656076395,
baseline,1938,KAMIONECKI,Stołpce,Border_Crossing:Stołpce,528.8064557491249,328.5849962152895,
baseline,1938,KAMIONECKI,Zbąszyń,Border_Crossing:Zbąszyń,770.6313482446138,478.84797149010393,
baseline,1938,KAMIONECKI,Zebrzydowice,Border_Crossing:Zebrzydowice,467.5824428018294,290.54217006621553,
baseline,1938,KARTUSKI,Gdynia,City:Gdynia,44.72783920966579,27.792582177549242,
baseline,1938,KARTUSKI,Stołpce,Border_Crossing:Stołpce,787.8137528238967,489.52461940593753,
baseline,1938,KARTUSKI,Zbąszyń,Border_Crossing:Zbąszyń,327.19300327598313,203.3082436386009,
baseline,1938,KARTUSKI,Zebrzydowice,Border_Crossing:Zebrzydowice,553.8947463027541,344.1741324048886,
baseline,1938,KATOWICE,Gdynia,City:Gdynia,516.5383360504972,320.9619424100335,
baseline,1938,KATOWICE,Stołpce,Border_Crossing:Stołpce,687.8366919352384,427.40177310449104,
baseline,1938,KATOWICE,Zbąszyń,Border_Crossing:Zbąszyń,359.5048286811879,223.38587490245843,
baseline,1938,KATOWICE,Zebrzydowice,Border_Crossing:Zebrzydowice,79.47923781646352,49.38609348125376,
baseline,1938,KAŁUSKI,Gdynia,City:Gdynia,888.1486352003071,551.86980560305,
baseline,1938,KAŁUSKI,Stołpce,Border_Crossing:Stołpce,681.088898377484,423.20888987371563,
baseline,1938,KAŁUSKI,Zbąszyń,Border_Crossing:Zbąszyń,805.435985214441,500.4745635686824,
baseline,1938,KAŁUSKI,Zebrzydowice,Border_Crossing:Zebrzydowice,488.12745181081556,303.30824285913826,
baseline,1938,KIELECKI,Gdynia,City:Gdynia,536.8925831165728,333.609481263728,
baseline,1938,KIELECKI,Stołpce,Border_Crossing:Stołpce,539.5534252403099,335.26285139499663,
baseline,1938,KIELECKI,Zbąszyń,Border_Crossing:Zbąszyń,453.79983898352225,281.9780597490302,
baseline,1938,KIELECKI,Zebrzydowice,Border_Crossing:Zebrzydowice,212.68117451444687,132.15391408921636,
baseline,1938,KOBRYŃSKI,Gdynia,City:Gdynia,664.5617305472266,412.9393870718608,
baseline,1938,KOBRYŃSKI,Stołpce,Border_Crossing:Stołpce,277.43117220411995,172.38768490364623,
baseline,1938,KOBRYŃSKI,Zbąszyń,Border_Crossing:Zbąszyń,632.2252603695823,392.84644226110777,
baseline,1938,KOBRYŃSKI,Zebrzydowice,Border_Crossing:Zebrzydowice,545.3735911856169,338.87933372859794,
baseline,1938,KOLBUSZOWSKI,Gdynia,City:Gdynia,631.3770486556286,392.31938810019665,
baseline,1938,KOLBUSZOWSKI,Stołpce,Border_Crossing:Stołpce,579.7913852084474,360.2655528183582,
baseline,1938,KOLBUSZOWSKI,Zbąszyń,Border_Crossing:Zbąszyń,547.3992241377921,340.13800330172404,
baseline,1938,KOLBUSZOWSKI,Zebrzydowice,Border_Crossing:Zebrzydowice,307.11772128536967,190.83404559281144,
baseline,1938,KOLSKI,Gdynia,City:Gdynia,291.431445326541,181.08704861399812,
baseline,1938,KOLSKI,Stołpce,Border_Crossing:Stołpce,601.3893909954123,373.68592727221034,
baseline,1938,KOLSKI,Zbąszyń,Border_Crossing:Zbąszyń,205.2254519944723,127.52114433125726,
baseline,1938,KOLSKI,Zebrzydowice,Border_Crossing:Zebrzydowice,299.86768661793883,186.32908430147526,
baseline,1938,KONECKI,Gdynia,City:Gdynia,475.59029572092464,295.5180176424067,
baseline,1938,KONECKI,Stołpce,Border_Crossing:Stołpce,534.9205324386016,332.38410616190635,
baseline,1938,KONECKI,Zbąszyń,Border_Crossing:Zbąszyń,392.4975515878738,243.8865961277087,
baseline,1938,KONECKI,Zebrzydowice,Border_Crossing:Zebrzydowice,272.62418724513697,169.40076385269802,
baseline,1938,KONIŃSKI,Gdynia,City:Gdynia,317.97074650317705,197.57780072542565,
baseline,1938,KONIŃSKI,Stołpce,Border_Crossing:Stołpce,644.6514608963173,400.56772290860556,
baseline,1938,KONIŃSKI,Zbąszyń,Border_Crossing:Zbąszyń,172.62987474318203,107.26719789904575,
baseline,1938,KONIŃSKI,Zebrzydowice,Border_Crossing:Zebrzydowice,337.39354391752283,209.6465637775751,
baseline,1938,KOPYCZYNIECKI,Gdynia,City:Gdynia,978.1060502397678,607.7667345435348,
baseline,1938,KOPYCZYNIECKI,Stołpce,Border_Crossing:Stołpce,639.5819014449722,397.41764568276386,
baseline,1938,KOPYCZYNIECKI,Zbąszyń,Border_Crossing:Zbąszyń,911.8411390715036,566.5916404259992,
baseline,1938,KOPYCZYNIECKI,Zebrzydowice,Border_Crossing:Zebrzydowice,608.792233628719,378.2858390021108,
baseline,1938,KOSOWSKI (KOSÓW HUCULSKI),Gdynia,City:Gdynia,1007.8151153630059,626.2270860482264,
baseline,1938,KOSOWSKI (KOSÓW HUCULSKI),Stołpce,Border_Crossing:Stołpce,773.5508451553754,480.6620622050408,
baseline,1938,KOSOWSKI (KOSÓW HUCULSKI),Zbąszyń,Border_Crossing:Zbąszyń,927.7365564134202,576.4685917951633,
baseline,1938,KOSOWSKI (KOSÓW HUCULSKI),Zebrzydowice,Border_Crossing:Zebrzydowice,610.428023009795,379.3022710856193,
baseline,1938,KOSTOPOLSKI,Gdynia,City:Gdynia,886.1552108117443,550.6311494973044,
baseline,1938,KOSTOPOLSKI,Stołpce,Border_Crossing:Stołpce,351.50373103134075,218.41422485467524,
baseline,1938,KOSTOPOLSKI,Zbąszyń,Border_Crossing:Zbąszyń,853.7285810335808,530.4821821254171,
baseline,1938,KOSTOPOLSKI,Zebrzydowice,Border_Crossing:Zebrzydowice,656.3988942737259,407.86723733375936,
baseline,1938,KOSZYRSKI,Gdynia,City:Gdynia,807.8477160157726,501.97314314843663,
baseline,1938,KOSZYRSKI,Stołpce,Border_Crossing:Stołpce,320.29768793551665,199.02369465017992,
baseline,1938,KOSZYRSKI,Zbąszyń,Border_Crossing:Zbąszyń,775.4952358756823,481.8702502113086,
baseline,1938,KOSZYRSKI,Zebrzydowice,Border_Crossing:Zebrzydowice,677.4206352173375,420.9295375256322,
baseline,1938,KOWELSKI,Gdynia,City:Gdynia,725.3873297439008,450.73465047029737,
baseline,1938,KOWELSKI,Stołpce,Border_Crossing:Stołpce,397.5959276823034,247.05457917988056,
baseline,1938,KOWELSKI,Zbąszyń,Border_Crossing:Zbąszyń,692.9616299882055,430.5862609874012,
baseline,1938,KOWELSKI,Zebrzydowice,Border_Crossing:Zebrzydowice,543.5603175218283,337.752618058856,
baseline,1938,KOZIENICKI,Gdynia,City:Gdynia,525.468955262016,326.5111702001142,
baseline,1938,KOZIENICKI,Stołpce,Border_Crossing:Stołpce,441.11963083561346,274.098946131956,
baseline,1938,KOZIENICKI,Zbąszyń,Border_Crossing:Zbąszyń,493.04232548385284,306.3622028282271,
baseline,1938,KOZIENICKI,Zebrzydowice,Border_Crossing:Zebrzydowice,342.71202916757954,212.95131627588808,
baseline,1938,KOŁOMYJSKI,Gdynia,City:Gdynia,963.4859128762718,598.6822051698418,
baseline,1938,KOŁOMYJSKI,Stołpce,Border_Crossing:Stołpce,729.221642668641,453.1171813266562,
baseline,1938,KOŁOMYJSKI,Zbąszyń,Border_Crossing:Zbąszyń,883.4073539266859,548.9237109167788,
baseline,1938,KOŁOMYJSKI,Zebrzydowice,Border_Crossing:Zebrzydowice,566.0988205230605,351.7573902072346,
baseline,1938,KOŚCIAŃSKI,Gdynia,City:Gdynia,327.4202913236556,203.4494738400712,
baseline,1938,KOŚCIAŃSKI,Stołpce,Border_Crossing:Stołpce,770.1003710011521,478.51803762935685,
baseline,1938,KOŚCIAŃSKI,Zbąszyń,Border_Crossing:Zbąszyń,68.78716845074732,42.74235164740931,
baseline,1938,KOŚCIAŃSKI,Zebrzydowice,Border_Crossing:Zebrzydowice,382.0381542370055,237.38742993640233,
baseline,1938,KOŚCIERSKI,Gdynia,City:Gdynia,69.22002150274685,43.011313981183314,
baseline,1938,KOŚCIERSKI,Stołpce,Border_Crossing:Stołpce,761.6742127255294,473.28226723547493,
baseline,1938,KOŚCIERSKI,Zbąszyń,Border_Crossing:Zbąszyń,302.6626077784458,188.06576725790066,
baseline,1938,KOŚCIERSKI,Zebrzydowice,Border_Crossing:Zebrzydowice,528.827117017382,328.59783452820767,
baseline,1938,KRAKOWSKI,Gdynia,City:Gdynia,590.6105093992229,366.98824283590454,
baseline,1938,KRAKOWSKI,Stołpce,Border_Crossing:Stołpce,659.8454069735691,410.0088003765736,
baseline,1938,KRAKOWSKI,Zbąszyń,Border_Crossing:Zbąszyń,433.5770020299136,269.41217532832945,
baseline,1938,KRAKOWSKI,Zebrzydowice,Border_Crossing:Zebrzydowice,108.12810510099868,67.18766879471265,
baseline,1938,KRAKÓW (MIASTO),Gdynia,City:Gdynia,590.3271623056812,366.8121791690435,
baseline,1938,KRAKÓW (MIASTO),Stołpce,Border_Crossing:Stołpce,659.3196188470931,409.6820908826371,
baseline,1938,KRAKÓW (MIASTO),Zbąszyń,Border_Crossing:Zbąszyń,433.29365493637187,269.2361116614683,
baseline,1938,KRAKÓW (MIASTO),Zebrzydowice,Border_Crossing:Zebrzydowice,108.09057106787303,67.16434623501533,
baseline,1938,KRASNOSTAWSKI,Gdynia,City:Gdynia,640.6020771269809,398.0515532664693,
baseline,1938,KRASNOSTAWSKI,Stołpce,Border_Crossing:Stołpce,415.99387480934604,258.48652998415815,
baseline,1938,KRASNOSTAWSKI,Zbąszyń,Border_Crossing:Zbąszyń,608.1754473488177,377.9025858945822,
baseline,1938,KRASNOSTAWSKI,Zebrzydowice,Border_Crossing:Zebrzydowice,458.1221921646261,284.6638446675259,
baseline,1938,KROTOSZYŃSKI,Gdynia,City:Gdynia,344.90620045283134,214.31471068157626,
baseline,1938,KROTOSZYŃSKI,Stołpce,Border_Crossing:Stołpce,733.7840884321896,455.9521528131981,
baseline,1938,KROTOSZYŃSKI,Zbąszyń,Border_Crossing:Zbąszyń,140.53741858132864,87.32587632129876,
baseline,1938,KROTOSZYŃSKI,Zebrzydowice,Border_Crossing:Zebrzydowice,314.1483439237806,195.20267061226346,
baseline,1938,KROŚNIEŃSKI,Gdynia,City:Gdynia,755.8614068710879,469.67035824889473,
baseline,1938,KROŚNIEŃSKI,Stołpce,Border_Crossing:Stołpce,698.777271514693,434.1999319783563,
baseline,1938,KROŚNIEŃSKI,Zbąszyń,Border_Crossing:Zbąszyń,598.8278995017789,372.09429074131987,
baseline,1938,KROŚNIEŃSKI,Zebrzydowice,Border_Crossing:Zebrzydowice,259.06512144471253,160.97555357722248,
baseline,1938,KRZEMIENIECKI,Gdynia,City:Gdynia,937.2994753985022,582.4107123278427,
baseline,1938,KRZEMIENIECKI,Stołpce,Border_Crossing:Stołpce,463.94943374182213,288.2847235935898,
baseline,1938,KRZEMIENIECKI,Zbąszyń,Border_Crossing:Zbąszyń,901.6540178338988,560.2616587154675,
baseline,1938,KRZEMIENIECKI,Zebrzydowice,Border_Crossing:Zebrzydowice,598.6051123911146,371.9558572915793,
baseline,1938,KUTNOWSKI,Gdynia,City:Gdynia,323.54663892688495,201.04249857663743,
baseline,1938,KUTNOWSKI,Stołpce,Border_Crossing:Stołpce,559.3539744304868,347.566338445846,
baseline,1938,KUTNOWSKI,Zbąszyń,Border_Crossing:Zbąszyń,243.2974967695613,151.17800886519908,
baseline,1938,KUTNOWSKI,Zebrzydowice,Border_Crossing:Zebrzydowice,325.68338517906153,202.37021073209866,
baseline,1938,KĘPIŃSKI,Gdynia,City:Gdynia,413.9573429372154,257.2210881382405,
baseline,1938,KĘPIŃSKI,Stołpce,Border_Crossing:Stołpce,736.98890591718,457.94353345866404,
baseline,1938,KĘPIŃSKI,Zbąszyń,Border_Crossing:Zbąszyń,200.66445715052643,124.68707440407975,
baseline,1938,KĘPIŃSKI,Zebrzydowice,Border_Crossing:Zebrzydowice,231.5196993514405,143.85962710570394,
baseline,1938,LESKI,Gdynia,City:Gdynia,852.8606189559496,529.9428556612773,
baseline,1938,LESKI,Stołpce,Border_Crossing:Stołpce,759.0589267367621,471.6572043653486,
baseline,1938,LESKI,Zbąszyń,Border_Crossing:Zbąszyń,698.8839316403757,434.26620748731193,
baseline,1938,LESKI,Zebrzydowice,Border_Crossing:Zebrzydowice,359.12115358330965,223.14747032321472,
baseline,1938,LESZCZYŃSKI,Gdynia,City:Gdynia,353.99212693482417,219.96044190561864,
baseline,1938,LESZCZYŃSKI,Stołpce,Border_Crossing:Stołpce,781.7096594272709,485.73171278798276,
baseline,1938,LESZCZYŃSKI,Zbąszyń,Border_Crossing:Zbąszyń,66.37524185463016,41.2436504064534,
baseline,1938,LESZCZYŃSKI,Zebrzydowice,Border_Crossing:Zebrzydowice,362.79097534199445,225.42779113923044,
baseline,1938,LIDZKI,Gdynia,City:Gdynia,756.6383028175173,470.1530988600236,
baseline,1938,LIDZKI,Stołpce,Border_Crossing:Stołpce,169.88846282684838,105.5637640351816,
baseline,1938,LIDZKI,Zbąszyń,Border_Crossing:Zbąszyń,738.6976329471,459.0052868819725,
baseline,1938,LIDZKI,Zebrzydowice,Border_Crossing:Zebrzydowice,714.3419490583823,443.87137122835605,
baseline,1938,LIMANOWSKI,Gdynia,City:Gdynia,670.4188744457384,416.5788464332229,
baseline,1938,LIMANOWSKI,Stołpce,Border_Crossing:Stołpce,730.113910562581,453.67161072018155,
baseline,1938,LIMANOWSKI,Zbąszyń,Border_Crossing:Zbąszyń,513.3853670764294,319.002778925648,
baseline,1938,LIMANOWSKI,Zebrzydowice,Border_Crossing:Zebrzydowice,162.39892936867312,100.90998514074178,
baseline,1938,LIPNOWSKI,Gdynia,City:Gdynia,257.36433465572816,159.91873398936445,
baseline,1938,LIPNOWSKI,Stołpce,Border_Crossing:Stołpce,589.5847167421099,366.3508450267616,
baseline,1938,LIPNOWSKI,Zbąszyń,Border_Crossing:Zbąszyń,254.55618466182625,158.17383101950364,
baseline,1938,LIPNOWSKI,Zebrzydowice,Border_Crossing:Zebrzydowice,434.6361885459882,270.07032311300924,
baseline,1938,LUBACZOWSKI,Gdynia,City:Gdynia,779.0485898682269,484.0782013350101,
baseline,1938,LUBACZOWSKI,Stołpce,Border_Crossing:Stołpce,554.440387550592,344.51317805269895,
baseline,1938,LUBACZOWSKI,Zbąszyń,Border_Crossing:Zbąszyń,746.6219600900635,463.92923396312284,
baseline,1938,LUBACZOWSKI,Zebrzydowice,Border_Crossing:Zebrzydowice,520.3383371118044,323.32315286949904,
baseline,1938,LUBARTOWSKI,Gdynia,City:Gdynia,586.5968495064345,364.4942709746627,
baseline,1938,LUBARTOWSKI,Stołpce,Border_Crossing:Stołpce,434.520622238469,269.9985135609397,
baseline,1938,LUBARTOWSKI,Zbąszyń,Border_Crossing:Zbąszyń,554.1702197282711,344.3453036027756,
baseline,1938,LUBARTOWSKI,Zebrzydowice,Border_Crossing:Zebrzydowice,404.11696454407956,251.10656237571925,
baseline,1938,LUBAWSKI,Gdynia,City:Gdynia,245.43682053908043,152.50732261518894,
baseline,1938,LUBAWSKI,Stołpce,Border_Crossing:Stołpce,604.6823436506977,375.7320725565777,
baseline,1938,LUBAWSKI,Zbąszyń,Border_Crossing:Zbąszyń,321.4915306889609,199.76551391573034,
baseline,1938,LUBAWSKI,Zebrzydowice,Border_Crossing:Zebrzydowice,506.4962549524917,314.72208443608474,
baseline,1938,LUBELSKI,Gdynia,City:Gdynia,563.360331735035,350.05577269053043,
baseline,1938,LUBELSKI,Stołpce,Border_Crossing:Stołpce,444.3475503455897,276.1046817057894,
baseline,1938,LUBELSKI,Zbąszyń,Border_Crossing:Zbąszyń,530.9337019568715,329.9068053186432,
baseline,1938,LUBELSKI,Zebrzydowice,Border_Crossing:Zebrzydowice,380.88044677267993,236.6680640915869,
baseline,1938,LUBLINIECKI,Gdynia,City:Gdynia,473.2542859501183,294.06648891511094,
baseline,1938,LUBLINIECKI,Stołpce,Border_Crossing:Stołpce,721.5229314622001,448.3334254455987,
baseline,1938,LUBLINIECKI,Zbąszyń,Border_Crossing:Zbąszyń,316.2207785808091,196.49042140753593,
baseline,1938,LUBLINIECKI,Zebrzydowice,Border_Crossing:Zebrzydowice,122.04972363122666,75.83815882245894,
baseline,1938,LUBOMELSKI,Gdynia,City:Gdynia,681.3164256134309,423.3502686998431,
baseline,1938,LUBOMELSKI,Stołpce,Border_Crossing:Stołpce,425.3953790933232,264.3283521025973,
baseline,1938,LUBOMELSKI,Zbąszyń,Border_Crossing:Zbąszyń,648.8897958352674,403.20130132795595,
baseline,1938,LUBOMELSKI,Zebrzydowice,Border_Crossing:Zebrzydowice,498.8365406510759,309.9625601008997,
baseline,1938,LWOWSKI,Gdynia,City:Gdynia,797.6164750401516,495.6157467121741,
baseline,1938,LWOWSKI,Stołpce,Border_Crossing:Stołpce,563.4245148428508,350.09565421241706,
baseline,1938,LWOWSKI,Zbąszyń,Border_Crossing:Zbąszyń,731.2237957094916,454.3612611638025,
baseline,1938,LWOWSKI,Zebrzydowice,Border_Crossing:Zebrzydowice,428.17489026670694,266.05545973991394,
baseline,1938,LWÓW (MIASTO),Gdynia,City:Gdynia,789.9088494248266,490.82645167595393,
baseline,1938,LWÓW (MIASTO),Stołpce,Border_Crossing:Stołpce,555.6445792171961,345.2614278327684,
baseline,1938,LWÓW (MIASTO),Zbąszyń,Border_Crossing:Zbąszyń,723.6439382565625,449.6513575584185,
baseline,1938,LWÓW (MIASTO),Zebrzydowice,Border_Crossing:Zebrzydowice,420.595032813778,261.34555613453006,
baseline,1938,M. ST. WARSZAWA,Gdynia,City:Gdynia,399.5439347021434,248.26501424980557,
baseline,1938,M. ST. WARSZAWA,Stołpce,Border_Crossing:Stołpce,435.7800580639864,270.7810904592773,
baseline,1938,M. ST. WARSZAWA,Zbąszyń,Border_Crossing:Zbąszyń,361.0033298644307,224.3170000811912,
baseline,1938,M. ST. WARSZAWA,Zebrzydowice,Border_Crossing:Zebrzydowice,368.04209134598443,228.69068234174568,
baseline,1938,MAKOWSKI (MAKÓW MAZOWIECKI),Gdynia,City:Gdynia,348.7842627505009,216.72442612954148,
baseline,1938,MAKOWSKI (MAKÓW MAZOWIECKI),Stołpce,Border_Crossing:Stołpce,575.3344496908569,357.49614233885745,
baseline,1938,MAKOWSKI (MAKÓW MAZOWIECKI),Zbąszyń,Border_Crossing:Zbąszyń,411.93151924359614,255.9623000439126,
baseline,1938,MAKOWSKI (MAKÓW MAZOWIECKI),Zebrzydowice,Border_Crossing:Zebrzydowice,524.9504755565187,326.18900194702957,
baseline,1938,MIECHOWSKI,Gdynia,City:Gdynia,598.9718862011458,372.18375990069217,
baseline,1938,MIECHOWSKI,Stołpce,Border_Crossing:Stołpce,618.5614100100822,384.35612189937484,
baseline,1938,MIECHOWSKI,Zbąszyń,Border_Crossing:Zbąszyń,442.2495361936834,274.80103655420527,
baseline,1938,MIECHOWSKI,Zebrzydowice,Border_Crossing:Zebrzydowice,150.52476894268298,93.53172620268387,
baseline,1938,MIELECKI,Gdynia,City:Gdynia,632.4869462518409,393.0090462794526,
baseline,1938,MIELECKI,Stołpce,Border_Crossing:Stołpce,582.7713541986639,362.11721912977794,
baseline,1938,MIELECKI,Zbąszyń,Border_Crossing:Zbąszyń,549.3942021187902,341.3776247647548,
baseline,1938,MIELECKI,Zebrzydowice,Border_Crossing:Zebrzydowice,237.5551034444278,147.60985218236755,
baseline,1938,MIĘDZYCHODZKI,Gdynia,City:Gdynia,365.1996426788291,226.92446717098673,
baseline,1938,MIĘDZYCHODZKI,Stołpce,Border_Crossing:Stołpce,808.1054893171116,502.13331600246295,
baseline,1938,MIĘDZYCHODZKI,Zbąszyń,Border_Crossing:Zbąszyń,49.33311813855419,30.654168950871558,
baseline,1938,MIĘDZYCHODZKI,Zebrzydowice,Border_Crossing:Zebrzydowice,465.45022460189693,289.2172715111053,
baseline,1938,MIŃSKI,Gdynia,City:Gdynia,439.7752546206283,273.26358973887443,
baseline,1938,MIŃSKI,Stołpce,Border_Crossing:Stołpce,413.7524623744743,257.0937812980895,
baseline,1938,MIŃSKI,Zbąszyń,Border_Crossing:Zbąszyń,407.43878444298394,253.1706449281214,
baseline,1938,MIŃSKI,Zebrzydowice,Border_Crossing:Zebrzydowice,414.20457416780647,257.3747104552241,
baseline,1938,MOGILEŃSKI,Gdynia,City:Gdynia,242.29156006410844,150.55294896859513,
baseline,1938,MOGILEŃSKI,Stołpce,Border_Crossing:Stołpce,694.429753975822,431.4985106577105,
baseline,1938,MOGILEŃSKI,Zbąszyń,Border_Crossing:Zbąszyń,164.9957092191371,102.52354883320443,
baseline,1938,MOGILEŃSKI,Zebrzydowice,Border_Crossing:Zebrzydowice,394.0641130688077,244.86001200167811,
baseline,1938,MORSKI,Gdynia,City:Gdynia,12.41675890592726,7.715413898134927,
baseline,1938,MORSKI,Stołpce,Border_Crossing:Stołpce,825.8626306752853,513.1670886853327,
baseline,1938,MORSKI,Zbąszyń,Border_Crossing:Zbąszyń,365.24188112737147,226.95071291799593,
baseline,1938,MORSKI,Zebrzydowice,Border_Crossing:Zebrzydowice,591.9436241541426,367.81660168428374,
baseline,1938,MOŁODECZAŃSKI,Gdynia,City:Gdynia,869.4817803373179,540.2707633299796,
baseline,1938,MOŁODECZAŃSKI,Stołpce,Border_Crossing:Stołpce,145.5050598922645,90.4126245703163,
baseline,1938,MOŁODECZAŃSKI,Zbąszyń,Border_Crossing:Zbąszyń,851.5411104669001,529.1229513519282,
baseline,1938,MOŁODECZAŃSKI,Zebrzydowice,Border_Crossing:Zebrzydowice,827.1854265781826,513.9890356983119,
baseline,1938,MOŚCISKI,Gdynia,City:Gdynia,751.4335919151604,466.9190424419151,
baseline,1938,MOŚCISKI,Stołpce,Border_Crossing:Stołpce,650.1086766603056,403.95867852509076,
baseline,1938,MOŚCISKI,Zbąszyń,Border_Crossing:Zbąszyń,669.3082199838818,415.8887179596046,
baseline,1938,MOŚCISKI,Zebrzydowice,Border_Crossing:Zebrzydowice,366.2593145410973,227.58291653571618,
baseline,1938,MYŚLENICKI,Gdynia,City:Gdynia,643.6279894060242,399.9317674052107,
baseline,1938,MYŚLENICKI,Stołpce,Border_Crossing:Stołpce,746.0624290062891,463.5815575740669,
baseline,1938,MYŚLENICKI,Zbąszyń,Border_Crossing:Zbąszyń,486.5944820367149,302.3556998976356,
baseline,1938,MYŚLENICKI,Zebrzydowice,Border_Crossing:Zebrzydowice,136.97122641145972,85.10994792651515,
baseline,1938,MŁAWSKI,Gdynia,City:Gdynia,287.2023562951118,178.45921533344995,
baseline,1938,MŁAWSKI,Stołpce,Border_Crossing:Stołpce,547.091161986786,339.9465824148912,
baseline,1938,MŁAWSKI,Zbąszyń,Border_Crossing:Zbąszyń,350.34961278820714,217.69708924782105,
baseline,1938,MŁAWSKI,Zebrzydowice,Border_Crossing:Zebrzydowice,496.7071878524476,308.6394420230632,
baseline,1938,NADWÓRNIAŃSKI,Gdynia,City:Gdynia,966.6339589840837,600.6383097278991,
baseline,1938,NADWÓRNIAŃSKI,Stołpce,Border_Crossing:Stołpce,732.3696887764531,455.07328588471347,
baseline,1938,NADWÓRNIAŃSKI,Zbąszyń,Border_Crossing:Zbąszyń,886.5554000344981,550.8798154748362,
baseline,1938,NADWÓRNIAŃSKI,Zebrzydowice,Border_Crossing:Zebrzydowice,569.2468666308727,353.713494765292,
baseline,1938,NIESZAWSKI,Gdynia,City:Gdynia,256.7045047442186,159.50873481741985,
baseline,1938,NIESZAWSKI,Stołpce,Border_Crossing:Stołpce,632.8669895919245,393.2451941897237,
baseline,1938,NIESZAWSKI,Zbąszyń,Border_Crossing:Zbąszyń,225.2095929993361,139.93871001159047,
baseline,1938,NIESZAWSKI,Zebrzydowice,Border_Crossing:Zebrzydowice,357.1994329224668,221.95336883446615,
baseline,1938,NIEŚWIESKI,Gdynia,City:Gdynia,803.3026297462214,499.1489583480394,
baseline,1938,NIEŚWIESKI,Stołpce,Border_Crossing:Stołpce,109.71736662743355,68.17518981865501,
baseline,1938,NIEŚWIESKI,Zbąszyń,Border_Crossing:Zbąszyń,785.361959875804,488.0011463699882,
baseline,1938,NIEŚWIESKI,Zebrzydowice,Border_Crossing:Zebrzydowice,731.3760633929514,454.45587588654166,
baseline,1938,NIŻAŃSKI,Gdynia,City:Gdynia,620.9573874867143,385.84491282000715,
baseline,1938,NIŻAŃSKI,Stołpce,Border_Crossing:Stołpce,534.8771176554301,332.35712947467226,
baseline,1938,NIŻAŃSKI,Zbąszyń,Border_Crossing:Zbąszyń,537.8646433536635,334.2134913053093,
baseline,1938,NIŻAŃSKI,Zebrzydowice,Border_Crossing:Zebrzydowice,313.1618856548897,194.58971405126448,
baseline,1938,NOWOGRÓDZKI,Gdynia,City:Gdynia,817.7102634045488,508.1014440819479,
baseline,1938,NOWOGRÓDZKI,Stołpce,Border_Crossing:Stołpce,131.94747912702516,81.98833705263876,
baseline,1938,NOWOGRÓDZKI,Zbąszyń,Border_Crossing:Zbąszyń,799.7695935341311,496.95363210389655,
baseline,1938,NOWOGRÓDZKI,Zebrzydowice,Border_Crossing:Zebrzydowice,745.7836970512789,463.4083616204502,
baseline,1938,NOWOSĄDECKI,Gdynia,City:Gdynia,692.7258687482268,430.4397657899545,
baseline,1938,NOWOSĄDECKI,Stołpce,Border_Crossing:Stołpce,704.4519743888802,437.7260277779929,
baseline,1938,NOWOSĄDECKI,Zbąszyń,Border_Crossing:Zbąszyń,535.692361378918,332.8636982823797,
baseline,1938,NOWOSĄDECKI,Zebrzydowice,Border_Crossing:Zebrzydowice,184.79540515186815,114.82650569462147,
baseline,1938,NOWOTARSKI,Gdynia,City:Gdynia,645.2252725505848,400.92427283002945,
baseline,1938,NOWOTARSKI,Stołpce,Border_Crossing:Stołpce,753.3162267060808,468.0888571045841,
baseline,1938,NOWOTARSKI,Zbąszyń,Border_Crossing:Zbąszyń,488.1917651812756,303.3482053224544,
baseline,1938,NOWOTARSKI,Zebrzydowice,Border_Crossing:Zebrzydowice,137.20532747351945,85.25541153754826,
baseline,1938,NOWOTOMYSKI,Gdynia,City:Gdynia,348.0080606406251,216.24211664832586,
baseline,1938,NOWOTOMYSKI,Stołpce,Border_Crossing:Stołpce,790.6881403181216,491.3106804376115,
baseline,1938,NOWOTOMYSKI,Zbąszyń,Border_Crossing:Zbąszyń,32.84154229799773,20.406781979249146,
baseline,1938,NOWOTOMYSKI,Zebrzydowice,Border_Crossing:Zebrzydowice,439.0771663101075,272.8298179072778,
baseline,1938,OBORNICKI,Gdynia,City:Gdynia,266.2935210838323,165.46707148938194,
baseline,1938,OBORNICKI,Stołpce,Border_Crossing:Stołpce,757.1235720041209,470.4546310597726,
baseline,1938,OBORNICKI,Zbąszyń,Border_Crossing:Zbąszyń,105.67320068586316,65.66226238337548,
baseline,1938,OBORNICKI,Zebrzydowice,Border_Crossing:Zebrzydowice,417.7141225093738,259.5554420177721,
baseline,1938,OLKUSKI,Gdynia,City:Gdynia,562.5047282143516,349.5241254752799,
baseline,1938,OLKUSKI,Stołpce,Border_Crossing:Stołpce,643.9046162242092,400.1036552878531,
baseline,1938,OLKUSKI,Zbąszyń,Border_Crossing:Zbąszyń,405.4712208450425,251.94805796770493,
baseline,1938,OLKUSKI,Zebrzydowice,Border_Crossing:Zebrzydowice,121.21224789112921,75.31777568435885,
baseline,1938,OPATOWSKI,Gdynia,City:Gdynia,555.9070874500105,345.42454283590047,
baseline,1938,OPATOWSKI,Stołpce,Border_Crossing:Stołpce,558.5679295737475,347.0779129671691,
baseline,1938,OPATOWSKI,Zbąszyń,Border_Crossing:Zbąszyń,471.71314930529826,293.1088712969825,
baseline,1938,OPATOWSKI,Zebrzydowice,Border_Crossing:Zebrzydowice,292.85507787519634,181.97165259438864,
baseline,1938,OPOCZYŃSKI,Gdynia,City:Gdynia,446.34148392333566,277.343654206927,
baseline,1938,OPOCZYŃSKI,Stołpce,Border_Crossing:Stołpce,557.6666682071495,346.5178952905447,
baseline,1938,OPOCZYŃSKI,Zbąszyń,Border_Crossing:Zbąszyń,363.2487397902849,225.71223269222912,
baseline,1938,OPOCZYŃSKI,Zebrzydowice,Border_Crossing:Zebrzydowice,298.28910484106586,185.34819936419794,
baseline,1938,OSTROWSKI (OSTRÓW MAZOWIECKA),Gdynia,City:Gdynia,490.97557978732556,305.07798698803026,
baseline,1938,OSTROWSKI (OSTRÓW MAZOWIECKA),Stołpce,Border_Crossing:Stołpce,372.11096444035843,231.21896208526996,
baseline,1938,OSTROWSKI (OSTRÓW MAZOWIECKA),Zbąszyń,Border_Crossing:Zbąszyń,473.0349099169082,293.93017500997917,
baseline,1938,OSTROWSKI (OSTRÓW MAZOWIECKA),Zebrzydowice,Border_Crossing:Zebrzydowice,480.07367139846184,298.3038572705336,
baseline,1938,OSTROWSKI (OSTRÓW WIELKOPOLSKI),Gdynia,City:Gdynia,371.5952419697559,230.89850709798918,
baseline,1938,OSTROWSKI (OSTRÓW WIELKOPOLSKI),Stołpce,Border_Crossing:Stołpce,694.62680494972,431.6209524184125,
baseline,1938,OSTROWSKI (OSTRÓW WIELKOPOLSKI),Zbąszyń,Border_Crossing:Zbąszyń,158.30235618306676,98.36449336382839,
baseline,1938,OSTROWSKI (OSTRÓW WIELKOPOLSKI),Zebrzydowice,Border_Crossing:Zebrzydowice,274.31338437923847,170.4503819651118,
baseline,1938,OSTROŁĘCKI,Gdynia,City:Gdynia,505.88067420191976,314.3395804095211,
baseline,1938,OSTROŁĘCKI,Stołpce,Border_Crossing:Stołpce,386.0504891388148,239.88057848667447,
baseline,1938,OSTROŁĘCKI,Zbąszyń,Border_Crossing:Zbąszyń,487.94000433150245,303.19176843147,
baseline,1938,OSTROŁĘCKI,Zebrzydowice,Border_Crossing:Zebrzydowice,494.978765813056,307.5654506920244,
baseline,1938,OSZMIAŃSKI,Gdynia,City:Gdynia,929.6568306265597,577.661794503256,
baseline,1938,OSZMIAŃSKI,Stołpce,Border_Crossing:Stołpce,206.99528625024422,128.6208680126005,
baseline,1938,OSZMIAŃSKI,Zbąszyń,Border_Crossing:Zbąszyń,911.7161607561427,566.5139825252052,
baseline,1938,OSZMIAŃSKI,Zebrzydowice,Border_Crossing:Zebrzydowice,887.3604768674248,551.3800668715886,
baseline,1938,PIOTRKOWSKI,Gdynia,City:Gdynia,437.92424347563076,272.11342509269616,
baseline,1938,PIOTRKOWSKI,Stołpce,Border_Crossing:Stołpce,582.3840899838057,361.87658437732733,
baseline,1938,PIOTRKOWSKI,Zbąszyń,Border_Crossing:Zbąszyń,354.8314993425799,220.48200357799823,
baseline,1938,PIOTRKOWSKI,Zebrzydowice,Border_Crossing:Zebrzydowice,239.30442541503353,148.6968301245648,
baseline,1938,PIŃCZOWSKI,Gdynia,City:Gdynia,620.3673511617785,385.4782813587455,
baseline,1938,PIŃCZOWSKI,Stołpce,Border_Crossing:Stołpce,624.1822943650527,387.84877643190714,
baseline,1938,PIŃCZOWSKI,Zbąszyń,Border_Crossing:Zbąszyń,475.8275476126946,295.66543908764766,
baseline,1938,PIŃCZOWSKI,Zebrzydowice,Border_Crossing:Zebrzydowice,184.5272505250356,114.6598821859919,
baseline,1938,PIŃSKI,Gdynia,City:Gdynia,774.7492153055438,481.406694663621,
baseline,1938,PIŃSKI,Stołpce,Border_Crossing:Stołpce,235.71118117561934,146.46409235827576,
baseline,1938,PIŃSKI,Zbąszyń,Border_Crossing:Zbąszyń,742.4127451278994,461.31374985286794,
baseline,1938,PIŃSKI,Zebrzydowice,Border_Crossing:Zebrzydowice,655.5610759439338,407.3466413203581,
baseline,1938,PODHAJECKI,Gdynia,City:Gdynia,897.1775047204329,557.4800832856401,
baseline,1938,PODHAJECKI,Stołpce,Border_Crossing:Stołpce,658.9197656867068,409.4336337245147,
baseline,1938,PODHAJECKI,Zbąszyń,Border_Crossing:Zbąszyń,830.9125935521689,516.3049891681047,
baseline,1938,PODHAJECKI,Zebrzydowice,Border_Crossing:Zebrzydowice,527.8636881093844,327.9991877442163,
baseline,1938,POSTAWSKI,Gdynia,City:Gdynia,935.5215870033796,581.305984037877,
baseline,1938,POSTAWSKI,Stołpce,Border_Crossing:Stołpce,298.14669651104293,185.25971095776328,
baseline,1938,POSTAWSKI,Zbąszyń,Border_Crossing:Zbąszyń,917.5809171329623,570.1581720598259,
baseline,1938,POSTAWSKI,Zebrzydowice,Border_Crossing:Zebrzydowice,924.6196786145161,574.5318543203805,
baseline,1938,POZNAŃ (MIASTO),Gdynia,City:Gdynia,284.0518414461725,176.50157677124963,
baseline,1938,POZNAŃ (MIASTO),Stołpce,Border_Crossing:Stołpce,726.7319211236689,451.5701405605353,
baseline,1938,POZNAŃ (MIASTO),Zbąszyń,Border_Crossing:Zbąszyń,72.03573458494357,44.760916434780974,
baseline,1938,POZNAŃ (MIASTO),Zebrzydowice,Border_Crossing:Zebrzydowice,384.07665640845414,238.65409606917757,
baseline,1938,POZNAŃSKI,Gdynia,City:Gdynia,285.45080282100287,177.37085079968938,
baseline,1938,POZNAŃSKI,Stołpce,Border_Crossing:Stołpce,727.9196384703436,452.30815367595585,
baseline,1938,POZNAŃSKI,Zbąszyń,Border_Crossing:Zbąszyń,76.64866726829841,47.627259029169856,
baseline,1938,POZNAŃSKI,Zebrzydowice,Border_Crossing:Zebrzydowice,387.81638372647336,240.97785417250248,
baseline,1938,PRUŻAŃSKI,Gdynia,City:Gdynia,685.1528738662757,425.7341263871616,
baseline,1938,PRUŻAŃSKI,Stołpce,Border_Crossing:Stołpce,204.03775361438616,126.78314300112474,
baseline,1938,PRUŻAŃSKI,Zbąszyń,Border_Crossing:Zbąszyń,652.8164036886313,405.64118157640854,
baseline,1938,PRUŻAŃSKI,Zebrzydowice,Border_Crossing:Zebrzydowice,565.964734504666,351.67407304389883,
baseline,1938,PRZASNYCKI,Gdynia,City:Gdynia,528.0743602069116,328.1300932761289,
baseline,1938,PRZASNYCKI,Stołpce,Border_Crossing:Stołpce,443.36300158876435,275.4929116602121,
baseline,1938,PRZASNYCKI,Zbąszyń,Border_Crossing:Zbąszyń,518.355996071598,322.09138363500495,
baseline,1938,PRZASNYCKI,Zebrzydowice,Border_Crossing:Zebrzydowice,536.1370356742457,333.1400059939417,
baseline,1938,PRZEMYSKI,Gdynia,City:Gdynia,719.5701055042281,447.11999602726775,
baseline,1938,PRZEMYSKI,Stołpce,Border_Crossing:Stołpce,633.489835672944,393.63221268193286,
baseline,1938,PRZEMYSKI,Zbąszyń,Border_Crossing:Zbąszyń,636.4773613711776,395.48857451257,
baseline,1938,PRZEMYSKI,Zebrzydowice,Border_Crossing:Zebrzydowice,333.428455928393,207.1827730886815,
baseline,1938,PRZEMYŚLAŃSKI,Gdynia,City:Gdynia,845.9980721874365,525.6786681131796,
baseline,1938,PRZEMYŚLAŃSKI,Stołpce,Border_Crossing:Stołpce,607.7403331537104,377.63221855205416,
baseline,1938,PRZEMYŚLAŃSKI,Zbąszyń,Border_Crossing:Zbąszyń,779.7331610191721,484.503573995644,
baseline,1938,PRZEMYŚLAŃSKI,Zebrzydowice,Border_Crossing:Zebrzydowice,476.6842555763878,296.19777257175565,
baseline,1938,PRZEWORSKI,Gdynia,City:Gdynia,686.990403545698,426.8759140415939,
baseline,1938,PRZEWORSKI,Stołpce,Border_Crossing:Stołpce,600.9101337144136,373.38813069625894,
baseline,1938,PRZEWORSKI,Zbąszyń,Border_Crossing:Zbąszyń,603.8976594126473,375.24449252689607,
baseline,1938,PRZEWORSKI,Zebrzydowice,Border_Crossing:Zebrzydowice,300.8487539698626,186.93869110300753,
baseline,1938,PSZCZYŃSKI,Gdynia,City:Gdynia,535.5173507975866,332.75495178244716,
baseline,1938,PSZCZYŃSKI,Stołpce,Border_Crossing:Stołpce,697.3424624106476,433.3083832105665,
baseline,1938,PSZCZYŃSKI,Zbąszyń,Border_Crossing:Zbąszyń,378.4838434282774,235.17888427487216,
baseline,1938,PSZCZYŃSKI,Zebrzydowice,Border_Crossing:Zebrzydowice,59.930387060705634,37.23900453829772,
baseline,1938,PUŁAWSKI,Gdynia,City:Gdynia,557.7412904922595,346.5642634144658,
baseline,1938,PUŁAWSKI,Stołpce,Border_Crossing:Stołpce,473.39196606585705,294.1520393463077,
baseline,1938,PUŁAWSKI,Zbąszyń,Border_Crossing:Zbąszyń,525.3146607140962,326.4152960425787,
baseline,1938,PUŁAWSKI,Zebrzydowice,Border_Crossing:Zebrzydowice,397.06428401671275,246.72423122374883,
baseline,1938,PUŁTUSKI,Gdynia,City:Gdynia,369.57877087665526,229.64553043839817,
baseline,1938,PUŁTUSKI,Stołpce,Border_Crossing:Stołpce,491.12343831676554,305.1698619903269,
baseline,1938,PUŁTUSKI,Zbąszyń,Border_Crossing:Zbąszyń,394.0988148043708,244.8815746538067,
baseline,1938,PUŁTUSKI,Zebrzydowice,Border_Crossing:Zebrzydowice,446.83397447537646,277.64967355373915,
baseline,1938,PŁOCKI,Gdynia,City:Gdynia,309.07945597982024,192.0530106416369,
baseline,1938,PŁOCKI,Stołpce,Border_Crossing:Stołpce,595.6269329328018,370.105302943388,
baseline,1938,PŁOCKI,Zbąszyń,Border_Crossing:Zbąszyń,296.2595355158977,184.08708384304887,
baseline,1938,PŁOCKI,Zebrzydowice,Border_Crossing:Zebrzydowice,376.66449689083055,234.0483950975523,
baseline,1938,PŁOŃSKI,Gdynia,City:Gdynia,317.7547168449732,197.44356616067785,
baseline,1938,PŁOŃSKI,Stołpce,Border_Crossing:Stołpce,503.12882831430323,312.6296631784869,
baseline,1938,PŁOŃSKI,Zbąszyń,Border_Crossing:Zbąszyń,341.9761938648197,212.4940895579769,
baseline,1938,PŁOŃSKI,Zebrzydowice,Border_Crossing:Zebrzydowice,452.7448541799649,281.32252278665896,
baseline,1938,RADOMSKI,Gdynia,City:Gdynia,500.19108988102084,310.8042377104598,
baseline,1938,RADOMSKI,Stołpce,Border_Crossing:Stołpce,467.5593160658024,290.5277997831237,
baseline,1938,RADOMSKI,Zbąszyń,Border_Crossing:Zbąszyń,454.83148318107845,282.6190935357099,
baseline,1938,RADOMSKI,Zebrzydowice,Border_Crossing:Zebrzydowice,288.0665219451864,178.99618280760245,
baseline,1938,RADOMSZCZAŃSKI,Gdynia,City:Gdynia,474.01600672607344,294.539800115387,
baseline,1938,RADOMSZCZAŃSKI,Stołpce,Border_Crossing:Stołpce,618.4758532342486,384.30295940001827,
baseline,1938,RADOMSZCZAŃSKI,Zbąszyń,Border_Crossing:Zbąszyń,390.92326259302286,242.9083786006892,
baseline,1938,RADOMSZCZAŃSKI,Zebrzydowice,Border_Crossing:Zebrzydowice,191.32629804337245,118.88461314150838,
baseline,1938,RADZIECHOWSKI,Gdynia,City:Gdynia,861.6031290966231,535.3751979298978,
baseline,1938,RADZIECHOWSKI,Stołpce,Border_Crossing:Stołpce,517.0310815269951,321.2681201595105,
baseline,1938,RADZIECHOWSKI,Zbąszyń,Border_Crossing:Zbąszyń,816.7481179627589,507.50359480663747,
baseline,1938,RADZIECHOWSKI,Zebrzydowice,Border_Crossing:Zebrzydowice,513.6992125199744,319.197793382749,
baseline,1938,RADZYMIŃSKI,Gdynia,City:Gdynia,415.922064512589,258.4419091482519,
baseline,1938,RADZYMIŃSKI,Stołpce,Border_Crossing:Stołpce,402.62018278506764,250.17650559734028,
baseline,1938,RADZYMIŃSKI,Zbąszyń,Border_Crossing:Zbąszyń,396.65511685302215,246.46998661407923,
baseline,1938,RADZYMIŃSKI,Zebrzydowice,Border_Crossing:Zebrzydowice,403.6938783345758,250.8436688746337,
baseline,1938,RADZYŃSKI,Gdynia,City:Gdynia,541.3360133468937,336.3704999493727,
baseline,1938,RADZYŃSKI,Stołpce,Border_Crossing:Stołpce,387.3385862453827,240.6809646738797,
baseline,1938,RADZYŃSKI,Zbąszyń,Border_Crossing:Zbąszyń,508.9995431692493,316.2775551386196,
baseline,1938,RADZYŃSKI,Zebrzydowice,Border_Crossing:Zebrzydowice,422.1478739852841,262.31044660610996,
baseline,1938,RAWICKI,Gdynia,City:Gdynia,380.8125442903484,236.6258714582381,
baseline,1938,RAWICKI,Stołpce,Border_Crossing:Stołpce,755.738897438481,469.5942344402464,
baseline,1938,RAWICKI,Zbąszyń,Border_Crossing:Zbąszyń,103.38823255919863,64.24244945354181,
baseline,1938,RAWICKI,Zebrzydowice,Border_Crossing:Zebrzydowice,336.1031529300721,208.84475223931182,
baseline,1938,RAWSKI (RAWA MAZOWIECKA),Gdynia,City:Gdynia,435.7457741920686,270.75978745549986,
baseline,1938,RAWSKI (RAWA MAZOWIECKA),Stołpce,Border_Crossing:Stołpce,559.222063490532,347.48437281317536,
baseline,1938,RAWSKI (RAWA MAZOWIECKA),Zbąszyń,Border_Crossing:Zbąszyń,354.12783932185107,220.04476964725794,
baseline,1938,RAWSKI (RAWA MAZOWIECKA),Zebrzydowice,Border_Crossing:Zebrzydowice,313.8032721498548,194.98825301902744,
baseline,1938,RAWSKI (RAWA RUSKA),Gdynia,City:Gdynia,742.130862061211,461.1385958898368,
baseline,1938,RAWSKI (RAWA RUSKA),Stołpce,Border_Crossing:Stołpce,517.2913547805265,321.4298464113305,
baseline,1938,RAWSKI (RAWA RUSKA),Zbąszyń,Border_Crossing:Zbąszyń,708.89365778049,440.48596102872085,
baseline,1938,RAWSKI (RAWA RUSKA),Zebrzydowice,Border_Crossing:Zebrzydowice,483.1901441606015,300.2403430672171,
baseline,1938,ROHATYŃSKI,Gdynia,City:Gdynia,890.4444930414572,553.2963850856634,
baseline,1938,ROHATYŃSKI,Stołpce,Border_Crossing:Stołpce,656.1802228338265,407.73136124247765,
baseline,1938,ROHATYŃSKI,Zbąszyń,Border_Crossing:Zbąszyń,824.1795818731927,512.1212909681276,
baseline,1938,ROHATYŃSKI,Zebrzydowice,Border_Crossing:Zebrzydowice,509.57225634332616,316.6334224963089,
baseline,1938,ROPCZYCKI,Gdynia,City:Gdynia,661.9113703309223,411.2925300938955,
baseline,1938,ROPCZYCKI,Stołpce,Border_Crossing:Stołpce,612.1957782777451,380.40070294422077,
baseline,1938,ROPCZYCKI,Zbąszyń,Border_Crossing:Zbąszyń,538.98529738676,334.90983322250844,
baseline,1938,ROPCZYCKI,Zebrzydowice,Border_Crossing:Zebrzydowice,213.7822135182612,132.83806779605547,
baseline,1938,RUDECKI,Gdynia,City:Gdynia,797.1895411722215,495.35046238772446,
baseline,1938,RUDECKI,Stołpce,Border_Crossing:Stołpce,602.9705033353656,374.66838462799944,
baseline,1938,RUDECKI,Zbąszyń,Border_Crossing:Zbąszyń,714.0967970391708,443.71904087302664,
baseline,1938,RUDECKI,Zebrzydowice,Border_Crossing:Zebrzydowice,411.0478915963864,255.41323944913822,
baseline,1938,RYBNICKI,Gdynia,City:Gdynia,564.4432257999039,350.7286516585121,
baseline,1938,RYBNICKI,Stołpce,Border_Crossing:Stołpce,726.4356659677762,451.3860561980631,
baseline,1938,RYBNICKI,Zbąszyń,Border_Crossing:Zbąszyń,407.4097184305947,253.15258415093706,
baseline,1938,RYBNICKI,Zebrzydowice,Border_Crossing:Zebrzydowice,30.11810616191079,18.71451774393267,
baseline,1938,RYPIŃSKI,Gdynia,City:Gdynia,232.64695203642083,144.56006923382284,
baseline,1938,RYPIŃSKI,Stołpce,Border_Crossing:Stołpce,584.3274736330012,363.0841466188116,
baseline,1938,RYPIŃSKI,Zbąszyń,Border_Crossing:Zbąszyń,295.79420852951614,183.79794314819398,
baseline,1938,RYPIŃSKI,Zebrzydowice,Border_Crossing:Zebrzydowice,432.26916719538116,268.5995246893612,
baseline,1938,RZESZOWSKI,Gdynia,City:Gdynia,705.7495438697907,438.53229982391576,
baseline,1938,RZESZOWSKI,Stołpce,Border_Crossing:Stołpce,630.464326329337,391.7522489155865,
baseline,1938,RZESZOWSKI,Zbąszyń,Border_Crossing:Zbąszyń,583.8076081153946,362.76111726227083,
baseline,1938,RZESZOWSKI,Zebrzydowice,Border_Crossing:Zebrzydowice,258.89638915840544,160.87070822774754,
baseline,1938,RÓWIEŃSKI,Gdynia,City:Gdynia,858.4039743939203,533.3873359731247,
baseline,1938,RÓWIEŃSKI,Stołpce,Border_Crossing:Stołpce,385.0539327372403,239.26134723887176,
baseline,1938,RÓWIEŃSKI,Zbąszyń,Border_Crossing:Zbąszyń,825.9773446157568,513.2383686012374,
baseline,1938,RÓWIEŃSKI,Zebrzydowice,Border_Crossing:Zebrzydowice,628.1937930310679,390.3414053695077,
baseline,1938,SAMBORSKI,Gdynia,City:Gdynia,772.7179385053585,480.1445181670131,
baseline,1938,SAMBORSKI,Stołpce,Border_Crossing:Stołpce,628.656353943805,390.6288273064161,
baseline,1938,SAMBORSKI,Zbąszyń,Border_Crossing:Zbąszyń,689.625194372308,428.51309665231537,
baseline,1938,SAMBORSKI,Zebrzydowice,Border_Crossing:Zebrzydowice,372.31666096868236,231.34677594277113,
baseline,1938,SANDOMIERSKI,Gdynia,City:Gdynia,645.7815322372335,401.269916467782,
baseline,1938,SANDOMIERSKI,Stołpce,Border_Crossing:Stołpce,644.0093838782617,400.16875486981934,
baseline,1938,SANDOMIERSKI,Zbąszyń,Border_Crossing:Zbąszyń,541.7679718392037,336.63890642969784,
baseline,1938,SANDOMIERSKI,Zebrzydowice,Border_Crossing:Zebrzydowice,264.40342081027177,164.29261799229937,
baseline,1938,SANOCKI,Gdynia,City:Gdynia,817.6092745336402,508.0386925262426,
baseline,1938,SANOCKI,Stołpce,Border_Crossing:Stołpce,726.5923945668524,451.4834428043996,
baseline,1938,SANOCKI,Zbąszyń,Border_Crossing:Zbąszyń,661.6868952567846,411.1530477926035,
baseline,1938,SANOCKI,Zebrzydowice,Border_Crossing:Zebrzydowice,321.9241171997183,200.03431062850615,
baseline,1938,SARNEŃSKI,Gdynia,City:Gdynia,852.7018561789328,529.8442050757596,
baseline,1938,SARNEŃSKI,Stołpce,Border_Crossing:Stołpce,287.9356577093037,178.91486756648774,
baseline,1938,SARNEŃSKI,Zbąszyń,Border_Crossing:Zbąszyń,820.2752264007695,509.6952377038725,
baseline,1938,SARNEŃSKI,Zebrzydowice,Border_Crossing:Zebrzydowice,670.221971216578,416.4564964768163,
baseline,1938,SIEDLECKI,Gdynia,City:Gdynia,494.5743723589727,307.31417232706724,
baseline,1938,SIEDLECKI,Stołpce,Border_Crossing:Stołpce,366.03842362804977,227.4456613281849,
baseline,1938,SIEDLECKI,Zbąszyń,Border_Crossing:Zbąszyń,462.2379021813284,287.22122751631423,
baseline,1938,SIEDLECKI,Zebrzydowice,Border_Crossing:Zebrzydowice,425.2849757374909,264.25975065898047,
baseline,1938,SIERADZKI,Gdynia,City:Gdynia,372.80404863030094,231.64962450145873,
baseline,1938,SIERADZKI,Stołpce,Border_Crossing:Stołpce,621.0726941423829,385.9165610319466,
baseline,1938,SIERADZKI,Zbąszyń,Border_Crossing:Zbąszyń,225.72645149369075,140.2598708910861,
baseline,1938,SIERADZKI,Zebrzydowice,Border_Crossing:Zebrzydowice,244.19771246083644,151.7373767895024,
baseline,1938,SIERPECKI,Gdynia,City:Gdynia,274.14000756850606,170.34265064285017,
baseline,1938,SIERPECKI,Stołpce,Border_Crossing:Stołpce,565.2777222806917,351.2471835712757,
baseline,1938,SIERPECKI,Zbąszyń,Border_Crossing:Zbąszyń,300.5523134661948,186.7544915708029,
baseline,1938,SIERPECKI,Zebrzydowice,Border_Crossing:Zebrzydowice,421.16182453299984,261.69774407189465,
baseline,1938,SKAŁACKI,Gdynia,City:Gdynia,959.3096771282503,596.087213386858,
baseline,1938,SKAŁACKI,Stołpce,Border_Crossing:Stołpce,620.7855283334546,385.73812452608706,
baseline,1938,SKAŁACKI,Zbąszyń,Border_Crossing:Zbąszyń,893.0447659599856,554.9121192693223,
baseline,1938,SKAŁACKI,Zebrzydowice,Border_Crossing:Zebrzydowice,589.9958605172014,366.606317845434,
baseline,1938,SKIERNIEWICKI,Gdynia,City:Gdynia,391.0652450938536,242.99660240921293,
baseline,1938,SKIERNIEWICKI,Stołpce,Border_Crossing:Stołpce,507.38602287726724,315.2749604212704,
baseline,1938,SKIERNIEWICKI,Zbąszyń,Border_Crossing:Zbąszyń,310.7290023809569,193.0779909384576,
baseline,1938,SKIERNIEWICKI,Zebrzydowice,Border_Crossing:Zebrzydowice,308.35705063625215,191.60412891089862,
baseline,1938,SOCHACZEWSKI,Gdynia,City:Gdynia,406.12969384465174,252.3572139939451,
baseline,1938,SOCHACZEWSKI,Stołpce,Border_Crossing:Stołpce,507.4473291354643,315.3130543522326,
baseline,1938,SOCHACZEWSKI,Zbąszyń,Border_Crossing:Zbąszyń,325.79345113175503,202.43860252318976,
baseline,1938,SOCHACZEWSKI,Zebrzydowice,Border_Crossing:Zebrzydowice,360.4413216328935,223.96778446435266,
baseline,1938,SOKALSKI,Gdynia,City:Gdynia,796.0521508938715,494.64372105307586,
baseline,1938,SOKALSKI,Stołpce,Border_Crossing:Stołpce,487.55943478992333,302.95529355484945,
baseline,1938,SOKALSKI,Zbąszyń,Border_Crossing:Zbąszyń,763.625521115708,474.4947536811886,
baseline,1938,SOKALSKI,Zebrzydowice,Border_Crossing:Zebrzydowice,498.80898931778427,309.9454405013809,
baseline,1938,SOKOŁOWSKI,Gdynia,City:Gdynia,509.2184317025344,316.4135661254355,
baseline,1938,SOKOŁOWSKI,Stołpce,Border_Crossing:Stołpce,390.3538163555673,242.5545412226752,
baseline,1938,SOKOŁOWSKI,Zbąszyń,Border_Crossing:Zbąszyń,484.6599801705613,301.15365653856185,
baseline,1938,SOKOŁOWSKI,Zebrzydowice,Border_Crossing:Zebrzydowice,449.31653558503865,279.19226503301104,
baseline,1938,SOKÓLSKI,Gdynia,City:Gdynia,606.3516266356264,376.76931659420586,
baseline,1938,SOKÓLSKI,Stołpce,Border_Crossing:Stołpce,298.3247284549777,185.37033484479792,
baseline,1938,SOKÓLSKI,Zbąszyń,Border_Crossing:Zbąszyń,588.4109567652091,365.62150461615477,
baseline,1938,SOKÓLSKI,Zebrzydowice,Border_Crossing:Zebrzydowice,595.4497182467625,369.99518687670906,
baseline,1938,STANISŁAWOWSKI,Gdynia,City:Gdynia,913.609875951351,567.6906822297669,
baseline,1938,STANISŁAWOWSKI,Stołpce,Border_Crossing:Stołpce,679.3456057437204,422.1256583865813,
baseline,1938,STANISŁAWOWSKI,Zbąszyń,Border_Crossing:Zbąszyń,833.7994502583917,518.0987982065071,
baseline,1938,STANISŁAWOWSKI,Zebrzydowice,Border_Crossing:Zebrzydowice,516.543349324124,320.9650575128803,
baseline,1938,STAROGARDZKI,Gdynia,City:Gdynia,127.10512696680175,78.97943984848857,
baseline,1938,STAROGARDZKI,Stołpce,Border_Crossing:Stołpce,732.5550716945527,455.1884774539159,
baseline,1938,STAROGARDZKI,Zbąszyń,Border_Crossing:Zbąszyń,299.15459247068026,185.88598827809906,
baseline,1938,STAROGARDZKI,Zebrzydowice,Border_Crossing:Zebrzydowice,516.7645905473703,321.10253039301,
baseline,1938,STOLIŃSKI,Gdynia,City:Gdynia,878.2655239097912,545.7287268573509,
baseline,1938,STOLIŃSKI,Stołpce,Border_Crossing:Stołpce,239.55907628686208,148.85506279144377,
baseline,1938,STOLIŃSKI,Zbąszyń,Border_Crossing:Zbąszyń,845.9290537321468,525.6357820465978,
baseline,1938,STOLIŃSKI,Zebrzydowice,Border_Crossing:Zebrzydowice,740.9937399540999,460.432021189019,
baseline,1938,STOPNICKI,Gdynia,City:Gdynia,662.6999850712392,411.78255242370096,
baseline,1938,STOPNICKI,Stołpce,Border_Crossing:Stołpce,665.3608271949763,413.43592255496964,
baseline,1938,STOPNICKI,Zbąszyń,Border_Crossing:Zbąszyń,555.5659316100621,345.2125584904759,
baseline,1938,STOPNICKI,Zebrzydowice,Border_Crossing:Zebrzydowice,256.2107444581505,159.20192649470542,
baseline,1938,STOŁPECKI,Gdynia,City:Gdynia,833.1866090414227,517.7179964466778,
baseline,1938,STOŁPECKI,Stołpce,Border_Crossing:Stołpce,19.080918070427064,11.856329142339336,
baseline,1938,STOŁPECKI,Zbąszyń,Border_Crossing:Zbąszyń,815.2459391710051,506.5701844686266,
baseline,1938,STOŁPECKI,Zebrzydowice,Border_Crossing:Zebrzydowice,761.2600426881527,473.0249139851801,
baseline,1938,STRYJSKI,Gdynia,City:Gdynia,833.3422793597309,517.8147254680354,
baseline,1938,STRYJSKI,Stołpce,Border_Crossing:Stołpce,668.8800498968385,415.6226654844484,
baseline,1938,STRYJSKI,Zbąszyń,Border_Crossing:Zbąszyń,750.2495352266801,466.1833039533375,
baseline,1938,STRYJSKI,Zebrzydowice,Border_Crossing:Zebrzydowice,432.94100182305465,269.0169832437933,
baseline,1938,SUWALSKI,Gdynia,City:Gdynia,726.4232063275069,451.37831413892934,
baseline,1938,SUWALSKI,Stołpce,Border_Crossing:Stołpce,353.57118940216543,219.69888353001295,
baseline,1938,SUWALSKI,Zbąszyń,Border_Crossing:Zbąszyń,708.4825364570894,440.2305021608781,
baseline,1938,SUWALSKI,Zebrzydowice,Border_Crossing:Zebrzydowice,715.5212979386432,444.60418442143265,
baseline,1938,SZAMOTULSKI,Gdynia,City:Gdynia,326.19074071426473,202.68546674836338,
baseline,1938,SZAMOTULSKI,Stołpce,Border_Crossing:Stołpce,774.1224825211691,481.0172610866614,
baseline,1938,SZAMOTULSKI,Zbąszyń,Border_Crossing:Zbąszyń,83.30664497852914,51.76433329695363,
baseline,1938,SZAMOTULSKI,Zebrzydowice,Border_Crossing:Zebrzydowice,431.4672178059543,268.10121659530364,
baseline,1938,SZCZUCZYŃSKI (WOJ. BIAŁOSTOCKIE),Gdynia,City:Gdynia,636.4619981645984,395.47902826153467,
baseline,1938,SZCZUCZYŃSKI (WOJ. BIAŁOSTOCKIE),Stołpce,Border_Crossing:Stołpce,339.0326600022173,210.66506297823778,
baseline,1938,SZCZUCZYŃSKI (WOJ. BIAŁOSTOCKIE),Zbąszyń,Border_Crossing:Zbąszyń,618.5213282941809,384.33121628348346,
baseline,1938,SZCZUCZYŃSKI (WOJ. BIAŁOSTOCKIE),Zebrzydowice,Border_Crossing:Zebrzydowice,625.5600897757345,388.7048985440379,
baseline,1938,SZCZUCZYŃSKI (WOJ. NOWOGRÓDZKIE),Gdynia,City:Gdynia,707.0085492160673,439.31460923493694,
baseline,1938,SZCZUCZYŃSKI (WOJ. NOWOGRÓDZKIE),Stołpce,Border_Crossing:Stołpce,228.37213880712872,141.90382426272438,
baseline,1938,SZCZUCZYŃSKI (WOJ. NOWOGRÓDZKIE),Zbąszyń,Border_Crossing:Zbąszyń,689.0678793456497,428.1667972568857,
baseline,1938,SZCZUCZYŃSKI (WOJ. NOWOGRÓDZKIE),Zebrzydowice,Border_Crossing:Zebrzydowice,664.7121954569321,413.0328816032694,
baseline,1938,SZUBIŃSKI,Gdynia,City:Gdynia,201.0449229579315,124.92348482329287,
baseline,1938,SZUBIŃSKI,Stołpce,Border_Crossing:Stołpce,698.6676809494044,434.13183557921235,
baseline,1938,SZUBIŃSKI,Zbąszyń,Border_Crossing:Zbąszyń,170.77013208496695,106.11160774376799,
baseline,1938,SZUBIŃSKI,Zebrzydowice,Border_Crossing:Zebrzydowice,422.397584932275,262.4656097469526,
baseline,1938,SĘPOLEŃSKI,Gdynia,City:Gdynia,150.82642772201686,93.71916822005734,
baseline,1938,SĘPOLEŃSKI,Stołpce,Border_Crossing:Stołpce,738.1511711694509,458.6657313807329,
baseline,1938,SĘPOLEŃSKI,Zbąszyń,Border_Crossing:Zbąszyń,208.13934332558642,129.33175190156297,
baseline,1938,SĘPOLEŃSKI,Zebrzydowice,Border_Crossing:Zebrzydowice,473.5145127667653,294.2281863123977,
baseline,1938,SŁONIMSKI,Gdynia,City:Gdynia,710.8988837871905,441.73195031773037,
baseline,1938,SŁONIMSKI,Stołpce,Border_Crossing:Stołpce,115.86753153378531,71.99672393667971,
baseline,1938,SŁONIMSKI,Zbąszyń,Border_Crossing:Zbąszyń,692.9582139167728,430.58413833967904,
baseline,1938,SŁONIMSKI,Zebrzydowice,Border_Crossing:Zebrzydowice,668.6025300280552,415.4502226860627,
baseline,1938,TARNOBRZESKI,Gdynia,City:Gdynia,593.6928579114264,368.9035248132809,
baseline,1938,TARNOBRZESKI,Stołpce,Border_Crossing:Stołpce,535.7908833474463,332.9249169764861,
baseline,1938,TARNOBRZESKI,Zbąszyń,Border_Crossing:Zbąszyń,510.60011377837543,317.2721032985829,
baseline,1938,TARNOBRZESKI,Zebrzydowice,Border_Crossing:Zebrzydowice,284.8180307797926,176.9776646036705,
baseline,1938,TARNOGÓRSKI,Gdynia,City:Gdynia,490.638004686702,304.8682276101807,
baseline,1938,TARNOGÓRSKI,Stołpce,Border_Crossing:Stołpce,699.9691279222576,434.94051698618114,
baseline,1938,TARNOGÓRSKI,Zbąszyń,Border_Crossing:Zbąszyń,333.6044973173928,207.2921601026057,
baseline,1938,TARNOGÓRSKI,Zebrzydowice,Border_Crossing:Zebrzydowice,96.31626811525715,59.84813583504545,
baseline,1938,TARNOPOLSKI,Gdynia,City:Gdynia,917.4382238401295,570.0695065857651,
baseline,1938,TARNOPOLSKI,Stołpce,Border_Crossing:Stołpce,578.914075045334,359.72041772499426,
baseline,1938,TARNOPOLSKI,Zbąszyń,Border_Crossing:Zbąszyń,851.1733126718652,528.8944124682296,
baseline,1938,TARNOPOLSKI,Zebrzydowice,Border_Crossing:Zebrzydowice,548.1244072290807,340.5886110443411,
baseline,1938,TARNOWSKI,Gdynia,City:Gdynia,663.8690735321685,412.50899008975705,
baseline,1938,TARNOWSKI,Stołpce,Border_Crossing:Stołpce,642.5794634588802,399.28024378890785,
baseline,1938,TARNOWSKI,Zbąszyń,Border_Crossing:Zbąszyń,506.83556616285944,314.93292258218213,
baseline,1938,TARNOWSKI,Zebrzydowice,Border_Crossing:Zebrzydowice,181.63248229436053,112.86115715572909,
baseline,1938,TCZEWSKI,Gdynia,City:Gdynia,158.5649042693621,98.5276331307578,
baseline,1938,TCZEWSKI,Stołpce,Border_Crossing:Stołpce,749.5651354478556,465.7580377783695,
baseline,1938,TCZEWSKI,Zbąszyń,Border_Crossing:Zbąszyń,316.9894810007402,196.96807079891096,
baseline,1938,TCZEWSKI,Zebrzydowice,Border_Crossing:Zebrzydowice,534.3231478231793,332.0129086860367,
baseline,1938,TOMASZOWSKI,Gdynia,City:Gdynia,737.8303897503756,458.46640710958064,
baseline,1938,TOMASZOWSKI,Stołpce,Border_Crossing:Stołpce,513.2221874327406,318.90138382726946,
baseline,1938,TOMASZOWSKI,Zbąszyń,Border_Crossing:Zbąszyń,705.4037599722121,438.31743973769346,
baseline,1938,TOMASZOWSKI,Zebrzydowice,Border_Crossing:Zebrzydowice,552.5527870039749,343.3402778134469,
baseline,1938,TORUŃSKI,Gdynia,City:Gdynia,211.16419066255523,131.2113043161826,
baseline,1938,TORUŃSKI,Stołpce,Border_Crossing:Stołpce,636.6987601616108,395.6261453003803,
baseline,1938,TORUŃSKI,Zbąszyń,Border_Crossing:Zbąszyń,214.38547991526585,133.21292004042866,
baseline,1938,TORUŃSKI,Zebrzydowice,Border_Crossing:Zebrzydowice,399.39020417879647,248.16949056078295,
baseline,1938,TREMBOWELSKI,Gdynia,City:Gdynia,947.3154744683519,588.6343636858743,
baseline,1938,TREMBOWELSKI,Stołpce,Border_Crossing:Stołpce,608.7913256735567,378.2852748251036,
baseline,1938,TREMBOWELSKI,Zbąszyń,Border_Crossing:Zbąszyń,881.0505633000878,547.4592695683389,
baseline,1938,TREMBOWELSKI,Zebrzydowice,Border_Crossing:Zebrzydowice,578.0016578573034,359.15346814445047,
baseline,1938,TUCHOLSKI,Gdynia,City:Gdynia,147.45526574249644,91.62442592968075,
baseline,1938,TUCHOLSKI,Stołpce,Border_Crossing:Stołpce,721.4722481098341,448.30193228025576,
baseline,1938,TUCHOLSKI,Zbąszyń,Border_Crossing:Zbąszyń,241.13218832678618,149.83254899280345,
baseline,1938,TUCHOLSKI,Zebrzydowice,Border_Crossing:Zebrzydowice,478.0604607680417,297.05290656789884,
baseline,1938,TURCZAŃSKI,Gdynia,City:Gdynia,819.4067982388744,509.15562162848767,
baseline,1938,TURCZAŃSKI,Stołpce,Border_Crossing:Stołpce,675.3452136773208,419.6399307678905,
baseline,1938,TURCZAŃSKI,Zbąszyń,Border_Crossing:Zbąszyń,736.3140541058239,457.5242001137899,
baseline,1938,TURCZAŃSKI,Zebrzydowice,Border_Crossing:Zebrzydowice,419.00552070219834,260.3578794042457,
baseline,1938,TURECKI,Gdynia,City:Gdynia,449.7008329992344,279.4310563015673,
baseline,1938,TURECKI,Stołpce,Border_Crossing:Stołpce,732.7446598273395,455.3062820215738,
baseline,1938,TURECKI,Zbąszyń,Border_Crossing:Zbąszyń,241.0974822394382,149.81098363660195,
baseline,1938,TURECKI,Zebrzydowice,Border_Crossing:Zebrzydowice,354.1212791158608,220.04069332550154,
baseline,1938,TŁUMACKI,Gdynia,City:Gdynia,938.2349375783606,582.9919813980035,
baseline,1938,TŁUMACKI,Stołpce,Border_Crossing:Stołpce,703.9706673707301,437.42695755481793,
baseline,1938,TŁUMACKI,Zbąszyń,Border_Crossing:Zbąszyń,858.156378628775,533.2334871449406,
baseline,1938,TŁUMACKI,Zebrzydowice,Border_Crossing:Zebrzydowice,540.8478452251495,336.06716643539636,
baseline,1938,WADOWICKI,Gdynia,City:Gdynia,590.3754410014834,366.84217815053273,
baseline,1938,WADOWICKI,Stołpce,Border_Crossing:Stołpce,699.8498181380137,434.8663813462357,
baseline,1938,WADOWICKI,Zbąszyń,Border_Crossing:Zbąszyń,433.3419336321738,269.26611064295747,
baseline,1938,WADOWICKI,Zebrzydowice,Border_Crossing:Zebrzydowice,84.82639496965263,52.70866186868802,
baseline,1938,WARSZAWSKI,Gdynia,City:Gdynia,395.2516702014839,245.59792556476626,
baseline,1938,WARSZAWSKI,Stołpce,Border_Crossing:Stołpce,438.3207766478848,272.35981930647284,
baseline,1938,WARSZAWSKI,Zbąszyń,Border_Crossing:Zbąszyń,366.6127565073397,227.8025351237222,
baseline,1938,WARSZAWSKI,Zebrzydowice,Border_Crossing:Zebrzydowice,373.47175138182484,232.0645156278759,
baseline,1938,WIELUŃSKI,Gdynia,City:Gdynia,453.65832126472446,281.8901247425831,
baseline,1938,WIELUŃSKI,Stołpce,Border_Crossing:Stołpce,758.5551207323397,471.34415392457464,
baseline,1938,WIELUŃSKI,Zbąszyń,Border_Crossing:Zbąszyń,240.3654354780354,149.35611100842235,
baseline,1938,WIELUŃSKI,Zebrzydowice,Border_Crossing:Zebrzydowice,188.31494620423894,117.01344643787415,
baseline,1938,WILEJSKI,Gdynia,City:Gdynia,891.1577343133791,553.7395725280387,
baseline,1938,WILEJSKI,Stołpce,Border_Crossing:Stołpce,168.49618993706326,104.69864603738294,
baseline,1938,WILEJSKI,Zbąszyń,Border_Crossing:Zbąszyń,873.2170644429618,542.5917605499876,
baseline,1938,WILEJSKI,Zebrzydowice,Border_Crossing:Zebrzydowice,848.8613805542441,527.4578448963712,
baseline,1938,WILEŃSKO-TROCKI,Gdynia,City:Gdynia,797.5735830551059,495.5890948765342,
baseline,1938,WILEŃSKO-TROCKI,Stołpce,Border_Crossing:Stołpce,258.5397229684451,160.6490862006257,
baseline,1938,WILEŃSKO-TROCKI,Zbąszyń,Border_Crossing:Zbąszyń,779.6329131846883,484.44128289848294,
baseline,1938,WILEŃSKO-TROCKI,Zebrzydowice,Border_Crossing:Zebrzydowice,785.5471705911693,488.1162309374055,
baseline,1938,WILNO (MIASTO),Gdynia,City:Gdynia,783.1300765229795,486.61431877916027,
baseline,1938,WILNO (MIASTO),Stołpce,Border_Crossing:Stołpce,250.39049805728374,155.58539416835245,
baseline,1938,WILNO (MIASTO),Zbąszyń,Border_Crossing:Zbąszyń,765.1894066525617,475.46650680110895,
baseline,1938,WILNO (MIASTO),Zebrzydowice,Border_Crossing:Zebrzydowice,772.2281681341155,479.8401890616635,
baseline,1938,WOLSZTYŃSKI,Gdynia,City:Gdynia,351.2476219146883,218.25508607675178,
baseline,1938,WOLSZTYŃSKI,Stołpce,Border_Crossing:Stołpce,793.9277015921848,493.32364986603744,
baseline,1938,WOLSZTYŃSKI,Zbąszyń,Border_Crossing:Zbąszyń,21.35262631113349,13.267902763575329,
baseline,1938,WOLSZTYŃSKI,Zebrzydowice,Border_Crossing:Zebrzydowice,404.4720123431575,251.3271787816801,
baseline,1938,WOŁKOWYSKI,Gdynia,City:Gdynia,643.6742913123716,399.96053806705964,
baseline,1938,WOŁKOWYSKI,Stołpce,Border_Crossing:Stołpce,187.27631462403326,116.36807089425018,
baseline,1938,WOŁKOWYSKI,Zbąszyń,Border_Crossing:Zbąszyń,625.7336214419541,388.8127260890085,
baseline,1938,WOŁKOWYSKI,Zebrzydowice,Border_Crossing:Zebrzydowice,601.3779375532365,373.6788104353921,
baseline,1938,WOŁOŻYŃSKI,Gdynia,City:Gdynia,879.349289705628,546.4021474936758,
baseline,1938,WOŁOŻYŃSKI,Stołpce,Border_Crossing:Stołpce,191.73711890727873,119.13988531253469,
baseline,1938,WOŁOŻYŃSKI,Zbąszyń,Border_Crossing:Zbąszyń,861.4086198352103,535.2543355156245,
baseline,1938,WOŁOŻYŃSKI,Zebrzydowice,Border_Crossing:Zebrzydowice,808.907806201594,502.63185244729067,
baseline,1938,WRZESIŃSKI,Gdynia,City:Gdynia,284.21172983094095,176.60092677678162,
baseline,1938,WRZESIŃSKI,Stołpce,Border_Crossing:Stołpce,689.3695112471024,428.3542225731233,
baseline,1938,WRZESIŃSKI,Zbąszyń,Border_Crossing:Zbąszyń,120.74892274110437,75.02987887256276,
baseline,1938,WRZESIŃSKI,Zebrzydowice,Border_Crossing:Zebrzydowice,364.3067329984454,226.369638989977,
baseline,1938,WYRZYSKI,Gdynia,City:Gdynia,197.99892983399846,123.03079302988147,
baseline,1938,WYRZYSKI,Stołpce,Border_Crossing:Stołpce,717.7434541477235,445.98496784722505,
baseline,1938,WYRZYSKI,Zbąszyń,Border_Crossing:Zbąszyń,187.2314335454119,116.34018309354614,
baseline,1938,WYRZYSKI,Zebrzydowice,Border_Crossing:Zebrzydowice,453.1067957450377,281.5474227788898,
baseline,1938,WYSOKOMAZOWIECKI,Gdynia,City:Gdynia,546.1597049035454,339.3678019956209,
baseline,1938,WYSOKOMAZOWIECKI,Stołpce,Border_Crossing:Stołpce,303.3967181698692,188.5219221659298,
baseline,1938,WYSOKOMAZOWIECKI,Zbąszyń,Border_Crossing:Zbąszyń,528.219035033128,328.2199900175698,
baseline,1938,WYSOKOMAZOWIECKI,Zebrzydowice,Border_Crossing:Zebrzydowice,535.2577965146817,332.59367227812425,
baseline,1938,WĄBRZESKI,Gdynia,City:Gdynia,213.0046756927358,132.35492833987092,
baseline,1938,WĄBRZESKI,Stołpce,Border_Crossing:Stołpce,646.9146835664731,401.9740238423829,
baseline,1938,WĄBRZESKI,Zbąszyń,Border_Crossing:Zbąszyń,247.89125324576457,154.032435920574,
baseline,1938,WĄBRZESKI,Zebrzydowice,Border_Crossing:Zebrzydowice,432.8959775092953,268.98900644092834,
baseline,1938,WĄGROWIECKI,Gdynia,City:Gdynia,234.91379584231,145.96862023633201,
baseline,1938,WĄGROWIECKI,Stołpce,Border_Crossing:Stołpce,742.2683127215108,461.2240037440779,
baseline,1938,WĄGROWIECKI,Zbąszyń,Border_Crossing:Zbąszyń,125.64842600582149,78.07428811566331,
baseline,1938,WĄGROWIECKI,Zebrzydowice,Border_Crossing:Zebrzydowice,437.64202978908935,271.93806569207624,
baseline,1938,WĘGROWSKI,Gdynia,City:Gdynia,525.2841119802459,326.39631394527737,
baseline,1938,WĘGROWSKI,Stołpce,Border_Crossing:Stołpce,406.4194966332787,252.53728904251702,
baseline,1938,WĘGROWSKI,Zbąszyń,Border_Crossing:Zbąszyń,500.72566044827266,311.13640435840364,
baseline,1938,WĘGROWSKI,Zebrzydowice,Border_Crossing:Zebrzydowice,465.3822158627501,289.1750128528529,
baseline,1938,WŁOCŁAWSKI,Gdynia,City:Gdynia,280.03963314479745,174.00850688681592,
baseline,1938,WŁOCŁAWSKI,Stołpce,Border_Crossing:Stołpce,612.8040744084482,380.77868051925185,
baseline,1938,WŁOCŁAWSKI,Zbąszyń,Border_Crossing:Zbąszyń,242.38646795381538,150.6119219789302,
baseline,1938,WŁOCŁAWSKI,Zebrzydowice,Border_Crossing:Zebrzydowice,351.3469947448449,218.316833471599,
baseline,1938,WŁODAWSKI,Gdynia,City:Gdynia,665.5739920133939,413.56837699135457,
baseline,1938,WŁODAWSKI,Stołpce,Border_Crossing:Stołpce,351.29735505180383,218.2859888058944,
baseline,1938,WŁODAWSKI,Zbąszyń,Border_Crossing:Zbąszyń,633.2375218357496,393.47543218060156,
baseline,1938,WŁODAWSKI,Zebrzydowice,Border_Crossing:Zebrzydowice,497.8372364716791,309.3416214636437,
baseline,1938,WŁODZIMIERSKI,Gdynia,City:Gdynia,745.9803976506115,463.5305856685581,
baseline,1938,WŁODZIMIERSKI,Stołpce,Border_Crossing:Stołpce,439.8073091574092,273.2835074984485,
baseline,1938,WŁODZIMIERSKI,Zbąszyń,Border_Crossing:Zbąszyń,713.5537678724484,443.3816182966711,
baseline,1938,WŁODZIMIERSKI,Zebrzydowice,Border_Crossing:Zebrzydowice,547.8340620120518,340.40819894649064,
baseline,1938,WŁOSZCZOWSKI,Gdynia,City:Gdynia,578.6359025412179,359.54756939793907,
baseline,1938,WŁOSZCZOWSKI,Stołpce,Border_Crossing:Stołpce,592.3077647280629,368.0428680768412,
baseline,1938,WŁOSZCZOWSKI,Zbąszyń,Border_Crossing:Zbąszyń,490.5198038263962,304.79478102341164,
baseline,1938,WŁOSZCZOWSKI,Zebrzydowice,Border_Crossing:Zebrzydowice,218.94888557597645,136.04848797923006,
baseline,1938,ZALESZCZYCKI,Gdynia,City:Gdynia,1024.0265329068873,636.3003907788855,
baseline,1938,ZALESZCZYCKI,Stołpce,Border_Crossing:Stołpce,702.0454347940407,436.23067386340784,
baseline,1938,ZALESZCZYCKI,Zbąszyń,Border_Crossing:Zbąszyń,943.9479739573017,586.5418965258225,
baseline,1938,ZALESZCZYCKI,Zebrzydowice,Border_Crossing:Zebrzydowice,626.6394405536762,389.37557581627834,
baseline,1938,ZAMOJSKI,Gdynia,City:Gdynia,658.8695986615694,409.402461389938,
baseline,1938,ZAMOJSKI,Stołpce,Border_Crossing:Stołpce,434.26139634393434,269.83743810762684,
baseline,1938,ZAMOJSKI,Zbąszyń,Border_Crossing:Zbąszyń,626.442968883406,389.2534940180509,
baseline,1938,ZAMOJSKI,Zebrzydowice,Border_Crossing:Zebrzydowice,476.38971369921444,296.0147527909946,
baseline,1938,ZBARASKI,Gdynia,City:Gdynia,940.2193713022053,584.2250509654226,
baseline,1938,ZBARASKI,Stołpce,Border_Crossing:Stołpce,566.2540512931303,351.85384610606366,
baseline,1938,ZBARASKI,Zbąszyń,Border_Crossing:Zbąszyń,873.9544601339409,543.049956847887,
baseline,1938,ZBARASKI,Zebrzydowice,Border_Crossing:Zebrzydowice,570.9055546911567,354.74415542399873,
baseline,1938,ZBOROWSKI,Gdynia,City:Gdynia,886.0749612481144,550.5812847457021,
baseline,1938,ZBOROWSKI,Stołpce,Border_Crossing:Stołpce,564.9446736924901,351.0402368369763,
baseline,1938,ZBOROWSKI,Zbąszyń,Border_Crossing:Zbąszyń,819.81005007985,509.40619062816654,
baseline,1938,ZBOROWSKI,Zebrzydowice,Border_Crossing:Zebrzydowice,516.7611446370657,321.10038920427814,
baseline,1938,ZDOŁBUNOWSKI,Gdynia,City:Gdynia,888.3457587511156,551.9922924609394,
baseline,1938,ZDOŁBUNOWSKI,Stołpce,Border_Crossing:Stołpce,414.99571709443575,257.8663037266866,
baseline,1938,ZDOŁBUNOWSKI,Zbąszyń,Border_Crossing:Zbąszyń,855.9191289729522,531.8433250890523,
baseline,1938,ZDOŁBUNOWSKI,Zebrzydowice,Border_Crossing:Zebrzydowice,637.4917791819777,396.11890432208463,
baseline,1938,ZŁOCZOWSKI,Gdynia,City:Gdynia,862.8112768062481,536.1259058803752,
baseline,1938,ZŁOCZOWSKI,Stołpce,Border_Crossing:Stołpce,543.101894862355,337.46776751251645,
baseline,1938,ZŁOCZOWSKI,Zbąszyń,Border_Crossing:Zbąszyń,796.5463656379837,494.95081176283963,
baseline,1938,ZŁOCZOWSKI,Zebrzydowice,Border_Crossing:Zebrzydowice,493.4974601951994,306.64501033895124,
baseline,1938,ŁASKI,Gdynia,City:Gdynia,371.4616235845387,230.8154805083484,
baseline,1938,ŁASKI,Stołpce,Border_Crossing:Stołpce,606.6180687209038,376.9348759791767,
baseline,1938,ŁASKI,Zbąszyń,Border_Crossing:Zbąszyń,257.1888790420921,159.8097109592638,
baseline,1938,ŁASKI,Zebrzydowice,Border_Crossing:Zebrzydowice,238.25215558261922,148.04298016652768,
baseline,1938,ŁAŃCUCKI,Gdynia,City:Gdynia,662.6102251118369,411.7267781879672,
baseline,1938,ŁAŃCUCKI,Stołpce,Border_Crossing:Stołpce,576.5299552805526,358.2389948426322,
baseline,1938,ŁAŃCUCKI,Zbąszyń,Border_Crossing:Zbąszyń,578.0973183090069,359.2129087749859,
baseline,1938,ŁAŃCUCKI,Zebrzydowice,Border_Crossing:Zebrzydowice,317.2590966229239,197.13560212768283,
baseline,1938,ŁOMŻYŃSKI,Gdynia,City:Gdynia,536.4922259883989,333.3607109546374,
baseline,1938,ŁOMŻYŃSKI,Stołpce,Border_Crossing:Stołpce,367.0723201610365,228.0880946507834,
baseline,1938,ŁOMŻYŃSKI,Zbąszyń,Border_Crossing:Zbąszyń,518.5515561179815,322.2128989765863,
baseline,1938,ŁOMŻYŃSKI,Zebrzydowice,Border_Crossing:Zebrzydowice,525.5903175995352,326.58658123714076,
baseline,1938,ŁOWICKI,Gdynia,City:Gdynia,369.1869801202595,229.40208302430574,
baseline,1938,ŁOWICKI,Stołpce,Border_Crossing:Stołpce,516.552228210012,320.9705745950834,
baseline,1938,ŁOWICKI,Zbąszyń,Border_Crossing:Zbąszyń,288.8507374073627,179.48347155355037,
baseline,1938,ŁOWICKI,Zebrzydowice,Border_Crossing:Zebrzydowice,321.5387493335707,199.79485421215017,
baseline,1938,ŁUCKI,Gdynia,City:Gdynia,791.2125750084537,491.6365489455779,
baseline,1938,ŁUCKI,Stołpce,Border_Crossing:Stołpce,435.29499160336536,270.47968422757475,
baseline,1938,ŁUCKI,Zbąszyń,Border_Crossing:Zbąszyń,758.7859452302903,471.4875815736907,
baseline,1938,ŁUCKI,Zebrzydowice,Border_Crossing:Zebrzydowice,582.1850843006794,361.75292801699743,
baseline,1938,ŁUKOWSKI,Gdynia,City:Gdynia,522.9369918532259,324.93788156483083,
baseline,1938,ŁUKOWSKI,Stołpce,Border_Crossing:Stołpce,368.9614719491766,229.2619587865318,
baseline,1938,ŁUKOWSKI,Zbąszyń,Border_Crossing:Zbąszyń,490.5975716826293,304.84310371400704,
baseline,1938,ŁUKOWSKI,Zebrzydowice,Border_Crossing:Zebrzydowice,401.67796705752795,249.5910400685032,
baseline,1938,ŁUNINIECKI,Gdynia,City:Gdynia,844.5417206520486,524.7737335032841,
baseline,1938,ŁUNINIECKI,Stołpce,Border_Crossing:Stołpce,182.22823636767362,113.23134146001773,
baseline,1938,ŁUNINIECKI,Zbąszyń,Border_Crossing:Zbąszyń,812.2052504744042,504.68078869253105,
baseline,1938,ŁUNINIECKI,Zebrzydowice,Border_Crossing:Zebrzydowice,725.3535812904389,450.71368016002134,
baseline,1938,ŁÓDZKI,Gdynia,City:Gdynia,370.2097080773675,230.0375765177419,
baseline,1938,ŁÓDZKI,Stołpce,Border_Crossing:Stołpce,566.8714328996451,352.2374691322854,
baseline,1938,ŁÓDZKI,Zbąszyń,Border_Crossing:Zbąszyń,280.59200004620374,174.35173166070967,
baseline,1938,ŁÓDZKI,Zebrzydowice,Border_Crossing:Zebrzydowice,268.5886306117772,166.8931859918706,
baseline,1938,ŁÓDŹ (MIASTO),Gdynia,City:Gdynia,377.3340539594681,234.46443844284866,
baseline,1938,ŁÓDŹ (MIASTO),Stołpce,Border_Crossing:Stołpce,561.4357159620369,348.85987226304684,
baseline,1938,ŁÓDŹ (MIASTO),Zbąszyń,Border_Crossing:Zbąszyń,294.24130982641736,182.83301692815078,
baseline,1938,ŁÓDŹ (MIASTO),Zebrzydowice,Border_Crossing:Zebrzydowice,279.9077181993995,173.92653876527905,
baseline,1938,ŁĘCZYCKI,Gdynia,City:Gdynia,333.74878754893786,207.38181786807107,
baseline,1938,ŁĘCZYCKI,Stołpce,Border_Crossing:Stołpce,580.503990653895,360.70834517660137,
baseline,1938,ŁĘCZYCKI,Zbąszyń,Border_Crossing:Zbąszyń,251.18490701328807,156.07901685575382,
baseline,1938,ŁĘCZYCKI,Zebrzydowice,Border_Crossing:Zebrzydowice,299.4832262024331,186.09019174863207,
baseline,1938,ŚNIATYŃSKI,Gdynia,City:Gdynia,1003.0509025032939,623.2667423393742,
baseline,1938,ŚNIATYŃSKI,Stołpce,Border_Crossing:Stołpce,768.7866322956631,477.7017184961885,
baseline,1938,ŚNIATYŃSKI,Zbąszyń,Border_Crossing:Zbąszyń,922.9723435537082,573.5082480863113,
baseline,1938,ŚNIATYŃSKI,Zebrzydowice,Border_Crossing:Zebrzydowice,605.6638101500827,376.341927376767,
baseline,1938,ŚREDZKI,Gdynia,City:Gdynia,316.9674973352009,196.95441078667113,
baseline,1938,ŚREDZKI,Stołpce,Border_Crossing:Stołpce,753.6637103461549,468.30477336150057,
baseline,1938,ŚREDZKI,Zbąszyń,Border_Crossing:Zbąszyń,105.54079221256589,65.57998759791428,
baseline,1938,ŚREDZKI,Zebrzydowice,Border_Crossing:Zebrzydowice,358.9178820405904,223.0211632814437,
baseline,1938,ŚREMSKI,Gdynia,City:Gdynia,335.582039963667,208.52094775426372,
baseline,1938,ŚREMSKI,Stołpce,Border_Crossing:Stołpce,776.6731538310437,482.60217426914943,
baseline,1938,ŚREMSKI,Zbąszyń,Border_Crossing:Zbąszyń,104.07221983739754,64.66745931258355,
baseline,1938,ŚREMSKI,Zebrzydowice,Border_Crossing:Zebrzydowice,408.436929667742,253.7908634245745,
baseline,1938,ŚWIECKI,Gdynia,City:Gdynia,144.88011549232908,90.02430224358402,
baseline,1938,ŚWIECKI,Stołpce,Border_Crossing:Stołpce,682.3149320231331,423.9707116261463,
baseline,1938,ŚWIECKI,Zbąszyń,Border_Crossing:Zbąszyń,247.73898312424214,153.93781968289346,
baseline,1938,ŚWIECKI,Zebrzydowice,Border_Crossing:Zebrzydowice,465.0726499466813,288.9826575700193,
baseline,1938,ŚWIĘCIAŃSKI,Gdynia,City:Gdynia,870.090756972017,540.6491637504591,
baseline,1938,ŚWIĘCIAŃSKI,Stołpce,Border_Crossing:Stołpce,337.3511785063213,209.62023913965137,
baseline,1938,ŚWIĘCIAŃSKI,Zbąszyń,Border_Crossing:Zbąszyń,852.1500871015996,529.501351772408,
baseline,1938,ŚWIĘCIAŃSKI,Zebrzydowice,Border_Crossing:Zebrzydowice,859.1888485831532,533.8750340329625,
baseline,1938,ŚWIĘTOCHŁOWICKI,Gdynia,City:Gdynia,503.13510788748516,312.63356512315454,
baseline,1938,ŚWIĘTOCHŁOWICKI,Stołpce,Border_Crossing:Stołpce,687.5327807992608,427.2129315380175,
baseline,1938,ŚWIĘTOCHŁOWICKI,Zbąszyń,Border_Crossing:Zbąszyń,346.10160051817604,215.05749761557956,
baseline,1938,ŚWIĘTOCHŁOWICKI,Zebrzydowice,Border_Crossing:Zebrzydowice,80.14898558510991,49.80225532200533,
baseline,1938,ŻNIŃSKI,Gdynia,City:Gdynia,221.57082627387115,137.67768589262158,
baseline,1938,ŻNIŃSKI,Stołpce,Border_Crossing:Stołpce,713.2824276118198,443.2130153275841,
baseline,1938,ŻNIŃSKI,Zbąszyń,Border_Crossing:Zbąszyń,159.19700013686395,98.92039917204329,
baseline,1938,ŻNIŃSKI,Zebrzydowice,Border_Crossing:Zebrzydowice,412.1552049927751,256.10129188156566,
baseline,1938,ŻYDACZOWSKI,Gdynia,City:Gdynia,858.1592258955543,533.2352563539465,
baseline,1938,ŻYDACZOWSKI,Stołpce,Border_Crossing:Stołpce,623.894955687924,387.6702325107611,
baseline,1938,ŻYDACZOWSKI,Zbąszyń,Border_Crossing:Zbąszyń,791.8943147272902,492.06016223641103,
baseline,1938,ŻYDACZOWSKI,Zebrzydowice,Border_Crossing:Zebrzydowice,477.2869891974238,296.5722937645924,
baseline,1938,ŻYWIECKI,Gdynia,City:Gdynia,589.7397327934932,366.44716750562566,
baseline,1938,ŻYWIECKI,Stołpce,Border_Crossing:Stołpce,736.5668059892341,457.6812528043364,
baseline,1938,ŻYWIECKI,Zbąszyń,Border_Crossing:Zbąszyń,432.70622542418397,268.8710999980506,
baseline,1938,ŻYWIECKI,Zebrzydowice,Border_Crossing:Zebrzydowice,65.82494930051176,40.90171457180829,
baseline,1938,ŻÓŁKIEWSKI,Gdynia,City:Gdynia,776.1913756231382,482.30281126232506,
baseline,1938,ŻÓŁKIEWSKI,Stołpce,Border_Crossing:Stołpce,547.5369085799068,340.2235564212053,
baseline,1938,ŻÓŁKIEWSKI,Zbąszyń,Border_Crossing:Zbąszyń,743.7647458449751,462.153843890438,
baseline,1938,ŻÓŁKIEWSKI,Zebrzydowice,Border_Crossing:Zebrzydowice,455.0490227580536,282.7542663201945,
fixed14,1924,AUGUSTOWSKI,Gdynia,City:Gdynia,,,3381.311026495728
fixed14,1924,AUGUSTOWSKI,Stołpce,Border_Crossing:Stołpce,,,1544.3233200991306
fixed14,1924,AUGUSTOWSKI,Zbąszyń,Border_Crossing:Zbąszyń,,,3076.2509842816653
fixed14,1924,AUGUSTOWSKI,Zebrzydowice,Border_Crossing:Zebrzydowice,,,3186.635471358765
fixed14,1924,BARANOWICKI,Gdynia,City:Gdynia,,,3569.3267354324876
fixed14,1924,BARANOWICKI,Stołpce,Border_Crossing:Stołpce,,,391.2928832408243
fixed14,1924,BARANOWICKI,Zbąszyń,Border_Crossing:Zbąszyń,,,3264.266693218425
fixed14,1924,BARANOWICKI,Zebrzydowice,Border_Crossing:Zebrzydowice,,,3022.0195314876264
fixed14,1924,BIALSKI (BIAŁA KRAKOWSKA),Gdynia,City:Gdynia,,,3168.6471989390548
fixed14,1924,BIALSKI (BIAŁA KRAKOWSKA),Stołpce,Border_Crossing:Stołpce,,,3223.855844660012
fixed14,1924,BIALSKI (BIAŁA KRAKOWSKA),Zbąszyń,Border_Crossing:Zbąszyń,,,2512.7995580639395
fixed14,1924,BIALSKI (BIAŁA KRAKOWSKA),Zebrzydowice,Border_Crossing:Zebrzydowice,,,299.0483310941574
fixed14,1924,BIALSKI (BIAŁA PODLASKA),Gdynia,City:Gdynia,,,2704.808849989078
fixed14,1924,BIALSKI (BIAŁA PODLASKA),Stołpce,Border_Crossing:Stołpce,,,1408.238529255422
fixed14,1924,BIALSKI (BIAŁA PODLASKA),Zbąszyń,Border_Crossing:Zbąszyń,,,2399.7488077750154
fixed14,1924,BIALSKI (BIAŁA PODLASKA),Zebrzydowice,Border_Crossing:Zebrzydowice,,,2008.5380758225172
fixed14,1924,BIAŁOSTOCKI,Gdynia,City:Gdynia,,,2730.2371990042716
fixed14,1924,BIAŁOSTOCKI,Stołpce,Border_Crossing:Stołpce,,,1217.7543228133163
fixed14,1924,BIAŁOSTOCKI,Zbąszyń,Border_Crossing:Zbąszyń,,,2425.177156790209
fixed14,1924,BIAŁOSTOCKI,Zebrzydowice,Border_Crossing:Zebrzydowice,,,2535.5616438673087
fixed14,1924,BIELSKI (BIELSK PODLASKI),Gdynia,City:Gdynia,,,2883.1024519825482
fixed14,1924,BIELSKI (BIELSK PODLASKI),Stołpce,Border_Crossing:Stołpce,,,1327.700332804216
fixed14,1924,BIELSKI (BIELSK PODLASKI),Zbąszyń,Border_Crossing:Zbąszyń,,,2578.042409768485
fixed14,1924,BIELSKI (BIELSK PODLASKI),Zebrzydowice,Border_Crossing:Zebrzydowice,,,2405.9885613218685
fixed14,1924,BIELSKO,Gdynia,City:Gdynia,,,3159.2950145466657
fixed14,1924,BIELSKO,Stołpce,Border_Crossing:Stołpce,,,3217.1385559128134
fixed14,1924,BIELSKO,Zbąszyń,Border_Crossing:Zbąszyń,,,2503.447373671551
fixed14,1924,BIELSKO,Zebrzydowice,Border_Crossing:Zebrzydowice,,,185.01053639837937
fixed14,1924,BIŁGORAJSKI,Gdynia,City:Gdynia,,,3251.5209341569007
fixed14,1924,BIŁGORAJSKI,Stołpce,Border_Crossing:Stołpce,,,2105.181083843917
fixed14,1924,BIŁGORAJSKI,Zbąszyń,Border_Crossing:Zbąszyń,,,2939.824999110793
fixed14,1924,BIŁGORAJSKI,Zebrzydowice,Border_Crossing:Zebrzydowice,,,2285.7310153665458
fixed14,1924,BOCHEŃSKI,Gdynia,City:Gdynia,,,3224.7231688148768
fixed14,1924,BOCHEŃSKI,Stołpce,Border_Crossing:Stołpce,,,2944.4125940559506
fixed14,1924,BOCHEŃSKI,Zbąszyń,Border_Crossing:Zbąszyń,,,2568.8755279397615
fixed14,1924,BOCHEŃSKI,Zebrzydowice,Border_Crossing:Zebrzydowice,,,627.6855229735106
fixed14,1924,BORSZCZOWSKI,Gdynia,City:Gdynia,,,4830.832842971168
fixed14,1924,BORSZCZOWSKI,Stołpce,Border_Crossing:Stołpce,,,3196.2817934703526
fixed14,1924,BORSZCZOWSKI,Zbąszyń,Border_Crossing:Zbąszyń,,,4390.0836148051385
fixed14,1924,BORSZCZOWSKI,Zebrzydowice,Border_Crossing:Zebrzydowice,,,3064.3260742578386
fixed14,1924,BRASŁAWSKI,Gdynia,City:Gdynia,,,4431.974005607428
fixed14,1924,BRASŁAWSKI,Stołpce,Border_Crossing:Stołpce,,,1909.753892609312
fixed14,1924,BRASŁAWSKI,Zbąszyń,Border_Crossing:Zbąszyń,,,4126.913963393364
fixed14,1924,BRASŁAWSKI,Zebrzydowice,Border_Crossing:Zebrzydowice,,,4237.298450470462
fixed14,1924,BRODNICKI,Gdynia,City:Gdynia,,,1114.7609581111512
fixed14,1924,BRODNICKI,Stołpce,Border_Crossing:Stołpce,,,2687.8001612324483
fixed14,1924,BRODNICKI,Zbąszyń,Border_Crossing:Zbąszyń,,,1206.7198522248586
fixed14,1924,BRODNICKI,Zebrzydowice,Border_Crossing:Zebrzydowice,,,2349.8167285247373
fixed14,1924,BRODZKI,Gdynia,City:Gdynia,,,3975.7721996784117
fixed14,1924,BRODZKI,Stołpce,Border_Crossing:Stołpce,,,2065.37785438533
fixed14,1924,BRODZKI,Zbąszyń,Border_Crossing:Zbąszyń,,,3535.0229715123814
fixed14,1924,BRODZKI,Zebrzydowice,Border_Crossing:Zebrzydowice,,,2209.265430965083
fixed14,1924,BRZESKI (BRZESKO),Gdynia,City:Gdynia,,,3532.4878299853854
fixed14,1924,BRZESKI (BRZESKO),Stołpce,Border_Crossing:Stołpce,,,3027.160705786567
fixed14,1924,BRZESKI (BRZESKO),Zbąszyń,Border_Crossing:Zbąszyń,,,2876.640189110269
fixed14,1924,BRZESKI (BRZESKO),Zebrzydowice,Border_Crossing:Zebrzydowice,,,1040.6054248985429
fixed14,1924,BRZESKI (BRZEŚĆ N.BUG.),Gdynia,City:Gdynia,,,2816.3179794223
fixed14,1924,BRZESKI (BRZEŚĆ N.BUG.),Stołpce,Border_Crossing:Stołpce,,,1191.6065703784511
fixed14,1924,BRZESKI (BRZEŚĆ N.BUG.),Zbąszyń,Border_Crossing:Zbąszyń,,,2511.2579372082373
fixed14,1924,BRZESKI (BRZEŚĆ N.BUG.),Zebrzydowice,Border_Crossing:Zebrzydowice,,,2123.4518884898785
fixed14,1924,BRZEZIŃSKI,Gdynia,City:Gdynia,,,2057.493370336137
fixed14,1924,BRZEZIŃSKI,Stołpce,Border_Crossing:Stołpce,,,2506.6910555981763
fixed14,1924,BRZEZIŃSKI,Zbąszyń,Border_Crossing:Zbąszyń,,,1407.4616097846606
fixed14,1924,BRZEZIŃSKI,Zebrzydowice,Border_Crossing:Zebrzydowice,,,1255.9657550031986
fixed14,1924,BRZEŻAŃSKI,Gdynia,City:Gdynia,,,4075.995213646942
fixed14,1924,BRZEŻAŃSKI,Stołpce,Border_Crossing:Stołpce,,,2871.1573488364243
fixed14,1924,BRZEŻAŃSKI,Zbąszyń,Border_Crossing:Zbąszyń,,,3635.2459854809126
fixed14,1924,BRZEŻAŃSKI,Zebrzydowice,Border_Crossing:Zebrzydowice,,,2309.488444933613
fixed14,1924,BRZOZOWSKI,Gdynia,City:Gdynia,,,3556.73795694037
fixed14,1924,BRZOZOWSKI,Stołpce,Border_Crossing:Stołpce,,,2866.7302824041553
fixed14,1924,BRZOZOWSKI,Zbąszyń,Border_Crossing:Zbąszyń,,,2902.634277374558
fixed14,1924,BRZOZOWSKI,Zebrzydowice,Border_Crossing:Zebrzydowice,,,1549.5778205839338
fixed14,1924,BUCZACKI,Gdynia,City:Gdynia,,,4424.945701755903
fixed14,1924,BUCZACKI,Stołpce,Border_Crossing:Stołpce,,,2992.7292459230607
fixed14,1924,BUCZACKI,Zbąszyń,Border_Crossing:Zbąszyń,,,3924.9951259556383
fixed14,1924,BUCZACKI,Zebrzydowice,Border_Crossing:Zebrzydowice,,,2538.124894147591
fixed14,1924,BYDGOSKI,Gdynia,City:Gdynia,,,949.5833700476429
fixed14,1924,BYDGOSKI,Stołpce,Border_Crossing:Stołpce,,,3131.8578317414435
fixed14,1924,BYDGOSKI,Zbąszyń,Border_Crossing:Zbąszyń,,,853.2798029462589
fixed14,1924,BYDGOSKI,Zebrzydowice,Border_Crossing:Zebrzydowice,,,2297.924448632416
fixed14,1924,BÓBRECKI,Gdynia,City:Gdynia,,,4033.987444003141
fixed14,1924,BÓBRECKI,Stołpce,Border_Crossing:Stołpce,,,2845.397341100981
fixed14,1924,BÓBRECKI,Zbąszyń,Border_Crossing:Zbąszyń,,,3593.238215837112
fixed14,1924,BÓBRECKI,Zebrzydowice,Border_Crossing:Zebrzydowice,,,2220.454276489722
fixed14,1924,BĘDZIŃSKI,Gdynia,City:Gdynia,,,2897.496142502037
fixed14,1924,BĘDZIŃSKI,Stołpce,Border_Crossing:Stołpce,,,2987.0443942054458
fixed14,1924,BĘDZIŃSKI,Zbąszyń,Border_Crossing:Zbąszyń,,,2241.648501626922
fixed14,1924,BĘDZIŃSKI,Zebrzydowice,Border_Crossing:Zebrzydowice,,,454.0650087181005
fixed14,1924,BŁOŃSKI,Gdynia,City:Gdynia,,,2027.4856269091172
fixed14,1924,BŁOŃSKI,Stołpce,Border_Crossing:Stołpce,,,2453.8189363024358
fixed14,1924,BŁOŃSKI,Zbąszyń,Border_Crossing:Zbąszyń,,,1490.5366019465177
fixed14,1924,BŁOŃSKI,Zebrzydowice,Border_Crossing:Zebrzydowice,,,1488.6285206215812
fixed14,1924,CHEŁMIŃSKI,Gdynia,City:Gdynia,,,1124.615214199866
fixed14,1924,CHEŁMIŃSKI,Stołpce,Border_Crossing:Stołpce,,,3110.4124365468833
fixed14,1924,CHEŁMIŃSKI,Zbąszyń,Border_Crossing:Zbąszyń,,,1141.4440060487896
fixed14,1924,CHEŁMIŃSKI,Zebrzydowice,Border_Crossing:Zebrzydowice,,,2285.916183554264
fixed14,1924,CHEŁMSKI,Gdynia,City:Gdynia,,,2936.1674777536846
fixed14,1924,CHEŁMSKI,Stołpce,Border_Crossing:Stołpce,,,1655.6297237158167
fixed14,1924,CHEŁMSKI,Zbąszyń,Border_Crossing:Zbąszyń,,,2624.471542707576
fixed14,1924,CHEŁMSKI,Zebrzydowice,Border_Crossing:Zebrzydowice,,,1970.3775589633292
fixed14,1924,CHODZIESKI,Gdynia,City:Gdynia,,,1150.5769885266168
fixed14,1924,CHODZIESKI,Stołpce,Border_Crossing:Stołpce,,,3440.0124055060805
fixed14,1924,CHODZIESKI,Zbąszyń,Border_Crossing:Zbąszyń,,,681.7650530630001
fixed14,1924,CHODZIESKI,Zebrzydowice,Border_Crossing:Zebrzydowice,,,2602.6125877301524
fixed14,1924,CHOJNICKI,Gdynia,City:Gdynia,,,788.6083049178698
fixed14,1924,CHOJNICKI,Stołpce,Border_Crossing:Stołpce,,,3427.0420090968823
fixed14,1924,CHOJNICKI,Zbąszyń,Border_Crossing:Zbąszyń,,,1218.5812466750276
fixed14,1924,CHOJNICKI,Zebrzydowice,Border_Crossing:Zebrzydowice,,,2797.401443904289
fixed14,1924,CHORZÓW,Gdynia,City:Gdynia,,,2865.437299228901
fixed14,1924,CHORZÓW,Stołpce,Border_Crossing:Stołpce,,,2941.554182704102
fixed14,1924,CHORZÓW,Zbąszyń,Border_Crossing:Zbąszyń,,,2209.589658353786
fixed14,1924,CHORZÓW,Zebrzydowice,Border_Crossing:Zebrzydowice,,,335.05103646657506
fixed14,1924,CHRZANOWSKI,Gdynia,City:Gdynia,,,2915.603972031559
fixed14,1924,CHRZANOWSKI,Stołpce,Border_Crossing:Stołpce,,,2946.914069014884
fixed14,1924,CHRZANOWSKI,Zbąszyń,Border_Crossing:Zbąszyń,,,2259.7563311564445
fixed14,1924,CHRZANOWSKI,Zebrzydowice,Border_Crossing:Zebrzydowice,,,341.759241804028
fixed14,1924,CIECHANOWSKI,Gdynia,City:Gdynia,,,1538.9827781858276
fixed14,1924,CIECHANOWSKI,Stołpce,Border_Crossing:Stołpce,,,2256.796512886163
fixed14,1924,CIECHANOWSKI,Zbąszyń,Border_Crossing:Zbąszyń,,,1630.9416722995356
fixed14,1924,CIECHANOWSKI,Zebrzydowice,Border_Crossing:Zebrzydowice,,,2111.645749287378
fixed14,1924,CIESZYŃSKI,Gdynia,City:Gdynia,,,3208.5242163304956
fixed14,1924,CIESZYŃSKI,Stołpce,Border_Crossing:Stołpce,,,3266.367757696643
fixed14,1924,CIESZYŃSKI,Zbąszyń,Border_Crossing:Zbąszyń,,,2552.6765754553808
fixed14,1924,CIESZYŃSKI,Zebrzydowice,Border_Crossing:Zebrzydowice,,,323.7213591469301
fixed14,1924,CZARNKOWSKI,Gdynia,City:Gdynia,,,1339.3638973694747
fixed14,1924,CZARNKOWSKI,Stołpce,Border_Crossing:Stołpce,,,3527.3261250007827
fixed14,1924,CZARNKOWSKI,Zbąszyń,Border_Crossing:Zbąszyń,,,728.484572083112
fixed14,1924,CZARNKOWSKI,Zebrzydowice,Border_Crossing:Zebrzydowice,,,2682.087904654783
fixed14,1924,CZORTKOWSKI,Gdynia,City:Gdynia,,,4468.432360644567
fixed14,1924,CZORTKOWSKI,Stołpce,Border_Crossing:Stołpce,,,2833.8813111437503
fixed14,1924,CZORTKOWSKI,Zbąszyń,Border_Crossing:Zbąszyń,,,3987.8604840372673
fixed14,1924,CZORTKOWSKI,Zebrzydowice,Border_Crossing:Zebrzydowice,,,2600.990252229221
fixed14,1924,CZĘSTOCHOWSKI,Gdynia,City:Gdynia,,,2553.704955866669
fixed14,1924,CZĘSTOCHOWSKI,Stołpce,Border_Crossing:Stołpce,,,2853.97373016747
fixed14,1924,CZĘSTOCHOWSKI,Zbąszyń,Border_Crossing:Zbąszyń,,,1891.3053283110237
fixed14,1924,CZĘSTOCHOWSKI,Zebrzydowice,Border_Crossing:Zebrzydowice,,,769.6797034736246
fixed14,1924,DOBROMILSKI,Gdynia,City:Gdynia,,,3760.6748431094375
fixed14,1924,DOBROMILSKI,Stołpce,Border_Crossing:Stołpce,,,3033.7949865405394
fixed14,1924,DOBROMILSKI,Zbąszyń,Border_Crossing:Zbąszyń,,,3106.6669955593484
fixed14,1924,DOBROMILSKI,Zebrzydowice,Border_Crossing:Zebrzydowice,,,1607.9079189589218
fixed14,1924,DOLIŃSKI,Gdynia,City:Gdynia,,,4147.72566032717
fixed14,1924,DOLIŃSKI,Stołpce,Border_Crossing:Stołpce,,,2960.0026619142045
fixed14,1924,DOLIŃSKI,Zbąszyń,Border_Crossing:Zbąszyń,,,3501.4424596377808
fixed14,1924,DOLIŃSKI,Zebrzydowice,Border_Crossing:Zebrzydowice,,,2114.5722278297344
fixed14,1924,DROHICKI,Gdynia,City:Gdynia,,,3416.2208917044145
fixed14,1924,DROHICKI,Stołpce,Border_Crossing:Stołpce,,,1291.3857164561605
fixed14,1924,DROHICKI,Zbąszyń,Border_Crossing:Zbąszyń,,,3111.1608494903526
fixed14,1924,DROHICKI,Zebrzydowice,Border_Crossing:Zebrzydowice,,,2719.9501175378564
fixed14,1924,DROHOBYCKI,Gdynia,City:Gdynia,,,3823.710208743075
fixed14,1924,DROHOBYCKI,Stołpce,Border_Crossing:Stołpce,,,2835.2933338075036
fixed14,1924,DROHOBYCKI,Zbąszyń,Border_Crossing:Zbąszyń,,,3169.702361192985
fixed14,1924,DROHOBYCKI,Zebrzydowice,Border_Crossing:Zebrzydowice,,,1782.832129384938
fixed14,1924,DUBIEŃSKI,Gdynia,City:Gdynia,,,4171.472629511648
fixed14,1924,DUBIEŃSKI,Stołpce,Border_Crossing:Stołpce,,,1964.2804951744388
fixed14,1924,DUBIEŃSKI,Zbąszyń,Border_Crossing:Zbąszyń,,,3856.690574322657
fixed14,1924,DUBIEŃSKI,Zebrzydowice,Border_Crossing:Zebrzydowice,,,2533.0540077947676
fixed14,1924,DZIAŁDOWSKI,Gdynia,City:Gdynia,,,1480.1429530540097
fixed14,1924,DZIAŁDOWSKI,Stołpce,Border_Crossing:Stołpce,,,2637.2277969015063
fixed14,1924,DZIAŁDOWSKI,Zbąszyń,Border_Crossing:Zbąszyń,,,1572.1018471677178
fixed14,1924,DZIAŁDOWSKI,Zebrzydowice,Border_Crossing:Zebrzydowice,,,2492.0770333027212
fixed14,1924,DZIŚNIEŃSKI,Gdynia,City:Gdynia,,,4559.760099216272
fixed14,1924,DZIŚNIEŃSKI,Stołpce,Border_Crossing:Stołpce,,,1312.6970177618014
fixed14,1924,DZIŚNIEŃSKI,Zbąszyń,Border_Crossing:Zbąszyń,,,4254.700057002208
fixed14,1924,DZIŚNIEŃSKI,Zebrzydowice,Border_Crossing:Zebrzydowice,,,4228.5478346925765
fixed14,1924,DĄBROWSKI,Gdynia,City:Gdynia,,,3364.1368478752943
fixed14,1924,DĄBROWSKI,Stołpce,Border_Crossing:Stołpce,,,2892.6856813918084
fixed14,1924,DĄBROWSKI,Zbąszyń,Border_Crossing:Zbąszyń,,,2708.2892070001785
fixed14,1924,DĄBROWSKI,Zebrzydowice,Border_Crossing:Zebrzydowice,,,917.1986192581512
fixed14,1924,GARWOLIŃSKI,Gdynia,City:Gdynia,,,2344.829869383086
fixed14,1924,GARWOLIŃSKI,Stołpce,Border_Crossing:Stołpce,,,2107.054268194583
fixed14,1924,GARWOLIŃSKI,Zbąszyń,Border_Crossing:Zbąszyń,,,2033.1339343369793
fixed14,1924,GARWOLIŃSKI,Zebrzydowice,Border_Crossing:Zebrzydowice,,,1844.7927658451013
fixed14,1924,GNIEŹNIEŃSKI,Gdynia,City:Gdynia,,,1166.6227021633963
fixed14,1924,GNIEŹNIEŃSKI,Stołpce,Border_Crossing:Stołpce,,,3018.1179216655505
fixed14,1924,GNIEŹNIEŃSKI,Zbąszyń,Border_Crossing:Zbąszyń,,,541.7331233294456
fixed14,1924,GNIEŹNIEŃSKI,Zebrzydowice,Border_Crossing:Zebrzydowice,,,2172.8797013195503
fixed14,1924,GORLICKI,Gdynia,City:Gdynia,,,3526.8841085339186
fixed14,1924,GORLICKI,Stołpce,Border_Crossing:Stołpce,,,3014.0814473417263
fixed14,1924,GORLICKI,Zbąszyń,Border_Crossing:Zbąszyń,,,2871.036467658802
fixed14,1924,GORLICKI,Zebrzydowice,Border_Crossing:Zebrzydowice,,,976.1956958284956
fixed14,1924,GOSTYNIŃSKI,Gdynia,City:Gdynia,,,1814.8987118183682
fixed14,1924,GOSTYNIŃSKI,Stołpce,Border_Crossing:Stołpce,,,2640.1930305848855
fixed14,1924,GOSTYNIŃSKI,Zbąszyń,Border_Crossing:Zbąszyń,,,1277.949686855769
fixed14,1924,GOSTYNIŃSKI,Zebrzydowice,Border_Crossing:Zebrzydowice,,,1816.6642839283722
fixed14,1924,GOSTYŃSKI,Gdynia,City:Gdynia,,,1615.208301425644
fixed14,1924,GOSTYŃSKI,Stołpce,Border_Crossing:Stołpce,,,3290.0119655317826
fixed14,1924,GOSTYŃSKI,Zbąszyń,Border_Crossing:Zbąszyń,,,471.3313564096872
fixed14,1924,GOSTYŃSKI,Zebrzydowice,Border_Crossing:Zebrzydowice,,,2129.9697817994324
fixed14,1924,GRODZIEŃSKI,Gdynia,City:Gdynia,,,3195.7617323037307
fixed14,1924,GRODZIEŃSKI,Stołpce,Border_Crossing:Stołpce,,,1321.1330244542567
fixed14,1924,GRODZIEŃSKI,Zbąszyń,Border_Crossing:Zbąszyń,,,2890.701690089669
fixed14,1924,GRODZIEŃSKI,Zebrzydowice,Border_Crossing:Zebrzydowice,,,2996.76065999125
fixed14,1924,GRUDZIĄDZKI,Gdynia,City:Gdynia,,,935.579004742875
fixed14,1924,GRUDZIĄDZKI,Stołpce,Border_Crossing:Stołpce,,,2888.4535891368346
fixed14,1924,GRUDZIĄDZKI,Zbąszyń,Border_Crossing:Zbąszyń,,,1168.5752306948982
fixed14,1924,GRUDZIĄDZKI,Zebrzydowice,Border_Crossing:Zebrzydowice,,,2313.047408200373
fixed14,1924,GRÓDECKI,Gdynia,City:Gdynia,,,3756.6060564828335
fixed14,1924,GRÓDECKI,Stołpce,Border_Crossing:Stołpce,,,2573.3873640830207
fixed14,1924,GRÓDECKI,Zbąszyń,Border_Crossing:Zbąszyń,,,3284.3448619461055
fixed14,1924,GRÓDECKI,Zebrzydowice,Border_Crossing:Zebrzydowice,,,1958.5873213988054
fixed14,1924,GRÓJECKI,Gdynia,City:Gdynia,,,2172.4843512021157
fixed14,1924,GRÓJECKI,Stołpce,Border_Crossing:Stołpce,,,2172.3419489518233
fixed14,1924,GRÓJECKI,Zbąszyń,Border_Crossing:Zbąszyń,,,1825.206258658829
fixed14,1924,GRÓJECKI,Zebrzydowice,Border_Crossing:Zebrzydowice,,,1984.9731350238133
fixed14,1924,HOROCHOWSKI,Gdynia,City:Gdynia,,,4272.412085798705
fixed14,1924,HOROCHOWSKI,Stołpce,Border_Crossing:Stołpce,,,2740.804127842248
fixed14,1924,HOROCHOWSKI,Zbąszyń,Border_Crossing:Zbąszyń,,,3831.6628576326752
fixed14,1924,HOROCHOWSKI,Zebrzydowice,Border_Crossing:Zebrzydowice,,,2505.9053170853763
fixed14,1924,HORODEŃSKI,Gdynia,City:Gdynia,,,4681.6625220903115
fixed14,1924,HORODEŃSKI,Stołpce,Border_Crossing:Stołpce,,,3249.314690874568
fixed14,1924,HORODEŃSKI,Zbąszyń,Border_Crossing:Zbąszyń,,,4181.711946290046
fixed14,1924,HORODEŃSKI,Zebrzydowice,Border_Crossing:Zebrzydowice,,,2794.8417144819996
fixed14,1924,HRUBIESZOWSKI,Gdynia,City:Gdynia,,,3261.189296752836
fixed14,1924,HRUBIESZOWSKI,Stołpce,Border_Crossing:Stołpce,,,2104.7595399641423
fixed14,1924,HRUBIESZOWSKI,Zbąszyń,Border_Crossing:Zbąszyń,,,2949.493361706729
fixed14,1924,HRUBIESZOWSKI,Zebrzydowice,Border_Crossing:Zebrzydowice,,,2295.3993779624816
fixed14,1924,INOWROCŁAWSKI,Gdynia,City:Gdynia,,,1250.4412586300598
fixed14,1924,INOWROCŁAWSKI,Stołpce,Border_Crossing:Stołpce,,,3130.500735998743
fixed14,1924,INOWROCŁAWSKI,Zbąszyń,Border_Crossing:Zbąszyń,,,862.0875323861908
fixed14,1924,INOWROCŁAWSKI,Zebrzydowice,Border_Crossing:Zebrzydowice,,,2293.461007939197
fixed14,1924,IWACEWICKI,Gdynia,City:Gdynia,,,3488.0189537644997
fixed14,1924,IWACEWICKI,Stołpce,Border_Crossing:Stołpce,,,721.0107565892475
fixed14,1924,IWACEWICKI,Zbąszyń,Border_Crossing:Zbąszyń,,,3182.958911550437
fixed14,1924,IWACEWICKI,Zebrzydowice,Border_Crossing:Zebrzydowice,,,2791.7481795979406
fixed14,1924,IŁŻECKI,Gdynia,City:Gdynia,,,2884.6039185869263
fixed14,1924,IŁŻECKI,Stołpce,Border_Crossing:Stołpce,,,2596.271689581509
fixed14,1924,IŁŻECKI,Zbąszyń,Border_Crossing:Zbąszyń,,,2228.756277711811
fixed14,1924,IŁŻECKI,Zebrzydowice,Border_Crossing:Zebrzydowice,,,1484.6535608697209
fixed14,1924,JANOWSKI,Gdynia,City:Gdynia,,,2891.412341715519
fixed14,1924,JANOWSKI,Stołpce,Border_Crossing:Stołpce,,,2197.62429538049
fixed14,1924,JANOWSKI,Zbąszyń,Border_Crossing:Zbąszyń,,,2574.379277795937
fixed14,1924,JANOWSKI,Zebrzydowice,Border_Crossing:Zebrzydowice,,,1584.3909418658252
fixed14,1924,JAROCIŃSKI,Gdynia,City:Gdynia,,,1481.0140643824411
fixed14,1924,JAROCIŃSKI,Stołpce,Border_Crossing:Stołpce,,,3161.1688469401383
fixed14,1924,JAROCIŃSKI,Zbąszyń,Border_Crossing:Zbąszyń,,,618.7058312146311
fixed14,1924,JAROCIŃSKI,Zebrzydowice,Border_Crossing:Zebrzydowice,,,2041.9458854402965
fixed14,1924,JAROSŁAWSKI,Gdynia,City:Gdynia,,,3348.9319425793615
fixed14,1924,JAROSŁAWSKI,Stołpce,Border_Crossing:Stołpce,,,2648.722962877086
fixed14,1924,JAROSŁAWSKI,Zbąszyń,Border_Crossing:Zbąszyń,,,2699.7809135452594
fixed14,1924,JAROSŁAWSKI,Zebrzydowice,Border_Crossing:Zebrzydowice,,,1378.917791431008
fixed14,1924,JASIELSKI,Gdynia,City:Gdynia,,,3588.593495947669
fixed14,1924,JASIELSKI,Stołpce,Border_Crossing:Stołpce,,,2967.381433213975
fixed14,1924,JASIELSKI,Zbąszyń,Border_Crossing:Zbąszyń,,,2932.745855072553
fixed14,1924,JASIELSKI,Zebrzydowice,Border_Crossing:Zebrzydowice,,,1082.9007900569143
fixed14,1924,JAWOROWSKI,Gdynia,City:Gdynia,,,3849.148563838219
fixed14,1924,JAWOROWSKI,Stołpce,Border_Crossing:Stołpce,,,2661.425565425254
fixed14,1924,JAWOROWSKI,Zbąszyń,Border_Crossing:Zbąszyń,,,3408.3993356721903
fixed14,1924,JAWOROWSKI,Zebrzydowice,Border_Crossing:Zebrzydowice,,,2082.6417951248905
fixed14,1924,JĘDRZEJOWSKI,Gdynia,City:Gdynia,,,2758.4803340486687
fixed14,1924,JĘDRZEJOWSKI,Stołpce,Border_Crossing:Stołpce,,,2470.1481050432512
fixed14,1924,JĘDRZEJOWSKI,Zbąszyń,Border_Crossing:Zbąszyń,,,2102.632693173554
fixed14,1924,JĘDRZEJOWSKI,Zebrzydowice,Border_Crossing:Zebrzydowice,,,779.5380888691752
fixed14,1924,KALISKI,Gdynia,City:Gdynia,,,1866.527882554456
fixed14,1924,KALISKI,Stołpce,Border_Crossing:Stołpce,,,3044.1235820305474
fixed14,1924,KALISKI,Zbąszyń,Border_Crossing:Zbąszyń,,,900.0803364685428
fixed14,1924,KALISKI,Zebrzydowice,Border_Crossing:Zebrzydowice,,,1878.2646970608675
fixed14,1924,KAMIONECKI,Gdynia,City:Gdynia,,,3869.341797722782
fixed14,1924,KAMIONECKI,Stołpce,Border_Crossing:Stołpce,,,2362.240715490149
fixed14,1924,KAMIONECKI,Zbąszyń,Border_Crossing:Zbąszyń,,,3428.592569556753
fixed14,1924,KAMIONECKI,Zebrzydowice,Border_Crossing:Zebrzydowice,,,2102.8350290094536
fixed14,1924,KARTUSKI,Gdynia,City:Gdynia,,,342.38375570654443
fixed14,1924,KARTUSKI,Stołpce,Border_Crossing:Stołpce,,,3661.9384017745606
fixed14,1924,KARTUSKI,Zbąszyń,Border_Crossing:Zbąszyń,,,1501.1341625670418
fixed14,1924,KARTUSKI,Zebrzydowice,Border_Crossing:Zebrzydowice,,,3056.7876564635512
fixed14,1924,KATOWICE,Gdynia,City:Gdynia,,,2910.6677677392618
fixed14,1924,KATOWICE,Stołpce,Border_Crossing:Stołpce,,,2976.1591595177815
fixed14,1924,KATOWICE,Zbąszyń,Border_Crossing:Zbąszyń,,,2254.820126864146
fixed14,1924,KATOWICE,Zebrzydowice,Border_Crossing:Zebrzydowice,,,365.66568561860265
fixed14,1924,KAŁUSKI,Gdynia,City:Gdynia,,,4362.569420055167
fixed14,1924,KAŁUSKI,Stołpce,Border_Crossing:Stołpce,,,3174.8464216422008
fixed14,1924,KAŁUSKI,Zbąszyń,Border_Crossing:Zbąszyń,,,3732.0443846875864
fixed14,1924,KAŁUSKI,Zebrzydowice,Border_Crossing:Zebrzydowice,,,2345.1741528795405
fixed14,1924,KIELECKI,Gdynia,City:Gdynia,,,2655.9700176342344
fixed14,1924,KIELECKI,Stołpce,Border_Crossing:Stołpce,,,2367.6377886288174
fixed14,1924,KIELECKI,Zbąszyń,Border_Crossing:Zbąszyń,,,2000.12237675912
fixed14,1924,KIELECKI,Zebrzydowice,Border_Crossing:Zebrzydowice,,,966.7567140894038
fixed14,1924,KOBRYŃSKI,Gdynia,City:Gdynia,,,3097.685657461317
fixed14,1924,KOBRYŃSKI,Stołpce,Border_Crossing:Stołpce,,,1253.0902305169127
fixed14,1924,KOBRYŃSKI,Zbąszyń,Border_Crossing:Zbąszyń,,,2792.625615247255
fixed14,1924,KOBRYŃSKI,Zebrzydowice,Border_Crossing:Zebrzydowice,,,2401.414883294757
fixed14,1924,KOLBUSZOWSKI,Gdynia,City:Gdynia,,,3442.24522534834
fixed14,1924,KOLBUSZOWSKI,Stołpce,Border_Crossing:Stołpce,,,2919.9870507291034
fixed14,1924,KOLBUSZOWSKI,Zbąszyń,Border_Crossing:Zbąszyń,,,2786.4937037840405
fixed14,1924,KOLBUSZOWSKI,Zebrzydowice,Border_Crossing:Zebrzydowice,,,1441.7851936648774
fixed14,1924,KOLSKI,Gdynia,City:Gdynia,,,1600.375735404641
fixed14,1924,KOLSKI,Stołpce,Border_Crossing:Stołpce,,,2683.338019120937
fixed14,1924,KOLSKI,Zbąszyń,Border_Crossing:Zbąszyń,,,907.4883593485239
fixed14,1924,KOLSKI,Zebrzydowice,Border_Crossing:Zebrzydowice,,,1838.0802587263063
fixed14,1924,KONECKI,Gdynia,City:Gdynia,,,2392.642606228657
fixed14,1924,KONECKI,Stołpce,Border_Crossing:Stołpce,,,2361.5561559630614
fixed14,1924,KONECKI,Zbąszyń,Border_Crossing:Zbąszyń,,,1736.794965353542
fixed14,1924,KONECKI,Zebrzydowice,Border_Crossing:Zebrzydowice,,,1230.2009924003296
fixed14,1924,KONIŃSKI,Gdynia,City:Gdynia,,,1547.6399125394448
fixed14,1924,KONIŃSKI,Stołpce,Border_Crossing:Stołpce,,,2863.3244476353007
fixed14,1924,KONIŃSKI,Zbąszyń,Border_Crossing:Zbąszyń,,,828.8857448757183
fixed14,1924,KONIŃSKI,Zebrzydowice,Border_Crossing:Zebrzydowice,,,2009.6060790024567
fixed14,1924,KOPYCZYNIECKI,Gdynia,City:Gdynia,,,4447.8817104350255
fixed14,1924,KOPYCZYNIECKI,Stołpce,Border_Crossing:Stołpce,,,2813.3306609342094
fixed14,1924,KOPYCZYNIECKI,Zbąszyń,Border_Crossing:Zbąszyń,,,4007.132482268996
fixed14,1924,KOPYCZYNIECKI,Zebrzydowice,Border_Crossing:Zebrzydowice,,,2681.3749417216964
fixed14,1924,KOSOWSKI (KOSÓW HUCULSKI),Gdynia,City:Gdynia,,,4831.487721083397
fixed14,1924,KOSOWSKI (KOSÓW HUCULSKI),Stołpce,Border_Crossing:Stołpce,,,3643.7647226704316
fixed14,1924,KOSOWSKI (KOSÓW HUCULSKI),Zbąszyń,Border_Crossing:Zbąszyń,,,4331.537145283135
fixed14,1924,KOSOWSKI (KOSÓW HUCULSKI),Zebrzydowice,Border_Crossing:Zebrzydowice,,,2944.666913475087
fixed14,1924,KOSTOPOLSKI,Gdynia,City:Gdynia,,,4156.254661823768
fixed14,1924,KOSTOPOLSKI,Stołpce,Border_Crossing:Stołpce,,,1681.1579080989184
fixed14,1924,KOSTOPOLSKI,Zbąszyń,Border_Crossing:Zbąszyń,,,3844.558726777661
fixed14,1924,KOSTOPOLSKI,Zebrzydowice,Border_Crossing:Zebrzydowice,,,2987.8514648519977
fixed14,1924,KOSZYRSKI,Gdynia,City:Gdynia,,,3756.054525581324
fixed14,1924,KOSZYRSKI,Stołpce,Border_Crossing:Stołpce,,,1476.9748375198155
fixed14,1924,KOSZYRSKI,Zbąszyń,Border_Crossing:Zbąszyń,,,3449.8576408048193
fixed14,1924,KOSZYRSKI,Zebrzydowice,Border_Crossing:Zebrzydowice,,,3013.6104869036644
fixed14,1924,KOWELSKI,Gdynia,City:Gdynia,,,3431.037696230191
fixed14,1924,KOWELSKI,Stołpce,Border_Crossing:Stołpce,,,1842.3634322252085
fixed14,1924,KOWELSKI,Zbąszyń,Border_Crossing:Zbąszyń,,,3119.4294513132268
fixed14,1924,KOWELSKI,Zebrzydowice,Border_Crossing:Zebrzydowice,,,2468.8093431849193
fixed14,1924,KOZIENICKI,Gdynia,City:Gdynia,,,2516.200023098203
fixed14,1924,KOZIENICKI,Stołpce,Border_Crossing:Stołpce,,,1970.9696494619297
fixed14,1924,KOZIENICKI,Zbąszyń,Border_Crossing:Zbąszyń,,,2204.504088052096
fixed14,1924,KOZIENICKI,Zebrzydowice,Border_Crossing:Zebrzydowice,,,1549.2227851703553
fixed14,1924,KOŁOMYJSKI,Gdynia,City:Gdynia,,,4352.38443434194
fixed14,1924,KOŁOMYJSKI,Stołpce,Border_Crossing:Stołpce,,,3164.661435928974
fixed14,1924,KOŁOMYJSKI,Zbąszyń,Border_Crossing:Zbąszyń,,,3852.433858541675
fixed14,1924,KOŁOMYJSKI,Zebrzydowice,Border_Crossing:Zebrzydowice,,,2465.5636267336286
fixed14,1924,KOŚCIAŃSKI,Gdynia,City:Gdynia,,,1474.1844492189764
fixed14,1924,KOŚCIAŃSKI,Stołpce,Border_Crossing:Stołpce,,,3329.9286462124323
fixed14,1924,KOŚCIAŃSKI,Zbąszyń,Border_Crossing:Zbąszyń,,,313.7378758254606
fixed14,1924,KOŚCIAŃSKI,Zebrzydowice,Border_Crossing:Zebrzydowice,,,2309.4887230829513
fixed14,1924,KOŚCIERSKI,Gdynia,City:Gdynia,,,434.3519236039474
fixed14,1924,KOŚCIERSKI,Stołpce,Border_Crossing:Stołpce,,,3529.017372904755
fixed14,1924,KOŚCIERSKI,Zbąszyń,Border_Crossing:Zbąszyń,,,1382.6492813429575
fixed14,1924,KOŚCIERSKI,Zebrzydowice,Border_Crossing:Zebrzydowice,,,2923.8666275937467
fixed14,1924,KRAKOWSKI,Gdynia,City:Gdynia,,,3101.9323386883884
fixed14,1924,KRAKOWSKI,Stołpce,Border_Crossing:Stołpce,,,3102.1068179841177
fixed14,1924,KRAKOWSKI,Zbąszyń,Border_Crossing:Zbąszyń,,,2446.0846978132736
fixed14,1924,KRAKOWSKI,Zebrzydowice,Border_Crossing:Zebrzydowice,,,503.76264671891147
fixed14,1924,KRAKÓW (MIASTO),Gdynia,City:Gdynia,,,3102.3537553178685
fixed14,1924,KRAKÓW (MIASTO),Stołpce,Border_Crossing:Stołpce,,,3103.777074014442
fixed14,1924,KRAKÓW (MIASTO),Zbąszyń,Border_Crossing:Zbąszyń,,,2446.506114442753
fixed14,1924,KRAKÓW (MIASTO),Zebrzydowice,Border_Crossing:Zebrzydowice,,,505.3161094765027
fixed14,1924,KRASNOSTAWSKI,Gdynia,City:Gdynia,,,3085.5829165611385
fixed14,1924,KRASNOSTAWSKI,Stołpce,Border_Crossing:Stołpce,,,1939.2430662481543
fixed14,1924,KRASNOSTAWSKI,Zbąszyń,Border_Crossing:Zbąszyń,,,2773.8869815150315
fixed14,1924,KRASNOSTAWSKI,Zebrzydowice,Border_Crossing:Zebrzydowice,,,2119.7929977707827
fixed14,1924,KROTOSZYŃSKI,Gdynia,City:Gdynia,,,1585.1885746201874
fixed14,1924,KROTOSZYŃSKI,Stołpce,Border_Crossing:Stołpce,,,3225.978152948251
fixed14,1924,KROTOSZYŃSKI,Zbąszyń,Border_Crossing:Zbąszyń,,,663.3818303733569
fixed14,1924,KROTOSZYŃSKI,Zebrzydowice,Border_Crossing:Zebrzydowice,,,2060.1192679785727
fixed14,1924,KROŚNIEŃSKI,Gdynia,City:Gdynia,,,3672.0770588987975
fixed14,1924,KROŚNIEŃSKI,Stołpce,Border_Crossing:Stołpce,,,3050.864996165103
fixed14,1924,KROŚNIEŃSKI,Zbąszyń,Border_Crossing:Zbąszyń,,,3016.229418023681
fixed14,1924,KROŚNIEŃSKI,Zebrzydowice,Border_Crossing:Zebrzydowice,,,1166.3843530080421
fixed14,1924,KRZEMIENIECKI,Gdynia,City:Gdynia,,,4389.957302712389
fixed14,1924,KRZEMIENIECKI,Stołpce,Border_Crossing:Stołpce,,,2177.580998089211
fixed14,1924,KRZEMIENIECKI,Zbąszyń,Border_Crossing:Zbąszyń,,,4078.2613676662813
fixed14,1924,KRZEMIENIECKI,Zebrzydowice,Border_Crossing:Zebrzydowice,,,2754.676763729035
fixed14,1924,KUTNOWSKI,Gdynia,City:Gdynia,,,1613.1386154989057
fixed14,1924,KUTNOWSKI,Stołpce,Border_Crossing:Stołpce,,,2442.2450334131154
fixed14,1924,KUTNOWSKI,Zbąszyń,Border_Crossing:Zbąszyń,,,1076.5919345659308
fixed14,1924,KUTNOWSKI,Zebrzydowice,Border_Crossing:Zebrzydowice,,,1618.2515228911623
fixed14,1924,KĘPIŃSKI,Gdynia,City:Gdynia,,,1867.0197251318116
fixed14,1924,KĘPIŃSKI,Stołpce,Border_Crossing:Stołpce,,,3220.088389468999
fixed14,1924,KĘPIŃSKI,Zbąszyń,Border_Crossing:Zbąszyń,,,900.572179045898
fixed14,1924,KĘPIŃSKI,Zebrzydowice,Border_Crossing:Zebrzydowice,,,2054.2295044993202
fixed14,1924,LESKI,Gdynia,City:Gdynia,,,4121.721530466961
fixed14,1924,LESKI,Stołpce,Border_Crossing:Stołpce,,,3394.8416738980627
fixed14,1924,LESKI,Zbąszyń,Border_Crossing:Zbąszyń,,,3467.71368291687
fixed14,1924,LESKI,Zebrzydowice,Border_Crossing:Zebrzydowice,,,1681.0424718755771
fixed14,1924,LESZCZYŃSKI,Gdynia,City:Gdynia,,,1593.8496785319264
fixed14,1924,LESZCZYŃSKI,Stołpce,Border_Crossing:Stołpce,,,3396.11688505475
fixed14,1924,LESZCZYŃSKI,Zbąszyń,Border_Crossing:Zbąszyń,,,308.8707069024204
fixed14,1924,LESZCZYŃSKI,Zebrzydowice,Border_Crossing:Zebrzydowice,,,2232.8706585358627
fixed14,1924,LIDZKI,Gdynia,City:Gdynia,,,3587.47963869538
fixed14,1924,LIDZKI,Stołpce,Border_Crossing:Stołpce,,,833.7869763045226
fixed14,1924,LIDZKI,Zbąszyń,Border_Crossing:Zbąszyń,,,3282.4195964813175
fixed14,1924,LIDZKI,Zebrzydowice,Border_Crossing:Zebrzydowice,,,3167.1590601539538
fixed14,1924,LIMANOWSKI,Gdynia,City:Gdynia,,,3522.1914699522486
fixed14,1924,LIMANOWSKI,Stołpce,Border_Crossing:Stołpce,,,3237.2815673514424
fixed14,1924,LIMANOWSKI,Zbąszyń,Border_Crossing:Zbąszyń,,,2866.3438290771323
fixed14,1924,LIMANOWSKI,Zebrzydowice,Border_Crossing:Zebrzydowice,,,804.2173622346936
fixed14,1924,LIPNOWSKI,Gdynia,City:Gdynia,,,2169.415588494867
fixed14,1924,LIPNOWSKI,Stołpce,Border_Crossing:Stołpce,,,2602.4993735656753
fixed14,1924,LIPNOWSKI,Zbąszyń,Border_Crossing:Zbąszyń,,,2251.536001062424
fixed14,1924,LIPNOWSKI,Zebrzydowice,Border_Crossing:Zebrzydowice,,,2437.561801931512
fixed14,1924,LUBACZOWSKI,Gdynia,City:Gdynia,,,3593.5152900891367
fixed14,1924,LUBACZOWSKI,Stołpce,Border_Crossing:Stołpce,,,2447.1754397761524
fixed14,1924,LUBACZOWSKI,Zbąszyń,Border_Crossing:Zbąszyń,,,3281.81935504303
fixed14,1924,LUBACZOWSKI,Zebrzydowice,Border_Crossing:Zebrzydowice,,,2301.0237950384917
fixed14,1924,LUBARTOWSKI,Gdynia,City:Gdynia,,,2739.6370205646426
fixed14,1924,LUBARTOWSKI,Stołpce,Border_Crossing:Stołpce,,,1904.261876921194
fixed14,1924,LUBARTOWSKI,Zbąszyń,Border_Crossing:Zbąszyń,,,2427.9410855185347
fixed14,1924,LUBARTOWSKI,Zebrzydowice,Border_Crossing:Zebrzydowice,,,1773.8471017742866
fixed14,1924,LUBAWSKI,Gdynia,City:Gdynia,,,1262.6901040645128
fixed14,1924,LUBAWSKI,Stołpce,Border_Crossing:Stołpce,,,2679.328526920387
fixed14,1924,LUBAWSKI,Zbąszyń,Border_Crossing:Zbąszyń,,,1409.9666567073002
fixed14,1924,LUBAWSKI,Zebrzydowice,Border_Crossing:Zebrzydowice,,,2534.177763321602
fixed14,1924,LUBELSKI,Gdynia,City:Gdynia,,,2654.737406630275
fixed14,1924,LUBELSKI,Stołpce,Border_Crossing:Stołpce,,,1960.9493602952473
fixed14,1924,LUBELSKI,Zbąszyń,Border_Crossing:Zbąszyń,,,2343.041471584168
fixed14,1924,LUBELSKI,Zebrzydowice,Border_Crossing:Zebrzydowice,,,1688.9474878399194
fixed14,1924,LUBLINIECKI,Gdynia,City:Gdynia,,,3187.122757342925
fixed14,1924,LUBLINIECKI,Stołpce,Border_Crossing:Stołpce,,,3270.6155396663216
fixed14,1924,LUBLINIECKI,Zbąszyń,Border_Crossing:Zbąszyń,,,2531.27511646781
fixed14,1924,LUBLINIECKI,Zebrzydowice,Border_Crossing:Zebrzydowice,,,669.5155023173469
fixed14,1924,LUBOMELSKI,Gdynia,City:Gdynia,,,3278.433025294691
fixed14,1924,LUBOMELSKI,Stołpce,Border_Crossing:Stołpce,,,1997.8952712568237
fixed14,1924,LUBOMELSKI,Zbąszyń,Border_Crossing:Zbąszyń,,,2966.737090248584
fixed14,1924,LUBOMELSKI,Zebrzydowice,Border_Crossing:Zebrzydowice,,,2312.643106504336
fixed14,1924,LWOWSKI,Gdynia,City:Gdynia,,,3679.6427814167832
fixed14,1924,LWOWSKI,Stołpce,Border_Crossing:Stołpce,,,2491.3371783015355
fixed14,1924,LWOWSKI,Zbąszyń,Border_Crossing:Zbąszyń,,,3237.1846229871835
fixed14,1924,LWOWSKI,Zebrzydowice,Border_Crossing:Zebrzydowice,,,1911.4270824398836
fixed14,1924,LWÓW (MIASTO),Gdynia,City:Gdynia,,,3569.3741832175974
fixed14,1924,LWÓW (MIASTO),Stołpce,Border_Crossing:Stołpce,,,2381.6511848046334
fixed14,1924,LWÓW (MIASTO),Zbąszyń,Border_Crossing:Zbąszyń,,,3128.624955051569
fixed14,1924,LWÓW (MIASTO),Zebrzydowice,Border_Crossing:Zebrzydowice,,,1802.8674145042694
fixed14,1924,M. ST. WARSZAWA,Gdynia,City:Gdynia,,,1904.4356082374752
fixed14,1924,M. ST. WARSZAWA,Stołpce,Border_Crossing:Stołpce,,,1904.2931928851667
fixed14,1924,M. ST. WARSZAWA,Zbąszyń,Border_Crossing:Zbąszyń,,,1557.1575509532538
fixed14,1924,M. ST. WARSZAWA,Zebrzydowice,Border_Crossing:Zebrzydowice,,,1716.9244273182376
fixed14,1924,MAKOWSKI (MAKÓW MAZOWIECKI),Gdynia,City:Gdynia,,,1793.398946669404
fixed14,1924,MAKOWSKI (MAKÓW MAZOWIECKI),Stołpce,Border_Crossing:Stołpce,,,2783.85312836643
fixed14,1924,MAKOWSKI (MAKÓW MAZOWIECKI),Zbąszyń,Border_Crossing:Zbąszyń,,,1885.3578407831124
fixed14,1924,MAKOWSKI (MAKÓW MAZOWIECKI),Zebrzydowice,Border_Crossing:Zebrzydowice,,,2638.7023647676447
fixed14,1924,MIECHOWSKI,Gdynia,City:Gdynia,,,3061.2359228727837
fixed14,1924,MIECHOWSKI,Stołpce,Border_Crossing:Stołpce,,,2788.8148312541043
fixed14,1924,MIECHOWSKI,Zbąszyń,Border_Crossing:Zbąszyń,,,2405.3882819976684
fixed14,1924,MIECHOWSKI,Zebrzydowice,Border_Crossing:Zebrzydowice,,,758.7274906290745
fixed14,1924,MIELECKI,Gdynia,City:Gdynia,,,3041.3171593234874
fixed14,1924,MIELECKI,Stołpce,Border_Crossing:Stołpce,,,2528.514498131295
fixed14,1924,MIELECKI,Zbąszyń,Border_Crossing:Zbąszyń,,,2385.469518448372
fixed14,1924,MIELECKI,Zebrzydowice,Border_Crossing:Zebrzydowice,,,1049.0162806131402
fixed14,1924,MIĘDZYCHODZKI,Gdynia,City:Gdynia,,,1697.1756924279891
fixed14,1924,MIĘDZYCHODZKI,Stołpce,Border_Crossing:Stołpce,,,3553.809051315041
fixed14,1924,MIĘDZYCHODZKI,Zbąszyń,Border_Crossing:Zbąszyń,,,289.6241511770935
fixed14,1924,MIĘDZYCHODZKI,Zebrzydowice,Border_Crossing:Zebrzydowice,,,2708.5708309690417
fixed14,1924,MIŃSKI,Gdynia,City:Gdynia,,,2146.6964037962225
fixed14,1924,MIŃSKI,Stołpce,Border_Crossing:Stołpce,,,1849.7056886959
fixed14,1924,MIŃSKI,Zbąszyń,Border_Crossing:Zbąszyń,,,1841.6363615821597
fixed14,1924,MIŃSKI,Zebrzydowice,Border_Crossing:Zebrzydowice,,,1851.643310667324
fixed14,1924,MOGILEŃSKI,Gdynia,City:Gdynia,,,1298.669203898524
fixed14,1924,MOGILEŃSKI,Stołpce,Border_Crossing:Stołpce,,,3177.7096678854728
fixed14,1924,MOGILEŃSKI,Zbąszyń,Border_Crossing:Zbąszyń,,,758.5311926173974
fixed14,1924,MOGILEŃSKI,Zebrzydowice,Border_Crossing:Zebrzydowice,,,2339.674377422385
fixed14,1924,MORSKI,Gdynia,City:Gdynia,,,121.32355547489227
fixed14,1924,MORSKI,Stołpce,Border_Crossing:Stołpce,,,3831.610006428259
fixed14,1924,MORSKI,Zbąszyń,Border_Crossing:Zbąszyń,,,1670.8057672207408
fixed14,1924,MORSKI,Zebrzydowice,Border_Crossing:Zebrzydowice,,,3226.45926111725
fixed14,1924,MOŁODECZAŃSKI,Gdynia,City:Gdynia,,,4085.0423152125904
fixed14,1924,MOŁODECZAŃSKI,Stołpce,Border_Crossing:Stołpce,,,734.3181532107423
fixed14,1924,MOŁODECZAŃSKI,Zbąszyń,Border_Crossing:Zbąszyń,,,3779.982272998528
fixed14,1924,MOŁODECZAŃSKI,Zebrzydowice,Border_Crossing:Zebrzydowice,,,3664.721736671165
fixed14,1924,MOŚCISKI,Gdynia,City:Gdynia,,,3721.249503967664
fixed14,1924,MOŚCISKI,Stołpce,Border_Crossing:Stołpce,,,2972.8378487583786
fixed14,1924,MOŚCISKI,Zbąszyń,Border_Crossing:Zbąszyń,,,3078.3058633613177
fixed14,1924,MOŚCISKI,Zebrzydowice,Border_Crossing:Zebrzydowice,,,1752.548322814018
fixed14,1924,MYŚLENICKI,Gdynia,City:Gdynia,,,3498.649045228722
fixed14,1924,MYŚLENICKI,Stołpce,Border_Crossing:Stołpce,,,3513.172056825059
fixed14,1924,MYŚLENICKI,Zbąszyń,Border_Crossing:Zbąszyń,,,2842.801404353606
fixed14,1924,MYŚLENICKI,Zebrzydowice,Border_Crossing:Zebrzydowice,,,790.0027351710753
fixed14,1924,MŁAWSKI,Gdynia,City:Gdynia,,,1509.3284685982587
fixed14,1924,MŁAWSKI,Stołpce,Border_Crossing:Stołpce,,,2499.782650295284
fixed14,1924,MŁAWSKI,Zbąszyń,Border_Crossing:Zbąszyń,,,1601.287362711967
fixed14,1924,MŁAWSKI,Zebrzydowice,Border_Crossing:Zebrzydowice,,,2354.6318866964994
fixed14,1924,NADWÓRNIAŃSKI,Gdynia,City:Gdynia,,,4433.630386454223
fixed14,1924,NADWÓRNIAŃSKI,Stołpce,Border_Crossing:Stołpce,,,3245.9073880412566
fixed14,1924,NADWÓRNIAŃSKI,Zbąszyń,Border_Crossing:Zbąszyń,,,3933.6798106539572
fixed14,1924,NADWÓRNIAŃSKI,Zebrzydowice,Border_Crossing:Zebrzydowice,,,2546.8095788459113
fixed14,1924,NIESZAWSKI,Gdynia,City:Gdynia,,,1320.1291139125617
fixed14,1924,NIESZAWSKI,Stołpce,Border_Crossing:Stołpce,,,2750.901334564874
fixed14,1924,NIESZAWSKI,Zbąszyń,Border_Crossing:Zbąszyń,,,1002.2616147885218
fixed14,1924,NIESZAWSKI,Zebrzydowice,Border_Crossing:Zebrzydowice,,,1913.8616065053275
fixed14,1924,NIEŚWIESKI,Gdynia,City:Gdynia,,,4110.1481464557055
fixed14,1924,NIEŚWIESKI,Stołpce,Border_Crossing:Stołpce,,,894.8663906481031
fixed14,1924,NIEŚWIESKI,Zbąszyń,Border_Crossing:Zbąszyń,,,3805.088104241643
fixed14,1924,NIEŚWIESKI,Zebrzydowice,Border_Crossing:Zebrzydowice,,,3562.840942510845
fixed14,1924,NIŻAŃSKI,Gdynia,City:Gdynia,,,3166.7591081091855
fixed14,1924,NIŻAŃSKI,Stołpce,Border_Crossing:Stołpce,,,2472.9710617741566
fixed14,1924,NIŻAŃSKI,Zbąszyń,Border_Crossing:Zbąszyń,,,2512.751260559096
fixed14,1924,NIŻAŃSKI,Zebrzydowice,Border_Crossing:Zebrzydowice,,,1522.7629246289844
fixed14,1924,NOWOGRÓDZKI,Gdynia,City:Gdynia,,,3760.44901716982
fixed14,1924,NOWOGRÓDZKI,Stołpce,Border_Crossing:Stołpce,,,582.4151649781564
fixed14,1924,NOWOGRÓDZKI,Zbąszyń,Border_Crossing:Zbąszyń,,,3455.388974955757
fixed14,1924,NOWOGRÓDZKI,Zebrzydowice,Border_Crossing:Zebrzydowice,,,3213.141813224958
fixed14,1924,NOWOSĄDECKI,Gdynia,City:Gdynia,,,3570.2669809664953
fixed14,1924,NOWOSĄDECKI,Stołpce,Border_Crossing:Stołpce,,,3081.725117945462
fixed14,1924,NOWOSĄDECKI,Zbąszyń,Border_Crossing:Zbąszyń,,,2914.4193400913796
fixed14,1924,NOWOSĄDECKI,Zebrzydowice,Border_Crossing:Zebrzydowice,,,854.9058298280713
fixed14,1924,NOWOTARSKI,Gdynia,City:Gdynia,,,3352.5063236281503
fixed14,1924,NOWOTARSKI,Stołpce,Border_Crossing:Stołpce,,,3383.8164206114757
fixed14,1924,NOWOTARSKI,Zbąszyń,Border_Crossing:Zbąszyń,,,2696.6586827530346
fixed14,1924,NOWOTARSKI,Zebrzydowice,Border_Crossing:Zebrzydowice,,,634.5322159105957
fixed14,1924,NOWOTOMYSKI,Gdynia,City:Gdynia,,,1583.6608502885924
fixed14,1924,NOWOTOMYSKI,Stołpce,Border_Crossing:Stołpce,,,3439.4050472820486
fixed14,1924,NOWOTOMYSKI,Zbąszyń,Border_Crossing:Zbąszyń,,,170.61832454542258
fixed14,1924,NOWOTOMYSKI,Zebrzydowice,Border_Crossing:Zebrzydowice,,,2577.041965790944
fixed14,1924,OBORNICKI,Gdynia,City:Gdynia,,,1244.7736225883598
fixed14,1924,OBORNICKI,Stołpce,Border_Crossing:Stołpce,,,3315.7967129060794
fixed14,1924,OBORNICKI,Zbąszyń,Border_Crossing:Zbąszyń,,,505.46745349996405
fixed14,1924,OBORNICKI,Zebrzydowice,Border_Crossing:Zebrzydowice,,,2470.55849256008
fixed14,1924,OLKUSKI,Gdynia,City:Gdynia,,,3038.1399523426
fixed14,1924,OLKUSKI,Stołpce,Border_Crossing:Stołpce,,,2884.6281292769536
fixed14,1924,OLKUSKI,Zbąszyń,Border_Crossing:Zbąszyń,,,2382.292311467485
fixed14,1924,OLKUSKI,Zebrzydowice,Border_Crossing:Zebrzydowice,,,643.2335164838343
fixed14,1924,OPATOWSKI,Gdynia,City:Gdynia,,,2792.465582837818
fixed14,1924,OPATOWSKI,Stołpce,Border_Crossing:Stołpce,,,2504.1333538324006
fixed14,1924,OPATOWSKI,Zbąszyń,Border_Crossing:Zbąszyń,,,2136.6179419627033
fixed14,1924,OPATOWSKI,Zebrzydowice,Border_Crossing:Zebrzydowice,,,1362.0112250199884
fixed14,1924,OPOCZYŃSKI,Gdynia,City:Gdynia,,,2240.0737239100686
fixed14,1924,OPOCZYŃSKI,Stołpce,Border_Crossing:Stołpce,,,2417.4458184478367
fixed14,1924,OPOCZYŃSKI,Zbąszyń,Border_Crossing:Zbąszyń,,,1584.2260830349526
fixed14,1924,OPOCZYŃSKI,Zebrzydowice,Border_Crossing:Zebrzydowice,,,1305.8276897360495
fixed14,1924,OSTROWSKI (OSTRÓW MAZOWIECKA),Gdynia,City:Gdynia,,,2418.479304933028
fixed14,1924,OSTROWSKI (OSTRÓW MAZOWIECKA),Stołpce,Border_Crossing:Stołpce,,,1670.0090338723203
fixed14,1924,OSTROWSKI (OSTRÓW MAZOWIECKA),Zbąszyń,Border_Crossing:Zbąszyń,,,2113.4192627189655
fixed14,1924,OSTROWSKI (OSTRÓW MAZOWIECKA),Zebrzydowice,Border_Crossing:Zebrzydowice,,,2223.8037497960636
fixed14,1924,OSTROWSKI (OSTRÓW WIELKOPOLSKI),Gdynia,City:Gdynia,,,1695.3445695602456
fixed14,1924,OSTROWSKI (OSTRÓW WIELKOPOLSKI),Stołpce,Border_Crossing:Stołpce,,,3048.4132338974337
fixed14,1924,OSTROWSKI (OSTRÓW WIELKOPOLSKI),Zbąszyń,Border_Crossing:Zbąszyń,,,728.8970234743322
fixed14,1924,OSTROWSKI (OSTRÓW WIELKOPOLSKI),Zebrzydowice,Border_Crossing:Zebrzydowice,,,1882.554348927754
fixed14,1924,OSTROŁĘCKI,Gdynia,City:Gdynia,,,2524.5611939276023
fixed14,1924,OSTROŁĘCKI,Stołpce,Border_Crossing:Stołpce,,,1771.9527669405893
fixed14,1924,OSTROŁĘCKI,Zbąszyń,Border_Crossing:Zbąszyń,,,2219.5011517135404
fixed14,1924,OSTROŁĘCKI,Zebrzydowice,Border_Crossing:Zebrzydowice,,,2372.9233881637097
fixed14,1924,OSZMIAŃSKI,Gdynia,City:Gdynia,,,4397.085476458776
fixed14,1924,OSZMIAŃSKI,Stołpce,Border_Crossing:Stołpce,,,1060.9140809865733
fixed14,1924,OSZMIAŃSKI,Zbąszyń,Border_Crossing:Zbąszyń,,,4092.0254342447133
fixed14,1924,OSZMIAŃSKI,Zebrzydowice,Border_Crossing:Zebrzydowice,,,3976.764897917349
fixed14,1924,PIOTRKOWSKI,Gdynia,City:Gdynia,,,2270.1883775656115
fixed14,1924,PIOTRKOWSKI,Stołpce,Border_Crossing:Stołpce,,,2730.045957027542
fixed14,1924,PIOTRKOWSKI,Zbąszyń,Border_Crossing:Zbąszyń,,,1614.340736690496
fixed14,1924,PIOTRKOWSKI,Zebrzydowice,Border_Crossing:Zebrzydowice,,,1119.2247477701906
fixed14,1924,PIŃCZOWSKI,Gdynia,City:Gdynia,,,3165.309454690705
fixed14,1924,PIŃCZOWSKI,Stołpce,Border_Crossing:Stołpce,,,2876.9772256852884
fixed14,1924,PIŃCZOWSKI,Zbąszyń,Border_Crossing:Zbąszyń,,,2509.4618138155897
fixed14,1924,PIŃCZOWSKI,Zebrzydowice,Border_Crossing:Zebrzydowice,,,899.4343901640041
fixed14,1924,PIŃSKI,Gdynia,City:Gdynia,,,3581.498236164922
fixed14,1924,PIŃSKI,Stołpce,Border_Crossing:Stołpce,,,1081.8251528241406
fixed14,1924,PIŃSKI,Zbąszyń,Border_Crossing:Zbąszyń,,,3276.43819395086
fixed14,1924,PIŃSKI,Zebrzydowice,Border_Crossing:Zebrzydowice,,,2885.227461998363
fixed14,1924,PODHAJECKI,Gdynia,City:Gdynia,,,4055.8629904146983
fixed14,1924,PODHAJECKI,Stołpce,Border_Crossing:Stołpce,,,2851.0251256041797
fixed14,1924,PODHAJECKI,Zbąszyń,Border_Crossing:Zbąszyń,,,3615.1137622486676
fixed14,1924,PODHAJECKI,Zebrzydowice,Border_Crossing:Zebrzydowice,,,2289.356221701369
fixed14,1924,POSTAWSKI,Gdynia,City:Gdynia,,,4408.4400078162
fixed14,1924,POSTAWSKI,Stołpce,Border_Crossing:Stołpce,,,1428.5616096321098
fixed14,1924,POSTAWSKI,Zbąszyń,Border_Crossing:Zbąszyń,,,4103.3799656021365
fixed14,1924,POSTAWSKI,Zebrzydowice,Border_Crossing:Zebrzydowice,,,4213.764452679236
fixed14,1924,POZNAŃ (MIASTO),Gdynia,City:Gdynia,,,1283.6428857438138
fixed14,1924,POZNAŃ (MIASTO),Stołpce,Border_Crossing:Stołpce,,,3139.3870827372707
fixed14,1924,POZNAŃ (MIASTO),Zbąszyń,Border_Crossing:Zbąszyń,,,322.66724933844415
fixed14,1924,POZNAŃ (MIASTO),Zebrzydowice,Border_Crossing:Zebrzydowice,,,2294.14886239127
fixed14,1924,POZNAŃSKI,Gdynia,City:Gdynia,,,1305.6262182775602
fixed14,1924,POZNAŃSKI,Stołpce,Border_Crossing:Stołpce,,,3161.3581527886595
fixed14,1924,POZNAŃSKI,Zbąszyń,Border_Crossing:Zbąszyń,,,357.57821300346455
fixed14,1924,POZNAŃSKI,Zebrzydowice,Border_Crossing:Zebrzydowice,,,2316.1199324426593
fixed14,1924,PRUŻAŃSKI,Gdynia,City:Gdynia,,,3169.041435047661
fixed14,1924,PRUŻAŃSKI,Stołpce,Border_Crossing:Stołpce,,,919.300221760801
fixed14,1924,PRUŻAŃSKI,Zbąszyń,Border_Crossing:Zbąszyń,,,2863.9813928335984
fixed14,1924,PRUŻAŃSKI,Zebrzydowice,Border_Crossing:Zebrzydowice,,,2472.7706608811013
fixed14,1924,PRZASNYCKI,Gdynia,City:Gdynia,,,2609.0109090981837
fixed14,1924,PRZASNYCKI,Stołpce,Border_Crossing:Stołpce,,,2052.707877371041
fixed14,1924,PRZASNYCKI,Zbąszyń,Border_Crossing:Zbąszyń,,,2348.663523121016
fixed14,1924,PRZASNYCKI,Zebrzydowice,Border_Crossing:Zebrzydowice,,,2569.6495872804803
fixed14,1924,PRZEMYSKI,Gdynia,City:Gdynia,,,3445.235603671695
fixed14,1924,PRZEMYSKI,Stołpce,Border_Crossing:Stołpce,,,2751.4475573366667
fixed14,1924,PRZEMYSKI,Zbąszyń,Border_Crossing:Zbąszyń,,,2791.227756121605
fixed14,1924,PRZEMYSKI,Zebrzydowice,Border_Crossing:Zebrzydowice,,,1465.4702155743053
fixed14,1924,PRZEMYŚLAŃSKI,Gdynia,City:Gdynia,,,3886.2948372112046
fixed14,1924,PRZEMYŚLAŃSKI,Stołpce,Border_Crossing:Stołpce,,,2681.4569724006865
fixed14,1924,PRZEMYŚLAŃSKI,Zbąszyń,Border_Crossing:Zbąszyń,,,3445.545609045175
fixed14,1924,PRZEMYŚLAŃSKI,Zebrzydowice,Border_Crossing:Zebrzydowice,,,2119.7880684978754
fixed14,1924,PRZEWORSKI,Gdynia,City:Gdynia,,,3315.9120180595246
fixed14,1924,PRZEWORSKI,Stołpce,Border_Crossing:Stołpce,,,2622.123971724497
fixed14,1924,PRZEWORSKI,Zbąszyń,Border_Crossing:Zbąszyń,,,2661.904170509435
fixed14,1924,PRZEWORSKI,Zebrzydowice,Border_Crossing:Zebrzydowice,,,1336.1466299621356
fixed14,1924,PSZCZYŃSKI,Gdynia,City:Gdynia,,,3003.537360459501
fixed14,1924,PSZCZYŃSKI,Stołpce,Border_Crossing:Stołpce,,,3061.2208605267897
fixed14,1924,PSZCZYŃSKI,Zbąszyń,Border_Crossing:Zbąszyń,,,2347.689719584386
fixed14,1924,PSZCZYŃSKI,Zebrzydowice,Border_Crossing:Zebrzydowice,,,329.1640127640737
fixed14,1924,PUŁAWSKI,Gdynia,City:Gdynia,,,2686.22904714625
fixed14,1924,PUŁAWSKI,Stołpce,Border_Crossing:Stołpce,,,2140.9986735099756
fixed14,1924,PUŁAWSKI,Zbąszyń,Border_Crossing:Zbąszyń,,,2374.5331121001423
fixed14,1924,PUŁAWSKI,Zebrzydowice,Border_Crossing:Zebrzydowice,,,1813.8800361565004
fixed14,1924,PUŁTUSKI,Gdynia,City:Gdynia,,,1941.5644399218097
fixed14,1924,PUŁTUSKI,Stołpce,Border_Crossing:Stołpce,,,2348.00718280358
fixed14,1924,PUŁTUSKI,Zbąszyń,Border_Crossing:Zbąszyń,,,1986.7779310883234
fixed14,1924,PUŁTUSKI,Zebrzydowice,Border_Crossing:Zebrzydowice,,,2230.2745833174836
fixed14,1924,PŁOCKI,Gdynia,City:Gdynia,,,1938.90954430778
fixed14,1924,PŁOCKI,Stołpce,Border_Crossing:Stołpce,,,2742.7281225945567
fixed14,1924,PŁOCKI,Zbąszyń,Border_Crossing:Zbąszyń,,,1401.9605193451805
fixed14,1924,PŁOCKI,Zebrzydowice,Border_Crossing:Zebrzydowice,,,1926.4685761145201
fixed14,1924,PŁOŃSKI,Gdynia,City:Gdynia,,,1841.6243918536854
fixed14,1924,PŁOŃSKI,Stołpce,Border_Crossing:Stołpce,,,2248.433845242051
fixed14,1924,PŁOŃSKI,Zbąszyń,Border_Crossing:Zbąszyń,,,1933.5832859673935
fixed14,1924,PŁOŃSKI,Zebrzydowice,Border_Crossing:Zebrzydowice,,,2103.283081643265
fixed14,1924,RADOMSKI,Gdynia,City:Gdynia,,,2615.4633028493377
fixed14,1924,RADOMSKI,Stołpce,Border_Crossing:Stołpce,,,2074.04751852202
fixed14,1924,RADOMSKI,Zbąszyń,Border_Crossing:Zbąszyń,,,2045.6251389490578
fixed14,1924,RADOMSKI,Zebrzydowice,Border_Crossing:Zebrzydowice,,,1307.847807123576
fixed14,1924,RADOMSZCZAŃSKI,Gdynia,City:Gdynia,,,2367.0414455580253
fixed14,1924,RADOMSZCZAŃSKI,Stołpce,Border_Crossing:Stołpce,,,2826.899025019957
fixed14,1924,RADOMSZCZAŃSKI,Zbąszyń,Border_Crossing:Zbąszyń,,,1711.1938046829105
fixed14,1924,RADOMSZCZAŃSKI,Zebrzydowice,Border_Crossing:Zebrzydowice,,,855.7782845250161
fixed14,1924,RADZIECHOWSKI,Gdynia,City:Gdynia,,,4129.859477468469
fixed14,1924,RADZIECHOWSKI,Stołpce,Border_Crossing:Stołpce,,,2626.785564795042
fixed14,1924,RADZIECHOWSKI,Zbąszyń,Border_Crossing:Zbąszyń,,,3689.1102493024396
fixed14,1924,RADZIECHOWSKI,Zebrzydowice,Border_Crossing:Zebrzydowice,,,2363.35270875514
fixed14,1924,RADZYMIŃSKI,Gdynia,City:Gdynia,,,2030.7657032888478
fixed14,1924,RADZYMIŃSKI,Stołpce,Border_Crossing:Stołpce,,,1749.5008788037733
fixed14,1924,RADZYMIŃSKI,Zbąszyń,Border_Crossing:Zbąszyń,,,1728.1966517893234
fixed14,1924,RADZYMIŃSKI,Zebrzydowice,Border_Crossing:Zebrzydowice,,,1882.7269290350848
fixed14,1924,RADZYŃSKI,Gdynia,City:Gdynia,,,2619.161706332248
fixed14,1924,RADZYŃSKI,Stołpce,Border_Crossing:Stołpce,,,1773.708270423253
fixed14,1924,RADZYŃSKI,Zbąszyń,Border_Crossing:Zbąszyń,,,2314.101664118186
fixed14,1924,RADZYŃSKI,Zebrzydowice,Border_Crossing:Zebrzydowice,,,1922.8909321656877
fixed14,1924,RAWICKI,Gdynia,City:Gdynia,,,1700.3569579904854
fixed14,1924,RAWICKI,Stołpce,Border_Crossing:Stołpce,,,3272.872385239931
fixed14,1924,RAWICKI,Zbąszyń,Border_Crossing:Zbąszyń,,,461.52059239187224
fixed14,1924,RAWICKI,Zebrzydowice,Border_Crossing:Zebrzydowice,,,2107.0135002702523
fixed14,1924,RAWSKI (RAWA MAZOWIECKA),Gdynia,City:Gdynia,,,2189.618541397959
fixed14,1924,RAWSKI (RAWA MAZOWIECKA),Stołpce,Border_Crossing:Stołpce,,,2616.3737451989264
fixed14,1924,RAWSKI (RAWA MAZOWIECKA),Zbąszyń,Border_Crossing:Zbąszyń,,,1605.8354068231606
fixed14,1924,RAWSKI (RAWA MAZOWIECKA),Zebrzydowice,Border_Crossing:Zebrzydowice,,,1450.6392894232918
fixed14,1924,RAWSKI (RAWA RUSKA),Gdynia,City:Gdynia,,,3416.150008561177
fixed14,1924,RAWSKI (RAWA RUSKA),Stołpce,Border_Crossing:Stołpce,,,2268.8322204430483
fixed14,1924,RAWSKI (RAWA RUSKA),Zbąszyń,Border_Crossing:Zbąszyń,,,3101.4043757512477
fixed14,1924,RAWSKI (RAWA RUSKA),Zebrzydowice,Border_Crossing:Zebrzydowice,,,2123.012129601492
fixed14,1924,ROHATYŃSKI,Gdynia,City:Gdynia,,,4138.541837492283
fixed14,1924,ROHATYŃSKI,Stołpce,Border_Crossing:Stołpce,,,2950.8188390793175
fixed14,1924,ROHATYŃSKI,Zbąszyń,Border_Crossing:Zbąszyń,,,3697.7926093262545
fixed14,1924,ROHATYŃSKI,Zebrzydowice,Border_Crossing:Zebrzydowice,,,2322.4989826914593
fixed14,1924,ROPCZYCKI,Gdynia,City:Gdynia,,,3198.8534742842294
fixed14,1924,ROPCZYCKI,Stołpce,Border_Crossing:Stołpce,,,2686.050813092037
fixed14,1924,ROPCZYCKI,Zbąszyń,Border_Crossing:Zbąszyń,,,2543.005833409114
fixed14,1924,ROPCZYCKI,Zebrzydowice,Border_Crossing:Zebrzydowice,,,978.5641069799624
fixed14,1924,RUDECKI,Gdynia,City:Gdynia,,,3944.1124640553767
fixed14,1924,RUDECKI,Stołpce,Border_Crossing:Stołpce,,,2786.872554839327
fixed14,1924,RUDECKI,Zbąszyń,Border_Crossing:Zbąszyń,,,3290.104616505287
fixed14,1924,RUDECKI,Zebrzydowice,Border_Crossing:Zebrzydowice,,,1964.3470759579875
fixed14,1924,RYBNICKI,Gdynia,City:Gdynia,,,3078.111836054249
fixed14,1924,RYBNICKI,Stołpce,Border_Crossing:Stołpce,,,3135.9553774203973
fixed14,1924,RYBNICKI,Zbąszyń,Border_Crossing:Zbąszyń,,,2422.2641951791347
fixed14,1924,RYBNICKI,Zebrzydowice,Border_Crossing:Zebrzydowice,,,161.3920710255043
fixed14,1924,RYPIŃSKI,Gdynia,City:Gdynia,,,2174.847429377472
fixed14,1924,RYPIŃSKI,Stołpce,Border_Crossing:Stołpce,,,2581.656882765837
fixed14,1924,RYPIŃSKI,Zbąszyń,Border_Crossing:Zbąszyń,,,2266.8063234911797
fixed14,1924,RYPIŃSKI,Zebrzydowice,Border_Crossing:Zebrzydowice,,,2436.506119167053
fixed14,1924,RZESZOWSKI,Gdynia,City:Gdynia,,,3391.940112997634
fixed14,1924,RZESZOWSKI,Stołpce,Border_Crossing:Stołpce,,,2768.6973962675784
fixed14,1924,RZESZOWSKI,Zbąszyń,Border_Crossing:Zbąszyń,,,2736.143948981426
fixed14,1924,RZESZOWSKI,Zebrzydowice,Border_Crossing:Zebrzydowice,,,1177.3358363925472
fixed14,1924,RÓWIEŃSKI,Gdynia,City:Gdynia,,,4046.722748611615
fixed14,1924,RÓWIEŃSKI,Stołpce,Border_Crossing:Stołpce,,,1834.3464439884378
fixed14,1924,RÓWIEŃSKI,Zbąszyń,Border_Crossing:Zbąszyń,,,3735.026813565508
fixed14,1924,RÓWIEŃSKI,Zebrzydowice,Border_Crossing:Zebrzydowice,,,2876.3885094619964
fixed14,1924,SAMBORSKI,Gdynia,City:Gdynia,,,3659.606516017784
fixed14,1924,SAMBORSKI,Stołpce,Border_Crossing:Stołpce,,,2719.288664012796
fixed14,1924,SAMBORSKI,Zbąszyń,Border_Crossing:Zbąszyń,,,3005.5986684676946
fixed14,1924,SAMBORSKI,Zebrzydowice,Border_Crossing:Zebrzydowice,,,1618.7284366596475
fixed14,1924,SANDOMIERSKI,Gdynia,City:Gdynia,,,3243.40009702657
fixed14,1924,SANDOMIERSKI,Stołpce,Border_Crossing:Stołpce,,,2940.8282700728146
fixed14,1924,SANDOMIERSKI,Zbąszyń,Border_Crossing:Zbąszyń,,,2587.552456151454
fixed14,1924,SANDOMIERSKI,Zebrzydowice,Border_Crossing:Zebrzydowice,,,1304.242568972332
fixed14,1924,SANOCKI,Gdynia,City:Gdynia,,,3959.504100173648
fixed14,1924,SANOCKI,Stołpce,Border_Crossing:Stołpce,,,3236.187914561782
fixed14,1924,SANOCKI,Zbąszyń,Border_Crossing:Zbąszyń,,,3305.3043883489736
fixed14,1924,SANOCKI,Zebrzydowice,Border_Crossing:Zebrzydowice,,,1502.4184622211387
fixed14,1924,SARNEŃSKI,Gdynia,City:Gdynia,,,3892.957221614726
fixed14,1924,SARNEŃSKI,Stołpce,Border_Crossing:Stołpce,,,1291.5655622371428
fixed14,1924,SARNEŃSKI,Zbąszyń,Border_Crossing:Zbąszyń,,,3581.2612865686183
fixed14,1924,SARNEŃSKI,Zebrzydowice,Border_Crossing:Zebrzydowice,,,2927.16730282437
fixed14,1924,SIEDLECKI,Gdynia,City:Gdynia,,,2409.5725447240084
fixed14,1924,SIEDLECKI,Stołpce,Border_Crossing:Stołpce,,,1673.6652208741186
fixed14,1924,SIEDLECKI,Zbąszyń,Border_Crossing:Zbąszyń,,,2104.512502509946
fixed14,1924,SIEDLECKI,Zebrzydowice,Border_Crossing:Zebrzydowice,,,1927.3178002489542
fixed14,1924,SIERADZKI,Gdynia,City:Gdynia,,,1954.972902728582
fixed14,1924,SIERADZKI,Stołpce,Border_Crossing:Stołpce,,,2706.7616025558227
fixed14,1924,SIERADZKI,Zbąszyń,Border_Crossing:Zbąszyń,,,988.5253566426686
fixed14,1924,SIERADZKI,Zebrzydowice,Border_Crossing:Zebrzydowice,,,1540.902717586144
fixed14,1924,SIERPECKI,Gdynia,City:Gdynia,,,2178.761659585306
fixed14,1924,SIERPECKI,Stołpce,Border_Crossing:Stołpce,,,2635.084929409367
fixed14,1924,SIERPECKI,Zbąszyń,Border_Crossing:Zbąszyń,,,2270.7205536990136
fixed14,1924,SIERPECKI,Zebrzydowice,Border_Crossing:Zebrzydowice,,,2489.934165810582
fixed14,1924,SKAŁACKI,Gdynia,City:Gdynia,,,4366.056906812055
fixed14,1924,SKAŁACKI,Stołpce,Border_Crossing:Stołpce,,,2731.505857311239
fixed14,1924,SKAŁACKI,Zbąszyń,Border_Crossing:Zbąszyń,,,3925.307678646025
fixed14,1924,SKAŁACKI,Zebrzydowice,Border_Crossing:Zebrzydowice,,,2599.5501380987253
fixed14,1924,SKIERNIEWICKI,Gdynia,City:Gdynia,,,1937.8064480605954
fixed14,1924,SKIERNIEWICKI,Stołpce,Border_Crossing:Stołpce,,,2384.153046119494
fixed14,1924,SKIERNIEWICKI,Zbąszyń,Border_Crossing:Zbąszyń,,,1400.8574230979962
fixed14,1924,SKIERNIEWICKI,Zebrzydowice,Border_Crossing:Zebrzydowice,,,1390.6919468382423
fixed14,1924,SOCHACZEWSKI,Gdynia,City:Gdynia,,,2006.2855157187441
fixed14,1924,SOCHACZEWSKI,Stołpce,Border_Crossing:Stołpce,,,2258.7322071542926
fixed14,1924,SOCHACZEWSKI,Zbąszyń,Border_Crossing:Zbąszyń,,,1469.3364907561445
fixed14,1924,SOCHACZEWSKI,Zebrzydowice,Border_Crossing:Zebrzydowice,,,1629.1033671211285
fixed14,1924,SOKALSKI,Gdynia,City:Gdynia,,,3643.1225041936978
fixed14,1924,SOKALSKI,Stołpce,Border_Crossing:Stołpce,,,2137.277594796513
fixed14,1924,SOKALSKI,Zbąszyń,Border_Crossing:Zbąszyń,,,3331.4265691475903
fixed14,1924,SOKALSKI,Zebrzydowice,Border_Crossing:Zebrzydowice,,,2184.423341062938
fixed14,1924,SOKOŁOWSKI,Gdynia,City:Gdynia,,,2486.9636544140094
fixed14,1924,SOKOŁOWSKI,Stołpce,Border_Crossing:Stołpce,,,1758.7450461144695
fixed14,1924,SOKOŁOWSKI,Zbąszyń,Border_Crossing:Zbąszyń,,,2181.903612199948
fixed14,1924,SOKOŁOWSKI,Zebrzydowice,Border_Crossing:Zebrzydowice,,,2011.4424142407754
fixed14,1924,SOKÓLSKI,Gdynia,City:Gdynia,,,2922.007960732881
fixed14,1924,SOKÓLSKI,Stołpce,Border_Crossing:Stołpce,,,1357.5802474163609
fixed14,1924,SOKÓLSKI,Zbąszyń,Border_Crossing:Zbąszyń,,,2616.947918518818
fixed14,1924,SOKÓLSKI,Zebrzydowice,Border_Crossing:Zebrzydowice,,,2727.3324055959174
fixed14,1924,STANISŁAWOWSKI,Gdynia,City:Gdynia,,,4152.439896526097
fixed14,1924,STANISŁAWOWSKI,Stołpce,Border_Crossing:Stołpce,,,2964.7168981131304
fixed14,1924,STANISŁAWOWSKI,Zbąszyń,Border_Crossing:Zbąszyń,,,3653.757133158935
fixed14,1924,STANISŁAWOWSKI,Zebrzydowice,Border_Crossing:Zebrzydowice,,,2267.1348173960173
fixed14,1924,STAROGARDZKI,Gdynia,City:Gdynia,,,688.9433737850683
fixed14,1924,STAROGARDZKI,Stołpce,Border_Crossing:Stołpce,,,3287.6309422330355
fixed14,1924,STAROGARDZKI,Zbąszyń,Border_Crossing:Zbąszyń,,,1370.2797294777968
fixed14,1924,STAROGARDZKI,Zebrzydowice,Border_Crossing:Zebrzydowice,,,2682.480196922027
fixed14,1924,STOLIŃSKI,Gdynia,City:Gdynia,,,4129.767189982547
fixed14,1924,STOLIŃSKI,Stołpce,Border_Crossing:Stołpce,,,1206.9893804103317
fixed14,1924,STOLIŃSKI,Zbąszyń,Border_Crossing:Zbąszyń,,,3824.707147768484
fixed14,1924,STOLIŃSKI,Zebrzydowice,Border_Crossing:Zebrzydowice,,,3357.981708115845
fixed14,1924,STOPNICKI,Gdynia,City:Gdynia,,,3351.0577402371955
fixed14,1924,STOPNICKI,Stołpce,Border_Crossing:Stołpce,,,3062.725511231778
fixed14,1924,STOPNICKI,Zbąszyń,Border_Crossing:Zbąszyń,,,2695.2100993620793
fixed14,1924,STOPNICKI,Zebrzydowice,Border_Crossing:Zebrzydowice,,,1306.7546895815328
fixed14,1924,STOŁPECKI,Gdynia,City:Gdynia,,,4018.215617960787
fixed14,1924,STOŁPECKI,Stołpce,Border_Crossing:Stołpce,,,290.14073708281506
fixed14,1924,STOŁPECKI,Zbąszyń,Border_Crossing:Zbąszyń,,,3713.1555757467245
fixed14,1924,STOŁPECKI,Zebrzydowice,Border_Crossing:Zebrzydowice,,,3470.908414015926
fixed14,1924,STRYJSKI,Gdynia,City:Gdynia,,,4115.521211000178
fixed14,1924,STRYJSKI,Stołpce,Border_Crossing:Stołpce,,,3085.666755373036
fixed14,1924,STRYJSKI,Zbąszyń,Border_Crossing:Zbąszyń,,,3463.119388754375
fixed14,1924,STRYJSKI,Zebrzydowice,Border_Crossing:Zebrzydowice,,,2076.249156946329
fixed14,1924,SUWALSKI,Gdynia,City:Gdynia,,,3433.7264090800786
fixed14,1924,SUWALSKI,Stołpce,Border_Crossing:Stołpce,,,1596.7387026834813
fixed14,1924,SUWALSKI,Zbąszyń,Border_Crossing:Zbąszyń,,,3128.6663668660167
fixed14,1924,SUWALSKI,Zebrzydowice,Border_Crossing:Zebrzydowice,,,3239.0508539431157
fixed14,1924,SZAMOTULSKI,Gdynia,City:Gdynia,,,1486.3168932111023
fixed14,1924,SZAMOTULSKI,Stołpce,Border_Crossing:Stołpce,,,3366.265307134967
fixed14,1924,SZAMOTULSKI,Zbąszyń,Border_Crossing:Zbąszyń,,,394.446771885132
fixed14,1924,SZAMOTULSKI,Zebrzydowice,Border_Crossing:Zebrzydowice,,,2521.027086788967
fixed14,1924,SZCZUCZYŃSKI (WOJ. BIAŁOSTOCKIE),Gdynia,City:Gdynia,,,3058.1973677080578
fixed14,1924,SZCZUCZYŃSKI (WOJ. BIAŁOSTOCKIE),Stołpce,Border_Crossing:Stołpce,,,1544.4497131527187
fixed14,1924,SZCZUCZYŃSKI (WOJ. BIAŁOSTOCKIE),Zbąszyń,Border_Crossing:Zbąszyń,,,2753.1373254939954
fixed14,1924,SZCZUCZYŃSKI (WOJ. BIAŁOSTOCKIE),Zebrzydowice,Border_Crossing:Zebrzydowice,,,2863.521812571095
fixed14,1924,SZCZUCZYŃSKI (WOJ. NOWOGRÓDZKIE),Gdynia,City:Gdynia,,,3599.4942294731854
fixed14,1924,SZCZUCZYŃSKI (WOJ. NOWOGRÓDZKIE),Stołpce,Border_Crossing:Stołpce,,,1309.144836718316
fixed14,1924,SZCZUCZYŃSKI (WOJ. NOWOGRÓDZKIE),Zbąszyń,Border_Crossing:Zbąszyń,,,3294.4341872591235
fixed14,1924,SZCZUCZYŃSKI (WOJ. NOWOGRÓDZKIE),Zebrzydowice,Border_Crossing:Zebrzydowice,,,3179.1736509317598
fixed14,1924,SZUBIŃSKI,Gdynia,City:Gdynia,,,1045.6956757359621
fixed14,1924,SZUBIŃSKI,Stołpce,Border_Crossing:Stołpce,,,3189.47216761782
fixed14,1924,SZUBIŃSKI,Zbąszyń,Border_Crossing:Zbąszyń,,,770.2068053303177
fixed14,1924,SZUBIŃSKI,Zebrzydowice,Border_Crossing:Zebrzydowice,,,2352.432439558275
fixed14,1924,SĘPOLEŃSKI,Gdynia,City:Gdynia,,,728.2844745126254
fixed14,1924,SĘPOLEŃSKI,Stołpce,Border_Crossing:Stołpce,,,3347.9857792600187
fixed14,1924,SĘPOLEŃSKI,Zbąszyń,Border_Crossing:Zbąszyń,,,925.7023914946257
fixed14,1924,SĘPOLEŃSKI,Zebrzydowice,Border_Crossing:Zebrzydowice,,,2520.0149911979115
fixed14,1924,SŁONIMSKI,Gdynia,City:Gdynia,,,3352.830157051903
fixed14,1924,SŁONIMSKI,Stołpce,Border_Crossing:Stołpce,,,563.6452992493189
fixed14,1924,SŁONIMSKI,Zbąszyń,Border_Crossing:Zbąszyń,,,3047.7701148378405
fixed14,1924,SŁONIMSKI,Zebrzydowice,Border_Crossing:Zebrzydowice,,,2932.5095785104763
fixed14,1924,TARNOBRZESKI,Gdynia,City:Gdynia,,,2899.9405839758797
fixed14,1924,TARNOBRZESKI,Stołpce,Border_Crossing:Stołpce,,,2327.296735409671
fixed14,1924,TARNOBRZESKI,Zbąszyń,Border_Crossing:Zbąszyń,,,2244.1665848937364
fixed14,1924,TARNOBRZESKI,Zebrzydowice,Border_Crossing:Zebrzydowice,,,1252.7548949988884
fixed14,1924,TARNOGÓRSKI,Gdynia,City:Gdynia,,,2955.8228699817596
fixed14,1924,TARNOGÓRSKI,Stołpce,Border_Crossing:Stołpce,,,3039.3156523051557
fixed14,1924,TARNOGÓRSKI,Zbąszyń,Border_Crossing:Zbąszyń,,,2299.9752291066443
fixed14,1924,TARNOGÓRSKI,Zebrzydowice,Border_Crossing:Zebrzydowice,,,436.7514224513104
fixed14,1924,TARNOPOLSKI,Gdynia,City:Gdynia,,,4149.843940572457
fixed14,1924,TARNOPOLSKI,Stołpce,Border_Crossing:Stołpce,,,2515.2928910716423
fixed14,1924,TARNOPOLSKI,Zbąszyń,Border_Crossing:Zbąszyń,,,3709.0947124064282
fixed14,1924,TARNOPOLSKI,Zebrzydowice,Border_Crossing:Zebrzydowice,,,2383.337171859129
fixed14,1924,TARNOWSKI,Gdynia,City:Gdynia,,,3323.7208230620327
fixed14,1924,TARNOWSKI,Stołpce,Border_Crossing:Stołpce,,,2810.918161869841
fixed14,1924,TARNOWSKI,Zbąszyń,Border_Crossing:Zbąszyń,,,2667.8731821869164
fixed14,1924,TARNOWSKI,Zebrzydowice,Border_Crossing:Zebrzydowice,,,834.8805239271366
fixed14,1924,TCZEWSKI,Gdynia,City:Gdynia,,,837.215557992296
fixed14,1924,TCZEWSKI,Stołpce,Border_Crossing:Stołpce,,,3366.57325494368
fixed14,1924,TCZEWSKI,Zbąszyń,Border_Crossing:Zbąszyń,,,1452.2993071676087
fixed14,1924,TCZEWSKI,Zebrzydowice,Border_Crossing:Zebrzydowice,,,2761.422509632671
fixed14,1924,TOMASZOWSKI,Gdynia,City:Gdynia,,,3392.480597514576
fixed14,1924,TOMASZOWSKI,Stołpce,Border_Crossing:Stołpce,,,2246.1407472015917
fixed14,1924,TOMASZOWSKI,Zbąszyń,Border_Crossing:Zbąszyń,,,3080.7846624684676
fixed14,1924,TOMASZOWSKI,Zebrzydowice,Border_Crossing:Zebrzydowice,,,2414.7848055929153
fixed14,1924,TORUŃSKI,Gdynia,City:Gdynia,,,1121.364834096336
fixed14,1924,TORUŃSKI,Stołpce,Border_Crossing:Stołpce,,,2917.5161867392417
fixed14,1924,TORUŃSKI,Zbąszyń,Border_Crossing:Zbąszyń,,,940.0347750240468
fixed14,1924,TORUŃSKI,Zebrzydowice,Border_Crossing:Zebrzydowice,,,2084.506952529521
fixed14,1924,TREMBOWELSKI,Gdynia,City:Gdynia,,,4286.603334507677
fixed14,1924,TREMBOWELSKI,Stołpce,Border_Crossing:Stołpce,,,2652.0522850068614
fixed14,1924,TREMBOWELSKI,Zbąszyń,Border_Crossing:Zbąszyń,,,3845.8541063416474
fixed14,1924,TREMBOWELSKI,Zebrzydowice,Border_Crossing:Zebrzydowice,,,2520.096565794348
fixed14,1924,TUCHOLSKI,Gdynia,City:Gdynia,,,738.6853962620282
fixed14,1924,TUCHOLSKI,Stołpce,Border_Crossing:Stołpce,,,3206.5167013339774
fixed14,1924,TUCHOLSKI,Zbąszyń,Border_Crossing:Zbąszyń,,,1087.5381592610522
fixed14,1924,TUCHOLSKI,Zebrzydowice,Border_Crossing:Zebrzydowice,,,2601.3659560229685
fixed14,1924,TURCZAŃSKI,Gdynia,City:Gdynia,,,3875.547971545692
fixed14,1924,TURCZAŃSKI,Stołpce,Border_Crossing:Stołpce,,,2933.2685763666523
fixed14,1924,TURCZAŃSKI,Zbąszyń,Border_Crossing:Zbąszyń,,,3221.540123995602
fixed14,1924,TURCZAŃSKI,Zebrzydowice,Border_Crossing:Zebrzydowice,,,1834.6698921875548
fixed14,1924,TURECKI,Gdynia,City:Gdynia,,,2127.817585313609
fixed14,1924,TURECKI,Stołpce,Border_Crossing:Stołpce,,,3302.292414263513
fixed14,1924,TURECKI,Zbąszyń,Border_Crossing:Zbąszyń,,,1171.0371234923996
fixed14,1924,TURECKI,Zebrzydowice,Border_Crossing:Zebrzydowice,,,2147.763639892847
fixed14,1924,TŁUMACKI,Gdynia,City:Gdynia,,,4251.851017809504
fixed14,1924,TŁUMACKI,Stołpce,Border_Crossing:Stołpce,,,3064.1280193965367
fixed14,1924,TŁUMACKI,Zbąszyń,Border_Crossing:Zbąszyń,,,3751.9004420092383
fixed14,1924,TŁUMACKI,Zebrzydowice,Border_Crossing:Zebrzydowice,,,2365.0302102011924
fixed14,1924,WADOWICKI,Gdynia,City:Gdynia,,,3122.0296565233725
fixed14,1924,WADOWICKI,Stołpce,Border_Crossing:Stołpce,,,3153.339753506697
fixed14,1924,WADOWICKI,Zbąszyń,Border_Crossing:Zbąszyń,,,2466.1820156482568
fixed14,1924,WADOWICKI,Zebrzydowice,Border_Crossing:Zebrzydowice,,,414.69802886871497
fixed14,1924,WARSZAWSKI,Gdynia,City:Gdynia,,,1896.363278744557
fixed14,1924,WARSZAWSKI,Stołpce,Border_Crossing:Stołpce,,,1942.1395021701037
fixed14,1924,WARSZAWSKI,Zbąszyń,Border_Crossing:Zbąszyń,,,1587.1312953989877
fixed14,1924,WARSZAWSKI,Zebrzydowice,Border_Crossing:Zebrzydowice,,,1729.557725108382
fixed14,1924,WIELUŃSKI,Gdynia,City:Gdynia,,,2358.087298993792
fixed14,1924,WIELUŃSKI,Stołpce,Border_Crossing:Stołpce,,,3711.1559633309794
fixed14,1924,WIELUŃSKI,Zbąszyń,Border_Crossing:Zbąszyń,,,1391.6397529078781
fixed14,1924,WIELUŃSKI,Zebrzydowice,Border_Crossing:Zebrzydowice,,,2545.297078361302
fixed14,1924,WILEJSKI,Gdynia,City:Gdynia,,,4407.316010442793
fixed14,1924,WILEJSKI,Stołpce,Border_Crossing:Stołpce,,,1071.1446149705914
fixed14,1924,WILEJSKI,Zbąszyń,Border_Crossing:Zbąszyń,,,4102.25596822873
fixed14,1924,WILEJSKI,Zebrzydowice,Border_Crossing:Zebrzydowice,,,3986.9954319013673
fixed14,1924,WILEŃSKO-TROCKI,Gdynia,City:Gdynia,,,3760.278198607381
fixed14,1924,WILEŃSKO-TROCKI,Stołpce,Border_Crossing:Stołpce,,,1199.25344724237
fixed14,1924,WILEŃSKO-TROCKI,Zbąszyń,Border_Crossing:Zbąszyń,,,3455.2181563933186
fixed14,1924,WILEŃSKO-TROCKI,Zebrzydowice,Border_Crossing:Zebrzydowice,,,3554.2548604387166
fixed14,1924,WILNO (MIASTO),Gdynia,City:Gdynia,,,3599.760064992999
fixed14,1924,WILNO (MIASTO),Stołpce,Border_Crossing:Stołpce,,,1077.5399519948842
fixed14,1924,WILNO (MIASTO),Zbąszyń,Border_Crossing:Zbąszyń,,,3294.7000227789363
fixed14,1924,WILNO (MIASTO),Zebrzydowice,Border_Crossing:Zebrzydowice,,,3405.0845098560353
fixed14,1924,WOLSZTYŃSKI,Gdynia,City:Gdynia,,,1572.3214415444645
fixed14,1924,WOLSZTYŃSKI,Stołpce,Border_Crossing:Stołpce,,,3428.0656385379207
fixed14,1924,WOLSZTYŃSKI,Zbąszyń,Border_Crossing:Zbąszyń,,,107.5852101446498
fixed14,1924,WOLSZTYŃSKI,Zebrzydowice,Border_Crossing:Zebrzydowice,,,2402.37623947395
fixed14,1924,WOŁKOWYSKI,Gdynia,City:Gdynia,,,3087.388642334603
fixed14,1924,WOŁKOWYSKI,Stołpce,Border_Crossing:Stołpce,,,890.9899271937453
fixed14,1924,WOŁKOWYSKI,Zbąszyń,Border_Crossing:Zbąszyń,,,2782.32860012054
fixed14,1924,WOŁKOWYSKI,Zebrzydowice,Border_Crossing:Zebrzydowice,,,2667.0680637931764
fixed14,1924,WOŁOŻYŃSKI,Gdynia,City:Gdynia,,,4387.366215911942
fixed14,1924,WOŁOŻYŃSKI,Stołpce,Border_Crossing:Stołpce,,,1202.0351917842793
fixed14,1924,WOŁOŻYŃSKI,Zbąszyń,Border_Crossing:Zbąszyń,,,4082.3061736978807
fixed14,1924,WOŁOŻYŃSKI,Zebrzydowice,Border_Crossing:Zebrzydowice,,,3845.918741541212
fixed14,1924,WRZESIŃSKI,Gdynia,City:Gdynia,,,1328.468693394522
fixed14,1924,WRZESIŃSKI,Stołpce,Border_Crossing:Stołpce,,,3023.2186590463252
fixed14,1924,WRZESIŃSKI,Zbąszyń,Border_Crossing:Zbąszyń,,,575.7818038420713
fixed14,1924,WRZESIŃSKI,Zebrzydowice,Border_Crossing:Zebrzydowice,,,2165.852184553844
fixed14,1924,WYRZYSKI,Gdynia,City:Gdynia,,,924.3116495508643
fixed14,1924,WYRZYSKI,Stołpce,Border_Crossing:Stołpce,,,3259.7862466871647
fixed14,1924,WYRZYSKI,Zbąszyń,Border_Crossing:Zbąszyń,,,826.3929078761458
fixed14,1924,WYRZYSKI,Zebrzydowice,Border_Crossing:Zebrzydowice,,,2422.74651862762
fixed14,1924,WYSOKOMAZOWIECKI,Gdynia,City:Gdynia,,,2774.952330709029
fixed14,1924,WYSOKOMAZOWIECKI,Stołpce,Border_Crossing:Stołpce,,,1485.627303349527
fixed14,1924,WYSOKOMAZOWIECKI,Zbąszyń,Border_Crossing:Zbąszyń,,,2469.8922884949657
fixed14,1924,WYSOKOMAZOWIECKI,Zebrzydowice,Border_Crossing:Zebrzydowice,,,2580.2767755720656
fixed14,1924,WĄBRZESKI,Gdynia,City:Gdynia,,,1130.290731928797
fixed14,1924,WĄBRZESKI,Stołpce,Border_Crossing:Stołpce,,,2875.0337550315076
fixed14,1924,WĄBRZESKI,Zbąszyń,Border_Crossing:Zbąszyń,,,1103.7753276748672
fixed14,1924,WĄBRZESKI,Zebrzydowice,Border_Crossing:Zebrzydowice,,,2248.2475051803417
fixed14,1924,WĄGROWIECKI,Gdynia,City:Gdynia,,,1101.0359624771054
fixed14,1924,WĄGROWIECKI,Stołpce,Border_Crossing:Stołpce,,,3285.3303344443866
fixed14,1924,WĄGROWIECKI,Zbąszyń,Border_Crossing:Zbąszyń,,,582.0843461392159
fixed14,1924,WĄGROWIECKI,Zebrzydowice,Border_Crossing:Zebrzydowice,,,2440.2995590975106
fixed14,1924,WĘGROWSKI,Gdynia,City:Gdynia,,,2723.673446524901
fixed14,1924,WĘGROWSKI,Stołpce,Border_Crossing:Stołpce,,,1995.4548382253602
fixed14,1924,WĘGROWSKI,Zbąszyń,Border_Crossing:Zbąszyń,,,2418.613404310838
fixed14,1924,WĘGROWSKI,Zebrzydowice,Border_Crossing:Zebrzydowice,,,2248.152206351666
fixed14,1924,WŁOCŁAWSKI,Gdynia,City:Gdynia,,,1459.0101855083806
fixed14,1924,WŁOCŁAWSKI,Stołpce,Border_Crossing:Stołpce,,,2696.5575539612423
fixed14,1924,WŁOCŁAWSKI,Zbąszyń,Border_Crossing:Zbąszyń,,,1096.9025724560652
fixed14,1924,WŁOCŁAWSKI,Zebrzydowice,Border_Crossing:Zebrzydowice,,,1859.5178259016957
fixed14,1924,WŁODAWSKI,Gdynia,City:Gdynia,,,3194.7381348416006
fixed14,1924,WŁODAWSKI,Stołpce,Border_Crossing:Stołpce,,,1680.6047700543106
fixed14,1924,WŁODAWSKI,Zbąszyń,Border_Crossing:Zbąszyń,,,2889.6780926275383
fixed14,1924,WŁODAWSKI,Zebrzydowice,Border_Crossing:Zebrzydowice,,,2294.8273445419577
fixed14,1924,WŁODZIMIERSKI,Gdynia,City:Gdynia,,,3421.4018233760585
fixed14,1924,WŁODZIMIERSKI,Stołpce,Border_Crossing:Stołpce,,,1926.5640748666567
fixed14,1924,WŁODZIMIERSKI,Zbąszyń,Border_Crossing:Zbąszyń,,,3109.705888329951
fixed14,1924,WŁODZIMIERSKI,Zebrzydowice,Border_Crossing:Zebrzydowice,,,2387.662446774612
fixed14,1924,WŁOSZCZOWSKI,Gdynia,City:Gdynia,,,2893.7576067663244
fixed14,1924,WŁOSZCZOWSKI,Stołpce,Border_Crossing:Stołpce,,,2652.9071013912794
fixed14,1924,WŁOSZCZOWSKI,Zbąszyń,Border_Crossing:Zbąszyń,,,2237.909965891209
fixed14,1924,WŁOSZCZOWSKI,Zebrzydowice,Border_Crossing:Zebrzydowice,,,1052.5059816652856
fixed14,1924,ZALESZCZYCKI,Gdynia,City:Gdynia,,,4708.012900473492
fixed14,1924,ZALESZCZYCKI,Stołpce,Border_Crossing:Stołpce,,,3144.3606396095993
fixed14,1924,ZALESZCZYCKI,Zbąszyń,Border_Crossing:Zbąszyń,,,4208.0623246732275
fixed14,1924,ZALESZCZYCKI,Zebrzydowice,Border_Crossing:Zebrzydowice,,,2821.19209286518
fixed14,1924,ZAMOJSKI,Gdynia,City:Gdynia,,,3032.352188565409
fixed14,1924,ZAMOJSKI,Stołpce,Border_Crossing:Stołpce,,,1886.0123382524248
fixed14,1924,ZAMOJSKI,Zbąszyń,Border_Crossing:Zbąszyń,,,2720.656253519301
fixed14,1924,ZAMOJSKI,Zebrzydowice,Border_Crossing:Zebrzydowice,,,2066.562269775053
fixed14,1924,ZBARASKI,Gdynia,City:Gdynia,,,4308.99753216582
fixed14,1924,ZBARASKI,Stołpce,Border_Crossing:Stołpce,,,2522.5557488895215
fixed14,1924,ZBARASKI,Zbąszyń,Border_Crossing:Zbąszyń,,,3868.2483039997906
fixed14,1924,ZBARASKI,Zebrzydowice,Border_Crossing:Zebrzydowice,,,2542.490763452491
fixed14,1924,ZBOROWSKI,Gdynia,City:Gdynia,,,4250.296688594875
fixed14,1924,ZBOROWSKI,Stołpce,Border_Crossing:Stołpce,,,2690.7248234049443
fixed14,1924,ZBOROWSKI,Zbąszyń,Border_Crossing:Zbąszyń,,,3809.5474604288456
fixed14,1924,ZBOROWSKI,Zebrzydowice,Border_Crossing:Zebrzydowice,,,2483.789919881547
fixed14,1924,ZDOŁBUNOWSKI,Gdynia,City:Gdynia,,,4145.08342072171
fixed14,1924,ZDOŁBUNOWSKI,Stołpce,Border_Crossing:Stołpce,,,1932.7071160985333
fixed14,1924,ZDOŁBUNOWSKI,Zbąszyń,Border_Crossing:Zbąszyń,,,3833.387485675604
fixed14,1924,ZDOŁBUNOWSKI,Zebrzydowice,Border_Crossing:Zebrzydowice,,,2886.261667902285
fixed14,1924,ZŁOCZOWSKI,Gdynia,City:Gdynia,,,3950.1255626520265
fixed14,1924,ZŁOCZOWSKI,Stołpce,Border_Crossing:Stołpce,,,2396.2092282265094
fixed14,1924,ZŁOCZOWSKI,Zbąszyń,Border_Crossing:Zbąszyń,,,3509.3763344859976
fixed14,1924,ZŁOCZOWSKI,Zebrzydowice,Border_Crossing:Zebrzydowice,,,2183.6187939386987
fixed14,1924,ŁASKI,Gdynia,City:Gdynia,,,2131.180415290974
fixed14,1924,ŁASKI,Stołpce,Border_Crossing:Stołpce,,,2757.0876582674205
fixed14,1924,ŁASKI,Zbąszyń,Border_Crossing:Zbąszyń,,,1217.226348439314
fixed14,1924,ŁASKI,Zebrzydowice,Border_Crossing:Zebrzydowice,,,1591.228773297742
fixed14,1924,ŁAŃCUCKI,Gdynia,City:Gdynia,,,3263.9211493078196
fixed14,1924,ŁAŃCUCKI,Stołpce,Border_Crossing:Stołpce,,,2570.1331029727917
fixed14,1924,ŁAŃCUCKI,Zbąszyń,Border_Crossing:Zbąszyń,,,2609.91330175773
fixed14,1924,ŁAŃCUCKI,Zebrzydowice,Border_Crossing:Zebrzydowice,,,1461.1322007058254
fixed14,1924,ŁOMŻYŃSKI,Gdynia,City:Gdynia,,,2607.480848995044
fixed14,1924,ŁOMŻYŃSKI,Stołpce,Border_Crossing:Stołpce,,,1642.7236280551858
fixed14,1924,ŁOMŻYŃSKI,Zbąszyń,Border_Crossing:Zbąszyń,,,2302.4208067809823
fixed14,1924,ŁOMŻYŃSKI,Zebrzydowice,Border_Crossing:Zebrzydowice,,,2455.843043231152
fixed14,1924,ŁOWICKI,Gdynia,City:Gdynia,,,1813.7033816415997
fixed14,1924,ŁOWICKI,Stołpce,Border_Crossing:Stołpce,,,2263.4836241562634
fixed14,1924,ŁOWICKI,Zbąszyń,Border_Crossing:Zbąszyń,,,1276.754356679
fixed14,1924,ŁOWICKI,Zebrzydowice,Border_Crossing:Zebrzydowice,,,1438.15210950467
fixed14,1924,ŁUCKI,Gdynia,City:Gdynia,,,3666.599400413408
fixed14,1924,ŁUCKI,Stołpce,Border_Crossing:Stołpce,,,1957.505059725624
fixed14,1924,ŁUCKI,Zbąszyń,Border_Crossing:Zbąszyń,,,3354.9034653673
fixed14,1924,ŁUCKI,Zebrzydowice,Border_Crossing:Zebrzydowice,,,2700.8094816230528
fixed14,1924,ŁUKOWSKI,Gdynia,City:Gdynia,,,2563.8549554174415
fixed14,1924,ŁUKOWSKI,Stołpce,Border_Crossing:Stołpce,,,1718.5578829875933
fixed14,1924,ŁUKOWSKI,Zbąszyń,Border_Crossing:Zbąszyń,,,2258.5693778598466
fixed14,1924,ŁUKOWSKI,Zebrzydowice,Border_Crossing:Zebrzydowice,,,1858.4239831570085
fixed14,1924,ŁUNINIECKI,Gdynia,City:Gdynia,,,3959.4573649443323
fixed14,1924,ŁUNINIECKI,Stołpce,Border_Crossing:Stołpce,,,937.8724982158633
fixed14,1924,ŁUNINIECKI,Zbąszyń,Border_Crossing:Zbąszyń,,,3654.39732273027
fixed14,1924,ŁUNINIECKI,Zebrzydowice,Border_Crossing:Zebrzydowice,,,3263.186590777773
fixed14,1924,ŁÓDZKI,Gdynia,City:Gdynia,,,1882.4525659589904
fixed14,1924,ŁÓDZKI,Stołpce,Border_Crossing:Stołpce,,,2486.07108121943
fixed14,1924,ŁÓDZKI,Zbąszyń,Border_Crossing:Zbąszyń,,,1248.8607288046571
fixed14,1924,ŁÓDZKI,Zebrzydowice,Border_Crossing:Zebrzydowice,,,1338.6787759484641
fixed14,1924,ŁÓDŹ (MIASTO),Gdynia,City:Gdynia,,,1930.7642242929508
fixed14,1924,ŁÓDŹ (MIASTO),Stołpce,Border_Crossing:Stołpce,,,2534.3827395533913
fixed14,1924,ŁÓDŹ (MIASTO),Zbąszyń,Border_Crossing:Zbąszyń,,,1274.9165834178352
fixed14,1924,ŁÓDŹ (MIASTO),Zebrzydowice,Border_Crossing:Zebrzydowice,,,1275.15952484804
fixed14,1924,ŁĘCZYCKI,Gdynia,City:Gdynia,,,1665.4987336602255
fixed14,1924,ŁĘCZYCKI,Stołpce,Border_Crossing:Stołpce,,,2538.4686903015395
fixed14,1924,ŁĘCZYCKI,Zbąszyń,Border_Crossing:Zbąszyń,,,1118.3038287169497
fixed14,1924,ŁĘCZYCKI,Zebrzydowice,Border_Crossing:Zebrzydowice,,,1567.3792555135662
fixed14,1924,ŚNIATYŃSKI,Gdynia,City:Gdynia,,,4585.0766892265765
fixed14,1924,ŚNIATYŃSKI,Stołpce,Border_Crossing:Stołpce,,,3397.3536908136107
fixed14,1924,ŚNIATYŃSKI,Zbąszyń,Border_Crossing:Zbąszyń,,,4085.1261134263113
fixed14,1924,ŚNIATYŃSKI,Zebrzydowice,Border_Crossing:Zebrzydowice,,,2698.2558816182654
fixed14,1924,ŚREDZKI,Gdynia,City:Gdynia,,,1463.42236776402
fixed14,1924,ŚREDZKI,Stołpce,Border_Crossing:Stołpce,,,3293.8599224866366
fixed14,1924,ŚREDZKI,Zbąszyń,Border_Crossing:Zbąszyń,,,504.6267040205483
fixed14,1924,ŚREDZKI,Zebrzydowice,Border_Crossing:Zebrzydowice,,,2234.4948833282874
fixed14,1924,ŚREMSKI,Gdynia,City:Gdynia,,,1546.833544199346
fixed14,1924,ŚREMSKI,Stołpce,Border_Crossing:Stołpce,,,3396.270354138828
fixed14,1924,ŚREMSKI,Zbąszyń,Border_Crossing:Zbąszyń,,,498.74639286842654
fixed14,1924,ŚREMSKI,Zebrzydowice,Border_Crossing:Zebrzydowice,,,2452.961268573759
fixed14,1924,ŚWIECKI,Gdynia,City:Gdynia,,,842.2919925324308
fixed14,1924,ŚWIECKI,Stołpce,Border_Crossing:Stołpce,,,3033.104734586225
fixed14,1924,ŚWIECKI,Zbąszyń,Border_Crossing:Zbąszyń,,,1111.287963154152
fixed14,1924,ŚWIECKI,Zebrzydowice,Border_Crossing:Zebrzydowice,,,2426.918109123247
fixed14,1924,ŚWIĘCIAŃSKI,Gdynia,City:Gdynia,,,4058.2907020447187
fixed14,1924,ŚWIĘCIAŃSKI,Stołpce,Border_Crossing:Stołpce,,,1536.0705890466045
fixed14,1924,ŚWIĘCIAŃSKI,Zbąszyń,Border_Crossing:Zbąszyń,,,3753.2306598306564
fixed14,1924,ŚWIĘCIAŃSKI,Zebrzydowice,Border_Crossing:Zebrzydowice,,,3863.615146907756
fixed14,1924,ŚWIĘTOCHŁOWICKI,Gdynia,City:Gdynia,,,2870.874804687349
fixed14,1924,ŚWIĘTOCHŁOWICKI,Stołpce,Border_Crossing:Stołpce,,,2953.8887329278427
fixed14,1924,ŚWIĘTOCHŁOWICKI,Zbąszyń,Border_Crossing:Zbąszyń,,,2215.027163812234
fixed14,1924,ŚWIĘTOCHŁOWICKI,Zebrzydowice,Border_Crossing:Zebrzydowice,,,350.67060575540086
fixed14,1924,ŻNIŃSKI,Gdynia,City:Gdynia,,,1135.897684066892
fixed14,1924,ŻNIŃSKI,Stołpce,Border_Crossing:Stołpce,,,3213.4301623757483
fixed14,1924,ŻNIŃSKI,Zbąszyń,Border_Crossing:Zbąszyń,,,725.8287934487129
fixed14,1924,ŻNIŃSKI,Zebrzydowice,Border_Crossing:Zebrzydowice,,,2369.0740749213464
fixed14,1924,ŻYDACZOWSKI,Gdynia,City:Gdynia,,,4025.7994055454237
fixed14,1924,ŻYDACZOWSKI,Stołpce,Border_Crossing:Stołpce,,,2838.0764071324584
fixed14,1924,ŻYDACZOWSKI,Zbąszyń,Border_Crossing:Zbąszyń,,,3585.0501773793944
fixed14,1924,ŻYDACZOWSKI,Zebrzydowice,Border_Crossing:Zebrzydowice,,,2209.7565507445997
fixed14,1924,ŻYWIECKI,Gdynia,City:Gdynia,,,3240.10525135058
fixed14,1924,ŻYWIECKI,Stołpce,Border_Crossing:Stołpce,,,3296.713858956117
fixed14,1924,ŻYWIECKI,Zbąszyń,Border_Crossing:Zbąszyń,,,2584.2576104754644
fixed14,1924,ŻYWIECKI,Zebrzydowice,Border_Crossing:Zebrzydowice,,,363.06702705762854
fixed14,1924,ŻÓŁKIEWSKI,Gdynia,City:Gdynia,,,3602.4605285480748
fixed14,1924,ŻÓŁKIEWSKI,Stołpce,Border_Crossing:Stołpce,,,2439.9123643352345
fixed14,1924,ŻÓŁKIEWSKI,Zbąszyń,Border_Crossing:Zbąszyń,,,3290.7645935019677
fixed14,1924,ŻÓŁKIEWSKI,Zebrzydowice,Border_Crossing:Zebrzydowice,,,2042.0462856912088
fixed14,1938,AUGUSTOWSKI,Gdynia,City:Gdynia,,,3141.3422187193673
fixed14,1938,AUGUSTOWSKI,Stołpce,Border_Crossing:Stołpce,,,1536.0897606811545
fixed14,1938,AUGUSTOWSKI,Zbąszyń,Border_Crossing:Zbąszyń,,,3057.138390916544
fixed14,1938,AUGUSTOWSKI,Zebrzydowice,Border_Crossing:Zebrzydowice,,,3087.304511551775
fixed14,1938,BARANOWICKI,Gdynia,City:Gdynia,,,3333.0524961134083
fixed14,1938,BARANOWICKI,Stołpce,Border_Crossing:Stołpce,,,386.7538922801297
fixed14,1938,BARANOWICKI,Zbąszyń,Border_Crossing:Zbąszyń,,,3248.848668310584
fixed14,1938,BARANOWICKI,Zebrzydowice,Border_Crossing:Zebrzydowice,,,3017.4805405269317
fixed14,1938,BIALSKI (BIAŁA KRAKOWSKA),Gdynia,City:Gdynia,,,2540.7078607736807
fixed14,1938,BIALSKI (BIAŁA KRAKOWSKA),Stołpce,Border_Crossing:Stołpce,,,3223.3428150868895
fixed14,1938,BIALSKI (BIAŁA KRAKOWSKA),Zbąszyń,Border_Crossing:Zbąszyń,,,1860.3918722613219
fixed14,1938,BIALSKI (BIAŁA KRAKOWSKA),Zebrzydowice,Border_Crossing:Zebrzydowice,,,295.50831257445117
fixed14,1938,BIALSKI (BIAŁA PODLASKA),Gdynia,City:Gdynia,,,2526.742249844872
fixed14,1938,BIALSKI (BIAŁA PODLASKA),Stołpce,Border_Crossing:Stołpce,,,1409.3017849460102
fixed14,1938,BIALSKI (BIAŁA PODLASKA),Zbąszyń,Border_Crossing:Zbąszyń,,,2380.8421350110757
fixed14,1938,BIALSKI (BIAŁA PODLASKA),Zebrzydowice,Border_Crossing:Zebrzydowice,,,2008.6206956512233
fixed14,1938,BIAŁOSTOCKI,Gdynia,City:Gdynia,,,2498.5322249783108
fixed14,1938,BIAŁOSTOCKI,Stołpce,Border_Crossing:Stołpce,,,1217.624313203373
fixed14,1938,BIAŁOSTOCKI,Zbąszyń,Border_Crossing:Zbąszyń,,,2414.328397175487
fixed14,1938,BIAŁOSTOCKI,Zebrzydowice,Border_Crossing:Zebrzydowice,,,2444.494517810718
fixed14,1938,BIELSKI (BIELSK PODLASKI),Gdynia,City:Gdynia,,,2704.829047506171
fixed14,1938,BIELSKI (BIELSK PODLASKI),Stołpce,Border_Crossing:Stołpce,,,1323.50173046888
fixed14,1938,BIELSKI (BIELSK PODLASKI),Zbąszyń,Border_Crossing:Zbąszyń,,,2558.9289326723742
fixed14,1938,BIELSKI (BIELSK PODLASKI),Zebrzydowice,Border_Crossing:Zebrzydowice,,,2407.457027305849
fixed14,1938,BIELSKO,Gdynia,City:Gdynia,,,2522.3305826355913
fixed14,1938,BIELSKO,Stołpce,Border_Crossing:Stołpce,,,3209.268654996869
fixed14,1938,BIELSKO,Zbąszyń,Border_Crossing:Zbąszyń,,,1842.014594123232
fixed14,1938,BIELSKO,Zebrzydowice,Border_Crossing:Zebrzydowice,,,184.18415165006243
fixed14,1938,BIŁGORAJSKI,Gdynia,City:Gdynia,,,3075.0504472519833
fixed14,1938,BIŁGORAJSKI,Stołpce,Border_Crossing:Stołpce,,,2105.128623246799
fixed14,1938,BIŁGORAJSKI,Zbąszyń,Border_Crossing:Zbąszyń,,,2928.7639341302493
fixed14,1938,BIŁGORAJSKI,Zebrzydowice,Border_Crossing:Zebrzydowice,,,2285.678554769428
fixed14,1938,BOCHEŃSKI,Gdynia,City:Gdynia,,,2696.2653359698024
fixed14,1938,BOCHEŃSKI,Stołpce,Border_Crossing:Stołpce,,,2935.0269435837677
fixed14,1938,BOCHEŃSKI,Zbąszyń,Border_Crossing:Zbąszyń,,,2015.9493474574438
fixed14,1938,BOCHEŃSKI,Zebrzydowice,Border_Crossing:Zebrzydowice,,,622.2218451638772
fixed14,1938,BORSZCZOWSKI,Gdynia,City:Gdynia,,,4654.189754231651
fixed14,1938,BORSZCZOWSKI,Stołpce,Border_Crossing:Stołpce,,,3196.0567310386355
fixed14,1938,BORSZCZOWSKI,Zbąszyń,Border_Crossing:Zbąszyń,,,4362.882035152339
fixed14,1938,BORSZCZOWSKI,Zebrzydowice,Border_Crossing:Zebrzydowice,,,3064.101011826121
fixed14,1938,BRASŁAWSKI,Gdynia,City:Gdynia,,,4198.8591528500065
fixed14,1938,BRASŁAWSKI,Stołpce,Border_Crossing:Stołpce,,,1781.8994993696163
fixed14,1938,BRASŁAWSKI,Zbąszyń,Border_Crossing:Zbąszyń,,,4114.655325047183
fixed14,1938,BRASŁAWSKI,Zebrzydowice,Border_Crossing:Zebrzydowice,,,4144.8214456824135
fixed14,1938,BRODNICKI,Gdynia,City:Gdynia,,,942.5395521413137
fixed14,1938,BRODNICKI,Stołpce,Border_Crossing:Stołpce,,,2626.611105381821
fixed14,1938,BRODNICKI,Zbąszyń,Border_Crossing:Zbąszyń,,,1205.8554087535433
fixed14,1938,BRODNICKI,Zebrzydowice,Border_Crossing:Zebrzydowice,,,1982.5692316290533
fixed14,1938,BRODZKI,Gdynia,City:Gdynia,,,3799.288489322478
fixed14,1938,BRODZKI,Stołpce,Border_Crossing:Stołpce,,,2065.3121703371967
fixed14,1938,BRODZKI,Zbąszyń,Border_Crossing:Zbąszyń,,,3507.9807702431676
fixed14,1938,BRODZKI,Zebrzydowice,Border_Crossing:Zebrzydowice,,,2209.19974691695
fixed14,1938,BRZESKI (BRZESKO),Gdynia,City:Gdynia,,,3116.305574047211
fixed14,1938,BRZESKI (BRZESKO),Stołpce,Border_Crossing:Stołpce,,,3029.855363897978
fixed14,1938,BRZESKI (BRZESKO),Zbąszyń,Border_Crossing:Zbąszyń,,,2435.9895855348504
fixed14,1938,BRZESKI (BRZESKO),Zebrzydowice,Border_Crossing:Zebrzydowice,,,1042.262083241284
fixed14,1938,BRZESKI (BRZEŚĆ N.BUG.),Gdynia,City:Gdynia,,,2640.0063862012585
fixed14,1938,BRZESKI (BRZEŚĆ N.BUG.),Stołpce,Border_Crossing:Stołpce,,,1193.488489626646
fixed14,1938,BRZESKI (BRZEŚĆ N.BUG.),Zbąszyń,Border_Crossing:Zbąszyń,,,2494.106271367462
fixed14,1938,BRZESKI (BRZEŚĆ N.BUG.),Zebrzydowice,Border_Crossing:Zebrzydowice,,,2124.7837125833275
fixed14,1938,BRZEZIŃSKI,Gdynia,City:Gdynia,,,1772.6065337020184
fixed14,1938,BRZEZIŃSKI,Stołpce,Border_Crossing:Stołpce,,,2396.012040369066
fixed14,1938,BRZEZIŃSKI,Zbąszyń,Border_Crossing:Zbąszyń,,,1409.43188545052
fixed14,1938,BRZEZIŃSKI,Zebrzydowice,Border_Crossing:Zebrzydowice,,,1253.0808639217182
fixed14,1938,BRZEŻAŃSKI,Gdynia,City:Gdynia,,,3900.1016292261693
fixed14,1938,BRZEŻAŃSKI,Stołpce,Border_Crossing:Stołpce,,,2871.6817907234513
fixed14,1938,BRZEŻAŃSKI,Zbąszyń,Border_Crossing:Zbąszyń,,,3608.7939101468583
fixed14,1938,BRZEŻAŃSKI,Zebrzydowice,Border_Crossing:Zebrzydowice,,,2310.0128868206402
fixed14,1938,BRZOZOWSKI,Gdynia,City:Gdynia,,,3237.1055979179464
fixed14,1938,BRZOZOWSKI,Stołpce,Border_Crossing:Stołpce,,,2867.610775340125
fixed14,1938,BRZOZOWSKI,Zbąszyń,Border_Crossing:Zbąszyń,,,2856.5020019906124
fixed14,1938,BRZOZOWSKI,Zebrzydowice,Border_Crossing:Zebrzydowice,,,1549.1922698815845
fixed14,1938,BUCZACKI,Gdynia,City:Gdynia,,,4247.240586190952
fixed14,1938,BUCZACKI,Stołpce,Border_Crossing:Stołpce,,,2991.4421566659107
fixed14,1938,BUCZACKI,Zbąszyń,Border_Crossing:Zbąszyń,,,3896.7315194774064
fixed14,1938,BUCZACKI,Zebrzydowice,Border_Crossing:Zebrzydowice,,,2536.8378048904415
fixed14,1938,BYDGOSKI,Gdynia,City:Gdynia,,,781.21997949099
fixed14,1938,BYDGOSKI,Stołpce,Border_Crossing:Stołpce,,,2959.0723987642045
fixed14,1938,BYDGOSKI,Zbąszyń,Border_Crossing:Zbąszyń,,,847.2918895520918
fixed14,1938,BYDGOSKI,Zebrzydowice,Border_Crossing:Zebrzydowice,,,1828.1231757882558
fixed14,1938,BÓBRECKI,Gdynia,City:Gdynia,,,3872.004678916889
fixed14,1938,BÓBRECKI,Stołpce,Border_Crossing:Stołpce,,,2859.7993831301646
fixed14,1938,BÓBRECKI,Zbąszyń,Border_Crossing:Zbąszyń,,,3580.6969598375786
fixed14,1938,BÓBRECKI,Zebrzydowice,Border_Crossing:Zebrzydowice,,,2234.9856850450824
fixed14,1938,BĘDZIŃSKI,Gdynia,City:Gdynia,,,2301.7921450203444
fixed14,1938,BĘDZIŃSKI,Stołpce,Border_Crossing:Stołpce,,,2959.4884270598404
fixed14,1938,BĘDZIŃSKI,Zbąszyń,Border_Crossing:Zbąszyń,,,1621.4761565079841
fixed14,1938,BĘDZIŃSKI,Zebrzydowice,Border_Crossing:Zebrzydowice,,,451.29264021217733
fixed14,1938,BŁOŃSKI,Gdynia,City:Gdynia,,,1842.25610163729
fixed14,1938,BŁOŃSKI,Stołpce,Border_Crossing:Stołpce,,,2049.4043826364477
fixed14,1938,BŁOŃSKI,Zbąszyń,Border_Crossing:Zbąszyń,,,1490.6426759381259
fixed14,1938,BŁOŃSKI,Zebrzydowice,Border_Crossing:Zebrzydowice,,,1488.8745225971754
fixed14,1938,CHEŁMIŃSKI,Gdynia,City:Gdynia,,,951.331468989226
fixed14,1938,CHEŁMIŃSKI,Stołpce,Border_Crossing:Stołpce,,,2961.00982394055
fixed14,1938,CHEŁMIŃSKI,Zbąszyń,Border_Crossing:Zbąszyń,,,1080.9115819020217
fixed14,1938,CHEŁMIŃSKI,Zebrzydowice,Border_Crossing:Zebrzydowice,,,1933.1551401902996
fixed14,1938,CHEŁMSKI,Gdynia,City:Gdynia,,,2761.071555995742
fixed14,1938,CHEŁMSKI,Stołpce,Border_Crossing:Stołpce,,,1656.9518282656734
fixed14,1938,CHEŁMSKI,Zbąszyń,Border_Crossing:Zbąszyń,,,2614.7850428740066
fixed14,1938,CHEŁMSKI,Zebrzydowice,Border_Crossing:Zebrzydowice,,,1971.699663513186
fixed14,1938,CHODZIESKI,Gdynia,City:Gdynia,,,1099.2230102509113
fixed14,1938,CHODZIESKI,Stołpce,Border_Crossing:Stołpce,,,3278.238923070328
fixed14,1938,CHODZIESKI,Zbąszyń,Border_Crossing:Zbąszyń,,,677.4721174312169
fixed14,1938,CHODZIESKI,Zebrzydowice,Border_Crossing:Zebrzydowice,,,2008.1270788272195
fixed14,1938,CHOJNICKI,Gdynia,City:Gdynia,,,709.5854799280255
fixed14,1938,CHOJNICKI,Stołpce,Border_Crossing:Stołpce,,,3353.3292848419915
fixed14,1938,CHOJNICKI,Zbąszyń,Border_Crossing:Zbąszyń,,,1206.4250585985396
fixed14,1938,CHOJNICKI,Zebrzydowice,Border_Crossing:Zebrzydowice,,,2314.345674758643
fixed14,1938,CHORZÓW,Gdynia,City:Gdynia,,,2181.516689425607
fixed14,1938,CHORZÓW,Stołpce,Border_Crossing:Stołpce,,,2941.3177107635242
fixed14,1938,CHORZÓW,Zbąszyń,Border_Crossing:Zbąszyń,,,1501.200700913247
fixed14,1938,CHORZÓW,Zebrzydowice,Border_Crossing:Zebrzydowice,,,332.4402629691027
fixed14,1938,CHRZANOWSKI,Gdynia,City:Gdynia,,,2390.864560512789
fixed14,1938,CHRZANOWSKI,Stołpce,Border_Crossing:Stołpce,,,2933.363442553342
fixed14,1938,CHRZANOWSKI,Zbąszyń,Border_Crossing:Zbąszyń,,,1710.548572000429
fixed14,1938,CHRZANOWSKI,Zebrzydowice,Border_Crossing:Zebrzydowice,,,340.79419643070594
fixed14,1938,CIECHANOWSKI,Gdynia,City:Gdynia,,,1367.6306687877518
fixed14,1938,CIECHANOWSKI,Stołpce,Border_Crossing:Stołpce,,,2201.4841463972007
fixed14,1938,CIECHANOWSKI,Zbąszyń,Border_Crossing:Zbąszyń,,,1630.9465253999815
fixed14,1938,CIECHANOWSKI,Zebrzydowice,Border_Crossing:Zebrzydowice,,,1985.5528286786073
fixed14,1938,CIESZYŃSKI,Gdynia,City:Gdynia,,,2559.581983625336
fixed14,1938,CIESZYŃSKI,Stołpce,Border_Crossing:Stołpce,,,3246.5200559866134
fixed14,1938,CIESZYŃSKI,Zbąszyń,Border_Crossing:Zbąszyń,,,1879.265995112977
fixed14,1938,CIESZYŃSKI,Zebrzydowice,Border_Crossing:Zebrzydowice,,,156.3429950303046
fixed14,1938,CZARNKOWSKI,Gdynia,City:Gdynia,,,1297.5825145229117
fixed14,1938,CZARNKOWSKI,Stołpce,Border_Crossing:Stołpce,,,3467.2451376310028
fixed14,1938,CZARNKOWSKI,Zbąszyń,Border_Crossing:Zbąszyń,,,731.7231250213308
fixed14,1938,CZARNKOWSKI,Zebrzydowice,Border_Crossing:Zebrzydowice,,,2069.0413614078057
fixed14,1938,CZORTKOWSKI,Gdynia,City:Gdynia,,,4289.775495147949
fixed14,1938,CZORTKOWSKI,Stołpce,Border_Crossing:Stołpce,,,2831.6424719549336
fixed14,1938,CZORTKOWSKI,Zbąszyń,Border_Crossing:Zbąszyń,,,3958.6451276273688
fixed14,1938,CZORTKOWSKI,Zebrzydowice,Border_Crossing:Zebrzydowice,,,2598.7514130404043
fixed14,1938,CZĘSTOCHOWSKI,Gdynia,City:Gdynia,,,2261.0607264180962
fixed14,1938,CZĘSTOCHOWSKI,Stołpce,Border_Crossing:Stołpce,,,2843.82115950908
fixed14,1938,CZĘSTOCHOWSKI,Zbąszyń,Border_Crossing:Zbąszyń,,,1881.1856406563686
fixed14,1938,CZĘSTOCHOWSKI,Zebrzydowice,Border_Crossing:Zebrzydowice,,,733.6941011891611
fixed14,1938,DOBROMILSKI,Gdynia,City:Gdynia,,,3452.529659957741
fixed14,1938,DOBROMILSKI,Stołpce,Border_Crossing:Stołpce,,,3043.2071649459035
fixed14,1938,DOBROMILSKI,Zbąszyń,Border_Crossing:Zbąszyń,,,3062.430925881738
fixed14,1938,DOBROMILSKI,Zebrzydowice,Border_Crossing:Zebrzydowice,,,1610.3406479131088
fixed14,1938,DOLIŃSKI,Gdynia,City:Gdynia,,,3838.578437471071
fixed14,1938,DOLIŃSKI,Stołpce,Border_Crossing:Stołpce,,,2960.688153754464
fixed14,1938,DOLIŃSKI,Zbąszyń,Border_Crossing:Zbąszyń,,,3475.15143425696
fixed14,1938,DOLIŃSKI,Zebrzydowice,Border_Crossing:Zebrzydowice,,,2115.2577196699945
fixed14,1938,DROHICKI,Gdynia,City:Gdynia,,,3238.4618045964235
fixed14,1938,DROHICKI,Stołpce,Border_Crossing:Stołpce,,,1291.775849321081
fixed14,1938,DROHICKI,Zbąszyń,Border_Crossing:Zbąszyń,,,3092.561689762627
fixed14,1938,DROHICKI,Zebrzydowice,Border_Crossing:Zebrzydowice,,,2720.3402504027763
fixed14,1938,DROHOBYCKI,Gdynia,City:Gdynia,,,3508.876375008832
fixed14,1938,DROHOBYCKI,Stołpce,Border_Crossing:Stołpce,,,2838.0168616303213
fixed14,1938,DROHOBYCKI,Zbąszyń,Border_Crossing:Zbąszyń,,,3145.4493717947207
fixed14,1938,DROHOBYCKI,Zebrzydowice,Border_Crossing:Zebrzydowice,,,1785.5556572077558
fixed14,1938,DUBIEŃSKI,Gdynia,City:Gdynia,,,3995.1024898114783
fixed14,1938,DUBIEŃSKI,Stołpce,Border_Crossing:Stołpce,,,1963.5368147408378
fixed14,1938,DUBIEŃSKI,Zbąszyń,Border_Crossing:Zbąszyń,,,3832.362069208505
fixed14,1938,DUBIEŃSKI,Zebrzydowice,Border_Crossing:Zebrzydowice,,,2533.581045882287
fixed14,1938,DZIAŁDOWSKI,Gdynia,City:Gdynia,,,1281.2225177889845
fixed14,1938,DZIAŁDOWSKI,Stołpce,Border_Crossing:Stołpce,,,2567.751874599125
fixed14,1938,DZIAŁDOWSKI,Zbąszyń,Border_Crossing:Zbąszyń,,,1544.5383744012147
fixed14,1938,DZIAŁDOWSKI,Zebrzydowice,Border_Crossing:Zebrzydowice,,,2321.1295736653265
fixed14,1938,DZIŚNIEŃSKI,Gdynia,City:Gdynia,,,4323.365065773547
fixed14,1938,DZIŚNIEŃSKI,Stołpce,Border_Crossing:Stołpce,,,1308.5749791578737
fixed14,1938,DZIŚNIEŃSKI,Zbąszyń,Border_Crossing:Zbąszyń,,,4239.161237970723
fixed14,1938,DZIŚNIEŃSKI,Zebrzydowice,Border_Crossing:Zebrzydowice,,,4224.425796088648
fixed14,1938,DĄBROWSKI,Gdynia,City:Gdynia,,,2991.3221707082625
fixed14,1938,DĄBROWSKI,Stołpce,Border_Crossing:Stołpce,,,2892.7657420359933
fixed14,1938,DĄBROWSKI,Zbąszyń,Border_Crossing:Zbąszyń,,,2311.006182195903
fixed14,1938,DĄBROWSKI,Zebrzydowice,Border_Crossing:Zebrzydowice,,,917.2786799023366
fixed14,1938,GARWOLIŃSKI,Gdynia,City:Gdynia,,,2167.5573016093676
fixed14,1938,GARWOLIŃSKI,Stołpce,Border_Crossing:Stołpce,,,2106.1997267286633
fixed14,1938,GARWOLIŃSKI,Zbąszyń,Border_Crossing:Zbąszyń,,,2021.270788487632
fixed14,1938,GARWOLIŃSKI,Zebrzydowice,Border_Crossing:Zebrzydowice,,,1843.9382243791813
fixed14,1938,GNIEŹNIEŃSKI,Gdynia,City:Gdynia,,,1122.086963608637
fixed14,1938,GNIEŹNIEŃSKI,Stołpce,Border_Crossing:Stołpce,,,3012.098028295295
fixed14,1938,GNIEŹNIEŃSKI,Zbąszyń,Border_Crossing:Zbąszyń,,,544.2093557358663
fixed14,1938,GNIEŹNIEŃSKI,Zebrzydowice,Border_Crossing:Zebrzydowice,,,1669.2382353652101
fixed14,1938,GORLICKI,Gdynia,City:Gdynia,,,3112.8664091276924
fixed14,1938,GORLICKI,Stołpce,Border_Crossing:Stołpce,,,3014.309980455422
fixed14,1938,GORLICKI,Zbąszyń,Border_Crossing:Zbąszyń,,,2432.550420615331
fixed14,1938,GORLICKI,Zebrzydowice,Border_Crossing:Zebrzydowice,,,976.4242289421907
fixed14,1938,GOSTYNIŃSKI,Gdynia,City:Gdynia,,,1498.6666180193658
fixed14,1938,GOSTYNIŃSKI,Stołpce,Border_Crossing:Stołpce,,,2628.420831301346
fixed14,1938,GOSTYNIŃSKI,Zbąszyń,Border_Crossing:Zbąszyń,,,1279.1299327313093
fixed14,1938,GOSTYNIŃSKI,Zebrzydowice,Border_Crossing:Zebrzydowice,,,1630.7119624509098
fixed14,1938,GOSTYŃSKI,Gdynia,City:Gdynia,,,1572.2876049593965
fixed14,1938,GOSTYŃSKI,Stołpce,Border_Crossing:Stołpce,,,3271.1070363647586
fixed14,1938,GOSTYŃSKI,Zbąszyń,Border_Crossing:Zbąszyń,,,464.5015926092641
fixed14,1938,GOSTYŃSKI,Zebrzydowice,Border_Crossing:Zebrzydowice,,,1478.7360592416521
fixed14,1938,GRODZIEŃSKI,Gdynia,City:Gdynia,,,2968.683071474071
fixed14,1938,GRODZIEŃSKI,Stołpce,Border_Crossing:Stołpce,,,1326.4585056335648
fixed14,1938,GRODZIEŃSKI,Zbąszyń,Border_Crossing:Zbąszyń,,,2884.4792436712473
fixed14,1938,GRODZIEŃSKI,Zebrzydowice,Border_Crossing:Zebrzydowice,,,2912.465462780269
fixed14,1938,GRUDZIĄDZKI,Gdynia,City:Gdynia,,,755.0696050679417
fixed14,1938,GRUDZIĄDZKI,Stołpce,Border_Crossing:Stołpce,,,2826.4703561254382
fixed14,1938,GRUDZIĄDZKI,Zbąszyń,Border_Crossing:Zbąszyń,,,1162.9093901519548
fixed14,1938,GRUDZIĄDZKI,Zebrzydowice,Border_Crossing:Zebrzydowice,,,1955.7867798528
fixed14,1938,GRÓDECKI,Gdynia,City:Gdynia,,,3556.657732670403
fixed14,1938,GRÓDECKI,Stołpce,Border_Crossing:Stołpce,,,2572.46382431149
fixed14,1938,GRÓDECKI,Zbąszyń,Border_Crossing:Zbąszyń,,,3253.9573851754167
fixed14,1938,GRÓDECKI,Zebrzydowice,Border_Crossing:Zebrzydowice,,,1955.1763618491984
fixed14,1938,GRÓJECKI,Gdynia,City:Gdynia,,,1972.0641112914498
fixed14,1938,GRÓJECKI,Stołpce,Border_Crossing:Stołpce,,,2120.046540198312
fixed14,1938,GRÓJECKI,Zbąszyń,Border_Crossing:Zbąszyń,,,1770.3505542192324
fixed14,1938,GRÓJECKI,Zebrzydowice,Border_Crossing:Zebrzydowice,,,1523.5518157844085
fixed14,1938,HOROCHOWSKI,Gdynia,City:Gdynia,,,3784.316803101815
fixed14,1938,HOROCHOWSKI,Stołpce,Border_Crossing:Stołpce,,,2300.2642137309463
fixed14,1938,HOROCHOWSKI,Zbąszyń,Border_Crossing:Zbąszyń,,,3635.6044575015744
fixed14,1938,HOROCHOWSKI,Zebrzydowice,Border_Crossing:Zebrzydowice,,,2535.6316472714566
fixed14,1938,HORODEŃSKI,Gdynia,City:Gdynia,,,4503.878818273795
fixed14,1938,HORODEŃSKI,Stołpce,Border_Crossing:Stołpce,,,3247.949013365852
fixed14,1938,HORODEŃSKI,Zbąszyń,Border_Crossing:Zbąszyń,,,4153.369751560249
fixed14,1938,HORODEŃSKI,Zebrzydowice,Border_Crossing:Zebrzydowice,,,2793.4760369732835
fixed14,1938,HRUBIESZOWSKI,Gdynia,City:Gdynia,,,3085.0697371414644
fixed14,1938,HRUBIESZOWSKI,Stołpce,Border_Crossing:Stołpce,,,2105.9222437377503
fixed14,1938,HRUBIESZOWSKI,Zbąszyń,Border_Crossing:Zbąszyń,,,2938.783224019731
fixed14,1938,HRUBIESZOWSKI,Zebrzydowice,Border_Crossing:Zebrzydowice,,,2295.697844658909
fixed14,1938,INOWROCŁAWSKI,Gdynia,City:Gdynia,,,1028.2297627316154
fixed14,1938,INOWROCŁAWSKI,Stołpce,Border_Crossing:Stołpce,,,2962.29944195549
fixed14,1938,INOWROCŁAWSKI,Zbąszyń,Border_Crossing:Zbąszyń,,,852.2808450895268
fixed14,1938,INOWROCŁAWSKI,Zebrzydowice,Border_Crossing:Zebrzydowice,,,1689.1149084059537
fixed14,1938,IWACEWICKI,Gdynia,City:Gdynia,,,3303.3767859019313
fixed14,1938,IWACEWICKI,Stołpce,Border_Crossing:Stołpce,,,711.4672366712022
fixed14,1938,IWACEWICKI,Zbąszyń,Border_Crossing:Zbąszyń,,,3157.4766710681342
fixed14,1938,IWACEWICKI,Zebrzydowice,Border_Crossing:Zebrzydowice,,,2785.255231708284
fixed14,1938,IŁŻECKI,Gdynia,City:Gdynia,,,2582.4515055637044
fixed14,1938,IŁŻECKI,Stołpce,Border_Crossing:Stołpce,,,2586.5398720215435
fixed14,1938,IŁŻECKI,Zbąszyń,Border_Crossing:Zbąszyń,,,2219.024502349596
fixed14,1938,IŁŻECKI,Zebrzydowice,Border_Crossing:Zebrzydowice,,,1474.9217433097556
fixed14,1938,JANOWSKI,Gdynia,City:Gdynia,,,2712.90882658197
fixed14,1938,JANOWSKI,Stołpce,Border_Crossing:Stołpce,,,2195.5388065547418
fixed14,1938,JANOWSKI,Zbąszyń,Border_Crossing:Zbąszyń,,,2545.317271749107
fixed14,1938,JANOWSKI,Zebrzydowice,Border_Crossing:Zebrzydowice,,,1582.3054530400766
fixed14,1938,JAROCIŃSKI,Gdynia,City:Gdynia,,,1430.791379355646
fixed14,1938,JAROCIŃSKI,Stołpce,Border_Crossing:Stołpce,,,3138.1807325849372
fixed14,1938,JAROCIŃSKI,Zbąszyń,Border_Crossing:Zbąszyń,,,617.8826560488493
fixed14,1938,JAROCIŃSKI,Zebrzydowice,Border_Crossing:Zebrzydowice,,,1373.5027682666225
fixed14,1938,JAROSŁAWSKI,Gdynia,City:Gdynia,,,3039.3989671143495
fixed14,1938,JAROSŁAWSKI,Stołpce,Border_Crossing:Stołpce,,,2648.4801639922557
fixed14,1938,JAROSŁAWSKI,Zbąszyń,Border_Crossing:Zbąszyń,,,2681.344092613378
fixed14,1938,JAROSŁAWSKI,Zebrzydowice,Border_Crossing:Zebrzydowice,,,1390.7024931082017
fixed14,1938,JASIELSKI,Gdynia,City:Gdynia,,,3217.37235083321
fixed14,1938,JASIELSKI,Stołpce,Border_Crossing:Stołpce,,,2965.410813804769
fixed14,1938,JASIELSKI,Zbąszyń,Border_Crossing:Zbąszyń,,,2537.0563623208495
fixed14,1938,JASIELSKI,Zebrzydowice,Border_Crossing:Zebrzydowice,,,1080.930170647709
fixed14,1938,JAWOROWSKI,Gdynia,City:Gdynia,,,3673.3391854647816
fixed14,1938,JAWOROWSKI,Stołpce,Border_Crossing:Stołpce,,,2662.034213359615
fixed14,1938,JAWOROWSKI,Zbąszyń,Border_Crossing:Zbąszyń,,,3382.03146638547
fixed14,1938,JAWOROWSKI,Zebrzydowice,Border_Crossing:Zebrzydowice,,,2083.2504430592517
fixed14,1938,JĘDRZEJOWSKI,Gdynia,City:Gdynia,,,2467.1392898560584
fixed14,1938,JĘDRZEJOWSKI,Stołpce,Border_Crossing:Stołpce,,,2472.2420266272206
fixed14,1938,JĘDRZEJOWSKI,Zbąszyń,Border_Crossing:Zbąszyń,,,1999.3383187020459
fixed14,1938,JĘDRZEJOWSKI,Zebrzydowice,Border_Crossing:Zebrzydowice,,,781.0855774709887
fixed14,1938,KALISKI,Gdynia,City:Gdynia,,,1807.080524995846
fixed14,1938,KALISKI,Stołpce,Border_Crossing:Stołpce,,,3008.7133016907032
fixed14,1938,KALISKI,Zbąszyń,Border_Crossing:Zbąszyń,,,885.6529146947141
fixed14,1938,KALISKI,Zebrzydowice,Border_Crossing:Zebrzydowice,,,1385.7473615157626
fixed14,1938,KAMIONECKI,Gdynia,City:Gdynia,,,3694.3297148018937
fixed14,1938,KAMIONECKI,Stołpce,Border_Crossing:Stołpce,,,2367.673828436266
fixed14,1938,KAMIONECKI,Zbąszyń,Border_Crossing:Zbąszyń,,,3403.0219957225822
fixed14,1938,KAMIONECKI,Zebrzydowice,Border_Crossing:Zebrzydowice,,,2104.2409723963647
fixed14,1938,KARTUSKI,Gdynia,City:Gdynia,,,296.1348935333396
fixed14,1938,KARTUSKI,Stołpce,Border_Crossing:Stołpce,,,3473.4735663790093
fixed14,1938,KARTUSKI,Zbąszyń,Border_Crossing:Zbąszyń,,,1499.3846397450927
fixed14,1938,KARTUSKI,Zebrzydowice,Border_Crossing:Zebrzydowice,,,2470.9635384312555
fixed14,1938,KATOWICE,Gdynia,City:Gdynia,,,2250.414876611455
fixed14,1938,KATOWICE,Stołpce,Border_Crossing:Stołpce,,,2977.2354449021695
fixed14,1938,KATOWICE,Zbąszyń,Border_Crossing:Zbąszyń,,,1570.0988880990953
fixed14,1938,KATOWICE,Zebrzydowice,Border_Crossing:Zebrzydowice,,,369.98921296456194
fixed14,1938,KAŁUSKI,Gdynia,City:Gdynia,,,4072.3967852785127
fixed14,1938,KAŁUSKI,Stołpce,Border_Crossing:Stołpce,,,3177.6826705368076
fixed14,1938,KAŁUSKI,Zbąszyń,Border_Crossing:Zbąszyń,,,3710.5987569809076
fixed14,1938,KAŁUSKI,Zebrzydowice,Border_Crossing:Zebrzydowice,,,2350.705042393942
fixed14,1938,KIELECKI,Gdynia,City:Gdynia,,,2362.152072806157
fixed14,1938,KIELECKI,Stołpce,Border_Crossing:Stołpce,,,2366.240439263996
fixed14,1938,KIELECKI,Zbąszyń,Border_Crossing:Zbąszyń,,,1998.7250695920482
fixed14,1938,KIELECKI,Zebrzydowice,Border_Crossing:Zebrzydowice,,,965.3593647245823
fixed14,1938,KOBRYŃSKI,Gdynia,City:Gdynia,,,2923.439148930677
fixed14,1938,KOBRYŃSKI,Stołpce,Border_Crossing:Stołpce,,,1256.9929419591858
fixed14,1938,KOBRYŃSKI,Zbąszyń,Border_Crossing:Zbąszyń,,,2777.539034096881
fixed14,1938,KOBRYŃSKI,Zebrzydowice,Border_Crossing:Zebrzydowice,,,2405.3175947370305
fixed14,1938,KOLBUSZOWSKI,Gdynia,City:Gdynia,,,2899.0403181033535
fixed14,1938,KOLBUSZOWSKI,Stołpce,Border_Crossing:Stołpce,,,2670.6436606858283
fixed14,1938,KOLBUSZOWSKI,Zbąszyń,Border_Crossing:Zbąszyń,,,2531.8201132401623
fixed14,1938,KOLBUSZOWSKI,Zebrzydowice,Border_Crossing:Zebrzydowice,,,1502.0422438726375
fixed14,1938,KOLSKI,Gdynia,City:Gdynia,,,1308.4075176143044
fixed14,1938,KOLSKI,Stołpce,Border_Crossing:Stołpce,,,2629.1856302670617
fixed14,1938,KOLSKI,Zbąszyń,Border_Crossing:Zbąszyń,,,931.6380178329739
fixed14,1938,KOLSKI,Zebrzydowice,Border_Crossing:Zebrzydowice,,,1337.2475947906871
fixed14,1938,KONECKI,Gdynia,City:Gdynia,,,2100.620987742349
fixed14,1938,KONECKI,Stołpce,Border_Crossing:Stołpce,,,2347.578188174215
fixed14,1938,KONECKI,Zbąszyń,Border_Crossing:Zbąszyń,,,1737.193984528239
fixed14,1938,KONECKI,Zebrzydowice,Border_Crossing:Zebrzydowice,,,1223.450994487939
fixed14,1938,KONIŃSKI,Gdynia,City:Gdynia,,,1458.2091860747694
fixed14,1938,KONIŃSKI,Stołpce,Border_Crossing:Stołpce,,,2850.9541479729064
fixed14,1938,KONIŃSKI,Zbąszyń,Border_Crossing:Zbąszyń,,,828.0044930308975
fixed14,1938,KONIŃSKI,Zebrzydowice,Border_Crossing:Zebrzydowice,,,1534.1345037780725
fixed14,1938,KOPYCZYNIECKI,Gdynia,City:Gdynia,,,4280.821137088227
fixed14,1938,KOPYCZYNIECKI,Stołpce,Border_Crossing:Stołpce,,,2822.6881138952126
fixed14,1938,KOPYCZYNIECKI,Zbąszyń,Border_Crossing:Zbąszyń,,,3989.5134180089185
fixed14,1938,KOPYCZYNIECKI,Zebrzydowice,Border_Crossing:Zebrzydowice,,,2690.7323946827
fixed14,1938,KOSOWSKI (KOSÓW HUCULSKI),Gdynia,City:Gdynia,,,4649.184950371271
fixed14,1938,KOSOWSKI (KOSÓW HUCULSKI),Stołpce,Border_Crossing:Stołpce,,,3637.879978266105
fixed14,1938,KOSOWSKI (KOSÓW HUCULSKI),Zbąszyń,Border_Crossing:Zbąszyń,,,4298.6758836577255
fixed14,1938,KOSOWSKI (KOSÓW HUCULSKI),Zebrzydowice,Border_Crossing:Zebrzydowice,,,2938.78216907076
fixed14,1938,KOSTOPOLSKI,Gdynia,City:Gdynia,,,3975.0638480653547
fixed14,1938,KOSTOPOLSKI,Stołpce,Border_Crossing:Stołpce,,,1676.3851206483052
fixed14,1938,KOSTOPOLSKI,Zbąszyń,Border_Crossing:Zbąszyń,,,3828.7773349436206
fixed14,1938,KOSTOPOLSKI,Zebrzydowice,Border_Crossing:Zebrzydowice,,,2983.0786774013845
fixed14,1938,KOSZYRSKI,Gdynia,City:Gdynia,,,3576.037206489134
fixed14,1938,KOSZYRSKI,Stołpce,Border_Crossing:Stołpce,,,1480.0152748378416
fixed14,1938,KOSZYRSKI,Zbąszyń,Border_Crossing:Zbąszyń,,,3430.0684775305695
fixed14,1938,KOSZYRSKI,Zebrzydowice,Border_Crossing:Zebrzydowice,,,3009.748760423378
fixed14,1938,KOWELSKI,Gdynia,City:Gdynia,,,3256.5516033298836
fixed14,1938,KOWELSKI,Stołpce,Border_Crossing:Stołpce,,,1844.4160661362885
fixed14,1938,KOWELSKI,Zbąszyń,Border_Crossing:Zbąszyń,,,3110.2690760187265
fixed14,1938,KOWELSKI,Zebrzydowice,Border_Crossing:Zebrzydowice,,,2469.97773687711
fixed14,1938,KOZIENICKI,Gdynia,City:Gdynia,,,2339.500177278348
fixed14,1938,KOZIENICKI,Stołpce,Border_Crossing:Stołpce,,,1970.6878299498737
fixed14,1938,KOZIENICKI,Zbąszyń,Border_Crossing:Zbąszyń,,,2193.213664156613
fixed14,1938,KOZIENICKI,Zebrzydowice,Border_Crossing:Zebrzydowice,,,1548.9409656582993
fixed14,1938,KOŁOMYJSKI,Gdynia,City:Gdynia,,,4175.570923478182
fixed14,1938,KOŁOMYJSKI,Stołpce,Border_Crossing:Stołpce,,,3164.2659513730164
fixed14,1938,KOŁOMYJSKI,Zbąszyń,Border_Crossing:Zbąszyń,,,3825.0618567646356
fixed14,1938,KOŁOMYJSKI,Zebrzydowice,Border_Crossing:Zebrzydowice,,,2465.168142177671
fixed14,1938,KOŚCIAŃSKI,Gdynia,City:Gdynia,,,1427.8807771174788
fixed14,1938,KOŚCIAŃSKI,Stołpce,Border_Crossing:Stołpce,,,3317.765875948571
fixed14,1938,KOŚCIAŃSKI,Zbąszyń,Border_Crossing:Zbąszyń,,,312.13786501826513
fixed14,1938,KOŚCIAŃSKI,Zebrzydowice,Border_Crossing:Zebrzydowice,,,1654.6420898165138
fixed14,1938,KOŚCIERSKI,Gdynia,City:Gdynia,,,383.25177581997036
fixed14,1938,KOŚCIERSKI,Stołpce,Border_Crossing:Stołpce,,,3343.5973527022875
fixed14,1938,KOŚCIERSKI,Zbąszyń,Border_Crossing:Zbąszyń,,,1376.4047600719305
fixed14,1938,KOŚCIERSKI,Zebrzydowice,Border_Crossing:Zebrzydowice,,,2345.6812282387996
fixed14,1938,KRAKOWSKI,Gdynia,City:Gdynia,,,2578.6127784541995
fixed14,1938,KRAKOWSKI,Stołpce,Border_Crossing:Stołpce,,,2868.018525414651
fixed14,1938,KRAKOWSKI,Zbąszyń,Border_Crossing:Zbąszyń,,,1898.2967899418406
fixed14,1938,KRAKOWSKI,Zebrzydowice,Border_Crossing:Zebrzydowice,,,503.5158031036338
fixed14,1938,KRAKÓW (MIASTO),Gdynia,City:Gdynia,,,2579.3596074360685
fixed14,1938,KRAKÓW (MIASTO),Stołpce,Border_Crossing:Stołpce,,,2867.72632139823
fixed14,1938,KRAKÓW (MIASTO),Zbąszyń,Border_Crossing:Zbąszyń,,,1899.0436189237093
fixed14,1938,KRAKÓW (MIASTO),Zebrzydowice,Border_Crossing:Zebrzydowice,,,505.31611663014274
fixed14,1938,KRASNOSTAWSKI,Gdynia,City:Gdynia,,,2908.7419717475273
fixed14,1938,KRASNOSTAWSKI,Stołpce,Border_Crossing:Stołpce,,,1938.8201477423436
fixed14,1938,KRASNOSTAWSKI,Zbąszyń,Border_Crossing:Zbąszyń,,,2762.455458625793
fixed14,1938,KRASNOSTAWSKI,Zebrzydowice,Border_Crossing:Zebrzydowice,,,2119.3700792649715
fixed14,1938,KROTOSZYŃSKI,Gdynia,City:Gdynia,,,1539.2389060478822
fixed14,1938,KROTOSZYŃSKI,Stołpce,Border_Crossing:Stołpce,,,3198.5431833155235
fixed14,1938,KROTOSZYŃSKI,Zbąszyń,Border_Crossing:Zbąszyń,,,656.0574553832633
fixed14,1938,KROTOSZYŃSKI,Zebrzydowice,Border_Crossing:Zebrzydowice,,,1400.104278279486
fixed14,1938,KROŚNIEŃSKI,Gdynia,City:Gdynia,,,3300.5040527672654
fixed14,1938,KROŚNIEŃSKI,Stołpce,Border_Crossing:Stołpce,,,3048.542515738825
fixed14,1938,KROŚNIEŃSKI,Zbąszyń,Border_Crossing:Zbąszyń,,,2620.1880642549054
fixed14,1938,KROŚNIEŃSKI,Zebrzydowice,Border_Crossing:Zebrzydowice,,,1164.0618725817646
fixed14,1938,KRZEMIENIECKI,Gdynia,City:Gdynia,,,4212.389508715137
fixed14,1938,KRZEMIENIECKI,Stołpce,Border_Crossing:Stołpce,,,2176.4312303997594
fixed14,1938,KRZEMIENIECKI,Zbąszyń,Border_Crossing:Zbąszyń,,,4052.3080193658025
fixed14,1938,KRZEMIENIECKI,Zebrzydowice,Border_Crossing:Zebrzydowice,,,2753.5269960395835
fixed14,1938,KUTNOWSKI,Gdynia,City:Gdynia,,,1428.2259248871337
fixed14,1938,KUTNOWSKI,Stołpce,Border_Crossing:Stołpce,,,2431.513548687248
fixed14,1938,KUTNOWSKI,Zbąszyń,Border_Crossing:Zbąszyń,,,1076.9857872832822
fixed14,1938,KUTNOWSKI,Zebrzydowice,Border_Crossing:Zebrzydowice,,,1430.0681661811395
fixed14,1938,KĘPIŃSKI,Gdynia,City:Gdynia,,,1829.7983878467267
fixed14,1938,KĘPIŃSKI,Stołpce,Border_Crossing:Stołpce,,,3206.9041294026815
fixed14,1938,KĘPIŃSKI,Zbąszyń,Border_Crossing:Zbąszyń,,,908.3707775455946
fixed14,1938,KĘPIŃSKI,Zebrzydowice,Border_Crossing:Zebrzydowice,,,1040.6075298352266
fixed14,1938,LESKI,Gdynia,City:Gdynia,,,3807.2572452365807
fixed14,1938,LESKI,Stołpce,Border_Crossing:Stołpce,,,3397.934750224743
fixed14,1938,LESKI,Zbąszyń,Border_Crossing:Zbąszyń,,,3140.0419140973722
fixed14,1938,LESKI,Zebrzydowice,Border_Crossing:Zebrzydowice,,,1683.9157224242326
fixed14,1938,LESZCZYŃSKI,Gdynia,City:Gdynia,,,1550.5696673887749
fixed14,1938,LESZCZYŃSKI,Stołpce,Border_Crossing:Stołpce,,,3376.329563998225
fixed14,1938,LESZCZYŃSKI,Zbąszyń,Border_Crossing:Zbąszyń,,,310.6106315440504
fixed14,1938,LESZCZYŃSKI,Zebrzydowice,Border_Crossing:Zebrzydowice,,,1580.9637750613256
fixed14,1938,LIDZKI,Gdynia,City:Gdynia,,,3351.841702511828
fixed14,1938,LIDZKI,Stołpce,Border_Crossing:Stołpce,,,829.8842884793551
fixed14,1938,LIDZKI,Zbąszyń,Border_Crossing:Zbąszyń,,,3267.637874709004
fixed14,1938,LIDZKI,Zebrzydowice,Border_Crossing:Zebrzydowice,,,3163.2563723287863
fixed14,1938,LIMANOWSKI,Gdynia,City:Gdynia,,,2988.721286518092
fixed14,1938,LIMANOWSKI,Stołpce,Border_Crossing:Stołpce,,,3237.2419129463838
fixed14,1938,LIMANOWSKI,Zbąszyń,Border_Crossing:Zbąszyń,,,2308.405298005733
fixed14,1938,LIMANOWSKI,Zebrzydowice,Border_Crossing:Zebrzydowice,,,804.177707829635
fixed14,1938,LIPNOWSKI,Gdynia,City:Gdynia,,,1139.3265250516063
fixed14,1938,LIPNOWSKI,Stołpce,Border_Crossing:Stołpce,,,2547.6218302579637
fixed14,1938,LIPNOWSKI,Zbąszyń,Border_Crossing:Zbąszyń,,,1119.9763538624197
fixed14,1938,LIPNOWSKI,Zebrzydowice,Border_Crossing:Zebrzydowice,,,1883.5567094174405
fixed14,1938,LUBACZOWSKI,Gdynia,City:Gdynia,,,3416.840119809895
fixed14,1938,LUBACZOWSKI,Stołpce,Border_Crossing:Stołpce,,,2446.918295804711
fixed14,1938,LUBACZOWSKI,Zbąszyń,Border_Crossing:Zbąszyń,,,3270.553606688161
fixed14,1938,LUBACZOWSKI,Zebrzydowice,Border_Crossing:Zebrzydowice,,,2300.7666510670497
fixed14,1938,LUBARTOWSKI,Gdynia,City:Gdynia,,,2563.0392917541913
fixed14,1938,LUBARTOWSKI,Stołpce,Border_Crossing:Stołpce,,,1903.9687893904472
fixed14,1938,LUBARTOWSKI,Zbąszyń,Border_Crossing:Zbąszyń,,,2416.7527786324563
fixed14,1938,LUBARTOWSKI,Zebrzydowice,Border_Crossing:Zebrzydowice,,,1773.667399271635
fixed14,1938,LUBAWSKI,Gdynia,City:Gdynia,,,1090.601202018968
fixed14,1938,LUBAWSKI,Stołpce,Border_Crossing:Stołpce,,,2622.909629853436
fixed14,1938,LUBAWSKI,Zbąszyń,Border_Crossing:Zbąszyń,,,1409.2347171602773
fixed14,1938,LUBAWSKI,Zebrzydowice,Border_Crossing:Zebrzydowice,,,2202.112106861123
fixed14,1938,LUBELSKI,Gdynia,City:Gdynia,,,2478.4622795815394
fixed14,1938,LUBELSKI,Stołpce,Border_Crossing:Stołpce,,,1961.092259554311
fixed14,1938,LUBELSKI,Zbąszyń,Border_Crossing:Zbąszyń,,,2332.175766459805
fixed14,1938,LUBELSKI,Zebrzydowice,Border_Crossing:Zebrzydowice,,,1689.0903870989835
fixed14,1938,LUBLINIECKI,Gdynia,City:Gdynia,,,2095.250467418127
fixed14,1938,LUBLINIECKI,Stołpce,Border_Crossing:Stołpce,,,3151.943705540299
fixed14,1938,LUBLINIECKI,Zbąszyń,Border_Crossing:Zbąszyń,,,1414.934478905767
fixed14,1938,LUBLINIECKI,Zebrzydowice,Border_Crossing:Zebrzydowice,,,582.7728148361276
fixed14,1938,LUBOMELSKI,Gdynia,City:Gdynia,,,3098.883980728335
fixed14,1938,LUBOMELSKI,Stołpce,Border_Crossing:Stołpce,,,1994.7642529982672
fixed14,1938,LUBOMELSKI,Zbąszyń,Border_Crossing:Zbąszyń,,,2952.597467606601
fixed14,1938,LUBOMELSKI,Zebrzydowice,Border_Crossing:Zebrzydowice,,,2309.5120882457804
fixed14,1938,LWOWSKI,Gdynia,City:Gdynia,,,3502.4810847176177
fixed14,1938,LWOWSKI,Stołpce,Border_Crossing:Stołpce,,,2491.486012656723
fixed14,1938,LWOWSKI,Zbąszyń,Border_Crossing:Zbąszyń,,,3210.625787799467
fixed14,1938,LWOWSKI,Zebrzydowice,Border_Crossing:Zebrzydowice,,,1911.844764473249
fixed14,1938,LWÓW (MIASTO),Gdynia,City:Gdynia,,,3392.956156724501
fixed14,1938,LWÓW (MIASTO),Stołpce,Border_Crossing:Stołpce,,,2381.6511846193357
fixed14,1938,LWÓW (MIASTO),Zbąszyń,Border_Crossing:Zbąszyń,,,3101.64843764519
fixed14,1938,LWÓW (MIASTO),Zebrzydowice,Border_Crossing:Zebrzydowice,,,1802.867414318972
fixed14,1938,M. ST. WARSZAWA,Gdynia,City:Gdynia,,,1722.959070802218
fixed14,1938,M. ST. WARSZAWA,Stołpce,Border_Crossing:Stołpce,,,1870.9414997090803
fixed14,1938,M. ST. WARSZAWA,Zbąszyń,Border_Crossing:Zbąszyń,,,1550.4698074252701
fixed14,1938,M. ST. WARSZAWA,Zebrzydowice,Border_Crossing:Zebrzydowice,,,1580.6359280604997
fixed14,1938,MAKOWSKI (MAKÓW MAZOWIECKI),Gdynia,City:Gdynia,,,1624.2669870119846
fixed14,1938,MAKOWSKI (MAKÓW MAZOWIECKI),Stołpce,Border_Crossing:Stołpce,,,2588.0977575241177
fixed14,1938,MAKOWSKI (MAKÓW MAZOWIECKI),Zbąszyń,Border_Crossing:Zbąszyń,,,1887.582843624214
fixed14,1938,MAKOWSKI (MAKÓW MAZOWIECKI),Zebrzydowice,Border_Crossing:Zebrzydowice,,,2372.1664398055254
fixed14,1938,MIECHOWSKI,Gdynia,City:Gdynia,,,2667.686253742123
fixed14,1938,MIECHOWSKI,Stołpce,Border_Crossing:Stołpce,,,2744.3261131365316
fixed14,1938,MIECHOWSKI,Zbąszyń,Border_Crossing:Zbąszyń,,,1988.1489900205838
fixed14,1938,MIECHOWSKI,Zebrzydowice,Border_Crossing:Zebrzydowice,,,737.8999875162959
fixed14,1938,MIELECKI,Gdynia,City:Gdynia,,,2748.4609517508247
fixed14,1938,MIELECKI,Stołpce,Border_Crossing:Stołpce,,,2528.078886021889
fixed14,1938,MIELECKI,Zbąszyń,Border_Crossing:Zbąszyń,,,2385.0339485367163
fixed14,1938,MIELECKI,Zebrzydowice,Border_Crossing:Zebrzydowice,,,1048.5806685037344
fixed14,1938,MIĘDZYCHODZKI,Gdynia,City:Gdynia,,,1648.5474571389084
fixed14,1938,MIĘDZYCHODZKI,Stołpce,Border_Crossing:Stołpce,,,3539.4001286590837
fixed14,1938,MIĘDZYCHODZKI,Zbąszyń,Border_Crossing:Zbąszyń,,,287.5185378938375
fixed14,1938,MIĘDZYCHODZKI,Zebrzydowice,Border_Crossing:Zebrzydowice,,,2070.8775655938784
fixed14,1938,MIŃSKI,Gdynia,City:Gdynia,,,1967.2723964827035
fixed14,1938,MIŃSKI,Stołpce,Border_Crossing:Stołpce,,,1848.4309013552925
fixed14,1938,MIŃSKI,Zbąszyń,Border_Crossing:Zbąszyń,,,1821.372281648906
fixed14,1938,MIŃSKI,Zebrzydowice,Border_Crossing:Zebrzydowice,,,1850.368523326716
fixed14,1938,MOGILEŃSKI,Gdynia,City:Gdynia,,,1096.1438183039652
fixed14,1938,MOGILEŃSKI,Stołpce,Border_Crossing:Stołpce,,,3026.5636924245605
fixed14,1938,MOGILEŃSKI,Zbąszyń,Border_Crossing:Zbąszyń,,,757.560643467338
fixed14,1938,MOGILEŃSKI,Zebrzydowice,Border_Crossing:Zebrzydowice,,,1739.2823742516407
fixed14,1938,MORSKI,Gdynia,City:Gdynia,,,67.41532502121662
fixed14,1938,MORSKI,Stołpce,Border_Crossing:Stołpce,,,3553.8576695162424
fixed14,1938,MORSKI,Zbąszyń,Border_Crossing:Zbąszyń,,,1579.7687428823267
fixed14,1938,MORSKI,Zebrzydowice,Border_Crossing:Zebrzydowice,,,2551.347641568489
fixed14,1938,MOŁODECZAŃSKI,Gdynia,City:Gdynia,,,3841.989848046044
fixed14,1938,MOŁODECZAŃSKI,Stołpce,Border_Crossing:Stołpce,,,731.9172320662101
fixed14,1938,MOŁODECZAŃSKI,Zbąszyń,Border_Crossing:Zbąszyń,,,3757.7860202432203
fixed14,1938,MOŁODECZAŃSKI,Zebrzydowice,Border_Crossing:Zebrzydowice,,,3653.4045178630026
fixed14,1938,MOŚCISKI,Gdynia,City:Gdynia,,,3413.9850879935902
fixed14,1938,MOŚCISKI,Stołpce,Border_Crossing:Stołpce,,,2972.420208543177
fixed14,1938,MOŚCISKI,Zbąszyń,Border_Crossing:Zbąszyń,,,3054.7039656442175
fixed14,1938,MOŚCISKI,Zebrzydowice,Border_Crossing:Zebrzydowice,,,1755.922942317999
fixed14,1938,MYŚLENICKI,Gdynia,City:Gdynia,,,2967.8329498576336
fixed14,1938,MYŚLENICKI,Stołpce,Border_Crossing:Stołpce,,,3399.5224483577363
fixed14,1938,MYŚLENICKI,Zbąszyń,Border_Crossing:Zbąszyń,,,2287.5169613452736
fixed14,1938,MYŚLENICKI,Zebrzydowice,Border_Crossing:Zebrzydowice,,,789.1315800941799
fixed14,1938,MŁAWSKI,Gdynia,City:Gdynia,,,1340.0052259504243
fixed14,1938,MŁAWSKI,Stołpce,Border_Crossing:Stołpce,,,2446.4991505565636
fixed14,1938,MŁAWSKI,Zbąszyń,Border_Crossing:Zbąszyń,,,1603.3210825626543
fixed14,1938,MŁAWSKI,Zebrzydowice,Border_Crossing:Zebrzydowice,,,2230.56783283797
fixed14,1938,NADWÓRNIAŃSKI,Gdynia,City:Gdynia,,,4257.893349592883
fixed14,1938,NADWÓRNIAŃSKI,Stołpce,Border_Crossing:Stołpce,,,3246.588377487717
fixed14,1938,NADWÓRNIAŃSKI,Zbąszyń,Border_Crossing:Zbąszyń,,,3907.3842828793368
fixed14,1938,NADWÓRNIAŃSKI,Zebrzydowice,Border_Crossing:Zebrzydowice,,,2547.490568292372
fixed14,1938,NIESZAWSKI,Gdynia,City:Gdynia,,,1134.9077838021553
fixed14,1938,NIESZAWSKI,Stołpce,Border_Crossing:Stołpce,,,2739.7174762198597
fixed14,1938,NIESZAWSKI,Zbąszyń,Border_Crossing:Zbąszyń,,,992.614347965909
fixed14,1938,NIESZAWSKI,Zebrzydowice,Border_Crossing:Zebrzydowice,,,1558.285090493612
fixed14,1938,NIEŚWIESKI,Gdynia,City:Gdynia,,,3877.9305515576434
fixed14,1938,NIEŚWIESKI,Stołpce,Border_Crossing:Stołpce,,,898.1070384046618
fixed14,1938,NIEŚWIESKI,Zbąszyń,Border_Crossing:Zbąszyń,,,3793.726723754821
fixed14,1938,NIEŚWIESKI,Zebrzydowice,Border_Crossing:Zebrzydowice,,,3562.358595971168
fixed14,1938,NIŻAŃSKI,Gdynia,City:Gdynia,,,2847.5086231175756
fixed14,1938,NIŻAŃSKI,Stołpce,Border_Crossing:Stołpce,,,2471.277938339608
fixed14,1938,NIŻAŃSKI,Zbąszyń,Border_Crossing:Zbąszyń,,,2484.0816199034666
fixed14,1938,NIŻAŃSKI,Zebrzydowice,Border_Crossing:Zebrzydowice,,,1521.0698011944355
fixed14,1938,NOWOGRÓDZKI,Gdynia,City:Gdynia,,,3528.316687911594
fixed14,1938,NOWOGRÓDZKI,Stołpce,Border_Crossing:Stołpce,,,582.0180840783149
fixed14,1938,NOWOGRÓDZKI,Zbąszyń,Border_Crossing:Zbąszyń,,,3444.11286010877
fixed14,1938,NOWOGRÓDZKI,Zebrzydowice,Border_Crossing:Zebrzydowice,,,3212.7447323251167
fixed14,1938,NOWOSĄDECKI,Gdynia,City:Gdynia,,,3040.7150025397805
fixed14,1938,NOWOSĄDECKI,Stołpce,Border_Crossing:Stołpce,,,3083.654498355833
fixed14,1938,NOWOSĄDECKI,Zbąszyń,Border_Crossing:Zbąszyń,,,2360.3990140274204
fixed14,1938,NOWOSĄDECKI,Zebrzydowice,Border_Crossing:Zebrzydowice,,,856.5549159114937
fixed14,1938,NOWOTARSKI,Gdynia,City:Gdynia,,,2818.749971604819
fixed14,1938,NOWOTARSKI,Stołpce,Border_Crossing:Stołpce,,,3274.681675341626
fixed14,1938,NOWOTARSKI,Zbąszyń,Border_Crossing:Zbąszyń,,,2138.4339830924596
fixed14,1938,NOWOTARSKI,Zebrzydowice,Border_Crossing:Zebrzydowice,,,634.2063929163617
fixed14,1938,NOWOTOMYSKI,Gdynia,City:Gdynia,,,1536.8962944245866
fixed14,1938,NOWOTOMYSKI,Stołpce,Border_Crossing:Stołpce,,,3426.781393255679
fixed14,1938,NOWOTOMYSKI,Zbąszyń,Border_Crossing:Zbąszyń,,,178.86740174086208
fixed14,1938,NOWOTOMYSKI,Zebrzydowice,Border_Crossing:Zebrzydowice,,,1919.877218935618
fixed14,1938,OBORNICKI,Gdynia,City:Gdynia,,,1195.8287449583006
fixed14,1938,OBORNICKI,Stołpce,Border_Crossing:Stołpce,,,3292.0708634013586
fixed14,1938,OBORNICKI,Zbąszyń,Border_Crossing:Zbąszyń,,,500.1407006088256
fixed14,1938,OBORNICKI,Zebrzydowice,Border_Crossing:Zebrzydowice,,,1837.4589369953
fixed14,1938,OLKUSKI,Gdynia,City:Gdynia,,,2540.930539442611
fixed14,1938,OLKUSKI,Stołpce,Border_Crossing:Stołpce,,,2882.47195969811
fixed14,1938,OLKUSKI,Zbąszyń,Border_Crossing:Zbąszyń,,,1860.6145509302519
fixed14,1938,OLKUSKI,Zebrzydowice,Border_Crossing:Zebrzydowice,,,642.3618096991945
fixed14,1938,OPATOWSKI,Gdynia,City:Gdynia,,,2496.7535051024065
fixed14,1938,OPATOWSKI,Stołpce,Border_Crossing:Stołpce,,,2500.8418715602447
fixed14,1938,OPATOWSKI,Zbąszyń,Border_Crossing:Zbąszyń,,,2128.6070989811765
fixed14,1938,OPATOWSKI,Zebrzydowice,Border_Crossing:Zebrzydowice,,,1362.072507137882
fixed14,1938,OPOCZYŃSKI,Gdynia,City:Gdynia,,,1947.5946716211147
fixed14,1938,OPOCZYŃSKI,Stołpce,Border_Crossing:Stołpce,,,2417.387361622139
fixed14,1938,OPOCZYŃSKI,Zbąszyń,Border_Crossing:Zbąszyń,,,1584.1676684070042
fixed14,1938,OPOCZYŃSKI,Zebrzydowice,Border_Crossing:Zebrzydowice,,,1305.7692329103513
fixed14,1938,OSTROWSKI (OSTRÓW MAZOWIECKA),Gdynia,City:Gdynia,,,2186.5218028272025
fixed14,1938,OSTROWSKI (OSTRÓW MAZOWIECKA),Stołpce,Border_Crossing:Stołpce,,,1669.7867801248788
fixed14,1938,OSTROWSKI (OSTRÓW MAZOWIECKA),Zbąszyń,Border_Crossing:Zbąszyń,,,2102.3179750243785
fixed14,1938,OSTROWSKI (OSTRÓW MAZOWIECKA),Zebrzydowice,Border_Crossing:Zebrzydowice,,,2132.484095659608
fixed14,1938,OSTROWSKI (OSTRÓW WIELKOPOLSKI),Gdynia,City:Gdynia,,,1644.1418103213362
fixed14,1938,OSTROWSKI (OSTRÓW WIELKOPOLSKI),Stołpce,Border_Crossing:Stołpce,,,3021.247551877291
fixed14,1938,OSTROWSKI (OSTRÓW WIELKOPOLSKI),Zbąszyń,Border_Crossing:Zbąszyń,,,722.7142000202044
fixed14,1938,OSTROWSKI (OSTRÓW WIELKOPOLSKI),Zebrzydowice,Border_Crossing:Zebrzydowice,,,1219.9043208609405
fixed14,1938,OSTROŁĘCKI,Gdynia,City:Gdynia,,,2290.626776764859
fixed14,1938,OSTROŁĘCKI,Stołpce,Border_Crossing:Stołpce,,,1769.7535981362307
fixed14,1938,OSTROŁĘCKI,Zbąszyń,Border_Crossing:Zbąszyń,,,2206.4229489620357
fixed14,1938,OSTROŁĘCKI,Zebrzydowice,Border_Crossing:Zebrzydowice,,,2236.5890695972653
fixed14,1938,OSZMIAŃSKI,Gdynia,City:Gdynia,,,4165.412117046588
fixed14,1938,OSZMIAŃSKI,Stołpce,Border_Crossing:Stołpce,,,1060.9759699327712
fixed14,1938,OSZMIAŃSKI,Zbąszyń,Border_Crossing:Zbąszyń,,,4081.2082892437634
fixed14,1938,OSZMIAŃSKI,Zebrzydowice,Border_Crossing:Zebrzydowice,,,3976.826786863547
fixed14,1938,PIOTRKOWSKI,Gdynia,City:Gdynia,,,1977.5238247409602
fixed14,1938,PIOTRKOWSKI,Stołpce,Border_Crossing:Stołpce,,,2589.322209989246
fixed14,1938,PIOTRKOWSKI,Zbąszyń,Border_Crossing:Zbąszyń,,,1614.09682152685
fixed14,1938,PIOTRKOWSKI,Zebrzydowice,Border_Crossing:Zebrzydowice,,,1118.9807904087945
fixed14,1938,PIŃCZOWSKI,Gdynia,City:Gdynia,,,2748.2410212301074
fixed14,1938,PIŃCZOWSKI,Stołpce,Border_Crossing:Stołpce,,,2757.2755351716773
fixed14,1938,PIŃCZOWSKI,Zbąszyń,Border_Crossing:Zbąszyń,,,2113.511567760513
fixed14,1938,PIŃCZOWSKI,Zebrzydowice,Border_Crossing:Zebrzydowice,,,865.0817230991177
fixed14,1938,PIŃSKI,Gdynia,City:Gdynia,,,3401.0777705523137
fixed14,1938,PIŃSKI,Stołpce,Border_Crossing:Stołpce,,,1083.599524494461
fixed14,1938,PIŃSKI,Zbąszyń,Border_Crossing:Zbąszyń,,,3255.1776557185176
fixed14,1938,PIŃSKI,Zebrzydowice,Border_Crossing:Zebrzydowice,,,2882.956216358667
fixed14,1938,PODHAJECKI,Gdynia,City:Gdynia,,,3879.530704505109
fixed14,1938,PODHAJECKI,Stołpce,Border_Crossing:Stołpce,,,2851.110866002391
fixed14,1938,PODHAJECKI,Zbąszyń,Border_Crossing:Zbąszyń,,,3588.2229854257985
fixed14,1938,PODHAJECKI,Zebrzydowice,Border_Crossing:Zebrzydowice,,,2289.4419620995805
fixed14,1938,POSTAWSKI,Gdynia,City:Gdynia,,,4171.751481032205
fixed14,1938,POSTAWSKI,Stołpce,Border_Crossing:Stołpce,,,1432.8295648497292
fixed14,1938,POSTAWSKI,Zbąszyń,Border_Crossing:Zbąszyń,,,4087.5476532293824
fixed14,1938,POSTAWSKI,Zebrzydowice,Border_Crossing:Zebrzydowice,,,4117.713773864613
fixed14,1938,POZNAŃ (MIASTO),Gdynia,City:Gdynia,,,1238.6229628133874
fixed14,1938,POZNAŃ (MIASTO),Stołpce,Border_Crossing:Stołpce,,,3128.5080616444793
fixed14,1938,POZNAŃ (MIASTO),Zbąszyń,Border_Crossing:Zbąszyń,,,322.66726219279917
fixed14,1938,POZNAŃ (MIASTO),Zebrzydowice,Border_Crossing:Zebrzydowice,,,1659.985498579273
fixed14,1938,POZNAŃSKI,Gdynia,City:Gdynia,,,1260.9092712627412
fixed14,1938,POZNAŃSKI,Stołpce,Border_Crossing:Stołpce,,,3149.889038544594
fixed14,1938,POZNAŃSKI,Zbąszyń,Border_Crossing:Zbąszyń,,,358.72773339297174
fixed14,1938,POZNAŃSKI,Zebrzydowice,Border_Crossing:Zebrzydowice,,,1692.3036610708643
fixed14,1938,PRUŻAŃSKI,Gdynia,City:Gdynia,,,2982.930005202077
fixed14,1938,PRUŻAŃSKI,Stołpce,Border_Crossing:Stołpce,,,913.6928186215164
fixed14,1938,PRUŻAŃSKI,Zbąszyń,Border_Crossing:Zbąszyń,,,2837.0298903682815
fixed14,1938,PRUŻAŃSKI,Zebrzydowice,Border_Crossing:Zebrzydowice,,,2464.8084510084304
fixed14,1938,PRZASNYCKI,Gdynia,City:Gdynia,,,2395.9905092917766
fixed14,1938,PRZASNYCKI,Stołpce,Border_Crossing:Stołpce,,,2025.6046195303104
fixed14,1938,PRZASNYCKI,Zbąszyń,Border_Crossing:Zbąszyń,,,2347.0251346393984
fixed14,1938,PRZASNYCKI,Zebrzydowice,Border_Crossing:Zebrzydowice,,,2423.2076227538028
fixed14,1938,PRZEMYSKI,Gdynia,City:Gdynia,,,3127.2302775670487
fixed14,1938,PRZEMYSKI,Stołpce,Border_Crossing:Stołpce,,,2750.9995927890814
fixed14,1938,PRZEMYSKI,Zbąszyń,Border_Crossing:Zbąszyń,,,2763.803274352939
fixed14,1938,PRZEMYSKI,Zebrzydowice,Border_Crossing:Zebrzydowice,,,1465.0222510267201
fixed14,1938,PRZEMYŚLAŃSKI,Gdynia,City:Gdynia,,,3710.01807164023
fixed14,1938,PRZEMYŚLAŃSKI,Stołpce,Border_Crossing:Stołpce,,,2681.598233137512
fixed14,1938,PRZEMYŚLAŃSKI,Zbąszyń,Border_Crossing:Zbąszyń,,,3418.7103525609186
fixed14,1938,PRZEMYŚLAŃSKI,Zebrzydowice,Border_Crossing:Zebrzydowice,,,2119.9293292347006
fixed14,1938,PRZEWORSKI,Gdynia,City:Gdynia,,,2997.1689953588225
fixed14,1938,PRZEWORSKI,Stołpce,Border_Crossing:Stołpce,,,2620.9383105808547
fixed14,1938,PRZEWORSKI,Zbąszyń,Border_Crossing:Zbąszyń,,,2633.7419921447126
fixed14,1938,PRZEWORSKI,Zebrzydowice,Border_Crossing:Zebrzydowice,,,1334.9609688184937
fixed14,1938,PSZCZYŃSKI,Gdynia,City:Gdynia,,,2374.7827865431036
fixed14,1938,PSZCZYŃSKI,Stołpce,Border_Crossing:Stołpce,,,3061.0037365266176
fixed14,1938,PSZCZYŃSKI,Zbąszyń,Border_Crossing:Zbąszyń,,,1694.466798030744
fixed14,1938,PSZCZYŃSKI,Zebrzydowice,Border_Crossing:Zebrzydowice,,,329.23769931257897
fixed14,1938,PUŁAWSKI,Gdynia,City:Gdynia,,,2503.8762943587867
fixed14,1938,PUŁAWSKI,Stołpce,Border_Crossing:Stołpce,,,2135.0639470303117
fixed14,1938,PUŁAWSKI,Zbąszyń,Border_Crossing:Zbąszyń,,,2357.5897812370513
fixed14,1938,PUŁAWSKI,Zebrzydowice,Border_Crossing:Zebrzydowice,,,1807.945309676836
fixed14,1938,PUŁTUSKI,Gdynia,City:Gdynia,,,1759.5779636632155
fixed14,1938,PUŁTUSKI,Stołpce,Border_Crossing:Stołpce,,,2273.1975481840363
fixed14,1938,PUŁTUSKI,Zbąszyń,Border_Crossing:Zbąszyń,,,1857.3486235666746
fixed14,1938,PUŁTUSKI,Zebrzydowice,Border_Crossing:Zebrzydowice,,,2083.3855602923686
fixed14,1938,PŁOCKI,Gdynia,City:Gdynia,,,1438.0998088291935
fixed14,1938,PŁOCKI,Stołpce,Border_Crossing:Stołpce,,,2658.8451816980796
fixed14,1938,PŁOCKI,Zbąszyń,Border_Crossing:Zbąszyń,,,1375.8420499113472
fixed14,1938,PŁOCKI,Zebrzydowice,Border_Crossing:Zebrzydowice,,,1720.434741518202
fixed14,1938,PŁOŃSKI,Gdynia,City:Gdynia,,,1405.4311051309985
fixed14,1938,PŁOŃSKI,Stołpce,Border_Crossing:Stołpce,,,2192.5763402128055
fixed14,1938,PŁOŃSKI,Zbąszyń,Border_Crossing:Zbąszyń,,,1501.9221925721624
fixed14,1938,PŁOŃSKI,Zebrzydowice,Border_Crossing:Zebrzydowice,,,1976.6450224942116
fixed14,1938,RADOMSKI,Gdynia,City:Gdynia,,,2219.1522363984673
fixed14,1938,RADOMSKI,Stołpce,Border_Crossing:Stołpce,,,2071.9865345464955
fixed14,1938,RADOMSKI,Zbąszyń,Border_Crossing:Zbąszyń,,,2017.4386793262502
fixed14,1938,RADOMSKI,Zebrzydowice,Border_Crossing:Zebrzydowice,,,1302.731702600999
fixed14,1938,RADOMSZCZAŃSKI,Gdynia,City:Gdynia,,,2074.1608180529
fixed14,1938,RADOMSZCZAŃSKI,Stołpce,Border_Crossing:Stołpce,,,2685.9592033011863
fixed14,1938,RADOMSZCZAŃSKI,Zbąszyń,Border_Crossing:Zbąszyń,,,1710.73381483879
fixed14,1938,RADOMSZCZAŃSKI,Zebrzydowice,Border_Crossing:Zebrzydowice,,,855.3182524831458
fixed14,1938,RADZIECHOWSKI,Gdynia,City:Gdynia,,,3862.3911665367505
fixed14,1938,RADZIECHOWSKI,Stołpce,Border_Crossing:Stołpce,,,2378.3385771658814
fixed14,1938,RADZIECHOWSKI,Zbąszyń,Border_Crossing:Zbąszyń,,,3661.7959327676626
fixed14,1938,RADZIECHOWSKI,Zebrzydowice,Border_Crossing:Zebrzydowice,,,2363.014909441444
fixed14,1938,RADZYMIŃSKI,Gdynia,City:Gdynia,,,1804.5970211310923
fixed14,1938,RADZYMIŃSKI,Stołpce,Border_Crossing:Stołpce,,,1740.2737139406788
fixed14,1938,RADZYMIŃSKI,Zbąszyń,Border_Crossing:Zbąszyń,,,1714.8845810210557
fixed14,1938,RADZYMIŃSKI,Zebrzydowice,Border_Crossing:Zebrzydowice,,,1745.050701656285
fixed14,1938,RADZYŃSKI,Gdynia,City:Gdynia,,,2441.032106481456
fixed14,1938,RADZYŃSKI,Stołpce,Border_Crossing:Stołpce,,,1773.7278905453732
fixed14,1938,RADZYŃSKI,Zbąszyń,Border_Crossing:Zbąszyń,,,2295.131991647659
fixed14,1938,RADZYŃSKI,Zebrzydowice,Border_Crossing:Zebrzydowice,,,1922.9105522878074
fixed14,1938,RAWICKI,Gdynia,City:Gdynia,,,1655.3985617673318
fixed14,1938,RAWICKI,Stołpce,Border_Crossing:Stołpce,,,3254.9105469011497
fixed14,1938,RAWICKI,Zbąszyń,Border_Crossing:Zbąszyń,,,459.12198313279754
fixed14,1938,RAWICKI,Zebrzydowice,Border_Crossing:Zebrzydowice,,,1456.4716418651124
fixed14,1938,RAWSKI (RAWA MAZOWIECKA),Gdynia,City:Gdynia,,,1960.6742350876252
fixed14,1938,RAWSKI (RAWA MAZOWIECKA),Stołpce,Border_Crossing:Stołpce,,,2482.543089437147
fixed14,1938,RAWSKI (RAWA MAZOWIECKA),Zbąszyń,Border_Crossing:Zbąszyń,,,1603.5678429999432
fixed14,1938,RAWSKI (RAWA MAZOWIECKA),Zebrzydowice,Border_Crossing:Zebrzydowice,,,1430.7482694056732
fixed14,1938,RAWSKI (RAWA RUSKA),Gdynia,City:Gdynia,,,3239.705853556223
fixed14,1938,RAWSKI (RAWA RUSKA),Stołpce,Border_Crossing:Stołpce,,,2268.7927225665403
fixed14,1938,RAWSKI (RAWA RUSKA),Zbąszyń,Border_Crossing:Zbąszyń,,,3089.9454497092406
fixed14,1938,RAWSKI (RAWA RUSKA),Zebrzydowice,Border_Crossing:Zebrzydowice,,,2122.644677052576
fixed14,1938,ROHATYŃSKI,Gdynia,City:Gdynia,,,3961.2306673124567
fixed14,1938,ROHATYŃSKI,Stołpce,Border_Crossing:Stołpce,,,2949.925695207291
fixed14,1938,ROHATYŃSKI,Zbąszyń,Border_Crossing:Zbąszyń,,,3669.922948233146
fixed14,1938,ROHATYŃSKI,Zebrzydowice,Border_Crossing:Zebrzydowice,,,2321.605838819433
fixed14,1938,ROPCZYCKI,Gdynia,City:Gdynia,,,2904.841702194646
fixed14,1938,ROPCZYCKI,Stołpce,Border_Crossing:Stołpce,,,2684.45963646571
fixed14,1938,ROPCZYCKI,Zbąszyń,Border_Crossing:Zbąszyń,,,2370.7004326472015
fixed14,1938,ROPCZYCKI,Zebrzydowice,Border_Crossing:Zebrzydowice,,,976.9729303536352
fixed14,1938,RUDECKI,Gdynia,City:Gdynia,,,3626.5454583246465
fixed14,1938,RUDECKI,Stołpce,Border_Crossing:Stołpce,,,2786.862910665657
fixed14,1938,RUDECKI,Zbąszyń,Border_Crossing:Zbąszyń,,,3263.1184551105353
fixed14,1938,RUDECKI,Zebrzydowice,Border_Crossing:Zebrzydowice,,,1964.3374317843175
fixed14,1938,RYBNICKI,Gdynia,City:Gdynia,,,2448.8831282086085
fixed14,1938,RYBNICKI,Stołpce,Border_Crossing:Stołpce,,,3135.8212005698865
fixed14,1938,RYBNICKI,Zbąszyń,Border_Crossing:Zbąszyń,,,1768.5671396962493
fixed14,1938,RYBNICKI,Zebrzydowice,Border_Crossing:Zebrzydowice,,,151.60308711617583
fixed14,1938,RYPIŃSKI,Gdynia,City:Gdynia,,,1019.7326037541195
fixed14,1938,RYPIŃSKI,Stołpce,Border_Crossing:Stołpce,,,2519.142653733617
fixed14,1938,RYPIŃSKI,Zbąszyń,Border_Crossing:Zbąszyń,,,1283.0484603663492
fixed14,1938,RYPIŃSKI,Zebrzydowice,Border_Crossing:Zebrzydowice,,,1867.464197572387
fixed14,1938,RZESZOWSKI,Gdynia,City:Gdynia,,,3095.1139823864714
fixed14,1938,RZESZOWSKI,Stołpce,Border_Crossing:Stołpce,,,2765.1478074263496
fixed14,1938,RZESZOWSKI,Zbąszyń,Border_Crossing:Zbąszyń,,,2565.190443652309
fixed14,1938,RZESZOWSKI,Zebrzydowice,Border_Crossing:Zebrzydowice,,,1172.7137909794988
fixed14,1938,RÓWIEŃSKI,Gdynia,City:Gdynia,,,3868.8226785367933
fixed14,1938,RÓWIEŃSKI,Stołpce,Border_Crossing:Stołpce,,,1832.864400221416
fixed14,1938,RÓWIEŃSKI,Zbąszyń,Border_Crossing:Zbąszyń,,,3722.536165415059
fixed14,1938,RÓWIEŃSKI,Zebrzydowice,Border_Crossing:Zebrzydowice,,,2874.892372909247
fixed14,1938,SAMBORSKI,Gdynia,City:Gdynia,,,3341.108054368018
fixed14,1938,SAMBORSKI,Stołpce,Border_Crossing:Stołpce,,,2716.386020746039
fixed14,1938,SAMBORSKI,Zbąszyń,Border_Crossing:Zbąszyń,,,2977.6810511539074
fixed14,1938,SAMBORSKI,Zebrzydowice,Border_Crossing:Zebrzydowice,,,1617.7873365669423
fixed14,1938,SANDOMIERSKI,Gdynia,City:Gdynia,,,2945.3904536464884
fixed14,1938,SANDOMIERSKI,Stołpce,Border_Crossing:Stołpce,,,2930.480289464146
fixed14,1938,SANDOMIERSKI,Zbąszyń,Border_Crossing:Zbąszyń,,,2492.3028092967534
fixed14,1938,SANDOMIERSKI,Zebrzydowice,Border_Crossing:Zebrzydowice,,,1303.5975906013316
fixed14,1938,SANOCKI,Gdynia,City:Gdynia,,,3629.42728845831
fixed14,1938,SANOCKI,Stołpce,Border_Crossing:Stołpce,,,3232.039703099613
fixed14,1938,SANOCKI,Zbąszyń,Border_Crossing:Zbąszyń,,,2953.8732774850346
fixed14,1938,SANOCKI,Zebrzydowice,Border_Crossing:Zebrzydowice,,,1497.747085811895
fixed14,1938,SARNEŃSKI,Gdynia,City:Gdynia,,,3718.464058071034
fixed14,1938,SARNEŃSKI,Stołpce,Border_Crossing:Stołpce,,,1290.722250557303
fixed14,1938,SARNEŃSKI,Zbąszyń,Border_Crossing:Zbąszyń,,,3572.1775449492998
fixed14,1938,SARNEŃSKI,Zebrzydowice,Border_Crossing:Zebrzydowice,,,2929.0921655884786
fixed14,1938,SIEDLECKI,Gdynia,City:Gdynia,,,2229.298403189016
fixed14,1938,SIEDLECKI,Stołpce,Border_Crossing:Stołpce,,,1671.1148088411665
fixed14,1938,SIEDLECKI,Zbąszyń,Border_Crossing:Zbąszyń,,,2083.3982883552185
fixed14,1938,SIEDLECKI,Zebrzydowice,Border_Crossing:Zebrzydowice,,,1925.0286035959152
fixed14,1938,SIERADZKI,Gdynia,City:Gdynia,,,1626.5302227404748
fixed14,1938,SIERADZKI,Stołpce,Border_Crossing:Stołpce,,,2683.223460862647
fixed14,1938,SIERADZKI,Zbąszyń,Border_Crossing:Zbąszyń,,,988.8824209396803
fixed14,1938,SIERADZKI,Zebrzydowice,Border_Crossing:Zebrzydowice,,,1068.0449679417334
fixed14,1938,SIERPECKI,Gdynia,City:Gdynia,,,1317.5075441324557
fixed14,1938,SIERPECKI,Stołpce,Border_Crossing:Stołpce,,,2557.9253645407875
fixed14,1938,SIERPECKI,Zbąszyń,Border_Crossing:Zbąszyń,,,1423.3878981929427
fixed14,1938,SIERPECKI,Zebrzydowice,Border_Crossing:Zebrzydowice,,,1940.2858027649645
fixed14,1938,SKAŁACKI,Gdynia,City:Gdynia,,,4189.394879423131
fixed14,1938,SKAŁACKI,Stołpce,Border_Crossing:Stołpce,,,2731.2618562301163
fixed14,1938,SKAŁACKI,Zbąszyń,Border_Crossing:Zbąszyń,,,3898.08716034382
fixed14,1938,SKAŁACKI,Zebrzydowice,Border_Crossing:Zebrzydowice,,,2599.3061370176024
fixed14,1938,SKIERNIEWICKI,Gdynia,City:Gdynia,,,1750.4839230356997
fixed14,1938,SKIERNIEWICKI,Stołpce,Border_Crossing:Stołpce,,,2241.6862994635794
fixed14,1938,SKIERNIEWICKI,Zbąszyń,Border_Crossing:Zbąszyń,,,1398.8704973365354
fixed14,1938,SKIERNIEWICKI,Zebrzydowice,Border_Crossing:Zebrzydowice,,,1388.704989859229
fixed14,1938,SOCHACZEWSKI,Gdynia,City:Gdynia,,,1813.7170717228908
fixed14,1938,SOCHACZEWSKI,Stołpce,Border_Crossing:Stołpce,,,2240.6202660396225
fixed14,1938,SOCHACZEWSKI,Zbąszyń,Border_Crossing:Zbąszyń,,,1462.1036460237265
fixed14,1938,SOCHACZEWSKI,Zebrzydowice,Border_Crossing:Zebrzydowice,,,1610.5945196000341
fixed14,1938,SOKALSKI,Gdynia,City:Gdynia,,,3466.64665146882
fixed14,1938,SOKALSKI,Stołpce,Border_Crossing:Stołpce,,,2137.2197683794357
fixed14,1938,SOKALSKI,Zbąszyń,Border_Crossing:Zbąszyń,,,3320.360138347086
fixed14,1938,SOKALSKI,Zebrzydowice,Border_Crossing:Zebrzydowice,,,2184.387915804492
fixed14,1938,SOKOŁOWSKI,Gdynia,City:Gdynia,,,2271.1648210174553
fixed14,1938,SOKOŁOWSKI,Stołpce,Border_Crossing:Stołpce,,,1754.429798315132
fixed14,1938,SOKOŁOWSKI,Zbąszyń,Border_Crossing:Zbąszyń,,,2158.599071807964
fixed14,1938,SOKOŁOWSKI,Zebrzydowice,Border_Crossing:Zebrzydowice,,,2007.1271664414373
fixed14,1938,SOKÓLSKI,Gdynia,City:Gdynia,,,2686.9911977092984
fixed14,1938,SOKÓLSKI,Stołpce,Border_Crossing:Stołpce,,,1359.5606771483401
fixed14,1938,SOKÓLSKI,Zbąszyń,Border_Crossing:Zbąszyń,,,2602.7873699064753
fixed14,1938,SOKÓLSKI,Zebrzydowice,Border_Crossing:Zebrzydowice,,,2632.953490541706
fixed14,1938,STANISŁAWOWSKI,Gdynia,City:Gdynia,,,3976.2976494090803
fixed14,1938,STANISŁAWOWSKI,Stołpce,Border_Crossing:Stołpce,,,2964.992677303915
fixed14,1938,STANISŁAWOWSKI,Zbąszyń,Border_Crossing:Zbąszyń,,,3626.937725223933
fixed14,1938,STANISŁAWOWSKI,Zebrzydowice,Border_Crossing:Zebrzydowice,,,2267.2687212199303
fixed14,1938,STAROGARDZKI,Gdynia,City:Gdynia,,,638.1722231649339
fixed14,1938,STAROGARDZKI,Stołpce,Border_Crossing:Stołpce,,,3225.6424579256877
fixed14,1938,STAROGARDZKI,Zbąszyń,Border_Crossing:Zbąszyń,,,1368.2118326805205
fixed14,1938,STAROGARDZKI,Zebrzydowice,Border_Crossing:Zebrzydowice,,,2300.826110152049
fixed14,1938,STOLIŃSKI,Gdynia,City:Gdynia,,,3948.790522785208
fixed14,1938,STOLIŃSKI,Stołpce,Border_Crossing:Stołpce,,,1204.1619331859051
fixed14,1938,STOLIŃSKI,Zbąszyń,Border_Crossing:Zbąszyń,,,3802.8904079514114
fixed14,1938,STOLIŃSKI,Zebrzydowice,Border_Crossing:Zebrzydowice,,,3353.1676346169247
fixed14,1938,STOPNICKI,Gdynia,City:Gdynia,,,3061.1658041218684
fixed14,1938,STOPNICKI,Stołpce,Border_Crossing:Stołpce,,,3065.254170579707
fixed14,1938,STOPNICKI,Zbąszyń,Border_Crossing:Zbąszyń,,,2594.3962189979875
fixed14,1938,STOPNICKI,Zebrzydowice,Border_Crossing:Zebrzydowice,,,1303.1630184029968
fixed14,1938,STOŁPECKI,Gdynia,City:Gdynia,,,3782.5534035759924
fixed14,1938,STOŁPECKI,Stołpce,Border_Crossing:Stołpce,,,286.21377105640596
fixed14,1938,STOŁPECKI,Zbąszyń,Border_Crossing:Zbąszyń,,,3698.3495757731694
fixed14,1938,STOŁPECKI,Zebrzydowice,Border_Crossing:Zebrzydowice,,,3466.9814479895167
fixed14,1938,STRYJSKI,Gdynia,City:Gdynia,,,3802.0510580764308
fixed14,1938,STRYJSKI,Stołpce,Border_Crossing:Stołpce,,,3089.8976891629986
fixed14,1938,STRYJSKI,Zbąszyń,Border_Crossing:Zbąszyń,,,3438.6240548623196
fixed14,1938,STRYJSKI,Zebrzydowice,Border_Crossing:Zebrzydowice,,,2078.730340275355
fixed14,1938,SUWALSKI,Gdynia,City:Gdynia,,,3202.607485346233
fixed14,1938,SUWALSKI,Stołpce,Border_Crossing:Stołpce,,,1597.3550273080195
fixed14,1938,SUWALSKI,Zbąszyń,Border_Crossing:Zbąszyń,,,3118.403657543409
fixed14,1938,SUWALSKI,Zebrzydowice,Border_Crossing:Zebrzydowice,,,3148.5697781786394
fixed14,1938,SZAMOTULSKI,Gdynia,City:Gdynia,,,1439.1529852238227
fixed14,1938,SZAMOTULSKI,Stołpce,Border_Crossing:Stołpce,,,3351.545207466662
fixed14,1938,SZAMOTULSKI,Zbąszyń,Border_Crossing:Zbąszyń,,,390.9059037124911
fixed14,1938,SZAMOTULSKI,Zebrzydowice,Border_Crossing:Zebrzydowice,,,1883.0226444014568
fixed14,1938,SZCZUCZYŃSKI (WOJ. BIAŁOSTOCKIE),Gdynia,City:Gdynia,,,2824.778601880687
fixed14,1938,SZCZUCZYŃSKI (WOJ. BIAŁOSTOCKIE),Stołpce,Border_Crossing:Stołpce,,,1542.766195683732
fixed14,1938,SZCZUCZYŃSKI (WOJ. BIAŁOSTOCKIE),Zbąszyń,Border_Crossing:Zbąszyń,,,2740.574774077863
fixed14,1938,SZCZUCZYŃSKI (WOJ. BIAŁOSTOCKIE),Zebrzydowice,Border_Crossing:Zebrzydowice,,,2770.740894713094
fixed14,1938,SZCZUCZYŃSKI (WOJ. NOWOGRÓDZKIE),Gdynia,City:Gdynia,,,3367.0673708682466
fixed14,1938,SZCZUCZYŃSKI (WOJ. NOWOGRÓDZKIE),Stołpce,Border_Crossing:Stołpce,,,1308.4532264717611
fixed14,1938,SZCZUCZYŃSKI (WOJ. NOWOGRÓDZKIE),Zbąszyń,Border_Crossing:Zbąszyń,,,3282.8635430654226
fixed14,1938,SZCZUCZYŃSKI (WOJ. NOWOGRÓDZKIE),Zebrzydowice,Border_Crossing:Zebrzydowice,,,3178.4820406852054
fixed14,1938,SZUBIŃSKI,Gdynia,City:Gdynia,,,904.2991148698915
fixed14,1938,SZUBIŃSKI,Stołpce,Border_Crossing:Stołpce,,,3029.652835046598
fixed14,1938,SZUBIŃSKI,Zbąszyń,Border_Crossing:Zbąszyń,,,767.2347684847219
fixed14,1938,SZUBIŃSKI,Zebrzydowice,Border_Crossing:Zebrzydowice,,,1845.6381378303277
fixed14,1938,SĘPOLEŃSKI,Gdynia,City:Gdynia,,,683.0758058696164
fixed14,1938,SĘPOLEŃSKI,Stołpce,Border_Crossing:Stołpce,,,3192.86660657187
fixed14,1938,SĘPOLEŃSKI,Zbąszyń,Border_Crossing:Zbąszyń,,,921.3873443838788
fixed14,1938,SĘPOLEŃSKI,Zebrzydowice,Border_Crossing:Zebrzydowice,,,2058.709499131788
fixed14,1938,SŁONIMSKI,Gdynia,City:Gdynia,,,3121.850053606745
fixed14,1938,SŁONIMSKI,Stołpce,Border_Crossing:Stołpce,,,564.4004441625456
fixed14,1938,SŁONIMSKI,Zbąszyń,Border_Crossing:Zbąszyń,,,3037.6462258039214
fixed14,1938,SŁONIMSKI,Zebrzydowice,Border_Crossing:Zebrzydowice,,,2933.264723423704
fixed14,1938,TARNOBRZESKI,Gdynia,City:Gdynia,,,2582.0723421409252
fixed14,1938,TARNOBRZESKI,Stołpce,Border_Crossing:Stołpce,,,2326.6057799371197
fixed14,1938,TARNOBRZESKI,Zbąszyń,Border_Crossing:Zbąszyń,,,2218.6453389268163
fixed14,1938,TARNOBRZESKI,Zebrzydowice,Border_Crossing:Zebrzydowice,,,1251.0078403614614
fixed14,1938,TARNOGÓRSKI,Gdynia,City:Gdynia,,,2133.5447740559325
fixed14,1938,TARNOGÓRSKI,Stołpce,Border_Crossing:Stołpce,,,3023.3629167072804
fixed14,1938,TARNOGÓRSKI,Zbąszyń,Border_Crossing:Zbąszyń,,,1453.2287855435723
fixed14,1938,TARNOGÓRSKI,Zebrzydowice,Border_Crossing:Zebrzydowice,,,436.27923182013353
fixed14,1938,TARNOPOLSKI,Gdynia,City:Gdynia,,,3972.231388181772
fixed14,1938,TARNOPOLSKI,Stołpce,Border_Crossing:Stołpce,,,2514.098364988758
fixed14,1938,TARNOPOLSKI,Zbąszyń,Border_Crossing:Zbąszyń,,,3680.9236691024626
fixed14,1938,TARNOPOLSKI,Zebrzydowice,Border_Crossing:Zebrzydowice,,,2382.142645776244
fixed14,1938,TARNOWSKI,Gdynia,City:Gdynia,,,2903.770897828029
fixed14,1938,TARNOWSKI,Stołpce,Border_Crossing:Stołpce,,,2805.2144691557583
fixed14,1938,TARNOWSKI,Zbąszyń,Border_Crossing:Zbąszyń,,,2223.454909315669
fixed14,1938,TARNOWSKI,Zebrzydowice,Border_Crossing:Zebrzydowice,,,829.7274070221019
fixed14,1938,TCZEWSKI,Gdynia,City:Gdynia,,,773.7584344874302
fixed14,1938,TCZEWSKI,Stołpce,Border_Crossing:Stołpce,,,3299.3013254656526
fixed14,1938,TCZEWSKI,Zbąszyń,Border_Crossing:Zbąszyń,,,1445.405663549444
fixed14,1938,TCZEWSKI,Zebrzydowice,Border_Crossing:Zebrzydowice,,,2376.8356642170406
fixed14,1938,TOMASZOWSKI,Gdynia,City:Gdynia,,,3216.0031573745155
fixed14,1938,TOMASZOWSKI,Stołpce,Border_Crossing:Stołpce,,,2246.0813333693313
fixed14,1938,TOMASZOWSKI,Zbąszyń,Border_Crossing:Zbąszyń,,,3069.7166442527805
fixed14,1938,TOMASZOWSKI,Zebrzydowice,Border_Crossing:Zebrzydowice,,,2414.641045817479
fixed14,1938,TORUŃSKI,Gdynia,City:Gdynia,,,928.2211986883538
fixed14,1938,TORUŃSKI,Stołpce,Border_Crossing:Stołpce,,,2744.6255396118427
fixed14,1938,TORUŃSKI,Zbąszyń,Border_Crossing:Zbąszyń,,,934.7114814132206
fixed14,1938,TORUŃSKI,Zebrzydowice,Border_Crossing:Zebrzydowice,,,1727.588871114066
fixed14,1938,TREMBOWELSKI,Gdynia,City:Gdynia,,,4110.12366052284
fixed14,1938,TREMBOWELSKI,Stołpce,Border_Crossing:Stołpce,,,2651.990637329824
fixed14,1938,TREMBOWELSKI,Zbąszyń,Border_Crossing:Zbąszyń,,,3818.815941443528
fixed14,1938,TREMBOWELSKI,Zebrzydowice,Border_Crossing:Zebrzydowice,,,2520.03491811731
fixed14,1938,TUCHOLSKI,Gdynia,City:Gdynia,,,693.1585923777926
fixed14,1938,TUCHOLSKI,Stołpce,Border_Crossing:Stołpce,,,3145.916131308204
fixed14,1938,TUCHOLSKI,Zbąszyń,Border_Crossing:Zbąszyń,,,1087.3158750951418
fixed14,1938,TUCHOLSKI,Zebrzydowice,Border_Crossing:Zebrzydowice,,,2102.722756986237
fixed14,1938,TURCZAŃSKI,Gdynia,City:Gdynia,,,3559.0494732157395
fixed14,1938,TURCZAŃSKI,Stołpce,Border_Crossing:Stołpce,,,2934.3274395937606
fixed14,1938,TURCZAŃSKI,Zbąszyń,Border_Crossing:Zbąszyń,,,3195.6224700016282
fixed14,1938,TURCZAŃSKI,Zebrzydowice,Border_Crossing:Zebrzydowice,,,1835.7287554146635
fixed14,1938,TURECKI,Gdynia,City:Gdynia,,,2075.296056179177
fixed14,1938,TURECKI,Stołpce,Border_Crossing:Stołpce,,,3281.0257856557346
fixed14,1938,TURECKI,Zbąszyń,Border_Crossing:Zbąszyń,,,1173.966453136157
fixed14,1938,TURECKI,Zebrzydowice,Border_Crossing:Zebrzydowice,,,1658.3541540351105
fixed14,1938,TŁUMACKI,Gdynia,City:Gdynia,,,4076.4173462297217
fixed14,1938,TŁUMACKI,Stołpce,Border_Crossing:Stołpce,,,3065.1123741245547
fixed14,1938,TŁUMACKI,Zbąszyń,Border_Crossing:Zbąszyń,,,3725.908279516175
fixed14,1938,TŁUMACKI,Zebrzydowice,Border_Crossing:Zebrzydowice,,,2366.0145649292103
fixed14,1938,WADOWICKI,Gdynia,City:Gdynia,,,2589.045767082811
fixed14,1938,WADOWICKI,Stołpce,Border_Crossing:Stołpce,,,3050.906426452623
fixed14,1938,WADOWICKI,Zbąszyń,Border_Crossing:Zbąszyń,,,1908.7297785704518
fixed14,1938,WADOWICKI,Zebrzydowice,Border_Crossing:Zebrzydowice,,,415.0917557310744
fixed14,1938,WARSZAWSKI,Gdynia,City:Gdynia,,,1710.7033586424288
fixed14,1938,WARSZAWSKI,Stołpce,Border_Crossing:Stołpce,,,1887.970000768825
fixed14,1938,WARSZAWSKI,Zbąszyń,Border_Crossing:Zbąszyń,,,1580.6499144522038
fixed14,1938,WARSZAWSKI,Zebrzydowice,Border_Crossing:Zebrzydowice,,,1610.045606771425
fixed14,1938,WIELUŃSKI,Gdynia,City:Gdynia,,,1976.9589699129788
fixed14,1938,WIELUŃSKI,Stołpce,Border_Crossing:Stołpce,,,3276.344296416008
fixed14,1938,WIELUŃSKI,Zbąszyń,Border_Crossing:Zbąszyń,,,1055.5313596118472
fixed14,1938,WIELUŃSKI,Zebrzydowice,Border_Crossing:Zebrzydowice,,,832.457834152719
fixed14,1938,WILEJSKI,Gdynia,City:Gdynia,,,4174.174743769487
fixed14,1938,WILEJSKI,Stołpce,Border_Crossing:Stołpce,,,1069.73859665567
fixed14,1938,WILEJSKI,Zbąszyń,Border_Crossing:Zbąszyń,,,4089.9709159666636
fixed14,1938,WILEJSKI,Zebrzydowice,Border_Crossing:Zebrzydowice,,,3985.589413586446
fixed14,1938,WILEŃSKO-TROCKI,Gdynia,City:Gdynia,,,3519.222680988851
fixed14,1938,WILEŃSKO-TROCKI,Stołpce,Border_Crossing:Stołpce,,,1201.7623236878428
fixed14,1938,WILEŃSKO-TROCKI,Zbąszyń,Border_Crossing:Zbąszyń,,,3435.018853186028
fixed14,1938,WILEŃSKO-TROCKI,Zebrzydowice,Border_Crossing:Zebrzydowice,,,3460.3656706423753
fixed14,1938,WILNO (MIASTO),Gdynia,City:Gdynia,,,3368.024812381532
fixed14,1938,WILNO (MIASTO),Stołpce,Border_Crossing:Stołpce,,,1077.539947741802
fixed14,1938,WILNO (MIASTO),Zbąszyń,Border_Crossing:Zbąszyń,,,3283.8209845787082
fixed14,1938,WILNO (MIASTO),Zebrzydowice,Border_Crossing:Zebrzydowice,,,3313.9871052139392
fixed14,1938,WOLSZTYŃSKI,Gdynia,City:Gdynia,,,1524.1925053603127
fixed14,1938,WOLSZTYŃSKI,Stołpce,Border_Crossing:Stołpce,,,3414.0776041914046
fixed14,1938,WOLSZTYŃSKI,Zbąszyń,Border_Crossing:Zbąszyń,,,103.04156727261358
fixed14,1938,WOLSZTYŃSKI,Zebrzydowice,Border_Crossing:Zebrzydowice,,,1744.9817931241446
fixed14,1938,WOŁKOWYSKI,Gdynia,City:Gdynia,,,2856.159964154464
fixed14,1938,WOŁKOWYSKI,Stołpce,Border_Crossing:Stołpce,,,892.8533928462646
fixed14,1938,WOŁKOWYSKI,Zbąszyń,Border_Crossing:Zbąszyń,,,2771.9561363516405
fixed14,1938,WOŁKOWYSKI,Zebrzydowice,Border_Crossing:Zebrzydowice,,,2667.5746339714224
fixed14,1938,WOŁOŻYŃSKI,Gdynia,City:Gdynia,,,4155.657473341345
fixed14,1938,WOŁOŻYŃSKI,Stołpce,Border_Crossing:Stołpce,,,1201.4329272759583
fixed14,1938,WOŁOŻYŃSKI,Zbąszyń,Border_Crossing:Zbąszyń,,,4071.4536455385232
fixed14,1938,WOŁOŻYŃSKI,Zebrzydowice,Border_Crossing:Zebrzydowice,,,3846.450158537311
fixed14,1938,WRZESIŃSKI,Gdynia,City:Gdynia,,,1278.7432377099672
fixed14,1938,WRZESIŃSKI,Stołpce,Border_Crossing:Stołpce,,,3007.818486849624
fixed14,1938,WRZESIŃSKI,Zbąszyń,Border_Crossing:Zbąszyń,,,570.8731075382029
fixed14,1938,WRZESIŃSKI,Zebrzydowice,Border_Crossing:Zebrzydowice,,,1614.6922943553789
fixed14,1938,WYRZYSKI,Gdynia,City:Gdynia,,,878.1598418490386
fixed14,1938,WYRZYSKI,Stołpce,Border_Crossing:Stołpce,,,3098.321131978252
fixed14,1938,WYRZYSKI,Zbąszyń,Border_Crossing:Zbąszyń,,,824.6981865397747
fixed14,1938,WYRZYSKI,Zebrzydowice,Border_Crossing:Zebrzydowice,,,1964.1640245381705
fixed14,1938,WYSOKOMAZOWIECKI,Gdynia,City:Gdynia,,,2537.9143284934744
fixed14,1938,WYSOKOMAZOWIECKI,Stołpce,Border_Crossing:Stołpce,,,1490.1862855623986
fixed14,1938,WYSOKOMAZOWIECKI,Zbąszyń,Border_Crossing:Zbąszyń,,,2453.7105006906504
fixed14,1938,WYSOKOMAZOWIECKI,Zebrzydowice,Border_Crossing:Zebrzydowice,,,2483.876621325882
fixed14,1938,WĄBRZESKI,Gdynia,City:Gdynia,,,957.3350013882771
fixed14,1938,WĄBRZESKI,Stołpce,Border_Crossing:Stołpce,,,2809.6340782032585
fixed14,1938,WĄBRZESKI,Zbąszyń,Border_Crossing:Zbąszyń,,,1099.5336625430796
fixed14,1938,WĄBRZESKI,Zebrzydowice,Border_Crossing:Zebrzydowice,,,1892.4110522439248
fixed14,1938,WĄGROWIECKI,Gdynia,City:Gdynia,,,1052.0026556737027
fixed14,1938,WĄGROWIECKI,Stołpce,Border_Crossing:Stołpce,,,3219.0639139406703
fixed14,1938,WĄGROWIECKI,Zbąszyń,Border_Crossing:Zbąszyń,,,576.4072565877161
fixed14,1938,WĄGROWIECKI,Zebrzydowice,Border_Crossing:Zebrzydowice,,,1913.52270137315
fixed14,1938,WĘGROWSKI,Gdynia,City:Gdynia,,,2512.1500251831258
fixed14,1938,WĘGROWSKI,Stołpce,Border_Crossing:Stołpce,,,1995.415002480803
fixed14,1938,WĘGROWSKI,Zbąszyń,Border_Crossing:Zbąszyń,,,2399.584275973635
fixed14,1938,WĘGROWSKI,Zebrzydowice,Border_Crossing:Zebrzydowice,,,2248.112370607109
fixed14,1938,WŁOCŁAWSKI,Gdynia,City:Gdynia,,,1263.791449955856
fixed14,1938,WŁOCŁAWSKI,Stołpce,Border_Crossing:Stołpce,,,2682.609527013324
fixed14,1938,WŁOCŁAWSKI,Zbąszyń,Border_Crossing:Zbąszyń,,,1095.1054993506118
fixed14,1938,WŁOCŁAWSKI,Zebrzydowice,Border_Crossing:Zebrzydowice,,,1562.079185597881
fixed14,1938,WŁODAWSKI,Gdynia,City:Gdynia,,,3034.0160589863294
fixed14,1938,WŁODAWSKI,Stołpce,Border_Crossing:Stołpce,,,1679.8009436499085
fixed14,1938,WŁODAWSKI,Zbąszyń,Border_Crossing:Zbąszyń,,,2888.1159441525333
fixed14,1938,WŁODAWSKI,Zebrzydowice,Border_Crossing:Zebrzydowice,,,2307.8290068779456
fixed14,1938,WŁODZIMIERSKI,Gdynia,City:Gdynia,,,3250.1080682039874
fixed14,1938,WŁODZIMIERSKI,Stołpce,Border_Crossing:Stołpce,,,1930.622446303514
fixed14,1938,WŁODZIMIERSKI,Zbąszyń,Border_Crossing:Zbąszyń,,,3103.8215550822524
fixed14,1938,WŁODZIMIERSKI,Zebrzydowice,Border_Crossing:Zebrzydowice,,,2392.5788908129775
fixed14,1938,WŁOSZCZOWSKI,Gdynia,City:Gdynia,,,2601.0035765241078
fixed14,1938,WŁOSZCZOWSKI,Stołpce,Border_Crossing:Stołpce,,,2652.2820289666965
fixed14,1938,WŁOSZCZOWSKI,Zbąszyń,Border_Crossing:Zbąszyń,,,2216.0479108166955
fixed14,1938,WŁOSZCZOWSKI,Zebrzydowice,Border_Crossing:Zebrzydowice,,,1052.172546886325
fixed14,1938,ZALESZCZYCKI,Gdynia,City:Gdynia,,,4529.2630419032375
fixed14,1938,ZALESZCZYCKI,Stołpce,Border_Crossing:Stołpce,,,3142.0288073471447
fixed14,1938,ZALESZCZYCKI,Zbąszyń,Border_Crossing:Zbąszyń,,,4178.753975189691
fixed14,1938,ZALESZCZYCKI,Zebrzydowice,Border_Crossing:Zebrzydowice,,,2818.8602606027257
fixed14,1938,ZAMOJSKI,Gdynia,City:Gdynia,,,2855.9408209623116
fixed14,1938,ZAMOJSKI,Stołpce,Border_Crossing:Stołpce,,,1886.018996957127
fixed14,1938,ZAMOJSKI,Zbąszyń,Border_Crossing:Zbąszyń,,,2709.654307840576
fixed14,1938,ZAMOJSKI,Zebrzydowice,Border_Crossing:Zebrzydowice,,,2066.5689284797554
fixed14,1938,ZBARASKI,Gdynia,City:Gdynia,,,4130.708821580081
fixed14,1938,ZBARASKI,Stołpce,Border_Crossing:Stołpce,,,2520.6850646115827
fixed14,1938,ZBARASKI,Zbąszyń,Border_Crossing:Zbąszyń,,,3839.401102500771
fixed14,1938,ZBARASKI,Zebrzydowice,Border_Crossing:Zebrzydowice,,,2540.6200791745528
fixed14,1938,ZBOROWSKI,Gdynia,City:Gdynia,,,4075.438506768079
fixed14,1938,ZBOROWSKI,Stołpce,Border_Crossing:Stołpce,,,2691.8506031715115
fixed14,1938,ZBOROWSKI,Zbąszyń,Border_Crossing:Zbąszyń,,,3784.1307876887677
fixed14,1938,ZBOROWSKI,Zebrzydowice,Border_Crossing:Zebrzydowice,,,2485.34976436255
fixed14,1938,ZDOŁBUNOWSKI,Gdynia,City:Gdynia,,,3971.157833898141
fixed14,1938,ZDOŁBUNOWSKI,Stołpce,Border_Crossing:Stołpce,,,1935.1995555827632
fixed14,1938,ZDOŁBUNOWSKI,Zbąszyń,Border_Crossing:Zbąszyń,,,3824.871320776406
fixed14,1938,ZDOŁBUNOWSKI,Zebrzydowice,Border_Crossing:Zebrzydowice,,,2888.7541073865145
fixed14,1938,ZŁOCZOWSKI,Gdynia,City:Gdynia,,,3772.8041538693283
fixed14,1938,ZŁOCZOWSKI,Stołpce,Border_Crossing:Stołpce,,,2395.30584575161
fixed14,1938,ZŁOCZOWSKI,Zbąszyń,Border_Crossing:Zbąszyń,,,3481.496434790017
fixed14,1938,ZŁOCZOWSKI,Zebrzydowice,Border_Crossing:Zebrzydowice,,,2182.7154114637992
fixed14,1938,ŁASKI,Gdynia,City:Gdynia,,,1687.2305634075685
fixed14,1938,ŁASKI,Stołpce,Border_Crossing:Stołpce,,,2687.7286570623833
fixed14,1938,ŁASKI,Zbąszyń,Border_Crossing:Zbąszyń,,,1190.1749870103333
fixed14,1938,ŁASKI,Zebrzydowice,Border_Crossing:Zebrzydowice,,,1109.0176007554492
fixed14,1938,ŁAŃCUCKI,Gdynia,City:Gdynia,,,2945.9462021245417
fixed14,1938,ŁAŃCUCKI,Stołpce,Border_Crossing:Stołpce,,,2569.715517346574
fixed14,1938,ŁAŃCUCKI,Zbąszyń,Border_Crossing:Zbąszyń,,,2576.432787468522
fixed14,1938,ŁAŃCUCKI,Zebrzydowice,Border_Crossing:Zebrzydowice,,,1458.5546945281649
fixed14,1938,ŁOMŻYŃSKI,Gdynia,City:Gdynia,,,2375.611176168018
fixed14,1938,ŁOMŻYŃSKI,Stołpce,Border_Crossing:Stołpce,,,1642.100272046015
fixed14,1938,ŁOMŻYŃSKI,Zbąszyń,Border_Crossing:Zbąszyń,,,2291.4073483651946
fixed14,1938,ŁOMŻYŃSKI,Zebrzydowice,Border_Crossing:Zebrzydowice,,,2321.5734690004247
fixed14,1938,ŁOWICKI,Gdynia,City:Gdynia,,,1628.0244213638189
fixed14,1938,ŁOWICKI,Stołpce,Border_Crossing:Stołpce,,,2252.2745276760083
fixed14,1938,ŁOWICKI,Zbąszyń,Border_Crossing:Zbąszyń,,,1276.4109956646544
fixed14,1938,ŁOWICKI,Zebrzydowice,Border_Crossing:Zebrzydowice,,,1416.5024753484022
fixed14,1938,ŁUCKI,Gdynia,City:Gdynia,,,3489.734051821783
fixed14,1938,ŁUCKI,Stołpce,Border_Crossing:Stołpce,,,1957.0577374417987
fixed14,1938,ŁUCKI,Zbąszyń,Border_Crossing:Zbąszyń,,,3343.4475387000484
fixed14,1938,ŁUCKI,Zebrzydowice,Border_Crossing:Zebrzydowice,,,2585.5424770216537
fixed14,1938,ŁUKOWSKI,Gdynia,City:Gdynia,,,2385.290194825222
fixed14,1938,ŁUKOWSKI,Stołpce,Border_Crossing:Stołpce,,,1718.0798668782606
fixed14,1938,ŁUKOWSKI,Zbąszyń,Border_Crossing:Zbąszyń,,,2239.3774371644868
fixed14,1938,ŁUKOWSKI,Zebrzydowice,Border_Crossing:Zebrzydowice,,,1858.293417342623
fixed14,1938,ŁUNINIECKI,Gdynia,City:Gdynia,,,3787.561153493904
fixed14,1938,ŁUNINIECKI,Stołpce,Border_Crossing:Stołpce,,,941.7595496312614
fixed14,1938,ŁUNINIECKI,Zbąszyń,Border_Crossing:Zbąszyń,,,3641.661038660107
fixed14,1938,ŁUNINIECKI,Zebrzydowice,Border_Crossing:Zebrzydowice,,,3269.4395993002568
fixed14,1938,ŁÓDZKI,Gdynia,City:Gdynia,,,1628.7941178969634
fixed14,1938,ŁÓDZKI,Stołpce,Border_Crossing:Stołpce,,,2464.314838777118
fixed14,1938,ŁÓDZKI,Zbąszyń,Border_Crossing:Zbąszyń,,,1237.4029836909406
fixed14,1938,ŁÓDZKI,Zebrzydowice,Border_Crossing:Zebrzydowice,,,1185.9599718291122
fixed14,1938,ŁÓDŹ (MIASTO),Gdynia,City:Gdynia,,,1638.343630730172
fixed14,1938,ŁÓDŹ (MIASTO),Stołpce,Border_Crossing:Stołpce,,,2420.035510954431
fixed14,1938,ŁÓDŹ (MIASTO),Zbąszyń,Border_Crossing:Zbąszyń,,,1274.9166275160621
fixed14,1938,ŁÓDŹ (MIASTO),Zebrzydowice,Border_Crossing:Zebrzydowice,,,1213.4869491145564
fixed14,1938,ŁĘCZYCKI,Gdynia,City:Gdynia,,,1460.7333659477858
fixed14,1938,ŁĘCZYCKI,Stołpce,Border_Crossing:Stołpce,,,2510.9404223251386
fixed14,1938,ŁĘCZYCKI,Zbąszyń,Border_Crossing:Zbąszyń,,,1099.5729210082507
fixed14,1938,ŁĘCZYCKI,Zebrzydowice,Border_Crossing:Zebrzydowice,,,1306.565717533158
fixed14,1938,ŚNIATYŃSKI,Gdynia,City:Gdynia,,,4409.649520898071
fixed14,1938,ŚNIATYŃSKI,Stołpce,Border_Crossing:Stołpce,,,3398.3445487929057
fixed14,1938,ŚNIATYŃSKI,Zbąszyń,Border_Crossing:Zbąszyń,,,4059.140454184526
fixed14,1938,ŚNIATYŃSKI,Zebrzydowice,Border_Crossing:Zebrzydowice,,,2699.2467395975605
fixed14,1938,ŚREDZKI,Gdynia,City:Gdynia,,,1416.0830070465365
fixed14,1938,ŚREDZKI,Stołpce,Border_Crossing:Stołpce,,,3280.3229630210176
fixed14,1938,ŚREDZKI,Zbąszyń,Border_Crossing:Zbąszyń,,,502.6533138770646
fixed14,1938,ŚREDZKI,Zebrzydowice,Border_Crossing:Zebrzydowice,,,1588.5551274257407
fixed14,1938,ŚREMSKI,Gdynia,City:Gdynia,,,1492.0342394569323
fixed14,1938,ŚREMSKI,Stołpce,Border_Crossing:Stołpce,,,3375.1094848160824
fixed14,1938,ŚREMSKI,Zbąszyń,Border_Crossing:Zbąszyń,,,492.5340534147418
fixed14,1938,ŚREMSKI,Zebrzydowice,Border_Crossing:Zebrzydowice,,,1796.954238401932
fixed14,1938,ŚWIECKI,Gdynia,City:Gdynia,,,677.9481224819951
fixed14,1938,ŚWIECKI,Stołpce,Border_Crossing:Stołpce,,,2973.6388969078535
fixed14,1938,ŚWIECKI,Zbąszyń,Border_Crossing:Zbąszyń,,,1111.1705444840343
fixed14,1938,ŚWIECKI,Zebrzydowice,Border_Crossing:Zebrzydowice,,,2042.6005451516298
fixed14,1938,ŚWIĘCIAŃSKI,Gdynia,City:Gdynia,,,3824.7995931411365
fixed14,1938,ŚWIĘCIAŃSKI,Stołpce,Border_Crossing:Stołpce,,,1534.314728501407
fixed14,1938,ŚWIĘCIAŃSKI,Zbąszyń,Border_Crossing:Zbąszyń,,,3740.5957653383134
fixed14,1938,ŚWIĘCIAŃSKI,Zebrzydowice,Border_Crossing:Zebrzydowice,,,3770.761885973544
fixed14,1938,ŚWIĘTOCHŁOWICKI,Gdynia,City:Gdynia,,,2170.8177061730003
fixed14,1938,ŚWIĘTOCHŁOWICKI,Stołpce,Border_Crossing:Stołpce,,,2953.7782045795766
fixed14,1938,ŚWIĘTOCHŁOWICKI,Zbąszyń,Border_Crossing:Zbąszyń,,,1490.501717660641
fixed14,1938,ŚWIĘTOCHŁOWICKI,Zebrzydowice,Border_Crossing:Zebrzydowice,,,350.70479651892873
fixed14,1938,ŻNIŃSKI,Gdynia,City:Gdynia,,,1000.4207237842035
fixed14,1938,ŻNIŃSKI,Stołpce,Border_Crossing:Stołpce,,,3100.4409154458067
fixed14,1938,ŻNIŃSKI,Zbąszyń,Border_Crossing:Zbąszyń,,,725.7842023704003
fixed14,1938,ŻNIŃSKI,Zebrzydowice,Border_Crossing:Zebrzydowice,,,1809.8956756498987
fixed14,1938,ŻYDACZOWSKI,Gdynia,City:Gdynia,,,3848.595183727211
fixed14,1938,ŻYDACZOWSKI,Stołpce,Border_Crossing:Stołpce,,,2837.2902116220457
fixed14,1938,ŻYDACZOWSKI,Zbąszyń,Border_Crossing:Zbąszyń,,,3557.2874646479004
fixed14,1938,ŻYDACZOWSKI,Zebrzydowice,Border_Crossing:Zebrzydowice,,,2208.970355234187
fixed14,1938,ŻYWIECKI,Gdynia,City:Gdynia,,,2616.012604713758
fixed14,1938,ŻYWIECKI,Stołpce,Border_Crossing:Stołpce,,,3237.9562471944723
fixed14,1938,ŻYWIECKI,Zbąszyń,Border_Crossing:Zbąszyń,,,1935.6966162013994
fixed14,1938,ŻYWIECKI,Zebrzydowice,Border_Crossing:Zebrzydowice,,,363.34828995708943
fixed14,1938,ŻÓŁKIEWSKI,Gdynia,City:Gdynia,,,3425.741446345648
fixed14,1938,ŻÓŁKIEWSKI,Stołpce,Border_Crossing:Stołpce,,,2438.4784878021937
fixed14,1938,ŻÓŁKIEWSKI,Zbąszyń,Border_Crossing:Zbąszyń,,,3279.4549332239135
fixed14,1938,ŻÓŁKIEWSKI,Zebrzydowice,Border_Crossing:Zebrzydowice,,,2042.0514647030936
