District,year,scenario,ma_total,ma_domestic,ma_foreign
AUGUSTOWSKI,1924,baseline,618165427.7204908,53806.285334223954,618111621.4351566
BARANOWICKI,1924,baseline,594023432.6646701,44789.030471427395,593978643.6341987
BIALSKI (BIAŁA KRAKOWSKA),1924,baseline,879096832.2127762,961405.3453549462,878135426.8674213
BIALSKI (BIAŁA PODLASKA),1924,baseline,715608778.7862401,111935.32118316373,715496843.4650569
BIAŁOSTOCKI,1924,baseline,686369803.2329612,176533.01224489821,686193270.2207162
BIELSKI (BIELSK PODLASKI),1924,baseline,684759621.889216,54930.219676681154,684704691.6695392
BIELSKO,1924,baseline,878859526.0441058,3588917.422325842,875270608.6217799
BIŁGORAJSKI,1924,baseline,655577508.2312491,75422.94059275139,655502085.2906563
BOCHEŃSKI,1924,baseline,813926507.405183,235848.44072989663,813690658.9644531
BORSZCZOWSKI,1924,baseline,561883592.4189851,95726.28500435715,561787866.1339808
BRASŁAWSKI,1924,baseline,536263500.0639329,31795.013036988348,536231705.0508959
BRODNICKI,1924,baseline,858231980.769321,206948.0404765919,858025032.7288444
BRODZKI,1924,baseline,619922075.0560243,119290.94693238642,619802784.1090919
BRZESKI (BRZESKO),1924,baseline,770334964.0464194,225449.44889217208,770109514.5975273
BRZESKI (BRZEŚĆ N.BUG.),1924,baseline,695272353.6585116,64933.06906339908,695207420.5894482
BRZEZIŃSKI,1924,baseline,888366228.6532695,536241.1585137718,887829987.4947557
BRZEŻAŃSKI,1924,baseline,615908485.5353929,123430.98118486902,615785054.554208
BRZOZOWSKI,1924,baseline,708138549.1258919,259823.47682281275,707878725.6490691
BUCZACKI,1924,baseline,588295553.3784384,108760.28595038241,588186793.0924879
BYDGOSKI,1924,baseline,916809845.7076072,410716.5809489509,916399129.1266582
BÓBRECKI,1924,baseline,628259815.7295697,202781.7452884875,628057033.9842812
BĘDZIŃSKI,1924,baseline,914362976.4218292,534276.0508091898,913828700.3710201
BŁOŃSKI,1924,baseline,843975795.9310739,445838.1590254794,843529957.7720485
CHEŁMIŃSKI,1924,baseline,876915180.2059308,248716.72078758525,876666463.4851432
CHEŁMSKI,1924,baseline,689638555.2591063,135764.99973657916,689502790.2593697
CHODZIESKI,1924,baseline,966382194.3621646,202438.15420610897,966179756.2079585
CHOJNICKI,1924,baseline,854107755.7187608,86213.99848642881,854021541.7202744
CHORZÓW,1924,baseline,1030005958.8106948,63566764.31493085,966439194.495764
CHRZANOWSKI,1924,baseline,903686341.2950249,738459.5680445005,902947881.7269803
CIECHANOWSKI,1924,baseline,797165278.4509835,282368.3247375543,796882910.126246
CIESZYŃSKI,1924,baseline,843830170.3563896,711976.1771098061,843118194.1792798
CZARNKOWSKI,1924,baseline,948583491.5038556,158713.01663649766,948424778.4872191
CZORTKOWSKI,1924,baseline,580395018.1192364,214635.19183696678,580180382.9273994
CZĘSTOCHOWSKI,1924,baseline,892723844.6506279,368465.0605223464,892355379.5901055
DOBROMILSKI,1924,baseline,684318772.6891066,148439.24526500228,684170333.4438416
DOLIŃSKI,1924,baseline,628932120.4507105,75510.81240293212,628856609.6383076
DROHICKI,1924,baseline,640307808.5368717,49054.885933124795,640258753.6509385
DROHOBYCKI,1924,baseline,659741683.8124647,330125.5484762076,659411558.2639885
DUBIEŃSKI,1924,baseline,597410931.8977501,70953.13569880543,597339978.7620513
DZIAŁDOWSKI,1924,baseline,810989229.2908833,95367.94629900096,810893861.3445843
DZIŚNIEŃSKI,1924,baseline,535601016.7671226,40584.93101134393,535560431.8361113
DĄBROWSKI,1924,baseline,769615658.3088585,163485.30691351715,769452173.001945
GARWOLIŃSKI,1924,baseline,775048558.149617,147870.53838019024,774900687.6112368
GNIEŹNIEŃSKI,1924,baseline,978383756.5331478,335546.76556542976,978048209.7675824
GORLICKI,1924,baseline,733877587.2889755,177665.27212647352,733699922.016849
GOSTYNIŃSKI,1924,baseline,870302457.6211648,281318.9825474956,870021138.6386173
GOSTYŃSKI,1924,baseline,1046099228.0840633,310463.2563260135,1045788764.8277373
GRODZIEŃSKI,1924,baseline,644323113.2889935,58495.205809705716,644264618.0831838
GRUDZIĄDZKI,1924,baseline,872927507.922935,399146.8036004164,872528361.1193346
GRÓDECKI,1924,baseline,649510975.649721,232850.27173430606,649278125.3779867
GRÓJECKI,1924,baseline,773248152.5599267,322652.7692729428,772925499.7906538
HOROCHOWSKI,1924,baseline,614441898.4296187,155744.3169010978,614286154.1127176
HORODEŃSKI,1924,baseline,574480907.2258078,141642.3184007034,574339264.907407
HRUBIESZOWSKI,1924,baseline,649493978.7587725,132919.24140821878,649361059.5173643
INOWROCŁAWSKI,1924,baseline,947775021.8427818,344508.4670724649,947430513.3757093
IWACEWICKI,1924,baseline,626854545.0788207,42096.02741692873,626812449.0514038
IŁŻECKI,1924,baseline,795980868.1348058,155612.97413187375,795825255.160674
JANOWSKI,1924,baseline,728010473.1588107,105119.68146497066,727905353.4773457
JAROCIŃSKI,1924,baseline,1000412606.5916998,258656.82680185625,1000153949.764898
JAROSŁAWSKI,1924,baseline,724078652.9039851,165601.5927918422,723913051.3111933
JASIELSKI,1924,baseline,725467745.1807258,212210.41301599247,725255534.7677099
JAWOROWSKI,1924,baseline,635166242.1159875,137376.9986049757,635028865.1173825
JĘDRZEJOWSKI,1924,baseline,856589649.7439678,166905.73232919254,856422744.0116385
KALISKI,1924,baseline,941932867.7259372,354618.12774708116,941578249.5981902
KAMIONECKI,1924,baseline,638701698.9901066,131178.57083594447,638570520.4192706
KARTUSKI,1924,baseline,811556955.0935427,89131.33884990236,811467823.7546928
KATOWICE,1924,baseline,965862736.94097,14336035.595019467,951526701.3459505
KAŁUSKI,1924,baseline,622329663.4808697,102440.01878771385,622227223.4620819
KIELECKI,1924,baseline,847333852.3411132,169680.66812593103,847164171.6729872
KOBRYŃSKI,1924,baseline,662989479.869817,47166.654170562404,662942313.2156465
KOLBUSZOWSKI,1924,baseline,753432514.0870297,139730.1165559244,753292783.9704738
KOLSKI,1924,baseline,929126705.4472488,291272.8787866309,928835432.5684621
KONECKI,1924,baseline,848510191.6773602,165458.193422432,848344733.4839377
KONIŃSKI,1924,baseline,946181961.0036144,192427.7833798915,945989533.2202345
KOPYCZYNIECKI,1924,baseline,581596049.014516,145706.51517813856,581450342.4993379
KOSOWSKI (KOSÓW HUCULSKI),1924,baseline,575379147.1755502,52378.07605725623,575326769.0994929
KOSTOPOLSKI,1924,baseline,582921194.2074854,38431.08865689279,582882763.1188285
KOSZYRSKI,1924,baseline,601850373.0874978,22709.601218674612,601827663.4862791
KOWELSKI,1924,baseline,642028453.9628145,33472.39964766842,641994981.5631667
KOZIENICKI,1924,baseline,764268567.6150539,107466.5821128058,764161101.0329411
KOŁOMYJSKI,1924,baseline,591368929.9548503,149059.0342207022,591219870.9206296
KOŚCIAŃSKI,1924,baseline,1103409392.475627,304330.6770118555,1103105061.798615
KOŚCIERSKI,1924,baseline,821182881.9771693,104635.52873842439,821078246.4484309
KRAKOWSKI,1924,baseline,852389423.1494515,3315188.589788544,849074234.5596629
KRAKÓW (MIASTO),1924,baseline,916822797.5699567,67394692.9323068,849428104.6376499
KRASNOSTAWSKI,1924,baseline,684366357.3930131,163973.48508751075,684202383.9079256
KROTOSZYŃSKI,1924,baseline,1000127479.4391209,332857.47861008893,999794621.9605108
KROŚNIEŃSKI,1924,baseline,712150574.574006,253254.7535971078,711897319.8204088
KRZEMIENIECKI,1924,baseline,585022061.4928889,66820.57549120818,584955240.9173977
KUTNOWSKI,1924,baseline,904676092.9673059,615876.6749415946,904060216.2923644
KĘPIŃSKI,1924,baseline,930145070.7565249,160490.4072519808,929984580.349273
LESKI,1924,baseline,658243694.2971594,82962.98736735966,658160731.309792
LESZCZYŃSKI,1924,baseline,1111997338.3214853,358451.72488850506,1111638886.5965967
LIDZKI,1924,baseline,606307621.7543067,41564.27821319504,606266057.4760935
LIMANOWSKI,1924,baseline,767273651.1434939,142673.64438376165,767130977.4991101
LIPNOWSKI,1924,baseline,709034575.2345866,154512.35618644435,708880062.8784002
LUBACZOWSKI,1924,baseline,629265098.4332676,116999.31420732544,629148099.1190603
LUBARTOWSKI,1924,baseline,715730708.77487,157776.30892060127,715572932.4659494
LUBAWSKI,1924,baseline,814918960.0809488,154825.41320240902,814764134.6677464
LUBELSKI,1924,baseline,730709651.8704739,326878.7993474224,730382773.0711265
LUBLINIECKI,1924,baseline,870107075.0098848,240135.66872826635,869866939.3411566
LUBOMELSKI,1924,baseline,662945758.1007975,49458.22343004028,662896299.8773675
LWOWSKI,1924,baseline,658948586.2056584,2718548.8373775715,656230037.3682809
LWÓW (MIASTO),1924,baseline,691603051.2906125,31617120.464153077,659985930.8264594
M. ST. WARSZAWA,1924,baseline,913233363.6120646,101026943.35317634,812206420.2588882
MAKOWSKI (MAKÓW MAZOWIECKI),1924,baseline,756624688.1326598,115086.39987074569,756509601.732789
MIECHOWSKI,1924,baseline,850525092.8168454,177960.76585632254,850347132.0509892
MIELECKI,1924,baseline,775580680.0329633,136948.52246598472,775443731.5104973
MIĘDZYCHODZKI,1924,baseline,1128735851.979877,181857.4323342811,1128553994.5475428
MIŃSKI,1924,baseline,780667763.4388913,317775.7235590224,780349987.7153323
MOGILEŃSKI,1924,baseline,960883414.9094208,229132.31134030002,960654282.5980805
MORSKI,1924,baseline,771424155.0290681,191081.5079292653,771233073.5211389
MOŁODECZAŃSKI,1924,baseline,566459927.2547731,76671.63661281095,566383255.6181604
MOŚCISKI,1924,baseline,689252899.3603504,169384.2983424469,689083515.0620079
MYŚLENICKI,1924,baseline,790464425.7776275,183387.2254126189,790281038.5522149
MŁAWSKI,1924,baseline,804734752.859133,171336.83885841438,804563416.0202746
NADWÓRNIAŃSKI,1924,baseline,590185255.7569308,79786.29638094612,590105469.4605498
NIESZAWSKI,1924,baseline,908541488.7054477,231134.80376198387,908310353.9016857
NIEŚWIESKI,1924,baseline,594153912.7201861,89274.01024073755,594064638.7099453
NIŻAŃSKI,1924,baseline,748883541.3273572,128436.29953253974,748755105.0278246
NOWOGRÓDZKI,1924,baseline,587705252.0654687,57276.74293935388,587647975.3225293
NOWOSĄDECKI,1924,baseline,749432973.4543937,170272.51819999545,749262700.9361937
NOWOTARSKI,1924,baseline,790450092.365712,132174.1959334855,790317918.1697786
NOWOTOMYSKI,1924,baseline,1178714167.1737638,317222.8830665309,1178396944.2906973
OBORNICKI,1924,baseline,1025156655.3341419,193202.36984695395,1024963452.9642949
OLKUSKI,1924,baseline,883815112.1224377,216436.7548658488,883598675.3675718
OPATOWSKI,1924,baseline,799514924.8495954,192330.85894646804,799322593.990649
OPOCZYŃSKI,1924,baseline,854706371.6081455,141456.70265656273,854564914.905489
OSTROWSKI (OSTRÓW MAZOWIECKA),1924,baseline,729043745.766566,103099.55039360159,728940646.2161725
OSTROWSKI (OSTRÓW WIELKOPOLSKI),1924,baseline,986862179.8857349,255170.4252933082,986607009.4604416
OSTROŁĘCKI,1924,baseline,717583129.1400006,86231.97803497512,717496897.1619656
OSZMIAŃSKI,1924,baseline,548570868.0624628,49694.6337629185,548521173.4286999
PIOTRKOWSKI,1924,baseline,886537069.4985917,228420.65561965396,886308648.842972
PIŃCZOWSKI,1924,baseline,823748793.253158,149748.0597769644,823599045.193381
PIŃSKI,1924,baseline,613612337.8692625,36456.518350126666,613575881.3509123
PODHAJECKI,1924,baseline,611285596.857606,93294.68426114239,611192302.173345
POSTAWSKI,1924,baseline,541710610.0263206,45181.37718051577,541665428.6491401
POZNAŃ (MIASTO),1924,baseline,1133764755.032608,35452166.14515112,1098312588.887457
POZNAŃSKI,1924,baseline,1079082051.1814063,997186.8796025174,1078084864.3018038
PRUŻAŃSKI,1924,baseline,652471225.3798203,65330.43432061988,652405894.9454998
PRZASNYCKI,1924,baseline,699131343.4453237,106443.53825520673,699024899.9070685
PRZEMYSKI,1924,baseline,708424102.0778422,301112.59158886183,708122989.4862534
PRZEMYŚLAŃSKI,1924,baseline,633098302.6900898,142547.8296121205,632955754.8604777
PRZEWORSKI,1924,baseline,729620695.125436,409217.01833193714,729211478.1071041
PSZCZYŃSKI,1924,baseline,931323336.3953298,743210.3367715933,930580126.0585582
PUŁAWSKI,1924,baseline,733625433.8847545,156518.87782277947,733468915.0069318
PUŁTUSKI,1924,baseline,768895404.3928066,186702.44963131507,768708701.9431753
PŁOCKI,1924,baseline,849476907.6528076,297162.6681283864,849179744.9846792
PŁOŃSKI,1924,baseline,760673933.4661831,188930.7113066609,760485002.7548764
RADOMSKI,1924,baseline,807017946.5397981,157142.61144319197,806860803.928355
RADOMSZCZAŃSKI,1924,baseline,892807904.203613,174140.176317178,892633764.0272958
RADZIECHOWSKI,1924,baseline,618665241.0948521,100900.86172797106,618564340.2331241
RADZYMIŃSKI,1924,baseline,779851750.5246005,400244.91093389614,779451505.6136667
RADZYŃSKI,1924,baseline,733038652.639964,132236.00022188202,732906416.6397421
RAWICKI,1924,baseline,1049242078.4888979,434500.93303573725,1048807577.5558622
RAWSKI (RAWA MAZOWIECKA),1924,baseline,850807514.9721452,166015.60332379368,850641499.3688214
RAWSKI (RAWA RUSKA),1924,baseline,646349485.7316363,113295.8060038992,646236189.9256324
ROHATYŃSKI,1924,baseline,614430730.6340722,130133.85555283107,614300596.7785194
ROPCZYCKI,1924,baseline,775679993.5400127,168976.25330812891,775511017.2867045
RUDECKI,1924,baseline,664564601.4907409,205164.63953786556,664359436.8512031
RYBNICKI,1924,baseline,886418738.0375147,615320.9924084628,885803417.0451062
RYPIŃSKI,1924,baseline,707344753.6187053,189433.69139147177,707155319.9273138
RZESZOWSKI,1924,baseline,740597516.4773225,259267.53107200592,740338248.9462504
RÓWIEŃSKI,1924,baseline,593025193.7781085,98855.73181979425,592926338.0462887
SAMBORSKI,1924,baseline,677538364.7210059,206191.79697013405,677332172.9240358
SANDOMIERSKI,1924,baseline,773664362.3680423,169216.34431611974,773495146.0237262
SANOCKI,1924,baseline,662959917.4255334,161039.71991533609,662798877.705618
SARNEŃSKI,1924,baseline,590717526.7041968,26432.309100803555,590691094.3950961
SIEDLECKI,1924,baseline,751712267.5529332,162481.43723560777,751549786.1156976
SIERADZKI,1924,baseline,935627417.6628671,248091.69966203067,935379325.963205
SIERPECKI,1924,baseline,723472172.5133432,185387.72847745987,723286784.7848657
SKAŁACKI,1924,baseline,587964586.0864692,135763.9384084492,587828822.1480607
SKIERNIEWICKI,1924,baseline,874245550.8834592,336702.8080828446,873908848.0753764
SOCHACZEWSKI,1924,baseline,841640073.4743863,264644.5253706585,841375428.9490156
SOKALSKI,1924,baseline,629667705.8558019,148264.50092791094,629519441.354874
SOKOŁOWSKI,1924,baseline,735920880.2955374,129157.26253399868,735791723.0330033
SOKÓLSKI,1924,baseline,663622767.4860588,65616.00407497333,663557151.4819839
STANISŁAWOWSKI,1924,baseline,610536967.0498185,230074.9856787105,610306892.0641398
STAROGARDZKI,1924,baseline,836779584.6013633,241171.3789313946,836538413.2224319
STOLIŃSKI,1924,baseline,575840029.9254363,18158.20821980077,575821871.7172165
STOPNICKI,1924,baseline,766250263.6066246,100028.89448161649,766150234.712143
STOŁPECKI,1924,baseline,582208163.1816046,65183.66320204186,582142979.5184026
STRYJSKI,1924,baseline,646655097.5188625,127365.36836329686,646527732.1504992
SUWALSKI,1924,baseline,608572317.6428734,79281.95608247866,608493035.686791
SZAMOTULSKI,1924,baseline,1066377274.3976415,216179.4089447169,1066161094.9886968
SZCZUCZYŃSKI (WOJ. BIAŁOSTOCKIE),1924,baseline,649793806.1982878,91494.18919978742,649702312.009088
SZCZUCZYŃSKI (WOJ. NOWOGRÓDZKIE),1924,baseline,626348992.3449345,43075.06301798925,626305917.2819165
SZUBIŃSKI,1924,baseline,942137445.0836517,182354.21992195345,941955090.8637297
SĘPOLEŃSKI,1924,baseline,892403676.3967694,252663.19159930793,892151013.2051702
SŁONIMSKI,1924,baseline,624763826.4910258,48197.18907467246,624715629.3019512
TARNOBRZESKI,1924,baseline,769775591.8589451,157873.96905043712,769617717.8898947
TARNOGÓRSKI,1924,baseline,931237877.8104296,1848385.7252149144,929389492.0852146
TARNOPOLSKI,1924,baseline,603638212.5644349,158122.6395329237,603480089.924902
TARNOWSKI,1924,baseline,781357511.1227903,304873.0949907497,781052638.0277996
TCZEWSKI,1924,baseline,824041834.9374582,353002.2954060877,823688832.642052
TOMASZOWSKI,1924,baseline,636771194.5604955,116733.00597559105,636654461.5545199
TORUŃSKI,1924,baseline,919407690.3705432,388949.9948655331,919018740.3756777
TREMBOWELSKI,1924,baseline,592346812.9938186,135749.29023969598,592211063.703579
TUCHOLSKI,1924,baseline,862808601.1984253,142915.99042074062,862665685.2080046
TURCZAŃSKI,1924,baseline,653334678.2384363,88988.983363372,653245689.255073
TURECKI,1924,baseline,890406804.2800996,147206.98171718174,890259597.2983824
TŁUMACKI,1924,baseline,600935831.7101978,169853.2047370746,600765978.5054607
WADOWICKI,1924,baseline,848658379.2153244,310411.82304428564,848347967.3922801
WARSZAWSKI,1924,baseline,809351614.2200572,1644609.138046915,807707005.0820104
WIELUŃSKI,1924,baseline,847915019.0013627,96323.80724866306,847818695.194114
WILEJSKI,1924,baseline,560080512.2250528,49141.98785886922,560031370.237194
WILEŃSKO-TROCKI,1924,baseline,584635003.8218554,110223.34093402127,584524780.4809214
WILNO (MIASTO),1924,baseline,599866791.9503694,9698425.177935626,590168366.7724338
WOLSZTYŃSKI,1924,baseline,1208346994.1660151,214135.5466172674,1208132858.6193979
WOŁKOWYSKI,1924,baseline,654663476.1224726,48880.66198077603,654614595.4604919
WOŁOŻYŃSKI,1924,baseline,566846904.6889899,56942.152026008545,566789962.5369638
WRZESIŃSKI,1924,baseline,991950284.6284319,288270.86554254376,991662013.7628894
WYRZYSKI,1924,baseline,910420797.7654362,212743.8965354398,910208053.8689008
WYSOKOMAZOWIECKI,1924,baseline,695329608.141195,102932.550510111,695226675.5906849
WĄBRZESKI,1924,baseline,885295290.6268404,225102.28118114147,885070188.3456593
WĄGROWIECKI,1924,baseline,939920130.4330536,162238.030190118,939757892.4028635
WĘGROWSKI,1924,baseline,725710550.7953175,123234.16429990024,725587316.6310177
WŁOCŁAWSKI,1924,baseline,906967116.9937421,438082.23338096746,906529034.7603612
WŁODAWSKI,1924,baseline,669063198.7294234,73086.92014402134,668990111.8092794
WŁODZIMIERSKI,1924,baseline,633650895.6809889,82808.07832407535,633568087.6026648
WŁOSZCZOWSKI,1924,baseline,821431855.9155682,106310.93291732098,821325544.9826509
ZALESZCZYCKI,1924,baseline,570228063.7331935,134328.40925540592,570093735.3239381
ZAMOJSKI,1924,baseline,674710918.9095362,189646.6992229068,674521272.2103133
ZBARASKI,1924,baseline,594956557.7240281,156768.31619126917,594799789.4078368
ZBOROWSKI,1924,baseline,616373487.0405949,125328.31383803209,616248158.7267569
ZDOŁBUNOWSKI,1924,baseline,585348925.5800534,125937.83067235159,585222987.7493811
ZŁOCZOWSKI,1924,baseline,626042876.0189978,120210.18664008938,625922665.8323576
ŁASKI,1924,baseline,913020969.0954025,264933.8211326727,912756035.2742698
ŁAŃCUCKI,1924,baseline,732350116.3517985,205093.81832780258,732145022.5334707
ŁOMŻYŃSKI,1924,baseline,699524692.4812026,97600.67966153072,699427091.8015411
ŁOWICKI,1924,baseline,882624447.0366853,327299.26816412655,882297147.7685212
ŁUCKI,1924,baseline,613929157.9083512,41850.05889863455,613887307.8494525
ŁUKOWSKI,1924,baseline,745758298.2632864,122717.12608737731,745635581.1371989
ŁUNINIECKI,1924,baseline,587747726.9689759,31819.78497688077,587715907.1839991
ŁÓDZKI,1924,baseline,907093894.6708581,846533.4537343784,906247361.2171237
ŁÓDŹ (MIASTO),1924,baseline,1011740970.0927877,110091974.66167498,901648995.4311128
ŁĘCZYCKI,1924,baseline,886820651.2893968,248392.56967852372,886572258.7197182
ŚNIATYŃSKI,1924,baseline,577422444.7971548,232542.24669322497,577189902.5504615
ŚREDZKI,1924,baseline,1035999344.2114902,269620.3936833237,1035729723.8178068
ŚREMSKI,1924,baseline,1034371540.225054,192017.12807958943,1034179523.0969745
ŚWIECKI,1924,baseline,876780292.4455028,159515.2624693624,876620777.1830333
ŚWIĘCIAŃSKI,1924,baseline,560581967.2135884,43839.40536803787,560538127.8082203
ŚWIĘTOCHŁOWICKI,1924,baseline,974754478.9227433,17218566.95456118,957535911.9681821
ŻNIŃSKI,1924,baseline,965224974.7312276,244415.23132004932,964980559.4999076
ŻYDACZOWSKI,1924,baseline,628084015.5110344,136655.08402993067,627947360.4270045
ŻYWIECKI,1924,baseline,851906436.4459782,304059.91212165647,851602376.5338565
ŻÓŁKIEWSKI,1924,baseline,644222982.633636,216858.56259897462,644006124.071037
AUGUSTOWSKI,1925,baseline,685279602.2350357,65702.28303858762,685213899.951997
BARANOWICKI,1925,baseline,658638868.1776587,46609.87411861276,658592258.3035401
BIALSKI (BIAŁA KRAKOWSKA),1925,baseline,975060983.7805543,902754.4545906646,974158229.3259636
BIALSKI (BIAŁA PODLASKA),1925,baseline,793306077.4903548,131825.0497457071,793174252.4406091
BIAŁOSTOCKI,1925,baseline,760796263.4131762,161762.42397974787,760634500.9891964
BIELSKI (BIELSK PODLASKI),1925,baseline,759037520.8061708,57102.611899088355,758980418.1942717
BIELSKO,1925,baseline,974590309.8897976,3559203.5233056974,971031106.3664919
BIŁGORAJSKI,1925,baseline,726788561.6108671,90917.33974877618,726697644.2711184
BOCHEŃSKI,1925,baseline,902891246.7429733,242783.14686514303,902648463.5961082
BORSZCZOWSKI,1925,baseline,623017736.579897,125427.40494967718,622892309.1749474
BRASŁAWSKI,1925,baseline,594496024.4929087,27987.402715568664,594468037.0901932
BRODNICKI,1925,baseline,954811529.1329212,228131.8989180241,954583397.2340032
BRODZKI,1925,baseline,687346588.1557379,135240.92425338633,687211347.2314845
BRZESKI (BRZESKO),1925,baseline,854494043.6867467,231123.36486394203,854262920.3218827
BRZESKI (BRZEŚĆ N.BUG.),1925,baseline,770766089.7291757,74801.24629037648,770691288.4828854
BRZEZIŃSKI,1925,baseline,987675256.0323297,523156.1665012859,987152099.8658284
BRZEŻAŃSKI,1925,baseline,682905059.278068,149332.51222787594,682755726.76584
BRZOZOWSKI,1925,baseline,785368806.7168729,249267.83306932187,785119538.8838036
BUCZACKI,1925,baseline,652302257.7793082,137688.46404644987,652164569.3152617
BYDGOSKI,1925,baseline,1019895759.4907271,281586.5626765557,1019614172.9280505
BÓBRECKI,1925,baseline,696590248.1784749,206309.63714153835,696383938.5413333
BĘDZIŃSKI,1925,baseline,1014843781.7594994,903876.4236022213,1013939905.3358972
BŁOŃSKI,1925,baseline,935844002.416719,481979.98552580667,935362022.4311931
CHEŁMIŃSKI,1925,baseline,975782487.6029664,272040.1602320045,975510447.4427345
CHEŁMSKI,1925,baseline,764535119.6224097,158038.40249622802,764377081.2199135
CHODZIESKI,1925,baseline,1074624261.4595606,211057.77164271357,1074413203.687918
CHOJNICKI,1925,baseline,949256630.3595096,95622.04665224682,949161008.3128574
CHORZÓW,1925,baseline,1133761366.708634,61403948.96490375,1072357417.7437301
CHRZANOWSKI,1925,baseline,1002483340.7199057,734044.6552140156,1001749296.0646917
CIECHANOWSKI,1925,baseline,883410083.200429,296752.8738397736,883113330.3265892
CIESZYŃSKI,1925,baseline,936008554.7973824,680809.7360913669,935327745.061291
CZARNKOWSKI,1925,baseline,1052122550.0809965,176838.8510507975,1051945711.2299457
CZORTKOWSKI,1925,baseline,643524797.9267086,240759.93323584367,643284037.9934727
CZĘSTOCHOWSKI,1925,baseline,990982328.7337871,305577.1431093055,990676751.5906777
DOBROMILSKI,1925,baseline,758955728.9334551,148435.1502667936,758807293.7831883
DOLIŃSKI,1925,baseline,697484605.6285626,79980.78656233057,697404624.8420002
DROHICKI,1925,baseline,709835873.476201,51313.96174649079,709784559.5144546
DROHOBYCKI,1925,baseline,731637515.2392719,303105.7329538321,731334409.5063181
DUBIEŃSKI,1925,baseline,662364858.2736608,79990.61634651962,662284867.6573143
DZIAŁDOWSKI,1925,baseline,898834335.3862593,91787.88044717918,898742547.5058122
DZIŚNIEŃSKI,1925,baseline,593776245.5898874,38113.68362065795,593738131.9062667
DĄBROWSKI,1925,baseline,853687900.5509958,168794.36199701965,853519106.1889988
GARWOLIŃSKI,1925,baseline,859111706.4211491,156926.78069122313,858954779.6404579
GNIEŹNIEŃSKI,1925,baseline,1088702248.2739956,358566.0335947951,1088343682.2404008
GORLICKI,1925,baseline,814023598.1229235,185549.94476246028,813838048.178161
GOSTYNIŃSKI,1925,baseline,967155019.88379,285362.7335195971,966869657.1502705
GOSTYŃSKI,1925,baseline,1160099778.4934797,344653.5394298414,1159755124.9540498
GRODZIEŃSKI,1925,baseline,714208915.7618395,57984.0372573675,714150931.7245822
GRUDZIĄDZKI,1925,baseline,970979247.5265831,456655.6440499714,970522591.8825331
GRÓDECKI,1925,baseline,720177978.5806605,231857.98051177873,719946120.6001487
GRÓJECKI,1925,baseline,857284072.7804165,327151.3407416608,856956921.4396749
HOROCHOWSKI,1925,baseline,681258066.477329,152857.66710276212,681105208.8102262
HORODEŃSKI,1925,baseline,636988899.6777774,175305.9415574175,636813593.73622
HRUBIESZOWSKI,1925,baseline,720014896.80314,126633.3635254598,719888263.4396145
INOWROCŁAWSKI,1925,baseline,1054856635.9678912,369270.30920795555,1054487365.6586833
IWACEWICKI,1925,baseline,694939023.6007681,42748.707515554874,694896274.8932525
IŁŻECKI,1925,baseline,882909855.2543719,145137.00285329277,882764718.2515186
JANOWSKI,1925,baseline,807132325.0562856,125509.69993860683,807006815.356347
JAROCIŃSKI,1925,baseline,1109332385.5380547,302690.8907329176,1109029694.6473217
JAROSŁAWSKI,1925,baseline,803071640.5743054,182964.535467451,802888676.0388379
JASIELSKI,1925,baseline,804682570.6074127,225450.33269582278,804457120.2747169
JAWOROWSKI,1925,baseline,704233343.2558323,139778.2390559523,704093565.0167763
JĘDRZEJOWSKI,1925,baseline,950196054.98434,171012.97043176592,950025042.0139081
KALISKI,1925,baseline,1044792905.056199,422380.7470269971,1044370524.3091719
KAMIONECKI,1925,baseline,708170351.6771814,146032.40582479854,708024319.2713566
KARTUSKI,1925,baseline,899569673.1627487,100143.1531439372,899469530.0096048
KATOWICE,1925,baseline,1069544336.9401789,13902047.903244743,1055642289.0369341
KAŁUSKI,1925,baseline,690111434.6527382,116389.21370594008,689995045.4390323
KIELECKI,1925,baseline,939924777.5277642,167209.6458738244,939757567.8818904
KOBRYŃSKI,1925,baseline,734949318.8686568,52216.96033722347,734897101.9083195
KOLBUSZOWSKI,1925,baseline,835697346.7070172,144248.17715192703,835553098.5298653
KOLSKI,1925,baseline,1036651356.9503777,335381.2902446203,1036315975.6601331
KONECKI,1925,baseline,941187857.3218321,142335.700310849,941045521.6215212
KONIŃSKI,1925,baseline,1054829417.4578667,204094.29976418783,1054625323.1581025
KOPYCZYNIECKI,1925,baseline,644852950.6231711,169187.6280845008,644683762.9950866
KOSOWSKI (KOSÓW HUCULSKI),1925,baseline,637951708.3686246,50302.7004365132,637901405.6681881
KOSTOPOLSKI,1925,baseline,646268803.216116,42017.50794389152,646226785.7081721
KOSZYRSKI,1925,baseline,667247048.6126704,31811.694424587266,667215236.9182458
KOWELSKI,1925,baseline,711753144.8057593,38669.662563297316,711714475.143196
KOZIENICKI,1925,baseline,847247860.3977314,110477.17261162403,847137383.2251198
KOŁOMYJSKI,1925,baseline,655701857.249429,175736.90748788512,655526120.3419411
KOŚCIAŃSKI,1925,baseline,1223718780.1884396,343205.2566844937,1223375574.931755
KOŚCIERSKI,1925,baseline,911296290.1246737,132669.5912307878,911163620.533443
KRAKOWSKI,1925,baseline,945150257.0593249,3228275.1247596503,941921981.9345652
KRAKÓW (MIASTO),1925,baseline,1008130785.0434134,65819889.13030024,942310895.9131131
KRASNOSTAWSKI,1925,baseline,758677315.8767778,170736.616505555,758506579.2602723
KROTOSZYŃSKI,1925,baseline,1109135713.7533698,348376.4016396637,1108787337.35173
KROŚNIEŃSKI,1925,baseline,789943033.1913664,306836.3833823219,789636196.8079841
KRZEMIENIECKI,1925,baseline,648639107.6054692,82259.96095799972,648556847.6445112
KUTNOWSKI,1925,baseline,1005669792.1640985,720667.4837161552,1004949124.6803824
KĘPIŃSKI,1925,baseline,1031504115.1882075,180915.95489293625,1031323199.2333145
LESKI,1925,baseline,730024864.9119114,80586.39842218028,729944278.5134892
LESZCZYŃSKI,1925,baseline,1233299053.870562,359622.804197847,1232939431.0663643
LIDZKI,1925,baseline,672147761.0148883,47545.26389352192,672100215.7509948
LIMANOWSKI,1925,baseline,851097286.2856973,146227.82519121244,850951058.4605061
LIPNOWSKI,1925,baseline,786036829.1129252,178555.70490235928,785858273.4080228
LUBACZOWSKI,1925,baseline,697627969.3106053,116885.07232598471,697511084.2382793
LUBARTOWSKI,1925,baseline,793455257.7036841,182087.284826806,793273170.4188573
LUBAWSKI,1925,baseline,906075445.2891843,210467.73388044597,905864977.5553039
LUBELSKI,1925,baseline,810030113.1962619,343284.01578983385,809686829.180472
LUBLINIECKI,1925,baseline,968215976.7934043,236167.06015923276,967979809.7332451
LUBOMELSKI,1925,baseline,734937650.230051,57018.73661229849,734880631.4934387
LWOWSKI,1925,baseline,730316905.2645271,2712772.114596663,727604133.1499305
LWÓW (MIASTO),1925,baseline,763179005.9073651,31412386.15766047,731766619.7497046
M. ST. WARSZAWA,1925,baseline,999864865.7366419,99384106.97928369,900480758.7573582
MAKOWSKI (MAKÓW MAZOWIECKI),1925,baseline,844546622.5230203,131246.05815863764,844415376.4648616
MIECHOWSKI,1925,baseline,943500063.0369377,183780.99355787865,943316282.0433798
MIELECKI,1925,baseline,860293599.3437315,145988.05720220628,860147611.2865293
MIĘDZYCHODZKI,1925,baseline,1252490940.9888864,190624.81495784147,1252300316.1739285
MIŃSKI,1925,baseline,865285862.8942046,331148.0921399846,864954714.8020647
MOGILEŃSKI,1925,baseline,1069378121.4242165,264181.6156384368,1069113939.808578
MORSKI,1925,baseline,855344228.1023304,188320.47300952367,855155907.629321
MOŁODECZAŃSKI,1925,baseline,627970643.6269155,65116.7540201741,627905526.8728952
MOŚCISKI,1925,baseline,764401716.5382525,171588.62219464066,764230127.9160578
MYŚLENICKI,1925,baseline,876901168.5240803,222383.72448356575,876678784.7995967
MŁAWSKI,1925,baseline,891699757.3087281,185050.59938205016,891514706.709346
NADWÓRNIAŃSKI,1925,baseline,654375329.9184158,82059.56941173726,654293270.349004
NIESZAWSKI,1925,baseline,1012513424.0619028,257792.7140519341,1012255631.3478508
NIEŚWIESKI,1925,baseline,658689418.6671532,93526.25625063502,658595892.4109026
NIŻAŃSKI,1925,baseline,830582769.4229999,131975.14137176727,830450794.2816281
NOWOGRÓDZKI,1925,baseline,651528736.7653022,62360.35330131831,651466376.4120009
NOWOSĄDECKI,1925,baseline,831246382.6516747,165036.05811075133,831081346.593564
NOWOTARSKI,1925,baseline,876737869.8036053,133749.33985886935,876604120.4637464
NOWOTOMYSKI,1925,baseline,1307394870.4139342,308947.02593412064,1307085923.388
OBORNICKI,1925,baseline,1137318719.6263492,201251.37552971247,1137117468.2508194
OLKUSKI,1925,baseline,980464283.3694125,217277.09500592988,980247006.2744066
OPATOWSKI,1925,baseline,886827419.3702474,187232.10944866037,886640187.2607987
OPOCZYŃSKI,1925,baseline,948077149.9830852,146528.59619687707,947930621.3868883
OSTROWSKI (OSTRÓW MAZOWIECKA),1925,baseline,808110643.4965216,115894.74330044742,807994748.7532212
OSTROWSKI (OSTRÓW WIELKOPOLSKI),1925,baseline,1094443114.5014908,287136.0016331145,1094155978.4998577
OSTROŁĘCKI,1925,baseline,795421081.2350185,94787.09601286238,795326294.1390057
OSZMIAŃSKI,1925,baseline,608152423.7731967,55655.17847108529,608096768.5947256
PIOTRKOWSKI,1925,baseline,983895418.8055648,216287.09150229156,983679131.7140625
PIŃCZOWSKI,1925,baseline,898729131.3008506,161300.74993152826,898567830.550919
PIŃSKI,1925,baseline,680250981.8035477,36992.603523486105,680213989.2000242
PODHAJECKI,1925,baseline,677780363.7999065,116437.23485370164,677663926.5650527
POSTAWSKI,1925,baseline,600522935.2479733,39585.660432462886,600483349.5875409
POZNAŃ (MIASTO),1925,baseline,1247627877.0585656,29065884.720377944,1218561992.3381877
POZNAŃSKI,1925,baseline,1197275291.2680864,860252.9365044767,1196415038.331582
PRUŻAŃSKI,1925,baseline,723321219.102832,58449.429395876985,723262769.673436
PRZASNYCKI,1925,baseline,775664550.1162546,118455.52153743386,775546094.5947171
PRZEMYSKI,1925,baseline,785690778.3201642,307108.2364232205,785383670.083741
PRZEMYŚLAŃSKI,1925,baseline,701948357.8564821,158180.30047299727,701790177.5560092
PRZEWORSKI,1925,baseline,809209647.1438779,418571.4347947838,808791075.7090831
PSZCZYŃSKI,1925,baseline,1033144583.6961421,751165.6100379536,1032393418.0861042
PUŁAWSKI,1925,baseline,813292218.8432578,170501.84605695913,813121716.9972008
PUŁTUSKI,1925,baseline,853197565.6833731,193326.16818836625,853004239.5151848
PŁOCKI,1925,baseline,943901580.857146,335145.4631009349,943566435.3940451
PŁOŃSKI,1925,baseline,843124502.8280042,196808.11978227453,842927694.7082219
RADOMSKI,1925,baseline,894791163.0611737,162472.45609644,894628690.6050773
RADOMSZCZAŃSKI,1925,baseline,990982174.077744,165229.6421885162,990816944.4355555
RADZIECHOWSKI,1925,baseline,685950139.0804441,110575.28229475107,685839563.7981493
RADZYMIŃSKI,1925,baseline,864443280.8207008,408418.35096400324,864034862.4697368
RADZYŃSKI,1925,baseline,812596966.7274452,147114.18279089718,812449852.5446544
RAWICKI,1925,baseline,1163705848.6288917,442295.1716574679,1163263553.4572341
RAWSKI (RAWA MAZOWIECKA),1925,baseline,943624792.4002934,183972.56830764608,943440819.8319857
RAWSKI (RAWA RUSKA),1925,baseline,716571757.2819321,114643.67725876892,716457113.6046734
ROHATYŃSKI,1925,baseline,681261344.7051685,150573.63132931347,681110771.0738392
ROPCZYCKI,1925,baseline,860411848.0196934,173921.71107590018,860237926.3086175
RUDECKI,1925,baseline,737024076.0127499,200671.9540794322,736823404.0586705
RYBNICKI,1925,baseline,983351753.415493,638426.2174585803,982713327.1980344
RYPIŃSKI,1925,baseline,784082142.1043572,214178.64821124467,783867963.456146
RZESZOWSKI,1925,baseline,821453873.134563,245096.5485847564,821208776.5859783
RÓWIEŃSKI,1925,baseline,657497700.4090849,104074.4612113801,657393625.9478736
SAMBORSKI,1925,baseline,751410389.2378275,195639.69854397417,751214749.5392835
SANDOMIERSKI,1925,baseline,858156852.1359221,174497.06013425303,857982355.0757878
SANOCKI,1925,baseline,735275487.3286451,158227.33360068765,735117259.9950445
SARNEŃSKI,1925,baseline,654865490.1961919,27557.71431377758,654837932.4818782
SIEDLECKI,1925,baseline,833239784.7807192,175188.906385569,833064595.8743336
SIERADZKI,1925,baseline,1038522130.0152893,245661.86522937228,1038276468.1500599
SIERPECKI,1925,baseline,802009827.1197872,189841.19467731987,801819985.9251099
SKAŁACKI,1925,baseline,651912459.6151867,153222.68221844162,651759236.9329683
SKIERNIEWICKI,1925,baseline,969452267.5646951,343911.5918731215,969108355.972822
SOCHACZEWSKI,1925,baseline,933344466.7226158,278371.9107347385,933066094.8118811
SOKALSKI,1925,baseline,698077620.4596014,140592.1089248578,697937028.3506765
SOKOŁOWSKI,1925,baseline,815785977.2929746,156901.34680585613,815629075.9461688
SOKÓLSKI,1925,baseline,735626538.0775129,74703.91328656001,735551834.1642263
STANISŁAWOWSKI,1925,baseline,676933712.1882324,244405.91592276402,676689306.2723097
STAROGARDZKI,1925,baseline,929037674.0243912,239365.18684719203,928798308.837544
STOLIŃSKI,1925,baseline,638394841.6156904,20205.78925931249,638374635.826431
STOPNICKI,1925,baseline,849092671.0745642,105620.25035046921,848987050.8242137
STOŁPECKI,1925,baseline,645464114.3192699,76659.5017762878,645387454.8174936
STRYJSKI,1925,baseline,717167386.9200506,139089.85196992202,717028297.0680807
SUWALSKI,1925,baseline,674638206.5523603,92893.43655581349,674545313.1158044
SZAMOTULSKI,1925,baseline,1183063566.7351754,232728.07848271006,1182830838.6566927
SZCZUCZYŃSKI (WOJ. BIAŁOSTOCKIE),1925,baseline,720300850.7510437,87743.30978336942,720213107.4412603
SZCZUCZYŃSKI (WOJ. NOWOGRÓDZKIE),1925,baseline,694351455.303617,48694.347218938914,694302760.956398
SZUBIŃSKI,1925,baseline,1048159478.9890622,192403.561324429,1047967075.4277377
SĘPOLEŃSKI,1925,baseline,992234814.3779993,246506.899594482,991988307.4784049
SŁONIMSKI,1925,baseline,692596689.1264708,56215.46296129682,692540473.6635095
TARNOBRZESKI,1925,baseline,853802048.9853404,153001.23453017938,853649047.7508101
TARNOGÓRSKI,1925,baseline,1036104853.9995419,1790873.3118027884,1034313980.6877391
TARNOPOLSKI,1925,baseline,669287548.9960822,169988.0223032122,669117560.973779
TARNOWSKI,1925,baseline,866723072.9338593,304194.90759136225,866418878.026268
TCZEWSKI,1925,baseline,914799139.3956059,379852.9145544351,914419286.4810514
TOMASZOWSKI,1925,baseline,705962179.1286495,145077.76501646667,705817101.363633
TORUŃSKI,1925,baseline,1023666049.2404115,435421.7711306305,1023230627.4692808
TREMBOWELSKI,1925,baseline,656791399.5078956,173374.08399107106,656618025.4239045
TUCHOLSKI,1925,baseline,959208303.5941783,173433.33714737854,959034870.257031
TURCZAŃSKI,1925,baseline,724577222.2430769,89047.89175528768,724488174.3513216
TURECKI,1925,baseline,987627836.2863779,159470.28648544603,987468365.9998925
TŁUMACKI,1925,baseline,666288443.1123333,179208.05741021346,666109235.054923
WADOWICKI,1925,baseline,941438681.6046684,318344.4533256681,941120337.1513427
WARSZAWSKI,1925,baseline,897218245.8414016,1671506.6617934878,895546739.1796081
WIELUŃSKI,1925,baseline,940267340.8205123,100466.82286143486,940166873.9976509
WILEJSKI,1925,baseline,620906617.1935176,47949.84772025852,620858667.3457973
WILEŃSKO-TROCKI,1925,baseline,648270697.0910679,112142.83613358556,648158554.2549343
WILNO (MIASTO),1925,baseline,663476989.3568299,9238419.33443641,654238570.0223935
WOLSZTYŃSKI,1925,baseline,1340304970.6903877,232112.69767297336,1340072857.9927146
WOŁKOWYSKI,1925,baseline,725725837.9730006,52331.61580649899,725673506.3571942
WOŁOŻYŃSKI,1925,baseline,628418399.0113881,70528.90172238126,628347870.1096656
WRZESIŃSKI,1925,baseline,1104681354.0441642,306180.95837478933,1104375173.0857894
WYRZYSKI,1925,baseline,1012884536.0416744,224223.44417500964,1012660312.5974994
WYSOKOMAZOWIECKI,1925,baseline,770792771.918208,114555.70235123127,770678216.2158568
WĄBRZESKI,1925,baseline,985260244.8972167,241157.69191316862,985019087.2053035
WĄGROWIECKI,1925,baseline,1046113901.5228834,176134.90203898284,1045937766.6208445
WĘGROWSKI,1925,baseline,804455419.0882133,139754.88262947064,804315664.2055838
WŁOCŁAWSKI,1925,baseline,1011147357.8511865,490203.93590956595,1010657153.915277
WŁODAWSKI,1925,baseline,741606192.5529802,82929.4418181982,741523263.111162
WŁODZIMIERSKI,1925,baseline,702481063.3491975,93076.21342280385,702387987.1357747
WŁOSZCZOWSKI,1925,baseline,911694667.9327034,111093.1330222853,911583574.7996811
ZALESZCZYCKI,1925,baseline,632261128.9056777,161341.57768769164,632099787.3279899
ZAMOJSKI,1925,baseline,747969637.2853076,200079.8793428426,747769557.4059649
ZBARASKI,1925,baseline,659673100.6034753,185463.20547363794,659487637.3980017
ZBOROWSKI,1925,baseline,683413367.5733764,152473.96724417034,683260893.6061323
ZDOŁBUNOWSKI,1925,baseline,648972680.1832256,148895.15330083756,648823785.0299248
ZŁOCZOWSKI,1925,baseline,694131065.1122504,130289.09919311319,694000776.0130574
ŁASKI,1925,baseline,1014040476.0296644,246534.62659815876,1013793941.4030663
ŁAŃCUCKI,1925,baseline,812226434.8581114,191252.25246786533,812035182.6056435
ŁOMŻYŃSKI,1925,baseline,775406711.0695484,107916.82710221632,775298794.2424462
ŁOWICKI,1925,baseline,978643540.0925761,327032.3876386755,978316507.7049375
ŁUCKI,1925,baseline,680619047.6754224,49456.19642237391,680569591.4790001
ŁUKOWSKI,1925,baseline,826698030.0100478,142548.87480009822,826555481.1352477
ŁUNINIECKI,1925,baseline,651558530.4915111,31266.86406567224,651527263.6274455
ŁÓDZKI,1925,baseline,1007539455.6811329,726784.8868462192,1006812670.7942867
ŁÓDŹ (MIASTO),1925,baseline,1083757465.7583992,82142838.10975541,1001614627.6486439
ŁĘCZYCKI,1925,baseline,1005467360.3134282,332700.7068234379,1005134659.6066047
ŚNIATYŃSKI,1925,baseline,640228687.9882804,254762.03851929778,639973925.9497612
ŚREDZKI,1925,baseline,1149035436.8768327,266677.363296338,1148768759.5135365
ŚREMSKI,1925,baseline,1147105106.1306617,196601.30271268685,1146908504.827949
ŚWIECKI,1925,baseline,974553349.4916431,169663.18896496747,974383686.3026781
ŚWIĘCIAŃSKI,1925,baseline,621449344.5792543,46833.51041717138,621402511.068837
ŚWIĘTOCHŁOWICKI,1925,baseline,1079420114.5831168,17039962.899860915,1062380151.6832559
ŻNIŃSKI,1925,baseline,1074215743.3552494,231876.49704159793,1073983866.8582077
ŻYDACZOWSKI,1925,baseline,696393697.6155354,152157.70805268048,696241539.9074827
ŻYWIECKI,1925,baseline,945040444.6050556,305908.68306685105,944734535.9219887
ŻÓŁKIEWSKI,1925,baseline,714220578.2080171,207924.46487289367,714012653.7431443
AUGUSTOWSKI,1926,baseline,702843806.1484962,70337.50294387403,702773468.6455523
BARANOWICKI,1926,baseline,675636996.2179335,45505.815348212716,675591490.4025853
BIALSKI (BIAŁA KRAKOWSKA),1926,baseline,1073641470.2419753,797197.412887036,1072844272.8290883
BIALSKI (BIAŁA PODLASKA),1926,baseline,813643738.567164,141632.2253401779,813502106.3418238
BIAŁOSTOCKI,1926,baseline,780229366.5637109,148035.8616903195,780081330.7020206
BIELSKI (BIELSK PODLASKI),1926,baseline,778437396.2950978,59901.89961406331,778377494.3954837
BIELSKO,1926,baseline,1072341059.4555504,2870777.0343270563,1069470282.4212234
BIŁGORAJSKI,1926,baseline,745454687.51567,107539.83923398732,745347147.676436
BOCHEŃSKI,1926,baseline,982157696.3103486,232361.0428438391,981925335.2675048
BORSZCZOWSKI,1926,baseline,639091841.7365645,140188.36764629715,638951653.3689182
BRASŁAWSKI,1926,baseline,609748691.670499,28565.347969142887,609720126.3225298
BRODNICKI,1926,baseline,979127384.4871893,229823.74792455917,978897560.7392647
BRODZKI,1926,baseline,705058084.227355,135477.21258432302,704922607.0147706
BRZESKI (BRZESKO),1926,baseline,917675122.3321345,221005.0402604362,917454117.291874
BRZESKI (BRZEŚĆ N.BUG.),1926,baseline,790529555.6019973,79316.50619991851,790450239.0957973
BRZEZIŃSKI,1926,baseline,1012821536.4029795,440783.76747400133,1012380752.6355054
BRZEŻAŃSKI,1926,baseline,700504666.8277025,153412.95245387996,700351253.8752487
BRZOZOWSKI,1926,baseline,807149679.636687,231852.7371790004,806917826.899508
BUCZACKI,1926,baseline,669126839.1464765,147825.8623850392,668979013.2840915
BYDGOSKI,1926,baseline,1059870115.0265782,292641.971294594,1059577473.0552835
BÓBRECKI,1926,baseline,714547290.6706665,195333.15124825487,714351957.5194182
BĘDZIŃSKI,1926,baseline,1120291471.7224936,756545.0411645357,1119534926.681329
BŁOŃSKI,1926,baseline,959705854.0704912,426691.25478792173,959279162.8157033
CHEŁMIŃSKI,1926,baseline,1000647781.1967272,254688.54435177404,1000393092.6523753
CHEŁMSKI,1926,baseline,784143978.0066447,162794.60559746984,783981183.4010472
CHODZIESKI,1926,baseline,1133636665.1217594,210079.38140679954,1133426585.7403526
CHOJNICKI,1926,baseline,990010628.1808285,93417.82685217273,989917210.3539762
CHORZÓW,1926,baseline,1245654100.3825505,52652626.78180606,1193001473.6007445
CHRZANOWSKI,1926,baseline,1094514254.1754694,659232.1642714689,1093855022.011198
CIECHANOWSKI,1926,baseline,905613840.7284836,269096.37367684965,905344744.3548067
CIESZYŃSKI,1926,baseline,1029317899.7122264,570338.4327056009,1028747561.2795208
CZARNKOWSKI,1926,baseline,1115234238.2318468,182682.0667936133,1115051556.1650531
CZORTKOWSKI,1926,baseline,660113224.1164681,246440.09795795826,659866784.0185101
CZĘSTOCHOWSKI,1926,baseline,1022566662.8867011,266244.085734804,1022300418.8009663
DOBROMILSKI,1926,baseline,780420137.3507744,149630.94683088135,780270506.4039435
DOLIŃSKI,1926,baseline,715468224.4363174,78180.39155756828,715390044.0447599
DROHICKI,1926,baseline,728044334.0605695,56460.62549733749,727987873.4350722
DROHOBYCKI,1926,baseline,750463998.6280612,255471.99489746868,750208526.6331637
DUBIEŃSKI,1926,baseline,679420766.9119188,84234.49815440326,679336532.4137644
DZIAŁDOWSKI,1926,baseline,921454760.0501621,83865.95114224148,921370894.0990199
DZIŚNIEŃSKI,1926,baseline,609026100.6354295,41446.080687882306,608984654.5547416
DĄBROWSKI,1926,baseline,911710151.5751785,171095.09950754564,911539056.4756709
GARWOLIŃSKI,1926,baseline,881063539.1909267,156296.4247027428,880907242.7662239
GNIEŹNIEŃSKI,1926,baseline,1149111983.5089092,353320.44484203233,1148758663.0640671
GORLICKI,1926,baseline,872148968.3903792,176996.24574642075,871971972.1446328
GOSTYNIŃSKI,1926,baseline,991791541.1824591,261528.85221382554,991530012.3302453
GOSTYŃSKI,1926,baseline,1243061456.364992,354056.9988944893,1242707399.3660975
GRODZIEŃSKI,1926,baseline,732460909.7234817,60124.598403786935,732400785.1250778
GRUDZIĄDZKI,1926,baseline,995428907.3765404,410271.84117121785,995018635.5353692
GRÓDECKI,1926,baseline,738738160.3918012,211029.4836994044,738527130.9081018
GRÓJECKI,1926,baseline,879133846.1783319,298128.2720656401,878835717.9062662
HOROCHOWSKI,1926,baseline,698778176.4188156,108927.30414105004,698669249.1146746
HORODEŃSKI,1926,baseline,653423754.0337048,188631.0015791225,653235123.0321256
HRUBIESZOWSKI,1926,baseline,738507832.3988006,146416.0463709792,738361416.3524296
INOWROCŁAWSKI,1926,baseline,1099989073.2893596,362730.7659527874,1099626342.5234067
IWACEWICKI,1926,baseline,712784141.532452,50069.834877908055,712734071.6975741
IŁŻECKI,1926,baseline,905685445.2547352,151924.31868600968,905533520.9360492
JANOWSKI,1926,baseline,827888289.2586837,134740.74789256003,827753548.5107911
JAROCIŃSKI,1926,baseline,1194385230.3563552,328946.52239505237,1194056283.83396
JAROSŁAWSKI,1926,baseline,823795913.5914557,197162.9035991183,823598750.6878566
JASIELSKI,1926,baseline,855944202.5930027,214973.4850302768,855729229.1079724
JAWOROWSKI,1926,baseline,722380580.5982045,140592.50035917308,722239988.0978453
JĘDRZEJOWSKI,1926,baseline,985457060.2278501,179235.30576956586,985277824.9220805
KALISKI,1926,baseline,1117958859.7063103,345725.57133586105,1117613134.1349745
KAMIONECKI,1926,baseline,726418151.6956838,142193.96797121176,726275957.7277126
KARTUSKI,1926,baseline,933708759.8212358,98714.25078238189,933610045.5704534
KATOWICE,1926,baseline,1182584044.5054698,11310803.999571728,1171273240.505898
KAŁUSKI,1926,baseline,707868616.6539137,119798.20979528817,707748818.4441185
KIELECKI,1926,baseline,964198941.2437073,165847.49027782807,964033093.7534294
KOBRYŃSKI,1926,baseline,753770195.2959815,56863.2741770616,753713332.0218045
KOLBUSZOWSKI,1926,baseline,857753138.7119178,146594.70935907908,857606544.0025587
KOLSKI,1926,baseline,1063065520.130823,288385.64074838633,1062777134.4900746
KONECKI,1926,baseline,965389353.4194908,137417.3080606282,965251936.1114302
KONIŃSKI,1926,baseline,1092215709.6632729,195043.55454202578,1092020666.1087308
KOPYCZYNIECKI,1926,baseline,661473167.5388887,178036.81002282642,661295130.7288659
KOSOWSKI (KOSÓW HUCULSKI),1926,baseline,654393526.4661502,49658.71581942169,654343867.7503307
KOSTOPOLSKI,1926,baseline,662883837.8330774,41642.9002864919,662842194.932791
KOSZYRSKI,1926,baseline,684392649.1931303,34220.392820274545,684358428.80031
KOWELSKI,1926,baseline,730012999.0037669,42489.52740213897,729970509.4763647
KOZIENICKI,1926,baseline,868973102.4580743,113162.42854433383,868859940.02953
KOŁOMYJSKI,1926,baseline,672601156.2349074,175389.72533351497,672425766.5095738
KOŚCIAŃSKI,1926,baseline,1302119248.924305,346304.4760551993,1301772944.4482498
KOŚCIERSKI,1926,baseline,946657799.0176771,128853.22340508293,946528945.794272
KRAKOWSKI,1926,baseline,1029088134.7307388,2688159.4597045574,1026399975.2710342
KRAKÓW (MIASTO),1926,baseline,1080336228.0730517,53520264.49379439,1026815963.5792572
KRASNOSTAWSKI,1926,baseline,778143656.2997375,178408.80019739625,777965247.4995401
KROTOSZYŃSKI,1926,baseline,1195365146.7148144,378877.0539649506,1194986269.6608496
KROŚNIEŃSKI,1926,baseline,839680757.8569918,287492.34143111686,839393265.5155606
KRZEMIENIECKI,1926,baseline,665351691.9771751,93393.92638429593,665258298.0507908
KUTNOWSKI,1926,baseline,1031159212.7897642,635297.40922295,1030523915.3805412
KĘPIŃSKI,1926,baseline,1160643040.2355874,210001.93634202375,1160433038.2992454
LESKI,1926,baseline,769425670.4026731,81099.22689209024,769344571.175781
LESZCZYŃSKI,1926,baseline,1314778551.412575,353043.64402697864,1314425507.768548
LIDZKI,1926,baseline,689389996.4606794,52008.531296501824,689337987.9293829
LIMANOWSKI,1926,baseline,924305691.8176292,142093.9531010263,924163597.8645282
LIPNOWSKI,1926,baseline,805954830.0155627,175451.79756650596,805779378.2179961
LUBACZOWSKI,1926,baseline,715556376.6217852,119942.07888311998,715436434.542902
LUBARTOWSKI,1926,baseline,813801785.7492164,187188.94245681824,813614596.8067596
LUBAWSKI,1926,baseline,929229093.3210987,246287.98072823777,928982805.3403704
LUBELSKI,1926,baseline,830771865.5915519,326227.97984897706,830445637.6117029
LUBLINIECKI,1926,baseline,1147289208.7867272,239623.35500476303,1147049585.4317224
LUBOMELSKI,1926,baseline,753788657.466595,61845.8238247967,753726811.6427703
LWOWSKI,1926,baseline,748488386.5434922,2130039.9564505066,746358346.5870417
LWÓW (MIASTO),1926,baseline,775031734.7509978,24404009.120577093,750627725.6304207
M. ST. WARSZAWA,1926,baseline,1009372791.8965354,85947492.052506,923425299.8440294
MAKOWSKI (MAKÓW MAZOWIECKI),1926,baseline,865827638.7457733,128366.10511747393,865699272.6406559
MIECHOWSKI,1926,baseline,1010059444.1671954,189848.2399602536,1009869595.9272351
MIELECKI,1926,baseline,882524431.2035424,153734.505470832,882370696.6980715
MIĘDZYCHODZKI,1926,baseline,1321847471.0909808,208446.14941265143,1321639024.9415681
MIŃSKI,1926,baseline,887334804.679731,308055.39979137335,887026749.2799397
MOGILEŃSKI,1926,baseline,1124288563.974751,281475.11124345084,1124007088.8635075
MORSKI,1926,baseline,887363985.4835134,175336.64900769727,887188648.8345057
MOŁODECZAŃSKI,1926,baseline,644084900.0690295,58336.84564214018,644026563.2233874
MOŚCISKI,1926,baseline,784111273.301798,174631.45016418185,783936641.8516338
MYŚLENICKI,1926,baseline,953365750.5347472,244821.7961408361,953120928.7386065
MŁAWSKI,1926,baseline,914054897.2377261,172254.14745323174,913882643.0902729
NADWÓRNIAŃSKI,1926,baseline,671246693.4787327,82823.35073741441,671163870.1279953
NIESZAWSKI,1926,baseline,1038100157.5025854,245540.27426952767,1037854617.2283158
NIEŚWIESKI,1926,baseline,675599462.090827,92147.5850444052,675507314.5057826
NIŻAŃSKI,1926,baseline,851985254.3073719,134210.7934160692,851851043.5139558
NOWOGRÓDZKI,1926,baseline,668246739.4967597,68119.53289737667,668178619.9638623
NOWOSĄDECKI,1926,baseline,901476829.3189304,160017.69784171268,901316811.6210886
NOWOTARSKI,1926,baseline,953388880.7356222,135456.83551159763,953253423.9001106
NOWOTOMYSKI,1926,baseline,1381339744.7480955,297032.41760505096,1381042712.3304904
OBORNICKI,1926,baseline,1207325207.3838196,209777.88085046766,1207115429.502969
OLKUSKI,1926,baseline,1067073917.330755,207053.1845271912,1066866864.1462278
OPATOWSKI,1926,baseline,910229201.4674764,192494.46833782786,910036706.9991386
OPOCZYŃSKI,1926,baseline,972416249.730994,138544.0158598859,972277705.7151341
OSTROWSKI (OSTRÓW MAZOWIECKA),1926,baseline,828755551.8403103,122967.5180184833,828632584.3222919
OSTROWSKI (OSTRÓW WIELKOPOLSKI),1926,baseline,1189027197.5074768,311133.62758566334,1188716063.8798912
OSTROŁĘCKI,1926,baseline,815759482.3102448,103133.45711119802,815656348.8531336
OSZMIAŃSKI,1926,baseline,623772788.6125356,70840.27305190366,623701948.3394837
PIOTRKOWSKI,1926,baseline,1009210239.75309,204000.04628756997,1009006239.7068025
PIŃCZOWSKI,1926,baseline,914729570.760255,181793.11213770937,914547777.6481173
PIŃSKI,1926,baseline,697708055.100461,40796.550750759445,697667258.5497103
PODHAJECKI,1926,baseline,695253567.4645449,124868.94206304467,695128698.5224818
POSTAWSKI,1926,baseline,615927558.0753508,45973.461536168375,615881584.6138146
POZNAŃ (MIASTO),1926,baseline,1322087225.9650753,26338302.053380597,1295748923.9116948
POZNAŃSKI,1926,baseline,1272474311.167177,793364.062700707,1271680947.1044762
PRUŻAŃSKI,1926,baseline,741884028.332621,60652.46566855348,741823375.8669524
PRZASNYCKI,1926,baseline,795474189.5464711,116894.0109166113,795357295.5355545
PRZEMYSKI,1926,baseline,805938260.6690912,283374.2664266004,805654886.4026647
PRZEMYŚLAŃSKI,1926,baseline,720032094.2087003,159654.0374912272,719872440.1712091
PRZEWORSKI,1926,baseline,830074108.7731389,399654.57663997286,829674454.1964989
PSZCZYŃSKI,1926,baseline,1139562909.413277,611635.1757850362,1138951274.2374918
PUŁAWSKI,1926,baseline,834161881.8276662,179530.9278680343,833982350.8997982
PUŁTUSKI,1926,baseline,874759893.7511913,172806.04598125056,874587087.70521
PŁOCKI,1926,baseline,967943353.3262005,296061.7353285705,967647291.5908719
PŁOŃSKI,1926,baseline,864452239.9082549,188606.6754488945,864263633.232806
RADOMSKI,1926,baseline,917848524.6487705,148387.15072883584,917700137.4980416
RADOMSZCZAŃSKI,1926,baseline,1016534401.8197052,158482.0940561242,1016375919.7256491
RADZIECHOWSKI,1926,baseline,703630368.5889301,113522.63424843551,703516845.9546816
RADZYMIŃSKI,1926,baseline,886500097.4583226,378710.93309467967,886121386.525228
RADZYŃSKI,1926,baseline,833396249.2419447,146981.5219157089,833249267.720029
RAWICKI,1926,baseline,1247684130.599366,439693.87221524375,1247244436.7271507
RAWSKI (RAWA MAZOWIECKA),1926,baseline,967881713.6246905,179688.52994372498,967702025.0947468
RAWSKI (RAWA RUSKA),1926,baseline,734983031.0385559,112182.76418271003,734870848.2743732
ROHATYŃSKI,1926,baseline,698818745.1604395,153891.52884019507,698664853.6315993
ROPCZYCKI,1926,baseline,898806643.7384142,176370.5785094204,898630273.1599047
RUDECKI,1926,baseline,756031995.7160848,193507.85788388705,755838487.8582009
RYBNICKI,1926,baseline,1083350933.2894547,609620.0405214113,1082741313.2489333
RYPIŃSKI,1926,baseline,803979573.2747592,208840.3293295536,803770732.9454296
RZESZOWSKI,1926,baseline,857022746.7100984,248256.47000844526,856774490.2400899
RÓWIEŃSKI,1926,baseline,674436954.0898539,109143.93679079536,674327810.153063
SAMBORSKI,1926,baseline,770796116.4889768,197045.94052520485,770599070.5484517
SANDOMIERSKI,1926,baseline,888002258.0588562,179856.7621753044,887822401.2966809
SANOCKI,1926,baseline,776264468.3314363,150253.37108716558,776114214.9603491
SARNEŃSKI,1926,baseline,671661341.8478795,29179.491367463583,671632162.3565121
SIEDLECKI,1926,baseline,854521691.3471364,174667.49186831765,854347023.855268
SIERADZKI,1926,baseline,1075809182.8586383,237358.74628731454,1075571824.112351
SIERPECKI,1926,baseline,822333782.3532223,179912.60999716131,822153869.7432251
SKAŁACKI,1926,baseline,668710321.0303957,154066.9960083729,668556254.0343874
SKIERNIEWICKI,1926,baseline,994222195.9779816,298717.6920562146,993923478.2859254
SOCHACZEWSKI,1926,baseline,957298419.6199535,249438.81516851566,957048980.804785
SOKALSKI,1926,baseline,716016027.6534227,131102.19277993793,715884925.4606428
SOKOŁOWSKI,1926,baseline,836661567.9179993,165130.0269313802,836496437.8910679
SOKÓLSKI,1926,baseline,754453979.4939125,89616.92740040072,754364362.5665121
STANISŁAWOWSKI,1926,baseline,694355800.5252683,221280.81984324942,694134519.705425
STAROGARDZKI,1926,baseline,956639711.2033869,211300.37543759478,956428410.8279493
STOLIŃSKI,1926,baseline,654792348.2988099,24870.56263987905,654767477.73617
STOPNICKI,1926,baseline,879485705.9611208,120751.67554635994,879364954.2855744
STOŁPECKI,1926,baseline,662052051.7996433,85053.75712225486,661966998.042521
STRYJSKI,1926,baseline,735652398.617065,127076.38634167647,735525322.2307233
SUWALSKI,1926,baseline,691926277.0832168,101206.45246921953,691825070.6307476
SZAMOTULSKI,1926,baseline,1253656624.3240666,227841.9663390531,1253428782.3577275
SZCZUCZYŃSKI (WOJ. BIAŁOSTOCKIE),1926,baseline,738743381.5458044,92018.7314220406,738651362.8143823
SZCZUCZYŃSKI (WOJ. NOWOGRÓDZKIE),1926,baseline,712151995.6178901,54048.01574158443,712097947.6021485
SZUBIŃSKI,1926,baseline,1098370610.0141928,207827.9392679457,1098162782.074925
SĘPOLEŃSKI,1926,baseline,1036847779.9520576,224015.32495240078,1036623764.6271052
SŁONIMSKI,1926,baseline,710353074.7386651,62114.33957002886,710290960.399095
TARNOBRZESKI,1926,baseline,875805797.8928616,156358.89503635507,875649438.9978253
TARNOGÓRSKI,1926,baseline,1171855621.3497765,1496847.2389063179,1170358774.1108701
TARNOPOLSKI,1926,baseline,686531332.4728663,164561.09849703376,686366771.3743693
TARNOWSKI,1926,baseline,930981561.316381,284307.3994610552,930697253.91692
TCZEWSKI,1926,baseline,941806356.0854045,330803.69100301474,941475552.3944016
TOMASZOWSKI,1926,baseline,724094050.9438425,150245.31567515034,723943805.6281674
TORUŃSKI,1926,baseline,1050013166.9248062,363543.82170849305,1049649623.1030978
TREMBOWELSKI,1926,baseline,673720131.0065385,179939.3722945828,673540191.634244
TUCHOLSKI,1926,baseline,997682598.2646558,181877.26393554,997500721.0007203
TURCZAŃSKI,1926,baseline,743269097.7959571,88677.86246928916,743180419.9334878
TURECKI,1926,baseline,1051686913.0709496,157217.49128869755,1051529695.5796609
TŁUMACKI,1926,baseline,683458090.624429,177770.06796070284,683280320.5564682
WADOWICKI,1926,baseline,1026873270.5517777,301271.5887597607,1026571998.963018
WARSZAWSKI,1926,baseline,919946194.9928751,1518544.1852407807,918427650.8076344
WIELUŃSKI,1926,baseline,1147731813.486474,109440.99903932473,1147622372.4874346
WILEJSKI,1926,baseline,636848814.4288899,55370.459711939315,636793443.969178
WILEŃSKO-TROCKI,1926,baseline,665047284.8138369,107393.70017228446,664939891.1136646
WILNO (MIASTO),1926,baseline,678284668.908258,7280748.761569081,671003920.1466889
WOLSZTYŃSKI,1926,baseline,1419017278.9270551,231625.1296930498,1418785653.797362
WOŁKOWYSKI,1926,baseline,744319384.6849415,56049.59202760473,744263335.0929139
WOŁOŻYŃSKI,1926,baseline,644554939.8288965,84202.0251937183,644470737.8037028
WRZESIŃSKI,1926,baseline,1172307619.6376991,321241.95788997127,1171986377.679809
WYRZYSKI,1926,baseline,1059418230.1776793,216273.78590385802,1059201956.3917755
WYSOKOMAZOWIECKI,1926,baseline,790533540.1973954,120601.21489981377,790412938.9824957
WĄBRZESKI,1926,baseline,1010472453.5353001,231403.95517029756,1010241049.5801299
WĄGROWIECKI,1926,baseline,1102196278.9464116,189070.77797002753,1102007208.1684415
WĘGROWSKI,1926,baseline,825041074.4632525,150233.67005530972,824890840.7931973
WŁOCŁAWSKI,1926,baseline,1036663744.4519557,442739.97651253187,1036221004.4754431
WŁODAWSKI,1926,baseline,760518576.6461632,86266.37502513597,760432310.2711381
WŁODZIMIERSKI,1926,baseline,720515109.7387266,96069.0399048324,720419040.6988218
WŁOSZCZOWSKI,1926,baseline,935268919.5468308,125017.93901339306,935143901.6078174
ZALESZCZYCKI,1926,baseline,648564589.4559056,171263.43807071005,648393326.0178349
ZAMOJSKI,1926,baseline,767149895.397654,202097.8237450779,766947797.5739089
ZBARASKI,1926,baseline,676671268.6678627,188193.58209216554,676483075.0857705
ZBOROWSKI,1926,baseline,701016084.353495,154905.0176818504,700861179.3358132
ZDOŁBUNOWSKI,1926,baseline,665665113.8230544,157312.0829104588,665507801.740144
ZŁOCZOWSKI,1926,baseline,712020611.0465534,129649.69261970327,711890961.3539337
ŁASKI,1926,baseline,1040102679.9195641,252585.65964278055,1039850094.2599213
ŁAŃCUCKI,1926,baseline,833869084.9789944,195913.07864430992,833673171.9003501
ŁOMŻYŃSKI,1926,baseline,795234453.3134879,116955.97158316652,795117497.3419048
ŁOWICKI,1926,baseline,1003592502.7417889,284016.83112387906,1003308485.910665
ŁUCKI,1926,baseline,698094048.0368338,53795.91541728361,698040252.1214164
ŁUKOWSKI,1926,baseline,847862064.3319895,150326.74653155645,847711737.5854579
ŁUNINIECKI,1926,baseline,668260801.2451795,34891.14559734755,668225910.0995822
ŁÓDZKI,1926,baseline,1033347773.8465505,736979.7111466039,1032610794.1354039
ŁÓDŹ (MIASTO),1926,baseline,1104969236.3369467,77691620.26391774,1027277616.073029
ŁĘCZYCKI,1926,baseline,1031060826.5878063,321851.95249912195,1030738974.6353072
ŚNIATYŃSKI,1926,baseline,656732439.8539717,255855.48718058466,656476584.3667911
ŚREDZKI,1926,baseline,1228012114.6889167,274298.50700345705,1227737816.1819131
ŚREMSKI,1926,baseline,1220140208.5239928,202482.80975699844,1219937725.7142358
ŚWIECKI,1926,baseline,1005136003.3168368,162532.90714469092,1004973470.4096922
ŚWIĘCIAŃSKI,1926,baseline,637393446.9546033,58017.71717259502,637335429.2374307
ŚWIĘTOCHŁOWICKI,1926,baseline,1201200094.0578804,14129398.643080238,1187070695.4148002
ŻNIŃSKI,1926,baseline,1132350807.767437,250387.33817883255,1132100420.429258
ŻYDACZOWSKI,1926,baseline,714339292.1791581,153990.1454356854,714185302.0337224
ŻYWIECKI,1926,baseline,1039374875.4341875,292254.92575724394,1039082620.5084302
ŻÓŁKIEWSKI,1926,baseline,732576582.7518641,189736.13768978036,732386846.6141742
AUGUSTOWSKI,1927,baseline,775053097.0629938,85524.50896132772,774967572.5540324
BARANOWICKI,1927,baseline,745114904.4694166,62244.90715463787,745052659.5622619
BIALSKI (BIAŁA KRAKOWSKA),1927,baseline,1183316217.953499,944337.3206959405,1182371880.6328032
BIALSKI (BIAŁA PODLASKA),1927,baseline,897225289.0740323,166153.52142056613,897059135.5526117
BIAŁOSTOCKI,1927,baseline,860413059.3123132,168897.91001651107,860244161.4022967
BIELSKI (BIELSK PODLASKI),1927,baseline,858366672.926407,69971.16457424102,858296701.7618327
BIELSKO,1927,baseline,1182155048.2164078,3441471.931354969,1178713576.2850528
BIŁGORAJSKI,1927,baseline,821989371.9502658,134977.6936858499,821854394.2565799
BOCHEŃSKI,1927,baseline,1082570077.1232507,277855.63471641403,1082292221.4885342
BORSZCZOWSKI,1927,baseline,704628174.5277879,174185.88046535253,704453988.6473225
BRASŁAWSKI,1927,baseline,672347900.7427042,33872.70837301533,672314028.0343311
BRODNICKI,1927,baseline,1080746814.729107,314794.37314548146,1080432020.3559613
BRODZKI,1927,baseline,777349050.7072272,171296.1995403278,777177754.5076869
BRZESKI (BRZESKO),1927,baseline,1011565986.752006,272797.87770940963,1011293188.8742967
BRZESKI (BRZEŚĆ N.BUG.),1927,baseline,871719584.000367,87894.72977694802,871631689.2705901
BRZEZIŃSKI,1927,baseline,1116742868.5245426,531796.5847601712,1116211071.9397824
BRZEŻAŃSKI,1927,baseline,772318419.6927081,181235.78527434438,772137183.9074337
BRZOZOWSKI,1927,baseline,889842890.007232,267991.0253906526,889574898.9818413
BUCZACKI,1927,baseline,737729797.6961066,188229.80869195156,737541567.8874146
BYDGOSKI,1927,baseline,1169786230.7749045,358183.5072505582,1169428047.267654
BÓBRECKI,1927,baseline,787825021.8530626,230430.38268515156,787594591.4703774
BĘDZIŃSKI,1927,baseline,1234851241.5357623,925044.8992176094,1233926196.6365447
BŁOŃSKI,1927,baseline,1058309639.5736408,509777.4522688708,1057799862.121372
CHEŁMIŃSKI,1927,baseline,1104494739.299507,346824.0355364686,1104147915.2639704
CHEŁMSKI,1927,baseline,864649373.2176201,188398.22276369573,864460974.9948565
CHODZIESKI,1927,baseline,1250253370.27251,241573.75336179955,1250011796.5191483
CHOJNICKI,1927,baseline,1093212628.8927846,123577.11628967238,1093089051.776495
CHORZÓW,1927,baseline,1383742489.21606,68965442.60426392,1314777046.611796
CHRZANOWSKI,1927,baseline,1206365188.4974837,762744.0747322338,1205602444.4227514
CIECHANOWSKI,1927,baseline,999150756.1358308,303390.048592869,998847366.0872378
CIESZYŃSKI,1927,baseline,1141581243.956729,748602.5748332795,1140832641.3818955
CZARNKOWSKI,1927,baseline,1229706739.4166396,223454.43117484977,1229483284.9854648
CZORTKOWSKI,1927,baseline,727807899.9657773,309196.9890880487,727498702.9766892
CZĘSTOCHOWSKI,1927,baseline,1127311479.5865893,340262.8143221559,1126971216.772267
DOBROMILSKI,1927,baseline,860368779.6260655,174153.52078081144,860194626.1052847
DOLIŃSKI,1927,baseline,788774476.292003,93168.70082775161,788681307.5911753
DROHICKI,1927,baseline,802803973.5305692,80925.86792144005,802723047.6626477
DROHOBYCKI,1927,baseline,827379478.9390041,305405.385156553,827074073.5538476
DUBIEŃSKI,1927,baseline,749089529.0731115,96956.94619879144,748992572.1269127
DZIAŁDOWSKI,1927,baseline,1016897644.5427963,118732.60137535114,1016778911.9414209
DZIŚNIEŃSKI,1927,baseline,671550997.0252676,46892.698491078714,671504104.3267765
DĄBROWSKI,1927,baseline,1004986193.700679,211725.47151248212,1004774468.2291665
GARWOLIŃSKI,1927,baseline,971651031.0745499,199129.0989297523,971451901.9756202
GNIEŹNIEŃSKI,1927,baseline,1266549247.4311504,354315.5620082955,1266194931.869142
GORLICKI,1927,baseline,961384850.411129,221308.82793951573,961163541.5831895
GOSTYNIŃSKI,1927,baseline,1093884525.213442,335695.98779496574,1093548829.2256472
GOSTYŃSKI,1927,baseline,1370307824.0709555,397994.37872933195,1369909829.6922262
GRODZIEŃSKI,1927,baseline,807680573.5796844,70292.22950729511,807610281.350177
GRUDZIĄDZKI,1927,baseline,1099244296.0545094,521430.30789232196,1098722865.746617
GRÓDECKI,1927,baseline,814495980.6469741,252186.9575015107,814243793.6894726
GRÓJECKI,1927,baseline,969593803.0463008,362555.2917324774,969231247.7545683
HOROCHOWSKI,1927,baseline,770419960.037002,125553.57859643297,770294406.4584055
HORODEŃSKI,1927,baseline,720429588.1920066,241068.9683220223,720188519.2236845
HRUBIESZOWSKI,1927,baseline,814352391.3131683,205823.05017257592,814146568.2629957
INOWROCŁAWSKI,1927,baseline,1213569599.2243626,405526.42726612056,1213164072.7970965
IWACEWICKI,1927,baseline,785959596.4888897,48380.47245910569,785911216.0164306
IŁŻECKI,1927,baseline,998573243.9676043,188677.18041610214,998384566.7871882
JANOWSKI,1927,baseline,912860420.0822222,171085.88759471686,912689334.1946275
JAROCIŃSKI,1927,baseline,1316932597.4769678,421334.15505032544,1316511263.3219175
JAROSŁAWSKI,1927,baseline,908160123.3108801,205159.62883511343,907954963.682045
JASIELSKI,1927,baseline,943516443.2952981,239002.97656557616,943277440.3187325
JAWOROWSKI,1927,baseline,796435308.3095131,166401.75004367673,796268906.5594695
JĘDRZEJOWSKI,1927,baseline,1086317558.3809965,216586.40895141623,1086100971.972045
KALISKI,1927,baseline,1232662588.2763724,387200.59046959016,1232275387.6859028
KAMIONECKI,1927,baseline,800912369.5260605,189926.23102874632,800722443.2950317
KARTUSKI,1927,baseline,1033229116.083745,128225.42460206145,1033100890.659143
KATOWICE,1927,baseline,1304740736.8641016,13950750.944958068,1290789985.9191437
KAŁUSKI,1927,baseline,780366263.6171646,147834.91400794341,780218428.7031567
KIELECKI,1927,baseline,1063021177.8798763,223011.45164191938,1062798166.4282343
KOBRYŃSKI,1927,baseline,831141168.9808805,67768.42259108575,831073400.5582894
KOLBUSZOWSKI,1927,baseline,945632923.3363228,180026.79658514928,945452896.5397376
KOLSKI,1927,baseline,1172357043.0384007,309887.7478722515,1172047155.2905283
KONECKI,1927,baseline,1064437377.0375383,191511.0961118011,1064245865.9414265
KONIŃSKI,1927,baseline,1204412031.414964,234911.25828000827,1204177120.156684
KOPYCZYNIECKI,1927,baseline,729319036.7215704,242441.53613002456,729076595.1854403
KOSOWSKI (KOSÓW HUCULSKI),1927,baseline,721461616.1775812,58455.40626253771,721403160.7713187
KOSTOPOLSKI,1927,baseline,730919239.6397415,58059.55443268569,730861180.0853089
KOSZYRSKI,1927,baseline,754662625.3768576,42455.2450791747,754620170.1317785
KOWELSKI,1927,baseline,804937215.496151,53711.7491798479,804883503.7469711
KOZIENICKI,1927,baseline,958205884.7426256,142185.13064607803,958063699.6119795
KOŁOMYJSKI,1927,baseline,741566974.552673,227297.4913942268,741339677.0612787
KOŚCIAŃSKI,1927,baseline,1435436098.077146,435750.24529638817,1435000347.8318496
KOŚCIERSKI,1927,baseline,1046555955.1988453,157667.3828893402,1046398287.8159559
KRAKOWSKI,1927,baseline,1134187185.5597036,2909350.90745245,1131277834.6522512
KRAKÓW (MIASTO),1927,baseline,1188658927.906887,56927315.73326586,1131731612.1736212
KRASNOSTAWSKI,1927,baseline,858049750.0952482,220005.46386331908,857829744.6313848
KROTOSZYŃSKI,1927,baseline,1318067776.8458493,451824.7981382803,1317615952.047711
KROŚNIEŃSKI,1927,baseline,925615028.4236571,332697.28732051206,925282331.1363366
KRZEMIENIECKI,1927,baseline,733584396.2183843,109908.17797386041,733474488.0404104
KUTNOWSKI,1927,baseline,1137313474.645406,752259.1491296444,1136561215.4962764
KĘPIŃSKI,1927,baseline,1279511863.998758,292012.4970201233,1279219851.501738
LESKI,1927,baseline,848174599.1563723,101848.89401448467,848072750.2623578
LESZCZYŃSKI,1927,baseline,1449275787.7607176,431140.3375246327,1448844647.423193
LIDZKI,1927,baseline,760181946.4250339,57573.43918311257,760124372.9858508
LIMANOWSKI,1927,baseline,1018803525.1646837,167088.86836988197,1018636436.2963138
LIPNOWSKI,1927,baseline,888950000.6284399,213392.32382031594,888736608.3046196
LUBACZOWSKI,1927,baseline,788979314.534622,138416.02489609728,788840898.5097258
LUBARTOWSKI,1927,baseline,897368216.3366328,219511.1732931604,897148705.1633397
LUBAWSKI,1927,baseline,1025524469.0725495,293688.79901801463,1025230780.2735314
LUBELSKI,1927,baseline,916116351.0476885,402636.33427719586,915713714.7134113
LUBLINIECKI,1927,baseline,1264565373.7458305,341867.6895939505,1264223506.0562365
LUBOMELSKI,1927,baseline,831152126.5779424,67488.9863663313,831084637.5915761
LWOWSKI,1927,baseline,825285499.9770135,2426865.4045247724,822858634.5724887
LWÓW (MIASTO),1927,baseline,855299033.9706513,27733830.69578896,827565203.2748623
M. ST. WARSZAWA,1927,baseline,1113867189.107482,95440066.39052017,1018427122.7169619
MAKOWSKI (MAKÓW MAZOWIECKI),1927,baseline,955201583.8116847,157291.0452767732,955044292.766408
MIECHOWSKI,1927,baseline,1113348636.0613782,244791.93929013185,1113103844.1220882
MIELECKI,1927,baseline,972946252.0238063,189111.9159650931,972757140.1078413
MIĘDZYCHODZKI,1927,baseline,1457010967.6540031,221668.4183779364,1456789299.2356253
MIŃSKI,1927,baseline,978599226.9298394,354721.3511150389,978244505.5787244
MOGILEŃSKI,1927,baseline,1240187296.145612,357892.66726226965,1239829403.4783497
MORSKI,1927,baseline,982860693.1131796,199726.35164129286,982660966.7615383
MOŁODECZAŃSKI,1927,baseline,710250673.6023445,99670.91695986543,710151002.6853846
MOŚCISKI,1927,baseline,864453332.7447426,218723.4333316887,864234609.3114109
MYŚLENICKI,1927,baseline,1050846212.6973225,268350.7825652814,1050577861.9147573
MŁAWSKI,1927,baseline,1008572678.4492197,209848.51683347503,1008362829.9323863
NADWÓRNIAŃSKI,1927,baseline,740056092.9898363,104616.29132328101,739951476.698513
NIESZAWSKI,1927,baseline,1145197629.255862,296347.05892610236,1144901282.196936
NIEŚWIESKI,1927,baseline,744988043.7456611,119052.81330476596,744868990.9323564
NIŻAŃSKI,1927,baseline,939315535.9088205,158764.45851437954,939156771.4503062
NOWOGRÓDZKI,1927,baseline,736842774.6305349,76386.83931765622,736766387.7912172
NOWOSĄDECKI,1927,baseline,993606678.1006973,182668.18186048654,993424009.9188368
NOWOTARSKI,1927,baseline,1050744338.0734688,157229.36000508154,1050587108.7134637
NOWOTOMYSKI,1927,baseline,1522599377.7229743,339422.15922314895,1522259955.5637512
OBORNICKI,1927,baseline,1331105517.8964534,251620.02461803064,1330853897.8718352
OLKUSKI,1927,baseline,1176117638.2221818,261559.51796389453,1175856078.704218
OPATOWSKI,1927,baseline,1003589682.6844027,258991.68998386775,1003330690.9944189
OPOCZYŃSKI,1927,baseline,1072241388.3242899,194518.78312089757,1072046869.541169
OSTROWSKI (OSTRÓW MAZOWIECKA),1927,baseline,913969870.7785796,149487.39900176576,913820383.3795779
OSTROWSKI (OSTRÓW WIELKOPOLSKI),1927,baseline,1310846785.9252658,341292.18390757084,1310505493.7413583
OSTROŁĘCKI,1927,baseline,899646803.4643526,124267.59793906298,899522535.8664136
OSZMIAŃSKI,1927,baseline,687793169.2434953,72431.40237599584,687720737.8411194
PIOTRKOWSKI,1927,baseline,1112789247.8909545,265788.9914298098,1112523458.8995247
PIŃCZOWSKI,1927,baseline,1008317512.2651434,240254.69051249546,1008077257.5746309
PIŃSKI,1927,baseline,769333765.1497614,51698.38552363129,769282066.7642378
PODHAJECKI,1927,baseline,766545655.2105749,165502.49240537832,766380152.7181695
POSTAWSKI,1927,baseline,679153253.2518699,50291.88625389227,679102961.3656161
POZNAŃ (MIASTO),1927,baseline,1456471189.9140646,27944033.53781692,1428527156.3762476
POZNAŃSKI,1927,baseline,1402902764.9098046,888103.0338940164,1402014661.8759105
PRUŻAŃSKI,1927,baseline,818068789.8163235,70136.76944736102,817998653.0468762
PRZASNYCKI,1927,baseline,877278183.4906669,138454.85080176577,877139728.6398652
PRZEMYSKI,1927,baseline,888510168.8332804,321121.7775093521,888189047.0557711
PRZEMYŚLAŃSKI,1927,baseline,793852475.1114534,198752.35065404762,793653722.7607994
PRZEWORSKI,1927,baseline,915149226.065015,478754.05467568134,914670472.0103393
PSZCZYŃSKI,1927,baseline,1255928889.6454504,737918.3638674109,1255190971.2815828
PUŁAWSKI,1927,baseline,919848972.8739084,218603.35401678074,919630369.5198916
PUŁTUSKI,1927,baseline,964970048.375055,221369.75391878426,964748678.6211362
PŁOCKI,1927,baseline,1067547568.8265576,363947.46013795485,1067183621.3664197
PŁOŃSKI,1927,baseline,953609928.5842723,240149.07453669084,953369779.5097356
RADOMSKI,1927,baseline,1011995280.9344472,190217.85434421233,1011805063.0801029
RADOMSZCZAŃSKI,1927,baseline,1120726578.654061,199852.33082600366,1120526726.323235
RADZIECHOWSKI,1927,baseline,775768074.5806468,138576.15360021303,775629498.4270465
RADZYMIŃSKI,1927,baseline,977776211.2453854,437929.51630079065,977338281.7290846
RADZYŃSKI,1927,baseline,918992263.8411725,166707.73066847865,918825556.110504
RAWICKI,1927,baseline,1375450419.1381927,519175.1860617815,1374931243.9521308
RAWSKI (RAWA MAZOWIECKA),1927,baseline,1067317664.0870467,226701.6494077268,1067090962.437639
RAWSKI (RAWA RUSKA),1927,baseline,810413427.5082576,138732.49396590333,810274695.0142918
ROHATYŃSKI,1927,baseline,770448971.4921459,169920.7855616182,770279050.7065843
ROPCZYCKI,1927,baseline,990833577.088112,215312.92540396747,990618264.162708
RUDECKI,1927,baseline,833526488.814091,247636.3528840167,833278852.4612069
RYBNICKI,1927,baseline,1194179952.0833437,862769.0471666482,1193317183.0361772
RYPIŃSKI,1927,baseline,886808642.5272828,252300.2513343841,886556342.2759484
RZESZOWSKI,1927,baseline,944805567.5968587,291099.6793405508,944514467.9175181
RÓWIEŃSKI,1927,baseline,743702169.9598941,139505.72434004914,743562664.235554
SAMBORSKI,1927,baseline,849780030.1109374,234207.67352223568,849545822.4374151
SANDOMIERSKI,1927,baseline,978969788.8170094,242152.91316529698,978727635.9038441
SANOCKI,1927,baseline,855728676.8825084,169985.827444255,855558691.0550642
SARNEŃSKI,1927,baseline,740568847.3748405,38304.39664268415,740530542.9781978
SIEDLECKI,1927,baseline,942340789.4979194,212277.8274146279,942128511.6705048
SIERADZKI,1927,baseline,1186100032.57096,300692.6038145978,1185799339.9671454
SIERPECKI,1927,baseline,907070156.0287528,237284.2838550065,906832871.7448978
SKAŁACKI,1927,baseline,737281732.7110307,196455.8188973938,737085276.8921334
SKIERNIEWICKI,1927,baseline,1096437948.4934561,370099.80243509536,1096067848.691021
SOCHACZEWSKI,1927,baseline,1055860577.294569,323752.6391927948,1055536824.6553762
SOKALSKI,1927,baseline,789480955.7970476,164578.07588603016,789316377.7211616
SOKOŁOWSKI,1927,baseline,922658261.9016141,197496.1176213038,922460765.7839928
SOKÓLSKI,1927,baseline,831970523.097894,104187.95514114584,831866335.1427528
STANISŁAWOWSKI,1927,baseline,765540904.12206,269445.4085055797,765271458.7135544
STAROGARDZKI,1927,baseline,1057468095.0328825,246115.74776419747,1057221979.2851182
STOLIŃSKI,1927,baseline,722005455.4182198,33692.61792777568,721971762.800292
STOPNICKI,1927,baseline,969565383.895792,159829.20118737107,969405554.6946046
STOŁPECKI,1927,baseline,730031073.6623405,92734.28595765535,729938339.3763828
STRYJSKI,1927,baseline,811029765.243754,148583.35322932084,810881181.8905247
SUWALSKI,1927,baseline,762985378.8166236,106429.28370486131,762878949.5329187
SZAMOTULSKI,1927,baseline,1381950245.5298588,270397.59751314897,1381679847.9323456
SZCZUCZYŃSKI (WOJ. BIAŁOSTOCKIE),1927,baseline,814659995.0265204,116386.23486948524,814543608.7916509
SZCZUCZYŃSKI (WOJ. NOWOGRÓDZKIE),1927,baseline,785284328.348715,59734.71826898262,785224593.630446
SZUBIŃSKI,1927,baseline,1211982123.9950995,266241.40424657887,1211715882.590853
SĘPOLEŃSKI,1927,baseline,1144547227.3343225,305468.6860375229,1144241758.648285
SŁONIMSKI,1927,baseline,783304627.9407687,73439.72030210067,783231188.2204666
TARNOBRZESKI,1927,baseline,965595644.0181231,202002.02271633863,965393641.9954069
TARNOGÓRSKI,1927,baseline,1291695009.0520458,1823089.1619525028,1289871919.8900933
TARNOPOLSKI,1927,baseline,756933352.4034046,207612.62875781953,756725739.7746468
TARNOWSKI,1927,baseline,1026237905.706234,346147.56811619224,1025891758.1381178
TCZEWSKI,1927,baseline,1041513245.2602822,431879.0568688628,1041081366.2034132
TOMASZOWSKI,1927,baseline,798446033.8961227,189312.32761673478,798256721.568506
TORUŃSKI,1927,baseline,1158828481.8869605,425258.80647036014,1158403223.08049
TREMBOWELSKI,1927,baseline,742812209.5505348,232439.62433500247,742579769.9261998
TUCHOLSKI,1927,baseline,1101387327.4644542,213502.97159815213,1101173824.492856
TURCZAŃSKI,1927,baseline,819419984.7941674,98100.4632218783,819321884.3309455
TURECKI,1927,baseline,1159428220.1718378,177534.35397022273,1159250685.8178675
TŁUMACKI,1927,baseline,753509017.9373434,204907.94401133695,753304109.993332
WADOWICKI,1927,baseline,1131837218.1640556,368293.3057596823,1131468924.858296
WARSZAWSKI,1927,baseline,1014752825.858801,1751552.3887974066,1013001273.4700036
WIELUŃSKI,1927,baseline,1265167091.6614275,133738.87379787723,1265033352.7876296
WILEJSKI,1927,baseline,702224565.5423236,59139.02794295911,702165426.5143806
WILEŃSKO-TROCKI,1927,baseline,733521558.1445465,123060.60090491187,733398497.5436416
WILNO (MIASTO),1927,baseline,747768281.183482,7858318.388698874,739909962.7947832
WOLSZTYŃSKI,1927,baseline,1563989419.2526064,270399.7167060322,1563719019.5359004
WOŁKOWYSKI,1927,baseline,820783037.5110302,75431.53510462362,820707605.9759256
WOŁOŻYŃSKI,1927,baseline,710690758.191109,73735.947264622,710617022.2438443
WRZESIŃSKI,1927,baseline,1292810173.2603087,385971.22203446255,1292424202.0382743
WYRZYSKI,1927,baseline,1168981569.0390658,258514.03886601602,1168723055.0001998
WYSOKOMAZOWIECKI,1927,baseline,871829120.822787,147132.45689795876,871681988.3658891
WĄBRZESKI,1927,baseline,1115280423.6671736,314258.255134129,1114966165.4120395
WĄGROWIECKI,1927,baseline,1215828146.7589297,236449.82175594015,1215591696.9371738
WĘGROWSKI,1927,baseline,909833914.5321082,185643.4452864028,909648271.0868218
WŁOCŁAWSKI,1927,baseline,1143475513.1632771,473669.9972504885,1143001843.1660266
WŁODAWSKI,1927,baseline,838482326.0456512,101067.41286966,838381258.6327815
WŁODZIMIERSKI,1927,baseline,794478239.354622,119111.84872875627,794359127.5058932
WŁOSZCZOWSKI,1927,baseline,1031091515.1838579,169805.1689705917,1030921710.0148873
ZALESZCZYCKI,1927,baseline,715065055.0252792,221136.37441098748,714843918.6508682
ZAMOJSKI,1927,baseline,845914106.2115065,243817.04922857822,845670289.1622779
ZBARASKI,1927,baseline,746034936.0695338,211529.13376867652,745823406.9357651
ZBOROWSKI,1927,baseline,772880401.3419507,189891.7219314787,772690509.6200192
ZDOŁBUNOWSKI,1927,baseline,733962588.9270726,171363.84854318204,733791225.0785295
ZŁOCZOWSKI,1927,baseline,785035993.9371032,171864.4561729546,784864129.4809302
ŁASKI,1927,baseline,1146882096.3469574,342208.16730081115,1146539888.1796567
ŁAŃCUCKI,1927,baseline,919347296.4938387,245046.20759026738,919102250.2862484
ŁOMŻYŃSKI,1927,baseline,876993648.8668015,144938.24274753226,876848710.624054
ŁOWICKI,1927,baseline,1106815602.138532,369357.9460940539,1106446244.192438
ŁUCKI,1927,baseline,769746149.4509046,70204.85609185965,769675944.5948128
ŁUKOWSKI,1927,baseline,934946425.0732183,168310.10232427562,934778114.9708941
ŁUNINIECKI,1927,baseline,736821512.2129774,36790.263710032974,736784721.9492674
ŁÓDZKI,1927,baseline,1139746218.5788434,1014754.6007960122,1138731463.9780474
ŁÓDŹ (MIASTO),1927,baseline,1236145054.441549,103369802.73679475,1132775251.7047544
ŁĘCZYCKI,1927,baseline,1137160492.6122222,421455.796760447,1136739036.8154616
ŚNIATYŃSKI,1927,baseline,724046498.8073245,284896.4945354954,723761602.3127891
ŚREDZKI,1927,baseline,1353832363.897823,338826.7992296001,1353493537.0985935
ŚREMSKI,1927,baseline,1345201156.8930283,262748.2568856882,1344938408.6361425
ŚWIECKI,1927,baseline,1110206297.840594,210742.32947203377,1109995555.511122
ŚWIĘCIAŃSKI,1927,baseline,702825391.3462108,54456.05882887931,702770935.287382
ŚWIĘTOCHŁOWICKI,1927,baseline,1326304227.741214,18054741.78144479,1308249485.9597692
ŻNIŃSKI,1927,baseline,1249170757.6833506,321882.5649336697,1248848875.1184168
ŻYDACZOWSKI,1927,baseline,787564128.0967844,175177.4309516215,787388950.6658328
ŻYWIECKI,1927,baseline,1145560472.332407,340881.2008475304,1145219591.1315594
ŻÓŁKIEWSKI,1927,baseline,807726472.24384,220949.95951636432,807505522.2843236
AUGUSTOWSKI,1928,baseline,813569392.6037074,102809.81563327233,813466582.7880741
BARANOWICKI,1928,baseline,782183881.7446376,91440.38379043726,782092441.3608471
BIALSKI (BIAŁA KRAKOWSKA),1928,baseline,1241071853.887605,1169655.5163467205,1239902198.3712583
BIALSKI (BIAŁA PODLASKA),1928,baseline,941802001.6689914,197058.01461227267,941604943.6543791
BIAŁOSTOCKI,1928,baseline,903242055.6404272,200519.91583074105,903041535.7245965
BIELSKI (BIELSK PODLASKI),1928,baseline,900985116.9716845,84531.1622658825,900900585.8094186
BIELSKO,1928,baseline,1239980196.090812,3852336.90419892,1236127859.186613
BIŁGORAJSKI,1928,baseline,862740440.2525803,159619.72566998584,862580820.5269103
BOCHEŃSKI,1928,baseline,1135473005.3857465,337326.03095862037,1135135679.3547878
BORSZCZOWSKI,1928,baseline,739407804.6290239,204222.30866678167,739203582.3203571
BRASŁAWSKI,1928,baseline,705689703.803696,45491.018794544754,705644212.7849015
BRODNICKI,1928,baseline,1136295457.0015662,386940.64017535467,1135908516.3613908
BRODZKI,1928,baseline,815709295.046755,206608.171785909,815502686.874969
BRZESKI (BRZESKO),1928,baseline,1061128816.3674982,348025.2588104707,1060780791.1086876
BRZESKI (BRZEŚĆ N.BUG.),1928,baseline,915016614.8830793,117144.49549998206,914899470.3875793
BRZEZIŃSKI,1928,baseline,1172075892.393806,628559.9514036336,1171447332.4424024
BRZEŻAŃSKI,1928,baseline,810420314.2698939,207283.32468577567,810213030.9452081
BRZOZOWSKI,1928,baseline,933677843.5753088,328893.1923366983,933348950.3829721
BUCZACKI,1928,baseline,774122711.250051,226197.07768673636,773896514.1723642
BYDGOSKI,1928,baseline,1230668027.7470498,445186.3849335861,1230222841.3621163
BÓBRECKI,1928,baseline,826729769.9808496,275627.7519360796,826454142.2289135
BĘDZIŃSKI,1928,baseline,1295076573.8145678,1022800.5805819787,1294053773.233986
BŁOŃSKI,1928,baseline,1110945523.773692,604872.4124868711,1110340651.361205
CHEŁMIŃSKI,1928,baseline,1161254951.231053,435117.6657704829,1160819833.5652826
CHEŁMSKI,1928,baseline,907532028.597801,217090.95112032007,907314937.6466806
CHODZIESKI,1928,baseline,1312734578.8772097,276416.26026911475,1312458162.6169405
CHOJNICKI,1928,baseline,1150206554.5039341,145956.8681073215,1150060597.6358268
CHORZÓW,1928,baseline,1462727351.0308285,84057346.58386643,1378670004.446962
CHRZANOWSKI,1928,baseline,1265268366.0276523,919119.2244135314,1264349246.8032386
CIECHANOWSKI,1928,baseline,1049741874.1233666,345262.5219009982,1049396611.6014656
CIESZYŃSKI,1928,baseline,1197329081.559875,897953.7000814643,1196431127.8597937
CZARNKOWSKI,1928,baseline,1290687374.5051594,261588.65963714858,1290425785.8455222
CZORTKOWSKI,1928,baseline,763734736.7839081,369991.00366458966,763364745.7802435
CZĘSTOCHOWSKI,1928,baseline,1182728539.854004,397287.89110579743,1182331251.962898
DOBROMILSKI,1928,baseline,902727962.789025,211598.11467369835,902516364.6743512
DOLIŃSKI,1928,baseline,827620869.1365162,107034.12635556521,827513835.0101607
DROHICKI,1928,baseline,842649385.7681686,127606.20484596654,842521779.5633225
DROHOBYCKI,1928,baseline,868155472.0898,354695.2573810053,867800776.832419
DUBIEŃSKI,1928,baseline,786088872.1869121,118355.12175824822,785970517.0651538
DZIAŁDOWSKI,1928,baseline,1068779217.2459068,150884.21867057233,1068628333.0272362
DZIŚNIEŃSKI,1928,baseline,704849857.9218307,60528.66420534625,704789329.2576253
DĄBROWSKI,1928,baseline,1054230360.6978258,271999.7929282965,1053958360.9048975
GARWOLIŃSKI,1928,baseline,1020060946.2758971,244592.66900290994,1019816353.6068943
GNIEŹNIEŃSKI,1928,baseline,1328972385.1878867,360185.40886028646,1328612199.7790265
GORLICKI,1928,baseline,1008504655.580647,286166.25676352944,1008218489.3238834
GOSTYNIŃSKI,1928,baseline,1148587267.078436,418032.52764463954,1148169234.5507913
GOSTYŃSKI,1928,baseline,1437608002.1528187,446853.9337853952,1437161148.2190332
GRODZIEŃSKI,1928,baseline,847800407.264676,85414.07076803615,847714993.193908
GRUDZIĄDZKI,1928,baseline,1156619737.2269607,632998.7442867307,1155986738.482674
GRÓDECKI,1928,baseline,854718306.3201451,309405.4562720561,854408900.8638731
GRÓJECKI,1928,baseline,1018026755.3803155,436489.94925853936,1017590265.431057
HOROCHOWSKI,1928,baseline,808448336.6426914,157340.32437534508,808290996.318316
HORODEŃSKI,1928,baseline,756013779.0432154,320579.276369131,755693199.7668463
HRUBIESZOWSKI,1928,baseline,854752843.2704996,268428.37580000615,854484414.8946996
INOWROCŁAWSKI,1928,baseline,1274928966.6144521,470212.8753637048,1274458753.7390885
IWACEWICKI,1928,baseline,824938935.2363067,59167.44951205285,824879767.7867947
IŁŻECKI,1928,baseline,1047877757.0611968,219698.06501482293,1047658058.996182
JANOWSKI,1928,baseline,958060762.8751843,205748.19922427938,957855014.6759601
JAROCIŃSKI,1928,baseline,1382047907.0721166,518305.5579474945,1381529601.5141692
JAROSŁAWSKI,1928,baseline,952849756.9251331,222683.908860514,952627073.0162725
JASIELSKI,1928,baseline,989767152.1974541,273501.61110599694,989493650.586348
JAWOROWSKI,1928,baseline,835737165.8282834,203795.94313104125,835533369.8851523
JĘDRZEJOWSKI,1928,baseline,1139612757.1470368,247434.40961002812,1139365322.7374268
KALISKI,1928,baseline,1293518044.9899676,429395.70929906267,1293088649.2806685
KAMIONECKI,1928,baseline,840447112.5668683,236754.37021776926,840210358.1966505
KARTUSKI,1928,baseline,1091156675.0432029,151617.9238696002,1091005057.1193333
KATOWICE,1928,baseline,1369658849.135233,16172493.536140041,1353486355.599093
KAŁUSKI,1928,baseline,818777487.8584466,180473.97661071504,818597013.8818359
KIELECKI,1928,baseline,1115379452.4754512,270863.5468087367,1115108588.9286425
KOBRYŃSKI,1928,baseline,872363933.416841,94102.74015039127,872269830.6766907
KOLBUSZOWSKI,1928,baseline,992200713.323061,233354.14743396983,991967359.175627
KOLSKI,1928,baseline,1230810048.370477,353207.534354053,1230456840.836123
KONECKI,1928,baseline,1117067000.730688,237103.28153988608,1116829897.4491482
KONIŃSKI,1928,baseline,1264274659.9745739,303255.75959174475,1263971404.214982
KOPYCZYNIECKI,1928,baseline,765330989.8725896,302331.4927389526,765028658.3798506
KOSOWSKI (KOSÓW HUCULSKI),1928,baseline,757027183.2686262,67428.40109585499,756959754.8675303
KOSTOPOLSKI,1928,baseline,767112545.0746642,77857.97793940321,767034687.0967249
KOSZYRSKI,1928,baseline,792081591.4107121,55228.101259332136,792026363.3094528
KOWELSKI,1928,baseline,844819017.7852539,68894.49122634021,844750123.2940276
KOZIENICKI,1928,baseline,1005744362.0738919,168795.3201040089,1005575566.7537879
KOŁOMYJSKI,1928,baseline,778187337.3771802,307582.6750507628,777879754.7021295
KOŚCIAŃSKI,1928,baseline,1505917546.9578648,535186.3411829555,1505382360.6166818
KOŚCIERSKI,1928,baseline,1103395312.5202978,178115.70789677778,1103217196.812401
KRAKOWSKI,1928,baseline,1189739471.0851717,3282844.642405454,1186456626.4427662
KRAKÓW (MIASTO),1928,baseline,1249927131.0519168,62999430.182969525,1186927700.8689473
KRASNOSTAWSKI,1928,baseline,900619364.7581774,263560.098790575,900355804.6593869
KROTOSZYŃSKI,1928,baseline,1383260763.658208,531324.6542177721,1382729439.0039902
KROŚNIEŃSKI,1928,baseline,971034484.4258424,400411.49568875175,970634072.9301536
KRZEMIENIECKI,1928,baseline,769827339.8008878,137205.77244502824,769690134.0284427
KUTNOWSKI,1928,baseline,1194272089.312404,905606.0495431693,1193366483.2628608
KĘPIŃSKI,1928,baseline,1342386333.5633829,374850.450759907,1342011483.112623
LESKI,1928,baseline,889803941.2087104,129350.14145423775,889674591.0672562
LESZCZYŃSKI,1928,baseline,1520238086.511839,522797.90343485307,1519715288.6084042
LIDZKI,1928,baseline,797915598.1246755,77061.19102200876,797838536.9336535
LIMANOWSKI,1928,baseline,1068603203.6610605,200484.42132763073,1068402719.2397329
LIPNOWSKI,1928,baseline,933514092.5352875,253909.80555518618,933260182.7297323
LUBACZOWSKI,1928,baseline,828035222.0744988,163834.94251498286,827871387.1319838
LUBARTOWSKI,1928,baseline,941896787.5907152,253796.10127620783,941642991.489439
LUBAWSKI,1928,baseline,1077998141.9780424,323526.8098949186,1077674615.1681476
LUBELSKI,1928,baseline,961620844.6831818,481695.9138637156,961139148.7693181
LUBLINIECKI,1928,baseline,1326295390.2578971,450893.9684745874,1325844496.2894225
LUBOMELSKI,1928,baseline,872338177.4192942,77080.36654550582,872261097.0527487
LWOWSKI,1928,baseline,866120016.9507419,2687761.98477992,863432254.9659619
LWÓW (MIASTO),1928,baseline,898877422.1337438,30506934.022946075,868370488.1107976
M. ST. WARSZAWA,1928,baseline,1178925938.9161768,109634174.78313325,1069291764.1330435
MAKOWSKI (MAKÓW MAZOWIECKI),1928,baseline,1003459474.9861937,188584.57724380962,1003270890.4089499
MIECHOWSKI,1928,baseline,1167785769.4556496,296082.2743958719,1167489687.1812537
MIELECKI,1928,baseline,1020849979.2158029,234170.2900142206,1020615808.9257886
MIĘDZYCHODZKI,1928,baseline,1528237280.5899982,232996.2029492809,1528004284.387049
MIŃSKI,1928,baseline,1027435728.2481576,407308.3454173631,1027028419.9027402
MOGILEŃSKI,1928,baseline,1302508606.3401718,443095.4205552292,1302065510.9196167
MORSKI,1928,baseline,1039167242.7799737,223701.5138056149,1038943541.2661681
MOŁODECZAŃSKI,1928,baseline,745537903.6766204,173581.315770322,745364322.3608501
MOŚCISKI,1928,baseline,907051879.2512884,287161.35312439,906764717.898164
MYŚLENICKI,1928,baseline,1102220546.7349303,302207.3492610593,1101918339.3856692
MŁAWSKI,1928,baseline,1059818378.3819004,247470.44525088507,1059570907.9366496
NADWÓRNIAŃSKI,1928,baseline,776558935.0036919,132693.79959937738,776426241.2040925
NIESZAWSKI,1928,baseline,1202930549.9588509,353465.59853872797,1202577084.3603122
NIEŚWIESKI,1928,baseline,781985279.9148415,175205.2494522859,781810074.6653893
NIŻAŃSKI,1928,baseline,985647254.1494296,190938.92723828982,985456315.2221912
NOWOGRÓDZKI,1928,baseline,773388270.983116,106366.07961518376,773281904.9035008
NOWOSĄDECKI,1928,baseline,1042145947.4128574,208893.73757199384,1041937053.6752855
NOWOTARSKI,1928,baseline,1101972608.3099318,183649.40458187106,1101788958.90535
NOWOTOMYSKI,1928,baseline,1590125569.8190906,384434.53611304204,1589741135.2829776
OBORNICKI,1928,baseline,1396916061.6045094,297085.2488956035,1396618976.3556137
OLKUSKI,1928,baseline,1233479579.9035852,306038.0883348171,1233173541.8152504
OPATOWSKI,1928,baseline,1053140746.0625064,316866.54421119136,1052823879.5182953
OPOCZYŃSKI,1928,baseline,1125360509.3723044,245472.88426540536,1125115036.488039
OSTROWSKI (OSTRÓW MAZOWIECKA),1928,baseline,959528460.5640192,183040.68434758,959345419.8796716
OSTROWSKI (OSTRÓW WIELKOPOLSKI),1928,baseline,1375374048.4656987,374073.8028113297,1374999974.6628873
OSTROŁĘCKI,1928,baseline,944501640.6888034,155781.92827871215,944345858.7605247
OSZMIAŃSKI,1928,baseline,721891057.7700038,93445.21643447118,721797612.5535693
PIOTRKOWSKI,1928,baseline,1167878722.1131191,343959.5832291484,1167534762.52989
PIŃCZOWSKI,1928,baseline,1057767340.7908113,295018.1754987027,1057472322.6153126
PIŃSKI,1928,baseline,807479978.9185996,72517.01250419107,807407461.9060954
PODHAJECKI,1928,baseline,804375523.6672288,202414.08272379142,804173109.5845051
POSTAWSKI,1928,baseline,712832528.1738616,66308.9525961446,712766219.2212654
POZNAŃ (MIASTO),1928,baseline,1530793225.2135084,31889040.37138539,1498904184.842123
POZNAŃSKI,1928,baseline,1472183269.8042488,1042316.3547350005,1471140953.449514
PRUŻAŃSKI,1928,baseline,858676521.2475163,98741.45110067808,858577779.7964156
PRZASNYCKI,1928,baseline,921019136.7220762,159917.2715678943,920859219.4505082
PRZEMYSKI,1928,baseline,932278545.9373475,372656.43671452603,931905889.500633
PRZEMYŚLAŃSKI,1928,baseline,833018794.7562279,234560.85660343687,832784233.8996245
PRZEWORSKI,1928,baseline,960269600.2224835,580928.5531250566,959688671.6693585
PSZCZYŃSKI,1928,baseline,1317044735.677047,854587.8299633783,1316190147.8470836
PUŁAWSKI,1928,baseline,965524734.9685833,256552.7636628947,965268182.2049204
PUŁTUSKI,1928,baseline,1013552575.78592,275954.3392741226,1013276621.4466459
PŁOCKI,1928,baseline,1120886841.0453358,444127.0016800987,1120442714.0436556
PŁOŃSKI,1928,baseline,1001632389.416042,297327.4382346906,1001335061.9778073
RADOMSKI,1928,baseline,1061976255.4448119,224523.51311803662,1061751731.9316939
RADOMSZCZAŃSKI,1928,baseline,1175983603.204205,253594.7831627042,1175730008.4210424
RADZIECHOWSKI,1928,baseline,814040813.915049,161035.27803482543,813879778.6370142
RADZYMIŃSKI,1928,baseline,1026701426.1186742,507647.69384266326,1026193778.4248315
RADZYŃSKI,1928,baseline,964636497.322766,186572.04739620906,964449925.2753698
RAWICKI,1928,baseline,1443005210.709309,616079.463432624,1442389131.2458766
RAWSKI (RAWA MAZOWIECKA),1928,baseline,1120305561.7614877,274570.132750497,1120030991.6287372
RAWSKI (RAWA RUSKA),1928,baseline,850551410.2866483,178587.39851766368,850372822.8881307
ROHATYŃSKI,1928,baseline,808457216.7110403,192756.3074277037,808264460.4036126
ROPCZYCKI,1928,baseline,1039505165.9840671,268693.2644514154,1039236472.7196157
RUDECKI,1928,baseline,874639807.0162655,331354.0341841099,874308452.9820814
RYBNICKI,1928,baseline,1252557248.086224,1145030.0174132946,1251412218.0688107
RYPIŃSKI,1928,baseline,931303318.1924868,296259.8359389122,931007058.3565478
RZESZOWSKI,1928,baseline,991283397.656709,364019.6940986029,990919377.9626104
RÓWIEŃSKI,1928,baseline,780583043.5539243,178838.76530425568,780404204.7886201
SAMBORSKI,1928,baseline,891664433.0288779,295752.796410635,891368680.2324672
SANDOMIERSKI,1928,baseline,1027111773.9238498,295027.30961522117,1026816746.6142346
SANOCKI,1928,baseline,897744445.3617142,197020.92333005168,897547424.4383842
SARNEŃSKI,1928,baseline,777219908.2009894,49374.1378184045,777170534.0631709
SIEDLECKI,1928,baseline,989242268.081505,254106.12924645963,988988161.9522585
SIERADZKI,1928,baseline,1244647768.789872,387685.8019611359,1244260082.9879107
SIERPECKI,1928,baseline,952627298.6543906,300964.78903562494,952326333.8653549
SKAŁACKI,1928,baseline,773669822.8144103,234279.10726255423,773435543.7071477
SKIERNIEWICKI,1928,baseline,1151037267.9908834,448345.39805020124,1150588922.592833
SOCHACZEWSKI,1928,baseline,1108596558.302012,403212.51059769304,1108193345.7914143
SOKALSKI,1928,baseline,828550129.9154441,213368.2606174546,828336761.6548266
SOKOŁOWSKI,1928,baseline,968588421.9531676,235846.91085119746,968352575.0423163
SOKÓLSKI,1928,baseline,873351006.4981803,129192.99662151758,873221813.5015588
STANISŁAWOWSKI,1928,baseline,803318838.7852509,330346.54354386684,802988492.2417071
STAROGARDZKI,1928,baseline,1114700452.2875643,269368.73080995126,1114431083.5567544
STOLIŃSKI,1928,baseline,757782439.6764741,46538.83225512807,757735900.844219
STOPNICKI,1928,baseline,1017231018.0108662,198546.46463820836,1017032471.5462279
STOŁPECKI,1928,baseline,766268969.2290573,133714.69419176725,766135254.5348655
STRYJSKI,1928,baseline,850985647.7403736,179040.0764338366,850806607.6639398
SUWALSKI,1928,baseline,800877801.7220827,120111.51227662971,800757690.2098061
SZAMOTULSKI,1928,baseline,1449794659.8831763,319292.4733613701,1449475367.409815
SZCZUCZYŃSKI (WOJ. BIAŁOSTOCKIE),1928,baseline,855189147.9223633,153200.48597025132,855035947.436393
SZCZUCZYŃSKI (WOJ. NOWOGRÓDZKIE),1928,baseline,824270519.8394907,75982.65196661878,824194537.1875241
SZUBIŃSKI,1928,baseline,1273563565.3824532,332360.3815364059,1273231205.0009167
SĘPOLEŃSKI,1928,baseline,1203513058.4283087,378757.5238110209,1203134300.9044976
SŁONIMSKI,1928,baseline,822204490.3017443,103805.79968464896,822100684.5020597
TARNOBRZESKI,1928,baseline,1013247016.957888,262419.99091313407,1012984596.9669749
TARNOGÓRSKI,1928,baseline,1354780095.5578773,2129894.3027176526,1352650201.2551596
TARNOPOLSKI,1928,baseline,794298620.5198164,249979.2722766584,794048641.2475398
TARNOWSKI,1928,baseline,1076526560.4263866,436428.34498046583,1076090132.081406
TCZEWSKI,1928,baseline,1098541972.8312635,517129.00163132267,1098024843.8296323
TOMASZOWSKI,1928,baseline,838038130.9098579,226871.60106460456,837811259.3087933
TORUŃSKI,1928,baseline,1218041313.154714,479953.38537514064,1217561359.769339
TREMBOWELSKI,1928,baseline,779479980.4117507,279402.4307553436,779200577.9809953
TUCHOLSKI,1928,baseline,1158332162.8271763,228613.2861034912,1158103549.5410728
TURCZAŃSKI,1928,baseline,859777032.6366369,113527.58127929596,859663505.0553576
TURECKI,1928,baseline,1216521971.2166386,215060.5840910336,1216306910.6325476
TŁUMACKI,1928,baseline,790676269.617198,245452.2825476048,790430817.3346504
WADOWICKI,1928,baseline,1187123861.8657272,467795.315880162,1186656066.5498471
WARSZAWSKI,1928,baseline,1065763518.3917632,2075293.4558613251,1063688224.9359019
WIELUŃSKI,1928,baseline,1327171834.885666,172656.45500149112,1326999178.4306643
WILEJSKI,1928,baseline,737047853.6409625,76948.73137461676,736970904.9095879
WILEŃSKO-TROCKI,1928,baseline,770121044.5536784,150462.90242853577,769970581.6512499
WILNO (MIASTO),1928,baseline,784963545.7311071,8331950.451578588,776631595.2795285
WOLSZTYŃSKI,1928,baseline,1640234773.2564652,311231.2559235015,1639923542.0005417
WOŁKOWYSKI,1928,baseline,861566317.6022778,101912.14670135253,861464405.4555764
WOŁOŻYŃSKI,1928,baseline,745908498.667641,85376.4621163628,745823122.2055247
WRZESIŃSKI,1928,baseline,1357151466.2623284,460579.37254132854,1356690886.889787
WYRZYSKI,1928,baseline,1228337180.4334102,314641.90266817226,1228022538.530742
WYSOKOMAZOWIECKI,1928,baseline,915285778.2830708,186799.0466843903,915098979.2363864
WĄBRZESKI,1928,baseline,1172462438.7528322,388781.48765032133,1172073657.2651818
WĄGROWIECKI,1928,baseline,1276964964.3038955,288648.31538063334,1276676315.988515
WĘGROWSKI,1928,baseline,955109124.8329552,226128.73095671815,954882996.1019986
WŁOCŁAWSKI,1928,baseline,1200953155.6469884,514229.29822233494,1200438926.348766
WŁODAWSKI,1928,baseline,879947788.2646359,117832.32354930152,879829955.9410866
WŁODZIMIERSKI,1928,baseline,833859194.8416216,151135.5840981804,833708059.2575234
WŁOSZCZOWSKI,1928,baseline,1081825136.2060287,208531.63832878496,1081616604.5677
ZALESZCZYCKI,1928,baseline,750344746.9549482,266160.168413674,750078586.7865345
ZAMOJSKI,1928,baseline,887862627.9941591,282824.1095805279,887579803.8845786
ZBARASKI,1928,baseline,782834385.4779918,231213.10274366417,782603172.3752482
ZBOROWSKI,1928,baseline,811004884.0136793,220284.63119077205,810784599.3824885
ZDOŁBUNOWSKI,1928,baseline,770299036.0694386,203419.70032183512,770095616.3691168
ZŁOCZOWSKI,1928,baseline,823782304.3327955,210559.44998514335,823571744.8828104
ŁASKI,1928,baseline,1203723466.4032743,455523.6107514951,1203267942.792523
ŁAŃCUCKI,1928,baseline,964697423.4312522,316190.1909987938,964381233.2402534
ŁOMŻYŃSKI,1928,baseline,920694016.0245453,186158.58827411063,920507857.4362712
ŁOWICKI,1928,baseline,1162025256.7105837,470750.451757377,1161554506.2588263
ŁUCKI,1928,baseline,807884048.9585608,92774.62331546121,807791274.3352454
ŁUKOWSKI,1928,baseline,981394274.3955693,190592.03103514737,981203682.3645341
ŁUNINIECKI,1928,baseline,773301772.0899879,42743.60467075066,773259028.4853171
ŁÓDZKI,1928,baseline,1196667178.5089302,1301903.4346868314,1195365275.0742433
ŁÓDŹ (MIASTO),1928,baseline,1314546205.6546035,125541365.83102652,1189004839.823577
ŁĘCZYCKI,1928,baseline,1194003515.8915286,550068.3204327682,1193453447.571096
ŚNIATYŃSKI,1928,baseline,759782769.9415758,341036.6994091394,759441733.2421666
ŚREDZKI,1928,baseline,1420537470.7600336,412845.5021915832,1420124625.257842
ŚREMSKI,1928,baseline,1411466906.5080793,327549.7463727356,1411139356.7617066
ŚWIECKI,1928,baseline,1168670185.0125375,251687.8975304948,1168418497.115007
ŚWIĘCIAŃSKI,1928,baseline,737688770.8336846,63049.74367885084,737625721.0900058
ŚWIĘTOCHŁOWICKI,1928,baseline,1393125048.4562902,21279992.594776656,1371845055.8615136
ŻNIŃSKI,1928,baseline,1312130926.702287,403268.6259880776,1311727658.076299
ŻYDACZOWSKI,1928,baseline,826418027.5248294,201863.57424654733,826216163.9505829
ŻYWIECKI,1928,baseline,1201419099.4392574,403384.8334235047,1201015714.6058338
ŻÓŁKIEWSKI,1928,baseline,847676687.8641325,265877.6421433821,847410810.2219892
AUGUSTOWSKI,1929,baseline,805747932.4874548,79205.35209396313,805668727.1353608
BARANOWICKI,1929,baseline,774822908.7797432,66509.10315847339,774756399.6765847
BIALSKI (BIAŁA KRAKOWSKA),1929,baseline,1230280900.5400016,1129537.1326357953,1229151363.4073658
BIALSKI (BIAŁA PODLASKA),1929,baseline,932743008.8235457,154809.94160036428,932588198.8819454
BIAŁOSTOCKI,1929,baseline,894481220.7145696,190150.00550789325,894291070.7090616
BIELSKI (BIELSK PODLASKI),1929,baseline,892276265.5375165,71056.37077688059,892205209.1667396
BIELSKO,1929,baseline,1228666195.2745833,3200808.0070212297,1225465387.2675622
BIŁGORAJSKI,1929,baseline,854516750.2918812,121388.88364461945,854395361.4082366
BOCHEŃSKI,1929,baseline,1125485517.113951,281571.80665616243,1125203945.3072948
BORSZCZOWSKI,1929,baseline,732512422.9568607,145681.90560299187,732366741.0512576
BRASŁAWSKI,1929,baseline,698973478.8382145,37310.771084977525,698936168.0671295
BRODNICKI,1929,baseline,1123427654.455453,299812.72343395016,1123127841.732019
BRODZKI,1929,baseline,808112015.3057237,156678.84555125976,807955336.4601724
BRZESKI (BRZESKO),1929,baseline,1051654891.9947002,261341.85491519904,1051393550.139785
BRZESKI (BRZEŚĆ N.BUG.),1929,baseline,906248547.7460927,94408.15819354923,906154139.5878991
BRZEZIŃSKI,1929,baseline,1160834998.2027605,627096.4857923803,1160207901.716968
BRZEŻAŃSKI,1929,baseline,802870913.3776594,157410.33534344277,802713503.042316
BRZOZOWSKI,1929,baseline,925065241.6689769,265951.216262774,924799290.4527141
BUCZACKI,1929,baseline,766919865.6797316,169532.23866761808,766750333.441064
BYDGOSKI,1929,baseline,1217170454.1928227,432154.4671099298,1216738299.7257128
BÓBRECKI,1929,baseline,819049150.6180967,222249.15033016296,818826901.4677665
BĘDZIŃSKI,1929,baseline,1284096442.7918673,1139215.4110088479,1282957227.3808584
BŁOŃSKI,1929,baseline,1100236164.645646,613359.9296496322,1099622804.7159965
CHEŁMIŃSKI,1929,baseline,1148149664.7699115,352287.10396163823,1147797377.6659498
CHEŁMSKI,1929,baseline,898852808.1854644,172942.30425048093,898679865.8812139
CHODZIESKI,1929,baseline,1299576102.128332,238930.46612100815,1299337171.662211
CHOJNICKI,1929,baseline,1136538243.439814,121116.9880091166,1136417126.4518049
CHORZÓW,1929,baseline,1454441710.2783465,87532495.69673534,1366909214.5816112
CHRZANOWSKI,1929,baseline,1254394886.2415967,972567.4226056996,1253422318.818991
CIECHANOWSKI,1929,baseline,1038653559.4121188,304913.14373912587,1038348646.2683797
CIESZYŃSKI,1929,baseline,1186877473.7927783,814049.5307853697,1186063424.261993
CZARNKOWSKI,1929,baseline,1278210765.775678,212045.20739909634,1277998720.5682788
CZORTKOWSKI,1929,baseline,756590494.1304817,281353.06873418274,756309141.0617476
CZĘSTOCHOWSKI,1929,baseline,1171999812.4481544,385969.8014870941,1171613842.6466672
DOBROMILSKI,1929,baseline,894420047.0939447,162867.97291967337,894257179.121025
DOLIŃSKI,1929,baseline,819996210.4562136,98291.09547858078,819897919.360735
DROHICKI,1929,baseline,834599096.5518351,98909.38581704143,834500187.166018
DROHOBYCKI,1929,baseline,860203721.9174359,371113.8775050545,859832608.0399308
DUBIEŃSKI,1929,baseline,778751466.7787184,98789.84821792197,778652676.9305004
DZIAŁDOWSKI,1929,baseline,1057264571.9365013,116227.09055776522,1057148344.8459435
DZIŚNIEŃSKI,1929,baseline,698163049.4194635,51734.31296659377,698111315.1064969
DĄBROWSKI,1929,baseline,1044783123.7309192,200638.11709203868,1044582485.6138272
GARWOLIŃSKI,1929,baseline,1010106919.6005825,199130.3864937901,1009907789.2140887
GNIEŹNIEŃSKI,1929,baseline,1315182034.661626,300087.3378640909,1314881947.323762
GORLICKI,1929,baseline,999463767.0152087,220124.59764509817,999243642.4175637
GOSTYNIŃSKI,1929,baseline,1137208753.7864037,343105.3681397339,1136865648.418264
GOSTYŃSKI,1929,baseline,1424498333.1358042,379743.68637147715,1424118589.4494326
GRODZIEŃSKI,1929,baseline,839595860.5431901,72328.13904817394,839523532.4041419
GRUDZIĄDZKI,1929,baseline,1142866973.1764276,593864.0269047677,1142273109.1495228
GRÓDECKI,1929,baseline,846789376.5670149,253700.3534725639,846535676.2135423
GRÓJECKI,1929,baseline,1013072221.2302381,236857.65860845646,1012835363.5716296
HOROCHOWSKI,1929,baseline,800939071.6624947,119115.73209689798,800819955.9303977
HORODEŃSKI,1929,baseline,748947017.0086292,229665.44444497835,748717351.5641842
HRUBIESZOWSKI,1929,baseline,846589644.5945278,213389.88818685478,846376254.706341
INOWROCŁAWSKI,1929,baseline,1261678200.075308,414272.78872083937,1261263927.2865872
IWACEWICKI,1929,baseline,817094132.0006016,48138.4748574892,817045993.5257442
IŁŻECKI,1929,baseline,1038146741.6108918,174941.615611009,1037971799.9952809
JANOWSKI,1929,baseline,948996864.5759847,150993.57820086152,948845870.9977839
JAROCIŃSKI,1929,baseline,1369092593.1046603,398670.2098478774,1368693922.8948123
JAROSŁAWSKI,1929,baseline,944053333.3267093,174863.5593572175,943878469.7673521
JASIELSKI,1929,baseline,980852456.1390295,214584.86098626975,980637871.2780433
JAWOROWSKI,1929,baseline,827965446.847723,163930.2257212007,827801516.6220018
JĘDRZEJOWSKI,1929,baseline,1129286100.251177,200493.1928628193,1129085607.0583143
KALISKI,1929,baseline,1281831947.5479834,375268.1261695981,1281456679.4218137
KAMIONECKI,1929,baseline,832624319.3977437,184655.06365661038,832439664.3340871
KARTUSKI,1929,baseline,1073879118.047274,119483.17419472033,1073759634.8730793
KATOWICE,1929,baseline,1359311936.7584736,17451438.619977687,1341860498.138496
KAŁUSKI,1929,baseline,811168129.179033,149684.5066239311,811018444.672409
KIELECKI,1929,baseline,1105145187.9027824,232177.43646980342,1104913010.4663126
KOBRYŃSKI,1929,baseline,863997538.0176339,70715.56027108416,863926822.4573629
KOLBUSZOWSKI,1929,baseline,983066230.350019,166605.76280508813,982899624.5872139
KOLSKI,1929,baseline,1218733928.2185502,292931.4890279194,1218440996.7295222
KONECKI,1929,baseline,1106584813.1427732,203935.09121660359,1106380878.0515566
KONIŃSKI,1929,baseline,1252073635.4352322,232468.67329165468,1251841166.7619405
KOPYCZYNIECKI,1929,baseline,758154645.4652269,211823.98924335808,757942821.4759835
KOSOWSKI (KOSÓW HUCULSKI),1929,baseline,750019671.0024157,54981.646290377925,749964689.3561252
KOSTOPOLSKI,1929,baseline,759879996.6205536,60227.652069807016,759819768.9684838
KOSZYRSKI,1929,baseline,784575874.4811752,42962.033788615736,784532912.4473866
KOWELSKI,1929,baseline,836782362.5403478,52163.88465751471,836730198.6556903
KOZIENICKI,1929,baseline,996130086.5773945,138654.8681085105,995991431.709286
KOŁOMYJSKI,1929,baseline,770907942.8410444,212525.8857982616,770695416.9552462
KOŚCIAŃSKI,1929,baseline,1492298762.4490044,440144.545429735,1491858617.9035747
KOŚCIERSKI,1929,baseline,1087798567.6073253,139140.3554327399,1087659427.2518926
KRAKOWSKI,1929,baseline,1179594858.8094137,3482332.8891227534,1176112525.920291
KRAKÓW (MIASTO),1929,baseline,1244873614.8909788,68298048.1435197,1176575566.7474592
KRASNOSTAWSKI,1929,baseline,891991323.8304163,197248.8316251191,891794074.9987912
KROTOSZYŃSKI,1929,baseline,1370557767.4722269,435454.1782482431,1370122313.2939787
KROŚNIEŃSKI,1929,baseline,962267686.7675742,325275.3141675687,961942411.4534066
KRZEMIENIECKI,1929,baseline,762635059.3092809,107889.71104470694,762527169.5982362
KUTNOWSKI,1929,baseline,1182304591.6373348,789460.9464772061,1181515130.6908576
KĘPIŃSKI,1929,baseline,1330177875.7295458,288112.31079508975,1329889763.4187508
LESKI,1929,baseline,881712035.1879784,93879.46711527828,881618155.7208631
LESZCZYŃSKI,1929,baseline,1506692721.8575947,431710.5254413641,1506261011.3321533
LIDZKI,1929,baseline,790293160.8169503,61490.57436935045,790231670.242581
LIMANOWSKI,1929,baseline,1059140859.1312068,150254.259550073,1058990604.8716567
LIPNOWSKI,1929,baseline,924040143.0349561,209380.87051471137,923830762.1644413
LUBACZOWSKI,1929,baseline,820199899.8575739,122024.948865713,820077874.9087081
LUBARTOWSKI,1929,baseline,932867800.774783,200853.75631961078,932666947.0184634
LUBAWSKI,1929,baseline,1065993184.4488549,244994.7804616724,1065748189.6683933
LUBELSKI,1929,baseline,952391705.0011524,424084.1118698742,951967620.8892825
LUBLINIECKI,1929,baseline,1314675349.1304805,385107.4822032567,1314290241.6482773
LUBOMELSKI,1929,baseline,864029012.7097163,60244.55107836557,863968768.158638
LWOWSKI,1929,baseline,858285285.0550584,2839412.6690145857,855445872.3860438
LWÓW (MIASTO),1929,baseline,893262604.5694398,32924600.24680034,860338004.3226395
M. ST. WARSZAWA,1929,baseline,1179545530.8937006,120814666.88144666,1058730864.0122539
MAKOWSKI (MAKÓW MAZOWIECKI),1929,baseline,992952418.9324938,159886.28286949746,992792532.6496243
MIECHOWSKI,1929,baseline,1157423961.459703,234743.5406840204,1157189217.919019
MIELECKI,1929,baseline,1011468698.6812639,169286.92907337402,1011299411.7521906
MIĘDZYCHODZKI,1929,baseline,1514808266.5568902,200081.80862856313,1514608184.7482617
MIŃSKI,1929,baseline,1017361780.1915625,396795.00173557294,1016964985.189827
MOGILEŃSKI,1929,baseline,1289306246.9643917,355611.22246826533,1288950635.7419233
MORSKI,1929,baseline,1022713511.362273,235745.00674099493,1022477766.3555319
MOŁODECZAŃSKI,1929,baseline,738421023.7066437,128867.75844983027,738292155.9481939
MOŚCISKI,1929,baseline,898640820.1673193,217157.306690707,898423662.8606286
MYŚLENICKI,1929,baseline,1092490408.4839263,216159.2828883087,1092274249.201038
MŁAWSKI,1929,baseline,1048434653.6042216,205467.05998258447,1048229186.544239
NADWÓRNIAŃSKI,1929,baseline,769371034.4568844,112967.04388955643,769258067.4129949
NIESZAWSKI,1929,baseline,1190502419.9880574,300044.69122172636,1190202375.2968357
NIEŚWIESKI,1929,baseline,774521612.0623384,128018.59372058144,774393593.4686178
NIŻAŃSKI,1929,baseline,976483373.9295382,146278.38398522208,976337095.545553
NOWOGRÓDZKI,1929,baseline,766012611.3537607,80749.69732032108,765931861.6564404
NOWOSĄDECKI,1929,baseline,1032868420.631005,171862.91324379572,1032696557.7177613
NOWOTARSKI,1929,baseline,1092161283.3963597,145082.15479849468,1092016201.2415612
NOWOTOMYSKI,1929,baseline,1576092759.449913,318571.06174462114,1575774188.3881683
OBORNICKI,1929,baseline,1383478893.598405,244549.6103266513,1383234343.988078
OLKUSKI,1929,baseline,1222712326.6296904,271674.57967379683,1222440652.0500166
OPATOWSKI,1929,baseline,1043354415.8949771,263896.7490253324,1043090519.1459517
OPOCZYŃSKI,1929,baseline,1114689820.5269663,197924.94981190746,1114491895.5771544
OSTROWSKI (OSTRÓW MAZOWIECKA),1929,baseline,950143648.4813604,150157.45702070033,949993491.0243397
OSTROWSKI (OSTRÓW WIELKOPOLSKI),1929,baseline,1362825812.5079682,338366.8776959098,1362487445.6302724
OSTROŁĘCKI,1929,baseline,935281997.9169977,122983.48219055258,935159014.4348071
OSZMIAŃSKI,1929,baseline,715021553.4015719,73256.1187554815,714948297.2828164
PIOTRKOWSKI,1929,baseline,1156926485.839237,296406.5029323236,1156630079.3363047
PIŃCZOWSKI,1929,baseline,1048039870.5315962,220740.8388257546,1047819129.6927705
PIŃSKI,1929,baseline,799797953.736621,59101.56201564327,799738852.1746054
PODHAJECKI,1929,baseline,796873261.2158576,143496.0882760113,796729765.1275816
POSTAWSKI,1929,baseline,706032088.0064499,52494.27122251303,705979593.7352275
POZNAŃ (MIASTO),1929,baseline,1520690737.1196654,35589247.97736192,1485101489.1423035
POZNAŃSKI,1929,baseline,1458532398.0597913,1033823.1016793149,1457498574.958112
PRUŻAŃSKI,1929,baseline,850485442.4729416,77446.70750614772,850407995.7654355
PRZASNYCKI,1929,baseline,912012487.0905708,136336.22163828198,911876150.8689325
PRZEMYSKI,1929,baseline,923693577.6858302,333173.5121653136,923360404.1736649
PRZEMYŚLAŃSKI,1929,baseline,825260291.5178778,187700.01945208368,825072591.4984257
PRZEWORSKI,1929,baseline,951372869.5679574,471231.8431453667,950901637.724812
PSZCZYŃSKI,1929,baseline,1305696707.0178342,824672.3139365157,1304872034.7038977
PUŁAWSKI,1929,baseline,956275149.6984632,204688.47320767073,956070461.2252555
PUŁTUSKI,1929,baseline,1003141917.7813573,245163.1572251359,1002896754.6241322
PŁOCKI,1929,baseline,1109839606.2067983,388033.42380284256,1109451572.7829955
PŁOŃSKI,1929,baseline,991334728.9656906,249195.97454910108,991085532.9911416
RADOMSKI,1929,baseline,1052203231.5068384,194252.28975076054,1052008979.2170876
RADOMSZCZAŃSKI,1929,baseline,1165122787.5443325,217103.43428397516,1164905684.1100485
RADZIECHOWSKI,1929,baseline,806471119.5895519,122211.37348431545,806348908.2160676
RADZYMIŃSKI,1929,baseline,1016651856.0093942,511697.23677756824,1016140158.7726166
RADZYŃSKI,1929,baseline,955331253.1366554,148738.431426418,955182514.705229
RAWICKI,1929,baseline,1430069213.4525225,524585.617076976,1429544627.8354456
RAWSKI (RAWA MAZOWIECKA),1929,baseline,1110077506.8792477,239905.1450361675,1109837601.7342114
RAWSKI (RAWA RUSKA),1929,baseline,842502546.9350995,135790.26856888641,842366756.6665306
ROHATYŃSKI,1929,baseline,800944591.7539994,160705.0555358073,800783886.6984636
ROPCZYCKI,1929,baseline,1030080303.9258035,203070.52650444568,1029877233.3992991
RUDECKI,1929,baseline,866533577.2751831,252967.02184622377,866280610.2533369
RYBNICKI,1929,baseline,1241734299.3179474,1115353.337239854,1240618945.9807076
RYPIŃSKI,1929,baseline,921872833.6872286,238761.73805373136,921634071.9491749
RZESZOWSKI,1929,baseline,982259425.9652051,268944.30906790186,981990481.6561372
RÓWIEŃSKI,1929,baseline,773236515.5494946,142790.75716446832,773093724.7923301
SAMBORSKI,1929,baseline,883417047.907832,233094.33726508397,883183953.5705669
SANDOMIERSKI,1929,baseline,1017704113.7854934,219246.8658528975,1017484866.9196404
SANOCKI,1929,baseline,889619093.8249767,162006.82809730177,889457086.9968793
SARNEŃSKI,1929,baseline,769843665.6924087,38369.10709586515,769805296.5853128
SIEDLECKI,1929,baseline,979588997.0907454,204009.09088838226,979384987.9998571
SIERADZKI,1929,baseline,1233045294.4993758,339477.97553683544,1232705816.523839
SIERPECKI,1929,baseline,942893439.2835356,248140.17009090158,942645299.1134447
SKAŁACKI,1929,baseline,766454257.5908698,178552.36136224627,766275705.2295076
SKIERNIEWICKI,1929,baseline,1139912830.8659687,410930.24501934275,1139501900.6209493
SOCHACZEWSKI,1929,baseline,1097957981.3429868,373905.5637978578,1097584075.7791889
SOKALSKI,1929,baseline,820735088.5096172,164818.7176548999,820570269.7919623
SOKOŁOWSKI,1929,baseline,959179334.080287,187684.08087714037,958991649.9994098
SOKÓLSKI,1929,baseline,864880750.373027,97491.87915505398,864783258.4938719
STANISŁAWOWSKI,1929,baseline,795845187.4973618,271759.9577015633,795573427.5396602
STAROGARDZKI,1929,baseline,1099110902.0181713,237724.32215491944,1098873177.6960163
STOLIŃSKI,1929,baseline,750603369.1687131,38031.27451333839,750565337.8941997
STOPNICKI,1929,baseline,1007955723.9143225,145342.4081334702,1007810381.506189
STOŁPECKI,1929,baseline,758971210.5124948,92344.95084405538,758878865.5616508
STRYJSKI,1929,baseline,843136812.5832272,152487.09449622472,842984325.4887309
SUWALSKI,1929,baseline,793175610.7715659,95124.49881930111,793080486.2727466
SZAMOTULSKI,1929,baseline,1436478679.9829803,267149.05942132324,1436211530.923559
SZCZUCZYŃSKI (WOJ. BIAŁOSTOCKIE),1929,baseline,846923253.0181725,122204.88235523144,846801048.1358173
SZCZUCZYŃSKI (WOJ. NOWOGRÓDZKIE),1929,baseline,816376613.7855064,62499.437386497884,816314114.3481199
SZUBIŃSKI,1929,baseline,1260039116.2896712,268770.36707696173,1259770345.9225943
SĘPOLEŃSKI,1929,baseline,1189846599.797001,300940.02448012267,1189545659.7725208
SŁONIMSKI,1929,baseline,814315538.5455344,74159.12843293772,814241379.4171014
TARNOBRZESKI,1929,baseline,1003814993.8222764,200021.46059938523,1003614972.3616769
TARNOGÓRSKI,1929,baseline,1343234271.9469514,2237342.440384436,1340996929.506567
TARNOPOLSKI,1929,baseline,786906959.0024588,203131.65707692443,786703827.3453819
TARNOWSKI,1929,baseline,1066951002.2660902,369140.15211773233,1066581862.1139724
TCZEWSKI,1929,baseline,1082853693.8960724,439691.9922988749,1082414001.9037735
TOMASZOWSKI,1929,baseline,830051604.3917123,170502.20353807305,829881102.1881742
TORUŃSKI,1929,baseline,1204888695.727012,446421.1169176335,1204442274.6100943
TREMBOWELSKI,1929,baseline,772189335.1610962,201890.25080965488,771987444.9102865
TUCHOLSKI,1929,baseline,1144847610.497983,187394.3057099054,1144660216.1922731
TURCZAŃSKI,1929,baseline,851852112.1805177,88415.29144694886,851763696.8890707
TURECKI,1929,baseline,1205323552.508625,169541.75523477155,1205154010.7533903
TŁUMACKI,1929,baseline,783319829.8278763,190102.0209965095,783129727.8068799
WADOWICKI,1929,baseline,1176707551.1279724,386321.54286885017,1176321229.5851035
WARSZAWSKI,1929,baseline,1054982775.8394012,1648378.055489162,1053334397.7839121
WIELUŃSKI,1929,baseline,1315312987.240251,139159.75228200632,1315173827.4879692
WILEJSKI,1929,baseline,730037731.862889,62507.5359307341,729975224.3269583
WILEŃSKO-TROCKI,1929,baseline,762939603.5793108,160390.2509259218,762779213.3283849
WILNO (MIASTO),1929,baseline,778694863.1868385,9493478.01721206,769201385.1696265
WOLSZTYŃSKI,1929,baseline,1625947911.9993062,261764.41962744686,1625686147.5796788
WOŁKOWYSKI,1929,baseline,853277025.9869115,74662.59390988841,853202363.3930017
WOŁOŻYŃSKI,1929,baseline,738813057.4597852,67841.99624560577,738745215.4635396
WRZESIŃSKI,1929,baseline,1344048688.9936268,375752.88552558376,1343672936.1081014
WYRZYSKI,1929,baseline,1215420318.1866894,268396.9863999116,1215151921.2002895
WYSOKOMAZOWIECKI,1929,baseline,906404565.6873971,146936.013441655,906257629.6739554
WĄBRZESKI,1929,baseline,1159418643.6325972,307448.3792887842,1159111195.2533085
WĄGROWIECKI,1929,baseline,1263945941.1068802,228153.81788879648,1263717787.2889915
WĘGROWSKI,1929,baseline,945843148.2773165,187068.3863521555,945656079.8909643
WŁOCŁAWSKI,1929,baseline,1188653255.0945203,500847.4828742671,1188152407.6116462
WŁODAWSKI,1929,baseline,871444649.090654,90748.93320992604,871353900.1574441
WŁODZIMIERSKI,1929,baseline,825929771.331095,118926.45537980292,825810844.8757151
WŁOSZCZOWSKI,1929,baseline,1071921874.4836599,155451.16121441167,1071766423.3224454
ZALESZCZYCKI,1929,baseline,743333415.0627736,185929.36866193434,743147485.6941117
ZAMOJSKI,1929,baseline,879369574.5334622,231787.10416438873,879137787.4292978
ZBARASKI,1929,baseline,775539573.4710947,181720.79956895142,775357852.6715257
ZBOROWSKI,1929,baseline,803433342.4859921,162192.15813623182,803271150.3278558
ZDOŁBUNOWSKI,1929,baseline,763032663.9257363,170989.526886616,762861674.3988497
ZŁOCZOWSKI,1929,baseline,816115456.2369705,161154.17906055355,815954302.05791
ŁASKI,1929,baseline,1192395137.9890776,450614.25586779835,1191944523.7332098
ŁAŃCUCKI,1929,baseline,955740716.9755764,232757.1268557049,955507959.8487207
ŁOMŻYŃSKI,1929,baseline,911713125.6080008,144514.874249725,911568610.733751
ŁOWICKI,1929,baseline,1150656033.6127555,413439.3071438634,1150242594.3056116
ŁUCKI,1929,baseline,800218453.2561964,74291.76801273385,800144161.4881836
ŁUKOWSKI,1929,baseline,971920242.340698,155218.36482055823,971765023.9758774
ŁUNINIECKI,1929,baseline,765944665.1777865,38333.07387951226,765906332.103907
ŁÓDZKI,1929,baseline,1185332673.2567527,1461720.0024452608,1183870953.2543075
ŁÓDŹ (MIASTO),1929,baseline,1327199295.6435952,149580369.44508037,1177618926.198515
ŁĘCZYCKI,1929,baseline,1182150664.045934,471704.75564575486,1181678959.2902882
ŚNIATYŃSKI,1929,baseline,752713429.0964664,282246.27244497073,752431182.8240215
ŚREDZKI,1929,baseline,1407315238.2308109,345727.8579918796,1406969510.372819
ŚREMSKI,1929,baseline,1398585011.891085,267880.5340002947,1398317131.3570845
ŚWIECKI,1929,baseline,1154030327.590076,212865.11709324727,1153817462.4729826
ŚWIĘCIAŃSKI,1929,baseline,730644250.3430699,52135.84214238319,730592114.5009276
ŚWIĘTOCHŁOWICKI,1929,baseline,1386066802.9684596,25956117.18529515,1360110685.7831645
ŻNIŃSKI,1929,baseline,1298588904.5827534,325216.26734637236,1298263688.315407
ŻYDACZOWSKI,1929,baseline,818740893.6965148,171060.49329043235,818569833.2032244
ŻYWIECKI,1929,baseline,1190970560.1428995,372722.7968520926,1190597837.3460474
ŻÓŁKIEWSKI,1929,baseline,839722222.1747537,231240.77510068548,839490981.399653
AUGUSTOWSKI,1930,baseline,795668692.1718662,79480.06936633223,795589212.1024998
BARANOWICKI,1930,baseline,765210464.4834192,57976.4713664109,765152488.0120528
BIALSKI (BIAŁA KRAKOWSKA),1930,baseline,1214936003.8302202,1127877.3680172146,1213808126.462203
BIALSKI (BIAŁA PODLASKA),1930,baseline,921064512.8213916,147376.63253263765,920917136.188859
BIAŁOSTOCKI,1930,baseline,883271861.1762481,188508.27288918768,883083352.9033589
BIELSKI (BIELSK PODLASKI),1930,baseline,881069594.7445636,69831.7496643037,880999762.9948993
BIELSKO,1930,baseline,1212784120.6557524,2560852.4401625255,1210223268.21559
BIŁGORAJSKI,1930,baseline,843813562.1967349,110620.86539191246,843702941.3313429
BOCHEŃSKI,1930,baseline,1111483074.1216147,288629.8977473997,1111194444.2238672
BORSZCZOWSKI,1930,baseline,723363510.8164623,143344.35290163584,723220166.4635607
BRASŁAWSKI,1930,baseline,690223449.8982407,33859.371865528425,690189590.5263752
BRODNICKI,1930,baseline,1109205514.1714518,278327.2385146669,1108927186.9329371
BRODZKI,1930,baseline,798001545.0676105,144638.45530552283,797856906.6123049
BRZESKI (BRZESKO),1930,baseline,1038547288.3760691,248286.46289992306,1038299001.9131691
BRZESKI (BRZEŚĆ N.BUG.),1930,baseline,894900297.8128929,85798.43814852388,894814499.3747444
BRZEZIŃSKI,1930,baseline,1146256584.4548676,662707.1594476902,1145593877.29542
BRZEŻAŃSKI,1930,baseline,792843291.5209585,163496.99179369843,792679794.5291648
BRZOZOWSKI,1930,baseline,913521746.3961346,278558.05290701054,913243188.3432276
BUCZACKI,1930,baseline,757337757.6489948,169599.48560212908,757168158.1633927
BYDGOSKI,1930,baseline,1202293475.6347766,442822.44605397043,1201850653.1887226
BÓBRECKI,1930,baseline,808838356.8533258,225919.179061189,808612437.6742647
BĘDZIŃSKI,1930,baseline,1268242473.9773238,1200088.9456369868,1267042385.0316868
BŁOŃSKI,1930,baseline,1086473836.3514814,648575.9211530028,1085825260.4303284
CHEŁMIŃSKI,1930,baseline,1139919847.8068304,334793.2306975817,1139585054.5761328
CHEŁMSKI,1930,baseline,887586288.166613,158352.30446593682,887427935.8621471
CHODZIESKI,1930,baseline,1283203533.1137683,239713.76916158045,1282963819.3446069
CHOJNICKI,1930,baseline,1122191121.187231,120750.90466305218,1122070370.282568
CHORZÓW,1930,baseline,1436723016.1869247,86815341.2330081,1349907674.9539165
CHRZANOWSKI,1930,baseline,1238816256.9494433,984599.3728084686,1237831657.576635
CIECHANOWSKI,1930,baseline,1025571489.7991474,297403.808682251,1025274085.9904652
CIESZYŃSKI,1930,baseline,1172099680.2663314,799337.6608798725,1171300342.6054516
CZARNKOWSKI,1930,baseline,1262112618.4931626,194391.5452588837,1261918226.9479036
CZORTKOWSKI,1930,baseline,747134684.7121583,277861.1891313406,746856823.523027
CZĘSTOCHOWSKI,1930,baseline,1157379889.201644,392040.0449046788,1156987849.1567392
DOBROMILSKI,1930,baseline,883244683.4209214,160765.51719582203,883083917.9037256
DOLIŃSKI,1930,baseline,809752389.1747915,107102.59103796963,809645286.5837535
DROHICKI,1930,baseline,824140388.0081546,87807.58503149802,824052580.4231231
DROHOBYCKI,1930,baseline,849502835.3740218,411437.2016933805,849091398.1723284
DUBIEŃSKI,1930,baseline,769018847.6544547,101306.1461579357,768917541.5082967
DZIAŁDOWSKI,1930,baseline,1044011918.9412725,114645.86209689823,1043897273.0791756
DZIŚNIEŃSKI,1930,baseline,689432802.7280319,48877.22756120934,689383925.5004706
DĄBROWSKI,1930,baseline,1031756796.7237902,202170.23689785044,1031554626.4868923
GARWOLIŃSKI,1930,baseline,997442340.2583022,189289.0829383197,997253051.1753639
GNIEŹNIEŃSKI,1930,baseline,1297990436.3277762,292920.60604116635,1297697515.721735
GORLICKI,1930,baseline,986986984.7111624,206126.67755521287,986780858.0336072
GOSTYNIŃSKI,1930,baseline,1122929420.5092065,304491.5156858688,1122624928.9935207
GOSTYŃSKI,1930,baseline,1406700970.9628255,388101.23967251764,1406312869.723153
GRODZIEŃSKI,1930,baseline,829053247.1858201,70866.91578193558,828982380.2700381
GRUDZIĄDZKI,1930,baseline,1128457177.0311196,608620.9355199037,1127848556.0955997
GRÓDECKI,1930,baseline,836234053.4225987,256427.2294104989,835977626.1931882
GRÓJECKI,1930,baseline,1000393940.8475313,223324.9351008974,1000170615.9124304
HOROCHOWSKI,1930,baseline,784529427.5299834,103485.04873951367,784425942.4812438
HORODEŃSKI,1930,baseline,739582262.8270777,218329.98728498849,739363932.8397927
HRUBIESZOWSKI,1930,baseline,835976937.5627189,195404.6677152017,835781532.8950037
INOWROCŁAWSKI,1930,baseline,1245907241.1021974,397451.7749475943,1245509789.3272498
IWACEWICKI,1930,baseline,806870930.325726,43571.12863994968,806827359.1970861
IŁŻECKI,1930,baseline,1025190301.856378,169266.17773761647,1025021035.6786404
JANOWSKI,1930,baseline,937113009.5185533,128747.35341284107,936984262.1651404
JAROCIŃSKI,1930,baseline,1351959617.19267,353587.8583403063,1351606029.3343298
JAROSŁAWSKI,1930,baseline,932251734.5353695,182051.11198838346,932069683.4233811
JASIELSKI,1930,baseline,968614933.189649,215357.18327536812,968399576.0063736
JAWOROWSKI,1930,baseline,817633003.2144663,178379.95406627562,817454623.2604
JĘDRZEJOWSKI,1930,baseline,1115185799.1033266,210401.60798059264,1114975397.495346
KALISKI,1930,baseline,1265991942.8943923,360250.28419429733,1265631692.610198
KAMIONECKI,1930,baseline,822219984.5121862,181207.52121859905,822038776.9909675
KARTUSKI,1930,baseline,1059961141.8544755,120802.31106228297,1059840339.5434132
KATOWICE,1930,baseline,1342750742.3471954,17634547.819615085,1325116194.5275803
KAŁUSKI,1930,baseline,800990565.5771822,152290.82214936602,800838274.7550328
KIELECKI,1930,baseline,1091346706.3940265,225449.09990579356,1091121257.2941208
KOBRYŃSKI,1930,baseline,853150775.0727414,60964.317793495626,853089810.7549479
KOLBUSZOWSKI,1930,baseline,970781064.6007544,158056.43479962504,970623008.1659547
KOLSKI,1930,baseline,1203468391.7968073,299683.87091273547,1203168707.9258945
KONECKI,1930,baseline,1092736301.0145009,194664.07959123465,1092541636.9349096
KONIŃSKI,1930,baseline,1236400670.3116648,239802.92086540093,1236160867.3907995
KOPYCZYNIECKI,1930,baseline,748665037.192922,198810.13393682236,748466227.0589852
KOSOWSKI (KOSÓW HUCULSKI),1930,baseline,740644847.7725993,56497.32464727246,740588350.447952
KOSTOPOLSKI,1930,baseline,750376736.4665878,53615.36720059779,750323121.0993872
KOSZYRSKI,1930,baseline,774770036.3096359,39878.39538112037,774730157.9142548
KOWELSKI,1930,baseline,826295547.5645632,46261.00790331338,826249286.5566598
KOZIENICKI,1930,baseline,983659998.3774872,138101.76682739257,983521896.6106598
KOŁOMYJSKI,1930,baseline,761250742.8857639,188427.61226725474,761062315.2734966
KOŚCIAŃSKI,1930,baseline,1473673165.031371,425288.0548691359,1473247876.976502
KOŚCIERSKI,1930,baseline,1073830418.2352533,132751.00894906805,1073697667.2263042
KRAKOWSKI,1930,baseline,1165168580.07477,3706565.2314180145,1161462014.8433518
KRAKÓW (MIASTO),1930,baseline,1234331482.2202873,72416171.57287061,1161915310.6474168
KRASNOSTAWSKI,1930,baseline,880811584.4134816,179386.53632018776,880632197.8771614
KROTOSZYŃSKI,1930,baseline,1353580220.7769544,419649.43327076227,1353160571.3436837
KROŚNIEŃSKI,1930,baseline,950273516.0193169,330710.5065224547,949942805.5127945
KRZEMIENIECKI,1930,baseline,753097199.218689,100203.57505969678,752996995.6436293
KUTNOWSKI,1930,baseline,1167383352.918572,704328.1454272517,1166679024.7731447
KĘPIŃSKI,1930,baseline,1313548496.7603161,259893.72322168975,1313288603.0370944
LESKI,1930,baseline,870676327.9420168,85245.82639564756,870591082.1156212
LESZCZYŃSKI,1930,baseline,1487888088.9865866,402634.51334156876,1487485454.473245
LIDZKI,1930,baseline,780405715.8771005,60842.058395162814,780344873.8187053
LIMANOWSKI,1930,baseline,1045927756.9054294,141148.18537597876,1045786608.7200534
LIPNOWSKI,1930,baseline,912398179.8184913,202280.40127892586,912195899.4172124
LUBACZOWSKI,1930,baseline,809943291.3078105,123543.41841151827,809819747.889399
LUBARTOWSKI,1930,baseline,921179123.3317465,188073.46675102357,920991049.8649955
LUBAWSKI,1930,baseline,1052510568.2212241,225511.81524535472,1052285056.4059787
LUBELSKI,1930,baseline,940451898.4656795,402023.28188124445,940049875.1837983
LUBLINIECKI,1930,baseline,1298291579.7496798,388826.3218878247,1297902753.427792
LUBOMELSKI,1930,baseline,853204536.115376,58158.381002882044,853146377.7343731
LWOWSKI,1930,baseline,847758976.3721329,3004589.872472233,844754386.4996606
LWÓW (MIASTO),1930,baseline,884588749.350874,35003764.48122312,849584984.8696508
M. ST. WARSZAWA,1930,baseline,1168938717.6477175,123488890.8843619,1045449826.7633555
MAKOWSKI (MAKÓW MAZOWIECKI),1930,baseline,980941815.2155353,158081.22398868756,980783733.9915466
MIECHOWSKI,1930,baseline,1142996756.1695464,241977.93203988863,1142754778.2375064
MIELECKI,1930,baseline,998839882.7754005,164648.21359723783,998675234.5618033
MIĘDZYCHODZKI,1930,baseline,1495976723.4709294,200523.14444705687,1495776200.3264823
MIŃSKI,1930,baseline,1004637055.9661733,421754.1165941598,1004215301.8495791
MOGILEŃSKI,1930,baseline,1273178685.6046474,334301.1213658774,1272844384.4832816
MORSKI,1930,baseline,1019150569.4012784,280484.60849266686,1018870084.7927858
MOŁODECZAŃSKI,1930,baseline,729155119.3669536,92088.89088127541,729063030.4760723
MOŚCISKI,1930,baseline,887400333.5868344,219674.73522709994,887180658.8516073
MYŚLENICKI,1930,baseline,1078891315.7328496,197761.33282469778,1078693554.400025
MŁAWSKI,1930,baseline,1035214889.7950159,199765.45772454402,1035015124.3372914
NADWÓRNIAŃSKI,1930,baseline,759765280.2199728,119628.03781142818,759645652.1821615
NIESZAWSKI,1930,baseline,1175535662.2906148,293828.34106114635,1175241833.9495537
NIEŚWIESKI,1930,baseline,764828490.9975411,111651.29032864807,764716839.7072124
NIŻAŃSKI,1930,baseline,964271430.1183364,142733.5448465806,964128696.5734899
NOWOGRÓDZKI,1930,baseline,756419905.182538,76838.53450040007,756343066.6480377
NOWOSĄDECKI,1930,baseline,1019959365.5745484,179173.89424836097,1019780191.6803
NOWOTARSKI,1930,baseline,1078453611.0914917,140328.43511965877,1078313282.656372
NOWOTOMYSKI,1930,baseline,1556422130.1604335,316529.1419417823,1556105601.0184917
OBORNICKI,1930,baseline,1366005616.5520115,234199.34382829175,1365771417.2081833
OLKUSKI,1930,baseline,1207483888.5862381,277285.4624667659,1207206603.1237714
OPATOWSKI,1930,baseline,1030324432.4141608,258949.73704612348,1030065482.6771147
OPOCZYŃSKI,1930,baseline,1100731306.6267853,184926.4837015175,1100546380.1430838
OSTROWSKI (OSTRÓW MAZOWIECKA),1930,baseline,938232685.8244829,145472.88419030132,938087212.9402926
OSTROWSKI (OSTRÓW WIELKOPOLSKI),1930,baseline,1345869111.005296,361015.9364205898,1345508095.0688753
OSTROŁĘCKI,1930,baseline,923570373.1718479,117767.62412485544,923452605.547723
OSZMIAŃSKI,1930,baseline,706061024.4795977,61097.42422099857,705999927.0553766
PIOTRKOWSKI,1930,baseline,1142471602.4254897,281322.4652678056,1142190279.9602218
PIŃCZOWSKI,1930,baseline,1034854155.6888837,207081.14815327985,1034647074.5407304
PIŃSKI,1930,baseline,789781796.6054071,52886.065977962106,789728910.5394292
PODHAJECKI,1930,baseline,786916624.882533,145194.47007929385,786771430.4124537
POSTAWSKI,1930,baseline,697180875.3314898,42991.240816703415,697137884.0906731
POZNAŃ (MIASTO),1930,baseline,1505216829.4451878,38672530.61448656,1466544298.8307014
POZNAŃSKI,1930,baseline,1440319709.9970756,1056657.9534700036,1439263052.0436056
PRUŻAŃSKI,1930,baseline,839840084.1997099,67292.97466407981,839772791.2250458
PRZASNYCKI,1930,baseline,900646535.2712053,136237.3844782641,900510297.8867271
PRZEMYSKI,1930,baseline,912187425.8393736,364736.1128675953,911822689.726506
PRZEMYŚLAŃSKI,1930,baseline,814956083.3340068,201135.60293821906,814754947.7310686
PRZEWORSKI,1930,baseline,939493665.509604,468067.7045307173,939025597.8050733
PSZCZYŃSKI,1930,baseline,1289427663.5557306,829638.9593966934,1288598024.596334
PUŁAWSKI,1930,baseline,944303717.5268147,187744.69642186505,944115972.8303928
PUŁTUSKI,1930,baseline,990606483.7578435,245161.0980338836,990361322.6598096
PŁOCKI,1930,baseline,1095921230.3770964,367377.03753036796,1095553853.339566
PŁOŃSKI,1930,baseline,978869467.4090147,241782.51430224258,978627684.8947124
RADOMSKI,1930,baseline,1039074383.5584892,192601.96982365736,1038881781.5886656
RADOMSZCZAŃSKI,1930,baseline,1150565777.632436,215014.8040396041,1150350762.8283963
RADZIECHOWSKI,1930,baseline,796468164.8862797,122111.89413924431,796346052.9921404
RADZYMIŃSKI,1930,baseline,1003983927.5510228,532854.3171822345,1003451073.2338406
RADZYŃSKI,1930,baseline,943356650.423476,144657.66152337944,943211992.7619526
RAWICKI,1930,baseline,1412289252.7787607,508735.13199125376,1411780517.6467695
RAWSKI (RAWA MAZOWIECKA),1930,baseline,1096240932.6321516,241758.2556566935,1095999174.376495
RAWSKI (RAWA RUSKA),1930,baseline,831970259.0334773,137653.313003183,831832605.7204741
ROHATYŃSKI,1930,baseline,790967066.5467731,191786.64252623572,790775279.9042468
ROPCZYCKI,1930,baseline,1017244478.8714478,212470.30874849786,1017032008.5626993
RUDECKI,1930,baseline,855710249.2452836,252518.61958595406,855457730.6256976
RYBNICKI,1930,baseline,1226320641.7468832,1145682.5434233171,1225174959.2034597
RYPIŃSKI,1930,baseline,910282623.4542204,222657.24178344043,910059966.2124369
RZESZOWSKI,1930,baseline,970022938.1181124,260311.84581758082,969762626.2722949
RÓWIEŃSKI,1930,baseline,763589501.0709717,126163.7810488009,763463337.289923
SAMBORSKI,1930,baseline,872382498.2717139,236210.14789757316,872146288.1238163
SANDOMIERSKI,1930,baseline,1004981720.465776,205907.84522630824,1004775812.6205497
SANOCKI,1930,baseline,878523900.6672325,164710.75470776856,878359189.9125247
SARNEŃSKI,1930,baseline,760186609.6472651,34317.03131643885,760152292.6159487
SIEDLECKI,1930,baseline,967290852.7574471,195170.80408435554,967095681.9533628
SIERADZKI,1930,baseline,1217577487.4056008,305325.9119166148,1217272161.493684
SIERPECKI,1930,baseline,931004917.6902403,232840.97534703006,930772076.7148932
SKAŁACKI,1930,baseline,756886380.7010318,187994.9986807172,756698385.7023511
SKIERNIEWICKI,1930,baseline,1125665465.7099495,416750.95225092664,1125248714.7576985
SOCHACZEWSKI,1930,baseline,1084342210.918646,386731.4106773746,1083955479.5079687
SOKALSKI,1930,baseline,810475220.5549452,168430.37430482314,810306790.1806405
SOKOŁOWSKI,1930,baseline,947162449.8746791,178470.915976118,946983978.9587029
SOKÓLSKI,1930,baseline,854027974.2995157,84476.57439433059,853943497.7251214
STANISŁAWOWSKI,1930,baseline,785907594.016863,278757.94379599876,785628836.073067
STAROGARDZKI,1930,baseline,1085004223.769047,245545.4668399851,1084758678.302207
STOLIŃSKI,1930,baseline,741211175.0111243,34601.07666497831,741176573.9344593
STOPNICKI,1930,baseline,995369832.0679396,138931.71632134597,995230900.3516183
STOŁPECKI,1930,baseline,749471280.7346284,71614.5647253508,749399666.169903
STRYJSKI,1930,baseline,832614963.1611193,168157.066331755,832446806.0947876
SUWALSKI,1930,baseline,783237264.2385223,88031.73203297405,783149232.5064893
SZAMOTULSKI,1930,baseline,1418436430.9899762,253537.47618402907,1418182893.513792
SZCZUCZYŃSKI (WOJ. BIAŁOSTOCKIE),1930,baseline,836313002.9670498,113226.84334859549,836199776.1237012
SZCZUCZYŃSKI (WOJ. NOWOGRÓDZKIE),1930,baseline,806158282.2451613,63764.137821721204,806094518.1073396
SZUBIŃSKI,1930,baseline,1244220665.2639074,253337.81148760387,1243967327.4524198
SĘPOLEŃSKI,1930,baseline,1174827835.362132,285493.0445028529,1174542342.3176293
SŁONIMSKI,1930,baseline,804107768.8316774,60224.00389238954,804047544.827785
TARNOBRZESKI,1930,baseline,991251263.4415845,184529.24041886601,991066734.2011656
TARNOGÓRSKI,1930,baseline,1326633043.22827,2330543.18943838,1324302500.0388317
TARNOPOLSKI,1930,baseline,777095817.16273,219829.66990210948,776875987.4928279
TARNOWSKI,1930,baseline,1053689333.4834772,386143.0323313559,1053303190.4511459
TCZEWSKI,1930,baseline,1069071069.163791,434957.1743591323,1068636111.9894319
TOMASZOWSKI,1930,baseline,819658021.273656,153695.34555873953,819504325.9280972
TORUŃSKI,1930,baseline,1189822206.4352486,461969.5019389781,1189360236.9333096
TREMBOWELSKI,1930,baseline,762535573.1005033,196987.124957145,762338585.9755461
TUCHOLSKI,1930,baseline,1130610014.1175988,186620.28679010217,1130423393.8308086
TURCZAŃSKI,1930,baseline,841210435.0044622,91793.79903631526,841118641.205426
TURECKI,1930,baseline,1190266329.9983177,172044.43023851432,1190094285.5680792
TŁUMACKI,1930,baseline,773542868.9989778,203451.93310871138,773339417.0658691
WADOWICKI,1930,baseline,1162060281.7309146,386897.7842578183,1161673383.9466567
WARSZAWSKI,1930,baseline,1041905554.6483773,1734737.7222571394,1040170816.9261202
WIELUŃSKI,1930,baseline,1298921010.8640006,141506.05091112986,1298779504.8130894
WILEJSKI,1930,baseline,720896758.8593483,53545.03675143518,720843213.8225969
WILEŃSKO-TROCKI,1930,baseline,753569115.7095933,180484.03466455714,753388631.6749288
WILNO (MIASTO),1930,baseline,770452651.4128962,10882997.057358114,759569654.355538
WOLSZTYŃSKI,1930,baseline,1605696032.2655632,259802.69449351347,1605436229.5710697
WOŁKOWYSKI,1930,baseline,842581665.1880031,62011.45903516683,842519653.7289679
WOŁOŻYŃSKI,1930,baseline,729559007.3538386,62586.317115277605,729496421.0367233
WRZESIŃSKI,1930,baseline,1327244795.654955,359490.94984898303,1326885304.705106
WYRZYSKI,1930,baseline,1200218270.385147,268209.67332447215,1199950060.7118225
WYSOKOMAZOWIECKI,1930,baseline,895074820.247997,139445.940989944,894935374.3070071
WĄBRZESKI,1930,baseline,1144804213.3090441,297761.6804199034,1144506451.6286242
WĄGROWIECKI,1930,baseline,1248070591.7137027,214602.9130035261,1247855988.8006992
WĘGROWSKI,1930,baseline,933993339.7868763,184851.97238451257,933808487.8144917
WŁOCŁAWSKI,1930,baseline,1173696205.565334,508773.24007028114,1173187432.3252637
WŁODAWSKI,1930,baseline,860430234.7558423,82557.32376228532,860347677.43208
WŁODZIMIERSKI,1930,baseline,815588199.0341533,111589.41218172494,815476609.6219716
WŁOSZCZOWSKI,1930,baseline,1058524947.3808552,137266.49192590173,1058387680.8889292
ZALESZCZYCKI,1930,baseline,734030815.2692657,173639.45673743042,733857175.8125283
ZAMOJSKI,1930,baseline,868346141.7621787,218799.95004576922,868127341.8121328
ZBARASKI,1930,baseline,765862136.3190323,196086.89496819602,765666049.4240642
ZBOROWSKI,1930,baseline,793384625.703251,162462.68741578277,793222163.0158352
ZDOŁBUNOWSKI,1930,baseline,753483430.8784653,157433.63512712455,753325997.2433382
ZŁOCZOWSKI,1930,baseline,805925727.9228836,165865.02236143866,805759862.9005222
ŁASKI,1930,baseline,1129801985.6021762,375770.66645669844,1129426214.9357195
ŁAŃCUCKI,1930,baseline,943786784.6817635,215179.3617018423,943571605.3200617
ŁOMŻYŃSKI,1930,baseline,900284216.6625426,133869.3302653707,900150347.3322772
ŁOWICKI,1930,baseline,1136220712.8060951,394277.29231872177,1135826435.5137763
ŁUCKI,1930,baseline,793026254.481949,72262.19517835721,792953992.2867706
ŁUKOWSKI,1930,baseline,959740165.0125598,154616.73327016397,959585548.2792896
ŁUNINIECKI,1930,baseline,756337258.27939,38693.08215439156,756298565.1972356
ŁÓDZKI,1930,baseline,1170652365.4013999,1583714.9669774226,1169068650.4344225
ŁÓDŹ (MIASTO),1930,baseline,1323605504.0900517,160733156.24178714,1162872347.8482645
ŁĘCZYCKI,1930,baseline,1167273859.4475603,438713.42416531546,1166835146.023395
ŚNIATYŃSKI,1930,baseline,743352315.9093412,321247.5717694344,743031068.3375717
ŚREDZKI,1930,baseline,1389665034.6878066,339825.99545211217,1389325208.6923544
ŚREMSKI,1930,baseline,1381163248.3512626,256370.67548011706,1380906877.6757824
ŚWIECKI,1930,baseline,1139342713.0440786,211111.7427861372,1139131601.3012924
ŚWIĘCIAŃSKI,1930,baseline,721490783.648214,45681.504892739336,721445102.1433213
ŚWIĘTOCHŁOWICKI,1930,baseline,1370430316.981389,27244045.912154693,1343186271.0692344
ŻNIŃSKI,1930,baseline,1282252441.5282164,305247.525564415,1281947194.002652
ŻYDACZOWSKI,1930,baseline,808532928.4050541,194669.79725295518,808338258.6078011
ŻYWIECKI,1930,baseline,1176133910.537071,368031.20562955056,1175765879.3314414
ŻÓŁKIEWSKI,1930,baseline,829238902.6309628,241576.82524823537,828997325.8057146
AUGUSTOWSKI,1931,baseline,735109144.9626399,67604.2369724184,735041540.7256675
BARANOWICKI,1931,baseline,707066089.7291135,61389.334281653355,707004700.3948318
BIALSKI (BIAŁA KRAKOWSKA),1931,baseline,1122641500.5254443,1081798.8046873724,1121559701.720757
BIALSKI (BIAŁA PODLASKA),1931,baseline,850975650.8968501,146474.75930828997,850829176.1375418
BIAŁOSTOCKI,1931,baseline,816025807.8246989,172564.77037626598,815853243.0543226
BIELSKI (BIELSK PODLASKI),1931,baseline,813974847.6211084,61892.086797150085,813912955.5343113
BIELSKO,1931,baseline,1120096591.1334357,1801307.6232085372,1118295283.5102272
BIŁGORAJSKI,1931,baseline,779587459.5520523,89260.06860142638,779498199.4834509
BOCHEŃSKI,1931,baseline,1027137879.0383788,254915.94809273502,1026882963.0902861
BORSZCZOWSKI,1931,baseline,669684328.3120953,133029.37872834847,669551298.9333669
BRASŁAWSKI,1931,baseline,637697800.2720375,31526.66672702123,637666273.6053104
BRODNICKI,1931,baseline,1025896236.8026832,264511.8516697913,1025631724.9510134
BRODZKI,1931,baseline,738993910.8568996,138840.6411908103,738855070.2157089
BRZESKI (BRZESKO),1931,baseline,959705341.6577768,199587.86265013565,959505753.7951267
BRZESKI (BRZEŚĆ N.BUG.),1931,baseline,826801727.7478503,86990.0672609061,826714737.6805894
BRZEZIŃSKI,1931,baseline,1059443812.1453123,628301.2134651248,1058815510.9318472
BRZEŻAŃSKI,1931,baseline,734206160.4585148,160561.26880383867,734045599.189711
BRZOZOWSKI,1931,baseline,846426753.684898,287848.10084093467,846138905.5840571
BUCZACKI,1931,baseline,701228955.9889141,160098.68413107537,701068857.3047831
BYDGOSKI,1931,baseline,1110665046.8889666,412671.8357801746,1110252375.0531864
BÓBRECKI,1931,baseline,749052678.2866356,189015.22239036649,748863663.0642452
BĘDZIŃSKI,1931,baseline,1172242125.3521006,1342320.98297137,1170899804.3691292
BŁOŃSKI,1931,baseline,1003755723.0182136,605059.4916327754,1003150663.5265808
CHEŁMIŃSKI,1931,baseline,1053129174.5671905,278988.65843351977,1052850185.908757
CHEŁMSKI,1931,baseline,820025350.3408244,135974.12854484035,819889376.2122796
CHODZIESKI,1931,baseline,1185400563.9505095,218409.29453607736,1185182154.6559734
CHOJNICKI,1931,baseline,1036451840.6963276,106284.60931078126,1036345556.0870168
CHORZÓW,1931,baseline,1322257426.081304,74876856.6928362,1247380569.3884678
CHRZANOWSKI,1931,baseline,1144893842.4724011,948888.86197073,1143944953.6104305
CIECHANOWSKI,1931,baseline,947323923.8314915,230751.8139672053,947093172.0175242
CIESZYŃSKI,1931,baseline,1083005569.493784,689809.3433957214,1082315760.1503882
CZARNKOWSKI,1931,baseline,1165976248.4032295,176481.5546400079,1165799766.8485894
CZORTKOWSKI,1931,baseline,691770430.5889292,277790.8508097915,691492639.7381194
CZĘSTOCHOWSKI,1931,baseline,1069620999.0330765,425301.2823167087,1069195697.7507598
DOBROMILSKI,1931,baseline,816427214.6953095,141109.77143273814,816286104.9238768
DOLIŃSKI,1931,baseline,750031126.8810707,88619.57364611709,749942507.3074247
DROHICKI,1931,baseline,761399139.7306697,61537.13026496454,761337602.6004047
DROHOBYCKI,1931,baseline,787017425.6343633,399857.6662929864,786617567.9680703
DUBIEŃSKI,1931,baseline,712060563.9082751,91135.91828923645,711969427.989986
DZIAŁDOWSKI,1931,baseline,964550415.3601488,103777.84887463701,964446637.5112741
DZIŚNIEŃSKI,1931,baseline,636980615.3339831,49617.81735075558,636930997.5166323
DĄBROWSKI,1931,baseline,953417680.1102302,161117.97349072815,953256562.1367395
GARWOLIŃSKI,1931,baseline,921510487.5690726,180132.3667077073,921330355.2023649
GNIEŹNIEŃSKI,1931,baseline,1198509444.8348732,266845.47800106055,1198242599.356872
GORLICKI,1931,baseline,912041223.623416,168262.11240310027,911872961.5110128
GOSTYNIŃSKI,1931,baseline,1040360165.8902397,269098.3487750422,1040091067.5414647
GOSTYŃSKI,1931,baseline,1299698118.3347275,339910.08818172384,1299358208.2465458
GRODZIEŃSKI,1931,baseline,765924303.2263765,66397.07008037319,765857906.1562961
GRUDZIĄDZKI,1931,baseline,1043618747.7991116,522339.7145412205,1043096408.0845704
GRÓDECKI,1931,baseline,774549213.0129141,236309.03143612877,774312903.981478
GRÓJECKI,1931,baseline,924254017.1069751,191685.9262147268,924062331.1807604
HOROCHOWSKI,1931,baseline,724937673.3801391,110501.62354838199,724827171.7565907
HORODEŃSKI,1931,baseline,684730270.456158,190765.19971733828,684539505.2564408
HRUBIESZOWSKI,1931,baseline,772342310.1855425,164794.1196990992,772177516.0658433
INOWROCŁAWSKI,1931,baseline,1151029877.6018085,338852.2998110619,1150691025.3019974
IWACEWICKI,1931,baseline,745469278.6159977,36350.64412525449,745432927.9718724
IŁŻECKI,1931,baseline,947432092.3467096,199343.20316782198,947232749.1435418
JANOWSKI,1931,baseline,868423592.997083,116958.21089152647,868306634.7861915
JAROCIŃSKI,1931,baseline,1249104619.2196658,296791.5776680183,1248807827.6419978
JAROSŁAWSKI,1931,baseline,863876671.6187966,154815.43480200847,863721856.1839945
JASIELSKI,1931,baseline,895073595.8220171,195482.58558859592,894878113.2364285
JAWOROWSKI,1931,baseline,757220049.0598588,160655.22828311723,757059393.8315756
JĘDRZEJOWSKI,1931,baseline,1030547448.875388,202532.86854802427,1030344916.00684
KALISKI,1931,baseline,1169845622.8136344,298121.09951666207,1169547501.7141178
KAMIONECKI,1931,baseline,761485754.1736896,164116.90198361242,761321637.271706
KARTUSKI,1931,baseline,978305071.4453748,102492.2373527725,978202579.2080221
KATOWICE,1931,baseline,1240472706.0855625,16050920.267462768,1224421785.8180997
KAŁUSKI,1931,baseline,741832389.8573197,125183.62902401196,741707206.2282957
KIELECKI,1931,baseline,1008545706.3683608,224397.9832269788,1008321308.3851337
KOBRYŃSKI,1931,baseline,788202286.1081614,56672.66307498602,788145613.4450865
KOLBUSZOWSKI,1931,baseline,897074952.9900789,139115.81911122255,896935837.1709677
KOLSKI,1931,baseline,1114714944.8192518,268038.96835150826,1114446905.8509002
KONECKI,1931,baseline,1009821576.8540043,194641.12318493723,1009626935.7308193
KONIŃSKI,1931,baseline,1142272467.0806456,196135.20013896798,1142076331.8805065
KOPYCZYNIECKI,1931,baseline,693158545.6904688,176314.2954919687,692982231.3949769
KOSOWSKI (KOSÓW HUCULSKI),1931,baseline,685711815.7424802,42070.90668374577,685669744.8357964
KOSTOPOLSKI,1931,baseline,693295002.2131413,55394.19038051529,693239608.0227607
KOSZYRSKI,1931,baseline,715821749.5424771,33811.95410569003,715787937.5883714
KOWELSKI,1931,baseline,763411715.1123103,46659.35476160715,763365055.7575487
KOZIENICKI,1931,baseline,908809176.995969,139791.94576934783,908669385.0501997
KOŁOMYJSKI,1931,baseline,704845259.8884875,161615.63852588536,704683644.2499616
KOŚCIAŃSKI,1931,baseline,1361612953.1008785,363486.90311794967,1361249466.1977606
KOŚCIERSKI,1931,baseline,991382784.4452281,114633.61887023544,991268150.8263578
KRAKOWSKI,1931,baseline,1076870152.5026424,3532631.8574517686,1073337520.6451907
KRAKÓW (MIASTO),1931,baseline,1142437490.034723,68684496.03763765,1073752993.9970853
KRASNOSTAWSKI,1931,baseline,813769156.6214821,154656.8687942322,813614499.7526879
KROTOSZYŃSKI,1931,baseline,1250708409.8388999,322829.1814673832,1250385580.6574326
KROŚNIEŃSKI,1931,baseline,878153521.1789988,329033.4402412497,877824487.7387576
KRZEMIENIECKI,1931,baseline,697289080.556516,100840.14673260413,697188240.4097835
KUTNOWSKI,1931,baseline,1081637670.4463165,571738.9403626962,1081065931.5059538
KĘPIŃSKI,1931,baseline,1213666667.2476232,230864.92036681322,1213435802.3272564
LESKI,1931,baseline,804590481.7433,71062.70388569796,804519419.0394143
LESZCZYŃSKI,1931,baseline,1374780462.5446398,346711.0328587009,1374433751.5117812
LIDZKI,1931,baseline,721021128.6367807,60559.22681933238,720960569.4099615
LIMANOWSKI,1931,baseline,966518397.4838108,107571.33683486909,966410826.1469759
LIPNOWSKI,1931,baseline,842881243.0391468,162357.12273142554,842718885.9164153
LUBACZOWSKI,1931,baseline,748310675.2834023,107872.27137022272,748202803.0120322
LUBARTOWSKI,1931,baseline,851081953.9144381,183836.89837023258,850898117.0160679
LUBAWSKI,1931,baseline,973412101.2190266,216967.28988043428,973195133.9291462
LUBELSKI,1931,baseline,868858119.8763177,352689.10630699235,868505430.7700107
LUBLINIECKI,1931,baseline,1199606687.1470675,335012.25897126825,1199271674.8880963
LUBOMELSKI,1931,baseline,788269500.2645102,55650.2262343725,788213850.0382758
LWOWSKI,1931,baseline,785184025.0201219,2759639.1928001163,782424385.8273218
LWÓW (MIASTO),1931,baseline,819180577.1841255,32269700.839558512,786910876.3445671
M. ST. WARSZAWA,1931,baseline,1081404052.7243853,115572817.07941425,965831235.6449711
MAKOWSKI (MAKÓW MAZOWIECKI),1931,baseline,906141863.1965544,142865.34576031982,905998997.8507941
MIECHOWSKI,1931,baseline,1056248617.3051643,215027.20571896448,1056033590.0994453
MIELECKI,1931,baseline,923004343.4548613,138116.85972014547,922866226.5951412
MIĘDZYCHODZKI,1931,baseline,1382320950.398905,175788.1762164324,1382145162.2226887
MIŃSKI,1931,baseline,928143446.0684596,393496.0999920164,927749949.9684676
MOGILEŃSKI,1931,baseline,1176204990.580159,309363.5665392867,1175895627.0136197
MORSKI,1931,baseline,941010934.0768925,272648.5905969188,940738285.4862956
MOŁODECZAŃSKI,1931,baseline,673687414.9076918,96773.26132748267,673590641.6463643
MOŚCISKI,1931,baseline,822189217.5907981,185822.25171921047,822003395.3390789
MYŚLENICKI,1931,baseline,997028782.2268906,168732.6792573817,996860049.5476332
MŁAWSKI,1931,baseline,956233345.4069362,170261.96328611538,956063083.44365
NADWÓRNIAŃSKI,1931,baseline,703479692.8747318,109181.3866540249,703370511.4880778
NIESZAWSKI,1931,baseline,1088603671.5911102,258467.79568392425,1088345203.7954264
NIEŚWIESKI,1931,baseline,706646077.5636346,111237.09340590672,706534840.4702287
NIŻAŃSKI,1931,baseline,893943967.8591338,129947.37857729098,893814020.4805566
NOWOGRÓDZKI,1931,baseline,698851287.6215584,68772.12669899061,698782515.4948595
NOWOSĄDECKI,1931,baseline,942519901.3649094,181578.43404472916,942338322.9308647
NOWOTARSKI,1931,baseline,996529578.7953191,133216.72825861897,996396362.0670605
NOWOTOMYSKI,1931,baseline,1438097504.2534814,272081.9521131645,1437825422.3013682
OBORNICKI,1931,baseline,1261902551.7815855,202688.67089256574,1261699863.110693
OLKUSKI,1931,baseline,1115896148.150451,282677.9477630361,1115613470.202688
OPATOWSKI,1931,baseline,952139554.0240366,253916.2146166041,951885637.80942
OPOCZYŃSKI,1931,baseline,1017215327.2916206,182697.00140945666,1017032630.2902112
OSTROWSKI (OSTRÓW MAZOWIECKA),1931,baseline,866793723.6028368,129346.45044038953,866664377.1523964
OSTROWSKI (OSTRÓW WIELKOPOLSKI),1931,baseline,1243532938.4090025,311336.6204645461,1243221601.788538
OSTROŁĘCKI,1931,baseline,853266504.4256008,109711.09630637965,853156793.3292944
OSZMIAŃSKI,1931,baseline,652334209.4609741,60845.813289678525,652273363.6476845
PIOTRKOWSKI,1931,baseline,1055801981.2282745,249839.70057931283,1055552141.5276952
PIŃCZOWSKI,1931,baseline,956207535.5810848,181002.2981036002,956026533.2829813
PIŃSKI,1931,baseline,729670160.9033595,40450.579066855295,729629710.3242927
PODHAJECKI,1931,baseline,728693970.4019603,135629.27465343248,728558341.1273068
POSTAWSKI,1931,baseline,644117004.6018142,37793.007678662354,644079211.5941355
POZNAŃ (MIASTO),1931,baseline,1393510094.1953266,38508749.61229636,1355001344.5830302
POZNAŃSKI,1931,baseline,1330778590.1708107,1010607.8922983285,1329767982.2785125
PRUŻAŃSKI,1931,baseline,775935460.0899209,64860.99782956725,775870599.0920913
PRZASNYCKI,1931,baseline,832071614.9267085,118628.59960499709,831952986.3271035
PRZEMYSKI,1931,baseline,845265505.3795595,323089.92780174065,844942415.4517578
PRZEMYŚLAŃSKI,1931,baseline,754732784.1426644,185707.28547326295,754547076.8571912
PRZEWORSKI,1931,baseline,870663356.7615272,416781.66381052014,870246575.0977167
PSZCZYŃSKI,1931,baseline,1191410721.2436397,726279.9704299814,1190684441.2732098
PUŁAWSKI,1931,baseline,872451324.3229698,176286.80185634847,872275037.5211134
PUŁTUSKI,1931,baseline,915100150.980197,221591.69457712158,914878559.2856199
PŁOCKI,1931,baseline,1015125056.1594075,308654.84853879665,1014816401.3108687
PŁOŃSKI,1931,baseline,904253662.512502,207179.34831922126,904046483.1641828
RADOMSKI,1931,baseline,960186601.9804338,191084.864469691,959995517.1159642
RADOMSZCZAŃSKI,1931,baseline,1063263028.4497871,195958.86773938168,1063067069.5820477
RADZIECHOWSKI,1931,baseline,737566879.3079978,115751.09152548792,737451128.2164724
RADZYMIŃSKI,1931,baseline,927566944.9141006,483648.6580986923,927083296.256002
RADZYŃSKI,1931,baseline,871539222.8626583,128057.92456822227,871411164.9380901
RAWICKI,1931,baseline,1304947334.646793,424558.654327695,1304522775.9924653
RAWSKI (RAWA MAZOWIECKA),1931,baseline,1013092014.2165322,223800.8913031154,1012868213.3252292
RAWSKI (RAWA RUSKA),1931,baseline,768709734.2325962,119126.69928719194,768590607.533309
ROHATYŃSKI,1931,baseline,732434949.8883221,157431.01165514838,732277518.876667
ROPCZYCKI,1931,baseline,940005913.8448782,168288.03226649002,939837625.8126117
RUDECKI,1931,baseline,792754979.5651495,219946.82729958848,792535032.73785
RYBNICKI,1931,baseline,1133121850.584315,1021585.1100923795,1132100265.4742227
RYPIŃSKI,1931,baseline,840906203.931678,179669.05827025688,840726534.8734078
RZESZOWSKI,1931,baseline,896477679.9304318,245834.87376300123,896231845.0566689
RÓWIEŃSKI,1931,baseline,705530202.5084904,121694.7431447891,705408507.7653457
SAMBORSKI,1931,baseline,808252427.3051986,205114.29849424452,808047313.0067043
SANDOMIERSKI,1931,baseline,928674571.2255355,179015.0388103851,928495556.1867251
SANOCKI,1931,baseline,811865168.2173165,143659.30808083434,811721508.9092357
SARNEŃSKI,1931,baseline,702326097.792121,34559.688363266774,702291538.1037577
SIEDLECKI,1931,baseline,893638547.8321583,182953.0916660276,893455594.7404923
SIERADZKI,1931,baseline,1124926525.3261106,271305.55709483963,1124655219.7690158
SIERPECKI,1931,baseline,860093217.1220549,204685.29333511821,859888531.8287199
SKAŁACKI,1931,baseline,700807986.0409279,178344.2968236897,700629641.7441041
SKIERNIEWICKI,1931,baseline,1040003355.6078881,393139.6424240518,1039610215.965464
SOCHACZEWSKI,1931,baseline,1001905274.5206544,359499.6314269351,1001545774.8892275
SOKALSKI,1931,baseline,748806595.8238643,150468.7088406238,748656127.1150237
SOKOŁOWSKI,1931,baseline,875067045.5119011,167199.62417099756,874899845.8877301
SOKÓLSKI,1931,baseline,789012601.6588714,80296.85340239352,788932304.805469
STANISŁAWOWSKI,1931,baseline,727742675.2620177,244000.6455123918,727498674.6165054
STAROGARDZKI,1931,baseline,1001702675.5223058,217452.9035374189,1001485222.6187685
STOLIŃSKI,1931,baseline,684804723.4820955,25667.561165967993,684779055.9209296
STOPNICKI,1931,baseline,919809069.4585899,128551.5778421192,919680517.8807478
STOŁPECKI,1931,baseline,692457615.1532534,70854.3680186077,692386760.7852348
STRYJSKI,1931,baseline,771282899.9678311,144024.00567942433,771138875.9621518
SUWALSKI,1931,baseline,723630364.978514,89574.03813310101,723540790.9403808
SZAMOTULSKI,1931,baseline,1310477189.025837,220678.62748178703,1310256510.3983552
SZCZUCZYŃSKI (WOJ. BIAŁOSTOCKIE),1931,baseline,772653909.7216822,101507.45271599117,772552402.2689662
SZCZUCZYŃSKI (WOJ. NOWOGRÓDZKIE),1931,baseline,744800554.1696327,57007.454500530584,744743546.7151321
SZUBIŃSKI,1931,baseline,1149359426.2786567,203767.70498506736,1149155658.5736716
SĘPOLEŃSKI,1931,baseline,1085143945.8766966,263625.83895154216,1084880320.037745
SŁONIMSKI,1931,baseline,742914900.0539284,62626.82759193162,742852273.2263365
TARNOBRZESKI,1931,baseline,918834390.4747177,163720.22527950027,918670670.2494383
TARNOGÓRSKI,1931,baseline,1225828084.5274675,2130267.748776618,1223697816.7786908
TARNOPOLSKI,1931,baseline,719577530.1898214,205029.51733137137,719372500.67249
TARNOWSKI,1931,baseline,973730882.3329977,352867.3567260763,973378014.9762716
TCZEWSKI,1931,baseline,987060480.5435052,388492.4898475577,986671988.0536577
TOMASZOWSKI,1931,baseline,757282955.9706918,133076.76872705738,757149879.2019647
TORUŃSKI,1931,baseline,1100738294.541787,415231.74622852285,1100323062.7955585
TREMBOWELSKI,1931,baseline,706043413.8172454,176242.28400383628,705867171.5332415
TUCHOLSKI,1931,baseline,1044185297.7970037,151888.72709755332,1044033409.0699062
TURCZAŃSKI,1931,baseline,779286183.817563,84367.54071213896,779201816.2768509
TURECKI,1931,baseline,1099839453.336865,141889.91850264868,1099697563.4183624
TŁUMACKI,1931,baseline,716268046.0889627,184438.49216974928,716083607.5967929
WADOWICKI,1931,baseline,1073875671.761359,338222.96863309946,1073537448.7927259
WARSZAWSKI,1931,baseline,962658411.9231825,1663838.089509743,960994573.8336728
WIELUŃSKI,1931,baseline,1200191589.2769144,129145.9846494532,1200062443.292265
WILEJSKI,1931,baseline,666042730.477528,52308.66437665754,665990421.8131514
WILEŃSKO-TROCKI,1931,baseline,696387102.9104004,197251.10087495513,696189851.8095255
WILNO (MIASTO),1931,baseline,713008097.1466634,11250388.113430796,701757709.0332327
WOLSZTYŃSKI,1931,baseline,1483686289.5230775,230548.3584874169,1483455741.1645901
WOŁKOWYSKI,1931,baseline,778447983.6244309,54870.64315086451,778393112.9812801
WOŁOŻYŃSKI,1931,baseline,674035313.9822196,55635.46321924256,673979678.5190003
WRZESIŃSKI,1931,baseline,1226223712.553325,301354.86418561934,1225922357.6891394
WYRZYSKI,1931,baseline,1108771299.428597,235407.98617389443,1108535891.442423
WYSOKOMAZOWIECKI,1931,baseline,826959790.8831447,125902.83904262887,826833888.0441021
WĄBRZESKI,1931,baseline,1058916893.8163602,260288.1235324386,1058656605.6928278
WĄGROWIECKI,1931,baseline,1152969622.8320484,184161.10269222158,1152785461.7293563
WĘGROWSKI,1931,baseline,862876552.7917262,154596.24549236515,862721956.5462339
WŁOCŁAWSKI,1931,baseline,1087038626.967726,438935.6237898913,1086599691.3439362
WŁODAWSKI,1931,baseline,794859201.0556318,73095.37868013418,794786105.6769516
WŁODZIMIERSKI,1931,baseline,753530928.1321651,109494.21045935593,753421433.9217057
WŁOSZCZOWSKI,1931,baseline,978173127.1464057,113393.31168856489,978059733.8347172
ZALESZCZYCKI,1931,baseline,679577094.0973,156455.15784405186,679420638.939456
ZAMOJSKI,1931,baseline,802255017.0819997,199528.57032182737,802055488.5116779
ZBARASKI,1931,baseline,709153664.8909384,197170.89766170664,708956493.9932767
ZBOROWSKI,1931,baseline,734699911.0986023,158039.68456831746,734541871.414034
ZDOŁBUNOWSKI,1931,baseline,696164449.2409322,150175.25237070594,696014273.9885615
ZŁOCZOWSKI,1931,baseline,746354023.1995025,154383.65654514343,746199639.5429573
ŁASKI,1931,baseline,1043954733.3551853,370254.9342982364,1043584478.420887
ŁAŃCUCKI,1931,baseline,874597145.266403,209307.2459478405,874387838.0204551
ŁOMŻYŃSKI,1931,baseline,831759677.6612674,135633.67171663546,831624043.9895507
ŁOWICKI,1931,baseline,1049703997.9028845,354747.8420163894,1049349250.0608681
ŁUCKI,1931,baseline,732685072.6997747,67776.77048773995,732617295.929287
ŁUKOWSKI,1931,baseline,886680868.2343208,144380.19911779402,886536488.035203
ŁUNINIECKI,1931,baseline,698756901.2886758,30866.197644921547,698726035.0910308
ŁÓDZKI,1931,baseline,1082764547.8885655,1724915.2720140475,1081039632.6165514
ŁÓDŹ (MIASTO),1931,baseline,1230553000.9273806,155887405.6068123,1074665595.3205683
ŁĘCZYCKI,1931,baseline,1081872782.3253286,383976.8601214166,1081488805.465207
ŚNIATYŃSKI,1931,baseline,688205575.6132003,261276.5758096278,687944299.0373907
ŚREDZKI,1931,baseline,1283876338.2194972,280790.68696440343,1283595547.5325327
ŚREMSKI,1931,baseline,1276170347.6589618,226284.9119889487,1275944062.7469728
ŚWIECKI,1931,baseline,1052125216.2787198,182398.751210816,1051942817.527509
ŚWIĘCIAŃSKI,1931,baseline,666583394.2564603,45480.007797180224,666537914.2486632
ŚWIĘTOCHŁOWICKI,1931,baseline,1267748347.331276,26587634.164724827,1241160713.166551
ŻNIŃSKI,1931,baseline,1184515548.404328,266587.7274049874,1184248960.676923
ŻYDACZOWSKI,1931,baseline,748744412.235942,153712.656926127,748590699.5790159
ŻYWIECKI,1931,baseline,1086780592.3389797,343899.14220525,1086436693.1967745
ŻÓŁKIEWSKI,1931,baseline,767905189.9107311,216006.3766620707,767689183.5340691
AUGUSTOWSKI,1932,baseline,682440398.434073,75197.58885856948,682365200.8452144
BARANOWICKI,1932,baseline,654330960.1032614,61266.16199164492,654269693.9412698
BIALSKI (BIAŁA KRAKOWSKA),1932,baseline,1038280117.2946298,980288.9031514804,1037299828.3914783
BIALSKI (BIAŁA PODLASKA),1932,baseline,787509603.3071326,150540.20027479235,787359063.1068578
BIAŁOSTOCKI,1932,baseline,758110748.2295835,169438.60816650957,757941309.621417
BIELSKI (BIELSK PODLASKI),1932,baseline,753245231.4666978,70771.0119832789,753174460.4547145
BIELSKO,1932,baseline,1036183904.6779773,1770354.2135321726,1034413550.4644451
BIŁGORAJSKI,1932,baseline,721397818.646324,105211.93700795462,721292606.7093161
BOCHEŃSKI,1932,baseline,950472522.2290925,298019.9145230099,950174502.3145695
BORSZCZOWSKI,1932,baseline,619600420.6262902,141495.9234102185,619458924.70288
BRASŁAWSKI,1932,baseline,591505499.4674323,34825.262053313854,591470674.2053789
BRODNICKI,1932,baseline,950444452.3798101,247610.77875152114,950196841.6010586
BRODZKI,1932,baseline,683725645.0825269,144263.10481782927,683581381.977709
BRZESKI (BRZESKO),1932,baseline,887649956.5906755,266406.5023215573,887383550.0883539
BRZESKI (BRZEŚĆ N.BUG.),1932,baseline,765091253.0112208,89577.39363415203,765001675.6175866
BRZEZIŃSKI,1932,baseline,980263364.71571,607687.4722355916,979655677.2434745
BRZEŻAŃSKI,1932,baseline,679301382.6603639,171486.41839436998,679129896.2419696
BRZOZOWSKI,1932,baseline,783144609.1665531,329945.3506907543,782814663.8158624
BUCZACKI,1932,baseline,648827064.7397537,171890.80289176226,648655173.936862
BYDGOSKI,1932,baseline,1028873915.8760023,404571.1621445237,1028469344.7138578
BÓBRECKI,1932,baseline,692508160.2789922,214061.92549424246,692294098.353498
BĘDZIŃSKI,1932,baseline,1084510862.2136624,1606451.610702256,1082904410.60296
BŁOŃSKI,1932,baseline,929249225.9836946,937534.470374014,928311691.5133206
CHEŁMIŃSKI,1932,baseline,975572831.7642425,291092.0646326408,975281739.6996099
CHEŁMSKI,1932,baseline,758826665.5471289,152915.25076144745,758673750.2963675
CHODZIESKI,1932,baseline,1097671145.5903194,245266.51411499787,1097425879.0762043
CHOJNICKI,1932,baseline,960602585.6789333,104272.09074546772,960498313.5881878
CHORZÓW,1932,baseline,1214030289.795048,60448001.39421295,1153582288.400835
CHRZANOWSKI,1932,baseline,1058930418.0809678,892364.4902796039,1058038053.5906882
CIECHANOWSKI,1932,baseline,885401382.2953293,235315.49129160406,885166066.8040377
CIESZYŃSKI,1932,baseline,1001699484.2595915,700257.3423391911,1000999226.9172523
CZARNKOWSKI,1932,baseline,1078889319.2988358,198117.68480002868,1078691201.6140358
CZORTKOWSKI,1932,baseline,640105879.3625131,293617.4243825749,639812261.9381305
CZĘSTOCHOWSKI,1932,baseline,989630788.5865322,518228.35931078746,989112560.2272215
DOBROMILSKI,1932,baseline,755025521.4047301,178142.07240768414,754847379.3323224
DOLIŃSKI,1932,baseline,693922045.7425209,100647.72687660399,693821398.0156443
DROHICKI,1932,baseline,704572304.3192774,71516.38389403412,704500787.9353833
DROHOBYCKI,1932,baseline,728125476.8426063,404889.10434140667,727720587.7382649
DUBIEŃSKI,1932,baseline,658816320.784722,95976.96300725247,658720343.8217148
DZIAŁDOWSKI,1932,baseline,900221139.4707913,147728.51386105068,900073410.9569303
DZIŚNIEŃSKI,1932,baseline,589432478.690043,51921.40105651048,589380557.2889864
DĄBROWSKI,1932,baseline,881962157.6322873,205248.3969319342,881756909.2353554
GARWOLIŃSKI,1932,baseline,852848428.9713315,186405.3204693704,852662023.6508621
GNIEŹNIEŃSKI,1932,baseline,1108559033.155015,297466.86846371985,1108261566.2865512
GORLICKI,1932,baseline,843672580.0165813,192109.33944157092,843480470.6771398
GOSTYNIŃSKI,1932,baseline,962846253.2307531,261123.9378885558,962585129.2928646
GOSTYŃSKI,1932,baseline,1206002312.7710276,356668.92103409563,1205645643.8499935
GRODZIEŃSKI,1932,baseline,711133782.6153686,63938.40484309266,711069844.2105255
GRUDZIĄDZKI,1932,baseline,967246242.1755925,512839.5222114704,966733402.6533811
GRÓDECKI,1932,baseline,716681421.3181676,271423.7126566578,716409997.605511
GRÓJECKI,1932,baseline,860301013.6252719,272175.3776908702,860028838.247581
HOROCHOWSKI,1932,baseline,670761462.0638565,117231.43748839982,670644230.626368
HORODEŃSKI,1932,baseline,633525126.4408052,201746.88900016327,633323379.551805
HRUBIESZOWSKI,1932,baseline,714703382.086189,183487.32723141063,714519894.7589576
INOWROCŁAWSKI,1932,baseline,1065806752.5737721,351291.6783896918,1065455460.8953824
IWACEWICKI,1932,baseline,689824502.6474847,41639.403977242095,689782863.2435074
IŁŻECKI,1932,baseline,876748632.879904,214846.85913558112,876533786.0207684
JANOWSKI,1932,baseline,803570670.293044,135987.16123472352,803434683.1318092
JAROCIŃSKI,1932,baseline,1156515998.0108368,254026.4974628689,1156261971.5133739
JAROSŁAWSKI,1932,baseline,799022537.1263463,184953.52033422503,798837583.6060121
JASIELSKI,1932,baseline,828105254.274951,212172.34686442238,827893081.9280865
JAWOROWSKI,1932,baseline,700593439.2978431,173293.87350705647,700420145.4243361
JĘDRZEJOWSKI,1932,baseline,953354613.4569229,215926.47589366956,953138686.9810293
KALISKI,1932,baseline,1082801904.5688145,315885.1637113901,1082486019.4051032
KAMIONECKI,1932,baseline,704705184.7725368,175436.36176315616,704529748.4107736
KARTUSKI,1932,baseline,908917101.2165031,119568.08687661597,908797533.1296265
KATOWICE,1932,baseline,1144926615.4302433,12827709.371271888,1132098906.0589714
KAŁUSKI,1932,baseline,686313126.0999502,139706.89202385457,686173419.2079264
KIELECKI,1932,baseline,933096083.0278206,242021.8254257765,932854061.2023948
KOBRYŃSKI,1932,baseline,729359370.4014496,63595.71447265458,729295774.6869769
KOLBUSZOWSKI,1932,baseline,829950755.362836,156673.46341793326,829794081.8994181
KOLSKI,1932,baseline,1031672551.0163745,280270.4584716014,1031392280.5579028
KONECKI,1932,baseline,934421129.6349976,236134.08961640284,934184995.5453812
KONIŃSKI,1932,baseline,1057220117.3972245,162632.23823005945,1057057485.1589944
KOPYCZYNIECKI,1932,baseline,641078717.6781603,195666.79436701,640883050.8837934
KOSOWSKI (KOSÓW HUCULSKI),1932,baseline,634468193.3669991,52939.01816249016,634415254.3488367
KOSTOPOLSKI,1932,baseline,641518988.79256,62143.985207381855,641456844.8073525
KOSZYRSKI,1932,baseline,662384080.0657575,34664.237934199984,662349415.8278233
KOWELSKI,1932,baseline,706411748.4877408,52758.87187769776,706358989.6158631
KOZIENICKI,1932,baseline,840994402.2576121,153814.8656383771,840840587.3919737
KOŁOMYJSKI,1932,baseline,652135400.820188,172660.0566053969,651962740.7635827
KOŚCIAŃSKI,1932,baseline,1259560195.2492282,317125.87296415446,1259243069.376264
KOŚCIERSKI,1932,baseline,920104795.3375629,126918.16324466228,919977877.1743183
KRAKOWSKI,1932,baseline,996198784.7308179,3479866.718690851,992718918.012127
KRAKÓW (MIASTO),1932,baseline,1062078565.3734052,68970037.58403935,993108527.7893659
KRASNOSTAWSKI,1932,baseline,753054084.4378906,180935.72488163982,752873148.713009
KROTOSZYŃSKI,1932,baseline,1157249018.4629078,285931.4320342539,1156963087.0308735
KROŚNIEŃSKI,1932,baseline,812375568.9264566,345107.9237168343,812030461.0027398
KRZEMIENIECKI,1932,baseline,645159530.2629564,104124.84413680556,645055405.4188195
KUTNOWSKI,1932,baseline,1001156821.4329944,546690.9741532411,1000610130.4588411
KĘPIŃSKI,1932,baseline,1121978825.9320593,198868.0810653604,1121779957.8509939
LESKI,1932,baseline,744308902.4318328,88811.3140642536,744220091.1177685
LESZCZYŃSKI,1932,baseline,1271583988.1786573,383324.035092595,1271200664.1435647
LIDZKI,1932,baseline,667220510.4470019,61201.21003188934,667159309.2369701
LIMANOWSKI,1932,baseline,894031990.9671971,154026.4317674954,893877964.5354296
LIPNOWSKI,1932,baseline,786836354.5347226,166220.62371014137,786670133.9110124
LUBACZOWSKI,1932,baseline,692441957.105678,139837.88136732203,692302119.2243106
LUBARTOWSKI,1932,baseline,787572320.052543,190138.83547844292,787382181.2170646
LUBAWSKI,1932,baseline,903178611.0654845,205417.49666804422,902973193.5688164
LUBELSKI,1932,baseline,804020594.2888126,341420.0006319637,803679174.2881807
LUBLINIECKI,1932,baseline,1109155616.5674472,333036.82514109625,1108822579.742306
LUBOMELSKI,1932,baseline,729458487.4087375,67207.44592045456,729391279.9628171
LWOWSKI,1932,baseline,726799749.3789186,2918425.1828359477,723881324.1960827
LWÓW (MIASTO),1932,baseline,762156542.5412953,34117090.0134126,728039452.5278827
M. ST. WARSZAWA,1932,baseline,1012831537.9157299,108159955.06708883,904671582.848641
MAKOWSKI (MAKÓW MAZOWIECKI),1932,baseline,845901423.7337477,147587.02647428963,845753836.7072735
MIECHOWSKI,1932,baseline,976919787.6599748,217227.3030925815,976702560.3568822
MIELECKI,1932,baseline,853937813.8882973,163182.85385870578,853774631.0344386
MIĘDZYCHODZKI,1932,baseline,1278559264.47066,198329.79051412872,1278360934.6801457
MIŃSKI,1932,baseline,859055849.8598053,404321.57190215506,858651528.2879032
MOGILEŃSKI,1932,baseline,1088560283.1226652,240019.54398215289,1088320263.578683
MORSKI,1932,baseline,876534455.6901231,274812.08611753635,876259643.6040056
MOŁODECZAŃSKI,1932,baseline,623843652.3567834,94883.56055294022,623748768.7962304
MOŚCISKI,1932,baseline,760654966.7108843,220206.66683954687,760434760.0440447
MYŚLENICKI,1932,baseline,922215537.0784464,191911.40412399685,922023625.6743224
MŁAWSKI,1932,baseline,892933611.0392774,181802.19077290743,892751808.8485045
NADWÓRNIAŃSKI,1932,baseline,650840252.1765308,101706.45722586993,650738545.7193049
NIESZAWSKI,1932,baseline,1007836947.995482,257913.0076036326,1007579034.9878783
NIEŚWIESKI,1932,baseline,653906528.2440661,117933.3515179335,653788594.8925482
NIŻAŃSKI,1932,baseline,827202333.1657553,146597.4220152512,827055735.74374
NOWOGRÓDZKI,1932,baseline,646680134.7394613,72431.22649469526,646607703.5129666
NOWOSĄDECKI,1932,baseline,871770880.4296565,179158.38720767878,871591722.0424489
NOWOTARSKI,1932,baseline,922027237.2394912,144057.04711630256,921883180.192375
NOWOTOMYSKI,1932,baseline,1330038288.060966,230513.53714997027,1329807774.523816
OBORNICKI,1932,baseline,1172294251.1244035,243776.33080075262,1172050474.7936027
OLKUSKI,1932,baseline,1032126821.5152112,323327.22683774267,1031803494.2883735
OPATOWSKI,1932,baseline,880990955.8564131,277043.5504222824,880713912.3059908
OPOCZYŃSKI,1932,baseline,941272355.643065,189152.75920253148,941083202.8838625
OSTROWSKI (OSTRÓW MAZOWIECKA),1932,baseline,805690957.0362344,132398.22664315318,805558558.8095912
OSTROWSKI (OSTRÓW WIELKOPOLSKI),1932,baseline,1150485609.327631,259364.7425280665,1150226244.585103
OSTROŁĘCKI,1932,baseline,795223371.613241,94842.55501555496,795128529.0582254
OSZMIAŃSKI,1932,baseline,603630721.4649085,62912.8961232106,603567808.5687853
PIOTRKOWSKI,1932,baseline,976909706.1877385,256055.91082297039,976653650.2769156
PIŃCZOWSKI,1932,baseline,884551371.9919503,198804.0738358684,884352567.9181144
PIŃSKI,1932,baseline,675379680.4523026,49355.97322675715,675330324.4790758
PODHAJECKI,1932,baseline,674195705.6310109,140896.7744379766,674054808.8565729
POSTAWSKI,1932,baseline,597485089.2131643,42173.05786739495,597442916.1552969
POZNAŃ (MIASTO),1932,baseline,1290708843.8027213,37106721.68315371,1253602122.1195676
POZNAŃSKI,1932,baseline,1230799999.3602085,973581.3317122412,1229826418.0284963
PRUŻAŃSKI,1932,baseline,718251978.0625057,73671.77799682866,718178306.284509
PRZASNYCKI,1932,baseline,775148512.2200567,131773.58409245664,775016738.6359642
PRZEMYSKI,1932,baseline,782148906.3099544,365329.2899890446,781783577.0199654
PRZEMYŚLAŃSKI,1932,baseline,698281022.5124965,183575.63014675,698097446.8823497
PRZEWORSKI,1932,baseline,805600462.0685635,472337.2833426025,805128124.7852209
PSZCZYŃSKI,1932,baseline,1101759914.3776877,639732.0268481869,1101120182.3508396
PUŁAWSKI,1932,baseline,807440496.3604515,178665.92592047027,807261830.434531
PUŁTUSKI,1932,baseline,855473320.0282577,225415.74932459655,855247904.2789332
PŁOCKI,1932,baseline,939552266.4117866,325271.7841711399,939226994.6276155
PŁOŃSKI,1932,baseline,845491583.3330445,223310.0182688731,845268273.3147757
RADOMSKI,1932,baseline,888494607.1602846,258210.6250624623,888236396.5352222
RADOMSZCZAŃSKI,1932,baseline,983748013.6519314,211177.58262793394,983536836.0693035
RADZIECHOWSKI,1932,baseline,682406686.3019693,118520.13914466684,682288166.1628246
RADZYMIŃSKI,1932,baseline,866152578.7150483,493072.7790334068,865659505.9360149
RADZYŃSKI,1932,baseline,806559119.0049053,152921.3823121759,806406197.6225932
RAWICKI,1932,baseline,1207273084.9831314,510029.5925513642,1206763055.39058
RAWSKI (RAWA MAZOWIECKA),1932,baseline,937773477.590575,231954.9492170741,937541522.6413579
RAWSKI (RAWA RUSKA),1932,baseline,711297144.9193003,131376.24129023158,711165768.6780101
ROHATYŃSKI,1932,baseline,677680955.8522135,182631.6198741735,677498324.2323394
ROPCZYCKI,1932,baseline,869611264.6697652,193020.10192198912,869418244.5678432
RUDECKI,1932,baseline,733473664.2638888,248488.1454960308,733225176.1183928
RYBNICKI,1932,baseline,1047872628.4185641,863070.0774485787,1047009558.3411155
RYPIŃSKI,1932,baseline,785177907.2113395,190937.55771371207,784986969.6536257
RZESZOWSKI,1932,baseline,829352696.9564074,241207.6763408946,829111489.2800665
RÓWIEŃSKI,1932,baseline,652799937.1183722,128987.4562967537,652670949.6620754
SAMBORSKI,1932,baseline,747718879.1299546,228495.56587991724,747490383.5640746
SANDOMIERSKI,1932,baseline,859136747.343557,194819.9325593813,858941927.4109976
SANOCKI,1932,baseline,751171347.0011286,183225.71506960242,750988121.2860589
SARNEŃSKI,1932,baseline,649861409.945634,36886.05054257901,649824523.8950914
SIEDLECKI,1932,baseline,827055679.082162,181184.71940177694,826874494.3627602
SIERADZKI,1932,baseline,1040779517.889159,271214.89045133773,1040508302.9987077
SIERPECKI,1932,baseline,803033190.5282004,212927.9871603625,802820262.5410401
SKAŁACKI,1932,baseline,648394711.9119852,177249.9255446341,648217461.9864405
SKIERNIEWICKI,1932,baseline,962514158.0318794,429119.24172005185,962085038.7901593
SOCHACZEWSKI,1932,baseline,927278957.4759328,364512.7263814629,926914444.7495514
SOKALSKI,1932,baseline,692869043.3961692,164307.2290944519,692704736.1670747
SOKOŁOWSKI,1932,baseline,809869533.7475446,179816.83184144303,809689716.9157032
SOKÓLSKI,1932,baseline,733318438.3003548,86109.07516652075,733232329.2251884
STANISŁAWOWSKI,1932,baseline,673303464.4850087,237975.1917196331,673065489.2932891
STAROGARDZKI,1932,baseline,929513022.0361879,189254.7388375561,929323767.2973503
STOLIŃSKI,1932,baseline,633678404.9507526,30793.848296605647,633647611.102456
STOPNICKI,1932,baseline,850927498.9811258,140373.5085222778,850787125.4726036
STOŁPECKI,1932,baseline,640759463.7883857,74084.02828875229,640685379.760097
STRYJSKI,1932,baseline,713561654.875972,129982.93564565873,713431671.9403263
SUWALSKI,1932,baseline,671676722.3388947,89439.5236776429,671587282.8152171
SZAMOTULSKI,1932,baseline,1214100531.0327246,253022.2891646252,1213847508.74356
SZCZUCZYŃSKI (WOJ. BIAŁOSTOCKIE),1932,baseline,717519662.3210472,111029.35666742423,717408632.9643798
SZCZUCZYŃSKI (WOJ. NOWOGRÓDZKIE),1932,baseline,689232953.7617072,65986.6854578642,689166967.0762494
SZUBIŃSKI,1932,baseline,1064516558.02579,238941.6922583196,1064277616.3335316
SĘPOLEŃSKI,1932,baseline,1005388847.1190811,284731.88693539705,1005104115.2321458
SŁONIMSKI,1932,baseline,687472256.4677932,63488.56931974438,687408767.8984735
TARNOBRZESKI,1932,baseline,850143355.7747146,181193.0621355435,849962162.712579
TARNOGÓRSKI,1932,baseline,1133563652.1351871,1857104.9959197738,1131706547.1392674
TARNOPOLSKI,1932,baseline,665772184.7316252,211143.41122894044,665561041.3203963
TARNOWSKI,1932,baseline,901527093.16408,407433.64677158627,901119659.5173085
TCZEWSKI,1932,baseline,916206937.1601863,331182.34836766944,915875754.8118186
TOMASZOWSKI,1932,baseline,700742129.4981451,142801.20576611566,700599328.292379
TORUŃSKI,1932,baseline,1019618854.5787776,415198.66684709955,1019203655.9119304
TREMBOWELSKI,1932,baseline,653255008.8349557,192720.97430221568,653062287.8606535
TUCHOLSKI,1932,baseline,967542731.4501741,154471.8082713831,967388259.6419027
TURCZAŃSKI,1932,baseline,720974576.444461,86238.32344581111,720888338.1210152
TURECKI,1932,baseline,1017527842.408024,158518.98308189728,1017369323.424942
TŁUMACKI,1932,baseline,662714429.500074,214120.29376618413,662500309.2063079
WADOWICKI,1932,baseline,993284185.914623,323193.9995270298,992960991.915096
WARSZAWSKI,1932,baseline,908252609.0892448,9313246.709387133,898939362.3798577
WIELUŃSKI,1932,baseline,1110210320.021476,145717.52698976608,1110064602.4944863
WILEJSKI,1932,baseline,616319986.5467802,55340.084632702186,616264646.4621475
WILEŃSKO-TROCKI,1932,baseline,646163888.3637336,200827.8238994748,645963060.5398341
WILNO (MIASTO),1932,baseline,662725411.3474153,11473588.45441496,651251822.8930004
WOLSZTYŃSKI,1932,baseline,1373694766.1694005,265352.7085468385,1373429413.4608536
WOŁKOWYSKI,1932,baseline,720381649.7567148,60095.57473299194,720321554.1819818
WOŁOŻYŃSKI,1932,baseline,623712722.3775203,62503.22232141021,623650219.1551989
WRZESIŃSKI,1932,baseline,1134865085.37647,328310.7861625303,1134536774.5903075
WYRZYSKI,1932,baseline,1026749318.0210135,266284.58519487473,1026483033.4358187
WYSOKOMAZOWIECKI,1932,baseline,768431763.5375739,135203.3465615578,768296560.1910124
WĄBRZESKI,1932,baseline,980883980.859147,283290.19796362764,980600690.6611834
WĄGROWIECKI,1932,baseline,1066645955.2723136,220032.4863730063,1066425922.7859406
WĘGROWSKI,1932,baseline,798565580.9680235,176204.09852961253,798389376.869494
WŁOCŁAWSKI,1932,baseline,1006307976.8591422,433923.49313298165,1005874053.3660092
WŁODAWSKI,1932,baseline,735408888.4638506,88559.00232710701,735320329.4615235
WŁODZIMIERSKI,1932,baseline,697104739.1757369,114219.11043225048,696990520.0653046
WŁOSZCZOWSKI,1932,baseline,904957547.9735998,136402.26962910366,904821145.7039707
ZALESZCZYCKI,1932,baseline,628763554.5134021,165942.7285138337,628597611.7848883
ZAMOJSKI,1932,baseline,742377816.0185311,208934.14978438514,742168881.8687468
ZBARASKI,1932,baseline,656133662.1700057,205285.18642607285,655928376.9835796
ZBOROWSKI,1932,baseline,679729995.6065645,153093.13004174226,679576902.4765228
ZDOŁBUNOWSKI,1932,baseline,644145534.264409,157331.81655701145,643988202.4478519
ZŁOCZOWSKI,1932,baseline,690523521.777496,147004.00652640246,690376517.7709696
ŁASKI,1932,baseline,965760981.0124316,353539.0247376143,965407441.987694
ŁAŃCUCKI,1932,baseline,809199303.5053303,219972.7637560591,808979330.7415743
ŁOMŻYŃSKI,1932,baseline,774910554.6323243,120413.42199815373,774790141.2103262
ŁOWICKI,1932,baseline,971508811.9249725,358231.3198640422,971150580.6051085
ŁUCKI,1932,baseline,677971151.3024571,75132.07789424059,677896019.2245629
ŁUKOWSKI,1932,baseline,820580219.0489306,162514.86137101485,820417704.1875596
ŁUNINIECKI,1932,baseline,646569342.1687483,36658.32123816358,646532683.8475101
ŁÓDZKI,1932,baseline,1001955707.9481319,1509952.4249078017,1000445755.5232241
ŁÓDŹ (MIASTO),1932,baseline,1131527417.7744098,137027128.52526635,994500289.2491434
ŁĘCZYCKI,1932,baseline,1001330024.9927334,395408.6561783362,1000934616.336555
ŚNIATYŃSKI,1932,baseline,636771880.6950653,300253.8424632685,636471626.852602
ŚREDZKI,1932,baseline,1188010721.6987727,319942.2129211187,1187690779.4858515
ŚREMSKI,1932,baseline,1181168707.398474,262032.9834194207,1180906674.4150546
ŚWIECKI,1932,baseline,975419020.5518367,184980.1039679595,975234040.4478688
ŚWIĘCIAŃSKI,1932,baseline,618439944.5972499,47843.483271348356,618392101.1139785
ŚWIĘTOCHŁOWICKI,1932,baseline,1168136436.361089,20332556.89020434,1147803879.4708846
ŻNIŃSKI,1932,baseline,1096084915.4921,300070.8940927524,1095784844.5980072
ŻYDACZOWSKI,1932,baseline,692773907.8587312,181632.778099066,692592275.0806321
ŻYWIECKI,1932,baseline,1005143986.4705747,338631.80444177944,1004805354.6661329
ŻÓŁKIEWSKI,1932,baseline,710534812.9107436,244902.8513461623,710289910.0593975
AUGUSTOWSKI,1933,baseline,725836756.8781418,74122.21228060496,725762634.6658611
BARANOWICKI,1933,baseline,695182014.2246033,55412.043006693,695126602.1815966
BIALSKI (BIAŁA KRAKOWSKA),1933,baseline,1102894182.975013,959079.9703663784,1101935103.0046465
BIALSKI (BIAŁA PODLASKA),1933,baseline,837850264.9925603,142532.36593048496,837707732.6266298
BIAŁOSTOCKI,1933,baseline,806685378.3340528,175606.1540844515,806509772.1799684
BIELSKI (BIELSK PODLASKI),1933,baseline,801302163.5230623,70628.6291772051,801231534.8938851
BIELSKO,1933,baseline,1100886151.4644017,1884757.057504756,1099001394.406897
BIŁGORAJSKI,1933,baseline,765283400.1267338,98760.21490945558,765184639.9118243
BOCHEŃSKI,1933,baseline,1009257508.226681,282013.0928473761,1008975495.1338336
BORSZCZOWSKI,1933,baseline,657377955.6641254,139013.4457108801,657238942.2184145
BRASŁAWSKI,1933,baseline,628765152.4326962,33575.96142155308,628731576.4712746
BRODNICKI,1933,baseline,1022799218.2978841,218077.25502775342,1022581141.0428563
BRODZKI,1933,baseline,725425114.4950914,144744.5446172321,725280369.9504743
BRZESKI (BRZESKO),1933,baseline,942123684.478127,232673.9061192112,941891010.5720078
BRZESKI (BRZEŚĆ N.BUG.),1933,baseline,813877624.3503011,81038.45343752636,813796585.8968636
BRZEZIŃSKI,1933,baseline,1039731284.1878254,632637.2334244112,1039098646.954401
BRZEŻAŃSKI,1933,baseline,720728056.6212289,172981.36345381764,720555075.2577751
BRZOZOWSKI,1933,baseline,830923239.8623494,315007.4777802866,830608232.384569
BUCZACKI,1933,baseline,688401644.7239045,171868.04457909949,688229776.6793253
BYDGOSKI,1933,baseline,1104475005.8149107,429727.07678042713,1104045278.7381303
BÓBRECKI,1933,baseline,734730619.4003304,211874.97068846828,734518744.429642
BĘDZIŃSKI,1933,baseline,1151469900.270994,1199796.3740112958,1150270103.8969827
BŁOŃSKI,1933,baseline,985721509.2333827,1013634.5681596235,984707874.6652231
CHEŁMIŃSKI,1933,baseline,1051749263.5925299,268770.8747072936,1051480492.7178226
CHEŁMSKI,1933,baseline,804968150.5224787,143476.23530495176,804824674.2871737
CHODZIESKI,1933,baseline,1164363152.7350163,250799.88865963352,1164112352.8463566
CHOJNICKI,1933,baseline,1023617193.6988922,108801.62512888617,1023508392.0737634
CHORZÓW,1933,baseline,1283397749.3170965,57799557.758304894,1225598191.5587916
CHRZANOWSKI,1933,baseline,1124605871.0394278,943087.7249129545,1123662783.3145149
CIECHANOWSKI,1933,baseline,938737821.0258262,243027.4739200941,938494793.5519061
CIESZYŃSKI,1933,baseline,1064020499.6314797,715810.4583768707,1063304689.1731029
CZARNKOWSKI,1933,baseline,1144365693.7593412,202389.23394080723,1144163304.5254004
CZORTKOWSKI,1933,baseline,679142824.7513427,296815.73438749794,678846009.0169551
CZĘSTOCHOWSKI,1933,baseline,1049981762.4680195,437866.6708878712,1049543895.7971317
DOBROMILSKI,1933,baseline,801095670.6387947,167839.5150805231,800927831.1237141
DOLIŃSKI,1933,baseline,736257066.5659466,99763.82286193408,736157302.7430847
DROHICKI,1933,baseline,749288456.4613845,63127.030256596234,749225329.4311279
DROHOBYCKI,1933,baseline,772497155.0870783,399386.4406365967,772097768.6464417
DUBIEŃSKI,1933,baseline,698959242.914158,89050.62216611464,698870192.2919918
DZIAŁDOWSKI,1933,baseline,956212062.7201623,144863.87126123384,956067198.848901
DZIŚNIEŃSKI,1933,baseline,626082433.3562678,47496.9132666928,626034936.4430012
DĄBROWSKI,1933,baseline,935909784.3813021,181837.30220342925,935727947.0790987
GARWOLIŃSKI,1933,baseline,904627996.1469848,190679.95754737832,904437316.1894374
GNIEŹNIEŃSKI,1933,baseline,1175270123.8869684,292826.36370836606,1174977297.52326
GORLICKI,1933,baseline,895445971.2756662,195179.06779696542,895250792.2078693
GOSTYNIŃSKI,1933,baseline,1027089270.6141714,263975.326314036,1026825295.2878573
GOSTYŃSKI,1933,baseline,1279673757.6187985,357627.61400023015,1279316130.0047982
GRODZIEŃSKI,1933,baseline,756419936.5492468,68599.89057202189,756351336.6586747
GRUDZIĄDZKI,1933,baseline,1040799714.0510716,519491.3268265339,1040280222.7242451
GRÓDECKI,1933,baseline,760408245.7843028,263998.67827418447,760144247.1060287
GRÓJECKI,1933,baseline,912491530.6572591,293411.78971628693,912198118.8675429
HOROCHOWSKI,1933,baseline,711608155.6685656,109037.0071733987,711499118.6613922
HORODEŃSKI,1933,baseline,672150324.7406405,185258.56763785554,671965066.1730027
HRUBIESZOWSKI,1933,baseline,758192116.941505,187263.8031544789,758004853.1383505
INOWROCŁAWSKI,1933,baseline,1152417605.154559,354072.397199192,1152063532.7573597
IWACEWICKI,1933,baseline,733564375.0252837,41048.89020523281,733523326.1350784
IŁŻECKI,1933,baseline,930319470.8258936,199475.34086669565,930119995.485027
JANOWSKI,1933,baseline,852519276.6621435,144662.40674285358,852374614.2554007
JAROCIŃSKI,1933,baseline,1227002261.47883,264853.55899672315,1226737407.9198334
JAROSŁAWSKI,1933,baseline,847520264.7705413,176727.64071830583,847343537.129823
JASIELSKI,1933,baseline,878744954.6840221,202756.40077221266,878542198.2832499
JAWOROWSKI,1933,baseline,743308961.9665568,164835.61402765496,743144126.3525292
JĘDRZEJOWSKI,1933,baseline,1011620176.8730313,206564.6110320794,1011413612.2619991
KALISKI,1933,baseline,1149422642.2441173,313694.02947678714,1149108948.2146404
KAMIONECKI,1933,baseline,747684513.0271704,172160.23913381228,747512352.7880366
KARTUSKI,1933,baseline,972499068.7595894,119189.74021745654,972379879.019372
KATOWICE,1933,baseline,1215110456.080589,12643746.08297182,1202466709.9976172
KAŁUSKI,1933,baseline,728135403.1151658,124578.64282499903,728010824.4723408
KIELECKI,1933,baseline,990034120.5631769,228964.66974064475,989805155.8934362
KOBRYŃSKI,1933,baseline,775726746.5081081,56338.32559861828,775670408.1825095
KOLBUSZOWSKI,1933,baseline,880612001.3276175,154077.09821881953,880457924.2293987
KOLSKI,1933,baseline,1135748107.67911,284631.4694855571,1135463476.2096245
KONECKI,1933,baseline,991298908.4608496,194868.5785944067,991104039.8822552
KONIŃSKI,1933,baseline,1150440523.6980257,163651.72354824425,1150276871.9744775
KOPYCZYNIECKI,1933,baseline,680160663.98313,193162.13198587828,679967501.8511441
KOSOWSKI (KOSÓW HUCULSKI),1933,baseline,673228542.2438279,57413.02119530949,673171129.2226326
KOSTOPOLSKI,1933,baseline,680592756.3129802,63376.52242732291,680529379.7905529
KOSZYRSKI,1933,baseline,704012070.0399216,33192.203376861464,703978877.8365448
KOWELSKI,1933,baseline,749414119.7287271,48927.16620451985,749365192.5625225
KOZIENICKI,1933,baseline,892120986.3656329,132147.46764551406,891988838.8979874
KOŁOMYJSKI,1933,baseline,691904240.9742355,158061.99590225067,691746178.9783332
KOŚCIAŃSKI,1933,baseline,1336620239.968419,327614.54406091303,1336292625.4243581
KOŚCIERSKI,1933,baseline,986064797.2372779,130022.66295896737,985934774.5743189
KRAKOWSKI,1933,baseline,1057700451.5190042,3524580.7396119703,1054175870.7793922
KRAKÓW (MIASTO),1933,baseline,1125156178.025088,70561353.62951641,1054594824.3955716
KRASNOSTAWSKI,1933,baseline,798857906.534717,177384.66876073502,798680521.8659562
KROTOSZYŃSKI,1933,baseline,1227980758.3358428,293754.71773607243,1227687003.6181068
KROŚNIEŃSKI,1933,baseline,862063476.8763275,347021.6390881766,861716455.2372394
KRZEMIENIECKI,1933,baseline,684479431.5599256,96485.80291408066,684382945.7570115
KUTNOWSKI,1933,baseline,1068542395.3952638,561874.1903548877,1067980521.2049088
KĘPIŃSKI,1933,baseline,1190568148.2534082,204518.88512507424,1190363629.368283
LESKI,1933,baseline,789771634.9604657,90304.73459764592,789681330.225868
LESZCZYŃSKI,1933,baseline,1349320270.3034728,380537.3599415505,1348939732.9435313
LIDZKI,1933,baseline,708872786.5784639,56295.99439361037,708816490.5840703
LIMANOWSKI,1933,baseline,949314285.40897,152589.14836805357,949161696.260602
LIPNOWSKI,1933,baseline,834757847.2579479,170940.75413798422,834586906.5038099
LUBACZOWSKI,1933,baseline,734592722.0704439,130367.40805251729,734462354.6623913
LUBARTOWSKI,1933,baseline,836741161.3223078,194241.45168141817,836546919.8706264
LUBAWSKI,1933,baseline,969534240.0919756,205186.9802279355,969329053.1117476
LUBELSKI,1933,baseline,852914130.8405902,355761.3321767044,852558369.5084136
LUBLINIECKI,1933,baseline,1178414608.9679515,324561.019897282,1178090047.9480543
LUBOMELSKI,1933,baseline,773866407.4532511,61355.63484916554,773805051.8184019
LWOWSKI,1933,baseline,771011573.9430459,2978389.4831838273,768033184.459862
LWÓW (MIASTO),1933,baseline,807518472.4105654,35065765.21515287,772452707.1954125
M. ST. WARSZAWA,1933,baseline,1074755279.8365827,115468103.87730016,959287175.9592825
MAKOWSKI (MAKÓW MAZOWIECKI),1933,baseline,896896802.3300561,148251.84363143813,896748550.4864247
MIECHOWSKI,1933,baseline,1036693764.7398767,190572.6479608776,1036503192.0919158
MIELECKI,1933,baseline,906046452.8876951,146441.41040086944,905900011.4772942
MIĘDZYCHODZKI,1933,baseline,1356865860.003384,204167.38209076325,1356661692.6212933
MIŃSKI,1933,baseline,914737870.3956513,481714.7991749613,914256155.5964764
MOGILEŃSKI,1933,baseline,1165544084.1805902,246075.4382629114,1165298008.7423272
MORSKI,1933,baseline,938513234.4903752,287976.6463932215,938225257.843982
MOŁODECZAŃSKI,1933,baseline,662681157.7652657,84949.38415800335,662596208.3811077
MOŚCISKI,1933,baseline,806988490.0387737,198227.97851119775,806790262.0602624
MYŚLENICKI,1933,baseline,979245877.9501354,185622.17113623564,979060255.7789991
MŁAWSKI,1933,baseline,946607904.5091096,184957.63075943332,946422946.8783501
NADWÓRNIAŃSKI,1933,baseline,690538509.9923368,100915.4936706683,690437594.498666
NIESZAWSKI,1933,baseline,1096506877.5334096,266346.31905265956,1096240531.214357
NIEŚWIESKI,1933,baseline,694675182.0560364,107562.11500925537,694567619.941027
NIŻAŃSKI,1933,baseline,877644591.5364625,146922.301051908,877497669.2354107
NOWOGRÓDZKI,1933,baseline,686982712.7326708,63948.93648841539,686918763.7961824
NOWOSĄDECKI,1933,baseline,925613664.7757812,177726.94091025248,925435937.8348709
NOWOTARSKI,1933,baseline,979026229.9739418,154495.3696222187,978871734.6043196
NOWOTOMYSKI,1933,baseline,1411475764.719598,218054.48706515032,1411257710.232533
OBORNICKI,1933,baseline,1243482888.0152075,226645.05395798746,1243256242.9612496
OLKUSKI,1933,baseline,1095870126.4037402,260782.29916687362,1095609344.1045732
OPATOWSKI,1933,baseline,934664538.3874266,224662.1397411525,934439876.2476854
OPOCZYŃSKI,1933,baseline,998532128.380559,170726.07903743628,998361402.3015215
OSTROWSKI (OSTRÓW MAZOWIECKA),1933,baseline,857577625.2556117,137183.56400456067,857440441.6916071
OSTROWSKI (OSTRÓW WIELKOPOLSKI),1933,baseline,1220813902.1720347,239071.0813063342,1220574831.0907285
OSTROŁĘCKI,1933,baseline,846373707.0876997,94206.86957577136,846279500.2181239
OSZMIAŃSKI,1933,baseline,641175439.3657972,56009.8078805936,641119429.5579165
PIOTRKOWSKI,1933,baseline,1036378916.9452463,260880.29494964716,1036118036.6502967
PIŃCZOWSKI,1933,baseline,938518637.0391666,167754.3087212878,938350882.7304453
PIŃSKI,1933,baseline,718141683.3844606,45460.68688562942,718096222.697575
PODHAJECKI,1933,baseline,715309010.2297797,137303.3747685205,715171706.8550112
POSTAWSKI,1933,baseline,635133830.5690014,38460.220772083354,635095370.3482294
POZNAŃ (MIASTO),1933,baseline,1369988775.716404,39885863.063667946,1330102912.652736
POZNAŃSKI,1933,baseline,1305333384.3538065,981427.6294088201,1304351956.7243977
PRUŻAŃSKI,1933,baseline,763896767.8283528,65248.632367787366,763831519.1959851
PRZASNYCKI,1933,baseline,824400265.5443559,132393.87131806032,824267871.6730378
PRZEMYSKI,1933,baseline,829848606.9723423,345900.2171490417,829502706.7551932
PRZEMYŚLAŃSKI,1933,baseline,740863447.128251,182199.48202469482,740681247.6462263
PRZEWORSKI,1933,baseline,854725284.0734727,435441.0712654992,854289843.0022073
PSZCZYŃSKI,1933,baseline,1170365305.1076045,626359.5579489773,1169738945.5496554
PUŁAWSKI,1933,baseline,856632137.8104995,178552.11323203048,856453585.6972675
PUŁTUSKI,1933,baseline,907476150.5586283,224357.1417937162,907251793.4168346
PŁOCKI,1933,baseline,1001905791.8818218,327149.6886663753,1001578642.1931554
PŁOŃSKI,1933,baseline,896574005.9299092,227166.312615403,896346839.6172938
RADOMSKI,1933,baseline,942611601.5203238,215830.15880670224,942395771.3615171
RADOMSZCZAŃSKI,1933,baseline,1043751044.0477649,205689.71165360973,1043545354.3361113
RADZIECHOWSKI,1933,baseline,724018663.9364545,116217.85402788273,723902446.0824267
RADZYMIŃSKI,1933,baseline,922538313.3577657,603230.6633382987,921935082.6944274
RADZYŃSKI,1933,baseline,858209086.4622409,161438.76514509384,858047647.6970959
RAWICKI,1933,baseline,1281102277.2758741,453594.4333217655,1280648682.8425524
RAWSKI (RAWA MAZOWIECKA),1933,baseline,994842004.7247294,230027.0525918887,994611977.6721375
RAWSKI (RAWA RUSKA),1933,baseline,754600727.090294,130762.36720592527,754469964.723088
ROHATYŃSKI,1933,baseline,718990376.5703456,162167.5821077879,718828208.9882379
ROPCZYCKI,1933,baseline,922755209.3357767,182084.37492838677,922573124.9608483
RUDECKI,1933,baseline,778209949.5586137,238201.94390876018,777971747.6147048
RYBNICKI,1933,baseline,1113077921.4788373,848446.9398052908,1112229474.539032
RYPIŃSKI,1933,baseline,832695629.7204697,199097.71139720568,832496532.0090725
RZESZOWSKI,1933,baseline,880040970.0924609,233626.06007574126,879807344.0323851
RÓWIEŃSKI,1933,baseline,692497689.7695447,121734.41105900121,692375955.3584857
SAMBORSKI,1933,baseline,793346265.2359078,222421.85703864496,793123843.3788692
SANDOMIERSKI,1933,baseline,911564116.5900553,167413.02697555095,911396703.5630798
SANOCKI,1933,baseline,797157455.7847476,174907.71083175624,796982548.0739158
SARNEŃSKI,1933,baseline,689413046.3120028,38034.516386606265,689375011.7956161
SIEDLECKI,1933,baseline,880216367.632039,187173.87065998485,880029193.761379
SIERADZKI,1933,baseline,1104209696.880807,264533.5779802519,1103945163.3028266
SIERPECKI,1933,baseline,852100180.2304213,209094.0281131471,851891086.2023082
SKAŁACKI,1933,baseline,687936633.0805185,178090.00380632386,687758543.0767121
SKIERNIEWICKI,1933,baseline,1020975527.4252857,438735.55605135974,1020536791.8692343
SOCHACZEWSKI,1933,baseline,983625296.6484132,380197.6232971483,983245099.0251161
SOKALSKI,1933,baseline,735070396.1098956,163670.53271075056,734906725.5771848
SOKOŁOWSKI,1933,baseline,861846134.9697093,188364.3766660823,861657770.5930432
SOKÓLSKI,1933,baseline,780166728.0151134,87524.85531238923,780079203.159801
STANISŁAWOWSKI,1933,baseline,714354808.8729358,221509.89140787156,714133298.9815279
STAROGARDZKI,1933,baseline,996739757.913104,201306.74102700487,996538451.1720771
STOLIŃSKI,1933,baseline,673678932.5443907,30242.103994413326,673648690.4403963
STOPNICKI,1933,baseline,902876958.8070366,118559.13399268992,902758399.673044
STOŁPECKI,1933,baseline,680677521.4090402,64810.94437816229,680612710.4646621
STRYJSKI,1933,baseline,757094070.1058664,126219.00244230649,756967851.1034241
SUWALSKI,1933,baseline,714305608.4445895,87399.07527148396,714218209.369318
SZAMOTULSKI,1933,baseline,1288166709.603565,230999.6494214816,1287935709.9541435
SZCZUCZYŃSKI (WOJ. BIAŁOSTOCKIE),1933,baseline,763287346.0863053,111629.29974759503,763175716.7865577
SZCZUCZYŃSKI (WOJ. NOWOGRÓDZKIE),1933,baseline,732297659.6706657,58357.61262183049,732239302.058044
SZUBIŃSKI,1933,baseline,1135682745.9536295,219209.20982544607,1135463536.743804
SĘPOLEŃSKI,1933,baseline,1070239920.66301,287760.85157201265,1069952159.811438
SŁONIMSKI,1933,baseline,730419929.070909,60109.14710563158,730359819.9238034
TARNOBRZESKI,1933,baseline,901976990.2014323,177575.36486275602,901799414.8365695
TARNOGÓRSKI,1933,baseline,1204227287.3252647,1877753.1038014395,1202349534.2214632
TARNOPOLSKI,1933,baseline,706379639.9381869,215402.97782516896,706164236.9603617
TARNOWSKI,1933,baseline,956870398.6982669,388132.636736745,956482266.0615301
TCZEWSKI,1933,baseline,981895728.0598139,341932.65498248977,981553795.4048314
TOMASZOWSKI,1933,baseline,743377227.7009709,146795.77055171877,743230431.9304192
TORUŃSKI,1933,baseline,1099453920.4496217,432336.0479509122,1099021584.4016707
TREMBOWELSKI,1933,baseline,693091897.7180313,193619.92984364374,692898277.7881876
TUCHOLSKI,1933,baseline,1036954450.7623922,156769.2025842401,1036797681.5598079
TURCZAŃSKI,1933,baseline,764964551.7288225,86516.89655997862,764878034.8322625
TURECKI,1933,baseline,1081119913.251361,158028.2358279006,1080961885.015533
TŁUMACKI,1933,baseline,703112116.2403637,193952.62821504462,702918163.6121486
WADOWICKI,1933,baseline,1054793346.8204281,317259.00908088207,1054476087.8113472
WARSZAWSKI,1933,baseline,957849690.7585088,4376451.72978629,953473239.0287225
WIELUŃSKI,1933,baseline,1178150530.2864103,143429.49192374857,1178007100.7944865
WILEJSKI,1933,baseline,654680306.6257477,48887.3125153748,654631419.3132323
WILEŃSKO-TROCKI,1933,baseline,687008583.5088185,196314.96247005544,686812268.5463485
WILNO (MIASTO),1933,baseline,704308061.1565177,11794933.420319103,692513127.7361987
WOLSZTYŃSKI,1933,baseline,1457910033.354565,241534.79905257828,1457668498.5555124
WOŁKOWYSKI,1933,baseline,765478047.7170773,59040.418829416965,765419007.2982478
WOŁOŻYŃSKI,1933,baseline,662544094.4311602,59496.48850841676,662484597.9426517
WRZESIŃSKI,1933,baseline,1203847911.6495533,305765.41786851286,1203542146.2316847
WYRZYSKI,1933,baseline,1093547705.0958269,258312.2520422973,1093289392.8437846
WYSOKOMAZOWIECKI,1933,baseline,817785932.1698924,129313.12947814257,817656619.0404143
WĄBRZESKI,1933,baseline,1056505444.8172058,285734.8708724252,1056219709.9463334
WĄGROWIECKI,1933,baseline,1131104074.9790578,196973.29202451708,1130907101.6870332
WĘGROWSKI,1933,baseline,849735681.4488478,181101.45065352466,849554579.9981942
WŁOCŁAWSKI,1933,baseline,1086036049.893841,456524.87432894873,1085579525.0195122
WŁODAWSKI,1933,baseline,782057048.1317596,94361.57021619305,781962686.5615435
WŁODZIMIERSKI,1933,baseline,739514226.4401171,106563.52734100091,739407662.9127761
WŁOSZCZOWSKI,1933,baseline,960193331.1624485,121906.76426843778,960071424.3981801
ZALESZCZYCKI,1933,baseline,667130734.363456,169803.21131508326,666960931.152141
ZAMOJSKI,1933,baseline,787544583.9888576,221854.96357831912,787322729.0252793
ZBARASKI,1933,baseline,696147827.6779511,200129.9965495242,695947697.6814016
ZBOROWSKI,1933,baseline,721166113.750747,149296.9087681296,721016816.8419788
ZDOŁBUNOWSKI,1933,baseline,683341769.3592699,151146.73817567376,683190622.6210942
ZŁOCZOWSKI,1933,baseline,732639736.0085249,149066.67523855605,732490669.3332863
ŁASKI,1933,baseline,1086590296.0636277,378891.81155268016,1086211404.252075
ŁAŃCUCKI,1933,baseline,858564364.3065277,215621.51307949325,858348742.7934482
ŁOMŻYŃSKI,1933,baseline,824645678.0495111,115504.55248627432,824530173.4970248
ŁOWICKI,1933,baseline,1030469090.9897454,363115.6429216435,1030105975.3468237
ŁUCKI,1933,baseline,719232863.6283216,69680.64809328703,719163182.9802283
ŁUKOWSKI,1933,baseline,873151821.6591731,167952.79661283304,872983868.8625603
ŁUNINIECKI,1933,baseline,687403204.9569653,37327.26274084841,687365877.6942245
ŁÓDZKI,1933,baseline,1062802510.0591786,1530081.5097877304,1061272428.5493909
ŁÓDŹ (MIASTO),1933,baseline,1199764197.245147,144821712.58524773,1054942484.6598992
ŁĘCZYCKI,1933,baseline,1065270060.6779181,379929.8157729188,1064890130.8621452
ŚNIATYŃSKI,1933,baseline,675587524.8198655,283673.04923305125,675303851.7706324
ŚREDZKI,1933,baseline,1260416540.8003232,288867.3249904396,1260127673.4753327
ŚREMSKI,1933,baseline,1253313018.8344412,245276.58638943115,1253067742.2480516
ŚWIECKI,1933,baseline,1048082286.2063817,193276.88317678228,1047889009.3232049
ŚWIĘCIAŃSKI,1933,baseline,657494098.4447755,43692.764586531324,657450405.6801889
ŚWIĘTOCHŁOWICKI,1933,baseline,1241769583.882882,22346242.26564366,1219423341.6172385
ŻNIŃSKI,1933,baseline,1166110716.7328281,272062.2402894524,1165838654.4925387
ŻYDACZOWSKI,1933,baseline,735008902.4598746,163376.5785842243,734845525.8812904
ŻYWIECKI,1933,baseline,1067673678.8237449,337710.69701728376,1067335968.1267276
ŻÓŁKIEWSKI,1933,baseline,753808022.3530335,243697.44584293838,753564324.9071906
AUGUSTOWSKI,1934,baseline,792331606.4551197,81385.16918812125,792250221.2859316
BARANOWICKI,1934,baseline,758891555.3568511,64905.05313163095,758826650.3037195
BIALSKI (BIAŁA KRAKOWSKA),1934,baseline,1203809450.1191785,996455.3393119269,1202812994.7798667
BIALSKI (BIAŁA PODLASKA),1934,baseline,914596619.1038235,166108.68680458335,914430510.417019
BIAŁOSTOCKI,1934,baseline,880572660.5807953,196376.49610413864,880376284.0846912
BIELSKI (BIELSK PODLASKI),1934,baseline,874667451.8946584,79958.43010430354,874587493.4645542
BIELSKO,1934,baseline,1202027533.0722933,2274552.377400802,1199752980.6948924
BIŁGORAJSKI,1934,baseline,835373271.3734721,127747.35388293094,835245524.0195892
BOCHEŃSKI,1934,baseline,1101618897.9963622,290591.6419643385,1101328306.3543978
BORSZCZOWSKI,1934,baseline,717554602.9316078,154853.48927394557,717399749.4423339
BRASŁAWSKI,1934,baseline,686343822.2511792,41973.38326315541,686301848.8679161
BRODNICKI,1934,baseline,1116615682.5317395,267246.89234623674,1116348435.6393933
BRODZKI,1934,baseline,791832910.9682872,157254.75544046875,791675656.2128468
BRZESKI (BRZESKO),1934,baseline,1028314792.4814798,221300.93000452535,1028093491.5514753
BRZESKI (BRZEŚĆ N.BUG.),1934,baseline,888388224.3848237,93850.16285289939,888294374.2219708
BRZEZIŃSKI,1934,baseline,1134809074.621929,708526.3790530157,1134100548.2428758
BRZEŻAŃSKI,1934,baseline,786714436.8589065,198832.4482776726,786515604.4106288
BRZOZOWSKI,1934,baseline,906986011.4086628,334756.71081345633,906651254.6978494
BUCZACKI,1934,baseline,751423064.699317,192739.94120763798,751230324.7581093
BYDGOSKI,1934,baseline,1205905601.5547976,464931.7102381402,1205440669.8445594
BÓBRECKI,1934,baseline,801995700.7700561,242619.9619475979,801753080.8081086
BĘDZIŃSKI,1934,baseline,1256814184.2848425,1266224.6314767918,1255547959.6533656
BŁOŃSKI,1934,baseline,1075951886.815172,1088685.3093030602,1074863201.505869
CHEŁMIŃSKI,1934,baseline,1148240452.5558794,354962.15736926225,1147885490.39851
CHEŁMSKI,1934,baseline,878683126.1534002,172032.10033038212,878511094.0530698
CHODZIESKI,1934,baseline,1271006030.082999,279604.1720597115,1270726425.9109392
CHOJNICKI,1934,baseline,1117604194.7001739,126317.22086261415,1117477877.4793112
CHORZÓW,1934,baseline,1397465064.2820022,59691195.83848416,1337773868.4435182
CHRZANOWSKI,1934,baseline,1227583266.0496511,1042087.3817358832,1226541178.6679153
CIECHANOWSKI,1934,baseline,1024776402.2312427,280974.278456389,1024495427.9527863
CIESZYŃSKI,1934,baseline,1161704631.4605646,800113.3204683972,1160904518.1400962
CZARNKOWSKI,1934,baseline,1249033313.179982,230886.4943338317,1248802426.6856482
CZORTKOWSKI,1934,baseline,741310739.4042662,320604.2062277236,740990135.1980385
CZĘSTOCHOWSKI,1934,baseline,1146090567.1054955,478546.92968058377,1145612020.1758149
DOBROMILSKI,1934,baseline,874417192.9478078,172056.50403214345,874245136.4437757
DOLIŃSKI,1934,baseline,803654617.7815363,111017.81322187309,803543599.9683144
DROHICKI,1934,baseline,817902618.8504374,76232.05937252704,817826386.7910649
DROHOBYCKI,1934,baseline,843152918.0001708,413157.9812735353,842739760.0188973
DUBIEŃSKI,1934,baseline,762943699.81198,103548.71237252196,762840151.0996075
DZIAŁDOWSKI,1934,baseline,1044270510.5618787,172894.26811663763,1044097616.2937621
DZIŚNIEŃSKI,1934,baseline,683422215.0576535,56506.22675924515,683365708.8308944
DĄBROWSKI,1934,baseline,1021543082.0458583,180059.20241374514,1021363022.8434445
GARWOLIŃSKI,1934,baseline,987496056.5794348,225279.5123413307,987270777.0670934
GNIEŹNIEŃSKI,1934,baseline,1282271959.140432,312249.9190211819,1281959709.2214108
GORLICKI,1934,baseline,977397563.6622834,213308.36146163457,977184255.3008218
GOSTYNIŃSKI,1934,baseline,1121072709.7746193,272834.6654156019,1120799875.1092038
GOSTYŃSKI,1934,baseline,1396803063.4021854,414539.3195381348,1396388524.0826473
GRODZIEŃSKI,1934,baseline,825659861.7364541,81671.4654707574,825578190.2709833
GRUDZIĄDZKI,1934,baseline,1136347149.2721074,587025.2834900576,1135760123.9886174
GRÓDECKI,1934,baseline,830045248.8495222,284353.4305714163,829760895.4189508
GRÓJECKI,1934,baseline,1010914979.0253423,401530.7351401693,1010513448.2902021
HOROCHOWSKI,1934,baseline,776763767.3782086,132762.36377094255,776631005.0144377
HORODEŃSKI,1934,baseline,733708775.6379468,228457.20298850452,733480318.4349583
HRUBIESZOWSKI,1934,baseline,827616675.395356,205108.36228135647,827411567.0330747
INOWROCŁAWSKI,1934,baseline,1258079669.1950634,375807.9074675559,1257703861.2875957
IWACEWICKI,1934,baseline,800738820.5724018,48625.09835503987,800690195.4740467
IŁŻECKI,1934,baseline,1015626923.8906193,206953.9319212798,1015419969.958698
JANOWSKI,1934,baseline,930587235.2619257,165408.32365630908,930421826.9382694
JAROCIŃSKI,1934,baseline,1339340782.9135811,309855.29274413077,1339030927.620837
JAROSŁAWSKI,1934,baseline,924833225.581378,194495.38870408267,924638730.1926739
JASIELSKI,1934,baseline,959166569.9163584,213756.44567288522,958952813.4706855
JAWOROWSKI,1934,baseline,811348986.2234818,177563.85744519677,811171422.3660365
JĘDRZEJOWSKI,1934,baseline,1104197533.9830472,205430.50396785358,1103992103.4790795
KALISKI,1934,baseline,1255180841.5309803,339577.18338017445,1254841264.3476002
KAMIONECKI,1934,baseline,816135065.7168937,187285.24751558408,815947780.4693781
KARTUSKI,1934,baseline,1062016921.938239,139488.35566389174,1061877433.5825751
KATOWICE,1934,baseline,1325593885.1577232,13374607.73409038,1312219277.4236329
KAŁUSKI,1934,baseline,794756765.1605818,137824.32356647466,794618940.8370154
KIELECKI,1934,baseline,1080662728.831419,244895.65581493397,1080417833.175604
KOBRYŃSKI,1934,baseline,846739808.1412196,66530.95263257697,846673277.1885871
KOLBUSZOWSKI,1934,baseline,961228646.6800189,172557.07740156594,961056089.6026174
KOLSKI,1934,baseline,1239747098.3779685,316119.0517615909,1239430979.326207
KONECKI,1934,baseline,1082084321.003042,230417.5666780791,1081853903.436364
KONIŃSKI,1934,baseline,1255783306.4599462,184888.2681726766,1255598418.1917734
KOPYCZYNIECKI,1934,baseline,742420839.436178,215078.0743150222,742205761.3618629
KOSOWSKI (KOSÓW HUCULSKI),1934,baseline,734912411.9507691,65386.83794110696,734847025.112828
KOSTOPOLSKI,1934,baseline,742921587.1745045,74958.43604776607,742846628.7384567
KOSZYRSKI,1934,baseline,768487953.752399,40043.71758481725,768447910.0348141
KOWELSKI,1934,baseline,818030936.2831757,55472.65237974686,817975463.630796
KOZIENICKI,1934,baseline,973821123.078136,156938.79567074397,973664184.2824652
KOŁOMYJSKI,1934,baseline,755254458.789067,178576.13480521456,755075882.6542618
KOŚCIAŃSKI,1934,baseline,1459002224.2469792,366246.2278284369,1458635978.0191507
KOŚCIERSKI,1934,baseline,1076751276.8989718,153539.3281275332,1076597737.5708442
KRAKOWSKI,1934,baseline,1154471834.7328465,3831599.8844153183,1150640234.848431
KRAKÓW (MIASTO),1934,baseline,1228471875.0659804,77368582.91332436,1151103292.152656
KRASNOSTAWSKI,1934,baseline,872001693.453899,189494.61426080254,871812198.8396382
KROTOSZYŃSKI,1934,baseline,1340559387.6786785,335098.08119047206,1340224289.597488
KROŚNIEŃSKI,1934,baseline,940987029.2842321,385751.0872699985,940601278.1969621
KRZEMIENIECKI,1934,baseline,747147435.1470867,109328.57380326054,747038106.5732834
KUTNOWSKI,1934,baseline,1166416769.2747989,614672.3893313018,1165802096.8854675
KĘPIŃSKI,1934,baseline,1299549239.3078663,228206.82299357752,1299321032.4848728
LESKI,1934,baseline,862038044.3510342,102471.09837159322,861935573.2526625
LESZCZYŃSKI,1934,baseline,1472685927.735519,411948.8430330313,1472273978.8924859
LIDZKI,1934,baseline,773796629.7671098,65872.2028311899,773730757.5642786
LIMANOWSKI,1934,baseline,1036190344.9888778,159975.54080538166,1036030369.4480724
LIPNOWSKI,1934,baseline,911253563.1086841,198792.0483679301,911054771.0603161
LUBACZOWSKI,1934,baseline,801843241.9961032,136298.64275100722,801706943.3533522
LUBARTOWSKI,1934,baseline,913357130.6319131,212234.57965662572,913144896.0522565
LUBAWSKI,1934,baseline,1058443837.4388353,250241.2684512712,1058193596.170384
LUBELSKI,1934,baseline,930997420.0558527,375669.3243884803,930621750.7314641
LUBLINIECKI,1934,baseline,1286313701.8396688,382255.7035046447,1285931446.1361642
LUBOMELSKI,1934,baseline,844756712.0025736,69527.07176508586,844687184.9308085
LWOWSKI,1934,baseline,841553611.1454004,3219868.398400398,838333742.747
LWÓW (MIASTO),1934,baseline,881152930.6059374,37987067.39963382,843165863.2063036
M. ST. WARSZAWA,1934,baseline,1171011754.858848,123689460.18356296,1047322294.6752851
MAKOWSKI (MAKÓW MAZOWIECKI),1934,baseline,979077185.7294325,167366.68207093904,978909819.0473615
MIECHOWSKI,1934,baseline,1131509532.074654,234112.9391122653,1131275419.135542
MIELECKI,1934,baseline,988964353.793345,143816.83819226184,988820536.9551528
MIĘDZYCHODZKI,1934,baseline,1481019318.569082,238971.46118103378,1480780347.107901
MIŃSKI,1934,baseline,998519551.0535946,521358.56197002204,997998192.4916246
MOGILEŃSKI,1934,baseline,1272342817.5371928,273572.8521303736,1272069244.6850624
MORSKI,1934,baseline,1026529489.0528786,325266.54841929575,1026204222.5044594
MOŁODECZAŃSKI,1934,baseline,723366954.3213558,102061.15800748729,723264893.1633483
MOŚCISKI,1934,baseline,880788393.6125401,202112.70860536312,880586280.9039347
MYŚLENICKI,1934,baseline,1068848605.4419421,190507.7683223412,1068658097.6736197
MŁAWSKI,1934,baseline,1033353955.5558176,211216.9102885629,1033142738.645529
NADWÓRNIAŃSKI,1934,baseline,753748888.4004484,111544.23469315041,753637344.1657553
NIESZAWSKI,1934,baseline,1196992308.8225179,302468.27395153936,1196689840.5485663
NIEŚWIESKI,1934,baseline,758298104.4482784,130467.96107751233,758167636.4872009
NIŻAŃSKI,1934,baseline,957999725.5152613,164127.25889007613,957835598.2563713
NOWOGRÓDZKI,1934,baseline,749888302.307229,75639.79124083961,749812662.5159882
NOWOSĄDECKI,1934,baseline,1010281665.3390993,181651.4482842276,1010100013.890815
NOWOTARSKI,1934,baseline,1068562370.1718317,164143.9294573533,1068398226.2423744
NOWOTOMYSKI,1934,baseline,1540609389.5261478,271450.0533471331,1540337939.4728007
OBORNICKI,1934,baseline,1357213783.678746,277574.9088084337,1356936208.7699375
OLKUSKI,1934,baseline,1196156028.709135,296570.01974688197,1195859458.6893883
OPATOWSKI,1934,baseline,1020262894.8163328,256310.70290512402,1020006584.1134276
OPOCZYŃSKI,1934,baseline,1089975009.908445,201463.24048755277,1089773546.6679573
OSTROWSKI (OSTRÓW MAZOWIECKA),1934,baseline,936122340.6972028,159786.4558058246,935962554.241397
OSTROWSKI (OSTRÓW WIELKOPOLSKI),1934,baseline,1332689443.8911862,283031.26381208166,1332406412.6273742
OSTROŁĘCKI,1934,baseline,923883050.45298,103198.03607344144,923779852.4169066
OSZMIAŃSKI,1934,baseline,699892395.237319,71152.8346515241,699821242.4026675
PIOTRKOWSKI,1934,baseline,1131244179.7021756,290292.88858940615,1130953886.8135862
PIŃCZOWSKI,1934,baseline,1024377118.6068639,194807.38128688355,1024182311.225577
PIŃSKI,1934,baseline,783893556.9862107,50407.9227679575,783843149.0634427
PODHAJECKI,1934,baseline,780795204.845995,154152.1401522756,780641052.7058426
POSTAWSKI,1934,baseline,693290502.3410543,47953.376312830995,693242548.9647415
POZNAŃ (MIASTO),1934,baseline,1494821605.331559,42959614.76607412,1451861990.5654848
POZNAŃSKI,1934,baseline,1424316092.9759161,1068432.8414708814,1423247660.1344452
PRUŻAŃSKI,1934,baseline,833856932.7411067,78079.73933340688,833778853.0017734
PRZASNYCKI,1934,baseline,899729009.6249491,147689.88994396967,899581319.7350051
PRZEMYSKI,1934,baseline,905802697.1407155,364033.7291819282,905438663.4115336
PRZEMYŚLAŃSKI,1934,baseline,808686578.45498,201726.12889249882,808484852.3260875
PRZEWORSKI,1934,baseline,932962104.9384744,452140.5937023588,932509964.3447721
PSZCZYŃSKI,1934,baseline,1277461432.3930895,713648.6058662133,1276747783.7872233
PUŁAWSKI,1934,baseline,935163727.4030864,188573.86429706507,934975153.5387894
PUŁTUSKI,1934,baseline,990638633.5500257,253441.54212091345,990385192.0079048
PŁOCKI,1934,baseline,901708196.390249,334237.67066905537,901373958.7195799
PŁOŃSKI,1934,baseline,978735994.1376278,265908.1470306988,978470085.9905971
RADOMSKI,1934,baseline,1030131053.9672518,272363.1957342417,1029858690.7715175
RADOMSZCZAŃSKI,1934,baseline,1139308293.5500891,227761.74117405445,1139080531.8089151
RADZIECHOWSKI,1934,baseline,790305537.223003,133378.46209988138,790172158.7609031
RADZYMIŃSKI,1934,baseline,1007019472.6772019,648740.4977029619,1006370732.1794989
RADZYŃSKI,1934,baseline,936805578.7268447,178757.7574599701,936626820.9693847
RAWICKI,1934,baseline,1398443465.7687883,524110.921163809,1397919354.8476245
RAWSKI (RAWA MAZOWIECKA),1934,baseline,1086609430.2179952,250765.49920224177,1086358664.718793
RAWSKI (RAWA RUSKA),1934,baseline,823694540.0539247,151051.98536377086,823543488.068561
ROHATYŃSKI,1934,baseline,784833938.8205425,198711.66246803963,784635227.1580744
ROPCZYCKI,1934,baseline,1007207367.0203487,185339.76428031013,1007022027.2560683
RUDECKI,1934,baseline,849445394.8832467,257551.55102199625,849187843.3322246
RYBNICKI,1934,baseline,1214994139.3115938,978939.7479815508,1214015199.5636122
RYPIŃSKI,1934,baseline,908990874.4669529,235295.79158704338,908755578.6753659
RZESZOWSKI,1934,baseline,960620172.8440404,257032.58756493605,960363140.2564754
RÓWIEŃSKI,1934,baseline,755865459.822273,138087.0556767166,755727372.7665963
SAMBORSKI,1934,baseline,865986041.9446923,243338.97220025669,865742702.972492
SANDOMIERSKI,1934,baseline,994995421.3311597,192520.2122908677,994802901.1188688
SANOCKI,1934,baseline,870215652.7372527,189584.1881467651,870026068.549106
SARNEŃSKI,1934,baseline,752529023.2864999,45998.440121880696,752483024.846378
SIEDLECKI,1934,baseline,960854262.9556147,203548.91110499774,960650714.0445096
SIERADZKI,1934,baseline,1205268945.134181,288187.263094555,1204980757.8710864
SIERPECKI,1934,baseline,930192391.5214097,238838.58525371115,929953552.936156
SKAŁACKI,1934,baseline,750922580.461794,202864.85615677058,750719715.6056372
SKIERNIEWICKI,1934,baseline,1114481092.233041,486809.25413611846,1113994282.978905
SOCHACZEWSKI,1934,baseline,1073754450.8127732,426262.4781879883,1073328188.3345853
SOKALSKI,1934,baseline,802375894.7169936,185551.9725888095,802190342.7444048
SOKOŁOWSKI,1934,baseline,940802247.9224267,210986.45644280437,940591261.4659839
SOKÓLSKI,1934,baseline,851613162.4731877,103395.03110007467,851509767.4420877
STANISŁAWOWSKI,1934,baseline,779762083.4542782,254372.53512376978,779507710.9191544
STAROGARDZKI,1934,baseline,1088344596.777836,233318.30201935302,1088111278.4758167
STOLIŃSKI,1934,baseline,735372622.2678604,34577.66959529251,735338044.5982652
STOPNICKI,1934,baseline,985524818.8173991,143859.16546905873,985380959.6519301
STOŁPECKI,1934,baseline,743002056.7672684,75606.45351154565,742926450.3137568
STRYJSKI,1934,baseline,826402918.7117903,142003.07722379657,826260915.6345665
SUWALSKI,1934,baseline,779708257.4117076,96592.33908060168,779611665.0726271
SZAMOTULSKI,1934,baseline,1406007177.201619,274737.3175773096,1405732439.8840415
SZCZUCZYŃSKI (WOJ. BIAŁOSTOCKIE),1934,baseline,833194661.5187533,128425.763611741,833066235.7551415
SZCZUCZYŃSKI (WOJ. NOWOGRÓDZKIE),1934,baseline,799359734.9200321,70009.83134948062,799289725.0886827
SZUBIŃSKI,1934,baseline,1239844505.6345809,275429.69259213994,1239569075.9419887
SĘPOLEŃSKI,1934,baseline,1168487190.8256445,341985.945527008,1168145204.8801174
SŁONIMSKI,1934,baseline,797302707.1571267,72209.63291378437,797230497.5242128
TARNOBRZESKI,1934,baseline,984557679.9161927,198748.27923997963,984358931.6369526
TARNOGÓRSKI,1934,baseline,1314461775.6184251,2086961.6643817753,1312374813.9540434
TARNOPOLSKI,1934,baseline,771058681.5223923,244558.67550845115,770814122.8468838
TARNOWSKI,1934,baseline,1044438139.5990202,402146.62385911023,1044035992.9751611
TCZEWSKI,1934,baseline,1072227118.3380845,403595.64304429595,1071823522.6950401
TOMASZOWSKI,1934,baseline,811433689.1063182,161409.46115844487,811272279.6451598
TORUŃSKI,1934,baseline,1200431674.7135098,502590.83747221495,1199929083.8760376
TREMBOWELSKI,1934,baseline,756556042.4293237,226927.51331893442,756329114.9160048
TUCHOLSKI,1934,baseline,1132083446.4238386,183666.55825992464,1131899779.8655787
TURCZAŃSKI,1934,baseline,834991208.9310305,98460.09085115409,834892748.8401793
TURECKI,1934,baseline,1180110490.3134668,184172.4054370904,1179926317.9080298
TŁUMACKI,1934,baseline,767495179.4080193,234442.2272484619,767260737.1807709
WADOWICKI,1934,baseline,1151308999.493499,336927.76035768737,1150972071.7331414
WARSZAWSKI,1934,baseline,1053152018.6729811,12042399.887167562,1041109618.7858136
WIELUŃSKI,1934,baseline,1285986806.348038,161213.5619711171,1285825592.7860668
WILEJSKI,1934,baseline,714628939.4513808,58001.99482575898,714570937.4565551
WILEŃSKO-TROCKI,1934,baseline,749872570.2989204,209031.2433118954,749663539.0556085
WILNO (MIASTO),1934,baseline,768235969.9288636,12311956.199327257,755924013.7295364
WOLSZTYŃSKI,1934,baseline,1591335953.469924,303427.5676203632,1591032525.9023037
WOŁKOWYSKI,1934,baseline,835578569.2340255,66688.19449495862,835511881.0395305
WOŁOŻYŃSKI,1934,baseline,723211980.2730465,71527.60428711645,723140452.6687593
WRZESIŃSKI,1934,baseline,1314210526.7935193,392670.1961837709,1313817856.5973356
WYRZYSKI,1934,baseline,1193823829.5195725,312668.715356969,1193511160.8042154
WYSOKOMAZOWIECKI,1934,baseline,892768095.8564148,146413.4266347907,892621682.42978
WĄBRZESKI,1934,baseline,1153413131.1322575,349334.5937658957,1153063796.5384915
WĄGROWIECKI,1934,baseline,1234789375.1973827,251611.40422088018,1234537763.7931619
WĘGROWSKI,1934,baseline,927547069.05294,195052.1750321141,927352016.8779079
WŁOCŁAWSKI,1934,baseline,1185479929.630921,502630.1641379378,1184977299.466783
WŁODAWSKI,1934,baseline,853531774.5270014,106890.64579201538,853424883.8812094
WŁODZIMIERSKI,1934,baseline,807228582.9825163,124888.7550573638,807103694.227459
WŁOSZCZOWSKI,1934,baseline,1048093961.5651954,148414.73427006498,1047945546.8309253
ZALESZCZYCKI,1934,baseline,728223650.4975469,194713.43898665835,728028937.0585603
ZAMOJSKI,1934,baseline,859652049.1830143,243616.61040935625,859408432.5726049
ZBARASKI,1934,baseline,759888376.1276772,221569.34139229954,759666806.7862849
ZBOROWSKI,1934,baseline,787173615.7492384,167377.00214077413,787006238.7470976
ZDOŁBUNOWSKI,1934,baseline,745889840.6388351,171004.5711692923,745718836.0676658
ZŁOCZOWSKI,1934,baseline,799716051.9730518,169700.51334304502,799546351.4597087
ŁASKI,1934,baseline,1186059201.6883144,424530.4211672527,1185634671.2671473
ŁAŃCUCKI,1934,baseline,937177825.6312447,239031.4177481699,936938794.2134964
ŁOMŻYŃSKI,1934,baseline,900175964.8475239,127620.97015545932,900048343.8773685
ŁOWICKI,1934,baseline,1124851248.0381465,402872.7454545224,1124448375.292692
ŁUCKI,1934,baseline,785088159.5946181,79814.65756217946,785008344.937056
ŁUKOWSKI,1934,baseline,953128184.4361256,185692.5381981164,952942491.8979275
ŁUNINIECKI,1934,baseline,750328299.8471377,42132.27327018192,750286167.5738676
ŁÓDZKI,1934,baseline,1160116188.9134772,1623746.1928546699,1158492442.7206225
ŁÓDŹ (MIASTO),1934,baseline,1311055013.782601,159509605.3249193,1151545408.457682
ŁĘCZYCKI,1934,baseline,1162851614.5002887,418654.48956130986,1162432960.0107274
ŚNIATYŃSKI,1934,baseline,737462670.5565854,339755.22225598095,737122915.3343295
ŚREDZKI,1934,baseline,1375803362.6097145,356759.69407784974,1375446602.9156365
ŚREMSKI,1934,baseline,1368119145.8517764,312652.6664161637,1367806493.1853602
ŚWIECKI,1934,baseline,1144289430.6299555,232962.3812473792,1144056468.2487082
ŚWIĘCIAŃSKI,1934,baseline,717706498.2756214,52632.485455798276,717653865.7901657
ŚWIĘTOCHŁOWICKI,1934,baseline,1357879684.5061374,26885679.080608606,1330994005.4255288
ŻNIŃSKI,1934,baseline,1273011759.648162,336366.2691978637,1272675393.378964
ŻYDACZOWSKI,1934,baseline,802311093.3640925,190222.76557214925,802120870.5985203
ŻYWIECKI,1934,baseline,1165365391.4449272,349322.05737331207,1165016069.387554
ŻÓŁKIEWSKI,1934,baseline,822811053.4671464,269722.8796822463,822541330.5874641
AUGUSTOWSKI,1935,baseline,850105335.282334,76921.13545880605,850028414.1468751
BARANOWICKI,1935,baseline,814297360.2865864,64152.156724923894,814233208.1298615
BIALSKI (BIAŁA KRAKOWSKA),1935,baseline,1292216773.7726085,977592.1383193058,1291239181.6342893
BIALSKI (BIAŁA PODLASKA),1935,baseline,981261857.2485659,162991.40028448313,981098865.8482814
BIAŁOSTOCKI,1935,baseline,944700212.8479756,195480.15918785022,944504732.6887878
BIELSKI (BIELSK PODLASKI),1935,baseline,938380612.0673093,77936.80710932116,938302675.2601999
BIELSKO,1935,baseline,1290733601.9201045,2632822.017399113,1288100779.9027054
BIŁGORAJSKI,1935,baseline,896302654.675136,125696.94507439056,896176957.7300615
BOCHEŃSKI,1935,baseline,1182515562.8495994,318619.4230203523,1182196943.426579
BORSZCZOWSKI,1935,baseline,770015677.7546558,161899.34622264834,769853778.4084332
BRASŁAWSKI,1935,baseline,736407729.0229183,37224.63801905657,736370504.3848993
BRODNICKI,1935,baseline,1196670073.9199421,247724.42509140001,1196422349.4948506
BRODZKI,1935,baseline,849735383.0758213,164998.4675857544,849570384.6082355
BRZESKI (BRZESKO),1935,baseline,1103795679.3510368,263365.76215477707,1103532313.588882
BRZESKI (BRZEŚĆ N.BUG.),1935,baseline,953123169.8003333,89017.66921123299,953034152.131122
BRZEZIŃSKI,1935,baseline,1217386027.3298123,750517.8501732335,1216635509.479639
BRZEŻAŃSKI,1935,baseline,844229695.6378573,199289.9453380112,844030405.6925193
BRZOZOWSKI,1935,baseline,973352133.2515745,342505.9928443589,973009627.2587302
BUCZACKI,1935,baseline,806369474.5338087,193079.58957128462,806176394.9442375
BYDGOSKI,1935,baseline,1292682814.5349574,439566.77694921015,1292243247.7580082
BÓBRECKI,1935,baseline,860605367.2735541,226969.29886716758,860378397.9746869
BĘDZIŃSKI,1935,baseline,1349145374.215655,1298971.7162816068,1347846402.4993734
BŁOŃSKI,1935,baseline,1154262512.1992834,1113500.3384057712,1153149011.8608775
CHEŁMIŃSKI,1935,baseline,1230555965.5256798,296901.1479944635,1230259064.3776853
CHEŁMSKI,1935,baseline,942735920.4912021,157553.61866765656,942578366.8725345
CHODZIESKI,1935,baseline,1363230891.4359732,240173.41517629646,1362990718.0207968
CHOJNICKI,1935,baseline,1197207866.6616104,118461.05726115857,1197089405.6043491
CHORZÓW,1935,baseline,1492466126.585308,56270128.56764211,1436195998.0176659
CHRZANOWSKI,1935,baseline,1317839840.4478328,1114921.344796018,1316724919.1030369
CIECHANOWSKI,1935,baseline,1098738981.9976306,253964.85218448067,1098485017.145446
CIESZYŃSKI,1935,baseline,1247028973.7499216,832897.5547622947,1246196076.1951592
CZARNKOWSKI,1935,baseline,1339897950.4366555,203534.20226536106,1339694416.2343903
CZORTKOWSKI,1935,baseline,795498777.1051137,313991.99025707215,795184785.1148567
CZĘSTOCHOWSKI,1935,baseline,1230040633.5037677,518772.0016001216,1229521861.5021677
DOBROMILSKI,1935,baseline,938412950.5781593,187440.58791726414,938225509.9902421
DOLIŃSKI,1935,baseline,862439986.5210307,115834.39172939403,862324152.1293013
DROHICKI,1935,baseline,877544482.7484704,69343.51789631501,877475139.2305741
DROHOBYCKI,1935,baseline,904752043.3504978,397053.4821015799,904354989.8683963
DUBIEŃSKI,1935,baseline,818675914.5226041,92063.87852462685,818583850.6440794
DZIAŁDOWSKI,1935,baseline,1119835042.8042743,148440.98594001096,1119686601.8183343
DZIŚNIEŃSKI,1935,baseline,733284194.5922908,51081.823487465874,733233112.7688032
DĄBROWSKI,1935,baseline,1096514684.1733205,213940.13775139843,1096300744.0355692
GARWOLIŃSKI,1935,baseline,1059350740.4110597,214795.18445189093,1059135945.2266078
GNIEŹNIEŃSKI,1935,baseline,1374776632.9853356,258975.63300423435,1374517657.3523314
GORLICKI,1935,baseline,1049088170.4573525,227069.41745956268,1048861101.0398929
GOSTYNIŃSKI,1935,baseline,1202459728.2822022,248976.1318426651,1202210752.1503596
GOSTYŃSKI,1935,baseline,1498991544.522224,306258.8149643115,1498685285.7072597
GRODZIEŃSKI,1935,baseline,885781253.810765,77946.22616993073,885703307.5845951
GRUDZIĄDZKI,1935,baseline,1217253567.544512,555866.5276030193,1216697701.0169091
GRÓDECKI,1935,baseline,890762117.8807329,283830.9922114651,890478286.8885214
GRÓJECKI,1935,baseline,1084485873.3341117,395388.2642818511,1084090485.06983
HOROCHOWSKI,1935,baseline,833469739.8965216,118518.21150396165,833351221.6850176
HORODEŃSKI,1935,baseline,787345057.2853904,214381.6952364454,787130675.5901539
HRUBIESZOWSKI,1935,baseline,887967065.91147,189473.40405249802,887777592.5074176
INOWROCŁAWSKI,1935,baseline,1349071450.6940944,302306.5335709557,1348769144.1605234
IWACEWICKI,1935,baseline,859149823.7213956,50410.90851504087,859099412.8128805
IŁŻECKI,1935,baseline,1090009663.5105479,211656.78740276137,1089798006.723145
JANOWSKI,1935,baseline,998533478.9902719,170405.24278051694,998363073.7474914
JAROCIŃSKI,1935,baseline,1437111299.9475057,235103.14758932995,1436876196.7999163
JAROSŁAWSKI,1935,baseline,992217628.0383036,209086.6070487523,992008541.4312549
JASIELSKI,1935,baseline,1029512732.7072408,228073.0620259742,1029284659.6452148
JAWOROWSKI,1935,baseline,870670851.4627409,181255.01703847205,870489596.4457024
JĘDRZEJOWSKI,1935,baseline,1185115273.414333,204979.89431716187,1184910293.520016
KALISKI,1935,baseline,1347593910.5743415,318696.59144408203,1347275213.9828975
KAMIONECKI,1935,baseline,875808738.8790021,184462.34334660418,875624276.5356555
KARTUSKI,1935,baseline,1134613989.3150868,133781.94001975085,1134480207.375067
KATOWICE,1935,baseline,1421323615.3003356,12911529.139206102,1408412086.1611295
KAŁUSKI,1935,baseline,852858585.3739475,147292.59332659634,852711292.7806209
KIELECKI,1935,baseline,1159745809.360091,255054.6694228754,1159490754.690668
KOBRYŃSKI,1935,baseline,908455794.1181756,61865.74439326951,908393928.3737824
KOLBUSZOWSKI,1935,baseline,1031582098.2804576,181348.00569770279,1031400750.2747599
KOLSKI,1935,baseline,1329838873.4203184,271829.2000496524,1329567044.2202687
KONECKI,1935,baseline,1161118619.7379649,245364.01194100358,1160873255.726024
KONIŃSKI,1935,baseline,1347263099.0656042,155212.55671122213,1347107886.508893
KOPYCZYNIECKI,1935,baseline,796678886.0278609,207750.32286450054,796471135.7049963
KOSOWSKI (KOSÓW HUCULSKI),1935,baseline,788716365.3172513,66676.93952897482,788649688.3777224
KOSTOPOLSKI,1935,baseline,797165445.51667,77642.24600293062,797087803.2706671
KOSZYRSKI,1935,baseline,824567498.600602,40226.42619433254,824527272.1744077
KOWELSKI,1935,baseline,877700654.6069747,50045.65912379779,877650608.947851
KOZIENICKI,1935,baseline,1044820194.7002603,153147.91589541145,1044667046.7843648
KOŁOMYJSKI,1935,baseline,810499504.6021246,188406.34046423994,810311098.2616603
KOŚCIAŃSKI,1935,baseline,1565936716.112338,311734.2574627868,1565624981.8548753
KOŚCIERSKI,1935,baseline,1151741553.1592689,141137.92097801092,1151600415.2382908
KRAKOWSKI,1935,baseline,1239129973.252944,3994107.038475014,1235135866.214469
KRAKÓW (MIASTO),1935,baseline,1317646865.1335087,82007708.74545771,1235639156.388051
KRASNOSTAWSKI,1935,baseline,935590257.8736929,188732.29554234538,935401525.5781505
KROTOSZYŃSKI,1935,baseline,1438668304.4234378,255747.6079377691,1438412556.8155
KROŚNIEŃSKI,1935,baseline,1009997825.0735742,404161.3257056079,1009593663.7478685
KRZEMIENIECKI,1935,baseline,801732822.5368044,94326.31846429009,801638496.2183402
KUTNOWSKI,1935,baseline,1251092054.5846984,578353.6486808138,1250513700.9360175
KĘPIŃSKI,1935,baseline,1394742724.9446485,189141.15899831348,1394553583.7856503
LESKI,1935,baseline,925173176.4291505,109429.24313543411,925063747.186015
LESZCZYŃSKI,1935,baseline,1580564054.3662193,325578.9558914673,1580238475.410328
LIDZKI,1935,baseline,830226191.5625575,63041.6660750136,830163149.8964825
LIMANOWSKI,1935,baseline,1112218594.1841273,161808.89587488666,1112056785.2882524
LIPNOWSKI,1935,baseline,977351405.4421613,177667.13298523743,977173738.3091761
LUBACZOWSKI,1935,baseline,860376456.7440585,139819.47263169632,860236637.2714268
LUBARTOWSKI,1935,baseline,979934862.4969783,199481.8089280612,979735380.6880503
LUBAWSKI,1935,baseline,1134449199.5987926,220690.34409746958,1134228509.2546952
LUBELSKI,1935,baseline,998833501.5824704,358978.54037682316,998474523.0420936
LUBLINIECKI,1935,baseline,1380754026.979192,390917.1265189944,1380363109.852673
LUBOMELSKI,1935,baseline,906399006.66078,62964.385653545454,906336042.2751265
LWOWSKI,1935,baseline,902953185.7371099,3317948.2197168274,899635237.5173931
LWÓW (MIASTO),1935,baseline,944258314.2021904,39429036.46080538,904829277.741385
M. ST. WARSZAWA,1935,baseline,1254583777.7837346,131120607.83895741,1123463169.9447773
MAKOWSKI (MAKÓW MAZOWIECKI),1935,baseline,1049820850.9468347,155122.99238212148,1049665727.9544525
MIECHOWSKI,1935,baseline,1214473630.6381369,227045.35969073814,1214246585.2784462
MIELECKI,1935,baseline,1061375135.0779924,179896.65149413314,1061195238.4264983
MIĘDZYCHODZKI,1935,baseline,1589711281.4344466,190110.1833454357,1589521171.2511013
MIŃSKI,1935,baseline,1071105555.6048928,506957.02002471505,1070598598.5848682
MOGILEŃSKI,1935,baseline,1364555120.6761823,200970.6666474918,1364354150.0095348
MORSKI,1935,baseline,1097432055.7203627,330060.69128702534,1097101995.0290756
MOŁODECZAŃSKI,1935,baseline,776120535.754995,95884.67734265351,776024651.0776523
MOŚCISKI,1935,baseline,945170910.562611,218369.2222858389,944952541.3403251
MYŚLENICKI,1935,baseline,1147289738.6339335,199417.86102052662,1147090320.772913
MŁAWSKI,1935,baseline,1107792769.6649787,190629.3126810018,1107602140.3522978
NADWÓRNIAŃSKI,1935,baseline,808871235.4592366,114563.49027513838,808756671.9689615
NIESZAWSKI,1935,baseline,1283650248.5859609,250392.6082906095,1283399855.9776702
NIEŚWIESKI,1935,baseline,813596058.934427,119733.58072267324,813476325.3537043
NIŻAŃSKI,1935,baseline,1028045903.4149959,178597.0578537862,1027867306.3571421
NOWOGRÓDZKI,1935,baseline,804577582.5811218,68381.58065861306,804509201.0004632
NOWOSĄDECKI,1935,baseline,1084375093.5703428,200060.13656885963,1084175033.433774
NOWOTARSKI,1935,baseline,1146938032.465719,183009.45747057156,1146755023.0082483
NOWOTOMYSKI,1935,baseline,1653679469.3037217,223815.72923846514,1653455653.5744832
OBORNICKI,1935,baseline,1456021698.7612524,226289.27976872647,1455795409.4814837
OLKUSKI,1935,baseline,1283986153.8071308,285654.4214131137,1283700499.3857176
OPATOWSKI,1935,baseline,1094854178.2828958,258672.08306275314,1094595506.1998332
OPOCZYŃSKI,1935,baseline,1169494124.670507,205887.98770759912,1169288236.6827993
OSTROWSKI (OSTRÓW MAZOWIECKA),1935,baseline,1004235887.3977829,148799.5083963549,1004087087.8893865
OSTROWSKI (OSTRÓW WIELKOPOLSKI),1935,baseline,1430295107.176831,222774.05168805362,1430072333.125143
OSTROŁĘCKI,1935,baseline,991123353.8724574,95568.42773922245,991027785.4447181
OSZMIAŃSKI,1935,baseline,750944725.563475,65285.73334969973,750879439.8301253
PIOTRKOWSKI,1935,baseline,1213807700.7727983,298159.2151334904,1213509541.5576649
PIŃCZOWSKI,1935,baseline,1099347302.2527921,187596.3252470782,1099159705.927545
PIŃSKI,1935,baseline,841074080.3994795,51669.62283595639,841022410.7766435
PODHAJECKI,1935,baseline,837890603.3728124,162954.7202445467,837727648.6525679
POSTAWSKI,1935,baseline,743849879.9215244,41199.46852020769,743808680.4530042
POZNAŃ (MIASTO),1935,baseline,1603818572.5632496,45740759.53161526,1558077813.0316343
POZNAŃSKI,1935,baseline,1527809433.4275005,1030114.0296722795,1526779319.397828
PRUŻAŃSKI,1935,baseline,894667962.0447961,74618.48083670984,894593343.5639594
PRZASNYCKI,1935,baseline,965016621.4818393,140754.0351777847,964875867.4466615
PRZEMYSKI,1935,baseline,972058617.2391754,365156.6241682593,971693460.6150072
PRZEMYŚLAŃSKI,1935,baseline,867815044.4502515,206787.78218634747,867608256.6680651
PRZEWORSKI,1935,baseline,1001246134.5188656,479230.5069527061,1000766904.0119128
PSZCZYŃSKI,1935,baseline,1371318346.4947197,725394.57004945,1370592951.9246702
PUŁAWSKI,1935,baseline,1003422756.4499123,173670.62844891727,1003249085.8214633
PUŁTUSKI,1935,baseline,1062383175.1477749,241665.992412159,1062141509.1553627
PŁOCKI,1935,baseline,967064941.2074156,298534.38287627447,966766406.8245393
PŁOŃSKI,1935,baseline,1049569635.2298882,220578.88710484194,1049349056.3427833
RADOMSKI,1935,baseline,1105303296.5260472,282289.18552944914,1105021007.3405178
RADOMSZCZAŃSKI,1935,baseline,1222623134.1639938,226968.5020178813,1222396165.6619759
RADZIECHOWSKI,1935,baseline,848086397.5653421,137541.74429679714,847948855.8210453
RADZYMIŃSKI,1935,baseline,1080212249.0809538,654258.2834729486,1079557990.7974808
RADZYŃSKI,1935,baseline,1005068054.1812011,172678.65201822144,1004895375.5291829
RAWICKI,1935,baseline,1500941154.7202022,424628.67643913045,1500516526.0437632
RAWSKI (RAWA MAZOWIECKA),1935,baseline,1165854055.2050936,234426.91333612602,1165619628.2917576
RAWSKI (RAWA RUSKA),1935,baseline,883810149.0049075,148714.19286231222,883661434.8120452
ROHATYŃSKI,1935,baseline,842203731.8227259,186540.969398683,842017190.8533272
ROPCZYCKI,1935,baseline,1081030113.3079083,199864.5188289942,1080830248.7890792
RUDECKI,1935,baseline,911569974.1670761,254608.2007118859,911315365.9663643
RYBNICKI,1935,baseline,1304235878.1647325,996401.2638897053,1303239476.9008427
RYPIŃSKI,1935,baseline,974894858.57941,206311.3374357583,974688547.2419742
RZESZOWSKI,1935,baseline,1031024852.4053128,271176.23919491126,1030753676.1661179
RÓWIEŃSKI,1935,baseline,810981316.1497039,127351.64956263719,810853964.5001413
SAMBORSKI,1935,baseline,929339180.4037005,238707.82622718645,929100472.5774733
SANDOMIERSKI,1935,baseline,1067824736.2182287,186833.69562824292,1067637902.5226004
SANOCKI,1935,baseline,934078015.8909327,196483.7984508277,933881532.0924819
SARNEŃSKI,1935,baseline,807435976.4319334,45427.72527985395,807390548.7066536
SIEDLECKI,1935,baseline,1030823158.904548,192006.57673994498,1030631152.3278081
SIERADZKI,1935,baseline,1293331108.6668663,273883.30937868473,1293057225.3574877
SIERPECKI,1935,baseline,997534104.9314508,207004.31677552438,997327100.6146753
SKAŁACKI,1935,baseline,805812895.9605705,194632.2039895477,805618263.756581
SKIERNIEWICKI,1935,baseline,1195605593.403697,475780.5456309149,1195129812.858066
SOCHACZEWSKI,1935,baseline,1151954618.2626019,441038.8611847177,1151513579.401417
SOKALSKI,1935,baseline,860955338.7770847,176052.91704113863,860779285.8600435
SOKOŁOWSKI,1935,baseline,1009319007.5841392,201430.56847125466,1009117577.0156679
SOKÓLSKI,1935,baseline,913623365.0119759,84405.53876119445,913538959.4732147
STANISŁAWOWSKI,1935,baseline,836778777.0503546,252026.62811431388,836526750.4222403
STAROGARDZKI,1935,baseline,1164205107.653787,222144.88801865728,1163982962.7657683
STOLIŃSKI,1935,baseline,789043708.0719491,35756.57401853117,789007951.4979306
STOPNICKI,1935,baseline,1057683767.9872884,138958.73916667065,1057544809.2481217
STOŁPECKI,1935,baseline,797191344.7642521,70958.49212204602,797120386.27213
STRYJSKI,1935,baseline,886853001.2989323,145189.4970690965,886707811.8018632
SUWALSKI,1935,baseline,836523720.2992933,86534.39732780747,836437185.9019655
SZAMOTULSKI,1935,baseline,1508842269.4380264,231452.579111752,1508610816.8589146
SZCZUCZYŃSKI (WOJ. BIAŁOSTOCKIE),1935,baseline,893882301.1124237,110721.73479664359,893771579.377627
SZCZUCZYŃSKI (WOJ. NOWOGRÓDZKIE),1935,baseline,857629062.7160174,64588.83437741428,857564473.88164
SZUBIŃSKI,1935,baseline,1329283723.168239,236185.5521231473,1329047537.616116
SĘPOLEŃSKI,1935,baseline,1252194288.4914253,299590.7237011807,1251894697.767724
SŁONIMSKI,1935,baseline,855414786.9583578,66377.8213378895,855348409.1370199
TARNOBRZESKI,1935,baseline,1056540090.5293264,211715.95519982628,1056328374.5741266
TARNOGÓRSKI,1935,baseline,1410944978.6758764,2132203.9780291757,1408812774.6978471
TARNOPOLSKI,1935,baseline,827421596.671823,234603.04501157402,827186993.6268115
TARNOWSKI,1935,baseline,1121096281.3349223,426295.78181211516,1120669985.5531101
TCZEWSKI,1935,baseline,1146608121.4483807,374878.3631808905,1146233243.0851998
TOMASZOWSKI,1935,baseline,870604055.5220839,149249.96764580192,870454805.5544381
TORUŃSKI,1935,baseline,1286976909.1058402,482135.9953643835,1286494773.1104758
TREMBOWELSKI,1935,baseline,811851332.6336045,214137.8211020748,811637194.8125025
TUCHOLSKI,1935,baseline,1212913811.9490695,163244.92797774868,1212750567.0210917
TURCZAŃSKI,1935,baseline,896075569.6813862,105913.3160677027,895969656.3653185
TURECKI,1935,baseline,1266461091.1669064,157248.0432320325,1266303843.1236744
TŁUMACKI,1935,baseline,823611991.798701,234191.55459987966,823377800.2441012
WADOWICKI,1935,baseline,1235850669.9873474,354161.97249862144,1235496508.0148487
WARSZAWSKI,1935,baseline,1129767606.9048972,12964912.864626048,1116802694.0402713
WIELUŃSKI,1935,baseline,1380325696.8108659,152662.19970045486,1380173034.6111655
WILEJSKI,1935,baseline,766754726.900626,54665.55846481002,766700061.3421612
WILEŃSKO-TROCKI,1935,baseline,804494735.9279834,206871.05682256396,804287864.8711609
WILNO (MIASTO),1935,baseline,823825854.4230912,12786021.909892078,811039832.5131991
WOLSZTYŃSKI,1935,baseline,1708258716.9704676,231580.97668667417,1708027135.9937809
WOŁKOWYSKI,1935,baseline,896475017.4594214,62726.03799914417,896412291.4214222
WOŁOŻYŃSKI,1935,baseline,775966043.0657624,66309.57627485295,775899733.4894875
WRZESIŃSKI,1935,baseline,1409894364.8496206,293440.7271089262,1409600924.1225116
WYRZYSKI,1935,baseline,1279957783.432133,268353.0809266447,1279689430.3512063
WYSOKOMAZOWIECKI,1935,baseline,957847492.0605974,132881.07338217695,957714610.9872153
WĄBRZESKI,1935,baseline,1236208241.9386485,293289.00578036293,1235914952.932868
WĄGROWIECKI,1935,baseline,1324219340.495505,203973.19584152458,1324015367.2996635
WĘGROWSKI,1935,baseline,995081565.4227444,187275.30656211323,994894290.1161823
WŁOCŁAWSKI,1935,baseline,1271283978.9452868,475902.876549363,1270808076.0687375
WŁODAWSKI,1935,baseline,915638349.0916085,102601.24102807035,915535747.8505805
WŁODZIMIERSKI,1935,baseline,866098221.3404667,109176.10992281737,865989045.230544
WŁOSZCZOWSKI,1935,baseline,1124805682.4716983,145508.26142227935,1124660174.210276
ZALESZCZYCKI,1935,baseline,781475376.9427508,183824.0777696713,781291552.8649812
ZAMOJSKI,1935,baseline,922334285.3158416,242883.89504949222,922091401.4207921
ZBARASKI,1935,baseline,815431405.3584511,202571.82646800476,815228833.5319831
ZBOROWSKI,1935,baseline,844696287.7881399,153360.03209368393,844542927.7560463
ZDOŁBUNOWSKI,1935,baseline,800302067.1533406,156863.95518379,800145203.1981568
ZŁOCZOWSKI,1935,baseline,858190609.9183608,173124.7918470638,858017485.1265137
ŁASKI,1935,baseline,1272530364.563881,439123.97994561325,1272091240.5839353
ŁAŃCUCKI,1935,baseline,1005727522.0255076,244757.73228198398,1005482764.2932255
ŁOMŻYŃSKI,1935,baseline,965707545.8497684,110797.21137093543,965596748.6383975
ŁOWICKI,1935,baseline,1206662554.8075972,383582.7600027082,1206278972.0475945
ŁUCKI,1935,baseline,842371187.6417913,74025.65106174527,842297161.9907296
ŁUKOWSKI,1935,baseline,1022574456.2853352,169571.51822085655,1022404884.7671143
ŁUNINIECKI,1935,baseline,805062259.3736838,46215.49503601317,805016043.8786478
ŁÓDZKI,1935,baseline,1244559362.1813104,1639214.4710699446,1242920147.7102404
ŁÓDŹ (MIASTO),1935,baseline,1409530804.0589771,174084986.16043603,1235445817.898541
ŁĘCZYCKI,1935,baseline,1247377720.1988919,418487.37723787106,1246959232.821654
ŚNIATYŃSKI,1935,baseline,791364219.484849,326200.56123086053,791038018.9236181
ŚREDZKI,1935,baseline,1476308057.9749463,286956.752496106,1476021101.2224503
ŚREMSKI,1935,baseline,1468225970.391395,229597.15610572134,1467996373.2352893
ŚWIECKI,1935,baseline,1225256263.3241756,205741.84101643847,1225050521.483159
ŚWIĘCIAŃSKI,1935,baseline,770048178.0441484,48117.860992759386,770000060.1831557
ŚWIĘTOCHŁOWICKI,1935,baseline,1459044407.8915198,30190708.32330469,1428853699.5682151
ŻNIŃSKI,1935,baseline,1365103239.8940754,275445.18778946035,1364827794.706286
ŻYDACZOWSKI,1935,baseline,860970884.5987846,186139.58494659024,860784745.0138379
ŻYWIECKI,1935,baseline,1250947694.9664311,342317.1630676915,1250605377.8033636
ŻÓŁKIEWSKI,1935,baseline,882886857.0340581,265502.84072351066,882621354.1933346
AUGUSTOWSKI,1936,baseline,925307706.7130611,91631.46739557774,925216075.2456656
BARANOWICKI,1936,baseline,886312503.5631348,71388.98441154817,886241114.5787232
BIALSKI (BIAŁA KRAKOWSKA),1936,baseline,1406054077.4810345,1054215.4060427463,1404999862.0749917
BIALSKI (BIAŁA PODLASKA),1936,baseline,1067696030.4939009,172772.76884189702,1067523257.725059
BIAŁOSTOCKI,1936,baseline,1028344162.3940023,223346.82011758588,1028120815.5738847
BIELSKI (BIELSK PODLASKI),1936,baseline,1021046511.4846601,89628.7747382687,1020956882.7099218
BIELSKO,1936,baseline,1404536119.3708978,2796483.3548092195,1401739636.0160885
BIŁGORAJSKI,1936,baseline,975246973.7518585,142728.75315253204,975104244.998706
BOCHEŃSKI,1936,baseline,1286661606.344944,332755.5353786452,1286328850.8095653
BORSZCZOWSKI,1936,baseline,837826915.3260229,178134.8378086434,837648780.4882143
BRASŁAWSKI,1936,baseline,801446542.2568377,39329.5236622643,801407212.7331755
BRODNICKI,1936,baseline,1302090048.228288,270637.29686649714,1301819410.9314215
BRODZKI,1936,baseline,924575969.774718,183209.86656257353,924392759.9081554
BRZESKI (BRZESKO),1936,baseline,1200973856.7744617,253689.15461541212,1200720167.6198463
BRZESKI (BRZEŚĆ N.BUG.),1936,baseline,1037045765.9207168,94514.58394031288,1036951251.3367765
BRZEZIŃSKI,1936,baseline,1324422565.0481503,792306.822688369,1323630258.225462
BRZEŻAŃSKI,1936,baseline,918587321.3863221,224900.56145382312,918362420.8248683
BRZOZOWSKI,1936,baseline,1059068471.8212227,354319.2485770709,1058714152.5726455
BUCZACKI,1936,baseline,877384321.3234762,209561.5966183542,877174759.7268579
BYDGOSKI,1936,baseline,1406756268.1770647,489123.2371394758,1406267144.9399252
BÓBRECKI,1936,baseline,936386686.2677102,241392.27911206475,936145293.9885981
BĘDZIŃSKI,1936,baseline,1467999119.8718438,1429588.3408804056,1466569531.5309634
BŁOŃSKI,1936,baseline,1255935355.6142101,1242947.0459693633,1254692408.568241
CHEŁMIŃSKI,1936,baseline,1338953804.7563572,326353.50194217544,1338627451.254415
CHEŁMSKI,1936,baseline,1025758664.2864492,171902.25923641774,1025586762.0272127
CHODZIESKI,1936,baseline,1483309091.5981767,288128.1608788874,1483020963.4372978
CHOJNICKI,1936,baseline,1302752052.370653,132496.69398377402,1302619555.6766691
CHORZÓW,1936,baseline,1621548927.8775725,58839480.214307204,1562709447.6632652
CHRZANOWSKI,1936,baseline,1433945646.0311234,1201353.148984292,1432744292.8821392
CIECHANOWSKI,1936,baseline,1195522290.4302485,282782.64850406296,1195239507.7817445
CIESZYŃSKI,1936,baseline,1356828807.2116663,868384.8872906476,1355960422.3243756
CZARNKOWSKI,1936,baseline,1457765413.4424412,231332.25873410897,1457534081.183707
CZORTKOWSKI,1936,baseline,865545705.7176025,328138.76479213487,865217566.9528104
CZĘSTOCHOWSKI,1936,baseline,1338375048.174592,568934.1572580421,1337806114.017334
DOBROMILSKI,1936,baseline,1021060116.4703434,203430.4999514488,1020856685.9703919
DOLIŃSKI,1936,baseline,938387533.3839988,121009.06833943774,938266524.3156593
DROHICKI,1936,baseline,954831760.0119895,75922.10221923722,954755837.9097703
DROHOBYCKI,1936,baseline,984387472.6537569,429674.15310149366,983957798.5006554
DUBIEŃSKI,1936,baseline,890770230.6404235,104024.92222116876,890666205.7182024
DZIAŁDOWSKI,1936,baseline,1218921622.7408698,172664.23062572267,1218748958.5102441
DZIŚNIEŃSKI,1936,baseline,798054749.7477205,56149.18592316631,797998600.5617973
DĄBROWSKI,1936,baseline,1193075778.033503,228235.82456483302,1192847542.2089381
GARWOLIŃSKI,1936,baseline,1152676050.320176,251022.75065120484,1152425027.5695248
GNIEŹNIEŃSKI,1936,baseline,1495164554.7125366,309182.75728777546,1494855371.9552488
GORLICKI,1936,baseline,1141479358.598417,248059.23780813802,1141231299.3606088
GOSTYNIŃSKI,1936,baseline,1308298872.6994648,282736.6825686694,1308016136.016896
GOSTYŃSKI,1936,baseline,1631033916.6637568,386618.7527374071,1630647297.9110193
GRODZIEŃSKI,1936,baseline,964095559.1961795,86019.40142334781,964009539.7947562
GRUDZIĄDZKI,1936,baseline,1324510428.6436138,583831.7312324496,1323926596.9123814
GRÓDECKI,1936,baseline,969238504.057323,301543.8464302588,968936960.2108927
GRÓJECKI,1936,baseline,1180035958.4401546,438167.2917298047,1179597791.1484249
HOROCHOWSKI,1936,baseline,906868321.1373413,131011.52415551092,906737309.6131858
HORODEŃSKI,1936,baseline,856685799.3412007,230200.94979183673,856455598.3914089
HRUBIESZOWSKI,1936,baseline,966175770.1998196,206882.73684390762,965968887.4629756
INOWROCŁAWSKI,1936,baseline,1468011263.6341848,353441.2461976085,1467657822.3879871
IWACEWICKI,1936,baseline,934822738.894692,56916.16015476703,934765822.7345371
IŁŻECKI,1936,baseline,1186176518.0195625,234901.45341749897,1185941616.566145
JANOWSKI,1936,baseline,1086486491.909564,187647.70696271205,1086298844.2026012
JAROCIŃSKI,1936,baseline,1563718810.1286151,310298.4774930301,1563408511.651122
JAROSŁAWSKI,1936,baseline,1079297034.5880558,229443.3478751919,1079067591.2401807
JASIELSKI,1936,baseline,1120175969.9293332,239285.21314981586,1119936684.7161834
JAWOROWSKI,1936,baseline,947348206.577108,197504.8925727045,947150701.6845353
JĘDRZEJOWSKI,1936,baseline,1289485202.0808105,214051.30241330335,1289271150.7783973
KALISKI,1936,baseline,1466876588.3808727,348862.3148145839,1466527726.0660582
KAMIONECKI,1936,baseline,952955651.1171654,208729.08363689797,952746922.0335286
KARTUSKI,1936,baseline,1234600852.7994988,140929.3062200315,1234459923.4932787
KATOWICE,1936,baseline,1545758311.9350963,13641071.794391505,1532117240.1407049
KAŁUSKI,1936,baseline,927919961.9824532,148658.7739938082,927771303.2084594
KIELECKI,1936,baseline,1261889100.3174639,274146.10159584484,1261614954.215868
KOBRYŃSKI,1936,baseline,988445133.3874953,68478.64288783733,988376654.7446074
KOLBUSZOWSKI,1936,baseline,1122429203.024789,189455.13083241088,1122239747.8939567
KOLSKI,1936,baseline,1446949373.6153197,306477.5376014484,1446642896.0777183
KONECKI,1936,baseline,1263392235.970187,267660.0453392501,1263124575.9248476
KONIŃSKI,1936,baseline,1465936520.8710144,193432.0483509708,1465743088.8226633
KOPYCZYNIECKI,1936,baseline,866827425.8158445,220694.72124410773,866606731.0946004
KOSOWSKI (KOSÓW HUCULSKI),1936,baseline,858234104.7525147,70575.99401868728,858163528.758496
KOSTOPOLSKI,1936,baseline,867387570.7812335,88118.32241060684,867299452.458823
KOSZYRSKI,1936,baseline,897202393.337192,44661.47721316983,897157731.8599789
KOWELSKI,1936,baseline,955001714.8871835,57167.16029230616,954944547.7268913
KOZIENICKI,1936,baseline,1136844809.9645698,170751.80379565427,1136674058.1607742
KOŁOMYJSKI,1936,baseline,881876194.6270097,194521.1452647249,881681673.481745
KOŚCIAŃSKI,1936,baseline,1703932968.6210623,379153.2168167782,1703553815.4042456
KOŚCIERSKI,1936,baseline,1253273681.5786412,150594.25795515408,1253123087.320686
KRAKOWSKI,1936,baseline,1348074555.9238992,4169707.692589721,1343904848.2313094
KRAKÓW (MIASTO),1936,baseline,1430272542.532208,85813909.7050019,1344458632.8272061
KRASNOSTAWSKI,1936,baseline,1017993449.3975697,206936.0767915477,1017786513.3207781
KROTOSZYŃSKI,1936,baseline,1565599814.9512873,327273.1050195455,1565272541.8462677
KROŚNIEŃSKI,1936,baseline,1098974913.0518863,448526.88240349287,1098526386.169483
KRZEMIENIECKI,1936,baseline,872345981.5062745,105168.196027547,872240813.310247
KUTNOWSKI,1936,baseline,1361306000.9659176,649048.8628449966,1360656952.1030726
KĘPIŃSKI,1936,baseline,1517608306.7241373,230768.08265818446,1517377538.641479
LESKI,1936,baseline,1006637292.0774105,131381.23308917732,1006505910.8443213
LESZCZYŃSKI,1936,baseline,1719679420.5391474,403307.3805921594,1719276113.1585553
LIDZKI,1936,baseline,903628596.9543062,76986.01239531851,903551610.941911
LIMANOWSKI,1936,baseline,1210164715.3618162,168122.85976412796,1209996592.502052
LIPNOWSKI,1936,baseline,1063449454.0522035,190295.91658912422,1063259158.1356144
LUBACZOWSKI,1936,baseline,936158910.454857,159918.52110515934,935998991.9337518
LUBARTOWSKI,1936,baseline,1066238228.0311294,215318.58711410937,1066022909.4440153
LUBAWSKI,1936,baseline,1234390113.7417693,252394.10930618114,1234137719.6324632
LUBELSKI,1936,baseline,1086803906.625721,393172.63047270733,1086410733.9952483
LUBLINIECKI,1936,baseline,1502361381.739153,401968.9320636202,1501959412.8070893
LUBOMELSKI,1936,baseline,986260564.1213315,70122.25890827476,986190441.8624232
LWOWSKI,1936,baseline,982367114.4062681,3509272.578162875,978857841.8281052
LWÓW (MIASTO),1936,baseline,1026209720.0064851,41691597.05703459,984518122.9494505
M. ST. WARSZAWA,1936,baseline,1365945824.5736532,143533459.33720273,1222412365.2364504
MAKOWSKI (MAKÓW MAZOWIECKI),1936,baseline,1142275821.5118008,164879.58896852695,1142110941.9228323
MIECHOWSKI,1936,baseline,1321321844.6113124,238873.58075819767,1321082971.0305543
MIELECKI,1936,baseline,1154853020.9529245,201824.40914856145,1154651196.543776
MIĘDZYCHODZKI,1936,baseline,1729684735.1982322,214297.8980584537,1729470437.3001738
MIŃSKI,1936,baseline,1165477330.4595706,574346.5753789132,1164902983.8841918
MOGILEŃSKI,1936,baseline,1484791082.3210907,241953.3737335867,1484549128.9473572
MORSKI,1936,baseline,1195450205.436155,353141.33504696237,1195097064.101108
MOŁODECZAŃSKI,1936,baseline,844683661.2636806,103305.01602878375,844580356.2476518
MOŚCISKI,1936,baseline,1028346059.138114,237251.05177672036,1028108808.0863372
MYŚLENICKI,1936,baseline,1248315665.3338232,206560.29617832744,1248109105.0376449
MŁAWSKI,1936,baseline,1205342680.2284825,203640.43352058387,1205139039.794962
NADWÓRNIAŃSKI,1936,baseline,880097158.4477726,117952.58073387959,879979205.8670387
NIESZAWSKI,1936,baseline,1396743648.58773,284485.6987018764,1396459162.889028
NIEŚWIESKI,1936,baseline,885491908.85711,127178.97516039811,885364729.8819497
NIŻAŃSKI,1936,baseline,1118589268.0203865,189717.59689492892,1118399550.4234915
NOWOGRÓDZKI,1936,baseline,875671020.8605362,77660.45829573173,875593360.4022405
NOWOSĄDECKI,1936,baseline,1179832436.8979278,211019.6633787879,1179621417.234549
NOWOTARSKI,1936,baseline,1247878897.7448647,193815.4462218699,1247685082.2986429
NOWOTOMYSKI,1936,baseline,1799280778.5879788,282115.02560609736,1798998663.5623727
OBORNICKI,1936,baseline,1584106949.3002784,272173.1352482993,1583834776.1650302
OLKUSKI,1936,baseline,1397053982.1204667,311908.76473188784,1396742073.3557348
OPATOWSKI,1936,baseline,1191302906.324978,281168.882683047,1191021737.442295
OPOCZYŃSKI,1936,baseline,1272493589.7244353,222100.21641684647,1272271489.5080185
OSTROWSKI (OSTRÓW MAZOWIECKA),1936,baseline,1093211805.9347754,169995.3245929036,1093041810.6101825
OSTROWSKI (OSTRÓW WIELKOPOLSKI),1936,baseline,1556403887.2074554,268268.62818873744,1556135618.5792665
OSTROŁĘCKI,1936,baseline,1078915908.7700667,106834.55698433491,1078809074.2130823
OSZMIAŃSKI,1936,baseline,817269838.3429459,70121.46563836756,817199716.8773075
PIOTRKOWSKI,1936,baseline,1320671545.9222667,315624.778231452,1320355921.1440353
PIŃCZOWSKI,1936,baseline,1196093927.3088999,196552.9869765075,1195897374.3219233
PIŃSKI,1936,baseline,915145046.6833756,55469.49888845811,915089577.1844871
PODHAJECKI,1936,baseline,911674597.376771,168231.51416228234,911506365.8626087
POSTAWSKI,1936,baseline,809546145.3579541,46334.87077106325,809499810.4871831
POZNAŃ (MIASTO),1936,baseline,1744063957.4010105,48765731.38447324,1695298226.0165372
POZNAŃSKI,1936,baseline,1661792688.6973014,1110045.948196368,1660682642.749105
PRUŻAŃSKI,1936,baseline,973468785.6097281,78498.1513171287,973390287.458411
PRZASNYCKI,1936,baseline,1050235676.1893599,148757.54989268215,1050086918.6394672
PRZEMYSKI,1936,baseline,1057666754.7304953,392299.7720159183,1057274454.9584794
PRZEMYŚLAŃSKI,1936,baseline,944247359.7146788,229751.6354680776,944017608.0792106
PRZEWORSKI,1936,baseline,1089425017.2216644,498720.6658534935,1088926296.555811
PSZCZYŃSKI,1936,baseline,1492037657.9643393,770107.7144278946,1491267550.2499113
PUŁAWSKI,1936,baseline,1091913162.7029464,196055.5815666353,1091717107.1213799
PUŁTUSKI,1936,baseline,1156053145.168609,265990.9075311284,1155787154.261078
PŁOCKI,1936,baseline,1052206550.0925144,320954.2777486617,1051885595.8147657
PŁOŃSKI,1936,baseline,1142026258.7992828,247942.08127255007,1141778316.7180102
RADOMSKI,1936,baseline,1202656538.6060343,311493.4356997282,1202345045.1703346
RADOMSZCZAŃSKI,1936,baseline,1330299891.1943293,240251.17013275495,1330059640.0241966
RADZIECHOWSKI,1936,baseline,922776207.113388,147890.00070225488,922628317.1126857
RADZYMIŃSKI,1936,baseline,1175934768.3208232,729087.5072193749,1175205680.8136039
RADZYŃSKI,1936,baseline,1093600651.6292803,191923.70277089157,1093408727.9265094
RAWICKI,1936,baseline,1633243977.6385925,505061.8627043215,1632738915.7758882
RAWSKI (RAWA MAZOWIECKA),1936,baseline,1268578812.4920487,262177.12790784414,1268316635.364141
RAWSKI (RAWA RUSKA),1936,baseline,961642524.3395938,159155.05982311504,961483369.2797706
ROHATYŃSKI,1936,baseline,916361168.4506798,184218.9595457812,916176949.491134
ROPCZYCKI,1936,baseline,1176229598.743325,203144.29918158625,1176026454.4441433
RUDECKI,1936,baseline,991847487.6345373,272385.0967305956,991575102.5378067
RYBNICKI,1936,baseline,1419063001.8376155,1042064.9575671077,1418020936.8800483
RYPIŃSKI,1936,baseline,1060753257.6056565,217536.74980486708,1060535720.8558517
RZESZOWSKI,1936,baseline,1121845444.8386183,283996.7012251227,1121561448.1373932
RÓWIEŃSKI,1936,baseline,882370259.6164913,146781.61845654307,882223477.9980347
SAMBORSKI,1936,baseline,1011202077.3655591,257377.82259701245,1010944699.5429621
SANDOMIERSKI,1936,baseline,1161844348.1951077,199306.50409859454,1161645041.691009
SANOCKI,1936,baseline,1016461142.9049683,225977.2151574776,1016235165.6898108
SARNEŃSKI,1936,baseline,878538746.908577,50589.87518602449,878488157.033391
SIEDLECKI,1936,baseline,1121650815.3246343,212589.80851794765,1121438225.5161164
SIERADZKI,1936,baseline,1407206485.489768,297797.8361329589,1406908687.653635
SIERPECKI,1936,baseline,1085332544.7823293,223900.68216088763,1085108644.1001685
SKAŁACKI,1936,baseline,876768931.8727751,198455.67638326957,876570476.1963918
SKIERNIEWICKI,1936,baseline,1300894586.3952794,502636.56470049144,1300391949.8305788
SOCHACZEWSKI,1936,baseline,1253473565.1476414,496909.6895630682,1252976655.4580784
SOKALSKI,1936,baseline,936773082.921393,183298.50668492238,936589784.4147081
SOKOŁOWSKI,1936,baseline,1098505855.3153155,216334.30386419775,1098289521.0114512
SOKÓLSKI,1936,baseline,994463090.0586466,97233.1564403268,994365856.9022062
STANISŁAWOWSKI,1936,baseline,910459165.0330831,258061.82402952755,910201103.2090535
STAROGARDZKI,1936,baseline,1266772166.5862548,237411.99299128028,1266534754.5932636
STOLIŃSKI,1936,baseline,858548566.7294804,40010.65963374601,858508556.0698466
STOPNICKI,1936,baseline,1150823667.4244573,151707.4237914541,1150671960.000666
STOŁPECKI,1936,baseline,867618709.760667,74607.68948091095,867544102.0711861
STRYJSKI,1936,baseline,964949085.0026846,149326.29805823427,964799758.7046263
SUWALSKI,1936,baseline,910470519.4286057,97644.96757617364,910372874.4610295
SZAMOTULSKI,1936,baseline,1641638068.1422372,268773.02334672987,1641369295.1188905
SZCZUCZYŃSKI (WOJ. BIAŁOSTOCKIE),1936,baseline,972962146.6627357,122308.14221628051,972839838.5205194
SZCZUCZYŃSKI (WOJ. NOWOGRÓDZKIE),1936,baseline,933458806.3419541,72993.80883392383,933385812.5331202
SZUBIŃSKI,1936,baseline,1446436144.2554183,270375.47133960796,1446165768.7840786
SĘPOLEŃSKI,1936,baseline,1362597700.4488964,335513.98411418917,1362262186.4647822
SŁONIMSKI,1936,baseline,931038742.9346687,74560.36144407408,930964182.5732245
TARNOBRZESKI,1936,baseline,1149585055.3083456,221159.120739606,1149363896.1876059
TARNOGÓRSKI,1936,baseline,1535090520.3434038,2207029.2197166197,1532883491.1236873
TARNOPOLSKI,1936,baseline,900290672.0315096,247558.50329039997,900043113.5282192
TARNOWSKI,1936,baseline,1219823865.9090657,438767.431140314,1219385098.4779253
TCZEWSKI,1936,baseline,1247661535.6625068,394660.982475515,1247266874.6800313
TOMASZOWSKI,1936,baseline,947276084.8111081,168305.2198010138,947107779.591307
TORUŃSKI,1936,baseline,1400496395.161414,505024.81100556994,1399991370.3504083
TREMBOWELSKI,1936,baseline,883340296.910854,221742.16654994045,883118554.7443041
TUCHOLSKI,1936,baseline,1319777838.5471773,188382.74558584223,1319589455.8015914
TURCZAŃSKI,1936,baseline,974989093.8802314,114415.86630037734,974874678.013931
TURECKI,1936,baseline,1378022261.378879,177029.13916355686,1377845232.2397156
TŁUMACKI,1936,baseline,896126402.3320473,238191.01100427337,895888211.321043
WADOWICKI,1936,baseline,1344667343.3310952,365742.12706656125,1344301601.2040286
WARSZAWSKI,1936,baseline,1229631737.3922737,14434148.508296475,1215197588.8839772
WIELUŃSKI,1936,baseline,1501894403.403612,163553.59306468657,1501730849.810547
WILEJSKI,1936,baseline,834487898.1712321,61002.733772847554,834426895.4374592
WILEŃSKO-TROCKI,1936,baseline,875546169.2049091,221600.6211079169,875324568.5838012
WILNO (MIASTO),1936,baseline,896274754.576429,13556628.063284304,882718126.5131447
WOLSZTYŃSKI,1936,baseline,1858704261.6294289,275251.618866836,1858429010.010562
WOŁKOWYSKI,1936,baseline,975775003.9434146,69981.52309290235,975705022.4203217
WOŁOŻYŃSKI,1936,baseline,844512432.5522267,73599.63440643773,844438832.9178202
WRZESIŃSKI,1936,baseline,1534220154.6444428,395667.0212174091,1533824487.6232255
WYRZYSKI,1936,baseline,1392738627.9709814,297506.8682155235,1392441121.1027658
WYSOKOMAZOWIECKI,1936,baseline,1042751906.6315144,150410.31463138672,1042601496.3168831
WĄBRZESKI,1936,baseline,1345123352.3641825,327433.56921339594,1344795918.794969
WĄGROWIECKI,1936,baseline,1440904967.3784876,244358.2167311094,1440660609.1617565
WĘGROWSKI,1936,baseline,1082984190.2996202,213623.99456516828,1082770566.305055
WŁOCŁAWSKI,1936,baseline,1383210929.1721625,532058.0509794,1382678871.1211832
WŁODAWSKI,1936,baseline,996136905.9726075,112743.50423373723,996024162.4683738
WŁODZIMIERSKI,1936,baseline,942374811.2251257,121054.92522467754,942253756.299901
WŁOSZCZOWSKI,1936,baseline,1223850256.225909,149128.59851909525,1223701127.62739
ZALESZCZYCKI,1936,baseline,850320244.5611633,206049.09343167229,850114195.4677316
ZAMOJSKI,1936,baseline,1003570111.3673911,272262.2693085113,1003297849.0980825
ZBARASKI,1936,baseline,887257660.2437292,220611.9155539418,887037048.3281753
ZBOROWSKI,1936,baseline,919087831.7085615,182648.31345330266,918905183.3951082
ZDOŁBUNOWSKI,1936,baseline,870766249.0943043,174846.27170862386,870591402.8225957
ZŁOCZOWSKI,1936,baseline,933777982.8623887,193757.84210626973,933584225.0202825
ŁASKI,1936,baseline,1384560040.7645884,469091.43742541265,1384090949.327163
ŁAŃCUCKI,1936,baseline,1094306859.419535,254333.89495387772,1094052525.524581
ŁOMŻYŃSKI,1936,baseline,1051231650.5874448,126009.64780134689,1051105640.9396434
ŁOWICKI,1936,baseline,1312944728.2599022,418417.41934982524,1312526310.8405523
ŁUCKI,1936,baseline,916564723.3902781,85616.62241453194,916479106.7678635
ŁUKOWSKI,1936,baseline,1112661390.4072242,188399.8600981342,1112472990.547126
ŁUNINIECKI,1936,baseline,875948761.14583,49482.00861019203,875899279.1372198
ŁÓDZKI,1936,baseline,1354174066.6662228,1747414.8630302034,1352426651.8031926
ŁÓDŹ (MIASTO),1936,baseline,1530497574.1737745,186241740.08579046,1344255834.087984
ŁĘCZYCKI,1936,baseline,1357244881.5925477,445597.26719996013,1356799284.3253477
ŚNIATYŃSKI,1936,baseline,861033935.7341975,328894.9066091695,860705040.8275883
ŚREDZKI,1936,baseline,1606329586.6231203,356017.1196341303,1605973569.5034862
ŚREMSKI,1936,baseline,1597623022.2453215,296765.3739158064,1597326256.8714056
ŚWIECKI,1936,baseline,1333190881.3861701,230945.53868704755,1332959935.8474832
ŚWIĘCIAŃSKI,1936,baseline,838084958.9154543,55151.97493161297,838029806.9405227
ŚWIĘTOCHŁOWICKI,1936,baseline,1586818885.210757,32142676.01156651,1554676209.1991906
ŻNIŃSKI,1936,baseline,1485384435.3733754,318204.2913758867,1485066231.0819995
ŻYDACZOWSKI,1936,baseline,936789002.29914,189190.52848449096,936599811.7706555
ŻYWIECKI,1936,baseline,1361106680.5066862,355391.7840366736,1360751288.7226496
ŻÓŁKIEWSKI,1936,baseline,960624276.7493515,283659.4540243186,960340617.2953272
AUGUSTOWSKI,1937,baseline,983084735.772191,112975.99430630032,982971759.7778847
BARANOWICKI,1937,baseline,941634185.5720161,96437.26924834562,941537748.3027678
BIALSKI (BIAŁA KRAKOWSKA),1937,baseline,1493047167.6342897,1177614.8845406803,1491869552.749749
BIALSKI (BIAŁA PODLASKA),1937,baseline,1134317344.2597275,215795.71641723474,1134101548.5433102
BIAŁOSTOCKI,1937,baseline,1092592422.8909175,249014.02529676998,1092343408.8656209
BIELSKI (BIELSK PODLASKI),1937,baseline,1084735662.7142413,109262.6288650117,1084626400.0853763
BIELSKO,1937,baseline,1491652011.149414,3085156.6101425462,1488566854.5392716
BIŁGORAJSKI,1937,baseline,1036026984.1371753,180997.00584659757,1035845987.1313287
BOCHEŃSKI,1937,baseline,1366319945.487268,399453.62518744,1365920491.8620806
BORSZCZOWSKI,1937,baseline,889923338.7323657,238008.9280456354,889685329.8043201
BRASŁAWSKI,1937,baseline,851425936.0673695,72707.2938895083,851353228.7734799
BRODNICKI,1937,baseline,1384793500.8790154,356329.1794513253,1384437171.6995642
BRODZKI,1937,baseline,982048330.0649276,225848.29658459776,981822481.768343
BRZESKI (BRZESKO),1937,baseline,1275370866.8314514,330538.8016542504,1275040328.029797
BRZESKI (BRZEŚĆ N.BUG.),1937,baseline,1101707238.4497335,131630.89238962642,1101575607.557344
BRZEZIŃSKI,1937,baseline,1406821855.113734,844094.9808042238,1405977760.1329298
BRZEŻAŃSKI,1937,baseline,975702286.5688554,287040.47891360533,975415246.0899417
BRZOZOWSKI,1937,baseline,1124866542.7251978,415665.15969468886,1124450877.5655031
BUCZACKI,1937,baseline,931929834.5501215,273288.94810942945,931656545.6020122
BYDGOSKI,1937,baseline,1496072321.164733,540275.5728148336,1495532045.591918
BÓBRECKI,1937,baseline,994592788.362762,295840.5918600484,994296947.7709019
BĘDZIŃSKI,1937,baseline,1558829527.8663015,1598052.990624234,1557231474.8756773
BŁOŃSKI,1937,baseline,1334251687.3196166,1298041.1306120844,1332953646.1890044
CHEŁMIŃSKI,1937,baseline,1423932025.668923,410783.52057894116,1423521242.148344
CHEŁMSKI,1937,baseline,1089703495.5416374,219661.70685961554,1089483833.8347778
CHODZIESKI,1937,baseline,1576187471.3217647,335951.99933247606,1575851519.3224323
CHOJNICKI,1937,baseline,1386197223.4905734,167971.90544847882,1386029251.585125
CHORZÓW,1937,baseline,1722680931.1775599,63467807.18798777,1659213123.989572
CHRZANOWSKI,1937,baseline,1522688701.7676678,1346102.3623056482,1521342599.4053621
CIECHANOWSKI,1937,baseline,1270845885.9736862,326789.2584584533,1270519096.7152278
CIESZYŃSKI,1937,baseline,1440762349.9433832,963752.9923722172,1439798596.951011
CZARNKOWSKI,1937,baseline,1548516157.406353,269266.13288088556,1548246891.273472
CZORTKOWSKI,1937,baseline,919365905.1705317,401619.23173970776,918964285.938792
CZĘSTOCHOWSKI,1937,baseline,1421418584.91708,642249.0334603882,1420776335.8836195
DOBROMILSKI,1937,baseline,1084473076.396554,242895.08767499833,1084230181.308879
DOLIŃSKI,1937,baseline,996674166.7904192,141929.24077436546,996532237.5496448
DROHICKI,1937,baseline,1014355261.7991784,111342.30985207442,1014243919.4893262
DROHOBYCKI,1937,baseline,1045486513.4475908,474888.2071130625,1045011625.2404778
DUBIEŃSKI,1937,baseline,946172273.0307629,148660.171439448,946023612.8593235
DZIAŁDOWSKI,1937,baseline,1296435007.0881085,215102.28846159403,1296219904.7996469
DZIŚNIEŃSKI,1937,baseline,847805936.4430224,70085.87136007792,847735850.5716623
DĄBROWSKI,1937,baseline,1266982003.2276833,302349.3009380078,1266679653.9267454
GARWOLIŃSKI,1937,baseline,1224705654.5690274,304374.9005369602,1224401279.6684904
GNIEŹNIEŃSKI,1937,baseline,1587891758.467867,353603.9835626648,1587538154.4843042
GORLICKI,1937,baseline,1212195547.135236,303506.9976769365,1211892040.1375592
GOSTYNIŃSKI,1937,baseline,1390047194.3598428,325876.5426761541,1389721317.8171666
GOSTYŃSKI,1937,baseline,1732176322.7820737,474020.73374044977,1731702302.0483332
GRODZIEŃSKI,1937,baseline,1024242952.0630869,103166.4538020094,1024139785.6092849
GRUDZIĄDZKI,1937,baseline,1409339741.4432058,725872.6584806792,1408613868.7847252
GRÓDECKI,1937,baseline,1029506394.3002315,344060.01424809743,1029162334.2859833
GRÓJECKI,1937,baseline,1253776473.3741782,485659.29853113584,1253290814.075647
HOROCHOWSKI,1937,baseline,963320799.6784302,186632.2202137382,963134167.4582164
HORODEŃSKI,1937,baseline,909946851.4079753,291138.4635956578,909655712.9443797
HRUBIESZOWSKI,1937,baseline,1026409051.1941214,266341.82141849626,1026142709.3727028
INOWROCŁAWSKI,1937,baseline,1560440932.1297667,412915.6350376351,1560028016.494729
IWACEWICKI,1937,baseline,993082980.999469,77283.44511503368,993005697.554354
IŁŻECKI,1937,baseline,1260103224.5542746,276221.7787447201,1259827002.7755299
JANOWSKI,1937,baseline,1154156482.3712077,242958.31199634445,1153913524.0592113
JAROCIŃSKI,1937,baseline,1660957825.6833935,366443.8159778036,1660591381.8674157
JAROSŁAWSKI,1937,baseline,1146022496.8211145,278959.1435947754,1145743537.6775198
JASIELSKI,1937,baseline,1189600089.7541301,300815.3908304499,1189299274.3632996
JAWOROWSKI,1937,baseline,1006229334.1140155,240057.54821981798,1005989276.5657957
JĘDRZEJOWSKI,1937,baseline,1369445362.1262286,264011.36536647694,1369181350.760862
KALISKI,1937,baseline,1558541465.7903783,398501.33747422294,1558142964.4529042
KAMIONECKI,1937,baseline,1012197783.3265461,255210.64898858196,1011942572.6775575
KARTUSKI,1937,baseline,1316897029.178871,169548.9534020822,1316727480.2254689
KATOWICE,1937,baseline,1641214961.4041166,14846619.690836234,1626368341.7132804
KAŁUSKI,1937,baseline,985541838.021897,191876.29582673873,985349961.7260702
KIELECKI,1937,baseline,1340257092.0194879,315192.42877693824,1339941899.5907109
KOBRYŃSKI,1937,baseline,1050049976.3655373,99122.32589352802,1049950854.0396438
KOLBUSZOWSKI,1937,baseline,1192135338.4516418,236844.47541093716,1191898493.9762309
KOLSKI,1937,baseline,1537374215.2382119,356116.7941583461,1537018098.4440534
KONECKI,1937,baseline,1342031925.1509788,305210.2230273164,1341726714.9279516
KONIŃSKI,1937,baseline,1557365445.5276613,236817.36133672955,1557128628.1663246
KOPYCZYNIECKI,1937,baseline,920729553.4288654,291717.399522585,920437836.0293429
KOSOWSKI (KOSÓW HUCULSKI),1937,baseline,911610635.6057699,84190.92955498926,911526444.6762149
KOSTOPOLSKI,1937,baseline,921409582.7522012,114858.01315514099,921294724.7390461
KOSZYRSKI,1937,baseline,953114058.7647964,64929.15823242989,953049129.6065639
KOWELSKI,1937,baseline,1014503008.7857547,79891.46947959409,1014423117.3162751
KOZIENICKI,1937,baseline,1207717994.806465,205137.3062511583,1207512857.5002139
KOŁOMYJSKI,1937,baseline,936695620.7149051,244155.0332981833,936451465.681607
KOŚCIAŃSKI,1937,baseline,1809595255.66973,461510.60581311164,1809133745.063917
KOŚCIERSKI,1937,baseline,1335386453.4222424,187011.3341010451,1335199442.0881414
KRAKOWSKI,1937,baseline,1431150847.2540038,4151611.9998662397,1426999235.2541375
KRAKÓW (MIASTO),1937,baseline,1511085930.85803,83492724.19936062,1427593206.6586695
KRASNOSTAWSKI,1937,baseline,1081486532.0688071,282625.3033432232,1081203906.7654638
KROTOSZYŃSKI,1937,baseline,1663071548.4423614,382377.91709260625,1662689170.5252688
KROŚNIEŃSKI,1937,baseline,1167112458.4759502,525880.3599535188,1166586578.1159968
KRZEMIENIECKI,1937,baseline,926613172.0834588,147598.67497198973,926465573.4084868
KUTNOWSKI,1937,baseline,1446519134.681974,724909.6254981504,1445794225.0564759
KĘPIŃSKI,1937,baseline,1611703011.1975107,276730.9515025305,1611426280.2460082
LESKI,1937,baseline,1069044580.174216,169628.0060096025,1068874952.1682065
LESZCZYŃSKI,1937,baseline,1825963309.5558581,471675.5212427347,1825491634.0346155
LIDZKI,1937,baseline,960007742.745488,102130.20844336071,959905612.5370446
LIMANOWSKI,1937,baseline,1285114800.1900253,227007.06769851566,1284887793.1223269
LIPNOWSKI,1937,baseline,1414668002.324284,224737.10726090282,1414443265.2170231
LUBACZOWSKI,1937,baseline,994455516.5151405,198348.99601809488,994257167.5191225
LUBARTOWSKI,1937,baseline,1132735150.8510532,279007.621933483,1132456143.2291198
LUBAWSKI,1937,baseline,1312593301.6242785,294344.9099650231,1312298956.7143135
LUBELSKI,1937,baseline,1154599190.1752398,475062.12113907817,1154124128.0541008
LUBLINIECKI,1937,baseline,1595379970.1233177,476424.66987258045,1594903545.4534452
LUBOMELSKI,1937,baseline,1047752621.1587683,94150.20628048199,1047658470.9524878
LWOWSKI,1937,baseline,1043050306.6386092,3391773.2723651347,1039658533.3662441
LWÓW (MIASTO),1937,baseline,1085502318.01701,39823021.31108589,1045679296.7059242
M. ST. WARSZAWA,1937,baseline,1441087029.925641,142236374.89247268,1298850655.0331683
MAKOWSKI (MAKÓW MAZOWIECKI),1937,baseline,1214155632.9090872,193460.76037207904,1213962172.148715
MIECHOWSKI,1937,baseline,1402988364.2189786,302340.32580683456,1402686023.8931718
MIELECKI,1937,baseline,1226575308.8132222,265859.8384505857,1226309448.9747715
MIĘDZYCHODZKI,1937,baseline,1836605610.3946042,259499.00583846463,1836346111.3887658
MIŃSKI,1937,baseline,1238347287.1140893,627936.0035029086,1237719351.1105864
MOGILEŃSKI,1937,baseline,1577934265.633445,284147.3362447648,1577650118.2972002
MORSKI,1937,baseline,1277255371.664097,426942.9707968587,1276828428.6933002
MOŁODECZAŃSKI,1937,baseline,897347976.9806436,128838.98041374155,897219138.0002298
MOŚCISKI,1937,baseline,1092180588.944798,302013.8961928932,1091878575.0486052
MYŚLENICKI,1937,baseline,1325609571.0659108,275954.49451110157,1325333616.5713997
MŁAWSKI,1937,baseline,1281404872.575118,238585.99259942884,1281166286.5825186
NADWÓRNIAŃSKI,1937,baseline,934772302.1480311,140413.7177275093,934631888.4303036
NIESZAWSKI,1937,baseline,1484467724.6572313,327229.3528884932,1484140495.3043427
NIEŚWIESKI,1937,baseline,940722429.1861179,169068.70893982094,940553360.4771781
NIŻAŃSKI,1937,baseline,1188143926.0488873,231741.7083812668,1187912184.340506
NOWOGRÓDZKI,1937,baseline,930272037.6964875,109241.54613241041,930162796.1503551
NOWOSĄDECKI,1937,baseline,1252867053.5992813,259755.7864294055,1252607297.812852
NOWOTARSKI,1937,baseline,1325056427.6121848,233698.14731827818,1324822729.4648664
NOWOTOMYSKI,1937,baseline,1910433012.124659,337848.69990482,1910095163.4247541
OBORNICKI,1937,baseline,1682602410.0494695,321966.52246285323,1682280443.5270066
OLKUSKI,1937,baseline,1483441237.6274843,372959.42990715965,1483068278.1975772
OPATOWSKI,1937,baseline,1265405055.9471333,334882.1904494235,1265070173.7566838
OPOCZYŃSKI,1937,baseline,1351779988.527473,266326.5406098354,1351513661.9868631
OSTROWSKI (OSTRÓW MAZOWIECKA),1937,baseline,1161559256.566313,201477.01403412,1161357779.552279
OSTROWSKI (OSTRÓW WIELKOPOLSKI),1937,baseline,1653124860.6500664,319596.3889166111,1652805264.26115
OSTROŁĘCKI,1937,baseline,1146357072.503291,131980.34110730482,1146225092.1621835
OSZMIAŃSKI,1937,baseline,868211760.8400503,89985.548775083,868121775.2912753
PIOTRKOWSKI,1937,baseline,1402849212.6051476,360096.7066556767,1402489115.8984919
PIŃCZOWSKI,1937,baseline,1270222774.6617749,249222.80130270208,1269973551.8604722
PIŃSKI,1937,baseline,972167276.7662563,77229.47084795107,972090047.2954084
PODHAJECKI,1937,baseline,968367106.3990659,231692.0784543331,968135414.3206115
POSTAWSKI,1937,baseline,860006539.7731211,60015.767503524,859946524.0056176
POZNAŃ (MIASTO),1937,baseline,1851213918.4469035,50638921.93753667,1800574996.5093668
POZNAŃSKI,1937,baseline,1764473803.6653826,1174109.6990903912,1763299693.9662921
PRUŻAŃSKI,1937,baseline,1034167865.7923088,113141.09915927533,1034054724.6931496
PRZASNYCKI,1937,baseline,1115692748.7699664,172022.2064987402,1115520726.5634677
PRZEMYSKI,1937,baseline,1123364929.819269,442554.2303592602,1122922375.5889096
PRZEMYŚLAŃSKI,1937,baseline,1002948327.2169307,284503.06660486583,1002663824.1503259
PRZEWORSKI,1937,baseline,1157141868.086513,588720.3237785958,1156553147.7627344
PSZCZYŃSKI,1937,baseline,1584241387.1808834,910934.7537709265,1583330452.4271126
PUŁAWSKI,1937,baseline,1160129792.5900662,251832.1326928653,1159877960.4573734
PUŁTUSKI,1937,baseline,1251250811.8878431,301927.0824803549,1250948884.8053627
PŁOCKI,1937,baseline,1296448160.7553575,365207.0864553621,1296082953.6689022
PŁOŃSKI,1937,baseline,1301500525.4311008,296696.8986443032,1301203828.5324566
RADOMSKI,1937,baseline,1277569749.7638881,356520.1346980802,1277213229.62919
RADOMSZCZAŃSKI,1937,baseline,1412971299.8870707,283333.47282242996,1412687966.4142482
RADZIECHOWSKI,1937,baseline,980147618.056108,190711.94109906236,979956906.115009
RADZYMIŃSKI,1937,baseline,1249501483.1020365,772410.8687322582,1248729072.2333043
RADZYŃSKI,1937,baseline,1161848483.088656,242523.56020844344,1161605959.5284474
RAWICKI,1937,baseline,1734497885.634214,574120.7995839512,1733923764.83463
RAWSKI (RAWA MAZOWIECKA),1937,baseline,1347693265.8836532,300440.45408063364,1347392825.4295726
RAWSKI (RAWA RUSKA),1937,baseline,1021525245.0499146,198161.3039348138,1021327083.7459798
ROHATYŃSKI,1937,baseline,973349798.5125338,250478.04659519868,973099320.4659386
ROPCZYCKI,1937,baseline,1249188268.9330454,263399.9263136916,1248924869.0067317
RUDECKI,1937,baseline,1053491801.5785607,343345.19579273567,1053148456.3827679
RYBNICKI,1937,baseline,1506896771.6784968,1248355.1987843786,1505648416.4797125
RYPIŃSKI,1937,baseline,1350710568.602167,273741.3291218187,1350436827.273045
RZESZOWSKI,1937,baseline,1191470927.0209439,344056.64277944074,1191126870.3781645
RÓWIEŃSKI,1937,baseline,937288479.9791025,193605.96113739625,937094874.0179651
SAMBORSKI,1937,baseline,1074045970.9522362,308447.64438983024,1073737523.3078463
SANDOMIERSKI,1937,baseline,1233928135.722477,247507.03329928024,1233680628.6891778
SANOCKI,1937,baseline,1079610207.863576,271205.58043393225,1079339002.283142
SARNEŃSKI,1937,baseline,933242008.2414603,66127.60056687784,933175880.6408935
SIEDLECKI,1937,baseline,1191734528.4440148,253464.08874451977,1191481064.3552704
SIERADZKI,1937,baseline,1494650650.6306968,348078.5317090705,1494302572.0989878
SIERPECKI,1937,baseline,1340697889.9754379,281398.4439857978,1340416491.5314522
SKAŁACKI,1937,baseline,931290913.2153878,259073.74941725616,931031839.4659705
SKIERNIEWICKI,1937,baseline,1382114846.8692877,565599.7455990154,1381549247.1236887
SOCHACZEWSKI,1937,baseline,1331793011.184831,543611.5628503838,1331249399.6219804
SOKALSKI,1937,baseline,995086021.1798764,226391.5704705089,994859629.609406
SOKOŁOWSKI,1937,baseline,1167168384.1275544,269630.3939434777,1166898753.7336109
SOKÓLSKI,1937,baseline,1056562838.7311114,121143.25421053471,1056441695.4769008
STANISŁAWOWSKI,1937,baseline,967047432.9004762,312018.7742607334,966735414.1262155
STAROGARDZKI,1937,baseline,1349581675.5408263,291294.46466064226,1349290381.0761657
STOLIŃSKI,1937,baseline,912036942.4742005,54267.09703966386,911982675.3771608
STOPNICKI,1937,baseline,1222216324.4980683,192116.0823340803,1222024208.4157343
STOŁPECKI,1937,baseline,921704330.2253044,98676.10242841575,921605654.1228759
STRYJSKI,1937,baseline,1024892136.8928057,179386.80753984654,1024712750.0852659
SUWALSKI,1937,baseline,967273004.2955761,118936.29425269074,967154068.0013235
SZAMOTULSKI,1937,baseline,1743366261.469161,323885.37907252443,1743042376.0900886
SZCZUCZYŃSKI (WOJ. BIAŁOSTOCKIE),1937,baseline,1033715245.8835129,147061.27611730158,1033568184.6073955
SZCZUCZYŃSKI (WOJ. NOWOGRÓDZKIE),1937,baseline,991706939.4205575,102520.84236113016,991604418.5781964
SZUBIŃSKI,1937,baseline,1537721371.9116774,312798.338010806,1537408573.5736666
SĘPOLEŃSKI,1937,baseline,1449356021.6141462,427651.308003165,1448928370.306143
SŁONIMSKI,1937,baseline,989123038.0479841,100435.48178560648,989022602.5661985
TARNOBRZESKI,1937,baseline,1221072248.315621,276862.29591741855,1220795386.0197034
TARNOGÓRSKI,1937,baseline,1630093826.4691467,2486866.8111471278,1627606959.6579995
TARNOPOLSKI,1937,baseline,956269557.9415734,303116.94245483907,955966440.9991186
TARNOWSKI,1937,baseline,1295389306.6075473,519270.9531399213,1294870035.6544073
TCZEWSKI,1937,baseline,1329745920.4418554,523609.7297741452,1329222310.7120812
TOMASZOWSKI,1937,baseline,1006306486.2211617,219193.2213705627,1006087292.9997911
TORUŃSKI,1937,baseline,1489265601.7958884,621545.5496827018,1488644056.2462058
TREMBOWELSKI,1937,baseline,938288954.8976302,303430.1203830523,937985524.7772472
TUCHOLSKI,1937,baseline,1403940836.3301473,233786.90115229547,1403707049.428995
TURCZAŃSKI,1937,baseline,1035548026.9835999,138489.71580813325,1035409537.2677917
TURECKI,1937,baseline,1463610974.04929,226278.4762649962,1463384695.573025
TŁUMACKI,1937,baseline,951833785.2274489,305716.41532184585,951528068.8121271
WADOWICKI,1937,baseline,1427871161.805341,446498.2245094549,1427424663.5808315
WARSZAWSKI,1937,baseline,1306642233.234771,14541542.492852405,1292100690.7419186
WIELUŃSKI,1937,baseline,1594901929.4402628,203337.62868077485,1594698591.811582
WILEJSKI,1937,baseline,886504825.264062,75578.34148585009,886429246.9225762
WILEŃSKO-TROCKI,1937,baseline,930098976.2936118,231429.46038818115,929867546.8332236
WILNO (MIASTO),1937,baseline,951216323.0637786,13449324.424699333,937766998.6390793
WOLSZTYŃSKI,1937,baseline,1973479485.3215542,336803.2292010361,1973142682.092353
WOŁKOWYSKI,1937,baseline,1036678478.7614704,89271.46551074118,1036589207.2959597
WOŁOŻYŃSKI,1937,baseline,897151804.1897445,96533.20327546138,897055270.986469
WRZESIŃSKI,1937,baseline,1630045036.5570946,448876.95426985226,1629596159.6028247
WYRZYSKI,1937,baseline,1480579773.4380853,344235.0592455537,1480235538.3788397
WYSOKOMAZOWIECKI,1937,baseline,1108015865.5873184,187327.9985684814,1107828537.58875
WĄBRZESKI,1937,baseline,1430407993.1461556,412617.2403609109,1429995375.9057946
WĄGROWIECKI,1937,baseline,1531401666.4123936,293924.0472024902,1531107742.365191
WĘGROWSKI,1937,baseline,1150637123.351066,267600.0136865241,1150369523.3373797
WŁOCŁAWSKI,1937,baseline,1469947562.3505545,578732.0922198577,1469368830.2583346
WŁODAWSKI,1937,baseline,1058078795.0658005,147069.01703990976,1057931726.0487607
WŁODZIMIERSKI,1937,baseline,1001104913.3622282,171158.02023859817,1000933755.3419895
WŁOSZCZOWSKI,1937,baseline,1299811386.6622324,188584.61326088122,1299622802.0489714
ZALESZCZYCKI,1937,baseline,903208538.429512,275393.46680632065,902933144.9627057
ZAMOJSKI,1937,baseline,1066146595.7631264,345208.96585735254,1065801386.797269
ZBARASKI,1937,baseline,942446749.4260268,288295.0204956568,942158454.4055312
ZBOROWSKI,1937,baseline,976212791.3668287,236547.76360041933,975976243.6032282
ZDOŁBUNOWSKI,1937,baseline,924963631.8551997,216926.05657605774,924746705.7986237
ZŁOCZOWSKI,1937,baseline,991825408.5303069,240449.39847693575,991584959.13183
ŁASKI,1937,baseline,1470796553.8179443,519466.0689751905,1470277087.748969
ŁAŃCUCKI,1937,baseline,1162334257.0551963,307114.0866070287,1162027142.9685893
ŁOMŻYŃSKI,1937,baseline,1116934109.7260134,152395.11550241956,1116781714.610511
ŁOWICKI,1937,baseline,1394998600.534716,479614.74040988705,1394518985.794306
ŁUCKI,1937,baseline,973662245.3060623,117385.26536333517,973544860.040699
ŁUKOWSKI,1937,baseline,1182115781.6230593,235835.56325903468,1181879946.0598001
ŁUNINIECKI,1937,baseline,930498492.790816,64804.209541968696,930433688.581274
ŁÓDZKI,1937,baseline,1438647741.41494,1800197.7047730784,1436847543.710167
ŁÓDŹ (MIASTO),1937,baseline,1613147333.4381063,185035021.36447078,1428112312.0736356
ŁĘCZYCKI,1937,baseline,1442152491.6241965,501444.11299453554,1441651047.511202
ŚNIATYŃSKI,1937,baseline,914570391.5037062,403621.7184827755,914166769.7852235
ŚREDZKI,1937,baseline,1706106699.731204,432244.8446002933,1705674454.8866038
ŚREMSKI,1937,baseline,1696828534.8961463,352329.66399858723,1696476205.2321477
ŚWIECKI,1937,baseline,1418974209.8213973,288485.34407014505,1418685724.477327
ŚWIĘCIAŃSKI,1937,baseline,890345903.4567865,69071.45374510992,890276832.0030414
ŚWIĘTOCHŁOWICKI,1937,baseline,1689072552.041999,38410652.40665725,1650661899.635342
ŻNIŃSKI,1937,baseline,1578767436.7635553,375216.3202646579,1578392220.4432907
ŻYDACZOWSKI,1937,baseline,995038929.6587708,246387.28514221637,994792542.3736286
ŻYWIECKI,1937,baseline,1445311305.2640386,434929.3374200232,1444876375.9266186
ŻÓŁKIEWSKI,1937,baseline,1020369824.613437,317316.9057467796,1020052507.7076902
AUGUSTOWSKI,1938,baseline,1056213297.7400122,102459.06999976275,1056110838.6700124
BARANOWICKI,1938,baseline,1011721155.2592313,81772.95468178634,1011639382.3045496
BIALSKI (BIAŁA KRAKOWSKA),1938,baseline,1604489017.6103342,1291809.1720451873,1603197208.438289
BIALSKI (BIAŁA PODLASKA),1938,baseline,1218678803.6774118,201761.8268658823,1218477041.850546
BIAŁOSTOCKI,1938,baseline,1173823544.4235148,256705.1009269517,1173566839.322588
BIELSKI (BIELSK PODLASKI),1938,baseline,1165382970.3095162,102214.0785698361,1165280756.2309463
BIELSKO,1938,baseline,1603349754.333271,3537303.1293214834,1599812451.2039495
BIŁGORAJSKI,1938,baseline,1113084349.4864614,167005.4650492542,1112917344.0214121
BOCHEŃSKI,1938,baseline,1468186406.94932,392452.4670197044,1467793954.4823003
BORSZCZOWSKI,1938,baseline,956140370.8140668,210554.96705854379,955929815.8470082
BRASŁAWSKI,1938,baseline,914756146.3254422,63101.80237063495,914693044.5230715
BRODNICKI,1938,baseline,1487276206.8921235,416298.3550546662,1486859908.5370688
BRODZKI,1938,baseline,1055143652.9993455,206850.72378209457,1054936802.2755635
BRZESKI (BRZESKO),1938,baseline,1370419592.4091313,317515.0305432052,1370102077.3785882
BRZESKI (BRZEŚĆ N.BUG.),1938,baseline,1183609185.3773968,108568.58806726863,1183500616.7893295
BRZEZIŃSKI,1938,baseline,1511285073.105201,884687.2740899923,1510400385.831111
BRZEŻAŃSKI,1938,baseline,1048291870.0864971,242218.1730588532,1048049651.9134382
BRZOZOWSKI,1938,baseline,1208604989.0484185,386318.6517914264,1208218670.3966272
BUCZACKI,1938,baseline,1001283996.7643458,246386.0790556533,1001037610.6852901
BYDGOSKI,1938,baseline,1607020633.9095612,577894.0162889969,1606442739.8932722
BÓBRECKI,1938,baseline,1068604995.6162694,272511.96631626686,1068332483.6499531
BĘDZIŃSKI,1938,baseline,1675256648.8507297,1838412.2323448095,1673418236.6183848
BŁOŃSKI,1938,baseline,1433486185.4289114,1420883.7679309049,1432065301.6609805
CHEŁMIŃSKI,1938,baseline,1529322475.940546,476883.093026637,1528845592.8475194
CHEŁMSKI,1938,baseline,1170738583.5350518,204942.1903519071,1170533641.3446999
CHODZIESKI,1938,baseline,1693242828.433703,341369.6485103028,1692901458.7851927
CHOJNICKI,1938,baseline,1488578271.934252,197805.2108215625,1488380466.7234304
CHORZÓW,1938,baseline,1855662455.2063391,72614344.86791015,1783048110.338429
CHRZANOWSKI,1938,baseline,1636385307.3443244,1500244.913091315,1634885062.431233
CIECHANOWSKI,1938,baseline,1365055360.674921,328468.2298474235,1364726892.4450736
CIESZYŃSKI,1938,baseline,1548240637.740767,1041035.0114432672,1547199602.7293236
CZARNKOWSKI,1938,baseline,1663512032.4470332,270634.9733731848,1663241397.47366
CZORTKOWSKI,1938,baseline,987773991.2509907,373283.75149784994,987400707.4994929
CZĘSTOCHOWSKI,1938,baseline,1527348233.324174,711737.4688428864,1526636495.855331
DOBROMILSKI,1938,baseline,1165214492.776753,222342.33062353887,1164992150.4461293
DOLIŃSKI,1938,baseline,1070890133.0208877,142331.65880493858,1070747801.3620828
DROHICKI,1938,baseline,1089787041.8478184,83931.29913480123,1089703110.5486836
DROHOBYCKI,1938,baseline,1123288354.302997,497482.8849289181,1122790871.4180682
DUBIEŃSKI,1938,baseline,1016565225.48248,118798.08428442363,1016446427.3981956
DZIAŁDOWSKI,1938,baseline,1392952747.4604115,246556.90239275823,1392706190.5580187
DZIŚNIEŃSKI,1938,baseline,910878172.6022605,59848.33804191784,910818324.2642186
DĄBROWSKI,1938,baseline,1361391809.3629658,279912.01288469124,1361111897.3500812
GARWOLIŃSKI,1938,baseline,1315722006.7893343,282645.808004379,1315439360.98133
GNIEŹNIEŃSKI,1938,baseline,1705066937.5793948,347150.133343671,1704719787.4460511
GORLICKI,1938,baseline,1302530403.660863,298296.9701678532,1302232106.690695
GOSTYNIŃSKI,1938,baseline,1495323966.2509615,329951.70010542637,1494994014.550856
GOSTYŃSKI,1938,baseline,1861170067.2253258,452403.490966023,1860717663.7343597
GRODZIEŃSKI,1938,baseline,1100359091.766692,97867.69246213065,1100261224.0742297
GRUDZIĄDZKI,1938,baseline,1513470488.3028014,849593.1413713854,1512620895.16143
GRÓDECKI,1938,baseline,1106167959.0034115,327096.0474530924,1105840862.9559584
GRÓJECKI,1938,baseline,1346993813.4551864,493432.71286374587,1346500380.7423227
HOROCHOWSKI,1938,baseline,1034960507.2903599,141473.9629395102,1034819033.3274204
HORODEŃSKI,1938,baseline,977654832.6277933,252737.5435477919,977402095.0842456
HRUBIESZOWSKI,1938,baseline,1102741815.6976283,244577.72789675946,1102497237.9697316
INOWROCŁAWSKI,1938,baseline,1676282220.130098,417611.4106742803,1675864608.7194238
IWACEWICKI,1938,baseline,1066956595.1859274,64961.4056035094,1066891633.7803239
IŁŻECKI,1938,baseline,1354077814.6786065,273326.5496423044,1353804488.1289642
JANOWSKI,1938,baseline,1240027924.2811902,222915.67976157906,1239805008.6014285
JAROCIŃSKI,1938,baseline,1784549830.0944853,342337.2398774676,1784207492.8546078
JAROSŁAWSKI,1938,baseline,1230987818.2300363,247967.055528322,1230739851.1745079
JASIELSKI,1938,baseline,1278246184.0159388,290425.0682822354,1277955758.9476566
JAWOROWSKI,1938,baseline,1081117667.4393218,217943.8579856585,1080899723.581336
JĘDRZEJOWSKI,1938,baseline,1471473467.8542128,247172.20682142966,1471226295.6473913
KALISKI,1938,baseline,1675237082.381645,378949.16310171725,1674858133.2185433
KAMIONECKI,1938,baseline,1087538528.7421215,231761.68011677865,1087306767.0620046
KARTUSKI,1938,baseline,1412778071.535605,187568.6744922268,1412590502.8611128
KATOWICE,1938,baseline,1764148409.2913697,16818908.353974756,1747329500.9373949
KAŁUSKI,1938,baseline,1058864233.8626012,170603.30726385466,1058693630.5553373
KIELECKI,1938,baseline,1440084000.9886882,327170.0407394084,1439756830.947949
KOBRYŃSKI,1938,baseline,1128117948.9042652,77661.81244105665,1128040287.091824
KOLBUSZOWSKI,1938,baseline,1273732766.1715853,205343.89118777832,1273527422.2803977
KOLSKI,1938,baseline,1651550561.6900067,310496.8551571064,1651240064.8348496
KONECKI,1938,baseline,1441927690.5940447,319640.6702780351,1441608049.9237666
KONIŃSKI,1938,baseline,1673137275.3020222,194303.15358182334,1672942972.1484404
KOPYCZYNIECKI,1938,baseline,989219826.2384609,251184.55845959185,988968641.6800013
KOSOWSKI (KOSÓW HUCULSKI),1938,baseline,979553744.0873314,82317.39025351127,979471426.6970779
KOSTOPOLSKI,1938,baseline,989977184.6292046,105177.20765473231,989872007.4215499
KOSZYRSKI,1938,baseline,1024030499.3843086,53166.53876946914,1023977332.8455391
KOWELSKI,1938,baseline,1089968642.322383,67449.15017654144,1089901193.1722064
KOZIENICKI,1938,baseline,1297542430.837863,195726.01122751087,1297346704.8266354
KOŁOMYJSKI,1938,baseline,1006415194.1771669,216708.66475858068,1006198485.5124084
KOŚCIAŃSKI,1938,baseline,1944484226.356051,454719.7879215456,1944029506.5681295
KOŚCIERSKI,1938,baseline,1433263049.8658915,215119.703330604,1433047930.162561
KRAKOWSKI,1938,baseline,1538031970.7449796,4618872.797441648,1533413097.947538
KRAKÓW (MIASTO),1938,baseline,1628185448.5925663,94127502.18598011,1534057946.4065862
KRASNOSTAWSKI,1938,baseline,1161908486.7678256,260566.59435632208,1161647920.1734693
KROTOSZYŃSKI,1938,baseline,1787076757.9911532,359016.79591747746,1786717741.1952357
KROŚNIEŃSKI,1938,baseline,1254088753.993917,526132.1389562411,1253562621.8549607
KRZEMIENIECKI,1938,baseline,995565365.7358372,120173.4816806774,995445192.2541566
KUTNOWSKI,1938,baseline,1553950837.9402673,724865.2214373597,1553225972.7188299
KĘPIŃSKI,1938,baseline,1731788631.180895,264691.05439180497,1731523940.1265032
LESKI,1938,baseline,1148652023.6742022,156899.9320100394,1148495123.7421923
LESZCZYŃSKI,1938,baseline,1961936944.5595682,468181.1873496287,1961468763.3722186
LIDZKI,1938,baseline,1031402710.2094321,84031.33613389818,1031318678.8732982
LIMANOWSKI,1938,baseline,1380906745.916798,219944.36971849028,1380686801.5470796
LIPNOWSKI,1938,baseline,1519519217.6848502,209046.95016245372,1519310170.7346878
LUBACZOWSKI,1938,baseline,1068429194.4477752,174956.00435431718,1068254238.4434209
LUBARTOWSKI,1938,baseline,1216963406.415525,257434.35843365564,1216705972.0570912
LUBAWSKI,1938,baseline,1409745902.5683684,308617.5744819453,1409437284.9938865
LUBELSKI,1938,baseline,1240452328.8979778,472909.9742777284,1239979418.9237
LUBLINIECKI,1938,baseline,1714376878.2208323,513332.21635771694,1713863546.0044746
LUBOMELSKI,1938,baseline,1125720598.6021807,80614.61385198234,1125639983.9883287
LWOWSKI,1938,baseline,1120767646.923304,3696104.6953437305,1117071542.2279603
LWÓW (MIASTO),1938,baseline,1167546586.6793451,43996402.73940319,1123550183.939942
M. ST. WARSZAWA,1938,baseline,1557748037.6998968,162370039.85116574,1395377997.848731
MAKOWSKI (MAKÓW MAZOWIECKI),1938,baseline,1304185888.1307487,189962.29111568554,1303995925.839633
MIECHOWSKI,1938,baseline,1507450991.0116892,276202.18481396936,1507174788.8268752
MIELECKI,1938,baseline,1317890694.0323808,235656.51233269487,1317655037.5200481
MIĘDZYCHODZKI,1938,baseline,1973530513.7142744,265305.05055561004,1973265208.6637187
MIŃSKI,1938,baseline,1330370315.339053,639014.092217746,1329731301.2468352
MOGILEŃSKI,1938,baseline,1695101784.9193118,270068.47272613156,1694831716.4465857
MORSKI,1938,baseline,1371117579.9889452,500288.676218818,1370617291.3127265
MOŁODECZAŃSKI,1938,baseline,964078000.2354337,111949.25331247172,963966050.9821212
MOŚCISKI,1938,baseline,1173396071.738264,267575.9889412237,1173128495.749323
MYŚLENICKI,1938,baseline,1424417105.1162188,268245.7758290944,1424148859.3403897
MŁAWSKI,1938,baseline,1376315459.9805963,234265.78061300295,1376081194.1999834
NADWÓRNIAŃSKI,1938,baseline,1004369848.1777302,138448.1889482847,1004231399.9887819
NIESZAWSKI,1938,baseline,1594620973.7932162,295085.321489137,1594325888.4717271
NIEŚWIESKI,1938,baseline,1010667709.9116648,140360.56623871526,1010527349.3454261
NIŻAŃSKI,1938,baseline,1276588449.0684905,216224.52535014582,1276372224.5431404
NOWOGRÓDZKI,1938,baseline,999449410.8880668,90484.1673877009,999358926.720679
NOWOSĄDECKI,1938,baseline,1346206380.566322,253458.00282734627,1345952922.5634947
NOWOTARSKI,1938,baseline,1423777566.9111924,241137.7099316168,1423536429.2012608
NOWOTOMYSKI,1938,baseline,2052816881.402583,328184.0151697446,2052488697.387413
OBORNICKI,1938,baseline,1807583686.73432,316598.3824747108,1807267088.3518453
OLKUSKI,1938,baseline,1594048543.624861,377523.3304432343,1593671020.2944179
OPATOWSKI,1938,baseline,1359625572.3722038,333438.1175671515,1359292134.2546368
OPOCZYŃSKI,1938,baseline,1452344000.5349753,263312.44813853106,1452080688.0868368
OSTROWSKI (OSTRÓW MAZOWIECKA),1938,baseline,1247858634.8202252,181272.2689862042,1247677362.551239
OSTROWSKI (OSTRÓW WIELKOPOLSKI),1938,baseline,1776375272.3362865,311546.68984254723,1776063725.646444
OSTROŁĘCKI,1938,baseline,1231548053.551705,122040.64669920888,1231426012.9050057
OSZMIAŃSKI,1938,baseline,932782906.6467491,74224.78454271471,932708681.8622065
PIOTRKOWSKI,1938,baseline,1507193942.7495623,350548.1330174465,1506843394.6165447
PIŃCZOWSKI,1938,baseline,1364763911.6274233,229685.95381553998,1364534225.6736078
PIŃSKI,1938,baseline,1044482689.1911039,67584.76516794079,1044415104.425936
PODHAJECKI,1938,baseline,1040424906.0519769,195377.72920946014,1040229528.3227675
POSTAWSKI,1938,baseline,923967152.861753,50045.68825900693,923917107.173494
POZNAŃ (MIASTO),1938,baseline,1991799880.297178,57121652.61086454,1934678227.6863134
POZNAŃSKI,1938,baseline,1895239462.585525,1240668.8656578977,1893998793.7198672
PRUŻAŃSKI,1938,baseline,1111079818.988816,86004.72890664697,1110993814.2599094
PRZASNYCKI,1938,baseline,1198409024.1649094,172982.60785778335,1198236041.5570517
PRZEMYSKI,1938,baseline,1206983450.2413087,419249.9421748198,1206564200.2991338
PRZEMYŚLAŃSKI,1938,baseline,1077577691.0475197,248891.27567111937,1077328799.7718487
PRZEWORSKI,1938,baseline,1243266434.3509007,544339.4217038243,1242722094.9291968
PSZCZYŃSKI,1938,baseline,1702415458.7182784,988747.6597762455,1701426711.0585022
PUŁAWSKI,1938,baseline,1246514442.4483018,234200.28784765681,1246280242.160454
PUŁTUSKI,1938,baseline,1344114746.6381598,301777.8488711956,1343812968.7892885
PŁOCKI,1938,baseline,1460640846.19839,397524.52200994245,1460243321.6763802
PŁOŃSKI,1938,baseline,1398031786.5480754,287902.9117517028,1397743883.6363237
RADOMSKI,1938,baseline,1372618587.841322,357863.86684693967,1372260723.974475
RADOMSZCZAŃSKI,1938,baseline,1518170319.9123814,271413.007088479,1517898906.905293
RADZIECHOWSKI,1938,baseline,1053098139.1611782,169485.0872965536,1052928654.0738816
RADZYMIŃSKI,1938,baseline,1342344290.9181457,827543.1424407666,1341516747.7757049
RADZYŃSKI,1938,baseline,1248244398.4039538,228447.43815637415,1248015950.9657974
RAWICKI,1938,baseline,1863839589.1105409,578174.4840322617,1863261414.6265087
RAWSKI (RAWA MAZOWIECKA),1938,baseline,1447959575.327238,283086.6995814779,1447676488.6276567
RAWSKI (RAWA RUSKA),1938,baseline,1097510301.5065496,176466.82213218603,1097333834.6844175
ROHATYŃSKI,1938,baseline,1045778750.5537821,212063.54609607908,1045566687.007686
ROPCZYCKI,1938,baseline,1342253264.866413,245717.16369308098,1342007547.70272
RUDECKI,1938,baseline,1131896064.9868085,310246.1062576407,1131585818.8805509
RYBNICKI,1938,baseline,1619342605.3895018,1372696.7605342448,1617969908.6289675
RYPIŃSKI,1938,baseline,1463959900.5929449,266259.4677269485,1463693641.125218
RZESZOWSKI,1938,baseline,1280236828.6201162,319230.65046986134,1279917597.9696465
RÓWIEŃSKI,1938,baseline,1006953287.193992,164016.24576822444,1006789270.9482238
SAMBORSKI,1938,baseline,1154011546.7484226,281994.56960969546,1153729552.178813
SANDOMIERSKI,1938,baseline,1325804030.5703285,229894.12444512086,1325574136.4458833
SANOCKI,1938,baseline,1160134015.8278005,245465.4551308128,1159888550.3726697
SARNEŃSKI,1938,baseline,1002669548.5351691,61429.35348329565,1002608119.1816858
SIEDLECKI,1938,baseline,1280347136.5619304,232730.3741421005,1280114406.1877882
SIERADZKI,1938,baseline,1605857814.4572968,316992.09430930996,1605540822.3629875
SIERPECKI,1938,baseline,1459094186.756586,274615.437898176,1458819571.318688
SKAŁACKI,1938,baseline,1000591463.4651651,227549.05635950834,1000363914.4088056
SKIERNIEWICKI,1938,baseline,1484854709.9425607,566199.9181720794,1484288510.0243886
SOCHACZEWSKI,1938,baseline,1430841971.2670279,560284.232514265,1430281687.0345135
SOKALSKI,1938,baseline,1069121111.3974317,208717.30047618342,1068912394.0969555
SOKOŁOWSKI,1938,baseline,1253938563.1592584,247171.3043547748,1253691391.8549037
SOKÓLSKI,1938,baseline,1135096749.8082414,107957.67504329843,1134988792.133198
STANISŁAWOWSKI,1938,baseline,1039026060.3066899,293104.9908022233,1038732955.3158877
STAROGARDZKI,1938,baseline,1448493925.742289,336746.95817072934,1448157178.7841184
STOLIŃSKI,1938,baseline,979906100.4384303,48569.526152703904,979857530.9122776
STOPNICKI,1938,baseline,1313235301.0076835,171719.62473299768,1313063581.3829505
STOŁPECKI,1938,baseline,990247081.4802973,83826.27441751964,990163255.2058798
STRYJSKI,1938,baseline,1101205458.8585503,175045.29638716477,1101030413.562163
SUWALSKI,1938,baseline,1039191055.6952443,112989.40943123728,1039078066.2858131
SZAMOTULSKI,1938,baseline,1873126321.7279835,324761.554861987,1872801560.1731215
SZCZUCZYŃSKI (WOJ. BIAŁOSTOCKIE),1938,baseline,1110565828.9452825,135246.02870191025,1110430582.9165804
SZCZUCZYŃSKI (WOJ. NOWOGRÓDZKIE),1938,baseline,1065446649.6242365,88341.76882913105,1065358307.8554074
SZUBIŃSKI,1938,baseline,1651727970.8849401,300338.44337022584,1651427632.4415698
SĘPOLEŃSKI,1938,baseline,1556670809.250195,505876.4517877062,1556164932.7984073
SŁONIMSKI,1938,baseline,1062662172.989138,85267.7324218986,1062576905.2567161
TARNOBRZESKI,1938,baseline,1311908248.2774048,261949.07276351092,1311646299.2046413
TARNOGÓRSKI,1938,baseline,1751799329.5330722,2785230.2096507642,1749014099.3234215
TARNOPOLSKI,1938,baseline,1027429319.3441056,268853.07229217154,1027160466.2718134
TARNOWSKI,1938,baseline,1391966007.010329,533070.791562172,1391432936.218767
TCZEWSKI,1938,baseline,1427164878.9598298,660560.7777054593,1426504318.1821244
TOMASZOWSKI,1938,baseline,1081134561.1728578,195894.09819851696,1080938667.0746593
TORUŃSKI,1938,baseline,1599807817.3875792,714181.3651333402,1599093636.022446
TREMBOWELSKI,1938,baseline,1008095399.7866201,260933.2892836638,1007834466.4973365
TUCHOLSKI,1938,baseline,1507676624.0938005,268509.85470766696,1507408114.2390928
TURCZAŃSKI,1938,baseline,1112647321.1598356,125830.79201535079,1112521490.3678203
TURECKI,1938,baseline,1572596399.2942767,184220.88331915464,1572412178.4109576
TŁUMACKI,1938,baseline,1022653951.2465473,267694.93460193876,1022386256.3119454
WADOWICKI,1938,baseline,1534330846.8859837,456043.63111806224,1533874803.2548656
WARSZAWSKI,1938,baseline,1404916651.334929,16793277.310632654,1388123374.0242963
WIELUŃSKI,1938,baseline,1713769125.4684353,173719.74239287837,1713595405.7260425
WILEJSKI,1938,baseline,952439234.4619617,63672.60217861102,952375561.8597832
WILEŃSKO-TROCKI,1938,baseline,999226498.6324852,235715.9577304745,998990782.6747546
WILNO (MIASTO),1938,baseline,1022469191.0281963,14951169.478961447,1007518021.5492349
WOLSZTYŃSKI,1938,baseline,2120680397.2661998,335574.14200803346,2120344823.1241918
WOŁKOWYSKI,1938,baseline,1113762095.3809845,79693.79348920395,1113682401.5874953
WOŁOŻYŃSKI,1938,baseline,963878976.3265915,86195.74273925702,963792780.5838523
WRZESIŃSKI,1938,baseline,1751288547.8635929,413034.57486085343,1750875513.288732
WYRZYSKI,1938,baseline,1590356610.2675753,344595.4605478134,1590012014.8070273
WYSOKOMAZOWIECKI,1938,baseline,1190460208.7501192,167396.58013328398,1190292812.169986
WĄBRZESKI,1938,baseline,1536335194.6745076,479041.38404686266,1535856153.2904608
WĄGROWIECKI,1938,baseline,1645076496.208695,278466.7087050029,1644798029.49999
WĘGROWSKI,1938,baseline,1236144636.3047066,240030.049481907,1235904606.2552247
WŁOCŁAWSKI,1938,baseline,1578988490.9623208,597540.6445664275,1578390950.3177543
WŁODAWSKI,1938,baseline,1136631658.1798117,138764.4410717232,1136492893.73874
WŁODZIMIERSKI,1938,baseline,1075545836.7144823,137530.2890841985,1075408306.425398
WŁOSZCZOWSKI,1938,baseline,1396607884.6659873,176041.12392263004,1396431843.5420647
ZALESZCZYCKI,1938,baseline,970432889.7929304,241178.89373133268,970191710.899199
ZAMOJSKI,1938,baseline,1145432019.2816353,337517.25686406426,1145094502.0247712
ZBARASKI,1938,baseline,1012576699.5675473,246607.71784515903,1012330091.8497021
ZBOROWSKI,1938,baseline,1048827297.0156648,191095.96667556226,1048636201.0489893
ZDOŁBUNOWSKI,1938,baseline,993729105.1167061,181384.8911487555,993547720.2255573
ZŁOCZOWSKI,1938,baseline,1065634166.3383973,207233.61941880008,1065426932.7189784
ŁASKI,1938,baseline,1580158150.8717127,525270.5268835629,1579632880.344829
ŁAŃCUCKI,1938,baseline,1248863045.3936703,279209.6692572866,1248583835.724413
ŁOMŻYŃSKI,1938,baseline,1199949697.0457761,133570.832928418,1199816126.2128477
ŁOWICKI,1938,baseline,1498663747.6157718,468108.0881844914,1498195639.5275872
ŁUCKI,1938,baseline,1046087608.3790586,97049.90771220665,1045990558.4713464
ŁUKOWSKI,1938,baseline,1270020019.199569,211215.19961912738,1269808803.99995
ŁUNINIECKI,1938,baseline,999710342.6064987,59555.696894602566,999650786.9096041
ŁÓDZKI,1938,baseline,1545732176.9206517,1989315.495004367,1543742861.4256473
ŁÓDŹ (MIASTO),1938,baseline,1748121125.1885018,213795739.85579678,1534325385.332705
ŁĘCZYCKI,1938,baseline,1549293065.2473679,484672.3707123244,1548808392.8766556
ŚNIATYŃSKI,1938,baseline,982619741.068347,372751.37862463197,982246989.6897223
ŚREDZKI,1938,baseline,1833076512.8982816,418932.6719000388,1832657580.2263815
ŚREMSKI,1938,baseline,1823253326.8363857,342875.8410848365,1822910450.995301
ŚWIECKI,1938,baseline,1523496857.162807,334028.33119841956,1523162828.8316085
ŚWIĘCIAŃSKI,1938,baseline,956569123.9693413,59765.02428299294,956509358.9450582
ŚWIĘTOCHŁOWICKI,1938,baseline,1818046022.6408365,44242757.73532848,1773803264.905508
ŻNIŃSKI,1938,baseline,1695909361.8059583,357077.47608282167,1695552284.3298755
ŻYDACZOWSKI,1938,baseline,1069101140.4036732,222623.9848485589,1068878516.4188247
ŻYWIECKI,1938,baseline,1553105952.3089366,456366.2238568295,1552649586.0850797
ŻÓŁKIEWSKI,1938,baseline,1096280738.185284,308370.5917160811,1095972367.5935678
