District,Total - all  ,Total - m  ,Total - f  ,"08-00 Section B. Horticulture, fishing, forestry - all  ","08-00 Section B. Horticulture, fishing, forestry - m  ","08-00 Section B. Horticulture, fishing, forestry - f  ",08 Horticulture and beekeeping  ,09 Fishing  ,00 Forestry and hunting  ,R08-00 Other branches of Section B  ,1-2 Section C. Mining and industry - all  ,1-2 Section C. Mining and industry - m  ,1-2 Section C. Mining and industry - f  ,1-2 Industrial plants: Categories I-V - all  ,1-2 Industrial plants: Categories I-V - m  ,1-2 Industrial plants: Categories I-V - f  ,1-2 Industrial plants: Categories VI-VII - all  ,1-2 Industrial plants: Categories VI-VII - m  ,1-2 Industrial plants: Categories VI-VII - f  ,1-2 Industrial plants: Category VIII - all  ,1-2 Industrial plants: Category VIII - m  ,1-2 Industrial plants: Category VIII - f  ,1-2 Industrial plants: Unknown category - all  ,1-2 Industrial plants: Unknown category - m  ,1-2 Industrial plants: Unknown category - f  ,10 Mining  ,101 Mining not specified  ,102 Hard coal mines  ,103 Iron ore mines  ,104 Zinc and lead ore mines  ,105 Rock salt mines and salt works  ,106 Oil and gas fields  ,"11-13 Metallurgy, metal and machinery industry  ",111 Metallurgy and metal industry unspecified — excluding machinery  ,121 Unspecified metal industry combined with machinery production  ,112 Ironworks  ,113 Ironworks with further processing divisions  ,114 Zinc and lead smelters  ,115 Foundries  ,"116 Boiler, valve, and construction production  ","117 Production of metal furniture and fittings, locks, latches  ",118 Tinware and other sheet metal products  ,119 Production of copper and copper alloy products  ,"122 Wire, nails, screws, and chain production  ",123 Blacksmithing  ,124 Locksmithing  ,125 Tinsmithing  ,127 Production of industrial machinery  ,128 Production of agricultural machinery  ,129 Engine production  ,132 Wagon production  ,"133 Bicycle, motorcycle, and car production  ",134 Electrotechnical industry  ,"135 Scale, instrument, and precision device production  ",136 Musical instrument production  ,137 Watchmaking and jewelry  ,R11-13 Other branches of 11-13  ,14-15 Chemical industry  ,141 Chemical industry not specified  ,142 Tar and turpentine distilleries  ,143 Coke plants  ,144 Oil refineries and gasoline plants  ,146 Match production  ,147 Artificial silk production  ,148 Rubber product manufacturing  ,149 Large-scale inorganic industry  ,152 Fat-based product manufacturing  ,153 Soap production  ,154 Oil mills  ,155 Cosmetic and pharmaceutical products manufacturing  ,16 Mineral industry  ,161 Mineral industry not specified  ,162 Quarries  ,163 Lime kilns and gypsum mines  ,164 Cement plants  ,165 Concrete plants  ,166 Brickworks  ,167 Ceramics and pottery industry  ,168 Glassworks  ,169 Stonemasonry  ,17-18 Wood industry  ,171 Wood industry not specified  ,172 Forest exploitation  ,173 Forest exploitation with sawmills  ,174 Sawmills  ,175 Carpentry and regular furniture manufacturing  ,176 Bentwood furniture production  ,177 Cooperage  ,178 Wheelwrighting  ,179 Basketry and wickerwork  ,182 Upholstery  ,19 Paper industry  ,192 Paper mills and cardboard plants  ,193 Paper products manufacturing  ,20-21 Textile industry  ,201 Textile industry not specified  ,202 Flax retting  ,203 Spinning mills unspecified  ,204 Cotton spinning mills  ,205 Wool spinning mills  ,206 Weaving mills unspecified  ,207 Cotton weaving mills  ,208 Wool weaving mills  ,209 Spinning and weaving combined - unspecified  ,212 Spinning and weaving combined - cotton  ,213 Spinning and weaving combined - wool  ,214 Finishing plants  ,215 Carpet manufacturing  ,216 Rope making  ,217 Hosiery and knitwear production  ,22 Leather industry  ,221 Leather industry not specified  ,222 Tanneries  ,"223 Saddlery, harness, and leather goods production  ",224 Brush making  ,23 Clothing industry  ,231 Clothing industry not specified  ,232 Tailoring  ,233 Linen making  ,234 Furriery  ,235 Shoemaking and mechanical footwear production  ,"236 Hat, cap, and millinery making  ",24-25 Food industry  ,241 Food industry not specified  ,242 Mills  ,243 Bakeries  ,244 Confectionery product manufacturing  ,245 Sugar refineries  ,246 Distilleries  ,247 Breweries and maltings  ,"248 Vodka, wine, mead, and juice production  ",249 Mineral and carbonated water production  ,252 Starch factories  ,253 Dairy processing  ,254 Butchery  ,255 Tobacco product manufacturing  ,26 Printing industry  ,261 Printing industry not specified  ,262 Printing and lithography  ,263 Bookbinding  ,264 Photographic studios  ,27 Construction industry  ,271 Construction industry not specified  ,272 Earthworks and housing construction combined  ,273 Earthworks  ,274 Housing construction  ,275 Installation works  ,276 Glazing  ,277 Painting and wallpapering  ,278 Stove fitting  ,279 Surveying and land improvement works  ,"28 Power plants, gasworks, and waterworks  ",281 Not specified  ,282 Power plants  ,283 Gasworks  ,284 Waterworks and sewage systems  ,29 Mining and industry without branch specification  ,292 Industry unknown  ,293 Mining and metallurgy - persons without branch details  ,2x Unspecified workers - all  ,2x Unspecified workers - m  ,2x Unspecified workers - f  ,R1-2 Other branches of Section C  ,3 Trade and insurance - all  ,3 Trade and insurance - m  ,3 Trade and insurance - f  ,30 Trade not specified  ,31 Commodity trade  ,311 Commodity trade not specified  ,312 Wholesale trade  ,313 Traveling and door-to-door trade  ,314 Trade cooperatives  ,32 Room rental and gastronomy  ,321 Room rental not specified  ,322 Apartment buildings (owners and caretakers)  ,323 Hotels and guesthouses  ,324 Private room rental and home dining  ,325 Gastronomy establishments  ,33 Financial transactions  ,34 Private insurance companies  ,35 Brokerage  ,R3 Other branches of Section D  ,4 Communication and transport - all  ,4 Communication and transport - m  ,4 Communication and transport - f  ,"40 Post, telephone, telegraph, radio telegraph  ","41 Sea, inland, and air navigation  ",412 Sea navigation  ,413 Inland navigation  ,414 Civil aviation  ,42 Railways  ,43 City trams and buses  ,44 Other types of transport and communication  ,441 Unspecified types  ,442 Taxis  ,443 Horse-drawn carriages  ,444 Motor vehicle transport  ,445 Horse-drawn transport  ,446 Messengers and porters  ,45 Road and waterway supervision  ,R4 Other branches of Section 4  ,5-n Other sections combined - all  ,5-n Other sections combined - m  ,5-n Other sections combined - f  ,"5 Public service, church, social organizations and institutions  ",50 Foreign diplomatic and consular offices  ,"51 State, local government, and other public administration  ",512 State administration  ,513 Local government administration  ,514 Other public legal bodies' administration  ,"52 Judiciary, bar, and notary  ",522 Judiciary  ,523 Bar and notary  ,524 Legal counsel and petition offices  ,53 Public security and penitentiary services  ,531 Public security service not specified  ,532 State police  ,533 Border guard  ,535 Penitentiary service  ,536 Fire service  ,54 Church and religious associations  ,542 Clergy  ,543 Secular persons in church and religious associations  ,55 Administration of social organizations and institutions  ,R5 Other branches of Section 5  ,7 Education and culture  ,70 Education  ,701 Education unspecified  ,702 General education  ,703 Secondary education  ,704 Higher education  ,705 Cheders  ,706 Other education  ,71 Upbringing and non-school education  ,712 Private teachers  ,713 Preschool education  ,714 Non-school education  ,715 Physical education and sport  ,"72 Science, literature and art  ",722 Scientific institutions  ,723 Literature and art  ,"73 Press, publishing and reading rooms  ",731 Non-daily press and other publishing  ,732 Daily press  ,733 Reading rooms  ,74 Entertainment  ,741 Entertainment unspecified  ,742 Theater and music  ,743 Cinematography  ,744 Circuses and traveling artists  ,R7 Other branches of Section 7  ,"8 Health care and hygiene, cleaning and social welfare  ",80 Health care and prevention  ,801 Prevention not specified  ,802 Medical institutions and sanitary services  ,803 Pharmacies and medical labs  ,804 Private physicians  ,"805 Private paramedics, nurses, and masseurs  ",806 Private midwives  ,807 Veterinary medicine  ,81 Personal and premises hygiene. Street and square cleaning. Burials  ,811 Hygiene not specified  ,812 Bathhouses  ,813 Hairdressing and beauty salons  ,814 Laundries and ironing services  ,815 Street and square cleaning  ,816 Cemeteries and funeral services  ,82 Social welfare institutions  ,R8 Other branches of Section I  ,9 Domestic service  ,x Persons living without gainful employment  ,x1 Capitalists and rentiers  ,"n Section N. Persons with unspecified occupation, delinquent persons, and persons with unknown occupation  "
AUGUSTOWSKI,6774.0,4846.0,1928.0,450.0,426.0,24.0,37.0,83.0,330.0,0.0,3175.0,2581.0,594.0,360.0,335.0,25.0,64.0,59.0,5.0,837.0,657.0,180.0,1914.0,1530.0,384.0,0.0,0.0,0.0,0.0,0.0,0.0,0.0,235.0,0.0,0.0,0.0,0.0,0.0,0.0,0.0,0.0,0.0,0.0,0.0,148.0,0.0,0.0,0.0,0.0,0.0,0.0,0.0,0.0,0.0,0.0,0.0,0.0,0.0,0.0,0.0,0.0,0.0,0.0,0.0,0.0,0.0,0.0,0.0,0.0,0.0,0.0,0.0,0.0,0.0,0.0,0.0,0.0,0.0,0.0,0.0,783.0,0.0,228.0,0.0,323.0,170.0,0.0,0.0,0.0,0.0,0.0,0.0,0.0,0.0,0.0,0.0,0.0,0.0,0.0,0.0,0.0,0.0,0.0,0.0,0.0,0.0,0.0,0.0,0.0,0.0,0.0,0.0,0.0,0.0,0.0,725.0,0.0,436.0,0.0,0.0,247.0,0.0,344.0,0.0,77.0,111.0,0.0,0.0,0.0,0.0,0.0,0.0,0.0,0.0,126.0,0.0,0.0,0.0,0.0,0.0,0.0,230.0,0.0,0.0,0.0,164.0,0.0,0.0,0.0,0.0,0.0,0.0,0.0,0.0,0.0,0.0,0.0,0.0,0.0,709.0,511.0,198.0,149.0,850.0,512.0,338.0,0.0,602.0,541.0,0.0,0.0,0.0,214.0,0.0,130.0,0.0,0.0,0.0,0.0,0.0,0.0,34.0,311.0,294.0,17.0,0.0,0.0,0.0,0.0,0.0,65.0,0.0,115.0,0.0,0.0,0.0,0.0,0.0,0.0,95.0,36.0,1988.0,1033.0,955.0,477.0,0.0,166.0,0.0,103.0,0.0,0.0,0.0,0.0,0.0,188.0,0.0,64.0,0.0,0.0,0.0,88.0,0.0,0.0,0.0,35.0,267.0,228.0,0.0,189.0,0.0,0.0,0.0,0.0,0.0,0.0,0.0,0.0,0.0,0.0,0.0,0.0,0.0,0.0,0.0,0.0,0.0,0.0,0.0,0.0,0.0,39.0,152.0,0.0,0.0,0.0,0.0,0.0,0.0,0.0,0.0,0.0,0.0,0.0,0.0,0.0,0.0,0.0,0.0,0.0,515.0,433.0,0.0,144.0
BIAŁOSTOCKI,15892.0,12131.0,3761.0,610.0,554.0,56.0,0.0,0.0,456.0,154.0,8398.0,6737.0,1661.0,2779.0,2224.0,555.0,463.0,414.0,49.0,2582.0,2043.0,539.0,2574.0,2056.0,518.0,0.0,0.0,0.0,0.0,0.0,0.0,0.0,510.0,0.0,0.0,0.0,0.0,0.0,0.0,0.0,0.0,0.0,0.0,0.0,290.0,0.0,0.0,0.0,0.0,0.0,0.0,0.0,0.0,0.0,0.0,0.0,0.0,0.0,0.0,0.0,0.0,0.0,0.0,0.0,0.0,0.0,0.0,0.0,0.0,0.0,207.0,0.0,0.0,0.0,0.0,0.0,130.0,0.0,0.0,0.0,1517.0,0.0,0.0,0.0,883.0,386.0,0.0,0.0,0.0,0.0,0.0,0.0,0.0,0.0,1755.0,0.0,0.0,0.0,0.0,0.0,0.0,0.0,207.0,0.0,0.0,910.0,319.0,0.0,0.0,0.0,403.0,105.0,273.0,0.0,0.0,1707.0,0.0,962.0,0.0,0.0,646.0,0.0,769.0,0.0,167.0,220.0,0.0,0.0,0.0,0.0,0.0,0.0,0.0,0.0,308.0,0.0,0.0,0.0,0.0,0.0,0.0,723.0,0.0,0.0,0.0,268.0,0.0,0.0,0.0,0.0,0.0,0.0,0.0,0.0,0.0,0.0,0.0,0.0,0.0,616.0,451.0,165.0,191.0,1525.0,869.0,656.0,0.0,1134.0,967.0,0.0,139.0,0.0,363.0,0.0,191.0,0.0,0.0,0.0,0.0,0.0,0.0,28.0,1437.0,1409.0,28.0,0.0,0.0,0.0,0.0,0.0,1018.0,0.0,300.0,0.0,0.0,0.0,0.0,184.0,0.0,0.0,119.0,3922.0,2562.0,1360.0,1353.0,0.0,0.0,0.0,0.0,0.0,0.0,0.0,0.0,0.0,1030.0,0.0,0.0,0.0,0.0,0.0,161.0,0.0,0.0,0.0,162.0,423.0,369.0,0.0,348.0,0.0,0.0,0.0,0.0,0.0,0.0,0.0,0.0,0.0,0.0,0.0,0.0,0.0,0.0,0.0,0.0,0.0,0.0,0.0,0.0,0.0,54.0,372.0,238.0,0.0,0.0,0.0,0.0,0.0,0.0,0.0,0.0,0.0,0.0,0.0,0.0,0.0,0.0,0.0,134.0,566.0,953.0,33.0,255.0
BIELSKI (BIELSK PODLASKI),17639.0,13531.0,4108.0,1452.0,1378.0,74.0,0.0,0.0,1321.0,131.0,9083.0,7695.0,1388.0,2197.0,2001.0,196.0,429.0,385.0,44.0,2524.0,2062.0,462.0,3933.0,3247.0,686.0,0.0,0.0,0.0,0.0,0.0,0.0,0.0,624.0,0.0,0.0,0.0,0.0,0.0,0.0,0.0,0.0,0.0,0.0,0.0,394.0,0.0,0.0,0.0,0.0,0.0,0.0,0.0,0.0,0.0,0.0,0.0,0.0,607.0,0.0,562.0,0.0,0.0,0.0,0.0,0.0,0.0,0.0,0.0,0.0,0.0,580.0,0.0,0.0,0.0,0.0,0.0,0.0,291.0,177.0,0.0,2321.0,0.0,260.0,0.0,1313.0,522.0,0.0,0.0,0.0,0.0,0.0,0.0,0.0,0.0,0.0,0.0,0.0,0.0,0.0,0.0,0.0,0.0,0.0,0.0,0.0,0.0,0.0,0.0,0.0,0.0,0.0,0.0,0.0,0.0,0.0,2244.0,0.0,1208.0,0.0,0.0,860.0,0.0,1023.0,0.0,294.0,279.0,0.0,0.0,0.0,0.0,0.0,0.0,0.0,0.0,366.0,0.0,0.0,0.0,0.0,0.0,0.0,559.0,0.0,0.0,0.0,377.0,0.0,0.0,0.0,0.0,0.0,0.0,0.0,0.0,0.0,0.0,0.0,0.0,0.0,717.0,521.0,196.0,408.0,2429.0,1615.0,814.0,0.0,1926.0,1710.0,0.0,0.0,0.0,420.0,0.0,190.0,0.0,0.0,195.0,0.0,0.0,0.0,83.0,1065.0,1032.0,33.0,0.0,0.0,0.0,0.0,0.0,493.0,0.0,397.0,0.0,0.0,0.0,0.0,215.0,0.0,0.0,175.0,3610.0,1811.0,1799.0,833.0,0.0,295.0,0.0,189.0,0.0,0.0,0.0,0.0,0.0,170.0,0.0,153.0,0.0,0.0,0.0,254.0,0.0,133.0,0.0,114.0,622.0,531.0,0.0,419.0,0.0,0.0,0.0,0.0,0.0,0.0,0.0,0.0,0.0,0.0,0.0,0.0,0.0,0.0,0.0,0.0,0.0,0.0,0.0,0.0,0.0,91.0,366.0,0.0,0.0,0.0,0.0,0.0,0.0,0.0,0.0,168.0,0.0,0.0,0.0,0.0,0.0,0.0,0.0,198.0,1088.0,588.0,0.0,113.0
GRODZIEŃSKI,30844.0,21297.0,9547.0,714.0,627.0,87.0,272.0,68.0,374.0,0.0,12818.0,10110.0,2708.0,2229.0,1452.0,777.0,580.0,517.0,63.0,5043.0,4084.0,959.0,4966.0,4057.0,909.0,0.0,0.0,0.0,0.0,0.0,0.0,0.0,896.0,0.0,0.0,0.0,0.0,0.0,0.0,0.0,0.0,0.0,0.0,0.0,360.0,280.0,0.0,0.0,0.0,0.0,0.0,0.0,0.0,0.0,0.0,0.0,0.0,0.0,0.0,0.0,0.0,0.0,0.0,0.0,0.0,0.0,0.0,0.0,0.0,0.0,600.0,0.0,0.0,0.0,0.0,0.0,197.0,0.0,323.0,0.0,1831.0,460.0,187.0,0.0,413.0,650.0,0.0,0.0,0.0,0.0,0.0,0.0,0.0,0.0,0.0,0.0,0.0,0.0,0.0,0.0,0.0,0.0,0.0,0.0,0.0,0.0,0.0,0.0,0.0,0.0,662.0,0.0,565.0,0.0,0.0,3248.0,0.0,1891.0,0.0,0.0,1114.0,0.0,2110.0,0.0,258.0,488.0,0.0,0.0,0.0,0.0,0.0,0.0,0.0,0.0,398.0,771.0,328.0,0.0,154.0,0.0,0.0,1161.0,0.0,0.0,0.0,759.0,0.0,0.0,141.0,0.0,0.0,0.0,0.0,0.0,0.0,0.0,0.0,0.0,0.0,1543.0,1090.0,453.0,439.0,4929.0,2954.0,1975.0,0.0,2999.0,2700.0,0.0,188.0,0.0,1695.0,0.0,1182.0,0.0,0.0,408.0,0.0,0.0,0.0,235.0,1902.0,1831.0,71.0,225.0,0.0,0.0,0.0,0.0,739.0,0.0,820.0,0.0,0.0,118.0,0.0,375.0,115.0,0.0,118.0,10481.0,5775.0,4706.0,2439.0,0.0,897.0,302.0,529.0,0.0,309.0,194.0,0.0,0.0,743.0,0.0,236.0,0.0,0.0,0.0,395.0,240.0,155.0,0.0,95.0,1161.0,824.0,0.0,547.0,0.0,0.0,0.0,0.0,0.0,0.0,0.0,0.0,0.0,0.0,0.0,0.0,0.0,0.0,0.0,0.0,0.0,0.0,0.0,0.0,0.0,337.0,974.0,473.0,0.0,0.0,0.0,0.0,0.0,0.0,0.0,429.0,0.0,0.0,199.0,0.0,0.0,0.0,72.0,0.0,2323.0,2063.0,42.0,1521.0
ŁOMŻYŃSKI,20056.0,14186.0,5870.0,325.0,276.0,49.0,0.0,0.0,0.0,0.0,9072.0,7206.0,1866.0,374.0,334.0,40.0,319.0,293.0,26.0,2921.0,2402.0,519.0,5458.0,4177.0,1281.0,0.0,0.0,0.0,0.0,0.0,0.0,0.0,768.0,0.0,0.0,0.0,0.0,0.0,0.0,0.0,0.0,0.0,0.0,0.0,367.0,0.0,0.0,0.0,0.0,0.0,0.0,0.0,0.0,0.0,0.0,0.0,0.0,0.0,0.0,0.0,0.0,0.0,0.0,0.0,0.0,0.0,0.0,0.0,0.0,0.0,152.0,0.0,0.0,0.0,0.0,0.0,0.0,0.0,0.0,0.0,792.0,0.0,0.0,0.0,0.0,500.0,0.0,0.0,0.0,0.0,0.0,0.0,0.0,0.0,0.0,0.0,0.0,0.0,0.0,0.0,0.0,0.0,0.0,0.0,0.0,0.0,0.0,0.0,0.0,0.0,0.0,0.0,0.0,0.0,0.0,2950.0,0.0,1518.0,0.0,0.0,1217.0,0.0,1527.0,0.0,371.0,411.0,0.0,0.0,0.0,0.0,0.0,0.0,0.0,0.0,588.0,0.0,0.0,0.0,0.0,0.0,0.0,722.0,0.0,0.0,0.0,452.0,0.0,0.0,0.0,0.0,0.0,0.0,0.0,0.0,0.0,0.0,0.0,0.0,0.0,1782.0,1170.0,612.0,379.0,3209.0,2031.0,1178.0,0.0,2196.0,2014.0,0.0,0.0,0.0,870.0,0.0,605.0,0.0,0.0,206.0,0.0,0.0,0.0,143.0,840.0,807.0,33.0,0.0,0.0,0.0,0.0,0.0,117.0,0.0,453.0,0.0,0.0,0.0,0.0,183.0,0.0,144.0,126.0,6610.0,3866.0,2744.0,1277.0,0.0,401.0,129.0,237.0,0.0,221.0,158.0,0.0,0.0,250.0,0.0,128.0,0.0,0.0,0.0,364.0,0.0,123.0,0.0,41.0,876.0,726.0,0.0,496.0,0.0,0.0,0.0,0.0,0.0,0.0,0.0,0.0,0.0,0.0,0.0,0.0,0.0,0.0,0.0,0.0,0.0,0.0,0.0,0.0,0.0,150.0,546.0,215.0,0.0,0.0,0.0,0.0,0.0,0.0,0.0,276.0,0.0,0.0,0.0,0.0,0.0,0.0,55.0,0.0,1221.0,1744.0,86.0,946.0
OSTROŁĘCKI,8592.0,6308.0,2284.0,255.0,228.0,27.0,0.0,0.0,177.0,78.0,3723.0,2983.0,740.0,147.0,120.0,27.0,132.0,120.0,12.0,749.0,639.0,110.0,2695.0,2104.0,591.0,0.0,0.0,0.0,0.0,0.0,0.0,0.0,287.0,0.0,0.0,0.0,0.0,0.0,0.0,0.0,0.0,0.0,0.0,0.0,150.0,0.0,0.0,0.0,0.0,0.0,0.0,0.0,0.0,0.0,0.0,0.0,0.0,0.0,0.0,0.0,0.0,0.0,0.0,0.0,0.0,0.0,0.0,0.0,0.0,0.0,145.0,0.0,0.0,0.0,0.0,0.0,132.0,0.0,0.0,0.0,430.0,0.0,0.0,0.0,0.0,254.0,0.0,0.0,0.0,0.0,0.0,0.0,0.0,0.0,0.0,0.0,0.0,0.0,0.0,0.0,0.0,0.0,0.0,0.0,0.0,0.0,0.0,0.0,0.0,0.0,0.0,0.0,0.0,0.0,0.0,1123.0,0.0,613.0,0.0,0.0,425.0,0.0,572.0,0.0,141.0,163.0,0.0,0.0,0.0,0.0,0.0,0.0,0.0,0.0,230.0,0.0,0.0,0.0,0.0,0.0,0.0,378.0,0.0,0.0,0.0,270.0,0.0,0.0,0.0,0.0,0.0,0.0,0.0,0.0,0.0,0.0,0.0,0.0,0.0,637.0,436.0,201.0,151.0,1244.0,796.0,448.0,0.0,974.0,895.0,0.0,0.0,0.0,229.0,0.0,138.0,0.0,0.0,0.0,0.0,0.0,0.0,41.0,849.0,824.0,25.0,0.0,0.0,0.0,0.0,0.0,588.0,0.0,154.0,0.0,0.0,0.0,0.0,63.0,0.0,52.0,55.0,2521.0,1477.0,1044.0,517.0,0.0,151.0,0.0,97.0,0.0,0.0,0.0,0.0,0.0,227.0,0.0,74.0,0.0,0.0,0.0,98.0,0.0,0.0,0.0,41.0,415.0,380.0,0.0,294.0,0.0,0.0,0.0,0.0,0.0,0.0,0.0,0.0,0.0,0.0,0.0,0.0,0.0,0.0,0.0,0.0,0.0,0.0,0.0,0.0,0.0,35.0,193.0,0.0,0.0,0.0,0.0,0.0,0.0,0.0,0.0,0.0,0.0,0.0,0.0,0.0,0.0,0.0,0.0,0.0,517.0,572.0,0.0,307.0
OSTROWSKI (OSTRÓW MAZOWIECKA),9548.0,7105.0,2443.0,229.0,199.0,30.0,0.0,0.0,139.0,90.0,4783.0,3939.0,790.0,532.0,513.0,19.0,101.0,95.0,6.0,1542.0,1331.0,211.0,2614.0,2060.0,554.0,0.0,0.0,0.0,0.0,0.0,0.0,0.0,373.0,0.0,0.0,0.0,0.0,0.0,0.0,0.0,0.0,0.0,0.0,0.0,194.0,0.0,0.0,0.0,0.0,0.0,0.0,0.0,0.0,0.0,0.0,0.0,0.0,156.0,123.0,0.0,0.0,0.0,0.0,0.0,0.0,0.0,0.0,0.0,0.0,0.0,104.0,0.0,0.0,0.0,0.0,0.0,0.0,0.0,0.0,0.0,685.0,0.0,0.0,0.0,260.0,325.0,0.0,0.0,0.0,0.0,0.0,0.0,0.0,0.0,0.0,0.0,0.0,0.0,0.0,0.0,0.0,0.0,0.0,0.0,0.0,0.0,0.0,0.0,0.0,0.0,0.0,0.0,0.0,0.0,0.0,1328.0,0.0,660.0,0.0,0.0,566.0,0.0,663.0,0.0,154.0,184.0,0.0,0.0,0.0,0.0,0.0,0.0,0.0,0.0,254.0,0.0,0.0,0.0,0.0,0.0,0.0,374.0,0.0,0.0,0.0,228.0,0.0,0.0,0.0,0.0,0.0,0.0,0.0,0.0,0.0,0.0,0.0,0.0,0.0,923.0,647.0,276.0,183.0,1399.0,897.0,502.0,0.0,1065.0,929.0,0.0,95.0,0.0,283.0,0.0,187.0,0.0,0.0,0.0,0.0,0.0,0.0,51.0,495.0,478.0,17.0,0.0,0.0,0.0,0.0,0.0,203.0,0.0,187.0,0.0,0.0,0.0,0.0,94.0,0.0,0.0,105.0,2630.0,1532.0,1104.0,431.0,0.0,181.0,0.0,117.0,0.0,0.0,0.0,0.0,0.0,80.0,0.0,0.0,0.0,0.0,0.0,112.0,0.0,0.0,0.0,58.0,412.0,316.0,0.0,263.0,0.0,0.0,0.0,0.0,0.0,0.0,0.0,0.0,0.0,0.0,0.0,0.0,0.0,0.0,0.0,0.0,0.0,0.0,0.0,0.0,0.0,96.0,226.0,0.0,0.0,0.0,0.0,0.0,0.0,0.0,0.0,0.0,0.0,0.0,0.0,0.0,0.0,0.0,0.0,0.0,458.0,566.0,0.0,543.0
SOKÓLSKI,6013.0,4118.0,1895.0,201.0,181.0,20.0,0.0,0.0,154.0,47.0,2574.0,2052.0,522.0,103.0,102.0,1.0,74.0,72.0,2.0,1005.0,824.0,181.0,1392.0,1054.0,338.0,0.0,0.0,0.0,0.0,0.0,0.0,0.0,235.0,0.0,0.0,0.0,0.0,0.0,0.0,0.0,0.0,0.0,0.0,0.0,174.0,0.0,0.0,0.0,0.0,0.0,0.0,0.0,0.0,0.0,0.0,0.0,0.0,0.0,0.0,0.0,0.0,0.0,0.0,0.0,0.0,0.0,0.0,0.0,0.0,0.0,0.0,0.0,0.0,0.0,0.0,0.0,0.0,0.0,0.0,0.0,213.0,0.0,0.0,0.0,0.0,139.0,0.0,0.0,0.0,0.0,0.0,0.0,0.0,0.0,0.0,0.0,0.0,0.0,0.0,0.0,0.0,0.0,0.0,0.0,0.0,0.0,0.0,0.0,0.0,0.0,248.0,0.0,206.0,0.0,0.0,901.0,0.0,506.0,0.0,0.0,319.0,0.0,357.0,0.0,97.0,104.0,0.0,0.0,0.0,0.0,0.0,0.0,0.0,0.0,134.0,0.0,0.0,0.0,0.0,0.0,0.0,158.0,0.0,0.0,0.0,106.0,0.0,0.0,0.0,0.0,0.0,0.0,0.0,0.0,0.0,0.0,0.0,0.0,0.0,317.0,178.0,139.0,145.0,988.0,639.0,349.0,0.0,732.0,637.0,0.0,68.0,0.0,225.0,0.0,118.0,0.0,0.0,100.0,0.0,0.0,0.0,31.0,362.0,356.0,6.0,0.0,0.0,0.0,0.0,0.0,145.0,0.0,144.0,0.0,0.0,0.0,0.0,99.0,0.0,0.0,73.0,1888.0,890.0,998.0,398.0,0.0,138.0,0.0,88.0,0.0,0.0,0.0,0.0,0.0,75.0,0.0,66.0,0.0,0.0,0.0,150.0,0.0,0.0,0.0,35.0,332.0,301.0,0.0,273.0,0.0,0.0,0.0,0.0,0.0,0.0,0.0,0.0,0.0,0.0,0.0,0.0,0.0,0.0,0.0,0.0,0.0,0.0,0.0,0.0,0.0,31.0,220.0,0.0,0.0,0.0,0.0,0.0,0.0,0.0,0.0,0.0,0.0,0.0,0.0,0.0,0.0,0.0,0.0,0.0,378.0,458.0,0.0,102.0
SUWALSKI,13264.0,9032.0,4232.0,332.0,300.0,32.0,0.0,0.0,211.0,121.0,5057.0,3718.0,1339.0,328.0,301.0,27.0,115.0,94.0,21.0,1132.0,911.0,221.0,3482.0,2412.0,1070.0,0.0,0.0,0.0,0.0,0.0,0.0,0.0,394.0,0.0,0.0,0.0,0.0,0.0,0.0,0.0,0.0,0.0,0.0,0.0,229.0,0.0,0.0,0.0,0.0,0.0,0.0,0.0,0.0,0.0,0.0,0.0,0.0,0.0,0.0,0.0,0.0,0.0,0.0,0.0,0.0,0.0,0.0,0.0,0.0,0.0,0.0,0.0,0.0,0.0,0.0,0.0,0.0,0.0,0.0,0.0,633.0,0.0,0.0,0.0,174.0,295.0,0.0,0.0,0.0,0.0,0.0,0.0,0.0,0.0,0.0,0.0,0.0,0.0,0.0,0.0,0.0,0.0,0.0,0.0,0.0,0.0,0.0,0.0,0.0,0.0,0.0,0.0,0.0,0.0,0.0,1468.0,0.0,802.0,0.0,0.0,486.0,0.0,580.0,0.0,103.0,180.0,0.0,0.0,0.0,0.0,0.0,0.0,0.0,0.0,201.0,0.0,0.0,0.0,0.0,0.0,0.0,346.0,0.0,0.0,0.0,220.0,0.0,0.0,0.0,0.0,0.0,0.0,0.0,0.0,0.0,0.0,0.0,0.0,0.0,1293.0,689.0,604.0,343.0,1890.0,1123.0,767.0,0.0,1104.0,1031.0,0.0,0.0,0.0,710.0,0.0,516.0,0.0,0.0,167.0,0.0,0.0,0.0,76.0,388.0,370.0,18.0,0.0,0.0,0.0,0.0,0.0,115.0,0.0,181.0,0.0,0.0,0.0,0.0,0.0,0.0,0.0,92.0,5597.0,3521.0,2076.0,1950.0,0.0,223.0,0.0,144.0,0.0,0.0,0.0,0.0,0.0,1482.0,0.0,121.0,0.0,0.0,0.0,134.0,0.0,0.0,0.0,111.0,523.0,438.0,0.0,295.0,0.0,0.0,0.0,0.0,0.0,0.0,0.0,0.0,0.0,0.0,0.0,0.0,0.0,0.0,0.0,0.0,0.0,0.0,0.0,0.0,0.0,85.0,316.0,0.0,0.0,0.0,0.0,0.0,0.0,0.0,0.0,147.0,0.0,0.0,0.0,0.0,0.0,0.0,0.0,169.0,982.0,1124.0,56.0,702.0
SZCZUCZYŃSKI (WOJ. BIAŁOSTOCKIE),6646.0,4775.0,1871.0,141.0,124.0,17.0,0.0,0.0,72.0,69.0,3359.0,2691.0,668.0,165.0,113.0,52.0,83.0,82.0,1.0,393.0,328.0,65.0,2718.0,2168.0,550.0,0.0,0.0,0.0,0.0,0.0,0.0,0.0,255.0,0.0,0.0,0.0,0.0,0.0,0.0,0.0,0.0,0.0,0.0,0.0,143.0,0.0,0.0,0.0,0.0,0.0,0.0,0.0,0.0,0.0,0.0,0.0,0.0,0.0,0.0,0.0,0.0,0.0,0.0,0.0,0.0,0.0,0.0,0.0,0.0,0.0,0.0,0.0,0.0,0.0,0.0,0.0,0.0,0.0,0.0,0.0,281.0,0.0,0.0,0.0,0.0,183.0,0.0,0.0,0.0,0.0,0.0,0.0,0.0,0.0,134.0,110.0,0.0,0.0,0.0,0.0,0.0,0.0,0.0,0.0,0.0,0.0,0.0,0.0,0.0,0.0,0.0,0.0,0.0,0.0,0.0,826.0,0.0,434.0,0.0,0.0,347.0,0.0,463.0,0.0,91.0,128.0,0.0,0.0,0.0,0.0,0.0,0.0,0.0,0.0,201.0,0.0,0.0,0.0,0.0,0.0,0.0,266.0,0.0,0.0,0.0,130.0,0.0,0.0,0.0,0.0,0.0,0.0,0.0,0.0,0.0,0.0,0.0,0.0,0.0,997.0,693.0,304.0,137.0,977.0,633.0,344.0,0.0,716.0,679.0,0.0,0.0,0.0,232.0,0.0,163.0,0.0,0.0,0.0,0.0,0.0,0.0,29.0,322.0,310.0,12.0,0.0,0.0,0.0,0.0,0.0,121.0,0.0,128.0,0.0,0.0,0.0,0.0,45.0,0.0,0.0,73.0,1847.0,1017.0,830.0,500.0,0.0,182.0,78.0,96.0,0.0,0.0,0.0,0.0,0.0,207.0,0.0,59.0,0.0,0.0,0.0,0.0,0.0,0.0,0.0,111.0,260.0,229.0,0.0,193.0,0.0,0.0,0.0,0.0,0.0,0.0,0.0,0.0,0.0,0.0,0.0,0.0,0.0,0.0,0.0,0.0,0.0,0.0,0.0,0.0,0.0,31.0,161.0,0.0,0.0,0.0,0.0,0.0,0.0,0.0,0.0,0.0,0.0,0.0,0.0,0.0,0.0,0.0,0.0,0.0,428.0,322.0,0.0,176.0
WOŁKOWYSKI,12361.0,8868.0,3493.0,394.0,368.0,26.0,0.0,0.0,261.0,133.0,5124.0,4129.0,995.0,386.0,343.0,43.0,398.0,371.0,27.0,2410.0,1899.0,511.0,1930.0,1516.0,414.0,0.0,0.0,0.0,0.0,0.0,0.0,0.0,428.0,0.0,0.0,0.0,0.0,0.0,0.0,0.0,0.0,0.0,0.0,0.0,269.0,0.0,0.0,0.0,0.0,0.0,0.0,0.0,0.0,0.0,0.0,0.0,0.0,0.0,0.0,0.0,0.0,0.0,0.0,0.0,0.0,0.0,0.0,0.0,0.0,0.0,237.0,0.0,0.0,0.0,110.0,0.0,0.0,0.0,0.0,0.0,768.0,0.0,0.0,0.0,0.0,386.0,0.0,0.0,0.0,0.0,0.0,0.0,0.0,0.0,0.0,0.0,0.0,0.0,0.0,0.0,0.0,0.0,0.0,0.0,0.0,0.0,0.0,0.0,0.0,0.0,260.0,0.0,221.0,0.0,0.0,1487.0,0.0,917.0,0.0,0.0,479.0,0.0,726.0,0.0,218.0,161.0,0.0,0.0,0.0,0.0,0.0,0.0,0.0,0.0,253.0,0.0,0.0,0.0,0.0,0.0,0.0,392.0,0.0,0.0,0.0,242.0,0.0,0.0,0.0,0.0,0.0,0.0,0.0,0.0,0.0,0.0,0.0,0.0,0.0,581.0,390.0,191.0,245.0,1807.0,1136.0,671.0,0.0,1377.0,1261.0,0.0,0.0,0.0,362.0,0.0,188.0,0.0,0.0,147.0,0.0,0.0,0.0,68.0,1558.0,1505.0,53.0,0.0,0.0,0.0,0.0,0.0,1186.0,0.0,244.0,0.0,0.0,0.0,0.0,131.0,0.0,0.0,128.0,3478.0,1730.0,1748.0,685.0,0.0,272.0,0.0,186.0,0.0,0.0,0.0,0.0,0.0,167.0,0.0,138.0,0.0,0.0,0.0,155.0,0.0,0.0,0.0,91.0,553.0,470.0,0.0,370.0,0.0,0.0,0.0,0.0,0.0,0.0,0.0,0.0,0.0,0.0,0.0,0.0,0.0,0.0,0.0,0.0,0.0,0.0,0.0,0.0,0.0,83.0,302.0,0.0,0.0,0.0,0.0,0.0,0.0,0.0,0.0,0.0,0.0,0.0,0.0,0.0,0.0,0.0,0.0,0.0,1062.0,669.0,0.0,207.0
WYSOKOMAZOWIECKI,8604.0,6348.0,2256.0,101.0,85.0,16.0,0.0,0.0,0.0,0.0,3658.0,2955.0,703.0,39.0,36.0,3.0,114.0,107.0,7.0,1584.0,1265.0,319.0,1921.0,1547.0,374.0,0.0,0.0,0.0,0.0,0.0,0.0,0.0,341.0,0.0,0.0,0.0,0.0,0.0,0.0,0.0,0.0,0.0,0.0,0.0,208.0,0.0,0.0,0.0,0.0,0.0,0.0,0.0,0.0,0.0,0.0,0.0,0.0,0.0,0.0,0.0,0.0,0.0,0.0,0.0,0.0,0.0,0.0,0.0,0.0,0.0,89.0,0.0,0.0,0.0,0.0,0.0,0.0,0.0,0.0,0.0,386.0,0.0,0.0,0.0,0.0,289.0,0.0,0.0,0.0,0.0,0.0,0.0,0.0,0.0,0.0,0.0,0.0,0.0,0.0,0.0,0.0,0.0,0.0,0.0,0.0,0.0,0.0,0.0,0.0,0.0,0.0,0.0,0.0,0.0,0.0,1243.0,0.0,646.0,0.0,0.0,507.0,0.0,646.0,0.0,187.0,166.0,0.0,0.0,0.0,0.0,0.0,0.0,0.0,0.0,225.0,0.0,0.0,0.0,0.0,0.0,0.0,296.0,0.0,0.0,0.0,227.0,0.0,0.0,0.0,0.0,0.0,0.0,0.0,0.0,0.0,0.0,0.0,0.0,0.0,454.0,340.0,114.0,203.0,1359.0,851.0,508.0,0.0,1078.0,979.0,0.0,0.0,0.0,234.0,0.0,124.0,0.0,0.0,0.0,0.0,0.0,0.0,47.0,1519.0,1477.0,42.0,0.0,0.0,0.0,0.0,0.0,1233.0,0.0,196.0,0.0,0.0,0.0,0.0,139.0,0.0,0.0,90.0,1967.0,980.0,987.0,429.0,0.0,163.0,0.0,104.0,0.0,0.0,0.0,0.0,0.0,72.0,0.0,68.0,0.0,0.0,0.0,142.0,0.0,81.0,0.0,52.0,336.0,283.0,0.0,248.0,0.0,0.0,0.0,0.0,0.0,0.0,0.0,0.0,0.0,0.0,0.0,0.0,0.0,0.0,0.0,0.0,0.0,0.0,0.0,0.0,0.0,53.0,186.0,0.0,0.0,0.0,0.0,0.0,0.0,0.0,0.0,0.0,0.0,0.0,0.0,0.0,0.0,0.0,0.0,0.0,468.0,527.0,0.0,21.0
BIAŁYSTOK (MIASTO),38368.0,25541.0,12827.0,129.0,110.0,19.0,0.0,0.0,0.0,0.0,18543.0,13473.0,5070.0,5223.0,3289.0,1934.0,1125.0,878.0,247.0,4913.0,3825.0,1088.0,7282.0,5481.0,1801.0,0.0,0.0,0.0,0.0,0.0,0.0,0.0,1019.0,0.0,0.0,0.0,0.0,0.0,0.0,0.0,0.0,0.0,0.0,0.0,0.0,393.0,0.0,0.0,0.0,0.0,0.0,0.0,0.0,0.0,0.0,0.0,0.0,154.0,0.0,0.0,0.0,0.0,0.0,0.0,0.0,0.0,0.0,0.0,0.0,0.0,468.0,0.0,0.0,0.0,0.0,0.0,0.0,0.0,231.0,0.0,1338.0,362.0,0.0,0.0,0.0,627.0,0.0,0.0,0.0,0.0,0.0,0.0,0.0,0.0,5323.0,294.0,0.0,222.0,0.0,431.0,814.0,0.0,1379.0,0.0,0.0,1800.0,231.0,0.0,0.0,0.0,668.0,0.0,560.0,0.0,0.0,4108.0,0.0,2112.0,0.0,0.0,1408.0,0.0,1586.0,0.0,0.0,586.0,0.0,0.0,0.0,0.0,149.0,0.0,0.0,0.0,521.0,0.0,255.0,0.0,0.0,0.0,0.0,1138.0,0.0,0.0,0.0,564.0,0.0,0.0,200.0,0.0,0.0,146.0,0.0,0.0,0.0,0.0,208.0,0.0,0.0,2062.0,1467.0,595.0,70.0,6381.0,3892.0,2489.0,0.0,3843.0,3168.0,442.0,171.0,0.0,2078.0,0.0,1578.0,0.0,0.0,404.0,0.0,0.0,205.0,255.0,2620.0,2510.0,110.0,252.0,0.0,0.0,0.0,0.0,1229.0,0.0,1048.0,0.0,0.0,189.0,249.0,269.0,201.0,0.0,91.0,10695.0,5556.0,5139.0,2168.0,0.0,1073.0,624.0,312.0,0.0,286.0,171.0,0.0,0.0,494.0,0.0,357.0,0.0,0.0,0.0,153.0,0.0,0.0,0.0,162.0,1153.0,731.0,0.0,241.0,0.0,0.0,0.0,0.0,237.0,0.0,0.0,0.0,0.0,0.0,0.0,0.0,0.0,0.0,0.0,0.0,0.0,0.0,0.0,0.0,0.0,185.0,1372.0,533.0,0.0,0.0,0.0,0.0,0.0,0.0,0.0,697.0,0.0,0.0,320.0,335.0,0.0,0.0,142.0,0.0,2616.0,2550.0,38.0,836.0
BĘDZIŃSKI,77635.0,61347.0,16288.0,160.0,127.0,33.0,0.0,0.0,0.0,0.0,53894.0,48497.0,5397.0,37471.0,35422.0,2049.0,1093.0,947.0,146.0,5448.0,4472.0,976.0,9882.0,7656.0,2226.0,27138.0,0.0,26807.0,0.0,305.0,0.0,0.0,7284.0,0.0,0.0,0.0,3594.0,678.0,0.0,259.0,0.0,0.0,0.0,489.0,0.0,372.0,148.0,737.0,0.0,0.0,0.0,0.0,0.0,0.0,0.0,0.0,0.0,1075.0,0.0,0.0,0.0,0.0,0.0,0.0,0.0,424.0,441.0,0.0,0.0,0.0,2259.0,0.0,0.0,240.0,611.0,0.0,676.0,0.0,601.0,0.0,1015.0,0.0,0.0,0.0,0.0,800.0,0.0,0.0,0.0,0.0,0.0,108.0,0.0,0.0,360.0,0.0,0.0,0.0,0.0,0.0,0.0,0.0,0.0,0.0,0.0,0.0,0.0,0.0,0.0,0.0,168.0,0.0,0.0,0.0,0.0,4597.0,0.0,2429.0,291.0,0.0,1581.0,0.0,2347.0,0.0,0.0,758.0,0.0,0.0,0.0,164.0,0.0,0.0,0.0,0.0,977.0,0.0,229.0,0.0,0.0,0.0,0.0,3009.0,0.0,336.0,592.0,1508.0,0.0,0.0,289.0,0.0,0.0,208.0,0.0,0.0,0.0,0.0,580.0,193.0,387.0,3517.0,2420.0,1097.0,0.0,8122.0,4809.0,3313.0,0.0,5604.0,4762.0,0.0,554.0,0.0,2038.0,0.0,1441.0,0.0,0.0,459.0,0.0,0.0,236.0,244.0,3335.0,3211.0,124.0,206.0,0.0,0.0,0.0,0.0,1901.0,0.0,1022.0,0.0,0.0,0.0,0.0,570.0,167.0,0.0,206.0,12124.0,4703.0,7421.0,1748.0,0.0,971.0,166.0,644.0,161.0,0.0,0.0,0.0,0.0,378.0,0.0,312.0,0.0,0.0,0.0,169.0,0.0,0.0,0.0,230.0,1426.0,1017.0,0.0,724.0,0.0,0.0,0.0,0.0,240.0,0.0,0.0,0.0,0.0,0.0,0.0,0.0,0.0,0.0,0.0,0.0,0.0,0.0,0.0,0.0,0.0,169.0,1495.0,620.0,0.0,379.0,0.0,0.0,0.0,0.0,0.0,808.0,0.0,0.0,368.0,399.0,0.0,0.0,67.0,0.0,4223.0,2807.0,0.0,425.0
CZĘSTOCHOWSKI,20761.0,15899.0,4862.0,597.0,542.0,55.0,0.0,0.0,502.0,95.0,14689.0,12002.0,2687.0,7622.0,6113.0,1509.0,291.0,265.0,26.0,1805.0,1458.0,347.0,4971.0,4166.0,805.0,2545.0,0.0,0.0,2448.0,0.0,0.0,0.0,1463.0,0.0,0.0,0.0,636.0,0.0,0.0,0.0,0.0,0.0,0.0,0.0,292.0,0.0,0.0,0.0,0.0,0.0,0.0,0.0,0.0,0.0,0.0,0.0,0.0,323.0,0.0,0.0,0.0,0.0,0.0,0.0,0.0,260.0,0.0,0.0,0.0,0.0,1610.0,0.0,0.0,228.0,164.0,0.0,598.0,0.0,401.0,0.0,857.0,0.0,0.0,0.0,211.0,472.0,0.0,0.0,0.0,0.0,0.0,0.0,0.0,0.0,2392.0,0.0,0.0,0.0,0.0,216.0,403.0,273.0,0.0,1435.0,0.0,0.0,0.0,0.0,0.0,0.0,0.0,0.0,0.0,0.0,0.0,1392.0,0.0,596.0,0.0,0.0,652.0,0.0,970.0,0.0,209.0,239.0,0.0,0.0,0.0,0.0,0.0,0.0,0.0,0.0,409.0,0.0,0.0,0.0,0.0,0.0,0.0,2016.0,0.0,501.0,405.0,1000.0,0.0,0.0,0.0,0.0,0.0,0.0,0.0,0.0,0.0,0.0,0.0,0.0,0.0,791.0,588.0,203.0,330.0,1744.0,1119.0,625.0,0.0,1541.0,1358.0,0.0,127.0,0.0,177.0,0.0,0.0,0.0,0.0,0.0,0.0,0.0,0.0,26.0,890.0,869.0,21.0,0.0,0.0,0.0,0.0,0.0,586.0,0.0,196.0,0.0,0.0,0.0,0.0,0.0,0.0,0.0,108.0,2841.0,1367.0,1474.0,622.0,0.0,211.0,0.0,184.0,0.0,0.0,0.0,0.0,0.0,225.0,0.0,99.0,0.0,0.0,0.0,0.0,0.0,0.0,0.0,186.0,584.0,454.0,0.0,434.0,0.0,0.0,0.0,0.0,0.0,0.0,0.0,0.0,0.0,0.0,0.0,0.0,0.0,0.0,0.0,0.0,0.0,0.0,0.0,0.0,0.0,130.0,240.0,0.0,0.0,0.0,0.0,0.0,0.0,0.0,0.0,0.0,0.0,0.0,0.0,0.0,0.0,0.0,0.0,0.0,837.0,469.0,0.0,89.0
IŁŻECKI,16557.0,12682.0,3875.0,429.0,380.0,49.0,0.0,0.0,358.0,71.0,10293.0,8952.0,1341.0,4829.0,4492.0,337.0,262.0,241.0,21.0,2920.0,2367.0,553.0,2282.0,1852.0,430.0,341.0,0.0,0.0,335.0,0.0,0.0,0.0,2944.0,0.0,0.0,0.0,2064.0,0.0,126.0,0.0,0.0,0.0,0.0,0.0,252.0,0.0,0.0,0.0,0.0,0.0,0.0,0.0,0.0,0.0,0.0,0.0,0.0,0.0,0.0,0.0,0.0,0.0,0.0,0.0,0.0,0.0,0.0,0.0,0.0,0.0,267.0,0.0,0.0,0.0,0.0,0.0,0.0,0.0,0.0,0.0,1212.0,0.0,0.0,510.0,0.0,407.0,0.0,0.0,0.0,0.0,0.0,0.0,0.0,0.0,0.0,0.0,0.0,0.0,0.0,0.0,0.0,0.0,0.0,0.0,0.0,0.0,0.0,0.0,0.0,0.0,0.0,0.0,0.0,0.0,0.0,1808.0,0.0,737.0,0.0,0.0,948.0,0.0,972.0,0.0,405.0,243.0,0.0,0.0,0.0,0.0,0.0,0.0,0.0,0.0,284.0,0.0,0.0,0.0,0.0,0.0,0.0,541.0,0.0,0.0,0.0,439.0,0.0,0.0,0.0,0.0,0.0,0.0,0.0,0.0,0.0,0.0,1387.0,1387.0,0.0,609.0,437.0,172.0,212.0,2134.0,1254.0,880.0,0.0,1892.0,1614.0,0.0,230.0,0.0,198.0,0.0,0.0,0.0,0.0,0.0,0.0,0.0,0.0,44.0,834.0,797.0,37.0,0.0,0.0,0.0,0.0,0.0,501.0,0.0,229.0,0.0,0.0,0.0,0.0,155.0,0.0,0.0,104.0,2867.0,1299.0,1568.0,566.0,0.0,221.0,0.0,0.0,0.0,0.0,0.0,0.0,0.0,133.0,0.0,0.0,0.0,0.0,0.0,137.0,0.0,0.0,0.0,75.0,508.0,423.0,0.0,388.0,0.0,0.0,0.0,0.0,0.0,0.0,0.0,0.0,0.0,0.0,0.0,0.0,0.0,0.0,0.0,0.0,0.0,0.0,0.0,0.0,0.0,85.0,255.0,0.0,0.0,0.0,0.0,0.0,0.0,0.0,0.0,0.0,0.0,0.0,0.0,0.0,0.0,0.0,0.0,0.0,937.0,526.0,0.0,75.0
JĘDRZEJOWSKI,9901.59793634711,7128.156516835412,2773.441419511698,212.1427407398104,188.93563568689189,23.20710505291847,0.0,0.0,110.09924989625958,102.04349084355076,4444.231580593129,3733.4890378455616,710.7425427475675,388.18559190192025,367.4607242167056,20.72486768521465,147.64887484438938,131.50549442313812,16.14338042125125,1365.0898298145328,1151.5567757057606,213.5330541087721,2543.3072840322866,2082.966043499957,460.3412405323296,0.0,0.0,0.0,0.0,0.0,0.0,0.0,425.59549937755753,0.0,0.0,0.0,0.0,0.0,0.0,0.0,0.0,0.0,0.0,0.0,220.80388379335776,1.2665270543860443,0.0,0.0,0.0,0.0,0.0,0.0,0.0,0.0,0.0,0.0,0.0,1.9117389500166708,0.0,0.0,0.0,0.0,0.0,0.0,1.8161520025158373,0.0,0.0,0.0,0.0,0.0,206.0,0.0,0.0,117.0,0.0,0.0,0.0,0.0,0.0,0.0,487.615733165674,0.0,0.0,0.0,96.0,254.3296120046124,0.0,0.0,0.0,0.0,0.0,0.0,0.0,0.0,0.0,0.0,0.0,0.0,0.0,0.0,0.0,0.0,0.0,0.0,0.0,0.0,0.0,0.0,0.0,0.0,0.0,0.0,0.0,0.0,0.0,1684.5371815990852,0.0,569.8865628502597,0.0,0.0,1017.9576133794444,0.0,657.0495373781865,0.0,225.4374671612713,138.08331873834277,0.0,0.0,0.0,0.0,0.0,0.0,0.0,0.0,225.12680958189355,0.0,0.0,0.0,0.0,0.0,0.0,306.042211480669,0.0,0.0,0.0,235.20582569003668,0.0,0.0,0.0,0.0,0.0,0.0,0.0,0.0,0.0,0.0,0.0,0.0,0.0,490.6041046379568,336.9552297935674,153.64887484438938,184.87557400398344,2117.790800762872,1398.7210295965692,719.069771166303,0.0,1794.7081217059704,1611.218558440749,0.0,148.08331873834277,0.0,246.40560484543764,0.0,156.33821726501168,0.0,0.0,0.0,0.0,0.0,0.0,76.67707421146424,778.5005521114975,756.2376880058703,22.26286410562729,0.0,0.0,0.0,0.0,0.0,555.3179834768952,0.0,144.29838937021967,0.0,0.0,0.0,0.0,69.0,0.0,0.0,78.88417926438271,2348.932262139801,1050.7731257005194,1298.1591364392814,442.8908654804593,0.0,173.07105052918473,0.0,116.4099074756373,0.0,0.0,0.0,0.0,0.0,97.89214484334111,0.0,66.0,0.0,0.0,0.0,110.26652705438605,0.0,0.6850397904226404,0.0,61.66114305354744,401.3412405323296,341.66416632086526,0.0,289.3455431625292,0.0,0.0,0.0,0.0,0.0,0.0,0.0,0.0,0.0,0.0,0.0,0.0,0.0,0.0,0.0,0.0,0.0,0.0,0.0,0.0,0.0,59.67707421146424,224.2303621083528,0.0,0.0,0.0,0.0,0.0,0.0,0.0,0.0,127.0,0.0,0.0,0.0,0.0,0.0,0.0,0.0,95.0,834.4275825379901,404.5244488483728,0.0,41.51776263229618
KIELECKI,38599.0,28107.0,10492.0,826.0,789.0,37.0,0.0,0.0,702.0,124.0,19198.0,16124.0,3074.0,5660.0,4868.0,792.0,862.0,756.0,106.0,5596.0,4873.0,723.0,7080.0,5627.0,1453.0,0.0,0.0,0.0,0.0,0.0,0.0,0.0,3207.0,0.0,0.0,0.0,889.0,0.0,280.0,0.0,0.0,0.0,0.0,0.0,384.0,238.0,0.0,0.0,291.0,0.0,0.0,0.0,0.0,0.0,0.0,0.0,0.0,0.0,0.0,0.0,0.0,0.0,0.0,0.0,0.0,0.0,0.0,0.0,0.0,0.0,1811.0,0.0,782.0,650.0,0.0,0.0,0.0,0.0,0.0,0.0,3010.0,251.0,140.0,0.0,1619.0,799.0,0.0,0.0,0.0,0.0,0.0,0.0,0.0,0.0,0.0,0.0,0.0,0.0,0.0,0.0,0.0,0.0,0.0,0.0,0.0,0.0,0.0,0.0,0.0,0.0,258.0,0.0,149.0,0.0,0.0,5202.0,0.0,1886.0,0.0,0.0,2999.0,0.0,1528.0,0.0,246.0,488.0,0.0,0.0,0.0,0.0,0.0,0.0,0.0,0.0,656.0,0.0,238.0,0.0,0.0,0.0,0.0,1449.0,0.0,0.0,144.0,992.0,0.0,0.0,127.0,0.0,0.0,0.0,0.0,0.0,0.0,0.0,240.0,0.0,0.0,1825.0,1175.0,650.0,430.0,5607.0,3557.0,2050.0,0.0,3777.0,3307.0,0.0,327.0,0.0,1331.0,0.0,764.0,0.0,0.0,412.0,301.0,0.0,163.0,35.0,2647.0,2537.0,110.0,173.0,0.0,0.0,0.0,0.0,1679.0,0.0,704.0,0.0,0.0,0.0,0.0,297.0,110.0,0.0,91.0,10321.0,5100.0,5221.0,2291.0,0.0,1086.0,642.0,309.0,0.0,287.0,188.0,0.0,0.0,417.0,0.0,237.0,0.0,134.0,0.0,423.0,0.0,154.0,0.0,78.0,1070.0,800.0,0.0,468.0,0.0,0.0,0.0,0.0,0.0,0.0,0.0,0.0,0.0,0.0,0.0,0.0,0.0,0.0,0.0,0.0,0.0,0.0,0.0,0.0,0.0,270.0,812.0,324.0,0.0,0.0,0.0,0.0,0.0,0.0,0.0,417.0,0.0,0.0,0.0,0.0,0.0,0.0,71.0,0.0,2966.0,2538.0,0.0,644.0
KONECKI,28656.0,22364.0,6292.0,735.0,688.0,47.0,0.0,0.0,613.0,122.0,16825.0,14570.0,2255.0,6107.0,5337.0,770.0,740.0,664.0,76.0,3574.0,3113.0,461.0,6404.0,5456.0,948.0,257.0,0.0,0.0,237.0,0.0,0.0,0.0,5835.0,2495.0,0.0,495.0,0.0,0.0,1749.0,0.0,0.0,0.0,0.0,0.0,458.0,300.0,0.0,0.0,0.0,0.0,0.0,0.0,0.0,0.0,0.0,0.0,0.0,0.0,0.0,0.0,0.0,0.0,0.0,0.0,0.0,0.0,0.0,0.0,0.0,0.0,466.0,0.0,210.0,0.0,0.0,0.0,0.0,0.0,0.0,0.0,2656.0,228.0,495.0,0.0,934.0,709.0,0.0,0.0,215.0,0.0,0.0,0.0,0.0,0.0,0.0,0.0,0.0,0.0,0.0,0.0,0.0,0.0,0.0,0.0,0.0,0.0,0.0,0.0,0.0,0.0,304.0,0.0,240.0,0.0,0.0,3450.0,0.0,1328.0,0.0,0.0,1803.0,0.0,1291.0,0.0,289.0,441.0,0.0,0.0,0.0,0.0,0.0,0.0,0.0,0.0,495.0,0.0,0.0,0.0,0.0,0.0,0.0,956.0,0.0,0.0,0.0,709.0,0.0,0.0,0.0,0.0,0.0,0.0,0.0,0.0,0.0,0.0,242.0,0.0,0.0,929.0,630.0,299.0,439.0,3584.0,2230.0,1354.0,0.0,3008.0,2621.0,0.0,234.0,0.0,432.0,0.0,202.0,0.0,0.0,192.0,0.0,0.0,0.0,144.0,2818.0,2746.0,72.0,0.0,0.0,0.0,0.0,0.0,2069.0,0.0,542.0,0.0,0.0,0.0,0.0,291.0,0.0,0.0,207.0,4694.0,2130.0,2564.0,749.0,0.0,364.0,0.0,224.0,0.0,0.0,0.0,0.0,0.0,143.0,0.0,120.0,0.0,0.0,0.0,144.0,0.0,0.0,0.0,98.0,708.0,544.0,0.0,436.0,0.0,0.0,0.0,0.0,0.0,0.0,0.0,0.0,0.0,0.0,0.0,0.0,0.0,0.0,0.0,0.0,0.0,0.0,0.0,0.0,0.0,164.0,481.0,208.0,0.0,0.0,0.0,0.0,0.0,0.0,0.0,264.0,0.0,0.0,0.0,0.0,0.0,0.0,9.0,0.0,1580.0,980.0,0.0,196.0
KOZIENICKI,15425.0,11592.0,3833.0,597.0,567.0,30.0,0.0,0.0,497.0,100.0,8752.0,7414.0,1338.0,2469.0,2109.0,360.0,127.0,119.0,8.0,4043.0,3468.0,575.0,2113.0,1718.0,395.0,0.0,0.0,0.0,0.0,0.0,0.0,0.0,607.0,0.0,0.0,0.0,0.0,0.0,0.0,158.0,0.0,0.0,0.0,0.0,250.0,0.0,0.0,0.0,0.0,0.0,0.0,0.0,0.0,0.0,0.0,0.0,0.0,1919.0,0.0,0.0,0.0,0.0,0.0,0.0,0.0,0.0,0.0,0.0,0.0,0.0,0.0,0.0,0.0,0.0,0.0,0.0,0.0,0.0,0.0,0.0,871.0,0.0,0.0,0.0,279.0,388.0,0.0,0.0,0.0,0.0,0.0,0.0,0.0,0.0,0.0,0.0,0.0,0.0,0.0,0.0,0.0,0.0,0.0,0.0,0.0,0.0,0.0,0.0,0.0,0.0,121.0,0.0,0.0,0.0,0.0,2706.0,0.0,850.0,0.0,0.0,1725.0,0.0,1162.0,0.0,362.0,287.0,0.0,0.0,0.0,0.0,0.0,0.0,0.0,0.0,441.0,0.0,0.0,0.0,0.0,0.0,0.0,605.0,0.0,0.0,0.0,407.0,0.0,0.0,0.0,0.0,0.0,0.0,0.0,0.0,0.0,0.0,0.0,0.0,0.0,509.0,342.0,167.0,252.0,2359.0,1402.0,957.0,0.0,2045.0,1759.0,0.0,211.0,0.0,262.0,0.0,0.0,0.0,0.0,0.0,0.0,0.0,0.0,52.0,731.0,705.0,26.0,0.0,0.0,0.0,0.0,0.0,367.0,0.0,237.0,0.0,0.0,0.0,0.0,118.0,0.0,0.0,127.0,2986.0,1504.0,1482.0,524.0,0.0,210.0,0.0,140.0,0.0,0.0,0.0,0.0,0.0,116.0,0.0,0.0,0.0,0.0,0.0,0.0,0.0,0.0,0.0,198.0,444.0,356.0,0.0,309.0,0.0,0.0,0.0,0.0,0.0,0.0,0.0,0.0,0.0,0.0,0.0,0.0,0.0,0.0,0.0,0.0,0.0,0.0,0.0,0.0,0.0,88.0,291.0,0.0,0.0,0.0,0.0,0.0,0.0,0.0,0.0,0.0,0.0,0.0,0.0,0.0,0.0,0.0,0.0,0.0,767.0,685.0,0.0,275.0
MIECHOWSKI,12279.402063652891,8861.843483164588,3417.5585804883026,266.85725926018966,241.0643643131081,25.79289494708153,0.0,0.0,136.90075010374042,129.95650915644924,6006.768419406872,5042.510962154439,964.2574572524323,645.8144080980798,555.5392757832944,90.27513231478537,205.35112515561065,187.49450557686188,17.85661957874875,2252.9101701854675,1937.4432242942396,315.4669458912279,2902.6927159677134,2362.033956500043,540.6587594676705,0.0,0.0,0.0,0.0,0.0,0.0,0.0,821.4045006224425,0.0,0.0,0.0,0.0,0.0,0.0,0.0,0.0,0.0,0.0,0.0,349.1961162066422,157.73347294561395,0.0,0.0,0.0,0.0,0.0,0.0,0.0,0.0,0.0,0.0,0.0,238.08826104998332,0.0,0.0,0.0,0.0,0.0,0.0,226.18384799748415,0.0,0.0,0.0,0.0,0.0,0.0,0.0,0.0,0.0,0.0,0.0,0.0,0.0,0.0,0.0,699.384266834326,0.0,0.0,0.0,0.0,414.6703879953876,0.0,0.0,0.0,0.0,0.0,0.0,0.0,0.0,0.0,0.0,0.0,0.0,0.0,0.0,0.0,0.0,0.0,0.0,0.0,0.0,0.0,0.0,0.0,0.0,0.0,0.0,0.0,0.0,0.0,1810.462818400915,0.0,733.1134371497403,0.0,0.0,991.0423866205556,0.0,877.9504626218136,0.0,303.5625328387288,134.91668126165723,0.0,0.0,0.0,0.0,0.0,0.0,0.0,0.0,264.87319041810645,0.0,0.0,0.0,0.0,0.0,0.0,627.9577885193311,0.0,0.0,0.0,523.7941743099633,0.0,0.0,0.0,0.0,0.0,0.0,0.0,0.0,0.0,0.0,0.0,0.0,0.0,573.3958953620432,368.0447702064326,205.35112515561065,358.1244259960166,2340.209199237128,1584.2789704034308,755.9302288336971,0.0,1956.2918782940296,1770.781441559251,0.0,134.91668126165723,0.0,299.59439515456233,0.0,166.66178273498832,0.0,0.0,0.0,0.0,0.0,0.0,84.32292578853577,560.4994478885025,527.7623119941297,32.737135894372706,0.0,0.0,0.0,0.0,0.0,288.6820165231048,0.0,161.70161062978036,0.0,0.0,0.0,0.0,0.0,0.0,0.0,110.11582073561728,3105.0677378601995,1466.2268742994806,1638.8408635607186,609.1091345195407,0.0,257.92894947081527,0.0,175.59009252436272,0.0,0.0,0.0,0.0,0.0,111.10785515665889,0.0,0.0,0.0,0.0,0.0,157.73347294561395,0.0,85.31496020957736,0.0,82.33885694645257,540.6587594676705,456.33583367913474,0.0,416.6544568374708,0.0,0.0,0.0,0.0,0.0,0.0,0.0,0.0,0.0,0.0,0.0,0.0,0.0,0.0,0.0,0.0,0.0,0.0,0.0,0.0,0.0,84.32292578853577,277.7696378916472,0.0,0.0,0.0,0.0,0.0,0.0,0.0,0.0,0.0,0.0,0.0,0.0,0.0,0.0,0.0,0.0,0.0,1049.5724174620098,563.4755511516272,0.0,64.48223736770382
OLKUSKI,20359.0,15281.0,5078.0,204.0,188.0,16.0,0.0,0.0,144.0,60.0,13414.0,11266.0,2148.0,6228.0,5150.0,1078.0,722.0,682.0,40.0,3320.0,2866.0,454.0,3144.0,2568.0,576.0,1576.0,0.0,927.0,0.0,633.0,0.0,0.0,3245.0,0.0,0.0,0.0,141.0,0.0,0.0,0.0,183.0,1705.0,0.0,482.0,242.0,0.0,0.0,0.0,0.0,0.0,0.0,0.0,0.0,0.0,0.0,0.0,0.0,487.0,0.0,0.0,0.0,0.0,0.0,0.0,440.0,0.0,0.0,0.0,0.0,0.0,981.0,0.0,0.0,0.0,725.0,0.0,0.0,0.0,0.0,0.0,715.0,0.0,0.0,0.0,0.0,470.0,0.0,0.0,0.0,0.0,0.0,927.0,916.0,0.0,0.0,0.0,0.0,0.0,0.0,0.0,0.0,0.0,0.0,0.0,0.0,0.0,0.0,0.0,0.0,0.0,0.0,0.0,0.0,0.0,0.0,2511.0,0.0,859.0,0.0,0.0,1471.0,0.0,902.0,0.0,180.0,268.0,0.0,0.0,0.0,0.0,0.0,0.0,0.0,0.0,356.0,0.0,0.0,0.0,0.0,0.0,0.0,886.0,0.0,0.0,0.0,644.0,0.0,0.0,0.0,0.0,0.0,0.0,0.0,0.0,0.0,0.0,0.0,0.0,0.0,778.0,490.0,288.0,406.0,2650.0,1733.0,917.0,0.0,2184.0,1843.0,0.0,266.0,0.0,368.0,0.0,0.0,0.0,0.0,189.0,0.0,0.0,0.0,98.0,697.0,667.0,30.0,0.0,0.0,0.0,0.0,0.0,314.0,0.0,246.0,0.0,0.0,0.0,0.0,0.0,0.0,0.0,137.0,3394.0,1427.0,1967.0,652.0,0.0,279.0,0.0,175.0,0.0,0.0,0.0,0.0,0.0,0.0,0.0,0.0,0.0,0.0,0.0,158.0,0.0,0.0,0.0,215.0,487.0,403.0,0.0,318.0,0.0,0.0,0.0,0.0,0.0,0.0,0.0,0.0,0.0,0.0,0.0,0.0,0.0,0.0,0.0,0.0,0.0,0.0,0.0,0.0,0.0,84.0,354.0,0.0,0.0,0.0,0.0,0.0,0.0,0.0,0.0,0.0,0.0,0.0,0.0,0.0,0.0,0.0,0.0,0.0,1051.0,776.0,0.0,74.0
OPATOWSKI,26043.0,19838.0,6205.0,438.0,420.0,18.0,0.0,0.0,308.0,130.0,15917.0,13785.0,2132.0,7046.0,6576.0,470.0,503.0,471.0,32.0,3992.0,3301.0,691.0,4376.0,3437.0,939.0,0.0,0.0,0.0,0.0,0.0,0.0,0.0,5794.0,0.0,0.0,0.0,4997.0,0.0,0.0,0.0,0.0,0.0,0.0,0.0,378.0,0.0,0.0,0.0,0.0,0.0,0.0,0.0,0.0,0.0,0.0,0.0,0.0,0.0,0.0,0.0,0.0,0.0,0.0,0.0,0.0,0.0,0.0,0.0,0.0,0.0,1290.0,0.0,0.0,0.0,0.0,0.0,0.0,1109.0,0.0,0.0,1180.0,0.0,142.0,0.0,294.0,587.0,0.0,0.0,0.0,0.0,0.0,0.0,0.0,0.0,0.0,0.0,0.0,0.0,0.0,0.0,0.0,0.0,0.0,0.0,0.0,0.0,0.0,0.0,0.0,0.0,262.0,0.0,0.0,0.0,0.0,2901.0,0.0,1458.0,0.0,0.0,1189.0,0.0,1743.0,0.0,470.0,350.0,0.0,288.0,0.0,0.0,0.0,0.0,0.0,0.0,402.0,0.0,0.0,0.0,0.0,0.0,0.0,945.0,0.0,0.0,0.0,713.0,0.0,0.0,0.0,0.0,0.0,0.0,0.0,0.0,0.0,0.0,141.0,0.0,0.0,1270.0,767.0,503.0,391.0,4185.0,2668.0,1517.0,0.0,3454.0,3061.0,0.0,275.0,0.0,535.0,0.0,254.0,0.0,0.0,225.0,0.0,0.0,0.0,196.0,1012.0,968.0,44.0,0.0,0.0,0.0,0.0,0.0,331.0,0.0,526.0,0.0,0.0,0.0,0.0,256.0,135.0,0.0,155.0,4491.0,1997.0,2494.0,929.0,0.0,409.0,0.0,242.0,0.0,0.0,0.0,0.0,0.0,156.0,0.0,0.0,0.0,0.0,0.0,224.0,0.0,121.0,0.0,140.0,735.0,576.0,0.0,430.0,0.0,0.0,0.0,0.0,0.0,0.0,0.0,0.0,0.0,0.0,0.0,0.0,0.0,0.0,0.0,0.0,0.0,0.0,0.0,0.0,0.0,159.0,427.0,211.0,0.0,0.0,0.0,0.0,0.0,0.0,0.0,205.0,0.0,0.0,0.0,0.0,0.0,0.0,11.0,0.0,1586.0,722.0,0.0,92.0
OPOCZYŃSKI,10511.0,7777.0,2734.0,289.0,274.0,15.0,0.0,0.0,210.0,79.0,6188.0,5214.0,974.0,1641.0,1365.0,276.0,297.0,280.0,17.0,996.0,840.0,156.0,3254.0,2729.0,525.0,0.0,0.0,0.0,0.0,0.0,0.0,0.0,1035.0,441.0,0.0,0.0,0.0,0.0,108.0,0.0,0.0,0.0,0.0,0.0,237.0,132.0,0.0,0.0,0.0,0.0,0.0,0.0,0.0,0.0,0.0,0.0,0.0,295.0,0.0,0.0,0.0,0.0,0.0,288.0,0.0,0.0,0.0,0.0,0.0,0.0,805.0,172.0,0.0,0.0,0.0,0.0,0.0,324.0,165.0,0.0,538.0,0.0,0.0,0.0,0.0,295.0,0.0,0.0,0.0,0.0,0.0,0.0,0.0,0.0,178.0,0.0,0.0,0.0,0.0,0.0,0.0,0.0,0.0,0.0,0.0,0.0,0.0,0.0,0.0,0.0,116.0,0.0,0.0,0.0,0.0,1429.0,0.0,616.0,0.0,0.0,744.0,0.0,831.0,0.0,288.0,168.0,0.0,0.0,0.0,0.0,0.0,0.0,0.0,0.0,327.0,0.0,0.0,0.0,0.0,0.0,0.0,449.0,0.0,0.0,0.0,356.0,0.0,0.0,0.0,0.0,0.0,0.0,0.0,0.0,0.0,0.0,0.0,0.0,0.0,344.0,241.0,103.0,168.0,1525.0,944.0,581.0,0.0,1326.0,1181.0,0.0,0.0,0.0,156.0,0.0,0.0,0.0,0.0,0.0,0.0,0.0,0.0,43.0,403.0,388.0,15.0,0.0,0.0,0.0,0.0,0.0,121.0,0.0,184.0,0.0,0.0,0.0,0.0,90.0,0.0,0.0,98.0,2106.0,957.0,1149.0,440.0,0.0,185.0,0.0,122.0,0.0,0.0,0.0,0.0,0.0,0.0,0.0,0.0,0.0,0.0,0.0,132.0,0.0,0.0,0.0,123.0,469.0,407.0,0.0,297.0,0.0,0.0,0.0,0.0,0.0,0.0,0.0,0.0,0.0,0.0,0.0,0.0,0.0,0.0,0.0,0.0,0.0,0.0,0.0,0.0,0.0,62.0,178.0,0.0,0.0,0.0,0.0,0.0,0.0,0.0,0.0,0.0,0.0,0.0,0.0,0.0,0.0,0.0,0.0,0.0,602.0,355.0,0.0,62.0
PIŃCZOWSKI,10727.0,7665.0,3062.0,192.0,169.0,23.0,0.0,0.0,81.0,111.0,4966.0,4082.0,884.0,327.0,308.0,19.0,157.0,147.0,10.0,1640.0,1379.0,261.0,2842.0,2248.0,594.0,0.0,0.0,0.0,0.0,0.0,0.0,0.0,420.0,0.0,0.0,0.0,0.0,0.0,0.0,0.0,0.0,0.0,0.0,0.0,240.0,0.0,0.0,0.0,0.0,0.0,0.0,0.0,0.0,0.0,0.0,0.0,0.0,0.0,0.0,0.0,0.0,0.0,0.0,0.0,0.0,0.0,0.0,0.0,0.0,0.0,141.0,0.0,0.0,0.0,0.0,0.0,0.0,0.0,0.0,0.0,458.0,0.0,0.0,0.0,0.0,288.0,0.0,0.0,0.0,0.0,0.0,0.0,0.0,0.0,0.0,0.0,0.0,0.0,0.0,0.0,0.0,0.0,0.0,0.0,0.0,0.0,0.0,0.0,0.0,0.0,85.0,0.0,0.0,0.0,0.0,1797.0,0.0,821.0,0.0,0.0,883.0,0.0,875.0,0.0,184.0,172.0,0.0,208.0,0.0,0.0,0.0,0.0,0.0,0.0,243.0,0.0,0.0,0.0,0.0,0.0,0.0,414.0,0.0,0.0,0.0,316.0,0.0,0.0,0.0,0.0,0.0,0.0,0.0,0.0,0.0,0.0,0.0,0.0,0.0,637.0,377.0,260.0,139.0,2486.0,1678.0,808.0,0.0,2162.0,1919.0,0.0,218.0,0.0,221.0,0.0,0.0,0.0,0.0,0.0,0.0,0.0,0.0,103.0,373.0,359.0,14.0,0.0,0.0,0.0,0.0,0.0,142.0,0.0,158.0,0.0,0.0,0.0,0.0,96.0,0.0,0.0,73.0,2710.0,1377.0,1333.0,556.0,0.0,208.0,0.0,145.0,0.0,0.0,0.0,0.0,0.0,121.0,0.0,0.0,0.0,0.0,0.0,155.0,0.0,96.0,0.0,72.0,473.0,380.0,0.0,339.0,0.0,0.0,0.0,0.0,0.0,0.0,0.0,0.0,0.0,0.0,0.0,0.0,0.0,0.0,0.0,0.0,0.0,0.0,0.0,0.0,0.0,93.0,234.0,0.0,0.0,0.0,0.0,0.0,0.0,0.0,0.0,0.0,0.0,0.0,0.0,0.0,0.0,0.0,0.0,0.0,850.0,516.0,0.0,81.0
RADOMSKI,10267.0,7909.0,2358.0,319.0,275.0,44.0,151.0,0.0,139.0,29.0,5965.0,5242.0,723.0,1296.0,1145.0,151.0,302.0,282.0,20.0,1705.0,1515.0,190.0,2662.0,2300.0,362.0,0.0,0.0,0.0,0.0,0.0,0.0,0.0,976.0,0.0,0.0,0.0,0.0,0.0,0.0,0.0,0.0,0.0,0.0,0.0,296.0,0.0,0.0,0.0,0.0,0.0,0.0,0.0,0.0,0.0,0.0,0.0,0.0,269.0,0.0,0.0,0.0,0.0,0.0,0.0,0.0,0.0,0.0,0.0,0.0,0.0,279.0,0.0,0.0,0.0,0.0,0.0,0.0,0.0,0.0,0.0,712.0,0.0,0.0,0.0,100.0,370.0,0.0,0.0,0.0,0.0,0.0,0.0,0.0,0.0,114.0,0.0,0.0,0.0,0.0,0.0,0.0,0.0,0.0,0.0,0.0,0.0,0.0,0.0,0.0,0.0,160.0,0.0,118.0,0.0,0.0,1722.0,0.0,437.0,0.0,0.0,1188.0,0.0,959.0,0.0,366.0,156.0,0.0,0.0,0.0,0.0,0.0,0.0,0.0,0.0,332.0,0.0,0.0,0.0,0.0,0.0,0.0,453.0,0.0,0.0,0.0,328.0,0.0,0.0,0.0,0.0,0.0,0.0,0.0,0.0,0.0,0.0,0.0,0.0,0.0,226.0,147.0,79.0,95.0,1310.0,799.0,511.0,0.0,1158.0,1052.0,0.0,0.0,0.0,0.0,0.0,0.0,0.0,0.0,0.0,0.0,0.0,0.0,152.0,690.0,659.0,31.0,0.0,0.0,0.0,0.0,0.0,401.0,0.0,198.0,0.0,0.0,0.0,0.0,98.0,0.0,0.0,91.0,1983.0,934.0,1049.0,406.0,0.0,159.0,0.0,140.0,0.0,0.0,0.0,0.0,0.0,92.0,0.0,0.0,0.0,0.0,0.0,124.0,0.0,0.0,0.0,31.0,423.0,383.0,0.0,343.0,0.0,0.0,0.0,0.0,0.0,0.0,0.0,0.0,0.0,0.0,0.0,0.0,0.0,0.0,0.0,0.0,0.0,0.0,0.0,0.0,0.0,40.0,132.0,0.0,0.0,0.0,0.0,0.0,0.0,0.0,0.0,0.0,0.0,0.0,0.0,0.0,0.0,0.0,0.0,0.0,621.0,344.0,0.0,57.0
SANDOMIERSKI,13038.0,9420.0,3618.0,298.0,277.0,21.0,0.0,0.0,197.0,101.0,6146.0,5102.0,1044.0,341.0,321.0,20.0,166.0,153.0,13.0,1798.0,1555.0,243.0,3841.0,3073.0,768.0,0.0,0.0,0.0,0.0,0.0,0.0,0.0,426.0,0.0,0.0,0.0,0.0,0.0,0.0,0.0,0.0,0.0,0.0,0.0,231.0,0.0,0.0,0.0,0.0,0.0,0.0,0.0,0.0,0.0,0.0,0.0,0.0,0.0,0.0,0.0,0.0,0.0,0.0,0.0,0.0,0.0,0.0,0.0,0.0,0.0,115.0,0.0,0.0,0.0,0.0,0.0,0.0,0.0,0.0,0.0,546.0,0.0,0.0,0.0,0.0,335.0,0.0,0.0,0.0,0.0,0.0,0.0,0.0,0.0,0.0,0.0,0.0,0.0,0.0,0.0,0.0,0.0,0.0,0.0,0.0,0.0,0.0,0.0,0.0,0.0,0.0,0.0,0.0,0.0,0.0,2546.0,0.0,917.0,0.0,0.0,1494.0,0.0,946.0,0.0,284.0,201.0,0.0,164.0,0.0,0.0,0.0,0.0,0.0,0.0,225.0,0.0,0.0,0.0,0.0,0.0,0.0,619.0,0.0,0.0,0.0,479.0,0.0,0.0,0.0,0.0,0.0,0.0,0.0,0.0,0.0,0.0,0.0,0.0,0.0,656.0,384.0,272.0,292.0,2423.0,1603.0,820.0,0.0,2062.0,1811.0,0.0,172.0,0.0,286.0,0.0,166.0,0.0,0.0,0.0,0.0,0.0,0.0,75.0,470.0,448.0,22.0,0.0,0.0,0.0,0.0,0.0,0.0,0.0,241.0,0.0,0.0,0.0,0.0,100.0,0.0,0.0,229.0,3701.0,1990.0,1711.0,777.0,0.0,211.0,0.0,144.0,0.0,0.0,0.0,0.0,0.0,115.0,0.0,0.0,0.0,0.0,0.0,385.0,0.0,138.0,0.0,66.0,567.0,455.0,0.0,310.0,0.0,0.0,0.0,0.0,0.0,0.0,0.0,0.0,0.0,0.0,0.0,0.0,0.0,0.0,0.0,0.0,0.0,0.0,0.0,0.0,0.0,112.0,327.0,0.0,0.0,0.0,0.0,0.0,0.0,0.0,0.0,156.0,0.0,0.0,0.0,0.0,0.0,0.0,0.0,171.0,928.0,823.0,0.0,279.0
STOPNICKI,11623.0,8331.0,3292.0,240.0,223.0,17.0,0.0,0.0,135.0,105.0,5065.0,4264.0,801.0,80.0,76.0,4.0,167.0,160.0,7.0,2287.0,1886.0,301.0,2631.0,2142.0,489.0,0.0,0.0,0.0,0.0,0.0,0.0,0.0,405.0,0.0,0.0,0.0,0.0,0.0,0.0,0.0,0.0,0.0,0.0,0.0,259.0,0.0,0.0,0.0,0.0,0.0,0.0,0.0,0.0,0.0,0.0,0.0,0.0,0.0,0.0,0.0,0.0,0.0,0.0,0.0,0.0,0.0,0.0,0.0,0.0,0.0,0.0,0.0,0.0,0.0,0.0,0.0,0.0,0.0,0.0,0.0,660.0,0.0,0.0,0.0,0.0,408.0,0.0,0.0,0.0,0.0,0.0,0.0,0.0,0.0,0.0,0.0,0.0,0.0,0.0,0.0,0.0,0.0,0.0,0.0,0.0,0.0,0.0,0.0,0.0,0.0,0.0,0.0,0.0,0.0,0.0,1959.0,0.0,855.0,0.0,0.0,952.0,0.0,781.0,0.0,200.0,255.0,0.0,0.0,0.0,0.0,0.0,0.0,0.0,0.0,275.0,0.0,0.0,0.0,0.0,0.0,0.0,539.0,0.0,0.0,0.0,449.0,0.0,0.0,0.0,0.0,0.0,0.0,0.0,0.0,0.0,0.0,0.0,0.0,0.0,375.0,219.0,156.0,346.0,3089.0,2083.0,1006.0,0.0,2688.0,2277.0,0.0,360.0,0.0,303.0,0.0,152.0,0.0,0.0,136.0,0.0,0.0,0.0,98.0,383.0,368.0,15.0,0.0,0.0,0.0,0.0,0.0,0.0,0.0,228.0,0.0,0.0,0.0,0.0,98.0,0.0,0.0,155.0,2846.0,1393.0,1453.0,559.0,0.0,246.0,0.0,171.0,0.0,0.0,0.0,0.0,0.0,92.0,0.0,0.0,0.0,0.0,0.0,161.0,0.0,90.0,0.0,60.0,485.0,402.0,0.0,344.0,0.0,0.0,0.0,0.0,0.0,0.0,0.0,0.0,0.0,0.0,0.0,0.0,0.0,0.0,0.0,0.0,0.0,0.0,0.0,0.0,0.0,83.0,473.0,341.0,146.0,0.0,0.0,0.0,0.0,0.0,0.0,123.0,0.0,0.0,0.0,0.0,0.0,0.0,9.0,0.0,810.0,484.0,0.0,35.0
WŁOSZCZOWSKI,8194.0,5991.0,2203.0,359.0,325.0,34.0,0.0,0.0,234.0,125.0,4183.0,3526.0,657.0,215.0,202.0,13.0,190.0,179.0,11.0,989.0,859.0,130.0,2789.0,2286.0,503.0,0.0,0.0,0.0,0.0,0.0,0.0,0.0,344.0,0.0,0.0,0.0,0.0,0.0,0.0,0.0,0.0,0.0,0.0,0.0,187.0,0.0,0.0,0.0,0.0,0.0,0.0,0.0,0.0,0.0,0.0,0.0,0.0,0.0,0.0,0.0,0.0,0.0,0.0,0.0,0.0,0.0,0.0,0.0,0.0,0.0,0.0,0.0,0.0,0.0,0.0,0.0,0.0,0.0,0.0,0.0,698.0,0.0,0.0,0.0,180.0,311.0,0.0,0.0,0.0,0.0,0.0,0.0,0.0,0.0,0.0,0.0,0.0,0.0,0.0,0.0,0.0,0.0,0.0,0.0,0.0,0.0,0.0,0.0,0.0,0.0,72.0,0.0,0.0,0.0,0.0,1542.0,0.0,666.0,0.0,0.0,805.0,0.0,583.0,0.0,229.0,123.0,0.0,0.0,0.0,0.0,0.0,0.0,0.0,0.0,192.0,0.0,0.0,0.0,0.0,0.0,0.0,389.0,0.0,0.0,0.0,279.0,0.0,0.0,0.0,0.0,0.0,0.0,0.0,0.0,0.0,0.0,0.0,0.0,0.0,369.0,232.0,137.0,186.0,1536.0,1008.0,528.0,0.0,1412.0,1323.0,0.0,0.0,0.0,0.0,0.0,0.0,0.0,0.0,0.0,0.0,0.0,0.0,124.0,234.0,229.0,5.0,0.0,0.0,0.0,0.0,0.0,85.0,0.0,96.0,0.0,0.0,0.0,0.0,0.0,0.0,0.0,53.0,1882.0,903.0,979.0,411.0,0.0,167.0,0.0,114.0,0.0,0.0,0.0,0.0,0.0,95.0,0.0,62.0,0.0,0.0,0.0,105.0,0.0,71.0,0.0,44.0,353.0,300.0,0.0,271.0,0.0,0.0,0.0,0.0,0.0,0.0,0.0,0.0,0.0,0.0,0.0,0.0,0.0,0.0,0.0,0.0,0.0,0.0,0.0,0.0,0.0,53.0,137.0,0.0,0.0,0.0,0.0,0.0,0.0,0.0,0.0,0.0,0.0,0.0,0.0,0.0,0.0,0.0,0.0,0.0,647.0,294.0,0.0,40.0
ZAWIERCIAŃSKI,31944.0,23282.0,8662.0,143.0,134.0,9.0,0.0,0.0,0.0,0.0,23333.0,17959.0,5374.0,16461.0,12456.0,4005.0,426.0,379.0,47.0,2480.0,2079.0,401.0,3966.0,3045.0,921.0,1310.0,0.0,1088.0,191.0,0.0,0.0,0.0,5727.0,0.0,0.0,0.0,1350.0,0.0,1151.0,0.0,0.0,887.0,0.0,0.0,157.0,0.0,0.0,1700.0,0.0,0.0,0.0,0.0,0.0,0.0,0.0,0.0,0.0,726.0,255.0,0.0,0.0,0.0,0.0,429.0,0.0,0.0,0.0,0.0,0.0,0.0,2452.0,0.0,0.0,0.0,1027.0,0.0,436.0,0.0,845.0,0.0,806.0,0.0,0.0,0.0,206.0,363.0,0.0,0.0,0.0,0.0,0.0,1163.0,993.0,0.0,5141.0,0.0,0.0,0.0,234.0,0.0,0.0,0.0,0.0,4605.0,0.0,0.0,0.0,0.0,0.0,0.0,134.0,0.0,0.0,0.0,0.0,1879.0,0.0,738.0,0.0,0.0,974.0,0.0,926.0,0.0,0.0,321.0,0.0,0.0,0.0,0.0,0.0,0.0,0.0,0.0,440.0,0.0,0.0,0.0,0.0,0.0,0.0,1356.0,0.0,0.0,618.0,526.0,0.0,0.0,0.0,0.0,0.0,0.0,0.0,0.0,0.0,0.0,173.0,0.0,0.0,1434.0,952.0,482.0,106.0,2648.0,1630.0,1018.0,0.0,2000.0,1698.0,0.0,233.0,0.0,490.0,0.0,286.0,0.0,0.0,0.0,0.0,0.0,0.0,158.0,1868.0,1827.0,41.0,0.0,0.0,0.0,0.0,0.0,1471.0,0.0,255.0,0.0,0.0,0.0,0.0,0.0,0.0,0.0,142.0,3952.0,1732.0,2220.0,871.0,0.0,512.0,0.0,354.0,0.0,0.0,0.0,0.0,0.0,167.0,0.0,145.0,0.0,0.0,0.0,0.0,0.0,0.0,0.0,192.0,577.0,464.0,0.0,359.0,0.0,0.0,0.0,0.0,0.0,0.0,0.0,0.0,0.0,0.0,0.0,0.0,0.0,0.0,0.0,0.0,0.0,0.0,0.0,0.0,0.0,113.0,447.0,231.0,0.0,0.0,0.0,0.0,0.0,0.0,0.0,193.0,0.0,0.0,0.0,0.0,0.0,0.0,23.0,0.0,1186.0,807.0,0.0,64.0
CZĘSTOCHOWA (MIASTO),51117.0,31131.0,19986.0,235.0,163.0,72.0,227.0,0.0,0.0,8.0,32030.0,20619.0,11411.0,17596.0,9708.0,7888.0,1301.0,936.0,365.0,4891.0,3939.0,952.0,8242.0,6036.0,2206.0,85.0,0.0,0.0,0.0,0.0,0.0,0.0,4060.0,605.0,0.0,0.0,1330.0,0.0,504.0,0.0,373.0,0.0,0.0,0.0,0.0,435.0,0.0,0.0,0.0,0.0,0.0,0.0,0.0,0.0,0.0,0.0,0.0,636.0,178.0,0.0,0.0,0.0,257.0,0.0,0.0,0.0,0.0,0.0,0.0,0.0,1146.0,0.0,0.0,234.0,0.0,0.0,321.0,0.0,282.0,0.0,1173.0,237.0,0.0,0.0,220.0,565.0,0.0,0.0,0.0,0.0,0.0,401.0,0.0,384.0,11594.0,201.0,0.0,0.0,0.0,3583.0,0.0,0.0,0.0,7170.0,0.0,0.0,0.0,0.0,0.0,0.0,240.0,0.0,0.0,0.0,0.0,4520.0,736.0,1992.0,324.0,0.0,1228.0,0.0,1676.0,0.0,0.0,540.0,0.0,0.0,0.0,0.0,0.0,0.0,0.0,0.0,635.0,0.0,489.0,0.0,262.0,0.0,0.0,2040.0,0.0,0.0,387.0,1016.0,0.0,0.0,332.0,0.0,0.0,261.0,0.0,0.0,0.0,0.0,456.0,0.0,0.0,3253.0,2108.0,1145.0,0.0,5772.0,3752.0,2020.0,0.0,3633.0,3263.0,0.0,239.0,0.0,1667.0,0.0,1213.0,0.0,0.0,318.0,246.0,0.0,180.0,46.0,2254.0,2135.0,119.0,219.0,0.0,0.0,0.0,0.0,1292.0,0.0,618.0,0.0,0.0,0.0,0.0,124.0,220.0,0.0,125.0,10826.0,4462.0,6364.0,1987.0,0.0,1126.0,178.0,753.0,195.0,195.0,0.0,0.0,0.0,272.0,0.0,214.0,0.0,0.0,0.0,321.0,0.0,0.0,0.0,73.0,1104.0,714.0,0.0,292.0,0.0,0.0,0.0,0.0,0.0,0.0,0.0,0.0,0.0,0.0,0.0,0.0,0.0,0.0,0.0,0.0,0.0,0.0,0.0,0.0,0.0,390.0,1315.0,570.0,0.0,343.0,0.0,0.0,0.0,0.0,0.0,587.0,0.0,0.0,320.0,0.0,0.0,0.0,158.0,0.0,3410.0,2358.0,0.0,652.0
SOSNOWIEC,45446.0,32028.0,13418.0,74.0,50.0,24.0,0.0,0.0,0.0,0.0,26703.0,22337.0,4366.0,17317.0,15177.0,2140.0,844.0,696.0,148.0,4306.0,3402.0,904.0,4236.0,3062.0,1174.0,5179.0,0.0,5171.0,0.0,0.0,0.0,0.0,8476.0,0.0,0.0,0.0,5134.0,208.0,342.0,1047.0,0.0,0.0,0.0,523.0,0.0,0.0,0.0,169.0,0.0,0.0,0.0,0.0,0.0,0.0,0.0,0.0,0.0,427.0,0.0,0.0,0.0,0.0,0.0,0.0,0.0,0.0,0.0,0.0,0.0,234.0,343.0,0.0,0.0,0.0,0.0,0.0,0.0,0.0,0.0,0.0,682.0,0.0,0.0,0.0,0.0,518.0,0.0,0.0,0.0,0.0,0.0,290.0,0.0,0.0,2148.0,0.0,0.0,0.0,0.0,1841.0,0.0,0.0,0.0,0.0,0.0,0.0,0.0,0.0,0.0,0.0,76.0,0.0,0.0,0.0,0.0,3353.0,0.0,1614.0,0.0,0.0,1119.0,0.0,1200.0,0.0,0.0,409.0,0.0,0.0,0.0,0.0,0.0,0.0,0.0,0.0,509.0,0.0,425.0,0.0,307.0,0.0,0.0,1969.0,0.0,0.0,327.0,1090.0,214.0,0.0,235.0,0.0,0.0,293.0,0.0,232.0,0.0,0.0,481.0,0.0,403.0,1361.0,870.0,491.0,0.0,6808.0,4125.0,2683.0,0.0,4463.0,3702.0,0.0,577.0,0.0,1743.0,0.0,1053.0,0.0,0.0,507.0,269.0,0.0,241.0,92.0,2229.0,2111.0,118.0,0.0,0.0,0.0,0.0,0.0,1245.0,0.0,718.0,0.0,0.0,0.0,0.0,293.0,136.0,0.0,266.0,9632.0,3405.0,6227.0,1822.0,0.0,1026.0,227.0,450.0,349.0,291.0,0.0,0.0,0.0,308.0,0.0,236.0,0.0,0.0,0.0,0.0,0.0,0.0,0.0,197.0,1006.0,633.0,0.0,332.0,0.0,0.0,0.0,0.0,0.0,0.0,0.0,0.0,0.0,0.0,0.0,0.0,0.0,0.0,0.0,0.0,0.0,0.0,0.0,0.0,0.0,373.0,1146.0,512.0,0.0,313.0,0.0,0.0,0.0,0.0,0.0,603.0,0.0,0.0,292.0,267.0,0.0,0.0,31.0,0.0,3662.0,1722.0,0.0,274.0
RADOM (MIASTO),30091.0,21076.0,9015.0,192.0,150.0,42.0,0.0,0.0,0.0,0.0,15760.0,12625.0,3135.0,5408.0,4224.0,1184.0,676.0,616.0,60.0,3066.0,2628.0,438.0,6610.0,5151.0,1453.0,0.0,0.0,0.0,0.0,0.0,0.0,0.0,3389.0,2477.0,0.0,0.0,0.0,0.0,202.0,0.0,0.0,0.0,0.0,0.0,0.0,265.0,0.0,0.0,0.0,0.0,0.0,0.0,0.0,0.0,0.0,0.0,0.0,131.0,0.0,0.0,0.0,0.0,0.0,0.0,0.0,0.0,0.0,0.0,0.0,0.0,760.0,0.0,0.0,0.0,0.0,0.0,111.0,193.0,406.0,0.0,899.0,132.0,0.0,0.0,0.0,378.0,260.0,0.0,0.0,0.0,0.0,0.0,0.0,0.0,0.0,0.0,0.0,0.0,0.0,0.0,0.0,0.0,0.0,0.0,0.0,0.0,0.0,0.0,0.0,0.0,788.0,0.0,730.0,0.0,0.0,3977.0,0.0,1469.0,0.0,0.0,2216.0,0.0,1840.0,0.0,0.0,353.0,0.0,0.0,0.0,0.0,0.0,0.0,0.0,0.0,514.0,639.0,0.0,0.0,0.0,0.0,0.0,1113.0,0.0,0.0,202.0,600.0,0.0,0.0,0.0,0.0,0.0,135.0,0.0,0.0,0.0,0.0,0.0,0.0,0.0,2275.0,1534.0,741.0,453.0,4381.0,2876.0,1505.0,0.0,2622.0,2384.0,0.0,134.0,0.0,1327.0,0.0,883.0,0.0,0.0,296.0,195.0,0.0,219.0,18.0,2329.0,2132.0,197.0,169.0,0.0,0.0,0.0,0.0,1585.0,0.0,556.0,0.0,0.0,113.0,0.0,156.0,153.0,0.0,19.0,7429.0,3293.0,4136.0,1261.0,0.0,599.0,162.0,364.0,0.0,313.0,183.0,0.0,0.0,200.0,0.0,134.0,0.0,0.0,0.0,0.0,0.0,0.0,0.0,149.0,784.0,522.0,0.0,0.0,0.0,0.0,0.0,0.0,0.0,0.0,0.0,0.0,0.0,0.0,0.0,0.0,0.0,0.0,0.0,0.0,0.0,0.0,0.0,0.0,0.0,262.0,792.0,281.0,0.0,0.0,0.0,0.0,0.0,0.0,0.0,419.0,0.0,0.0,0.0,0.0,0.0,0.0,92.0,0.0,2330.0,1778.0,0.0,484.0
BIALSKI (BIAŁA KRAKOWSKA),42545.0,29005.0,13540.0,318.0,296.0,22.0,0.0,0.0,197.0,121.0,27542.0,20732.0,6810.0,15501.0,11385.0,4116.0,1161.0,1015.0,146.0,3324.0,2704.0,620.0,7556.0,5628.0,1928.0,2900.0,0.0,2894.0,0.0,0.0,0.0,0.0,3028.0,0.0,0.0,0.0,0.0,0.0,0.0,251.0,0.0,0.0,0.0,562.0,201.0,436.0,0.0,605.0,0.0,0.0,0.0,0.0,0.0,0.0,0.0,0.0,0.0,445.0,138.0,0.0,0.0,0.0,0.0,0.0,0.0,0.0,0.0,0.0,0.0,0.0,854.0,0.0,156.0,0.0,0.0,147.0,341.0,0.0,0.0,0.0,1849.0,0.0,0.0,0.0,241.0,761.0,583.0,0.0,0.0,0.0,0.0,325.0,227.0,0.0,7571.0,1180.0,0.0,0.0,0.0,450.0,0.0,0.0,1543.0,817.0,0.0,2833.0,0.0,0.0,0.0,0.0,492.0,0.0,0.0,0.0,301.0,2939.0,0.0,1518.0,0.0,0.0,874.0,0.0,1447.0,0.0,153.0,397.0,0.0,0.0,0.0,0.0,0.0,0.0,0.0,0.0,577.0,0.0,0.0,0.0,0.0,0.0,0.0,2785.0,0.0,0.0,346.0,1892.0,0.0,0.0,238.0,0.0,0.0,0.0,0.0,0.0,0.0,0.0,534.0,0.0,0.0,2117.0,1319.0,798.0,256.0,4315.0,2804.0,1511.0,0.0,3024.0,2351.0,0.0,486.0,0.0,962.0,0.0,418.0,0.0,0.0,409.0,0.0,0.0,147.0,182.0,2112.0,2030.0,82.0,205.0,0.0,0.0,0.0,0.0,1493.0,0.0,309.0,0.0,0.0,0.0,0.0,0.0,0.0,0.0,105.0,8258.0,3143.0,5115.0,1322.0,0.0,539.0,168.0,285.0,0.0,0.0,0.0,0.0,0.0,0.0,0.0,0.0,0.0,0.0,0.0,449.0,346.0,0.0,0.0,334.0,761.0,581.0,0.0,427.0,0.0,0.0,0.0,0.0,0.0,0.0,0.0,0.0,0.0,0.0,0.0,0.0,0.0,0.0,0.0,0.0,0.0,0.0,0.0,0.0,0.0,180.0,708.0,298.0,0.0,0.0,0.0,0.0,0.0,0.0,0.0,383.0,0.0,0.0,0.0,0.0,0.0,0.0,27.0,0.0,2777.0,2270.0,0.0,420.0
BOCHEŃSKI,13464.0,9445.0,4019.0,147.0,134.0,13.0,0.0,0.0,105.0,42.0,4376.0,3644.0,732.0,860.0,756.0,104.0,237.0,222.0,15.0,1065.0,925.0,140.0,2214.0,1741.0,473.0,419.0,0.0,0.0,0.0,0.0,392.0,0.0,577.0,0.0,0.0,0.0,0.0,0.0,0.0,0.0,0.0,0.0,0.0,0.0,0.0,0.0,0.0,0.0,0.0,0.0,0.0,0.0,0.0,0.0,0.0,0.0,0.0,0.0,0.0,0.0,0.0,0.0,0.0,0.0,0.0,0.0,0.0,0.0,0.0,0.0,227.0,0.0,0.0,0.0,0.0,0.0,159.0,0.0,0.0,0.0,504.0,0.0,0.0,0.0,0.0,376.0,0.0,0.0,0.0,0.0,0.0,0.0,0.0,0.0,0.0,0.0,0.0,0.0,0.0,0.0,0.0,0.0,0.0,0.0,0.0,0.0,0.0,0.0,0.0,0.0,0.0,0.0,0.0,0.0,0.0,1006.0,0.0,542.0,0.0,0.0,363.0,0.0,592.0,0.0,0.0,0.0,0.0,0.0,0.0,0.0,0.0,0.0,0.0,0.0,213.0,0.0,0.0,0.0,0.0,0.0,0.0,419.0,0.0,0.0,0.0,264.0,0.0,0.0,0.0,0.0,0.0,0.0,0.0,0.0,0.0,0.0,0.0,0.0,0.0,299.0,170.0,129.0,333.0,1683.0,1061.0,622.0,0.0,1367.0,1234.0,0.0,0.0,0.0,249.0,0.0,0.0,0.0,0.0,0.0,0.0,0.0,0.0,67.0,1834.0,1765.0,69.0,188.0,0.0,0.0,0.0,0.0,1424.0,0.0,132.0,0.0,0.0,0.0,0.0,0.0,0.0,0.0,90.0,5424.0,2841.0,2583.0,745.0,0.0,241.0,0.0,129.0,0.0,0.0,0.0,0.0,0.0,152.0,0.0,0.0,0.0,0.0,0.0,227.0,0.0,0.0,0.0,125.0,560.0,498.0,0.0,411.0,0.0,0.0,0.0,0.0,0.0,0.0,0.0,0.0,0.0,0.0,0.0,0.0,0.0,0.0,0.0,0.0,0.0,0.0,0.0,0.0,0.0,62.0,248.0,0.0,0.0,0.0,0.0,0.0,0.0,0.0,0.0,0.0,0.0,0.0,0.0,0.0,0.0,0.0,0.0,0.0,1163.0,2403.0,0.0,305.0
BRZESKI (BRZESKO),8298.0,5909.0,2389.0,94.0,88.0,6.0,0.0,0.0,57.0,37.0,3891.0,3437.0,454.0,947.0,904.0,43.0,107.0,99.0,8.0,664.0,588.0,76.0,2173.0,1846.0,327.0,0.0,0.0,0.0,0.0,0.0,0.0,0.0,324.0,0.0,0.0,0.0,0.0,0.0,0.0,0.0,0.0,0.0,0.0,0.0,148.0,0.0,0.0,0.0,0.0,0.0,0.0,0.0,0.0,0.0,0.0,0.0,0.0,209.0,0.0,0.0,0.0,0.0,0.0,0.0,0.0,206.0,0.0,0.0,0.0,0.0,122.0,0.0,0.0,0.0,0.0,0.0,80.0,0.0,0.0,0.0,417.0,0.0,0.0,0.0,0.0,296.0,0.0,0.0,0.0,0.0,0.0,0.0,0.0,0.0,0.0,0.0,0.0,0.0,0.0,0.0,0.0,0.0,0.0,0.0,0.0,0.0,0.0,0.0,0.0,0.0,0.0,0.0,0.0,0.0,0.0,742.0,0.0,357.0,0.0,0.0,324.0,0.0,823.0,0.0,0.0,0.0,0.0,0.0,0.0,415.0,0.0,0.0,0.0,0.0,201.0,0.0,0.0,0.0,0.0,0.0,0.0,799.0,0.0,0.0,0.0,693.0,0.0,0.0,0.0,0.0,0.0,0.0,0.0,0.0,0.0,0.0,214.0,0.0,0.0,166.0,93.0,73.0,75.0,1145.0,737.0,408.0,0.0,974.0,889.0,0.0,0.0,0.0,137.0,0.0,0.0,0.0,0.0,0.0,0.0,0.0,0.0,34.0,606.0,587.0,19.0,93.0,0.0,0.0,0.0,0.0,422.0,0.0,0.0,0.0,0.0,0.0,0.0,0.0,0.0,0.0,91.0,2562.0,1060.0,1502.0,445.0,0.0,111.0,0.0,0.0,0.0,87.0,0.0,0.0,0.0,55.0,0.0,51.0,0.0,0.0,0.0,188.0,0.0,0.0,0.0,4.0,369.0,323.0,0.0,304.0,0.0,0.0,0.0,0.0,0.0,0.0,0.0,0.0,0.0,0.0,0.0,0.0,0.0,0.0,0.0,0.0,0.0,0.0,0.0,0.0,0.0,46.0,135.0,0.0,0.0,0.0,0.0,0.0,0.0,0.0,0.0,0.0,0.0,0.0,0.0,0.0,0.0,0.0,0.0,0.0,849.0,725.0,0.0,39.0
CHRZANOWSKI,40547.0,31625.0,8922.0,233.0,213.0,20.0,0.0,0.0,145.0,88.0,25682.0,23021.0,2661.0,14998.0,14327.0,671.0,992.0,949.0,43.0,2797.0,2343.0,454.0,6895.0,5402.0,1493.0,8441.0,0.0,8175.0,0.0,247.0,0.0,0.0,3199.0,0.0,0.0,0.0,0.0,802.0,0.0,0.0,0.0,0.0,0.0,0.0,203.0,419.0,0.0,0.0,0.0,1376.0,0.0,0.0,0.0,0.0,0.0,0.0,0.0,857.0,168.0,0.0,0.0,355.0,0.0,0.0,0.0,184.0,0.0,0.0,0.0,0.0,4094.0,0.0,1464.0,464.0,1193.0,0.0,0.0,256.0,401.0,0.0,749.0,0.0,0.0,0.0,0.0,482.0,0.0,0.0,0.0,0.0,0.0,0.0,0.0,0.0,0.0,0.0,0.0,0.0,0.0,0.0,0.0,0.0,0.0,0.0,0.0,0.0,0.0,0.0,0.0,0.0,0.0,0.0,0.0,0.0,0.0,2132.0,0.0,1039.0,0.0,0.0,848.0,0.0,1163.0,0.0,0.0,386.0,0.0,0.0,0.0,0.0,0.0,0.0,0.0,0.0,523.0,0.0,0.0,0.0,0.0,0.0,0.0,1370.0,0.0,0.0,0.0,986.0,0.0,0.0,0.0,0.0,0.0,239.0,0.0,210.0,0.0,0.0,187.0,0.0,0.0,2916.0,1949.0,967.0,335.0,3735.0,2276.0,1459.0,0.0,2991.0,2665.0,0.0,243.0,0.0,604.0,0.0,274.0,0.0,0.0,302.0,0.0,0.0,0.0,140.0,2456.0,2382.0,74.0,170.0,0.0,0.0,0.0,0.0,1864.0,0.0,275.0,0.0,0.0,0.0,0.0,0.0,0.0,0.0,147.0,8441.0,3733.0,4708.0,932.0,0.0,424.0,0.0,232.0,0.0,0.0,0.0,0.0,0.0,0.0,0.0,0.0,0.0,0.0,0.0,263.0,0.0,0.0,0.0,245.0,633.0,529.0,0.0,448.0,0.0,0.0,0.0,0.0,0.0,0.0,0.0,0.0,0.0,0.0,0.0,0.0,0.0,0.0,0.0,0.0,0.0,0.0,0.0,0.0,0.0,104.0,524.0,256.0,0.0,0.0,0.0,0.0,0.0,0.0,0.0,225.0,0.0,0.0,0.0,0.0,0.0,0.0,43.0,0.0,2335.0,3855.0,0.0,162.0
DĄBROWSKI,4297.0,2848.0,1449.0,62.0,58.0,4.0,0.0,0.0,0.0,0.0,1455.0,1231.0,224.0,38.0,35.0,3.0,34.0,33.0,1.0,531.0,470.0,61.0,852.0,693.0,159.0,0.0,0.0,0.0,0.0,0.0,0.0,0.0,156.0,0.0,0.0,0.0,0.0,0.0,0.0,0.0,0.0,0.0,0.0,0.0,0.0,0.0,0.0,0.0,0.0,0.0,0.0,0.0,0.0,0.0,0.0,0.0,0.0,0.0,0.0,0.0,0.0,0.0,0.0,0.0,0.0,0.0,0.0,0.0,0.0,0.0,0.0,0.0,0.0,0.0,0.0,0.0,0.0,0.0,0.0,0.0,185.0,0.0,0.0,0.0,0.0,143.0,0.0,0.0,0.0,0.0,0.0,0.0,0.0,0.0,0.0,0.0,0.0,0.0,0.0,0.0,0.0,0.0,0.0,0.0,0.0,0.0,0.0,0.0,0.0,0.0,0.0,0.0,0.0,0.0,0.0,499.0,0.0,228.0,0.0,0.0,246.0,0.0,234.0,0.0,0.0,0.0,0.0,0.0,0.0,0.0,0.0,0.0,0.0,0.0,123.0,0.0,0.0,0.0,0.0,0.0,0.0,110.0,0.0,0.0,0.0,81.0,0.0,0.0,0.0,0.0,0.0,0.0,0.0,0.0,0.0,0.0,0.0,0.0,0.0,182.0,138.0,44.0,89.0,1132.0,755.0,377.0,0.0,960.0,882.0,0.0,0.0,0.0,137.0,0.0,0.0,0.0,0.0,0.0,0.0,0.0,0.0,35.0,195.0,181.0,14.0,0.0,0.0,0.0,0.0,0.0,69.0,0.0,0.0,0.0,0.0,0.0,0.0,0.0,0.0,0.0,126.0,1453.0,623.0,830.0,293.0,0.0,89.0,0.0,0.0,0.0,0.0,0.0,0.0,0.0,0.0,0.0,0.0,0.0,0.0,0.0,103.0,0.0,0.0,0.0,101.0,225.0,197.0,0.0,183.0,0.0,0.0,0.0,0.0,0.0,0.0,0.0,0.0,0.0,0.0,0.0,0.0,0.0,0.0,0.0,0.0,0.0,0.0,0.0,0.0,0.0,28.0,81.0,0.0,0.0,0.0,0.0,0.0,0.0,0.0,0.0,0.0,0.0,0.0,0.0,0.0,0.0,0.0,0.0,0.0,468.0,364.0,0.0,22.0
GORLICKI,9858.0,6961.0,2897.0,88.0,81.0,7.0,0.0,0.0,0.0,0.0,4806.0,4303.0,503.0,1294.0,1246.0,48.0,726.0,715.0,11.0,739.0,643.0,96.0,2047.0,1699.0,348.0,588.0,0.0,0.0,0.0,0.0,0.0,574.0,710.0,0.0,0.0,0.0,0.0,0.0,0.0,0.0,0.0,0.0,0.0,0.0,142.0,0.0,0.0,301.0,0.0,0.0,0.0,0.0,0.0,0.0,0.0,0.0,0.0,760.0,0.0,0.0,0.0,681.0,0.0,0.0,0.0,0.0,0.0,0.0,0.0,0.0,121.0,0.0,0.0,0.0,0.0,0.0,0.0,0.0,0.0,0.0,613.0,0.0,0.0,0.0,244.0,264.0,0.0,0.0,0.0,0.0,0.0,0.0,0.0,0.0,0.0,0.0,0.0,0.0,0.0,0.0,0.0,0.0,0.0,0.0,0.0,0.0,0.0,0.0,0.0,0.0,0.0,0.0,0.0,0.0,0.0,794.0,0.0,399.0,0.0,0.0,330.0,0.0,327.0,0.0,0.0,0.0,0.0,0.0,0.0,0.0,0.0,0.0,0.0,0.0,166.0,0.0,0.0,0.0,0.0,0.0,0.0,389.0,0.0,0.0,0.0,307.0,0.0,0.0,0.0,0.0,0.0,0.0,0.0,0.0,0.0,0.0,125.0,0.0,0.0,270.0,187.0,83.0,109.0,1581.0,1010.0,571.0,0.0,1301.0,1217.0,0.0,0.0,0.0,232.0,0.0,0.0,0.0,0.0,147.0,0.0,0.0,0.0,48.0,500.0,473.0,27.0,0.0,0.0,0.0,0.0,0.0,298.0,0.0,0.0,0.0,0.0,0.0,0.0,0.0,0.0,0.0,202.0,2883.0,1094.0,1789.0,485.0,0.0,133.0,0.0,0.0,0.0,0.0,0.0,0.0,0.0,100.0,0.0,0.0,0.0,0.0,0.0,160.0,111.0,0.0,0.0,92.0,358.0,323.0,0.0,275.0,0.0,0.0,0.0,0.0,0.0,0.0,0.0,0.0,0.0,0.0,0.0,0.0,0.0,0.0,0.0,0.0,0.0,0.0,0.0,0.0,0.0,35.0,198.0,0.0,0.0,0.0,0.0,0.0,0.0,0.0,0.0,0.0,0.0,0.0,0.0,0.0,0.0,0.0,0.0,0.0,1141.0,624.0,0.0,77.0
JASIELSKI,10188.0,6502.0,3686.0,66.0,59.0,7.0,0.0,0.0,0.0,0.0,3659.0,3016.0,643.0,414.0,364.0,50.0,496.0,479.0,17.0,945.0,798.0,147.0,1804.0,1375.0,429.0,299.0,0.0,0.0,0.0,0.0,0.0,281.0,333.0,0.0,0.0,0.0,0.0,0.0,0.0,0.0,0.0,0.0,0.0,0.0,145.0,0.0,0.0,0.0,0.0,0.0,0.0,0.0,0.0,0.0,0.0,0.0,0.0,162.0,0.0,0.0,0.0,140.0,0.0,0.0,0.0,0.0,0.0,0.0,0.0,0.0,236.0,0.0,0.0,0.0,0.0,0.0,0.0,0.0,0.0,0.0,372.0,0.0,0.0,0.0,0.0,213.0,0.0,0.0,0.0,0.0,0.0,0.0,0.0,0.0,0.0,0.0,0.0,0.0,0.0,0.0,0.0,0.0,0.0,0.0,0.0,0.0,0.0,0.0,0.0,0.0,0.0,0.0,0.0,0.0,0.0,1079.0,0.0,462.0,0.0,0.0,519.0,0.0,400.0,0.0,0.0,0.0,0.0,0.0,0.0,0.0,0.0,0.0,0.0,0.0,167.0,0.0,0.0,0.0,0.0,0.0,0.0,366.0,0.0,0.0,0.0,246.0,0.0,0.0,0.0,0.0,0.0,0.0,0.0,0.0,0.0,0.0,0.0,0.0,0.0,191.0,96.0,95.0,221.0,1756.0,1169.0,587.0,0.0,1388.0,1281.0,0.0,0.0,0.0,283.0,0.0,124.0,0.0,0.0,131.0,0.0,0.0,0.0,85.0,702.0,661.0,41.0,0.0,0.0,0.0,0.0,0.0,495.0,0.0,0.0,0.0,0.0,0.0,0.0,0.0,0.0,0.0,207.0,4005.0,1597.0,2408.0,716.0,0.0,169.0,0.0,84.0,0.0,186.0,98.0,0.0,0.0,112.0,0.0,0.0,0.0,0.0,0.0,240.0,175.0,0.0,0.0,9.0,422.0,373.0,0.0,308.0,0.0,0.0,0.0,0.0,0.0,0.0,0.0,0.0,0.0,0.0,0.0,0.0,0.0,0.0,0.0,0.0,0.0,0.0,0.0,0.0,0.0,49.0,221.0,0.0,0.0,0.0,0.0,0.0,0.0,0.0,0.0,0.0,0.0,0.0,0.0,0.0,0.0,0.0,0.0,0.0,1466.0,1120.0,0.0,60.0
KRAKOWSKI,39820.0,29355.0,10465.0,378.0,297.0,81.0,310.0,0.0,0.0,68.0,21086.0,17536.0,3550.0,7931.0,6681.0,1250.0,953.0,849.0,104.0,3322.0,2814.0,508.0,8880.0,7192.0,1688.0,1621.0,0.0,0.0,0.0,0.0,1563.0,0.0,3091.0,0.0,0.0,181.0,0.0,0.0,0.0,334.0,338.0,0.0,0.0,0.0,317.0,641.0,0.0,0.0,0.0,0.0,0.0,0.0,369.0,0.0,0.0,0.0,0.0,800.0,0.0,0.0,0.0,0.0,0.0,0.0,0.0,512.0,0.0,0.0,0.0,0.0,1803.0,0.0,0.0,414.0,0.0,0.0,583.0,454.0,0.0,0.0,1404.0,0.0,0.0,0.0,0.0,968.0,0.0,0.0,0.0,0.0,0.0,0.0,0.0,0.0,0.0,0.0,0.0,0.0,0.0,0.0,0.0,0.0,0.0,0.0,0.0,0.0,0.0,0.0,0.0,0.0,227.0,0.0,125.0,0.0,0.0,2415.0,239.0,988.0,0.0,0.0,926.0,0.0,2525.0,401.0,301.0,380.0,302.0,0.0,0.0,0.0,0.0,0.0,0.0,0.0,668.0,181.0,316.0,0.0,252.0,0.0,0.0,3527.0,0.0,0.0,227.0,2677.0,0.0,0.0,224.0,0.0,0.0,392.0,0.0,0.0,0.0,238.0,346.0,0.0,0.0,2266.0,1623.0,643.0,353.0,3248.0,2097.0,1151.0,0.0,2414.0,2269.0,0.0,0.0,0.0,635.0,0.0,220.0,0.0,0.0,380.0,0.0,0.0,0.0,199.0,3439.0,3313.0,126.0,399.0,0.0,0.0,0.0,0.0,2305.0,115.0,466.0,0.0,0.0,0.0,0.0,0.0,0.0,0.0,154.0,11669.0,6112.0,5557.0,1626.0,0.0,682.0,172.0,428.0,0.0,0.0,0.0,0.0,0.0,257.0,0.0,185.0,0.0,0.0,0.0,521.0,410.0,0.0,0.0,166.0,950.0,752.0,0.0,527.0,0.0,0.0,0.0,0.0,0.0,0.0,0.0,0.0,0.0,0.0,0.0,0.0,0.0,0.0,0.0,0.0,0.0,0.0,0.0,0.0,0.0,198.0,1217.0,677.0,0.0,493.0,0.0,0.0,0.0,0.0,0.0,474.0,0.0,0.0,0.0,0.0,0.0,0.0,66.0,0.0,2334.0,4324.0,0.0,1218.0
KRAKÓW (MIASTO),111538.0,62321.0,49217.0,250.0,206.0,44.0,202.0,25.0,23.0,0.0,33795.0,24626.0,9169.0,10562.0,7333.0,3229.0,3649.0,2948.0,701.0,15794.0,11904.0,3890.0,3790.0,2441.0,1349.0,38.0,0.0,0.0,0.0,0.0,0.0,0.0,4772.0,574.0,0.0,0.0,0.0,0.0,0.0,847.0,173.0,172.0,0.0,253.0,116.0,801.0,386.0,131.0,0.0,0.0,0.0,161.0,394.0,0.0,0.0,424.0,340.0,954.0,395.0,0.0,0.0,0.0,0.0,0.0,192.0,0.0,106.0,0.0,0.0,158.0,1243.0,187.0,0.0,184.0,0.0,96.0,370.0,177.0,98.0,0.0,2002.0,234.0,0.0,0.0,96.0,1300.0,0.0,0.0,0.0,0.0,260.0,485.0,8.0,477.0,382.0,0.0,0.0,0.0,0.0,0.0,0.0,0.0,0.0,0.0,0.0,0.0,0.0,0.0,0.0,0.0,606.0,81.0,231.0,166.0,128.0,9288.0,728.0,4488.0,1020.0,564.0,1860.0,628.0,4976.0,298.0,105.0,936.0,1011.0,0.0,0.0,0.0,402.0,111.0,0.0,0.0,1089.0,876.0,1867.0,102.0,1388.0,271.0,106.0,4577.0,0.0,0.0,183.0,2404.0,858.0,158.0,765.0,0.0,0.0,760.0,1.0,361.0,206.0,192.0,259.0,259.0,0.0,1586.0,1048.0,538.0,0.0,21489.0,13512.0,7977.0,134.0,12442.0,11213.0,637.0,446.0,146.0,6110.0,4.0,3018.0,652.0,402.0,2034.0,1437.0,395.0,971.0,0.0,5941.0,5161.0,780.0,1347.0,31.0,0.0,0.0,0.0,2417.0,597.0,1361.0,446.0,188.0,261.0,232.0,105.0,129.0,188.0,0.0,50063.0,18816.0,31247.0,50063.0,22.0,2816.0,1205.0,1101.0,510.0,1411.0,461.0,947.0,3.0,699.0,0.0,498.0,0.0,0.0,113.0,3066.0,2478.0,588.0,384.0,0.0,5116.0,2644.0,139.0,784.0,489.0,626.0,54.0,552.0,1151.0,859.0,253.0,0.0,0.0,357.0,191.0,166.0,542.0,0.0,413.0,0.0,422.0,0.0,252.0,106.0,0.0,0.0,5589.0,2810.0,127.0,1802.0,313.0,325.0,0.0,0.0,0.0,2330.0,0.0,0.0,939.0,929.0,351.0,0.0,449.0,0.0,17760.0,10858.0,0.0,2342.0
LIMANOWSKI,4969.0,3233.0,1736.0,55.0,50.0,5.0,0.0,0.0,0.0,0.0,1942.0,1654.0,288.0,543.0,501.0,42.0,58.0,54.0,4.0,380.0,324.0,56.0,961.0,775.0,186.0,0.0,0.0,0.0,0.0,0.0,0.0,0.0,140.0,0.0,0.0,0.0,0.0,0.0,0.0,0.0,0.0,0.0,0.0,0.0,0.0,0.0,0.0,0.0,0.0,0.0,0.0,0.0,0.0,0.0,0.0,0.0,0.0,321.0,0.0,0.0,0.0,317.0,0.0,0.0,0.0,0.0,0.0,0.0,0.0,0.0,0.0,0.0,0.0,0.0,0.0,0.0,0.0,0.0,0.0,0.0,446.0,0.0,0.0,0.0,203.0,163.0,0.0,0.0,0.0,0.0,0.0,0.0,0.0,0.0,0.0,0.0,0.0,0.0,0.0,0.0,0.0,0.0,0.0,0.0,0.0,0.0,0.0,0.0,0.0,0.0,0.0,0.0,0.0,0.0,0.0,442.0,0.0,196.0,0.0,0.0,206.0,0.0,284.0,0.0,0.0,0.0,0.0,0.0,0.0,0.0,0.0,0.0,0.0,0.0,103.0,0.0,0.0,0.0,0.0,0.0,0.0,118.0,0.0,0.0,0.0,86.0,0.0,0.0,0.0,0.0,0.0,0.0,0.0,0.0,0.0,0.0,0.0,0.0,0.0,95.0,67.0,28.0,96.0,861.0,525.0,336.0,0.0,727.0,625.0,0.0,0.0,0.0,101.0,0.0,0.0,0.0,0.0,0.0,0.0,0.0,0.0,33.0,310.0,289.0,21.0,0.0,0.0,0.0,0.0,0.0,207.0,0.0,0.0,0.0,0.0,0.0,0.0,0.0,0.0,0.0,103.0,1801.0,715.0,1086.0,367.0,0.0,95.0,0.0,0.0,0.0,0.0,0.0,0.0,0.0,0.0,0.0,0.0,0.0,0.0,0.0,164.0,0.0,0.0,0.0,108.0,268.0,238.0,0.0,223.0,0.0,0.0,0.0,0.0,0.0,0.0,0.0,0.0,0.0,0.0,0.0,0.0,0.0,0.0,0.0,0.0,0.0,0.0,0.0,0.0,0.0,30.0,87.0,0.0,0.0,0.0,0.0,0.0,0.0,0.0,0.0,0.0,0.0,0.0,0.0,0.0,0.0,0.0,0.0,0.0,612.0,415.0,0.0,52.0
MIELECKI,5490.0,3682.0,1808.0,107.0,103.0,4.0,0.0,0.0,73.0,34.0,1975.0,1633.0,342.0,99.0,92.0,7.0,117.0,114.0,3.0,397.0,342.0,55.0,1362.0,1085.0,277.0,0.0,0.0,0.0,0.0,0.0,0.0,0.0,154.0,0.0,0.0,0.0,0.0,0.0,0.0,0.0,0.0,0.0,0.0,0.0,91.0,0.0,0.0,0.0,0.0,0.0,0.0,0.0,0.0,0.0,0.0,0.0,0.0,0.0,0.0,0.0,0.0,0.0,0.0,0.0,0.0,0.0,0.0,0.0,0.0,0.0,110.0,0.0,0.0,0.0,0.0,0.0,0.0,0.0,0.0,0.0,265.0,0.0,0.0,0.0,0.0,161.0,0.0,0.0,0.0,0.0,0.0,0.0,0.0,0.0,0.0,0.0,0.0,0.0,0.0,0.0,0.0,0.0,0.0,0.0,0.0,0.0,0.0,0.0,0.0,0.0,0.0,0.0,0.0,0.0,0.0,616.0,0.0,314.0,0.0,0.0,249.0,0.0,293.0,0.0,0.0,0.0,0.0,0.0,0.0,0.0,0.0,0.0,0.0,0.0,122.0,0.0,0.0,0.0,0.0,0.0,0.0,236.0,0.0,0.0,0.0,173.0,0.0,0.0,0.0,0.0,0.0,0.0,0.0,0.0,0.0,0.0,0.0,0.0,0.0,234.0,151.0,83.0,67.0,1268.0,948.0,320.0,0.0,1098.0,1030.0,0.0,0.0,0.0,131.0,0.0,0.0,0.0,0.0,0.0,0.0,0.0,0.0,39.0,190.0,172.0,18.0,0.0,0.0,0.0,0.0,0.0,69.0,0.0,0.0,0.0,0.0,0.0,0.0,0.0,0.0,0.0,121.0,1950.0,826.0,1124.0,341.0,0.0,109.0,0.0,0.0,0.0,0.0,0.0,0.0,0.0,0.0,0.0,0.0,0.0,0.0,0.0,113.0,0.0,0.0,0.0,119.0,341.0,288.0,0.0,257.0,0.0,0.0,0.0,0.0,0.0,0.0,0.0,0.0,0.0,0.0,0.0,0.0,0.0,0.0,0.0,0.0,0.0,0.0,0.0,0.0,0.0,53.0,97.0,0.0,0.0,0.0,0.0,0.0,0.0,0.0,0.0,0.0,0.0,0.0,0.0,0.0,0.0,0.0,0.0,0.0,669.0,471.0,0.0,31.0
MYŚLENICKI,6731.0,4532.0,2199.0,65.0,59.0,6.0,0.0,0.0,0.0,0.0,3317.0,2777.0,540.0,119.0,116.0,3.0,97.0,92.0,5.0,1072.0,977.0,95.0,2029.0,1592.0,437.0,0.0,0.0,0.0,0.0,0.0,0.0,0.0,532.0,0.0,0.0,0.0,0.0,0.0,0.0,0.0,0.0,0.0,0.0,0.0,350.0,0.0,0.0,0.0,0.0,0.0,0.0,0.0,0.0,0.0,0.0,0.0,0.0,0.0,0.0,0.0,0.0,0.0,0.0,0.0,0.0,0.0,0.0,0.0,0.0,0.0,97.0,0.0,0.0,0.0,0.0,0.0,0.0,0.0,0.0,0.0,426.0,0.0,0.0,0.0,0.0,235.0,0.0,0.0,0.0,0.0,0.0,0.0,0.0,0.0,0.0,0.0,0.0,0.0,0.0,0.0,0.0,0.0,0.0,0.0,0.0,0.0,0.0,0.0,0.0,0.0,87.0,0.0,0.0,0.0,0.0,1057.0,0.0,322.0,0.0,0.0,615.0,0.0,395.0,0.0,0.0,128.0,0.0,0.0,0.0,0.0,0.0,0.0,0.0,0.0,162.0,0.0,0.0,0.0,0.0,0.0,0.0,199.0,0.0,0.0,0.0,155.0,0.0,0.0,0.0,0.0,0.0,0.0,0.0,0.0,0.0,0.0,0.0,0.0,0.0,401.0,214.0,187.0,123.0,938.0,588.0,350.0,0.0,742.0,664.0,0.0,0.0,0.0,175.0,0.0,0.0,0.0,0.0,121.0,0.0,0.0,0.0,21.0,215.0,196.0,19.0,0.0,0.0,0.0,0.0,0.0,84.0,0.0,0.0,0.0,0.0,0.0,0.0,0.0,0.0,0.0,131.0,2196.0,912.0,1284.0,371.0,0.0,117.0,0.0,69.0,0.0,0.0,0.0,0.0,0.0,0.0,0.0,0.0,0.0,0.0,0.0,0.0,0.0,0.0,0.0,254.0,349.0,330.0,0.0,282.0,0.0,0.0,0.0,0.0,0.0,0.0,0.0,0.0,0.0,0.0,0.0,0.0,0.0,0.0,0.0,0.0,0.0,0.0,0.0,0.0,0.0,19.0,124.0,0.0,0.0,0.0,0.0,0.0,0.0,0.0,0.0,0.0,0.0,0.0,0.0,0.0,0.0,0.0,0.0,0.0,703.0,614.0,0.0,35.0
NOWOSĄDECKI,26324.0,17552.0,8772.0,259.0,235.0,24.0,0.0,0.0,168.0,91.0,9130.0,7464.0,1666.0,941.0,819.0,122.0,458.0,422.0,36.0,2082.0,1796.0,286.0,5649.0,4427.0,1222.0,0.0,0.0,0.0,0.0,0.0,0.0,0.0,919.0,0.0,0.0,0.0,0.0,0.0,0.0,0.0,0.0,0.0,0.0,0.0,333.0,302.0,0.0,0.0,0.0,0.0,0.0,0.0,0.0,0.0,0.0,0.0,0.0,0.0,0.0,0.0,0.0,0.0,0.0,0.0,0.0,0.0,0.0,0.0,0.0,0.0,219.0,0.0,0.0,0.0,0.0,0.0,0.0,0.0,0.0,0.0,1708.0,0.0,0.0,0.0,595.0,602.0,195.0,0.0,0.0,0.0,0.0,0.0,0.0,0.0,0.0,0.0,0.0,0.0,0.0,0.0,0.0,0.0,0.0,0.0,0.0,0.0,0.0,0.0,0.0,0.0,0.0,0.0,0.0,0.0,0.0,2253.0,0.0,1067.0,0.0,0.0,877.0,0.0,1044.0,0.0,0.0,331.0,0.0,0.0,0.0,0.0,0.0,0.0,0.0,0.0,412.0,0.0,0.0,0.0,0.0,0.0,0.0,1037.0,0.0,0.0,0.0,635.0,0.0,0.0,0.0,0.0,0.0,0.0,0.0,0.0,0.0,0.0,0.0,0.0,0.0,1473.0,973.0,500.0,477.0,4193.0,2623.0,1570.0,0.0,2885.0,2662.0,0.0,0.0,0.0,1155.0,0.0,403.0,333.0,0.0,400.0,0.0,0.0,0.0,153.0,3263.0,3151.0,112.0,181.0,0.0,0.0,0.0,0.0,2660.0,0.0,307.0,0.0,0.0,0.0,0.0,0.0,0.0,0.0,115.0,9479.0,4079.0,5400.0,1468.0,0.0,385.0,152.0,197.0,0.0,268.0,0.0,0.0,0.0,284.0,0.0,0.0,0.0,0.0,0.0,516.0,380.0,0.0,0.0,15.0,854.0,689.0,0.0,527.0,0.0,0.0,0.0,0.0,0.0,0.0,0.0,0.0,0.0,0.0,0.0,0.0,0.0,0.0,0.0,0.0,0.0,0.0,0.0,0.0,0.0,165.0,879.0,517.0,250.0,0.0,0.0,0.0,0.0,0.0,0.0,344.0,0.0,0.0,0.0,0.0,0.0,0.0,18.0,0.0,2907.0,3003.0,19.0,368.0
NOWOTARSKI,15681.0,9283.0,6398.0,110.0,107.0,3.0,0.0,0.0,0.0,0.0,5238.0,4381.0,857.0,324.0,311.0,13.0,467.0,423.0,44.0,1555.0,1310.0,245.0,2892.0,2337.0,555.0,0.0,0.0,0.0,0.0,0.0,0.0,0.0,451.0,0.0,0.0,0.0,0.0,0.0,0.0,0.0,0.0,0.0,0.0,0.0,188.0,0.0,0.0,0.0,0.0,0.0,0.0,0.0,0.0,0.0,0.0,0.0,0.0,0.0,0.0,0.0,0.0,0.0,0.0,0.0,0.0,0.0,0.0,0.0,0.0,0.0,209.0,0.0,0.0,0.0,0.0,0.0,0.0,0.0,0.0,0.0,836.0,0.0,0.0,0.0,209.0,388.0,0.0,0.0,0.0,0.0,0.0,0.0,0.0,0.0,0.0,0.0,0.0,0.0,0.0,0.0,0.0,0.0,0.0,0.0,0.0,0.0,0.0,0.0,0.0,0.0,0.0,0.0,0.0,0.0,0.0,1188.0,0.0,531.0,0.0,0.0,411.0,0.0,675.0,0.0,0.0,232.0,0.0,0.0,0.0,0.0,0.0,0.0,0.0,0.0,336.0,0.0,0.0,0.0,0.0,0.0,0.0,866.0,0.0,0.0,0.0,537.0,0.0,0.0,0.0,0.0,0.0,0.0,0.0,0.0,0.0,0.0,0.0,0.0,0.0,644.0,494.0,150.0,369.0,3538.0,1745.0,1793.0,0.0,1572.0,1448.0,0.0,0.0,0.0,1868.0,0.0,269.0,1176.0,0.0,401.0,0.0,0.0,0.0,98.0,772.0,714.0,58.0,182.0,0.0,0.0,0.0,0.0,277.0,0.0,269.0,0.0,0.0,0.0,0.0,0.0,0.0,0.0,44.0,6023.0,2336.0,3687.0,1091.0,0.0,234.0,0.0,0.0,0.0,180.0,0.0,0.0,0.0,336.0,0.0,0.0,200.0,0.0,0.0,321.0,242.0,0.0,0.0,20.0,807.0,612.0,0.0,347.0,0.0,0.0,0.0,0.0,0.0,0.0,0.0,0.0,0.0,0.0,0.0,0.0,0.0,0.0,0.0,0.0,0.0,0.0,0.0,0.0,0.0,195.0,986.0,690.0,0.0,469.0,0.0,0.0,0.0,0.0,0.0,280.0,0.0,0.0,0.0,0.0,0.0,0.0,16.0,0.0,1931.0,994.0,0.0,214.0
ROPCZYCKI,8203.0,5505.0,2698.0,132.0,123.0,9.0,0.0,0.0,99.0,33.0,2781.0,2271.0,510.0,154.0,138.0,16.0,160.0,143.0,17.0,676.0,571.0,105.0,1791.0,1419.0,372.0,0.0,0.0,0.0,0.0,0.0,0.0,0.0,323.0,0.0,0.0,0.0,0.0,0.0,0.0,0.0,0.0,0.0,0.0,0.0,132.0,0.0,0.0,0.0,0.0,0.0,0.0,0.0,0.0,0.0,0.0,0.0,0.0,0.0,0.0,0.0,0.0,0.0,0.0,0.0,0.0,0.0,0.0,0.0,0.0,0.0,0.0,0.0,0.0,0.0,0.0,0.0,0.0,0.0,0.0,0.0,329.0,0.0,0.0,0.0,0.0,264.0,0.0,0.0,0.0,0.0,0.0,0.0,0.0,0.0,0.0,0.0,0.0,0.0,0.0,0.0,0.0,0.0,0.0,0.0,0.0,0.0,0.0,0.0,0.0,0.0,0.0,0.0,0.0,0.0,0.0,719.0,0.0,404.0,0.0,0.0,277.0,0.0,413.0,0.0,0.0,100.0,0.0,0.0,0.0,0.0,0.0,0.0,0.0,0.0,153.0,0.0,0.0,0.0,0.0,0.0,0.0,243.0,0.0,0.0,0.0,142.0,0.0,0.0,0.0,0.0,0.0,0.0,0.0,0.0,0.0,0.0,0.0,0.0,0.0,529.0,343.0,186.0,225.0,1461.0,966.0,495.0,0.0,1289.0,1198.0,0.0,0.0,0.0,149.0,0.0,0.0,0.0,0.0,77.0,0.0,0.0,0.0,23.0,740.0,713.0,27.0,66.0,0.0,0.0,0.0,0.0,602.0,0.0,0.0,0.0,0.0,0.0,0.0,0.0,0.0,0.0,72.0,3089.0,1432.0,1657.0,583.0,0.0,193.0,91.0,88.0,0.0,85.0,0.0,0.0,0.0,61.0,0.0,56.0,0.0,0.0,0.0,239.0,166.0,73.0,0.0,5.0,423.0,356.0,0.0,300.0,0.0,0.0,0.0,0.0,0.0,0.0,0.0,0.0,0.0,0.0,0.0,0.0,0.0,0.0,0.0,0.0,0.0,0.0,0.0,0.0,0.0,67.0,148.0,0.0,0.0,0.0,0.0,0.0,0.0,0.0,0.0,0.0,0.0,0.0,0.0,0.0,0.0,0.0,0.0,0.0,875.0,924.0,0.0,136.0
TARNOWSKI,28346.0,18510.0,9836.0,137.0,112.0,25.0,0.0,0.0,0.0,0.0,12014.0,9406.0,2608.0,3162.0,2762.0,400.0,733.0,579.0,154.0,3261.0,2484.0,777.0,4858.0,3581.0,1277.0,0.0,0.0,0.0,0.0,0.0,0.0,0.0,747.0,0.0,0.0,0.0,0.0,0.0,0.0,0.0,0.0,0.0,0.0,0.0,0.0,269.0,0.0,0.0,0.0,0.0,0.0,0.0,0.0,0.0,0.0,0.0,0.0,1667.0,0.0,0.0,0.0,0.0,0.0,0.0,0.0,1597.0,0.0,0.0,0.0,0.0,566.0,0.0,0.0,0.0,0.0,0.0,399.0,0.0,0.0,0.0,695.0,0.0,0.0,0.0,0.0,401.0,0.0,0.0,0.0,0.0,0.0,0.0,0.0,0.0,0.0,0.0,0.0,0.0,0.0,0.0,0.0,0.0,0.0,0.0,0.0,0.0,0.0,0.0,0.0,0.0,0.0,0.0,0.0,0.0,0.0,4224.0,0.0,2427.0,727.0,0.0,684.0,267.0,1215.0,0.0,189.0,273.0,0.0,0.0,0.0,0.0,0.0,0.0,0.0,0.0,496.0,0.0,0.0,0.0,0.0,0.0,0.0,1238.0,0.0,0.0,0.0,780.0,0.0,0.0,0.0,0.0,0.0,173.0,0.0,0.0,0.0,0.0,0.0,0.0,0.0,973.0,578.0,395.0,516.0,4735.0,3176.0,1559.0,0.0,3465.0,3262.0,0.0,0.0,0.0,943.0,0.0,501.0,0.0,0.0,342.0,0.0,0.0,184.0,143.0,1934.0,1832.0,102.0,222.0,0.0,0.0,0.0,0.0,1313.0,0.0,291.0,0.0,0.0,0.0,0.0,0.0,0.0,0.0,108.0,9526.0,3984.0,5542.0,1669.0,0.0,492.0,0.0,318.0,0.0,293.0,155.0,0.0,0.0,176.0,0.0,0.0,0.0,0.0,0.0,679.0,512.0,167.0,0.0,29.0,872.0,675.0,0.0,348.0,0.0,0.0,0.0,0.0,0.0,0.0,0.0,0.0,0.0,0.0,0.0,0.0,0.0,0.0,0.0,0.0,0.0,0.0,0.0,0.0,0.0,197.0,852.0,361.0,0.0,0.0,0.0,0.0,0.0,0.0,0.0,440.0,0.0,0.0,0.0,0.0,0.0,0.0,51.0,0.0,3177.0,2472.0,27.0,484.0
WADOWICKI,17871.0,11757.0,6114.0,250.0,230.0,20.0,0.0,0.0,120.0,130.0,9287.0,7003.0,2284.0,2684.0,1473.0,1211.0,683.0,648.0,35.0,2088.0,1760.0,328.0,3832.0,3122.0,710.0,172.0,0.0,153.0,0.0,0.0,0.0,0.0,732.0,0.0,0.0,0.0,0.0,0.0,0.0,0.0,0.0,0.0,0.0,0.0,253.0,0.0,0.0,0.0,0.0,0.0,0.0,0.0,0.0,0.0,0.0,0.0,0.0,0.0,0.0,0.0,0.0,0.0,0.0,0.0,0.0,0.0,0.0,0.0,0.0,0.0,371.0,0.0,0.0,0.0,0.0,0.0,166.0,0.0,0.0,0.0,1770.0,0.0,0.0,0.0,183.0,1381.0,0.0,0.0,0.0,0.0,0.0,0.0,0.0,0.0,1902.0,0.0,0.0,0.0,0.0,0.0,0.0,1807.0,0.0,0.0,0.0,0.0,0.0,0.0,0.0,0.0,0.0,0.0,0.0,0.0,0.0,1937.0,0.0,782.0,0.0,0.0,891.0,0.0,822.0,0.0,0.0,275.0,0.0,0.0,0.0,0.0,0.0,0.0,0.0,0.0,308.0,0.0,0.0,0.0,0.0,0.0,0.0,729.0,0.0,0.0,0.0,548.0,0.0,0.0,0.0,0.0,0.0,0.0,0.0,0.0,0.0,0.0,0.0,0.0,0.0,484.0,314.0,170.0,368.0,1898.0,1196.0,702.0,0.0,1446.0,1283.0,0.0,0.0,0.0,376.0,0.0,0.0,0.0,0.0,0.0,0.0,0.0,0.0,76.0,955.0,913.0,42.0,0.0,151.0,0.0,151.0,0.0,501.0,0.0,0.0,0.0,0.0,0.0,0.0,0.0,0.0,0.0,303.0,5481.0,2415.0,3066.0,888.0,0.0,273.0,0.0,144.0,0.0,229.0,0.0,0.0,0.0,0.0,0.0,0.0,0.0,0.0,0.0,272.0,0.0,0.0,0.0,114.0,607.0,531.0,0.0,448.0,0.0,0.0,0.0,0.0,0.0,0.0,0.0,0.0,0.0,0.0,0.0,0.0,0.0,0.0,0.0,0.0,0.0,0.0,0.0,0.0,0.0,76.0,325.0,0.0,0.0,0.0,0.0,0.0,0.0,0.0,0.0,0.0,0.0,0.0,0.0,0.0,0.0,0.0,0.0,0.0,1743.0,1685.0,0.0,233.0
ŻYWIECKI,20181.0,14935.0,5246.0,784.0,739.0,45.0,0.0,0.0,731.0,53.0,11980.0,10052.0,1928.0,6357.0,5263.0,1094.0,538.0,500.0,38.0,1798.0,1557.0,241.0,3287.0,2732.0,555.0,403.0,0.0,359.0,0.0,0.0,0.0,0.0,1980.0,0.0,0.0,0.0,0.0,0.0,649.0,0.0,0.0,0.0,0.0,511.0,204.0,0.0,0.0,0.0,0.0,0.0,0.0,0.0,0.0,0.0,0.0,0.0,0.0,188.0,0.0,0.0,0.0,0.0,0.0,0.0,0.0,0.0,0.0,0.0,0.0,0.0,591.0,0.0,238.0,0.0,0.0,0.0,207.0,0.0,0.0,0.0,1642.0,0.0,0.0,0.0,693.0,398.0,250.0,0.0,0.0,0.0,0.0,841.0,739.0,0.0,1456.0,0.0,0.0,0.0,0.0,0.0,0.0,0.0,204.0,0.0,0.0,537.0,0.0,0.0,0.0,0.0,249.0,170.0,0.0,0.0,0.0,1276.0,0.0,602.0,0.0,0.0,515.0,0.0,1193.0,0.0,0.0,295.0,0.0,0.0,0.0,367.0,0.0,0.0,0.0,0.0,352.0,0.0,0.0,0.0,0.0,0.0,0.0,1144.0,0.0,0.0,0.0,909.0,0.0,0.0,0.0,0.0,0.0,0.0,0.0,0.0,0.0,0.0,405.0,0.0,0.0,513.0,371.0,142.0,99.0,1507.0,915.0,592.0,0.0,1133.0,1042.0,0.0,0.0,0.0,319.0,0.0,0.0,0.0,0.0,233.0,0.0,0.0,0.0,55.0,1470.0,1425.0,45.0,0.0,0.0,0.0,0.0,0.0,1138.0,0.0,0.0,0.0,0.0,0.0,0.0,0.0,0.0,113.0,219.0,4440.0,1804.0,2636.0,583.0,0.0,262.0,0.0,162.0,0.0,0.0,0.0,0.0,0.0,0.0,0.0,0.0,0.0,0.0,0.0,0.0,0.0,0.0,0.0,321.0,457.0,403.0,0.0,357.0,0.0,0.0,0.0,0.0,0.0,0.0,0.0,0.0,0.0,0.0,0.0,0.0,0.0,0.0,0.0,0.0,0.0,0.0,0.0,0.0,0.0,54.0,308.0,0.0,0.0,0.0,0.0,0.0,0.0,0.0,0.0,0.0,0.0,0.0,0.0,0.0,0.0,0.0,0.0,0.0,1435.0,1565.0,0.0,92.0
BIALSKI (BIAŁA PODLASKA),13139.64793797965,9589.218538757015,3550.4293992226303,469.1799750624801,433.32012728090353,35.85984778157653,306.39527082183866,18.936315508721755,143.84838873191967,0.0,6090.907106847594,4977.163785211116,1113.7433216364784,926.3123533121732,836.8349433763849,89.47740993578826,163.87823468091344,153.7325189804558,10.14571570045761,1422.7541090077198,1180.211491974319,242.5426170334009,3577.9624098467884,2806.384830879957,771.5775789668317,0.0,0.0,0.0,0.0,0.0,0.0,0.0,1109.7404844026817,659.6680003038143,0.0,0.0,0.0,0.0,0.0,0.0,0.0,0.0,0.0,0.0,227.43382705053708,0.5338495062745238,0.0,0.0,0.0,0.0,0.0,0.0,0.0,0.0,0.0,0.0,0.0,0.0,0.0,0.0,0.0,0.0,0.0,0.0,0.0,0.0,0.0,0.0,0.0,0.0,144.05400609044136,0.0,0.0,0.0,0.0,0.0,0.0,0.0,0.0,0.0,723.0307220438718,136.1061988578653,1.300181862055695,0.0,0.4176080815212,396.8284435833765,0.0,0.0,0.0,0.0,0.0,0.0,0.0,0.0,0.0,0.0,0.0,0.0,0.0,0.0,0.0,0.0,0.0,0.0,0.0,0.0,0.0,0.0,0.0,0.0,4.374121761088034,3.917766537982392,0.0,0.0,0.0,1704.9797941106017,0.0,935.87996407865,0.0,0.0,586.5790700864384,0.0,696.0594604802355,0.0,195.6598190720481,159.66650891390296,0.0,0.0,0.0,0.0,0.0,0.0,0.0,0.0,238.04347438674603,0.0,0.0,0.0,0.0,0.0,0.0,658.3881415833598,0.0,0.0,0.0,458.2646558315494,0.0,0.0,0.0,0.0,0.0,0.0,0.0,0.0,0.0,0.0,0.0,0.0,0.0,790.0446235385863,510.76492424429017,279.27969929429617,260.2357528367287,2067.968749560914,1224.0449784161945,843.9237711447195,0.0,1541.0638463513656,1367.5058957322697,0.0,121.67763647170612,0.0,455.8859273696072,0.0,238.9551507696953,0.0,0.0,175.8452350207457,0.0,0.0,0.0,71.01897583994128,669.5402489017509,648.5696239673931,20.97062493435787,0.0,0.0,0.0,0.0,0.0,258.8634159927199,0.0,287.1629279575648,0.0,0.0,0.0,0.0,142.66117711992547,0.0,0.0,123.5139049514662,3842.05185760691,2306.120023881412,1535.931833725498,883.0816001838333,0.0,261.11729255400127,0.0,148.55314873709628,0.0,0.0,0.0,0.0,0.0,129.15186752936123,0.0,89.41283136648086,0.0,0.0,0.0,335.33953441649555,0.0,0.0,0.0,157.47290568397523,488.6372243636149,395.9253776763348,0.0,298.22462527892554,0.0,0.0,0.0,0.0,0.0,0.0,0.0,0.0,0.0,0.0,0.0,0.0,0.0,0.0,0.0,0.0,0.0,0.0,0.0,0.0,0.0,92.71184668728009,290.0271142450275,0.0,0.0,0.0,0.0,0.0,0.0,0.0,0.0,0.0,0.0,0.0,0.0,0.0,0.0,0.0,0.0,0.0,783.4121509933573,795.5954472941428,0.0,601.2983205269338
BIŁGORAJSKI,9122.0,6386.0,2736.0,226.0,208.0,18.0,0.0,0.0,186.0,40.0,4349.0,3429.0,920.0,206.0,202.0,4.0,119.0,102.0,17.0,1661.0,1245.0,416.0,2363.0,1880.0,483.0,0.0,0.0,0.0,0.0,0.0,0.0,0.0,279.0,0.0,0.0,0.0,0.0,0.0,0.0,0.0,0.0,0.0,0.0,0.0,208.0,0.0,0.0,0.0,0.0,0.0,0.0,0.0,0.0,0.0,0.0,0.0,0.0,0.0,0.0,0.0,0.0,0.0,0.0,0.0,0.0,0.0,0.0,0.0,0.0,0.0,89.0,0.0,0.0,0.0,0.0,0.0,0.0,0.0,0.0,0.0,1134.0,0.0,156.0,0.0,182.0,257.0,0.0,0.0,0.0,396.0,0.0,0.0,0.0,0.0,175.0,0.0,0.0,0.0,0.0,0.0,134.0,0.0,0.0,0.0,0.0,0.0,0.0,0.0,0.0,0.0,0.0,0.0,0.0,0.0,0.0,1356.0,0.0,672.0,0.0,0.0,535.0,0.0,556.0,0.0,145.0,179.0,0.0,0.0,0.0,0.0,0.0,0.0,0.0,0.0,212.0,0.0,0.0,0.0,0.0,0.0,0.0,356.0,0.0,0.0,0.0,237.0,0.0,0.0,0.0,0.0,0.0,0.0,0.0,0.0,0.0,0.0,0.0,0.0,0.0,227.0,154.0,73.0,177.0,2243.0,1486.0,757.0,0.0,1977.0,1650.0,0.0,266.0,0.0,198.0,0.0,0.0,0.0,0.0,119.0,0.0,0.0,0.0,68.0,347.0,330.0,17.0,0.0,0.0,0.0,0.0,0.0,0.0,0.0,243.0,0.0,0.0,0.0,0.0,116.0,0.0,0.0,104.0,1957.0,933.0,1024.0,413.0,0.0,163.0,0.0,112.0,0.0,0.0,0.0,0.0,0.0,81.0,0.0,0.0,0.0,0.0,0.0,110.0,0.0,69.0,0.0,59.0,400.0,331.0,0.0,268.0,0.0,0.0,0.0,0.0,0.0,0.0,0.0,0.0,0.0,0.0,0.0,0.0,0.0,0.0,0.0,0.0,0.0,0.0,0.0,0.0,0.0,69.0,208.0,0.0,0.0,0.0,0.0,0.0,0.0,0.0,0.0,0.0,0.0,0.0,0.0,0.0,0.0,0.0,0.0,0.0,522.0,381.0,0.0,33.0
CHEŁMSKI,18385.0,13179.0,5206.0,294.0,243.0,51.0,0.0,0.0,135.0,159.0,8335.0,6806.0,1529.0,1057.0,991.0,66.0,207.0,180.0,27.0,1716.0,1348.0,368.0,5355.0,4287.0,1068.0,0.0,0.0,0.0,0.0,0.0,0.0,0.0,740.0,0.0,0.0,0.0,0.0,0.0,0.0,0.0,0.0,0.0,0.0,0.0,336.0,0.0,0.0,0.0,0.0,0.0,0.0,0.0,0.0,0.0,0.0,0.0,0.0,0.0,0.0,0.0,0.0,0.0,0.0,0.0,0.0,0.0,0.0,0.0,0.0,0.0,764.0,0.0,0.0,0.0,281.0,0.0,139.0,0.0,232.0,0.0,901.0,0.0,0.0,0.0,0.0,547.0,0.0,0.0,0.0,0.0,0.0,0.0,0.0,0.0,0.0,0.0,0.0,0.0,0.0,0.0,0.0,0.0,0.0,0.0,0.0,0.0,0.0,0.0,0.0,0.0,0.0,0.0,0.0,0.0,0.0,2282.0,0.0,1276.0,0.0,0.0,840.0,0.0,1237.0,0.0,449.0,217.0,0.0,0.0,0.0,0.0,0.0,0.0,0.0,0.0,309.0,0.0,0.0,0.0,0.0,0.0,0.0,990.0,0.0,0.0,0.0,719.0,0.0,0.0,0.0,0.0,0.0,0.0,0.0,0.0,0.0,0.0,0.0,0.0,0.0,1033.0,716.0,317.0,388.0,3776.0,2430.0,1346.0,0.0,3014.0,2759.0,0.0,175.0,0.0,610.0,0.0,374.0,0.0,0.0,186.0,0.0,0.0,0.0,152.0,1459.0,1405.0,54.0,0.0,0.0,0.0,0.0,0.0,924.0,0.0,379.0,0.0,0.0,0.0,0.0,124.0,0.0,0.0,156.0,4521.0,2295.0,2226.0,779.0,0.0,287.0,0.0,172.0,0.0,0.0,0.0,0.0,0.0,188.0,0.0,126.0,0.0,0.0,0.0,190.0,0.0,0.0,0.0,114.0,773.0,597.0,0.0,420.0,0.0,0.0,0.0,0.0,0.0,0.0,0.0,0.0,0.0,0.0,0.0,0.0,0.0,0.0,0.0,0.0,0.0,0.0,0.0,0.0,0.0,176.0,432.0,211.0,0.0,0.0,0.0,0.0,0.0,0.0,0.0,209.0,0.0,0.0,0.0,0.0,0.0,0.0,12.0,0.0,1242.0,775.0,0.0,520.0
GARWOLIŃSKI,15028.0,11165.0,3863.0,383.0,342.0,41.0,0.0,0.0,178.0,205.0,7724.0,6469.0,1255.0,415.0,369.0,46.0,140.0,132.0,8.0,2356.0,2008.0,348.0,4813.0,3960.0,853.0,0.0,0.0,0.0,0.0,0.0,0.0,0.0,550.0,0.0,0.0,0.0,0.0,0.0,0.0,0.0,0.0,0.0,0.0,0.0,351.0,0.0,0.0,0.0,0.0,0.0,0.0,0.0,0.0,0.0,0.0,0.0,0.0,0.0,0.0,0.0,0.0,0.0,0.0,0.0,0.0,0.0,0.0,0.0,0.0,0.0,349.0,0.0,0.0,0.0,0.0,0.0,0.0,0.0,207.0,0.0,713.0,0.0,0.0,0.0,0.0,430.0,0.0,0.0,0.0,0.0,0.0,0.0,0.0,0.0,0.0,0.0,0.0,0.0,0.0,0.0,0.0,0.0,0.0,0.0,0.0,0.0,0.0,0.0,0.0,0.0,220.0,0.0,137.0,0.0,0.0,3490.0,0.0,1167.0,0.0,282.0,1909.0,0.0,1222.0,0.0,353.0,312.0,0.0,0.0,0.0,0.0,0.0,0.0,0.0,0.0,477.0,0.0,0.0,0.0,0.0,0.0,0.0,483.0,0.0,0.0,0.0,353.0,0.0,0.0,0.0,0.0,0.0,0.0,0.0,0.0,0.0,0.0,0.0,0.0,0.0,473.0,303.0,170.0,224.0,2728.0,1753.0,975.0,0.0,2389.0,2062.0,0.0,230.0,0.0,266.0,0.0,0.0,0.0,0.0,0.0,0.0,0.0,0.0,73.0,938.0,898.0,40.0,0.0,0.0,0.0,0.0,0.0,461.0,0.0,326.0,0.0,0.0,0.0,0.0,174.0,0.0,0.0,151.0,3255.0,1703.0,1552.0,582.0,0.0,223.0,0.0,0.0,0.0,0.0,0.0,0.0,0.0,0.0,0.0,0.0,0.0,0.0,0.0,188.0,0.0,0.0,0.0,171.0,627.0,504.0,0.0,453.0,0.0,0.0,0.0,0.0,0.0,0.0,0.0,0.0,0.0,0.0,0.0,0.0,0.0,0.0,0.0,0.0,0.0,0.0,0.0,0.0,0.0,123.0,249.0,0.0,0.0,0.0,0.0,0.0,0.0,0.0,0.0,0.0,0.0,0.0,0.0,0.0,0.0,0.0,0.0,0.0,708.0,739.0,0.0,350.0
HRUBIESZOWSKI,13262.0,9609.0,3653.0,344.0,319.0,25.0,125.0,21.0,198.0,0.0,6328.0,5214.0,1114.0,608.0,556.0,52.0,212.0,182.0,30.0,2007.0,1661.0,346.0,3501.0,2815.0,686.0,0.0,0.0,0.0,0.0,0.0,0.0,0.0,621.0,0.0,0.0,0.0,0.0,0.0,0.0,0.0,0.0,0.0,0.0,0.0,375.0,0.0,0.0,0.0,0.0,0.0,0.0,0.0,0.0,0.0,0.0,0.0,0.0,0.0,0.0,0.0,0.0,0.0,0.0,0.0,0.0,0.0,0.0,0.0,0.0,0.0,139.0,0.0,0.0,0.0,0.0,0.0,0.0,0.0,0.0,0.0,918.0,0.0,0.0,0.0,0.0,594.0,0.0,0.0,172.0,0.0,0.0,0.0,0.0,0.0,0.0,0.0,0.0,0.0,0.0,0.0,0.0,0.0,0.0,0.0,0.0,0.0,0.0,0.0,0.0,0.0,0.0,0.0,0.0,0.0,0.0,1908.0,0.0,1018.0,0.0,0.0,750.0,0.0,1114.0,0.0,368.0,0.0,0.0,359.0,0.0,0.0,0.0,0.0,0.0,0.0,219.0,0.0,0.0,0.0,0.0,0.0,0.0,746.0,0.0,0.0,0.0,607.0,0.0,0.0,0.0,0.0,0.0,0.0,0.0,0.0,0.0,0.0,0.0,0.0,0.0,512.0,325.0,187.0,370.0,2955.0,2020.0,935.0,0.0,2610.0,2159.0,0.0,386.0,0.0,239.0,0.0,0.0,0.0,0.0,0.0,0.0,0.0,0.0,106.0,535.0,516.0,19.0,0.0,0.0,0.0,0.0,0.0,230.0,0.0,228.0,0.0,0.0,0.0,0.0,106.0,0.0,0.0,77.0,3100.0,1540.0,1560.0,581.0,0.0,225.0,0.0,154.0,0.0,0.0,0.0,0.0,0.0,112.0,0.0,0.0,0.0,0.0,0.0,166.0,0.0,0.0,0.0,78.0,475.0,379.0,0.0,327.0,0.0,0.0,0.0,0.0,0.0,0.0,0.0,0.0,0.0,0.0,0.0,0.0,0.0,0.0,0.0,0.0,0.0,0.0,0.0,0.0,0.0,96.0,245.0,0.0,0.0,0.0,0.0,0.0,0.0,0.0,0.0,0.0,0.0,0.0,0.0,0.0,0.0,0.0,0.0,0.0,919.0,649.0,0.0,231.0
JANOWSKI,13644.0,9794.0,3850.0,342.0,314.0,28.0,0.0,0.0,219.0,123.0,6747.0,5494.0,1253.0,267.0,246.0,21.0,295.0,256.0,39.0,1607.0,1341.0,266.0,4578.0,3651.0,927.0,0.0,0.0,0.0,0.0,0.0,0.0,0.0,470.0,0.0,0.0,0.0,0.0,0.0,0.0,0.0,0.0,0.0,0.0,0.0,350.0,0.0,0.0,0.0,0.0,0.0,0.0,0.0,0.0,0.0,0.0,0.0,0.0,0.0,0.0,0.0,0.0,0.0,0.0,0.0,0.0,0.0,0.0,0.0,0.0,0.0,166.0,0.0,0.0,0.0,0.0,0.0,0.0,0.0,0.0,0.0,972.0,0.0,208.0,0.0,159.0,441.0,0.0,0.0,0.0,0.0,0.0,0.0,0.0,0.0,0.0,0.0,0.0,0.0,0.0,0.0,0.0,0.0,0.0,0.0,0.0,0.0,0.0,0.0,0.0,0.0,0.0,0.0,0.0,0.0,0.0,2298.0,0.0,1024.0,0.0,0.0,1108.0,0.0,1052.0,0.0,328.0,218.0,0.0,149.0,0.0,0.0,0.0,0.0,0.0,0.0,307.0,0.0,0.0,0.0,0.0,0.0,0.0,776.0,0.0,0.0,0.0,658.0,0.0,0.0,0.0,0.0,0.0,0.0,0.0,0.0,0.0,0.0,0.0,0.0,0.0,653.0,405.0,248.0,360.0,2853.0,1818.0,1035.0,0.0,2545.0,2283.0,0.0,207.0,0.0,250.0,0.0,0.0,0.0,0.0,0.0,0.0,0.0,0.0,58.0,515.0,487.0,28.0,0.0,0.0,0.0,0.0,0.0,171.0,0.0,231.0,0.0,0.0,0.0,0.0,127.0,0.0,0.0,113.0,3187.0,1681.0,1506.0,559.0,0.0,230.0,0.0,152.0,0.0,0.0,0.0,0.0,0.0,109.0,0.0,0.0,0.0,0.0,0.0,144.0,0.0,0.0,0.0,76.0,571.0,419.0,0.0,380.0,0.0,0.0,0.0,0.0,0.0,0.0,0.0,0.0,0.0,0.0,0.0,0.0,0.0,0.0,0.0,0.0,0.0,0.0,0.0,0.0,0.0,152.0,272.0,0.0,0.0,0.0,0.0,0.0,0.0,0.0,0.0,0.0,0.0,0.0,0.0,0.0,0.0,0.0,0.0,0.0,902.0,687.0,0.0,196.0
KRASNOSTAWSKI,9080.0,7187.0,2793.0,268.0,246.0,22.0,132.0,9.0,127.0,0.0,4689.0,3897.0,792.0,134.0,130.0,4.0,144.0,134.0,10.0,1188.0,966.0,222.0,3223.0,2667.0,556.0,0.0,0.0,0.0,0.0,0.0,0.0,0.0,403.0,0.0,0.0,0.0,0.0,0.0,0.0,0.0,0.0,0.0,0.0,0.0,294.0,0.0,0.0,0.0,0.0,0.0,0.0,0.0,0.0,0.0,0.0,0.0,0.0,0.0,0.0,0.0,0.0,0.0,0.0,0.0,0.0,0.0,0.0,0.0,0.0,0.0,0.0,0.0,0.0,0.0,0.0,0.0,0.0,0.0,0.0,0.0,644.0,0.0,0.0,0.0,0.0,389.0,0.0,0.0,0.0,0.0,0.0,0.0,0.0,0.0,0.0,0.0,0.0,0.0,0.0,0.0,0.0,0.0,0.0,0.0,0.0,0.0,0.0,0.0,0.0,0.0,77.0,0.0,0.0,0.0,0.0,1573.0,0.0,753.0,0.0,0.0,736.0,0.0,762.0,0.0,350.0,145.0,0.0,0.0,0.0,0.0,0.0,0.0,0.0,0.0,181.0,0.0,0.0,0.0,0.0,0.0,0.0,538.0,0.0,0.0,0.0,436.0,0.0,0.0,0.0,0.0,0.0,0.0,0.0,0.0,0.0,0.0,0.0,0.0,0.0,449.0,278.0,171.0,243.0,2182.0,1509.0,673.0,0.0,1883.0,1649.0,0.0,178.0,0.0,241.0,0.0,0.0,0.0,0.0,126.0,0.0,0.0,0.0,58.0,340.0,317.0,23.0,0.0,0.0,0.0,0.0,0.0,73.0,0.0,183.0,0.0,0.0,0.0,0.0,96.0,0.0,0.0,84.0,2501.0,1218.0,1283.0,508.0,0.0,213.0,0.0,145.0,0.0,0.0,0.0,0.0,0.0,113.0,0.0,0.0,0.0,0.0,0.0,118.0,0.0,0.0,0.0,64.0,539.0,449.0,0.0,379.0,0.0,0.0,0.0,0.0,0.0,0.0,0.0,0.0,0.0,0.0,0.0,0.0,0.0,0.0,0.0,0.0,0.0,0.0,0.0,0.0,0.0,90.0,200.0,0.0,0.0,0.0,0.0,0.0,0.0,0.0,0.0,0.0,0.0,0.0,0.0,0.0,0.0,0.0,0.0,0.0,689.0,498.0,0.0,67.0
LUBARTOWSKI,7788.0,5698.0,2090.0,162.0,149.0,13.0,0.0,0.0,90.0,72.0,3728.0,3180.0,548.0,312.0,293.0,19.0,166.0,158.0,8.0,1853.0,1575.0,278.0,1397.0,1154.0,243.0,0.0,0.0,0.0,0.0,0.0,0.0,0.0,255.0,0.0,0.0,0.0,0.0,0.0,0.0,0.0,0.0,0.0,0.0,0.0,146.0,0.0,0.0,0.0,0.0,0.0,0.0,0.0,0.0,0.0,0.0,0.0,0.0,0.0,0.0,0.0,0.0,0.0,0.0,0.0,0.0,0.0,0.0,0.0,0.0,0.0,334.0,0.0,0.0,0.0,0.0,0.0,0.0,0.0,244.0,0.0,438.0,0.0,0.0,0.0,0.0,253.0,0.0,0.0,0.0,0.0,0.0,0.0,0.0,0.0,0.0,0.0,0.0,0.0,0.0,0.0,0.0,0.0,0.0,0.0,0.0,0.0,0.0,0.0,0.0,0.0,0.0,0.0,0.0,0.0,0.0,1162.0,0.0,554.0,0.0,0.0,545.0,0.0,561.0,0.0,240.0,133.0,0.0,0.0,0.0,0.0,0.0,0.0,0.0,0.0,130.0,0.0,0.0,0.0,0.0,0.0,0.0,0.0,463.0,0.0,0.0,367.0,0.0,0.0,0.0,0.0,0.0,0.0,0.0,0.0,0.0,0.0,0.0,0.0,0.0,352.0,217.0,135.0,163.0,1701.0,1135.0,566.0,0.0,1481.0,1193.0,0.0,241.0,0.0,153.0,0.0,0.0,0.0,0.0,0.0,0.0,0.0,0.0,67.0,284.0,277.0,7.0,0.0,0.0,0.0,0.0,0.0,68.0,0.0,157.0,0.0,0.0,0.0,0.0,94.0,0.0,0.0,59.0,1913.0,957.0,956.0,448.0,0.0,191.0,0.0,124.0,0.0,0.0,0.0,0.0,0.0,61.0,0.0,0.0,0.0,0.0,0.0,144.0,0.0,0.0,0.0,52.0,427.0,374.0,0.0,306.0,0.0,0.0,0.0,0.0,0.0,0.0,0.0,0.0,0.0,0.0,0.0,0.0,0.0,0.0,0.0,0.0,0.0,0.0,0.0,0.0,0.0,53.0,161.0,0.0,0.0,0.0,0.0,0.0,0.0,0.0,0.0,0.0,0.0,0.0,0.0,0.0,0.0,0.0,0.0,0.0,505.0,352.0,0.0,20.0
LUBELSKI,12532.0,9109.0,3423.0,357.0,318.0,39.0,196.0,12.0,149.0,0.0,6229.0,5272.0,957.0,651.0,567.0,84.0,226.0,218.0,8.0,1323.0,1119.0,204.0,4029.0,3368.0,661.0,0.0,0.0,0.0,0.0,0.0,0.0,0.0,716.0,0.0,0.0,0.0,0.0,0.0,0.0,0.0,0.0,0.0,0.0,0.0,425.0,0.0,0.0,0.0,0.0,0.0,0.0,0.0,0.0,0.0,0.0,0.0,0.0,0.0,0.0,0.0,0.0,0.0,0.0,0.0,0.0,0.0,0.0,0.0,0.0,0.0,159.0,0.0,0.0,0.0,0.0,0.0,0.0,0.0,0.0,0.0,695.0,0.0,0.0,0.0,0.0,437.0,0.0,0.0,0.0,0.0,0.0,0.0,0.0,0.0,0.0,0.0,0.0,0.0,0.0,0.0,0.0,0.0,0.0,0.0,0.0,0.0,0.0,0.0,0.0,0.0,116.0,0.0,0.0,0.0,0.0,2040.0,0.0,769.0,0.0,0.0,1089.0,0.0,1431.0,0.0,554.0,141.0,0.0,337.0,0.0,0.0,0.0,0.0,0.0,0.0,294.0,0.0,0.0,0.0,0.0,0.0,0.0,672.0,0.0,0.0,0.0,557.0,0.0,0.0,0.0,0.0,0.0,0.0,0.0,0.0,0.0,0.0,0.0,0.0,0.0,235.0,161.0,74.0,165.0,2430.0,1658.0,772.0,0.0,2178.0,1955.0,0.0,175.0,0.0,175.0,0.0,0.0,0.0,0.0,0.0,0.0,0.0,0.0,77.0,764.0,734.0,30.0,0.0,0.0,0.0,0.0,0.0,364.0,0.0,286.0,0.0,0.0,0.0,0.0,146.0,0.0,0.0,114.0,2752.0,1127.0,1625.0,398.0,0.0,141.0,0.0,0.0,0.0,0.0,0.0,0.0,0.0,98.0,0.0,0.0,0.0,0.0,0.0,136.0,0.0,0.0,0.0,23.0,615.0,514.0,0.0,485.0,0.0,0.0,0.0,0.0,0.0,0.0,0.0,0.0,0.0,0.0,0.0,0.0,0.0,0.0,0.0,0.0,0.0,0.0,0.0,0.0,0.0,101.0,253.0,0.0,0.0,0.0,0.0,0.0,0.0,0.0,0.0,0.0,0.0,0.0,0.0,0.0,0.0,0.0,0.0,0.0,947.0,447.0,0.0,92.0
ŁUKOWSKI,10966.0,7933.0,3033.0,234.0,214.0,20.0,0.0,0.0,115.0,119.0,5682.0,4641.0,1041.0,567.0,468.0,99.0,194.0,185.0,9.0,1771.0,1442.0,329.0,3150.0,2546.0,604.0,0.0,0.0,0.0,0.0,0.0,0.0,0.0,481.0,0.0,0.0,0.0,0.0,0.0,0.0,0.0,0.0,0.0,0.0,0.0,305.0,0.0,0.0,0.0,0.0,0.0,0.0,0.0,0.0,0.0,0.0,0.0,0.0,0.0,0.0,0.0,0.0,0.0,0.0,0.0,0.0,0.0,0.0,0.0,0.0,0.0,526.0,0.0,0.0,0.0,0.0,0.0,0.0,0.0,454.0,0.0,528.0,0.0,0.0,0.0,0.0,297.0,0.0,0.0,0.0,0.0,0.0,0.0,0.0,0.0,0.0,0.0,0.0,0.0,0.0,0.0,0.0,0.0,0.0,0.0,0.0,0.0,0.0,0.0,0.0,0.0,0.0,0.0,0.0,0.0,0.0,2176.0,0.0,937.0,0.0,0.0,1099.0,0.0,810.0,0.0,294.0,193.0,0.0,0.0,0.0,0.0,0.0,0.0,0.0,0.0,235.0,0.0,0.0,0.0,0.0,0.0,0.0,393.0,0.0,0.0,0.0,268.0,0.0,0.0,0.0,0.0,0.0,0.0,0.0,0.0,0.0,0.0,0.0,0.0,0.0,488.0,299.0,189.0,280.0,2066.0,1272.0,794.0,0.0,1758.0,1541.0,0.0,157.0,0.0,243.0,0.0,130.0,0.0,0.0,0.0,0.0,0.0,0.0,65.0,642.0,628.0,14.0,0.0,0.0,0.0,0.0,0.0,331.0,0.0,213.0,0.0,0.0,0.0,0.0,90.0,0.0,0.0,98.0,2342.0,1178.0,1164.0,467.0,0.0,203.0,0.0,125.0,0.0,0.0,0.0,0.0,0.0,75.0,0.0,0.0,0.0,0.0,0.0,122.0,0.0,0.0,0.0,67.0,493.0,423.0,0.0,365.0,0.0,0.0,0.0,0.0,0.0,0.0,0.0,0.0,0.0,0.0,0.0,0.0,0.0,0.0,0.0,0.0,0.0,0.0,0.0,0.0,0.0,70.0,222.0,0.0,0.0,0.0,0.0,0.0,0.0,0.0,0.0,0.0,0.0,0.0,0.0,0.0,0.0,0.0,0.0,0.0,561.0,513.0,0.0,86.0
PUŁAWSKI,20494.0,15181.0,5313.0,375.0,334.0,41.0,0.0,0.0,148.0,227.0,9492.0,7986.0,1506.0,799.0,764.0,35.0,331.0,291.0,40.0,2186.0,1835.0,351.0,6176.0,5096.0,1080.0,0.0,0.0,0.0,0.0,0.0,0.0,0.0,993.0,0.0,0.0,0.0,0.0,0.0,0.0,392.0,0.0,0.0,0.0,0.0,326.0,0.0,0.0,0.0,0.0,0.0,0.0,0.0,0.0,0.0,0.0,0.0,0.0,0.0,0.0,0.0,0.0,0.0,0.0,0.0,0.0,0.0,0.0,0.0,0.0,0.0,0.0,0.0,0.0,0.0,0.0,0.0,0.0,0.0,0.0,0.0,951.0,0.0,0.0,0.0,0.0,600.0,0.0,0.0,0.0,0.0,0.0,0.0,0.0,0.0,0.0,0.0,0.0,0.0,0.0,0.0,0.0,0.0,0.0,0.0,0.0,0.0,0.0,0.0,0.0,0.0,135.0,0.0,0.0,0.0,0.0,3453.0,0.0,1444.0,0.0,0.0,1673.0,0.0,1610.0,0.0,430.0,307.0,0.0,273.0,0.0,0.0,0.0,0.0,0.0,0.0,503.0,0.0,0.0,0.0,0.0,0.0,0.0,1104.0,0.0,0.0,0.0,761.0,0.0,0.0,0.0,0.0,0.0,0.0,0.0,0.0,0.0,0.0,0.0,0.0,0.0,728.0,463.0,265.0,518.0,3568.0,2366.0,1202.0,0.0,2941.0,2615.0,0.0,229.0,0.0,476.0,0.0,225.0,0.0,0.0,205.0,0.0,0.0,0.0,151.0,1545.0,1493.0,52.0,0.0,0.0,0.0,0.0,0.0,766.0,0.0,442.0,0.0,0.0,0.0,0.0,174.0,99.0,0.0,337.0,5514.0,3002.0,2512.0,631.0,0.0,273.0,0.0,168.0,0.0,0.0,0.0,0.0,0.0,0.0,0.0,0.0,0.0,0.0,0.0,168.0,0.0,0.0,0.0,190.0,920.0,624.0,0.0,495.0,0.0,0.0,0.0,0.0,0.0,0.0,0.0,0.0,0.0,0.0,0.0,0.0,0.0,0.0,0.0,0.0,0.0,0.0,0.0,0.0,0.0,296.0,503.0,235.0,0.0,0.0,0.0,0.0,0.0,0.0,0.0,266.0,0.0,0.0,0.0,0.0,0.0,0.0,2.0,0.0,1320.0,764.0,0.0,1376.0
RADZYŃSKI,10554.364477689436,7626.026182511641,2928.3382951777958,289.7471757554364,267.8418909904206,21.90528476501581,93.59530763234028,13.939726668646426,182.2121414544497,0.0,5952.263287512023,4790.287500204139,1161.9757873078845,320.61371337886777,305.6782919481752,14.935421430692598,449.0583376828241,400.2692943425616,48.78904334026249,1400.9425301989656,1140.0705025428683,260.8720276560974,3781.648706251366,2944.2694113705343,837.3792948808317,0.0,0.0,0.0,0.0,0.0,0.0,0.0,465.9851486376091,0.0,0.0,0.0,0.0,0.0,0.0,0.0,0.0,0.0,0.0,0.0,213.07867907788108,123.46615049372548,0.0,0.0,0.0,0.0,0.0,0.0,0.0,0.0,0.0,0.0,0.0,0.0,0.0,0.0,0.0,0.0,0.0,0.0,0.0,0.0,0.0,0.0,0.0,0.0,0.0,0.0,0.0,0.0,0.0,0.0,0.0,0.0,0.0,0.0,868.245832504263,0.0,300.6998181379443,0.0,96.5823919184788,329.5749662372833,0.0,0.0,0.0,0.0,0.0,0.0,0.0,0.0,0.0,0.0,0.0,0.0,0.0,0.0,0.0,0.0,0.0,0.0,0.0,0.0,0.0,0.0,0.0,0.0,1011.625878238912,906.0822334620176,0.0,0.0,0.0,1648.870525948463,0.0,925.0004339408948,0.0,0.0,558.5847615079032,0.0,604.3867205620271,0.0,217.06145812606576,164.2896357376186,0.0,0.0,0.0,0.0,0.0,0.0,0.0,0.0,139.39726668646426,0.0,0.0,0.0,0.0,0.0,0.0,393.29943100823846,0.0,0.0,0.0,292.73426004157494,0.0,0.0,0.0,0.0,0.0,0.0,0.0,0.0,0.0,0.0,0.0,0.0,0.0,742.7882924864452,486.89473864057874,255.8935538458665,217.06145812606576,1734.5002754844338,1167.9499558801613,566.5503196042725,0.0,1420.856425439889,1260.5495687504554,0.0,109.52642382507904,0.0,202.1260366953732,0.0,120.47906620758695,0.0,0.0,0.0,0.0,0.0,0.0,111.5178133491714,445.0755586346394,420.1831895834851,24.892369051154333,0.0,0.0,0.0,0.0,0.0,129.44031906600253,0.0,240.95813241517396,0.0,0.0,0.0,0.0,137.4058771623719,0.0,0.0,74.677107153463,2132.778180302903,979.7636458534344,1153.0145344494686,432.1315267280392,0.0,191.17339431286527,0.0,121.47476096963314,0.0,0.0,0.0,0.0,0.0,0.0,0.0,0.0,0.0,0.0,0.0,124.46184525577164,0.0,0.0,0.0,116.49628715940229,424.1659686316698,350.48455624025297,0.0,271.8246700386053,0.0,0.0,0.0,0.0,0.0,0.0,0.0,0.0,0.0,0.0,0.0,0.0,0.0,0.0,0.0,0.0,0.0,0.0,0.0,0.0,0.0,73.68141239141681,214.07437383992723,0.0,0.0,0.0,0.0,0.0,0.0,0.0,0.0,0.0,0.0,0.0,0.0,0.0,0.0,0.0,0.0,0.0,587.4599096072423,418.1918000593928,0.0,56.75460143663187
SIEDLECKI,20773.0,15178.0,5595.0,363.0,318.0,45.0,0.0,0.0,221.0,142.0,8849.0,7062.0,1787.0,208.0,198.0,10.0,204.0,186.0,18.0,2919.0,2467.0,452.0,5518.0,4211.0,1307.0,0.0,0.0,0.0,0.0,0.0,0.0,0.0,708.0,0.0,0.0,0.0,0.0,0.0,0.0,0.0,0.0,0.0,0.0,0.0,337.0,0.0,0.0,0.0,0.0,0.0,0.0,0.0,0.0,0.0,0.0,0.0,0.0,0.0,0.0,0.0,0.0,0.0,0.0,0.0,0.0,0.0,0.0,0.0,0.0,0.0,0.0,0.0,0.0,0.0,0.0,0.0,0.0,0.0,0.0,0.0,679.0,0.0,0.0,0.0,0.0,485.0,0.0,0.0,0.0,0.0,0.0,0.0,0.0,0.0,0.0,0.0,0.0,0.0,0.0,0.0,0.0,0.0,0.0,0.0,0.0,0.0,0.0,0.0,0.0,0.0,0.0,0.0,0.0,0.0,0.0,3843.0,0.0,1551.0,0.0,0.0,1892.0,0.0,1057.0,0.0,284.0,279.0,0.0,0.0,0.0,0.0,0.0,0.0,0.0,0.0,376.0,0.0,0.0,0.0,0.0,0.0,0.0,738.0,0.0,0.0,0.0,430.0,0.0,0.0,0.0,0.0,0.0,0.0,0.0,0.0,0.0,0.0,0.0,0.0,0.0,1215.0,726.0,489.0,609.0,3429.0,2171.0,1258.0,0.0,2456.0,2158.0,0.0,191.0,0.0,768.0,0.0,529.0,0.0,0.0,200.0,0.0,0.0,0.0,205.0,1830.0,1761.0,69.0,0.0,0.0,0.0,0.0,0.0,1273.0,0.0,408.0,0.0,0.0,0.0,0.0,193.0,0.0,0.0,149.0,6302.0,3866.0,2436.0,1103.0,0.0,408.0,0.0,269.0,0.0,195.0,0.0,0.0,0.0,254.0,0.0,0.0,0.0,0.0,0.0,216.0,0.0,0.0,0.0,30.0,861.0,672.0,0.0,462.0,0.0,0.0,0.0,0.0,0.0,0.0,0.0,0.0,0.0,0.0,0.0,0.0,0.0,0.0,0.0,0.0,0.0,0.0,0.0,0.0,0.0,189.0,540.0,0.0,0.0,0.0,0.0,0.0,0.0,0.0,0.0,261.0,0.0,0.0,0.0,0.0,0.0,0.0,0.0,279.0,1089.0,2176.0,0.0,533.0
SOKOŁOWSKI,7010.0,5023.0,1987.0,155.0,135.0,20.0,0.0,0.0,77.0,78.0,3791.0,3066.0,725.0,149.0,149.0,0.0,104.0,94.0,10.0,833.0,708.0,125.0,2705.0,2115.0,590.0,0.0,0.0,0.0,0.0,0.0,0.0,0.0,295.0,0.0,0.0,0.0,0.0,0.0,0.0,0.0,0.0,0.0,0.0,0.0,187.0,0.0,0.0,0.0,0.0,0.0,0.0,0.0,0.0,0.0,0.0,0.0,0.0,0.0,0.0,0.0,0.0,0.0,0.0,0.0,0.0,0.0,0.0,0.0,0.0,0.0,0.0,0.0,0.0,0.0,0.0,0.0,0.0,0.0,0.0,0.0,384.0,0.0,0.0,0.0,0.0,251.0,0.0,0.0,0.0,0.0,0.0,0.0,0.0,0.0,0.0,0.0,0.0,0.0,0.0,0.0,0.0,0.0,0.0,0.0,0.0,0.0,0.0,0.0,0.0,0.0,0.0,0.0,0.0,0.0,0.0,1636.0,0.0,737.0,0.0,112.0,714.0,0.0,645.0,0.0,164.0,120.0,0.0,102.0,0.0,0.0,0.0,0.0,0.0,0.0,178.0,0.0,0.0,0.0,0.0,0.0,0.0,277.0,0.0,0.0,0.0,190.0,0.0,0.0,0.0,0.0,0.0,0.0,0.0,0.0,0.0,0.0,0.0,0.0,0.0,405.0,270.0,135.0,149.0,1178.0,775.0,403.0,0.0,985.0,864.0,0.0,89.0,0.0,147.0,0.0,0.0,0.0,0.0,0.0,0.0,0.0,0.0,46.0,260.0,250.0,10.0,0.0,0.0,0.0,0.0,0.0,63.0,0.0,139.0,0.0,0.0,0.0,0.0,73.0,0.0,0.0,58.0,1626.0,797.0,829.0,377.0,0.0,147.0,0.0,88.0,0.0,0.0,0.0,0.0,0.0,0.0,0.0,0.0,0.0,0.0,0.0,132.0,0.0,56.0,0.0,98.0,345.0,296.0,0.0,239.0,0.0,0.0,0.0,0.0,0.0,0.0,0.0,0.0,0.0,0.0,0.0,0.0,0.0,0.0,0.0,0.0,0.0,0.0,0.0,0.0,0.0,49.0,160.0,0.0,0.0,0.0,0.0,0.0,0.0,0.0,0.0,0.0,0.0,0.0,0.0,0.0,0.0,0.0,0.0,0.0,368.0,311.0,0.0,65.0
TOMASZOWSKI,10085.0,7202.0,2883.0,247.0,226.0,21.0,0.0,0.0,142.0,105.0,4541.0,3783.0,758.0,314.0,290.0,24.0,117.0,108.0,9.0,1164.0,952.0,212.0,2946.0,2433.0,513.0,0.0,0.0,0.0,0.0,0.0,0.0,0.0,335.0,0.0,0.0,0.0,0.0,0.0,0.0,0.0,0.0,0.0,0.0,0.0,253.0,0.0,0.0,0.0,0.0,0.0,0.0,0.0,0.0,0.0,0.0,0.0,0.0,0.0,0.0,0.0,0.0,0.0,0.0,0.0,0.0,0.0,0.0,0.0,0.0,0.0,92.0,0.0,0.0,0.0,0.0,0.0,85.0,0.0,0.0,0.0,704.0,0.0,126.0,0.0,114.0,295.0,0.0,0.0,0.0,0.0,0.0,0.0,0.0,0.0,112.0,0.0,0.0,0.0,0.0,0.0,0.0,0.0,0.0,0.0,0.0,0.0,0.0,0.0,0.0,0.0,0.0,0.0,0.0,0.0,0.0,1620.0,0.0,773.0,0.0,0.0,736.0,0.0,780.0,0.0,262.0,122.0,0.0,155.0,0.0,0.0,0.0,0.0,0.0,0.0,189.0,0.0,0.0,0.0,0.0,0.0,0.0,457.0,0.0,0.0,0.0,352.0,0.0,0.0,0.0,0.0,0.0,0.0,0.0,0.0,0.0,0.0,0.0,0.0,0.0,285.0,180.0,105.0,156.0,2567.0,1738.0,829.0,0.0,2289.0,2070.0,0.0,174.0,0.0,202.0,0.0,0.0,0.0,0.0,115.0,0.0,0.0,0.0,76.0,325.0,313.0,12.0,0.0,0.0,0.0,0.0,0.0,0.0,0.0,211.0,0.0,0.0,0.0,0.0,105.0,0.0,0.0,114.0,2405.0,1142.0,1263.0,495.0,0.0,211.0,0.0,143.0,0.0,0.0,0.0,0.0,0.0,94.0,0.0,0.0,0.0,0.0,0.0,125.0,0.0,0.0,0.0,65.0,441.0,348.0,0.0,301.0,0.0,0.0,0.0,0.0,0.0,0.0,0.0,0.0,0.0,0.0,0.0,0.0,0.0,0.0,0.0,0.0,0.0,0.0,0.0,0.0,0.0,93.0,171.0,0.0,0.0,0.0,0.0,0.0,0.0,0.0,0.0,0.0,0.0,0.0,0.0,0.0,0.0,0.0,0.0,0.0,817.0,379.0,0.0,102.0
WĘGROWSKI,8090.0,5975.0,2115.0,223.0,194.0,29.0,0.0,0.0,128.0,95.0,4774.0,3940.0,834.0,686.0,647.0,39.0,73.0,71.0,2.0,1045.0,834.0,211.0,2970.0,2388.0,582.0,0.0,0.0,0.0,0.0,0.0,0.0,0.0,894.0,0.0,0.0,0.0,0.0,0.0,0.0,0.0,0.0,0.0,0.0,0.0,201.0,0.0,0.0,0.0,564.0,0.0,0.0,0.0,0.0,0.0,0.0,0.0,0.0,0.0,0.0,0.0,0.0,0.0,0.0,0.0,0.0,0.0,0.0,0.0,0.0,0.0,0.0,0.0,0.0,0.0,0.0,0.0,0.0,0.0,0.0,0.0,614.0,0.0,0.0,0.0,86.0,394.0,0.0,0.0,0.0,0.0,0.0,0.0,0.0,0.0,0.0,0.0,0.0,0.0,0.0,0.0,0.0,0.0,0.0,0.0,0.0,0.0,0.0,0.0,0.0,0.0,140.0,0.0,97.0,0.0,0.0,1440.0,0.0,568.0,0.0,0.0,714.0,0.0,577.0,0.0,135.0,137.0,0.0,0.0,0.0,0.0,0.0,0.0,0.0,0.0,237.0,0.0,113.0,93.0,0.0,0.0,0.0,274.0,0.0,0.0,0.0,195.0,0.0,0.0,0.0,0.0,0.0,0.0,0.0,0.0,0.0,0.0,0.0,0.0,0.0,458.0,313.0,145.0,264.0,1089.0,672.0,417.0,0.0,951.0,868.0,0.0,0.0,0.0,105.0,0.0,0.0,0.0,0.0,0.0,0.0,0.0,0.0,33.0,384.0,366.0,18.0,0.0,0.0,0.0,0.0,0.0,128.0,0.0,192.0,0.0,0.0,0.0,0.0,125.0,0.0,0.0,64.0,1620.0,803.0,817.0,353.0,0.0,140.0,0.0,90.0,0.0,0.0,0.0,0.0,0.0,69.0,0.0,0.0,0.0,0.0,0.0,109.0,0.0,0.0,0.0,35.0,344.0,291.0,0.0,264.0,0.0,0.0,0.0,0.0,0.0,0.0,0.0,0.0,0.0,0.0,0.0,0.0,0.0,0.0,0.0,0.0,0.0,0.0,0.0,0.0,0.0,53.0,163.0,0.0,0.0,0.0,0.0,0.0,0.0,0.0,0.0,0.0,0.0,0.0,0.0,0.0,0.0,0.0,0.0,0.0,364.0,343.0,0.0,53.0
WŁODAWSKI,10364.0,7655.0,2709.0,242.0,225.0,17.0,0.0,0.0,133.0,109.0,5288.0,4328.0,960.0,668.0,568.0,100.0,107.0,98.0,9.0,1962.0,1645.0,317.0,2551.0,2017.0,534.0,0.0,0.0,0.0,0.0,0.0,0.0,0.0,359.0,0.0,0.0,0.0,0.0,0.0,0.0,0.0,0.0,0.0,0.0,0.0,235.0,0.0,0.0,0.0,0.0,0.0,0.0,0.0,0.0,0.0,0.0,0.0,0.0,0.0,0.0,0.0,0.0,0.0,0.0,0.0,0.0,0.0,0.0,0.0,0.0,0.0,641.0,0.0,0.0,0.0,0.0,0.0,0.0,0.0,528.0,0.0,688.0,0.0,0.0,0.0,114.0,379.0,0.0,0.0,0.0,0.0,0.0,0.0,0.0,0.0,0.0,0.0,0.0,0.0,0.0,0.0,0.0,0.0,0.0,0.0,0.0,0.0,0.0,0.0,0.0,0.0,111.0,0.0,0.0,0.0,0.0,1682.0,0.0,822.0,0.0,0.0,686.0,0.0,721.0,0.0,277.0,135.0,0.0,0.0,0.0,0.0,0.0,0.0,0.0,0.0,262.0,0.0,0.0,0.0,0.0,0.0,0.0,435.0,0.0,0.0,0.0,314.0,0.0,0.0,0.0,0.0,0.0,0.0,0.0,0.0,0.0,0.0,0.0,0.0,0.0,441.0,263.0,178.0,210.0,2290.0,1567.0,723.0,0.0,2018.0,1718.0,0.0,257.0,0.0,201.0,0.0,0.0,0.0,0.0,0.0,0.0,0.0,0.0,71.0,417.0,399.0,18.0,0.0,0.0,0.0,0.0,0.0,0.0,0.0,266.0,0.0,0.0,0.0,0.0,170.0,0.0,0.0,151.0,2127.0,1136.0,991.0,423.0,0.0,171.0,0.0,117.0,0.0,0.0,0.0,0.0,0.0,0.0,0.0,0.0,0.0,0.0,0.0,130.0,0.0,0.0,0.0,122.0,430.0,329.0,0.0,270.0,0.0,0.0,0.0,0.0,0.0,0.0,0.0,0.0,0.0,0.0,0.0,0.0,0.0,0.0,0.0,0.0,0.0,0.0,0.0,0.0,0.0,101.0,211.0,0.0,0.0,0.0,0.0,0.0,0.0,0.0,0.0,120.0,0.0,0.0,0.0,0.0,0.0,0.0,0.0,91.0,592.0,307.0,0.0,164.0
ZAMOJSKI,19523.0,13503.0,6020.0,440.0,399.0,41.0,0.0,0.0,284.0,156.0,9448.0,7524.0,1924.0,1886.0,1581.0,305.0,401.0,354.0,47.0,2987.0,2374.0,613.0,4174.0,3215.0,959.0,0.0,0.0,0.0,0.0,0.0,0.0,0.0,641.0,0.0,0.0,0.0,0.0,0.0,0.0,0.0,0.0,0.0,0.0,0.0,369.0,0.0,0.0,0.0,0.0,0.0,0.0,0.0,0.0,0.0,0.0,0.0,0.0,0.0,0.0,0.0,0.0,0.0,0.0,0.0,0.0,0.0,0.0,0.0,0.0,0.0,205.0,0.0,0.0,0.0,0.0,0.0,0.0,0.0,0.0,0.0,2189.0,287.0,210.0,0.0,708.0,591.0,232.0,0.0,0.0,0.0,0.0,0.0,0.0,0.0,0.0,0.0,0.0,0.0,0.0,0.0,0.0,0.0,0.0,0.0,0.0,0.0,0.0,0.0,0.0,0.0,0.0,0.0,0.0,0.0,0.0,2512.0,0.0,1334.0,0.0,0.0,974.0,0.0,1371.0,0.0,384.0,261.0,0.0,247.0,0.0,0.0,0.0,0.0,0.0,0.0,308.0,0.0,0.0,0.0,0.0,0.0,0.0,854.0,0.0,0.0,0.0,605.0,0.0,0.0,0.0,0.0,0.0,0.0,0.0,0.0,0.0,0.0,0.0,0.0,0.0,1086.0,663.0,423.0,590.0,3434.0,2231.0,1203.0,0.0,2671.0,2395.0,0.0,174.0,0.0,577.0,0.0,321.0,0.0,0.0,221.0,0.0,0.0,0.0,186.0,950.0,910.0,40.0,0.0,0.0,0.0,0.0,0.0,433.0,0.0,389.0,0.0,0.0,0.0,0.0,129.0,0.0,0.0,128.0,5251.0,2439.0,2812.0,999.0,0.0,316.0,0.0,181.0,0.0,220.0,0.0,0.0,0.0,168.0,0.0,0.0,0.0,0.0,0.0,269.0,0.0,0.0,0.0,26.0,754.0,576.0,0.0,405.0,0.0,0.0,0.0,0.0,0.0,0.0,0.0,0.0,0.0,0.0,0.0,0.0,0.0,0.0,0.0,0.0,0.0,0.0,0.0,0.0,0.0,178.0,429.0,0.0,0.0,0.0,0.0,0.0,0.0,0.0,0.0,233.0,0.0,0.0,0.0,0.0,0.0,0.0,0.0,196.0,1663.0,926.0,0.0,480.0
LUBLIN (MIASTO),44940.0,30203.0,14737.0,193.0,155.0,38.0,175.0,0.0,0.0,18.0,17544.0,13887.0,3657.0,3180.0,2868.0,312.0,872.0,716.0,156.0,3615.0,2918.0,697.0,9877.0,7385.0,2492.0,0.0,0.0,0.0,0.0,0.0,0.0,0.0,2561.0,0.0,564.0,0.0,0.0,0.0,0.0,0.0,0.0,0.0,0.0,0.0,172.0,542.0,139.0,0.0,343.0,0.0,0.0,0.0,0.0,192.0,0.0,0.0,0.0,0.0,0.0,0.0,0.0,0.0,0.0,0.0,0.0,0.0,0.0,0.0,0.0,0.0,563.0,0.0,0.0,0.0,0.0,0.0,237.0,0.0,171.0,0.0,902.0,0.0,0.0,0.0,0.0,612.0,0.0,0.0,0.0,0.0,0.0,0.0,0.0,0.0,290.0,0.0,0.0,0.0,0.0,0.0,0.0,0.0,0.0,0.0,0.0,0.0,0.0,0.0,0.0,0.0,530.0,0.0,352.0,0.0,0.0,4552.0,0.0,2357.0,361.0,0.0,1454.0,0.0,2554.0,0.0,302.0,594.0,0.0,462.0,0.0,0.0,0.0,0.0,0.0,0.0,678.0,0.0,405.0,0.0,256.0,0.0,0.0,1838.0,0.0,0.0,173.0,908.0,0.0,0.0,302.0,0.0,0.0,206.0,0.0,0.0,0.0,0.0,0.0,0.0,0.0,2859.0,1719.0,1140.0,284.0,8652.0,5607.0,3045.0,0.0,5280.0,4655.0,250.0,244.0,0.0,2517.0,0.0,1711.0,0.0,0.0,560.0,486.0,0.0,293.0,76.0,3597.0,3392.0,205.0,608.0,0.0,0.0,0.0,0.0,1815.0,0.0,1072.0,0.0,0.0,174.0,266.0,268.0,261.0,0.0,102.0,14954.0,7162.0,7792.0,3197.0,0.0,1412.0,762.0,475.0,175.0,615.0,410.0,0.0,0.0,430.0,0.0,304.0,0.0,0.0,0.0,578.0,389.0,189.0,0.0,162.0,1624.0,924.0,0.0,365.0,255.0,0.0,0.0,0.0,403.0,279.0,0.0,0.0,0.0,0.0,0.0,0.0,0.0,0.0,0.0,0.0,178.0,0.0,0.0,0.0,0.0,119.0,1766.0,725.0,0.0,380.0,0.0,0.0,0.0,0.0,0.0,867.0,0.0,0.0,379.0,419.0,0.0,0.0,174.0,0.0,3600.0,3407.0,155.0,1360.0
BÓBRECKI,8785.0,6583.0,2202.0,156.0,142.0,14.0,0.0,0.0,115.0,41.0,3895.0,3385.0,510.0,535.0,489.0,46.0,108.0,105.0,3.0,944.0,844.0,100.0,2308.0,1947.0,361.0,0.0,0.0,0.0,0.0,0.0,0.0,0.0,381.0,0.0,0.0,0.0,0.0,0.0,0.0,0.0,0.0,0.0,0.0,0.0,186.0,0.0,0.0,0.0,0.0,0.0,0.0,0.0,0.0,0.0,0.0,0.0,0.0,0.0,0.0,0.0,0.0,0.0,0.0,0.0,0.0,0.0,0.0,0.0,0.0,0.0,137.0,0.0,0.0,0.0,0.0,0.0,81.0,0.0,0.0,0.0,470.0,0.0,0.0,0.0,87.0,255.0,0.0,0.0,0.0,0.0,0.0,0.0,0.0,0.0,0.0,0.0,0.0,0.0,0.0,0.0,0.0,0.0,0.0,0.0,0.0,0.0,0.0,0.0,0.0,0.0,0.0,0.0,0.0,0.0,0.0,990.0,0.0,487.0,0.0,0.0,469.0,0.0,898.0,0.0,136.0,0.0,0.0,344.0,0.0,0.0,0.0,0.0,0.0,0.0,226.0,0.0,0.0,0.0,0.0,0.0,0.0,462.0,0.0,0.0,0.0,394.0,0.0,0.0,0.0,0.0,0.0,0.0,0.0,0.0,0.0,0.0,0.0,0.0,0.0,385.0,255.0,130.0,172.0,1624.0,1121.0,503.0,0.0,1388.0,1285.0,0.0,0.0,0.0,203.0,0.0,0.0,0.0,0.0,163.0,0.0,0.0,0.0,33.0,957.0,927.0,30.0,0.0,0.0,0.0,0.0,0.0,786.0,0.0,98.0,0.0,0.0,0.0,0.0,0.0,0.0,0.0,73.0,2153.0,1008.0,1145.0,413.0,0.0,121.0,0.0,68.0,0.0,0.0,0.0,0.0,0.0,78.0,0.0,72.0,0.0,0.0,0.0,117.0,0.0,0.0,0.0,97.0,317.0,264.0,0.0,233.0,0.0,0.0,0.0,0.0,0.0,0.0,0.0,0.0,0.0,0.0,0.0,0.0,0.0,0.0,0.0,0.0,0.0,0.0,0.0,0.0,0.0,53.0,125.0,0.0,0.0,0.0,0.0,0.0,0.0,0.0,0.0,0.0,0.0,0.0,0.0,0.0,0.0,0.0,0.0,0.0,695.0,561.0,0.0,42.0
BRZOZOWSKI,5952.0,3905.0,2047.0,94.0,80.0,14.0,0.0,0.0,0.0,0.0,2404.0,2057.0,347.0,42.0,39.0,3.0,397.0,394.0,3.0,630.0,527.0,103.0,1335.0,1097.0,238.0,465.0,0.0,0.0,0.0,0.0,0.0,452.0,234.0,0.0,0.0,0.0,0.0,0.0,0.0,0.0,0.0,0.0,0.0,0.0,125.0,0.0,0.0,0.0,0.0,0.0,0.0,0.0,0.0,0.0,0.0,0.0,0.0,0.0,0.0,0.0,0.0,0.0,0.0,0.0,0.0,0.0,0.0,0.0,0.0,0.0,0.0,0.0,0.0,0.0,0.0,0.0,0.0,0.0,0.0,0.0,303.0,0.0,0.0,0.0,0.0,178.0,0.0,0.0,0.0,0.0,0.0,0.0,0.0,0.0,0.0,0.0,0.0,0.0,0.0,0.0,0.0,0.0,0.0,0.0,0.0,0.0,0.0,0.0,0.0,0.0,0.0,0.0,0.0,0.0,0.0,690.0,0.0,309.0,0.0,0.0,341.0,0.0,299.0,0.0,0.0,0.0,0.0,0.0,0.0,0.0,0.0,0.0,0.0,0.0,127.0,0.0,0.0,0.0,0.0,0.0,0.0,182.0,0.0,0.0,0.0,140.0,0.0,0.0,0.0,0.0,0.0,0.0,0.0,0.0,0.0,0.0,0.0,0.0,0.0,73.0,41.0,32.0,158.0,1286.0,756.0,530.0,0.0,1095.0,1018.0,0.0,0.0,0.0,153.0,0.0,0.0,0.0,0.0,104.0,0.0,0.0,0.0,38.0,131.0,120.0,11.0,0.0,0.0,0.0,0.0,0.0,0.0,0.0,0.0,0.0,0.0,0.0,0.0,0.0,0.0,0.0,0.0,2037.0,892.0,1145.0,658.0,0.0,86.0,0.0,0.0,0.0,0.0,0.0,0.0,0.0,0.0,0.0,0.0,0.0,0.0,0.0,452.0,382.0,0.0,0.0,120.0,291.0,241.0,0.0,208.0,0.0,0.0,0.0,0.0,0.0,0.0,0.0,0.0,0.0,0.0,0.0,0.0,0.0,0.0,0.0,0.0,0.0,0.0,0.0,0.0,0.0,50.0,106.0,0.0,0.0,0.0,0.0,0.0,0.0,0.0,0.0,0.0,0.0,0.0,0.0,0.0,0.0,0.0,0.0,0.0,563.0,392.0,0.0,27.0
DOBROMILSKI,7181.0,5008.0,2173.0,194.0,181.0,13.0,0.0,0.0,167.0,27.0,2399.0,2017.0,382.0,186.0,177.0,9.0,130.0,122.0,8.0,356.0,319.0,37.0,1727.0,1399.0,328.0,101.0,0.0,0.0,0.0,0.0,80.0,0.0,304.0,0.0,0.0,0.0,0.0,0.0,0.0,0.0,0.0,0.0,0.0,0.0,166.0,0.0,0.0,0.0,0.0,0.0,0.0,0.0,0.0,0.0,0.0,0.0,0.0,0.0,0.0,0.0,0.0,0.0,0.0,0.0,0.0,0.0,0.0,0.0,0.0,0.0,0.0,0.0,0.0,0.0,0.0,0.0,0.0,0.0,0.0,0.0,541.0,0.0,0.0,0.0,216.0,213.0,0.0,0.0,0.0,0.0,0.0,0.0,0.0,0.0,0.0,0.0,0.0,0.0,0.0,0.0,0.0,0.0,0.0,0.0,0.0,0.0,0.0,0.0,0.0,0.0,0.0,0.0,0.0,0.0,0.0,630.0,0.0,307.0,0.0,0.0,278.0,0.0,278.0,0.0,0.0,0.0,0.0,0.0,0.0,0.0,0.0,0.0,0.0,0.0,116.0,0.0,0.0,0.0,0.0,0.0,0.0,177.0,0.0,0.0,0.0,141.0,0.0,0.0,0.0,0.0,0.0,0.0,0.0,0.0,0.0,0.0,0.0,0.0,0.0,211.0,141.0,70.0,157.0,1496.0,939.0,557.0,0.0,1290.0,1250.0,0.0,0.0,0.0,191.0,0.0,0.0,0.0,0.0,110.0,0.0,0.0,0.0,15.0,459.0,434.0,25.0,0.0,0.0,0.0,0.0,0.0,321.0,0.0,0.0,0.0,0.0,0.0,0.0,0.0,0.0,0.0,138.0,2633.0,1437.0,1196.0,561.0,0.0,105.0,0.0,0.0,0.0,0.0,0.0,0.0,0.0,97.0,0.0,0.0,0.0,0.0,0.0,275.0,223.0,0.0,0.0,84.0,357.0,316.0,0.0,198.0,0.0,0.0,0.0,0.0,0.0,0.0,0.0,0.0,0.0,0.0,0.0,0.0,0.0,0.0,0.0,0.0,0.0,0.0,0.0,0.0,0.0,41.0,104.0,0.0,0.0,0.0,0.0,0.0,0.0,0.0,0.0,0.0,0.0,0.0,0.0,0.0,0.0,0.0,0.0,0.0,725.0,829.0,0.0,57.0
DROHOBYCKI,39068.0,29722.0,9346.0,278.0,244.0,34.0,0.0,0.0,207.0,71.0,21300.0,19262.0,2038.0,5557.0,5318.0,239.0,5807.0,5694.0,113.0,2321.0,1948.0,373.0,7615.0,6302.0,1313.0,7225.0,446.0,0.0,0.0,0.0,0.0,6714.0,1629.0,0.0,0.0,0.0,0.0,0.0,0.0,0.0,0.0,0.0,0.0,0.0,463.0,574.0,0.0,0.0,0.0,0.0,0.0,0.0,0.0,0.0,0.0,0.0,0.0,1823.0,0.0,0.0,0.0,1803.0,0.0,0.0,0.0,0.0,0.0,0.0,0.0,0.0,226.0,0.0,0.0,0.0,0.0,0.0,0.0,0.0,0.0,0.0,1431.0,0.0,211.0,148.0,260.0,578.0,0.0,0.0,0.0,0.0,0.0,0.0,0.0,0.0,0.0,0.0,0.0,0.0,0.0,0.0,0.0,0.0,0.0,0.0,0.0,0.0,0.0,0.0,0.0,0.0,0.0,0.0,0.0,0.0,0.0,2523.0,0.0,1422.0,0.0,0.0,835.0,0.0,1022.0,0.0,0.0,338.0,0.0,0.0,0.0,0.0,0.0,0.0,0.0,0.0,502.0,0.0,0.0,0.0,0.0,0.0,0.0,1297.0,0.0,0.0,0.0,729.0,0.0,0.0,165.0,0.0,0.0,185.0,0.0,0.0,0.0,0.0,2225.0,0.0,0.0,1465.0,990.0,475.0,249.0,4966.0,3410.0,1556.0,0.0,3588.0,3329.0,0.0,0.0,0.0,1044.0,0.0,525.0,0.0,0.0,410.0,0.0,0.0,163.0,171.0,1547.0,1440.0,107.0,193.0,0.0,0.0,0.0,0.0,627.0,0.0,670.0,0.0,0.0,158.0,0.0,217.0,0.0,0.0,57.0,10977.0,5366.0,5611.0,1751.0,0.0,647.0,0.0,362.0,0.0,439.0,151.0,288.0,0.0,365.0,0.0,201.0,0.0,0.0,0.0,254.0,189.0,0.0,0.0,46.0,999.0,682.0,0.0,496.0,0.0,0.0,0.0,0.0,215.0,0.0,0.0,0.0,0.0,0.0,0.0,0.0,0.0,0.0,0.0,0.0,0.0,0.0,0.0,0.0,0.0,102.0,1013.0,489.0,0.0,0.0,0.0,0.0,0.0,0.0,0.0,474.0,0.0,0.0,291.0,0.0,0.0,0.0,50.0,0.0,3620.0,3130.0,55.0,464.0
GRÓDECKI,7170.0,5267.0,1903.0,216.0,198.0,18.0,0.0,0.0,154.0,62.0,2843.0,2436.0,407.0,215.0,206.0,9.0,116.0,114.0,2.0,651.0,578.0,73.0,1861.0,1538.0,323.0,0.0,0.0,0.0,0.0,0.0,0.0,0.0,337.0,0.0,0.0,0.0,0.0,0.0,0.0,0.0,0.0,0.0,0.0,0.0,182.0,0.0,0.0,0.0,0.0,0.0,0.0,0.0,0.0,0.0,0.0,0.0,0.0,0.0,0.0,0.0,0.0,0.0,0.0,0.0,0.0,0.0,0.0,0.0,0.0,0.0,123.0,0.0,0.0,0.0,0.0,0.0,0.0,0.0,0.0,0.0,398.0,0.0,0.0,0.0,96.0,169.0,0.0,0.0,0.0,0.0,0.0,0.0,0.0,0.0,0.0,0.0,0.0,0.0,0.0,0.0,0.0,0.0,0.0,0.0,0.0,0.0,0.0,0.0,0.0,0.0,0.0,0.0,0.0,0.0,0.0,755.0,0.0,331.0,0.0,0.0,382.0,0.0,413.0,0.0,91.0,0.0,0.0,0.0,0.0,0.0,0.0,0.0,0.0,0.0,163.0,0.0,0.0,0.0,0.0,0.0,0.0,375.0,0.0,0.0,0.0,295.0,0.0,0.0,0.0,0.0,0.0,88.0,0.0,0.0,0.0,77.0,0.0,0.0,0.0,244.0,161.0,83.0,110.0,1236.0,843.0,393.0,0.0,1029.0,979.0,0.0,0.0,0.0,183.0,0.0,0.0,0.0,0.0,119.0,0.0,0.0,0.0,24.0,791.0,743.0,48.0,0.0,0.0,0.0,0.0,0.0,653.0,0.0,0.0,0.0,0.0,0.0,0.0,0.0,0.0,0.0,138.0,2084.0,1047.0,1037.0,398.0,0.0,125.0,0.0,70.0,0.0,0.0,0.0,0.0,0.0,73.0,0.0,0.0,0.0,0.0,0.0,123.0,0.0,0.0,0.0,77.0,268.0,214.0,0.0,186.0,0.0,0.0,0.0,0.0,0.0,0.0,0.0,0.0,0.0,0.0,0.0,0.0,0.0,0.0,0.0,0.0,0.0,0.0,0.0,0.0,0.0,54.0,145.0,0.0,0.0,0.0,0.0,0.0,0.0,0.0,0.0,0.0,0.0,0.0,0.0,0.0,0.0,0.0,0.0,0.0,586.0,581.0,0.0,106.0
JAROSŁAWSKI,15587.0,10077.0,5510.0,246.0,220.0,26.0,0.0,0.0,167.0,79.0,5519.0,4354.0,1165.0,420.0,335.0,85.0,176.0,158.0,18.0,1014.0,820.0,194.0,3909.0,3041.0,868.0,0.0,0.0,0.0,0.0,0.0,0.0,0.0,554.0,0.0,0.0,0.0,0.0,0.0,0.0,0.0,0.0,0.0,0.0,0.0,224.0,0.0,0.0,0.0,0.0,0.0,0.0,0.0,0.0,0.0,0.0,0.0,0.0,0.0,0.0,0.0,0.0,0.0,0.0,0.0,0.0,0.0,0.0,0.0,0.0,0.0,212.0,0.0,0.0,0.0,0.0,0.0,142.0,0.0,0.0,0.0,673.0,0.0,0.0,0.0,0.0,388.0,0.0,0.0,0.0,0.0,0.0,0.0,0.0,0.0,0.0,0.0,0.0,0.0,0.0,0.0,0.0,0.0,0.0,0.0,0.0,0.0,0.0,0.0,0.0,0.0,0.0,0.0,0.0,0.0,0.0,1505.0,0.0,779.0,0.0,0.0,604.0,0.0,816.0,0.0,140.0,186.0,0.0,0.0,0.0,0.0,0.0,0.0,0.0,0.0,332.0,0.0,0.0,0.0,0.0,0.0,0.0,675.0,0.0,0.0,0.0,451.0,0.0,0.0,0.0,0.0,0.0,0.0,0.0,0.0,0.0,0.0,0.0,0.0,0.0,709.0,389.0,320.0,375.0,2971.0,1991.0,980.0,0.0,2279.0,2144.0,0.0,0.0,0.0,545.0,0.0,289.0,0.0,0.0,219.0,0.0,0.0,0.0,147.0,813.0,753.0,60.0,0.0,0.0,0.0,0.0,0.0,532.0,0.0,138.0,0.0,0.0,0.0,0.0,0.0,0.0,0.0,143.0,6038.0,2759.0,3279.0,915.0,0.0,239.0,0.0,0.0,0.0,169.0,0.0,0.0,0.0,126.0,0.0,0.0,0.0,0.0,0.0,366.0,246.0,0.0,0.0,15.0,623.0,491.0,0.0,361.0,0.0,0.0,0.0,0.0,0.0,0.0,0.0,0.0,0.0,0.0,0.0,0.0,0.0,0.0,0.0,0.0,0.0,0.0,0.0,0.0,0.0,132.0,357.0,0.0,0.0,0.0,0.0,0.0,0.0,0.0,0.0,0.0,0.0,0.0,0.0,0.0,0.0,0.0,0.0,0.0,1847.0,1460.0,0.0,836.0
JAWOROWSKI,4646.0,3092.0,1554.0,77.0,68.0,9.0,0.0,0.0,56.0,21.0,1715.0,1416.0,299.0,9.0,9.0,0.0,68.0,66.0,2.0,655.0,539.0,116.0,983.0,802.0,181.0,0.0,0.0,0.0,0.0,0.0,0.0,0.0,196.0,0.0,0.0,0.0,0.0,0.0,0.0,0.0,0.0,0.0,0.0,0.0,112.0,0.0,0.0,0.0,0.0,0.0,0.0,0.0,0.0,0.0,0.0,0.0,0.0,0.0,0.0,0.0,0.0,0.0,0.0,0.0,0.0,0.0,0.0,0.0,0.0,0.0,0.0,0.0,0.0,0.0,0.0,0.0,0.0,0.0,0.0,0.0,322.0,0.0,0.0,0.0,0.0,181.0,0.0,0.0,0.0,0.0,0.0,0.0,0.0,0.0,0.0,0.0,0.0,0.0,0.0,0.0,0.0,0.0,0.0,0.0,0.0,0.0,0.0,0.0,0.0,0.0,0.0,0.0,0.0,0.0,0.0,528.0,0.0,263.0,0.0,0.0,210.0,0.0,298.0,0.0,0.0,0.0,0.0,0.0,0.0,0.0,0.0,0.0,0.0,0.0,119.0,0.0,0.0,0.0,0.0,0.0,0.0,106.0,0.0,0.0,0.0,80.0,0.0,0.0,0.0,0.0,0.0,0.0,0.0,0.0,0.0,0.0,0.0,0.0,0.0,139.0,79.0,60.0,126.0,1051.0,689.0,362.0,0.0,922.0,841.0,0.0,0.0,0.0,106.0,0.0,0.0,0.0,0.0,0.0,0.0,0.0,0.0,23.0,115.0,108.0,7.0,0.0,0.0,0.0,0.0,0.0,0.0,0.0,0.0,0.0,0.0,0.0,0.0,0.0,0.0,0.0,0.0,1688.0,811.0,877.0,383.0,0.0,101.0,0.0,0.0,0.0,81.0,0.0,0.0,0.0,0.0,0.0,0.0,0.0,0.0,0.0,143.0,112.0,0.0,0.0,58.0,295.0,250.0,0.0,187.0,0.0,0.0,0.0,0.0,0.0,0.0,0.0,0.0,0.0,0.0,0.0,0.0,0.0,0.0,0.0,0.0,0.0,0.0,0.0,0.0,0.0,45.0,92.0,0.0,0.0,0.0,0.0,0.0,0.0,0.0,0.0,0.0,0.0,0.0,0.0,0.0,0.0,0.0,0.0,0.0,470.0,420.0,0.0,28.0
KOLBUSZOWSKI,4154.0,2869.0,1285.0,115.0,111.0,4.0,0.0,0.0,103.0,12.0,1526.0,1324.0,202.0,35.0,32.0,3.0,54.0,52.0,2.0,829.0,734.0,95.0,608.0,506.0,102.0,0.0,0.0,0.0,0.0,0.0,0.0,0.0,112.0,0.0,0.0,0.0,0.0,0.0,0.0,0.0,0.0,0.0,0.0,0.0,0.0,0.0,0.0,0.0,0.0,0.0,0.0,0.0,0.0,0.0,0.0,0.0,0.0,0.0,0.0,0.0,0.0,0.0,0.0,0.0,0.0,0.0,0.0,0.0,0.0,0.0,0.0,0.0,0.0,0.0,0.0,0.0,0.0,0.0,0.0,0.0,211.0,0.0,0.0,0.0,0.0,141.0,0.0,0.0,0.0,0.0,0.0,0.0,0.0,0.0,0.0,0.0,0.0,0.0,0.0,0.0,0.0,0.0,0.0,0.0,0.0,0.0,0.0,0.0,0.0,0.0,0.0,0.0,0.0,0.0,0.0,667.0,0.0,217.0,0.0,0.0,422.0,0.0,247.0,0.0,0.0,0.0,0.0,0.0,0.0,0.0,0.0,0.0,0.0,0.0,125.0,0.0,0.0,0.0,0.0,0.0,0.0,87.0,0.0,0.0,0.0,0.0,0.0,0.0,0.0,0.0,0.0,0.0,0.0,0.0,0.0,0.0,0.0,0.0,0.0,102.0,59.0,43.0,100.0,1191.0,758.0,433.0,0.0,1053.0,995.0,0.0,0.0,0.0,115.0,0.0,0.0,0.0,0.0,0.0,0.0,0.0,0.0,23.0,79.0,74.0,5.0,0.0,0.0,0.0,0.0,0.0,0.0,0.0,0.0,0.0,0.0,0.0,0.0,0.0,0.0,0.0,0.0,1243.0,602.0,641.0,265.0,0.0,78.0,0.0,0.0,0.0,0.0,0.0,0.0,0.0,0.0,0.0,0.0,0.0,0.0,0.0,0.0,0.0,0.0,0.0,187.0,236.0,197.0,0.0,174.0,0.0,0.0,0.0,0.0,0.0,0.0,0.0,0.0,0.0,0.0,0.0,0.0,0.0,0.0,0.0,0.0,0.0,0.0,0.0,0.0,0.0,39.0,92.0,0.0,0.0,0.0,0.0,0.0,0.0,0.0,0.0,0.0,0.0,0.0,0.0,0.0,0.0,0.0,0.0,0.0,301.0,338.0,0.0,11.0
KROŚNIEŃSKI,13134.0,8946.0,4188.0,149.0,122.0,27.0,0.0,0.0,0.0,0.0,6521.0,5429.0,1092.0,1346.0,990.0,356.0,1101.0,1072.0,29.0,1096.0,905.0,191.0,2978.0,2462.0,516.0,1402.0,0.0,0.0,0.0,0.0,0.0,1383.0,604.0,0.0,0.0,0.0,0.0,0.0,0.0,0.0,0.0,0.0,0.0,0.0,223.0,183.0,0.0,0.0,0.0,0.0,0.0,0.0,0.0,0.0,0.0,0.0,0.0,670.0,0.0,0.0,0.0,277.0,0.0,0.0,364.0,0.0,0.0,0.0,0.0,0.0,584.0,0.0,0.0,0.0,0.0,0.0,136.0,0.0,398.0,0.0,678.0,0.0,0.0,0.0,0.0,408.0,0.0,0.0,0.0,0.0,0.0,0.0,0.0,0.0,0.0,0.0,0.0,0.0,0.0,0.0,0.0,0.0,0.0,0.0,0.0,0.0,0.0,0.0,0.0,0.0,0.0,0.0,0.0,0.0,0.0,955.0,0.0,580.0,0.0,0.0,319.0,0.0,460.0,0.0,0.0,0.0,0.0,0.0,0.0,0.0,0.0,0.0,0.0,0.0,225.0,0.0,0.0,0.0,0.0,0.0,0.0,545.0,0.0,0.0,0.0,363.0,0.0,0.0,0.0,0.0,0.0,0.0,0.0,0.0,0.0,0.0,159.0,0.0,0.0,179.0,95.0,84.0,285.0,2045.0,1264.0,781.0,0.0,1643.0,1553.0,0.0,0.0,0.0,303.0,0.0,0.0,0.0,0.0,143.0,0.0,0.0,0.0,99.0,424.0,381.0,43.0,0.0,0.0,0.0,0.0,0.0,159.0,0.0,131.0,0.0,0.0,0.0,0.0,0.0,0.0,0.0,134.0,3995.0,1750.0,2245.0,712.0,0.0,172.0,0.0,0.0,0.0,116.0,0.0,0.0,0.0,0.0,0.0,0.0,0.0,0.0,0.0,306.0,227.0,0.0,0.0,118.0,468.0,407.0,0.0,299.0,0.0,0.0,0.0,0.0,0.0,0.0,0.0,0.0,0.0,0.0,0.0,0.0,0.0,0.0,0.0,0.0,0.0,0.0,0.0,0.0,0.0,61.0,429.0,271.0,0.0,0.0,0.0,0.0,0.0,0.0,0.0,0.0,0.0,0.0,0.0,0.0,0.0,0.0,0.0,158.0,1182.0,1125.0,0.0,79.0
LESKI,7959.0,5613.0,2346.0,185.0,162.0,23.0,0.0,0.0,149.0,36.0,3294.0,2898.0,396.0,687.0,674.0,13.0,207.0,206.0,1.0,465.0,391.0,74.0,1935.0,1627.0,308.0,409.0,0.0,0.0,0.0,0.0,0.0,397.0,257.0,0.0,0.0,0.0,0.0,0.0,0.0,0.0,0.0,0.0,0.0,0.0,134.0,0.0,0.0,0.0,0.0,0.0,0.0,0.0,0.0,0.0,0.0,0.0,0.0,63.0,0.0,0.0,0.0,0.0,0.0,0.0,0.0,0.0,0.0,0.0,0.0,0.0,0.0,0.0,0.0,0.0,0.0,0.0,0.0,0.0,0.0,0.0,1231.0,0.0,388.0,0.0,557.0,200.0,0.0,0.0,0.0,0.0,0.0,0.0,0.0,0.0,0.0,0.0,0.0,0.0,0.0,0.0,0.0,0.0,0.0,0.0,0.0,0.0,0.0,0.0,0.0,0.0,0.0,0.0,0.0,0.0,0.0,557.0,0.0,263.0,0.0,0.0,263.0,0.0,304.0,0.0,0.0,0.0,0.0,0.0,0.0,0.0,0.0,0.0,0.0,0.0,125.0,0.0,0.0,0.0,0.0,0.0,0.0,183.0,0.0,0.0,0.0,133.0,0.0,0.0,0.0,0.0,0.0,0.0,0.0,0.0,0.0,0.0,0.0,0.0,0.0,192.0,110.0,82.0,98.0,1761.0,1115.0,646.0,0.0,1515.0,1420.0,0.0,0.0,0.0,206.0,0.0,0.0,0.0,0.0,121.0,0.0,0.0,0.0,40.0,388.0,342.0,46.0,0.0,0.0,0.0,0.0,0.0,231.0,0.0,73.0,0.0,0.0,0.0,0.0,0.0,0.0,0.0,84.0,2331.0,1096.0,1235.0,537.0,0.0,129.0,0.0,0.0,0.0,117.0,0.0,0.0,0.0,136.0,0.0,0.0,0.0,0.0,0.0,152.0,102.0,0.0,0.0,3.0,285.0,205.0,0.0,171.0,0.0,0.0,0.0,0.0,0.0,0.0,0.0,0.0,0.0,0.0,0.0,0.0,0.0,0.0,0.0,0.0,0.0,0.0,0.0,0.0,0.0,80.0,106.0,0.0,0.0,0.0,0.0,0.0,0.0,0.0,0.0,0.0,0.0,0.0,0.0,0.0,0.0,0.0,0.0,0.0,811.0,545.0,0.0,47.0
LWOWSKI,16090.0,11665.0,4425.0,349.0,267.0,82.0,0.0,0.0,172.0,171.0,7407.0,6114.0,1293.0,1408.0,1000.0,408.0,405.0,379.0,26.0,1365.0,1210.0,155.0,4220.0,3525.0,704.0,0.0,0.0,0.0,0.0,0.0,0.0,0.0,871.0,0.0,0.0,0.0,0.0,0.0,0.0,0.0,0.0,0.0,0.0,0.0,316.0,280.0,0.0,0.0,0.0,0.0,0.0,0.0,0.0,0.0,0.0,0.0,0.0,0.0,0.0,0.0,0.0,0.0,0.0,0.0,0.0,0.0,0.0,0.0,0.0,0.0,480.0,0.0,0.0,0.0,0.0,0.0,221.0,0.0,0.0,0.0,987.0,0.0,0.0,0.0,0.0,676.0,0.0,0.0,0.0,0.0,0.0,0.0,0.0,0.0,0.0,0.0,0.0,0.0,0.0,0.0,0.0,0.0,0.0,0.0,0.0,0.0,0.0,0.0,0.0,0.0,0.0,0.0,0.0,0.0,0.0,1653.0,0.0,870.0,0.0,0.0,672.0,0.0,1316.0,156.0,203.0,0.0,0.0,0.0,0.0,0.0,0.0,0.0,0.0,0.0,242.0,451.0,0.0,0.0,0.0,0.0,0.0,1014.0,0.0,0.0,0.0,728.0,0.0,0.0,0.0,0.0,0.0,0.0,0.0,0.0,0.0,0.0,0.0,0.0,0.0,575.0,421.0,154.0,511.0,1845.0,1203.0,642.0,0.0,1418.0,1344.0,0.0,0.0,0.0,345.0,0.0,0.0,0.0,0.0,211.0,0.0,0.0,0.0,82.0,1814.0,1759.0,55.0,169.0,0.0,0.0,0.0,0.0,1334.0,0.0,166.0,0.0,0.0,0.0,0.0,0.0,0.0,0.0,145.0,4675.0,2322.0,2353.0,775.0,0.0,261.0,0.0,170.0,0.0,0.0,0.0,0.0,0.0,142.0,0.0,121.0,0.0,0.0,0.0,259.0,0.0,0.0,0.0,113.0,517.0,409.0,0.0,311.0,0.0,0.0,0.0,0.0,0.0,0.0,0.0,0.0,0.0,0.0,0.0,0.0,0.0,0.0,0.0,0.0,0.0,0.0,0.0,0.0,0.0,108.0,346.0,0.0,0.0,0.0,0.0,0.0,0.0,0.0,0.0,0.0,0.0,0.0,0.0,0.0,0.0,0.0,0.0,0.0,1060.0,1593.0,0.0,384.0
LWÓW (MIASTO),154951.0,91582.0,63369.0,524.0,408.0,116.0,334.0,3.0,187.0,0.0,45308.0,33782.0,11526.0,2729.0,6003.0,1781.0,3428.0,2770.0,658.0,13082.0,10105.0,2977.0,21014.0,14904.0,6110.0,128.0,0.0,0.0,0.0,0.0,0.0,0.0,4981.0,420.0,0.0,0.0,0.0,0.0,0.0,160.0,0.0,156.0,0.0,0.0,259.0,1724.0,483.0,268.0,0.0,0.0,0.0,0.0,375.0,164.0,0.0,517.0,455.0,902.0,257.0,0.0,0.0,121.0,0.0,0.0,0.0,0.0,196.0,0.0,0.0,154.0,1259.0,108.0,0.0,0.0,0.0,203.0,521.0,122.0,161.0,120.0,3174.0,369.0,0.0,0.0,313.0,1023.0,0.0,0.0,117.0,0.0,319.0,604.0,28.0,576.0,369.0,0.0,0.0,0.0,0.0,0.0,0.0,0.0,0.0,0.0,0.0,0.0,0.0,0.0,0.0,0.0,627.0,52.0,286.0,185.0,104.0,11042.0,239.0,6339.0,1085.0,455.0,2008.0,916.0,6087.0,284.0,362.0,1533.0,879.0,0.0,0.0,497.0,480.0,73.0,0.0,0.0,1866.0,0.0,2311.0,120.0,1628.0,387.0,176.0,6158.0,210.0,40.0,283.0,3018.0,1129.0,134.0,1052.0,184.0,108.0,1189.0,15.0,662.0,288.0,224.0,977.0,973.0,4.0,5500.0,3369.0,2131.0,0.0,30797.0,19853.0,10944.0,199.0,17223.0,15713.0,485.0,615.0,410.0,9132.0,15.0,5255.0,749.0,448.0,2665.0,1891.0,497.0,1855.0,0.0,11080.0,9889.0,1191.0,2115.0,21.0,0.0,0.0,0.0,5431.0,1055.0,2372.0,582.0,250.0,206.0,570.0,451.0,313.0,86.0,0.0,67242.0,27650.0,39592.0,9937.0,29.0,4126.0,1836.0,1458.0,832.0,2148.0,728.0,1417.0,3.0,1075.0,0.0,830.0,0.0,85.0,111.0,2048.0,1550.0,498.0,511.0,0.0,7242.0,3549.0,471.0,776.0,786.0,853.0,41.0,622.0,2007.0,1624.0,326.0,0.0,0.0,327.0,206.0,121.0,556.0,255.0,259.0,42.0,803.0,0.0,499.0,182.0,0.0,0.0,6944.0,3733.0,213.0,2326.0,481.0,439.0,0.0,0.0,0.0,2828.0,0.0,0.0,1499.0,738.0,375.0,96.0,383.0,0.0,21015.0,17364.0,0.0,4740.0
ŁAŃCUCKI,7835.0,5319.0,2516.0,221.0,178.0,43.0,0.0,0.0,141.0,80.0,2995.0,2534.0,461.0,195.0,171.0,24.0,119.0,109.0,10.0,485.0,412.0,73.0,2196.0,1842.0,354.0,0.0,0.0,0.0,0.0,0.0,0.0,0.0,259.0,0.0,0.0,0.0,0.0,0.0,0.0,0.0,0.0,0.0,0.0,0.0,123.0,0.0,0.0,0.0,0.0,0.0,0.0,0.0,0.0,0.0,0.0,0.0,0.0,0.0,0.0,0.0,0.0,0.0,0.0,0.0,0.0,0.0,0.0,0.0,0.0,0.0,119.0,0.0,0.0,0.0,0.0,0.0,0.0,0.0,0.0,0.0,337.0,0.0,0.0,0.0,0.0,209.0,0.0,0.0,0.0,0.0,0.0,0.0,0.0,0.0,0.0,0.0,0.0,0.0,0.0,0.0,0.0,0.0,0.0,0.0,0.0,0.0,0.0,0.0,0.0,0.0,0.0,0.0,0.0,0.0,0.0,759.0,0.0,402.0,0.0,0.0,316.0,0.0,458.0,0.0,91.0,100.0,0.0,0.0,0.0,0.0,0.0,0.0,0.0,0.0,141.0,0.0,0.0,0.0,0.0,0.0,0.0,702.0,0.0,0.0,0.0,615.0,0.0,0.0,0.0,0.0,0.0,0.0,0.0,0.0,0.0,0.0,0.0,0.0,0.0,185.0,111.0,74.0,176.0,1677.0,1084.0,593.0,0.0,1435.0,1359.0,0.0,0.0,0.0,200.0,0.0,0.0,0.0,0.0,99.0,0.0,0.0,0.0,42.0,331.0,308.0,23.0,0.0,0.0,0.0,0.0,0.0,194.0,0.0,0.0,0.0,0.0,0.0,0.0,0.0,0.0,0.0,137.0,2611.0,1215.0,1396.0,500.0,0.0,135.0,0.0,88.0,0.0,0.0,0.0,0.0,0.0,0.0,0.0,0.0,0.0,0.0,0.0,216.0,0.0,0.0,0.0,149.0,398.0,291.0,0.0,291.0,0.0,0.0,0.0,0.0,0.0,0.0,0.0,0.0,0.0,0.0,0.0,0.0,0.0,0.0,0.0,0.0,0.0,0.0,0.0,0.0,0.0,107.0,126.0,0.0,0.0,0.0,0.0,0.0,0.0,0.0,0.0,0.0,0.0,0.0,0.0,0.0,0.0,0.0,0.0,0.0,762.0,626.0,0.0,199.0
MOŚCISKI,5732.0,4089.0,1643.0,77.0,69.0,8.0,0.0,0.0,58.0,19.0,1931.0,1658.0,273.0,43.0,43.0,0.0,92.0,89.0,3.0,1187.0,1063.0,124.0,609.0,463.0,146.0,0.0,0.0,0.0,0.0,0.0,0.0,0.0,221.0,0.0,0.0,0.0,0.0,0.0,0.0,0.0,0.0,0.0,0.0,0.0,110.0,0.0,0.0,0.0,0.0,0.0,0.0,0.0,0.0,0.0,0.0,0.0,0.0,0.0,0.0,0.0,0.0,0.0,0.0,0.0,0.0,0.0,0.0,0.0,0.0,0.0,0.0,0.0,0.0,0.0,0.0,0.0,0.0,0.0,0.0,0.0,249.0,0.0,0.0,0.0,0.0,188.0,0.0,0.0,0.0,0.0,0.0,0.0,0.0,0.0,0.0,0.0,0.0,0.0,0.0,0.0,0.0,0.0,0.0,0.0,0.0,0.0,0.0,0.0,0.0,0.0,0.0,0.0,0.0,0.0,0.0,637.0,0.0,333.0,0.0,0.0,283.0,0.0,328.0,0.0,99.0,0.0,0.0,0.0,0.0,0.0,0.0,0.0,0.0,0.0,118.0,0.0,0.0,0.0,0.0,0.0,0.0,199.0,0.0,0.0,0.0,164.0,0.0,0.0,0.0,0.0,0.0,0.0,0.0,0.0,0.0,0.0,0.0,0.0,0.0,167.0,105.0,62.0,130.0,1268.0,847.0,421.0,0.0,1074.0,898.0,0.0,114.0,0.0,163.0,0.0,0.0,0.0,0.0,94.0,0.0,0.0,0.0,31.0,660.0,643.0,17.0,0.0,0.0,0.0,0.0,0.0,571.0,0.0,0.0,0.0,0.0,0.0,0.0,0.0,0.0,0.0,89.0,1796.0,872.0,924.0,336.0,0.0,94.0,0.0,0.0,0.0,0.0,0.0,0.0,0.0,0.0,0.0,0.0,0.0,0.0,0.0,120.0,0.0,0.0,0.0,122.0,237.0,197.0,0.0,188.0,0.0,0.0,0.0,0.0,0.0,0.0,0.0,0.0,0.0,0.0,0.0,0.0,0.0,0.0,0.0,0.0,0.0,0.0,0.0,0.0,0.0,40.0,96.0,0.0,0.0,0.0,0.0,0.0,0.0,0.0,0.0,0.0,0.0,0.0,0.0,0.0,0.0,0.0,0.0,0.0,572.0,544.0,0.0,11.0
NIŻAŃSKI,5268.0,3719.0,1549.0,174.0,162.0,12.0,0.0,0.0,146.0,28.0,2396.0,1967.0,429.0,157.0,142.0,15.0,76.0,71.0,5.0,1001.0,835.0,166.0,1162.0,919.0,243.0,0.0,0.0,0.0,0.0,0.0,0.0,0.0,156.0,0.0,0.0,0.0,0.0,0.0,0.0,0.0,0.0,0.0,0.0,0.0,85.0,0.0,0.0,0.0,0.0,0.0,0.0,0.0,0.0,0.0,0.0,0.0,0.0,0.0,0.0,0.0,0.0,0.0,0.0,0.0,0.0,0.0,0.0,0.0,0.0,0.0,0.0,0.0,0.0,0.0,0.0,0.0,0.0,0.0,0.0,0.0,954.0,0.0,0.0,0.0,106.0,148.0,0.0,0.0,0.0,657.0,0.0,0.0,0.0,0.0,0.0,0.0,0.0,0.0,0.0,0.0,0.0,0.0,0.0,0.0,0.0,0.0,0.0,0.0,0.0,0.0,0.0,0.0,0.0,0.0,0.0,500.0,0.0,249.0,0.0,0.0,236.0,0.0,204.0,0.0,0.0,0.0,0.0,0.0,0.0,0.0,0.0,0.0,0.0,0.0,87.0,0.0,0.0,0.0,0.0,0.0,0.0,141.0,0.0,0.0,0.0,105.0,0.0,0.0,0.0,0.0,0.0,0.0,0.0,0.0,0.0,0.0,0.0,0.0,0.0,255.0,159.0,96.0,186.0,920.0,578.0,342.0,0.0,808.0,765.0,0.0,0.0,0.0,92.0,0.0,0.0,0.0,0.0,0.0,0.0,0.0,0.0,20.0,246.0,225.0,21.0,0.0,0.0,0.0,0.0,0.0,120.0,0.0,0.0,0.0,0.0,0.0,0.0,0.0,0.0,0.0,126.0,1532.0,787.0,745.0,276.0,0.0,87.0,0.0,0.0,0.0,0.0,0.0,0.0,0.0,0.0,0.0,0.0,0.0,0.0,0.0,0.0,0.0,0.0,0.0,189.0,214.0,191.0,0.0,158.0,0.0,0.0,0.0,0.0,0.0,0.0,0.0,0.0,0.0,0.0,0.0,0.0,0.0,0.0,0.0,0.0,0.0,0.0,0.0,0.0,0.0,23.0,97.0,0.0,0.0,0.0,0.0,0.0,0.0,0.0,0.0,0.0,0.0,0.0,0.0,0.0,0.0,0.0,0.0,0.0,398.0,405.0,0.0,142.0
PRZEMYSKI,31834.0,20817.0,11017.0,321.0,261.0,60.0,0.0,0.0,149.0,172.0,10817.0,8472.0,2345.0,873.0,773.0,100.0,719.0,622.0,97.0,3208.0,2606.0,602.0,6017.0,4471.0,1546.0,0.0,0.0,0.0,0.0,0.0,0.0,0.0,1678.0,0.0,0.0,0.0,0.0,0.0,0.0,0.0,0.0,0.0,0.0,0.0,269.0,423.0,0.0,336.0,0.0,0.0,0.0,0.0,0.0,0.0,0.0,0.0,0.0,0.0,0.0,0.0,0.0,0.0,0.0,0.0,0.0,0.0,0.0,0.0,0.0,0.0,256.0,0.0,0.0,0.0,0.0,0.0,0.0,0.0,0.0,0.0,1173.0,0.0,0.0,0.0,171.0,720.0,0.0,0.0,0.0,0.0,0.0,0.0,0.0,0.0,0.0,0.0,0.0,0.0,0.0,0.0,0.0,0.0,0.0,0.0,0.0,0.0,0.0,0.0,0.0,0.0,0.0,0.0,0.0,0.0,0.0,3017.0,0.0,1761.0,0.0,0.0,850.0,0.0,1318.0,0.0,251.0,384.0,0.0,0.0,0.0,0.0,0.0,0.0,0.0,0.0,440.0,0.0,199.0,0.0,0.0,0.0,0.0,1238.0,0.0,0.0,0.0,713.0,0.0,0.0,273.0,0.0,0.0,0.0,0.0,0.0,0.0,0.0,0.0,0.0,0.0,1414.0,843.0,571.0,524.0,5453.0,3667.0,1786.0,0.0,3707.0,3475.0,0.0,0.0,0.0,1340.0,0.0,801.0,0.0,0.0,459.0,0.0,0.0,261.0,145.0,2252.0,2135.0,117.0,265.0,0.0,0.0,0.0,0.0,1645.0,0.0,282.0,0.0,0.0,0.0,0.0,0.0,0.0,0.0,60.0,12991.0,6282.0,6709.0,1843.0,0.0,470.0,171.0,254.0,0.0,405.0,185.0,218.0,0.0,302.0,0.0,204.0,0.0,0.0,0.0,602.0,452.0,0.0,0.0,64.0,1061.0,796.0,0.0,449.0,0.0,0.0,0.0,0.0,0.0,0.0,0.0,0.0,0.0,0.0,0.0,0.0,0.0,0.0,0.0,0.0,0.0,0.0,0.0,0.0,0.0,265.0,935.0,425.0,0.0,0.0,0.0,0.0,0.0,0.0,0.0,369.0,0.0,0.0,0.0,0.0,0.0,0.0,141.0,0.0,3511.0,3557.0,0.0,2084.0
PRZEWORSKI,5897.0,4031.0,1866.0,68.0,51.0,17.0,0.0,0.0,0.0,0.0,2838.0,2339.0,499.0,898.0,788.0,110.0,57.0,55.0,2.0,456.0,396.0,60.0,1427.0,1100.0,327.0,0.0,0.0,0.0,0.0,0.0,0.0,0.0,266.0,0.0,0.0,0.0,0.0,0.0,0.0,0.0,0.0,0.0,0.0,0.0,129.0,0.0,0.0,0.0,0.0,0.0,0.0,0.0,0.0,0.0,0.0,0.0,0.0,0.0,0.0,0.0,0.0,0.0,0.0,0.0,0.0,0.0,0.0,0.0,0.0,0.0,0.0,0.0,0.0,0.0,0.0,0.0,0.0,0.0,0.0,0.0,323.0,0.0,0.0,0.0,0.0,170.0,0.0,0.0,0.0,87.0,0.0,0.0,0.0,0.0,0.0,0.0,0.0,0.0,0.0,0.0,0.0,0.0,0.0,0.0,0.0,0.0,0.0,0.0,0.0,0.0,0.0,0.0,0.0,0.0,0.0,650.0,0.0,364.0,0.0,0.0,258.0,0.0,1009.0,0.0,77.0,0.0,0.0,779.0,0.0,0.0,0.0,0.0,0.0,0.0,83.0,0.0,0.0,0.0,0.0,0.0,0.0,220.0,0.0,0.0,0.0,147.0,0.0,0.0,0.0,0.0,0.0,0.0,0.0,0.0,0.0,0.0,0.0,0.0,0.0,193.0,114.0,79.0,177.0,943.0,585.0,358.0,0.0,792.0,747.0,0.0,0.0,0.0,120.0,0.0,0.0,0.0,0.0,0.0,0.0,0.0,0.0,31.0,404.0,385.0,19.0,0.0,0.0,0.0,0.0,0.0,315.0,0.0,0.0,0.0,0.0,0.0,0.0,0.0,0.0,0.0,89.0,1644.0,671.0,973.0,275.0,0.0,101.0,0.0,57.0,0.0,0.0,0.0,0.0,0.0,0.0,0.0,0.0,0.0,0.0,0.0,0.0,0.0,0.0,0.0,174.0,270.0,231.0,0.0,212.0,0.0,0.0,0.0,0.0,0.0,0.0,0.0,0.0,0.0,0.0,0.0,0.0,0.0,0.0,0.0,0.0,0.0,0.0,0.0,0.0,0.0,39.0,89.0,0.0,0.0,0.0,0.0,0.0,0.0,0.0,0.0,0.0,0.0,0.0,0.0,0.0,0.0,0.0,0.0,0.0,486.0,485.0,0.0,39.0
RAWSKI (RAWA RUSKA),9305.0,6556.0,2749.0,162.0,152.0,10.0,0.0,0.0,125.0,37.0,3616.0,2981.0,635.0,159.0,155.0,4.0,67.0,61.0,6.0,605.0,515.0,90.0,2785.0,2250.0,535.0,0.0,0.0,0.0,0.0,0.0,0.0,0.0,284.0,0.0,0.0,0.0,0.0,0.0,0.0,0.0,0.0,0.0,0.0,0.0,156.0,0.0,0.0,0.0,0.0,0.0,0.0,0.0,0.0,0.0,0.0,0.0,0.0,147.0,123.0,0.0,0.0,0.0,0.0,0.0,0.0,0.0,0.0,0.0,0.0,0.0,0.0,0.0,0.0,0.0,0.0,0.0,0.0,0.0,0.0,0.0,345.0,0.0,0.0,0.0,0.0,210.0,0.0,0.0,0.0,0.0,0.0,0.0,0.0,0.0,0.0,0.0,0.0,0.0,0.0,0.0,0.0,0.0,0.0,0.0,0.0,0.0,0.0,0.0,0.0,0.0,0.0,0.0,0.0,0.0,0.0,1214.0,0.0,440.0,0.0,200.0,397.0,139.0,561.0,0.0,155.0,133.0,0.0,0.0,0.0,0.0,0.0,0.0,0.0,0.0,199.0,0.0,0.0,0.0,0.0,0.0,0.0,362.0,0.0,0.0,0.0,292.0,0.0,0.0,0.0,0.0,0.0,0.0,0.0,0.0,0.0,0.0,0.0,0.0,0.0,443.0,283.0,160.0,260.0,2136.0,1404.0,732.0,0.0,1775.0,1707.0,0.0,0.0,0.0,270.0,0.0,0.0,0.0,0.0,183.0,0.0,0.0,0.0,91.0,724.0,690.0,34.0,0.0,0.0,0.0,0.0,0.0,507.0,0.0,140.0,0.0,0.0,0.0,0.0,0.0,0.0,0.0,77.0,2667.0,1329.0,1338.0,529.0,0.0,149.0,0.0,74.0,0.0,128.0,0.0,0.0,0.0,74.0,0.0,70.0,0.0,0.0,0.0,175.0,130.0,0.0,0.0,3.0,400.0,306.0,0.0,256.0,0.0,0.0,0.0,0.0,0.0,0.0,0.0,0.0,0.0,0.0,0.0,0.0,0.0,0.0,0.0,0.0,0.0,0.0,0.0,0.0,0.0,94.0,161.0,0.0,0.0,0.0,0.0,0.0,0.0,0.0,0.0,0.0,0.0,0.0,0.0,0.0,0.0,0.0,0.0,0.0,684.0,734.0,0.0,159.0
RUDECKI,4667.0,3217.0,1450.0,102.0,92.0,10.0,0.0,0.0,61.0,41.0,1691.0,1369.0,322.0,28.0,23.0,5.0,46.0,45.0,1.0,385.0,327.0,58.0,1232.0,974.0,258.0,0.0,0.0,0.0,0.0,0.0,0.0,0.0,175.0,0.0,0.0,0.0,0.0,0.0,0.0,0.0,0.0,0.0,0.0,0.0,109.0,0.0,0.0,0.0,0.0,0.0,0.0,0.0,0.0,0.0,0.0,0.0,0.0,0.0,0.0,0.0,0.0,0.0,0.0,0.0,0.0,0.0,0.0,0.0,0.0,0.0,0.0,0.0,0.0,0.0,0.0,0.0,0.0,0.0,0.0,0.0,199.0,0.0,0.0,0.0,0.0,140.0,0.0,0.0,0.0,0.0,0.0,0.0,0.0,0.0,0.0,0.0,0.0,0.0,0.0,0.0,0.0,0.0,0.0,0.0,0.0,0.0,0.0,0.0,0.0,0.0,0.0,0.0,0.0,0.0,0.0,596.0,0.0,260.0,0.0,0.0,304.0,0.0,328.0,0.0,0.0,0.0,0.0,0.0,0.0,0.0,0.0,0.0,0.0,0.0,130.0,0.0,0.0,0.0,0.0,0.0,0.0,128.0,0.0,0.0,0.0,94.0,0.0,0.0,0.0,0.0,0.0,0.0,0.0,0.0,0.0,0.0,0.0,0.0,0.0,160.0,101.0,59.0,105.0,1243.0,903.0,340.0,0.0,1093.0,1051.0,0.0,0.0,0.0,101.0,0.0,0.0,0.0,0.0,0.0,0.0,0.0,0.0,49.0,174.0,163.0,11.0,0.0,0.0,0.0,0.0,0.0,71.0,0.0,0.0,0.0,0.0,0.0,0.0,0.0,0.0,0.0,103.0,1457.0,690.0,767.0,322.0,0.0,99.0,0.0,0.0,0.0,87.0,0.0,0.0,0.0,0.0,0.0,0.0,0.0,0.0,0.0,80.0,0.0,0.0,0.0,56.0,274.0,235.0,0.0,222.0,0.0,0.0,0.0,0.0,0.0,0.0,0.0,0.0,0.0,0.0,0.0,0.0,0.0,0.0,0.0,0.0,0.0,0.0,0.0,0.0,0.0,39.0,77.0,0.0,0.0,0.0,0.0,0.0,0.0,0.0,0.0,0.0,0.0,0.0,0.0,0.0,0.0,0.0,0.0,0.0,458.0,298.0,0.0,28.0
RZESZOWSKI,21885.0,14265.0,7620.0,173.0,150.0,23.0,0.0,0.0,0.0,0.0,7393.0,5786.0,1607.0,554.0,466.0,88.0,387.0,331.0,56.0,1728.0,1413.0,315.0,4724.0,3576.0,1148.0,0.0,0.0,0.0,0.0,0.0,0.0,0.0,954.0,0.0,0.0,0.0,0.0,0.0,0.0,0.0,0.0,0.0,0.0,0.0,228.0,294.0,0.0,0.0,0.0,0.0,0.0,0.0,0.0,0.0,0.0,0.0,0.0,0.0,0.0,0.0,0.0,0.0,0.0,0.0,0.0,0.0,0.0,0.0,0.0,0.0,304.0,0.0,0.0,0.0,0.0,0.0,195.0,0.0,0.0,0.0,687.0,0.0,0.0,0.0,0.0,492.0,0.0,0.0,0.0,0.0,0.0,0.0,0.0,0.0,0.0,0.0,0.0,0.0,0.0,0.0,0.0,0.0,0.0,0.0,0.0,0.0,0.0,0.0,0.0,0.0,0.0,0.0,0.0,0.0,0.0,2134.0,0.0,1150.0,0.0,0.0,705.0,0.0,919.0,0.0,0.0,243.0,0.0,0.0,0.0,0.0,0.0,0.0,0.0,0.0,363.0,0.0,0.0,0.0,0.0,0.0,0.0,823.0,0.0,0.0,0.0,581.0,0.0,0.0,0.0,0.0,0.0,0.0,0.0,0.0,0.0,0.0,0.0,0.0,0.0,932.0,550.0,382.0,640.0,4621.0,3110.0,1511.0,0.0,3595.0,3370.0,0.0,0.0,0.0,777.0,0.0,434.0,0.0,0.0,288.0,0.0,0.0,152.0,97.0,1579.0,1501.0,78.0,148.0,0.0,0.0,0.0,0.0,1122.0,0.0,270.0,0.0,0.0,0.0,0.0,0.0,0.0,0.0,39.0,8119.0,3718.0,4401.0,1249.0,0.0,373.0,0.0,197.0,0.0,351.0,164.0,0.0,0.0,190.0,0.0,133.0,0.0,0.0,0.0,307.0,0.0,0.0,0.0,28.0,874.0,681.0,0.0,529.0,0.0,0.0,0.0,0.0,0.0,0.0,0.0,0.0,0.0,0.0,0.0,0.0,0.0,0.0,0.0,0.0,0.0,0.0,0.0,0.0,0.0,193.0,495.0,0.0,0.0,0.0,0.0,0.0,0.0,0.0,0.0,245.0,0.0,0.0,0.0,0.0,0.0,0.0,0.0,250.0,2623.0,2182.0,0.0,696.0
SAMBORSKI,13805.0,9289.0,4516.0,87.0,80.0,7.0,0.0,0.0,0.0,0.0,4593.0,3747.0,846.0,227.0,216.0,11.0,281.0,274.0,7.0,1003.0,841.0,162.0,3082.0,2416.0,666.0,173.0,0.0,0.0,0.0,0.0,0.0,167.0,456.0,0.0,0.0,0.0,0.0,0.0,0.0,0.0,0.0,0.0,0.0,0.0,216.0,0.0,0.0,0.0,0.0,0.0,0.0,0.0,0.0,0.0,0.0,0.0,0.0,0.0,0.0,0.0,0.0,0.0,0.0,0.0,0.0,0.0,0.0,0.0,0.0,0.0,0.0,0.0,0.0,0.0,0.0,0.0,0.0,0.0,0.0,0.0,598.0,0.0,0.0,0.0,170.0,262.0,0.0,0.0,0.0,0.0,0.0,0.0,0.0,0.0,0.0,0.0,0.0,0.0,0.0,0.0,0.0,0.0,0.0,0.0,0.0,0.0,0.0,0.0,0.0,0.0,0.0,0.0,0.0,0.0,0.0,1307.0,0.0,697.0,0.0,0.0,465.0,0.0,580.0,0.0,0.0,131.0,0.0,0.0,0.0,0.0,0.0,0.0,0.0,0.0,229.0,0.0,0.0,0.0,0.0,0.0,0.0,604.0,0.0,0.0,0.0,455.0,0.0,0.0,0.0,0.0,0.0,0.0,0.0,0.0,0.0,0.0,0.0,0.0,0.0,482.0,286.0,196.0,393.0,2424.0,1629.0,795.0,0.0,1837.0,1720.0,0.0,0.0,0.0,496.0,0.0,258.0,0.0,0.0,191.0,0.0,0.0,0.0,91.0,1116.0,1068.0,48.0,0.0,0.0,0.0,0.0,0.0,852.0,0.0,137.0,0.0,0.0,0.0,0.0,0.0,0.0,0.0,127.0,5585.0,2765.0,2820.0,965.0,0.0,270.0,0.0,137.0,0.0,329.0,166.0,161.0,0.0,154.0,0.0,0.0,0.0,0.0,0.0,205.0,0.0,0.0,0.0,7.0,591.0,474.0,0.0,351.0,0.0,0.0,0.0,0.0,0.0,0.0,0.0,0.0,0.0,0.0,0.0,0.0,0.0,0.0,0.0,0.0,0.0,0.0,0.0,0.0,0.0,117.0,301.0,0.0,0.0,0.0,0.0,0.0,0.0,0.0,0.0,0.0,0.0,0.0,0.0,0.0,0.0,0.0,0.0,0.0,1565.0,1852.0,0.0,114.0
SANOCKI,12643.0,8658.0,3985.0,131.0,110.0,21.0,0.0,0.0,0.0,0.0,4826.0,4108.0,718.0,863.0,835.0,28.0,232.0,224.0,8.0,797.0,666.0,131.0,2934.0,2383.0,551.0,165.0,0.0,0.0,0.0,0.0,0.0,159.0,1265.0,0.0,0.0,0.0,0.0,0.0,0.0,0.0,0.0,0.0,0.0,0.0,227.0,217.0,0.0,0.0,0.0,0.0,673.0,0.0,0.0,0.0,0.0,0.0,0.0,0.0,0.0,0.0,0.0,0.0,0.0,0.0,0.0,0.0,0.0,0.0,0.0,0.0,0.0,0.0,0.0,0.0,0.0,0.0,0.0,0.0,0.0,0.0,677.0,0.0,0.0,0.0,178.0,382.0,0.0,0.0,0.0,0.0,0.0,0.0,0.0,0.0,0.0,0.0,0.0,0.0,0.0,0.0,0.0,0.0,0.0,0.0,0.0,0.0,0.0,0.0,0.0,0.0,0.0,0.0,0.0,0.0,0.0,1024.0,0.0,488.0,0.0,0.0,433.0,0.0,559.0,0.0,0.0,159.0,0.0,0.0,0.0,0.0,0.0,0.0,0.0,0.0,273.0,0.0,0.0,0.0,0.0,0.0,0.0,511.0,0.0,0.0,0.0,387.0,0.0,0.0,0.0,0.0,0.0,0.0,0.0,0.0,0.0,0.0,0.0,0.0,0.0,340.0,203.0,137.0,285.0,2475.0,1562.0,913.0,0.0,1975.0,1866.0,0.0,0.0,0.0,411.0,0.0,163.0,0.0,0.0,223.0,0.0,0.0,0.0,89.0,876.0,825.0,51.0,0.0,0.0,0.0,0.0,0.0,636.0,0.0,0.0,0.0,0.0,0.0,0.0,0.0,0.0,0.0,240.0,4335.0,2053.0,2282.0,799.0,0.0,185.0,0.0,0.0,0.0,215.0,113.0,0.0,0.0,152.0,0.0,0.0,0.0,0.0,0.0,234.0,160.0,0.0,0.0,13.0,479.0,378.0,0.0,305.0,0.0,0.0,0.0,0.0,0.0,0.0,0.0,0.0,0.0,0.0,0.0,0.0,0.0,0.0,0.0,0.0,0.0,0.0,0.0,0.0,0.0,101.0,273.0,0.0,0.0,0.0,0.0,0.0,0.0,0.0,0.0,0.0,0.0,0.0,0.0,0.0,0.0,0.0,0.0,0.0,1319.0,1113.0,0.0,352.0
SOKALSKI,10452.0,7343.0,3109.0,245.0,211.0,34.0,0.0,0.0,160.0,85.0,4437.0,3634.0,803.0,131.0,105.0,26.0,239.0,227.0,12.0,635.0,552.0,83.0,3432.0,2750.0,682.0,0.0,0.0,0.0,0.0,0.0,0.0,0.0,392.0,0.0,0.0,0.0,0.0,0.0,0.0,0.0,0.0,0.0,0.0,0.0,228.0,0.0,0.0,0.0,0.0,0.0,0.0,0.0,0.0,0.0,0.0,0.0,0.0,0.0,0.0,0.0,0.0,0.0,0.0,0.0,0.0,0.0,0.0,0.0,0.0,0.0,91.0,0.0,0.0,0.0,0.0,0.0,0.0,0.0,0.0,0.0,512.0,0.0,0.0,0.0,0.0,296.0,0.0,0.0,0.0,0.0,0.0,0.0,0.0,0.0,0.0,0.0,0.0,0.0,0.0,0.0,0.0,0.0,0.0,0.0,0.0,0.0,0.0,0.0,0.0,0.0,0.0,0.0,0.0,0.0,0.0,1159.0,0.0,550.0,0.0,0.0,494.0,0.0,601.0,0.0,247.0,0.0,0.0,0.0,0.0,0.0,0.0,0.0,0.0,0.0,155.0,0.0,0.0,0.0,0.0,0.0,0.0,473.0,0.0,0.0,0.0,396.0,0.0,0.0,0.0,0.0,0.0,0.0,0.0,0.0,0.0,0.0,0.0,0.0,0.0,902.0,548.0,354.0,307.0,2254.0,1588.0,666.0,0.0,1877.0,1732.0,0.0,0.0,0.0,272.0,0.0,0.0,0.0,0.0,164.0,0.0,0.0,80.0,25.0,385.0,366.0,19.0,0.0,0.0,0.0,0.0,0.0,192.0,0.0,107.0,0.0,0.0,0.0,0.0,0.0,0.0,0.0,86.0,3131.0,1544.0,1587.0,767.0,0.0,174.0,0.0,94.0,0.0,0.0,0.0,0.0,0.0,0.0,0.0,0.0,0.0,0.0,0.0,398.0,298.0,0.0,0.0,195.0,466.0,359.0,0.0,272.0,0.0,0.0,0.0,0.0,0.0,0.0,0.0,0.0,0.0,0.0,0.0,0.0,0.0,0.0,0.0,0.0,0.0,0.0,0.0,0.0,0.0,107.0,184.0,0.0,0.0,0.0,0.0,0.0,0.0,0.0,0.0,0.0,0.0,0.0,0.0,0.0,0.0,0.0,0.0,0.0,826.0,807.0,0.0,81.0
TARNOBRZESKI,7159.0,4916.0,2243.0,163.0,153.0,10.0,0.0,0.0,130.0,33.0,2604.0,2137.0,467.0,255.0,220.0,35.0,117.0,99.0,18.0,459.0,398.0,61.0,1773.0,1420.0,353.0,0.0,0.0,0.0,0.0,0.0,0.0,0.0,258.0,0.0,0.0,0.0,0.0,0.0,0.0,0.0,0.0,0.0,0.0,0.0,126.0,0.0,0.0,0.0,0.0,0.0,0.0,0.0,0.0,0.0,0.0,0.0,0.0,0.0,0.0,0.0,0.0,0.0,0.0,0.0,0.0,0.0,0.0,0.0,0.0,0.0,141.0,0.0,0.0,0.0,0.0,0.0,121.0,0.0,0.0,0.0,373.0,0.0,0.0,0.0,0.0,225.0,0.0,0.0,0.0,0.0,0.0,0.0,0.0,0.0,0.0,0.0,0.0,0.0,0.0,0.0,0.0,0.0,0.0,0.0,0.0,0.0,0.0,0.0,0.0,0.0,0.0,0.0,0.0,0.0,0.0,675.0,0.0,373.0,0.0,0.0,238.0,0.0,348.0,0.0,0.0,97.0,0.0,0.0,0.0,0.0,0.0,0.0,0.0,0.0,137.0,0.0,0.0,0.0,0.0,0.0,0.0,482.0,0.0,0.0,0.0,384.0,0.0,0.0,0.0,0.0,0.0,0.0,0.0,0.0,0.0,0.0,0.0,0.0,0.0,193.0,108.0,85.0,134.0,1505.0,974.0,531.0,0.0,1259.0,1189.0,0.0,0.0,0.0,173.0,0.0,0.0,0.0,0.0,127.0,0.0,0.0,0.0,73.0,721.0,688.0,33.0,0.0,0.0,0.0,0.0,0.0,505.0,0.0,0.0,0.0,0.0,0.0,0.0,0.0,0.0,79.0,137.0,2166.0,964.0,1202.0,416.0,0.0,139.0,0.0,65.0,0.0,0.0,0.0,0.0,0.0,70.0,0.0,64.0,0.0,0.0,0.0,132.0,0.0,0.0,0.0,75.0,322.0,280.0,0.0,215.0,0.0,0.0,0.0,0.0,0.0,0.0,0.0,0.0,0.0,0.0,0.0,0.0,0.0,0.0,0.0,0.0,0.0,0.0,0.0,0.0,0.0,42.0,175.0,0.0,0.0,0.0,0.0,0.0,0.0,0.0,0.0,0.0,0.0,0.0,0.0,0.0,0.0,0.0,0.0,0.0,625.0,569.0,0.0,59.0
ŻÓŁKIEWSKI,8728.0,6091.0,2637.0,186.0,165.0,21.0,0.0,0.0,126.0,60.0,3971.0,3266.0,705.0,437.0,354.0,83.0,185.0,175.0,10.0,1115.0,956.0,159.0,2234.0,1781.0,453.0,0.0,0.0,0.0,0.0,0.0,0.0,0.0,300.0,0.0,0.0,0.0,0.0,0.0,0.0,0.0,0.0,0.0,0.0,0.0,145.0,0.0,0.0,0.0,0.0,0.0,0.0,0.0,0.0,0.0,0.0,0.0,0.0,0.0,0.0,0.0,0.0,0.0,0.0,0.0,0.0,0.0,0.0,0.0,0.0,0.0,398.0,0.0,0.0,0.0,0.0,0.0,0.0,0.0,252.0,0.0,379.0,0.0,0.0,0.0,0.0,220.0,0.0,0.0,0.0,0.0,0.0,0.0,0.0,0.0,0.0,0.0,0.0,0.0,0.0,0.0,0.0,0.0,0.0,0.0,0.0,0.0,0.0,0.0,0.0,0.0,0.0,0.0,0.0,0.0,0.0,1462.0,0.0,462.0,0.0,408.0,522.0,0.0,463.0,0.0,145.0,89.0,0.0,0.0,0.0,0.0,0.0,0.0,0.0,0.0,176.0,0.0,0.0,0.0,0.0,0.0,0.0,306.0,0.0,0.0,0.0,236.0,0.0,0.0,0.0,0.0,0.0,0.0,0.0,0.0,0.0,0.0,0.0,0.0,0.0,425.0,273.0,152.0,238.0,1522.0,995.0,527.0,0.0,1251.0,1168.0,0.0,0.0,0.0,218.0,0.0,0.0,0.0,0.0,134.0,0.0,0.0,0.0,53.0,313.0,297.0,16.0,0.0,0.0,0.0,0.0,0.0,127.0,0.0,115.0,0.0,0.0,0.0,0.0,0.0,0.0,0.0,71.0,2736.0,1368.0,1368.0,645.0,0.0,161.0,56.0,93.0,0.0,103.0,0.0,0.0,0.0,118.0,0.0,116.0,0.0,0.0,0.0,261.0,221.0,0.0,0.0,2.0,328.0,279.0,0.0,220.0,0.0,0.0,0.0,0.0,0.0,0.0,0.0,0.0,0.0,0.0,0.0,0.0,0.0,0.0,0.0,0.0,0.0,0.0,0.0,0.0,0.0,49.0,161.0,0.0,0.0,0.0,0.0,0.0,0.0,0.0,0.0,0.0,0.0,0.0,0.0,0.0,0.0,0.0,0.0,0.0,781.0,637.0,0.0,184.0
LUBACZOWSKI,6116.0,4353.0,1763.0,197.0,179.0,18.0,0.0,0.0,168.0,29.0,2554.0,2171.0,383.0,106.0,101.0,5.0,101.0,94.0,7.0,628.0,527.0,101.0,1719.0,1449.0,270.0,0.0,0.0,0.0,0.0,0.0,0.0,0.0,202.0,0.0,0.0,0.0,0.0,0.0,0.0,0.0,0.0,0.0,0.0,0.0,120.0,0.0,0.0,0.0,0.0,0.0,0.0,0.0,0.0,0.0,0.0,0.0,0.0,0.0,0.0,0.0,0.0,0.0,0.0,0.0,0.0,0.0,0.0,0.0,0.0,0.0,0.0,0.0,0.0,0.0,0.0,0.0,0.0,0.0,0.0,0.0,468.0,0.0,0.0,0.0,112.0,200.0,0.0,0.0,0.0,0.0,0.0,0.0,0.0,0.0,0.0,0.0,0.0,0.0,0.0,0.0,0.0,0.0,0.0,0.0,0.0,0.0,0.0,0.0,0.0,0.0,0.0,0.0,0.0,0.0,0.0,849.0,0.0,431.0,0.0,0.0,354.0,0.0,372.0,0.0,95.0,97.0,0.0,0.0,0.0,0.0,0.0,0.0,0.0,0.0,118.0,0.0,156.0,143.0,0.0,0.0,0.0,201.0,0.0,0.0,0.0,149.0,0.0,0.0,0.0,0.0,0.0,0.0,0.0,0.0,0.0,0.0,0.0,0.0,0.0,146.0,88.0,58.0,160.0,1340.0,883.0,457.0,0.0,1152.0,1060.0,0.0,59.0,0.0,143.0,0.0,0.0,0.0,0.0,110.0,0.0,0.0,0.0,45.0,253.0,233.0,20.0,0.0,0.0,0.0,0.0,0.0,86.0,0.0,108.0,0.0,0.0,0.0,0.0,58.0,0.0,0.0,59.0,1772.0,887.0,885.0,325.0,0.0,102.0,0.0,0.0,0.0,0.0,0.0,0.0,0.0,0.0,0.0,0.0,0.0,0.0,0.0,87.0,0.0,0.0,0.0,136.0,317.0,249.0,0.0,218.0,0.0,0.0,0.0,0.0,0.0,0.0,0.0,0.0,0.0,0.0,0.0,0.0,0.0,0.0,0.0,0.0,0.0,0.0,0.0,0.0,0.0,68.0,136.0,0.0,0.0,0.0,0.0,0.0,0.0,0.0,0.0,0.0,0.0,0.0,0.0,0.0,0.0,0.0,0.0,0.0,440.0,455.0,0.0,99.0
TURCZAŃSKI,5888.0,4174.0,1714.0,78.0,70.0,8.0,0.0,0.0,71.0,7.0,2386.0,2093.0,293.0,642.0,632.0,10.0,107.0,103.0,4.0,412.0,364.0,48.0,1225.0,994.0,231.0,0.0,0.0,0.0,0.0,0.0,0.0,0.0,163.0,0.0,0.0,0.0,0.0,0.0,0.0,0.0,0.0,0.0,0.0,0.0,105.0,0.0,0.0,0.0,0.0,0.0,0.0,0.0,0.0,0.0,0.0,0.0,0.0,0.0,0.0,0.0,0.0,0.0,0.0,0.0,0.0,0.0,0.0,0.0,0.0,0.0,0.0,0.0,0.0,0.0,0.0,0.0,0.0,0.0,0.0,0.0,1113.0,0.0,176.0,467.0,316.0,101.0,0.0,0.0,0.0,0.0,0.0,0.0,0.0,0.0,0.0,0.0,0.0,0.0,0.0,0.0,0.0,0.0,0.0,0.0,0.0,0.0,0.0,0.0,0.0,0.0,0.0,0.0,0.0,0.0,0.0,443.0,0.0,240.0,0.0,0.0,183.0,0.0,240.0,0.0,0.0,0.0,0.0,0.0,0.0,0.0,0.0,0.0,0.0,0.0,118.0,0.0,0.0,0.0,0.0,0.0,0.0,146.0,0.0,0.0,0.0,116.0,0.0,0.0,0.0,0.0,0.0,0.0,0.0,0.0,0.0,0.0,0.0,0.0,0.0,154.0,101.0,53.0,127.0,1046.0,726.0,320.0,0.0,909.0,855.0,0.0,0.0,0.0,111.0,0.0,0.0,0.0,0.0,0.0,0.0,0.0,0.0,26.0,293.0,270.0,23.0,0.0,0.0,0.0,0.0,0.0,163.0,0.0,54.0,0.0,0.0,0.0,0.0,0.0,0.0,0.0,76.0,2085.0,1015.0,1070.0,580.0,0.0,111.0,0.0,0.0,0.0,108.0,0.0,0.0,0.0,130.0,0.0,71.0,0.0,0.0,0.0,225.0,197.0,0.0,0.0,6.0,235.0,188.0,0.0,167.0,0.0,0.0,0.0,0.0,0.0,0.0,0.0,0.0,0.0,0.0,0.0,0.0,0.0,0.0,0.0,0.0,0.0,0.0,0.0,0.0,0.0,47.0,104.0,0.0,0.0,0.0,0.0,0.0,0.0,0.0,0.0,0.0,0.0,0.0,0.0,0.0,0.0,0.0,0.0,0.0,574.0,514.0,0.0,78.0
BRZEZIŃSKI,32607.0,22726.0,9881.0,365.0,306.0,59.0,201.0,23.0,141.0,0.0,20587.0,15123.0,5464.0,9290.0,5980.0,3310.0,872.0,752.0,120.0,6454.0,5334.0,1120.0,3971.0,3057.0,914.0,0.0,0.0,0.0,0.0,0.0,0.0,0.0,1385.0,0.0,0.0,0.0,0.0,0.0,0.0,0.0,0.0,0.0,565.0,0.0,273.0,223.0,0.0,0.0,0.0,0.0,0.0,0.0,0.0,0.0,0.0,0.0,0.0,4176.0,197.0,0.0,0.0,0.0,0.0,3951.0,0.0,0.0,0.0,0.0,0.0,0.0,560.0,0.0,0.0,0.0,0.0,0.0,355.0,0.0,0.0,0.0,934.0,0.0,0.0,0.0,209.0,486.0,0.0,0.0,0.0,0.0,0.0,0.0,0.0,0.0,4328.0,444.0,0.0,0.0,0.0,396.0,0.0,0.0,863.0,0.0,0.0,1794.0,0.0,452.0,0.0,0.0,249.0,0.0,158.0,0.0,0.0,4348.0,0.0,2706.0,375.0,0.0,1126.0,0.0,1470.0,0.0,269.0,430.0,0.0,0.0,0.0,0.0,0.0,0.0,0.0,0.0,650.0,0.0,0.0,0.0,0.0,0.0,0.0,1174.0,0.0,0.0,324.0,596.0,0.0,0.0,0.0,0.0,0.0,0.0,0.0,0.0,0.0,0.0,0.0,0.0,0.0,1684.0,1136.0,548.0,279.0,4180.0,2599.0,1581.0,0.0,2921.0,2527.0,0.0,296.0,0.0,1042.0,0.0,728.0,0.0,0.0,281.0,0.0,0.0,0.0,217.0,2332.0,2272.0,60.0,146.0,0.0,0.0,0.0,0.0,1429.0,0.0,700.0,0.0,0.0,0.0,170.0,334.0,0.0,0.0,57.0,5143.0,2426.0,2717.0,953.0,0.0,425.0,0.0,260.0,0.0,0.0,0.0,0.0,0.0,179.0,0.0,135.0,0.0,0.0,0.0,224.0,0.0,0.0,0.0,125.0,762.0,582.0,0.0,441.0,0.0,0.0,0.0,0.0,0.0,0.0,0.0,0.0,0.0,0.0,0.0,0.0,0.0,0.0,0.0,0.0,0.0,0.0,0.0,0.0,0.0,180.0,653.0,228.0,0.0,0.0,0.0,0.0,0.0,0.0,0.0,411.0,0.0,0.0,220.0,0.0,0.0,0.0,14.0,0.0,1421.0,1036.0,0.0,318.0
KALISKI,38201.0,25478.0,12723.0,485.0,414.0,71.0,330.0,14.0,141.0,0.0,19749.0,15169.0,4580.0,3624.0,2867.0,757.0,1321.0,1060.0,261.0,6804.0,5421.0,1383.0,8000.0,5821.0,2179.0,0.0,0.0,0.0,0.0,0.0,0.0,0.0,1284.0,0.0,0.0,0.0,0.0,0.0,0.0,0.0,0.0,0.0,0.0,0.0,351.0,351.0,0.0,0.0,0.0,0.0,0.0,0.0,0.0,0.0,0.0,0.0,0.0,0.0,0.0,0.0,0.0,0.0,0.0,0.0,0.0,0.0,0.0,0.0,0.0,0.0,551.0,0.0,0.0,0.0,0.0,0.0,425.0,0.0,0.0,0.0,1116.0,0.0,0.0,0.0,0.0,747.0,0.0,0.0,0.0,0.0,0.0,0.0,0.0,0.0,2650.0,1365.0,0.0,0.0,0.0,0.0,746.0,0.0,0.0,0.0,0.0,0.0,237.0,0.0,0.0,236.0,419.0,0.0,263.0,0.0,0.0,6191.0,231.0,2532.0,885.0,0.0,2239.0,198.0,2740.0,0.0,708.0,665.0,0.0,235.0,0.0,0.0,0.0,0.0,0.0,0.0,895.0,0.0,236.0,0.0,0.0,0.0,0.0,1692.0,0.0,0.0,226.0,986.0,0.0,0.0,212.0,0.0,0.0,183.0,0.0,140.0,0.0,0.0,0.0,0.0,0.0,2367.0,1611.0,756.0,320.0,6678.0,4280.0,2398.0,0.0,4465.0,3768.0,0.0,499.0,0.0,1733.0,0.0,1212.0,0.0,0.0,415.0,190.0,0.0,233.0,57.0,1351.0,1285.0,66.0,191.0,0.0,0.0,0.0,0.0,487.0,0.0,626.0,0.0,0.0,0.0,269.0,0.0,0.0,0.0,47.0,9938.0,4330.0,5608.0,1593.0,0.0,588.0,159.0,363.0,0.0,265.0,0.0,0.0,0.0,292.0,0.0,186.0,0.0,0.0,0.0,365.0,0.0,0.0,0.0,83.0,1189.0,789.0,0.0,517.0,0.0,0.0,0.0,0.0,0.0,0.0,0.0,0.0,0.0,0.0,0.0,0.0,0.0,0.0,0.0,0.0,0.0,0.0,0.0,0.0,0.0,400.0,1092.0,357.0,0.0,0.0,0.0,0.0,0.0,0.0,0.0,628.0,0.0,0.0,287.0,276.0,0.0,0.0,107.0,0.0,3075.0,2402.0,109.0,587.0
KOLSKI,15069.0,10518.0,4551.0,327.0,277.0,50.0,205.0,0.0,0.0,122.0,7764.0,6301.0,1463.0,685.0,607.0,78.0,273.0,259.0,14.0,2580.0,2093.0,487.0,4226.0,3342.0,884.0,0.0,0.0,0.0,0.0,0.0,0.0,0.0,560.0,0.0,0.0,0.0,0.0,0.0,0.0,0.0,0.0,0.0,0.0,0.0,227.0,0.0,0.0,0.0,0.0,0.0,0.0,0.0,0.0,0.0,0.0,0.0,0.0,0.0,0.0,0.0,0.0,0.0,0.0,0.0,0.0,0.0,0.0,0.0,0.0,0.0,270.0,0.0,0.0,0.0,0.0,0.0,0.0,0.0,0.0,0.0,602.0,0.0,0.0,0.0,0.0,403.0,0.0,0.0,0.0,0.0,0.0,0.0,0.0,0.0,0.0,0.0,0.0,0.0,0.0,0.0,0.0,0.0,0.0,0.0,0.0,0.0,0.0,0.0,0.0,0.0,0.0,0.0,0.0,0.0,0.0,2393.0,0.0,1174.0,0.0,0.0,1041.0,0.0,1334.0,0.0,363.0,274.0,0.0,0.0,0.0,0.0,0.0,0.0,0.0,0.0,524.0,0.0,0.0,0.0,0.0,0.0,0.0,1040.0,0.0,0.0,362.0,465.0,0.0,0.0,0.0,0.0,0.0,0.0,0.0,0.0,0.0,0.0,0.0,0.0,0.0,1218.0,841.0,377.0,347.0,2889.0,1767.0,1122.0,0.0,2219.0,1845.0,0.0,286.0,0.0,576.0,0.0,439.0,0.0,0.0,0.0,0.0,0.0,0.0,94.0,794.0,776.0,18.0,0.0,0.0,0.0,0.0,0.0,388.0,0.0,283.0,0.0,0.0,0.0,0.0,0.0,0.0,0.0,123.0,3295.0,1397.0,1898.0,582.0,0.0,233.0,0.0,158.0,0.0,0.0,0.0,0.0,0.0,109.0,0.0,0.0,0.0,0.0,0.0,152.0,0.0,0.0,0.0,88.0,492.0,401.0,0.0,329.0,0.0,0.0,0.0,0.0,0.0,0.0,0.0,0.0,0.0,0.0,0.0,0.0,0.0,0.0,0.0,0.0,0.0,0.0,0.0,0.0,0.0,91.0,340.0,0.0,0.0,0.0,0.0,0.0,0.0,0.0,0.0,209.0,0.0,0.0,0.0,0.0,0.0,0.0,0.0,131.0,1170.0,668.0,0.0,43.0
KONIŃSKI,19316.0,13419.0,5897.0,471.0,422.0,49.0,206.0,68.0,197.0,0.0,10078.0,8146.0,1932.0,881.0,823.0,58.0,202.0,193.0,9.0,4003.0,3374.0,629.0,4992.0,3756.0,1236.0,0.0,0.0,0.0,0.0,0.0,0.0,0.0,825.0,0.0,0.0,0.0,0.0,0.0,0.0,0.0,0.0,0.0,0.0,0.0,430.0,163.0,0.0,0.0,0.0,0.0,0.0,0.0,0.0,0.0,0.0,0.0,0.0,0.0,0.0,0.0,0.0,0.0,0.0,0.0,0.0,0.0,0.0,0.0,0.0,0.0,220.0,0.0,0.0,0.0,0.0,0.0,158.0,0.0,0.0,0.0,911.0,0.0,0.0,0.0,0.0,511.0,0.0,0.0,187.0,0.0,0.0,0.0,0.0,0.0,257.0,0.0,0.0,0.0,0.0,0.0,208.0,0.0,0.0,0.0,0.0,0.0,0.0,0.0,0.0,0.0,0.0,0.0,0.0,0.0,0.0,2441.0,0.0,1214.0,0.0,0.0,1000.0,0.0,2019.0,0.0,495.0,367.0,0.0,221.0,0.0,0.0,0.0,0.0,0.0,0.0,750.0,0.0,0.0,0.0,0.0,0.0,0.0,818.0,0.0,0.0,141.0,472.0,0.0,0.0,0.0,0.0,0.0,0.0,0.0,0.0,0.0,0.0,0.0,0.0,0.0,2329.0,1510.0,819.0,258.0,3028.0,1902.0,1126.0,0.0,2372.0,2082.0,0.0,210.0,0.0,559.0,0.0,413.0,0.0,0.0,0.0,0.0,0.0,0.0,97.0,708.0,691.0,17.0,0.0,0.0,0.0,0.0,0.0,272.0,0.0,225.0,0.0,0.0,0.0,0.0,0.0,0.0,105.0,106.0,5031.0,2258.0,2773.0,966.0,0.0,405.0,0.0,263.0,0.0,0.0,0.0,0.0,0.0,211.0,0.0,139.0,0.0,0.0,0.0,244.0,0.0,141.0,0.0,106.0,757.0,655.0,0.0,572.0,0.0,0.0,0.0,0.0,0.0,0.0,0.0,0.0,0.0,0.0,0.0,0.0,0.0,0.0,0.0,0.0,0.0,0.0,0.0,0.0,0.0,102.0,478.0,215.0,0.0,0.0,0.0,0.0,0.0,0.0,0.0,244.0,0.0,0.0,0.0,0.0,0.0,0.0,19.0,0.0,1615.0,1054.0,0.0,161.0
ŁASKI,37336.0,24004.0,13332.0,369.0,308.0,61.0,255.0,0.0,0.0,114.0,27350.0,18226.0,9124.0,12801.0,7333.0,5468.0,1267.0,976.0,291.0,8655.0,6582.0,2073.0,4627.0,3335.0,1292.0,0.0,0.0,0.0,0.0,0.0,0.0,0.0,940.0,0.0,0.0,0.0,0.0,0.0,0.0,0.0,0.0,0.0,0.0,0.0,305.0,0.0,0.0,0.0,0.0,0.0,0.0,0.0,0.0,0.0,0.0,0.0,0.0,338.0,0.0,0.0,0.0,0.0,0.0,0.0,0.0,0.0,0.0,0.0,0.0,283.0,446.0,0.0,0.0,0.0,0.0,0.0,368.0,0.0,0.0,0.0,977.0,0.0,0.0,0.0,0.0,714.0,0.0,0.0,0.0,0.0,0.0,389.0,359.0,0.0,16638.0,523.0,0.0,0.0,0.0,0.0,6906.0,2287.0,235.0,1379.0,4296.0,0.0,619.0,0.0,0.0,0.0,204.0,0.0,0.0,0.0,0.0,3042.0,0.0,1436.0,0.0,0.0,1262.0,0.0,1482.0,0.0,264.0,462.0,0.0,0.0,0.0,0.0,0.0,0.0,0.0,0.0,651.0,0.0,0.0,0.0,0.0,0.0,0.0,1650.0,0.0,0.0,478.0,831.0,0.0,0.0,0.0,0.0,0.0,0.0,0.0,0.0,0.0,0.0,0.0,0.0,0.0,1015.0,598.0,417.0,229.0,3572.0,2270.0,1302.0,0.0,2645.0,2238.0,0.0,289.0,0.0,726.0,0.0,470.0,0.0,0.0,226.0,0.0,0.0,109.0,92.0,972.0,940.0,32.0,0.0,0.0,0.0,0.0,0.0,342.0,0.0,439.0,0.0,0.0,0.0,0.0,186.0,0.0,0.0,191.0,5073.0,2260.0,2813.0,982.0,0.0,504.0,0.0,334.0,0.0,0.0,0.0,0.0,0.0,175.0,0.0,138.0,0.0,0.0,0.0,188.0,0.0,0.0,0.0,115.0,971.0,840.0,0.0,579.0,0.0,0.0,0.0,0.0,0.0,0.0,0.0,0.0,0.0,0.0,0.0,0.0,0.0,0.0,0.0,0.0,0.0,0.0,0.0,0.0,0.0,131.0,658.0,254.0,0.0,0.0,0.0,0.0,0.0,0.0,0.0,371.0,0.0,0.0,0.0,0.0,0.0,0.0,33.0,0.0,1508.0,839.0,0.0,115.0
ŁĘCZYCKI,17441.0,12161.0,5280.0,350.0,286.0,64.0,284.0,0.0,0.0,66.0,10077.0,7673.0,2404.0,3250.0,2122.0,1128.0,231.0,211.0,20.0,2102.0,1800.0,302.0,4494.0,3540.0,954.0,0.0,0.0,0.0,0.0,0.0,0.0,0.0,600.0,0.0,0.0,0.0,0.0,0.0,0.0,0.0,0.0,0.0,0.0,0.0,328.0,0.0,0.0,0.0,0.0,0.0,0.0,0.0,0.0,0.0,0.0,0.0,0.0,0.0,0.0,0.0,0.0,0.0,0.0,0.0,0.0,0.0,0.0,0.0,0.0,0.0,0.0,0.0,0.0,0.0,0.0,0.0,0.0,0.0,0.0,0.0,437.0,0.0,0.0,0.0,0.0,265.0,0.0,0.0,0.0,0.0,0.0,0.0,0.0,0.0,3156.0,0.0,0.0,0.0,0.0,0.0,296.0,0.0,0.0,0.0,2504.0,0.0,0.0,0.0,0.0,0.0,0.0,0.0,0.0,0.0,0.0,2170.0,0.0,1290.0,0.0,0.0,723.0,0.0,1399.0,0.0,390.0,321.0,0.0,183.0,0.0,0.0,0.0,0.0,0.0,0.0,415.0,0.0,0.0,0.0,0.0,0.0,0.0,763.0,0.0,0.0,224.0,379.0,0.0,0.0,0.0,0.0,0.0,0.0,0.0,0.0,0.0,0.0,0.0,0.0,0.0,1188.0,831.0,357.0,364.0,2712.0,1795.0,917.0,0.0,1989.0,1810.0,0.0,0.0,0.0,620.0,0.0,462.0,0.0,0.0,0.0,0.0,0.0,0.0,103.0,641.0,627.0,14.0,0.0,0.0,0.0,0.0,0.0,161.0,0.0,364.0,0.0,0.0,0.0,0.0,161.0,0.0,0.0,116.0,3661.0,1780.0,1881.0,699.0,0.0,261.0,0.0,171.0,0.0,0.0,0.0,0.0,0.0,172.0,0.0,0.0,0.0,0.0,0.0,189.0,0.0,0.0,0.0,77.0,460.0,356.0,0.0,294.0,0.0,0.0,0.0,0.0,0.0,0.0,0.0,0.0,0.0,0.0,0.0,0.0,0.0,0.0,0.0,0.0,0.0,0.0,0.0,0.0,0.0,104.0,407.0,0.0,0.0,0.0,0.0,0.0,0.0,0.0,0.0,241.0,0.0,0.0,0.0,0.0,0.0,0.0,0.0,166.0,1107.0,898.0,0.0,90.0
ŁÓDZKI,48768.0,32005.0,16763.0,539.0,431.0,108.0,440.0,0.0,0.0,99.0,36762.0,24577.0,12185.0,18646.0,11248.0,7398.0,2724.0,1984.0,740.0,7551.0,5688.0,1863.0,7841.0,5657.0,2184.0,0.0,0.0,0.0,0.0,0.0,0.0,0.0,1671.0,0.0,0.0,0.0,0.0,0.0,0.0,0.0,0.0,0.0,0.0,0.0,347.0,320.0,0.0,371.0,0.0,0.0,0.0,0.0,0.0,0.0,0.0,0.0,0.0,603.0,0.0,0.0,0.0,0.0,0.0,0.0,0.0,0.0,0.0,0.0,0.0,368.0,883.0,0.0,0.0,0.0,0.0,0.0,743.0,0.0,0.0,0.0,1126.0,0.0,0.0,0.0,0.0,820.0,0.0,0.0,0.0,0.0,0.0,0.0,0.0,0.0,22330.0,695.0,0.0,1110.0,2349.0,0.0,4427.0,1300.0,1358.0,3145.0,2957.0,513.0,1475.0,0.0,0.0,2744.0,0.0,0.0,0.0,0.0,0.0,2663.0,0.0,1169.0,0.0,0.0,1113.0,0.0,1846.0,0.0,197.0,563.0,0.0,0.0,0.0,0.0,0.0,0.0,0.0,0.0,825.0,0.0,0.0,0.0,0.0,0.0,0.0,2413.0,0.0,0.0,685.0,1300.0,0.0,0.0,227.0,0.0,0.0,185.0,0.0,149.0,0.0,0.0,0.0,0.0,0.0,2471.0,1692.0,779.0,571.0,4018.0,2583.0,1435.0,0.0,2708.0,2310.0,0.0,309.0,0.0,1042.0,0.0,737.0,0.0,0.0,270.0,0.0,0.0,140.0,128.0,1722.0,1677.0,45.0,0.0,0.0,0.0,0.0,0.0,807.0,211.0,507.0,0.0,0.0,0.0,0.0,290.0,0.0,0.0,197.0,5727.0,2737.0,2990.0,1409.0,0.0,785.0,0.0,585.0,0.0,0.0,0.0,0.0,0.0,313.0,0.0,230.0,0.0,0.0,0.0,207.0,0.0,0.0,0.0,104.0,769.0,562.0,0.0,416.0,0.0,0.0,0.0,0.0,0.0,0.0,0.0,0.0,0.0,0.0,0.0,0.0,0.0,0.0,0.0,0.0,0.0,0.0,0.0,0.0,0.0,207.0,1039.0,490.0,0.0,360.0,0.0,0.0,0.0,0.0,0.0,504.0,0.0,0.0,252.0,0.0,0.0,0.0,45.0,0.0,1359.0,971.0,0.0,180.0
ŁÓDŹ (MIASTO),299784.0,178819.0,120965.0,494.0,376.0,118.0,476.0,2.0,16.0,0.0,191082.0,118372.0,72710.0,105519.0,58125.0,47394.0,10612.0,7765.0,2847.0,42648.0,31284.0,11364.0,32303.0,21198.0,11105.0,22.0,0.0,0.0,0.0,0.0,0.0,0.0,8517.0,514.0,0.0,0.0,0.0,0.0,481.0,297.0,513.0,144.0,144.0,229.0,456.0,1771.0,549.0,1791.0,0.0,0.0,0.0,244.0,750.0,0.0,0.0,430.0,204.0,3367.0,429.0,0.0,0.0,0.0,0.0,0.0,2446.0,0.0,74.0,162.0,0.0,137.0,1601.0,124.0,0.0,0.0,0.0,96.0,854.0,0.0,290.0,148.0,5206.0,939.0,0.0,0.0,101.0,3270.0,0.0,88.0,142.0,97.0,512.0,1036.0,14.0,1022.0,112034.0,4581.0,16.0,5806.0,6345.0,1022.0,14685.0,8650.0,3784.0,15197.0,26777.0,4545.0,5243.0,184.0,222.0,14977.0,936.0,73.0,308.0,395.0,160.0,28356.0,1378.0,14546.0,4407.0,532.0,6430.0,1063.0,9145.0,174.0,247.0,2889.0,570.0,0.0,0.0,491.0,487.0,210.0,0.0,0.0,3398.0,590.0,2168.0,162.0,1460.0,267.0,279.0,10348.0,95.0,0.0,1930.0,4956.0,1132.0,193.0,1745.0,247.0,0.0,1658.0,1.0,981.0,292.0,384.0,832.0,832.0,0.0,5856.0,3827.0,2029.0,0.0,43168.0,29570.0,13598.0,116.0,26811.0,23488.0,624.0,2341.0,358.0,11146.0,26.0,7593.0,355.0,561.0,2611.0,1564.0,281.0,3250.0,0.0,10349.0,9859.0,490.0,1003.0,6.0,0.0,0.0,0.0,2209.0,1439.0,5603.0,1201.0,274.0,724.0,595.0,1660.0,1149.0,89.0,0.0,54691.0,20642.0,34049.0,9216.0,22.0,5117.0,1235.0,2935.0,947.0,1199.0,534.0,559.0,106.0,1519.0,67.0,1160.0,9.0,110.0,173.0,782.0,446.0,336.0,577.0,0.0,6827.0,3458.0,264.0,1772.0,705.0,5.0,228.0,484.0,1687.0,1026.0,564.0,0.0,0.0,121.0,0.0,0.0,479.0,0.0,338.0,0.0,1082.0,25.0,517.0,397.0,143.0,0.0,9115.0,3652.0,241.0,2103.0,585.0,353.0,173.0,170.0,0.0,5030.0,0.0,98.0,2484.0,2225.0,0.0,140.0,433.0,0.0,19593.0,6843.0,0.0,3097.0
PIOTRKOWSKI,35184.0,24546.0,10638.0,450.0,407.0,43.0,207.0,0.0,0.0,243.0,19081.0,14341.0,4740.0,5331.0,3776.0,1555.0,857.0,694.0,163.0,5338.0,3962.0,1376.0,7555.0,5909.0,1646.0,0.0,0.0,0.0,0.0,0.0,0.0,0.0,1140.0,0.0,0.0,0.0,0.0,0.0,0.0,0.0,0.0,0.0,0.0,0.0,429.0,360.0,0.0,0.0,0.0,0.0,0.0,0.0,0.0,0.0,0.0,0.0,0.0,0.0,0.0,0.0,0.0,0.0,0.0,0.0,0.0,0.0,0.0,0.0,0.0,0.0,2092.0,0.0,0.0,117.0,0.0,0.0,199.0,0.0,1674.0,0.0,1418.0,0.0,0.0,0.0,240.0,664.0,0.0,0.0,0.0,0.0,0.0,0.0,0.0,0.0,4674.0,0.0,0.0,0.0,0.0,0.0,2112.0,1415.0,0.0,0.0,767.0,0.0,0.0,0.0,0.0,0.0,170.0,0.0,0.0,0.0,0.0,3518.0,0.0,1960.0,0.0,0.0,1228.0,0.0,2010.0,257.0,356.0,461.0,0.0,0.0,0.0,0.0,0.0,0.0,0.0,0.0,747.0,0.0,200.0,0.0,0.0,0.0,0.0,1446.0,0.0,0.0,362.0,754.0,0.0,0.0,0.0,0.0,0.0,0.0,0.0,0.0,0.0,0.0,0.0,0.0,0.0,1995.0,1446.0,549.0,418.0,4420.0,2732.0,1688.0,0.0,2887.0,2526.0,0.0,231.0,0.0,1257.0,0.0,842.0,0.0,0.0,343.0,0.0,0.0,123.0,153.0,3203.0,3126.0,77.0,0.0,0.0,0.0,0.0,0.0,2366.0,0.0,638.0,0.0,0.0,0.0,179.0,297.0,0.0,0.0,199.0,8030.0,3940.0,4090.0,1441.0,0.0,640.0,240.0,337.0,0.0,274.0,195.0,0.0,0.0,293.0,0.0,181.0,0.0,0.0,0.0,192.0,0.0,0.0,0.0,42.0,1028.0,815.0,0.0,578.0,0.0,0.0,0.0,0.0,0.0,0.0,0.0,0.0,0.0,0.0,0.0,0.0,0.0,0.0,0.0,0.0,0.0,0.0,0.0,0.0,0.0,213.0,797.0,273.0,0.0,0.0,0.0,0.0,0.0,0.0,0.0,491.0,0.0,0.0,266.0,0.0,0.0,0.0,33.0,0.0,2122.0,2290.0,0.0,352.0
RADOMSZCZAŃSKI,19099.0,13666.0,5343.0,406.0,367.0,39.0,0.0,0.0,233.0,173.0,10828.0,8749.0,2079.0,4007.0,3055.0,952.0,508.0,448.0,60.0,2103.0,1810.0,293.0,4210.0,3436.0,774.0,0.0,0.0,0.0,0.0,0.0,0.0,0.0,1881.0,0.0,0.0,0.0,0.0,0.0,0.0,0.0,0.0,0.0,0.0,797.0,324.0,0.0,0.0,0.0,0.0,0.0,0.0,0.0,0.0,0.0,0.0,0.0,0.0,0.0,0.0,0.0,0.0,0.0,0.0,0.0,0.0,0.0,0.0,0.0,0.0,0.0,419.0,0.0,0.0,0.0,0.0,0.0,135.0,0.0,195.0,0.0,3038.0,425.0,0.0,0.0,223.0,614.0,1623.0,0.0,0.0,0.0,0.0,0.0,0.0,0.0,0.0,0.0,0.0,0.0,0.0,0.0,0.0,0.0,0.0,0.0,0.0,0.0,0.0,0.0,0.0,0.0,0.0,0.0,0.0,0.0,0.0,2244.0,0.0,1001.0,0.0,0.0,1015.0,0.0,1188.0,0.0,286.0,274.0,0.0,0.0,0.0,0.0,0.0,0.0,0.0,0.0,463.0,0.0,0.0,0.0,0.0,0.0,0.0,874.0,0.0,0.0,181.0,508.0,0.0,0.0,0.0,0.0,0.0,0.0,0.0,0.0,0.0,0.0,0.0,0.0,0.0,647.0,406.0,241.0,537.0,2735.0,1766.0,969.0,0.0,2184.0,1913.0,0.0,178.0,0.0,445.0,0.0,297.0,0.0,0.0,0.0,0.0,0.0,0.0,106.0,1011.0,985.0,26.0,0.0,0.0,0.0,0.0,0.0,627.0,0.0,263.0,0.0,0.0,0.0,0.0,0.0,0.0,0.0,121.0,4029.0,1799.0,2230.0,800.0,0.0,338.0,0.0,209.0,0.0,0.0,0.0,0.0,0.0,165.0,0.0,116.0,0.0,0.0,0.0,188.0,0.0,0.0,0.0,109.0,740.0,627.0,0.0,510.0,0.0,0.0,0.0,0.0,0.0,0.0,0.0,0.0,0.0,0.0,0.0,0.0,0.0,0.0,0.0,0.0,0.0,0.0,0.0,0.0,0.0,113.0,349.0,0.0,0.0,0.0,0.0,0.0,0.0,0.0,0.0,196.0,0.0,0.0,0.0,0.0,0.0,0.0,0.0,153.0,1345.0,695.0,0.0,100.0
SIERADZKI,25118.0,17135.0,7983.0,311.0,278.0,33.0,0.0,0.0,125.0,186.0,15616.0,11412.0,4204.0,3134.0,2052.0,1082.0,767.0,591.0,176.0,5787.0,4389.0,1398.0,5928.0,4380.0,1548.0,0.0,0.0,0.0,0.0,0.0,0.0,0.0,796.0,0.0,0.0,0.0,0.0,0.0,0.0,0.0,0.0,0.0,0.0,0.0,327.0,0.0,0.0,0.0,0.0,0.0,0.0,0.0,0.0,0.0,0.0,0.0,0.0,0.0,0.0,0.0,0.0,0.0,0.0,0.0,0.0,0.0,0.0,0.0,0.0,0.0,217.0,0.0,0.0,0.0,0.0,0.0,154.0,0.0,0.0,0.0,747.0,0.0,0.0,0.0,0.0,485.0,0.0,0.0,0.0,0.0,0.0,0.0,0.0,0.0,6056.0,216.0,0.0,0.0,0.0,0.0,3278.0,1625.0,0.0,667.0,0.0,0.0,0.0,0.0,0.0,0.0,157.0,0.0,0.0,0.0,0.0,3010.0,0.0,1463.0,0.0,0.0,1258.0,0.0,1466.0,0.0,378.0,394.0,0.0,0.0,0.0,0.0,0.0,0.0,0.0,0.0,564.0,0.0,0.0,0.0,0.0,0.0,0.0,1049.0,0.0,0.0,243.0,430.0,0.0,0.0,0.0,0.0,0.0,0.0,0.0,0.0,0.0,0.0,0.0,0.0,0.0,1824.0,1219.0,605.0,294.0,3543.0,2268.0,1275.0,0.0,2577.0,2133.0,0.0,400.0,0.0,791.0,0.0,588.0,0.0,0.0,172.0,0.0,0.0,0.0,175.0,843.0,818.0,25.0,0.0,0.0,0.0,0.0,0.0,366.0,0.0,349.0,0.0,0.0,0.0,0.0,121.0,0.0,0.0,128.0,4805.0,2359.0,2446.0,920.0,0.0,330.0,0.0,192.0,0.0,0.0,0.0,0.0,0.0,188.0,0.0,107.0,0.0,0.0,0.0,307.0,0.0,0.0,0.0,95.0,641.0,515.0,0.0,448.0,0.0,0.0,0.0,0.0,0.0,0.0,0.0,0.0,0.0,0.0,0.0,0.0,0.0,0.0,0.0,0.0,0.0,0.0,0.0,0.0,0.0,126.0,501.0,229.0,0.0,0.0,0.0,0.0,0.0,0.0,0.0,264.0,0.0,0.0,0.0,0.0,0.0,0.0,8.0,0.0,1276.0,1370.0,0.0,97.0
TURECKI,8260.0,5576.0,2684.0,148.0,137.0,11.0,0.0,0.0,71.0,77.0,4627.0,3522.0,1105.0,233.0,190.0,43.0,112.0,105.0,7.0,2002.0,1536.0,466.0,2280.0,1691.0,589.0,0.0,0.0,0.0,0.0,0.0,0.0,0.0,371.0,0.0,0.0,0.0,0.0,0.0,0.0,0.0,0.0,0.0,0.0,0.0,203.0,0.0,0.0,0.0,0.0,0.0,0.0,0.0,0.0,0.0,0.0,0.0,0.0,0.0,0.0,0.0,0.0,0.0,0.0,0.0,0.0,0.0,0.0,0.0,0.0,0.0,0.0,0.0,0.0,0.0,0.0,0.0,0.0,0.0,0.0,0.0,366.0,0.0,0.0,0.0,0.0,249.0,0.0,0.0,0.0,0.0,0.0,0.0,0.0,0.0,823.0,0.0,0.0,0.0,0.0,0.0,650.0,0.0,0.0,0.0,0.0,0.0,0.0,0.0,0.0,0.0,0.0,0.0,0.0,0.0,0.0,1162.0,0.0,636.0,0.0,0.0,458.0,0.0,748.0,0.0,166.0,182.0,0.0,84.0,0.0,0.0,0.0,0.0,0.0,0.0,270.0,0.0,0.0,0.0,0.0,0.0,0.0,210.0,0.0,0.0,0.0,139.0,0.0,0.0,0.0,0.0,0.0,0.0,0.0,0.0,0.0,0.0,0.0,0.0,0.0,804.0,514.0,290.0,143.0,1400.0,864.0,536.0,0.0,1120.0,971.0,0.0,121.0,0.0,233.0,0.0,163.0,0.0,0.0,0.0,0.0,0.0,0.0,47.0,182.0,172.0,10.0,0.0,0.0,0.0,0.0,0.0,0.0,0.0,96.0,0.0,0.0,0.0,0.0,0.0,0.0,0.0,86.0,1903.0,881.0,1022.0,398.0,0.0,184.0,0.0,126.0,0.0,0.0,0.0,0.0,0.0,77.0,0.0,61.0,0.0,0.0,0.0,90.0,0.0,0.0,0.0,47.0,339.0,283.0,0.0,261.0,0.0,0.0,0.0,0.0,0.0,0.0,0.0,0.0,0.0,0.0,0.0,0.0,0.0,0.0,0.0,0.0,0.0,0.0,0.0,0.0,0.0,56.0,184.0,0.0,0.0,0.0,0.0,0.0,0.0,0.0,0.0,0.0,0.0,0.0,0.0,0.0,0.0,0.0,0.0,0.0,597.0,358.0,0.0,27.0
WIELUŃSKI,17611.0,12632.0,4979.0,285.0,262.0,23.0,0.0,0.0,181.0,104.0,8785.0,7092.0,1693.0,322.0,304.0,18.0,302.0,282.0,20.0,4213.0,3498.0,715.0,3948.0,3008.0,940.0,0.0,0.0,0.0,0.0,0.0,0.0,0.0,695.0,0.0,0.0,0.0,0.0,0.0,0.0,0.0,0.0,0.0,0.0,0.0,416.0,0.0,0.0,0.0,0.0,0.0,0.0,0.0,0.0,0.0,0.0,0.0,0.0,0.0,0.0,0.0,0.0,0.0,0.0,0.0,0.0,0.0,0.0,0.0,0.0,0.0,0.0,0.0,0.0,0.0,0.0,0.0,0.0,0.0,0.0,0.0,942.0,0.0,0.0,0.0,0.0,577.0,0.0,0.0,0.0,0.0,0.0,0.0,0.0,0.0,0.0,0.0,0.0,0.0,0.0,0.0,0.0,0.0,0.0,0.0,0.0,0.0,0.0,0.0,0.0,0.0,0.0,0.0,0.0,0.0,0.0,3189.0,0.0,1585.0,0.0,0.0,1361.0,0.0,1559.0,0.0,301.0,392.0,0.0,131.0,0.0,0.0,0.0,0.0,0.0,0.0,648.0,0.0,0.0,0.0,0.0,0.0,0.0,654.0,0.0,0.0,0.0,414.0,0.0,0.0,0.0,0.0,0.0,0.0,0.0,0.0,0.0,0.0,0.0,0.0,0.0,1198.0,800.0,398.0,548.0,3489.0,2285.0,1204.0,0.0,2872.0,2394.0,0.0,394.0,0.0,518.0,0.0,310.0,0.0,0.0,0.0,0.0,0.0,0.0,99.0,775.0,743.0,32.0,0.0,0.0,0.0,0.0,0.0,289.0,0.0,337.0,0.0,0.0,0.0,162.0,0.0,0.0,0.0,149.0,4277.0,2250.0,2027.0,991.0,0.0,312.0,0.0,197.0,0.0,0.0,0.0,0.0,0.0,337.0,0.0,0.0,0.0,0.0,0.0,250.0,0.0,0.0,0.0,92.0,675.0,608.0,0.0,525.0,0.0,0.0,0.0,0.0,0.0,0.0,0.0,0.0,0.0,0.0,0.0,0.0,0.0,0.0,0.0,0.0,0.0,0.0,0.0,0.0,0.0,67.0,406.0,0.0,0.0,0.0,0.0,0.0,0.0,0.0,0.0,249.0,0.0,0.0,0.0,0.0,0.0,0.0,0.0,157.0,1149.0,980.0,0.0,76.0
POŁUDNIOWO-WARSZAWSKI,0.0,0.0,0.0,0.0,0.0,0.0,0.0,0.0,0.0,0.0,0.0,0.0,0.0,0.0,0.0,0.0,0.0,0.0,0.0,0.0,0.0,0.0,0.0,0.0,0.0,0.0,0.0,0.0,0.0,0.0,0.0,0.0,0.0,0.0,0.0,0.0,0.0,0.0,0.0,0.0,0.0,0.0,0.0,0.0,0.0,0.0,0.0,0.0,0.0,0.0,0.0,0.0,0.0,0.0,0.0,0.0,0.0,0.0,0.0,0.0,0.0,0.0,0.0,0.0,0.0,0.0,0.0,0.0,0.0,0.0,0.0,0.0,0.0,0.0,0.0,0.0,0.0,0.0,0.0,0.0,0.0,0.0,0.0,0.0,0.0,0.0,0.0,0.0,0.0,0.0,0.0,0.0,0.0,0.0,0.0,0.0,0.0,0.0,0.0,0.0,0.0,0.0,0.0,0.0,0.0,0.0,0.0,0.0,0.0,0.0,0.0,0.0,0.0,0.0,0.0,0.0,0.0,0.0,0.0,0.0,0.0,0.0,0.0,0.0,0.0,0.0,0.0,0.0,0.0,0.0,0.0,0.0,0.0,0.0,0.0,0.0,0.0,0.0,0.0,0.0,0.0,0.0,0.0,0.0,0.0,0.0,0.0,0.0,0.0,0.0,0.0,0.0,0.0,0.0,0.0,0.0,0.0,0.0,0.0,0.0,0.0,0.0,0.0,0.0,0.0,0.0,0.0,0.0,0.0,0.0,0.0,0.0,0.0,0.0,0.0,0.0,0.0,0.0,0.0,0.0,0.0,0.0,0.0,0.0,0.0,0.0,0.0,0.0,0.0,0.0,0.0,0.0,0.0,0.0,0.0,0.0,0.0,0.0,0.0,0.0,0.0,0.0,0.0,0.0,0.0,0.0,0.0,0.0,0.0,0.0,0.0,0.0,0.0,0.0,0.0,0.0,0.0,0.0,0.0,0.0,0.0,0.0,0.0,0.0,0.0,0.0,0.0,0.0,0.0,0.0,0.0,0.0,0.0,0.0,0.0,0.0,0.0,0.0,0.0,0.0,0.0,0.0,0.0,0.0,0.0,0.0,0.0,0.0,0.0,0.0,0.0,0.0,0.0,0.0,0.0,0.0,0.0,0.0,0.0,0.0,0.0,0.0,0.0,0.0,0.0,0.0,0.0,0.0,0.0,0.0,0.0,0.0,0.0
PÓŁNOCNO-WARSZAWSKI,0.0,0.0,0.0,0.0,0.0,0.0,0.0,0.0,0.0,0.0,0.0,0.0,0.0,0.0,0.0,0.0,0.0,0.0,0.0,0.0,0.0,0.0,0.0,0.0,0.0,0.0,0.0,0.0,0.0,0.0,0.0,0.0,0.0,0.0,0.0,0.0,0.0,0.0,0.0,0.0,0.0,0.0,0.0,0.0,0.0,0.0,0.0,0.0,0.0,0.0,0.0,0.0,0.0,0.0,0.0,0.0,0.0,0.0,0.0,0.0,0.0,0.0,0.0,0.0,0.0,0.0,0.0,0.0,0.0,0.0,0.0,0.0,0.0,0.0,0.0,0.0,0.0,0.0,0.0,0.0,0.0,0.0,0.0,0.0,0.0,0.0,0.0,0.0,0.0,0.0,0.0,0.0,0.0,0.0,0.0,0.0,0.0,0.0,0.0,0.0,0.0,0.0,0.0,0.0,0.0,0.0,0.0,0.0,0.0,0.0,0.0,0.0,0.0,0.0,0.0,0.0,0.0,0.0,0.0,0.0,0.0,0.0,0.0,0.0,0.0,0.0,0.0,0.0,0.0,0.0,0.0,0.0,0.0,0.0,0.0,0.0,0.0,0.0,0.0,0.0,0.0,0.0,0.0,0.0,0.0,0.0,0.0,0.0,0.0,0.0,0.0,0.0,0.0,0.0,0.0,0.0,0.0,0.0,0.0,0.0,0.0,0.0,0.0,0.0,0.0,0.0,0.0,0.0,0.0,0.0,0.0,0.0,0.0,0.0,0.0,0.0,0.0,0.0,0.0,0.0,0.0,0.0,0.0,0.0,0.0,0.0,0.0,0.0,0.0,0.0,0.0,0.0,0.0,0.0,0.0,0.0,0.0,0.0,0.0,0.0,0.0,0.0,0.0,0.0,0.0,0.0,0.0,0.0,0.0,0.0,0.0,0.0,0.0,0.0,0.0,0.0,0.0,0.0,0.0,0.0,0.0,0.0,0.0,0.0,0.0,0.0,0.0,0.0,0.0,0.0,0.0,0.0,0.0,0.0,0.0,0.0,0.0,0.0,0.0,0.0,0.0,0.0,0.0,0.0,0.0,0.0,0.0,0.0,0.0,0.0,0.0,0.0,0.0,0.0,0.0,0.0,0.0,0.0,0.0,0.0,0.0,0.0,0.0,0.0,0.0,0.0,0.0,0.0,0.0,0.0,0.0,0.0,0.0
PRASKO-WARSZAWSKI,0.0,0.0,0.0,0.0,0.0,0.0,0.0,0.0,0.0,0.0,0.0,0.0,0.0,0.0,0.0,0.0,0.0,0.0,0.0,0.0,0.0,0.0,0.0,0.0,0.0,0.0,0.0,0.0,0.0,0.0,0.0,0.0,0.0,0.0,0.0,0.0,0.0,0.0,0.0,0.0,0.0,0.0,0.0,0.0,0.0,0.0,0.0,0.0,0.0,0.0,0.0,0.0,0.0,0.0,0.0,0.0,0.0,0.0,0.0,0.0,0.0,0.0,0.0,0.0,0.0,0.0,0.0,0.0,0.0,0.0,0.0,0.0,0.0,0.0,0.0,0.0,0.0,0.0,0.0,0.0,0.0,0.0,0.0,0.0,0.0,0.0,0.0,0.0,0.0,0.0,0.0,0.0,0.0,0.0,0.0,0.0,0.0,0.0,0.0,0.0,0.0,0.0,0.0,0.0,0.0,0.0,0.0,0.0,0.0,0.0,0.0,0.0,0.0,0.0,0.0,0.0,0.0,0.0,0.0,0.0,0.0,0.0,0.0,0.0,0.0,0.0,0.0,0.0,0.0,0.0,0.0,0.0,0.0,0.0,0.0,0.0,0.0,0.0,0.0,0.0,0.0,0.0,0.0,0.0,0.0,0.0,0.0,0.0,0.0,0.0,0.0,0.0,0.0,0.0,0.0,0.0,0.0,0.0,0.0,0.0,0.0,0.0,0.0,0.0,0.0,0.0,0.0,0.0,0.0,0.0,0.0,0.0,0.0,0.0,0.0,0.0,0.0,0.0,0.0,0.0,0.0,0.0,0.0,0.0,0.0,0.0,0.0,0.0,0.0,0.0,0.0,0.0,0.0,0.0,0.0,0.0,0.0,0.0,0.0,0.0,0.0,0.0,0.0,0.0,0.0,0.0,0.0,0.0,0.0,0.0,0.0,0.0,0.0,0.0,0.0,0.0,0.0,0.0,0.0,0.0,0.0,0.0,0.0,0.0,0.0,0.0,0.0,0.0,0.0,0.0,0.0,0.0,0.0,0.0,0.0,0.0,0.0,0.0,0.0,0.0,0.0,0.0,0.0,0.0,0.0,0.0,0.0,0.0,0.0,0.0,0.0,0.0,0.0,0.0,0.0,0.0,0.0,0.0,0.0,0.0,0.0,0.0,0.0,0.0,0.0,0.0,0.0,0.0,0.0,0.0,0.0,0.0,0.0
ŚRÓDMIEJSKO-WARSZAWSKI,561948.0,345438.0,216510.0,2200.0,1652.0,548.0,2023.0,40.0,137.0,0.0,229190.0,166878.0,62312.0,61977.0,47731.0,14246.0,14053.0,10672.0,3381.0,50544.0,38124.0,12420.0,102616.0,70351.0,32265.0,66.0,0.0,0.0,0.0,0.0,0.0,0.0,44163.0,9480.0,2729.0,0.0,0.0,0.0,701.0,985.0,851.0,556.0,1863.0,1116.0,872.0,5939.0,2326.0,1790.0,128.0,1640.0,2735.0,2661.0,3984.0,1099.0,388.0,2164.0,156.0,6518.0,1890.0,0.0,0.0,0.0,0.0,0.0,1232.0,384.0,795.0,182.0,0.0,1854.0,2203.0,688.0,0.0,0.0,0.0,149.0,199.0,175.0,408.0,454.0,12266.0,1880.0,366.0,0.0,547.0,7468.0,0.0,142.0,291.0,302.0,1222.0,3149.0,435.0,2714.0,11396.0,2721.0,0.0,307.0,0.0,0.0,522.0,0.0,0.0,126.0,816.0,0.0,441.0,0.0,191.0,6103.0,5567.0,281.0,1920.0,2930.0,436.0,61424.0,4142.0,27385.0,7757.0,1792.0,16810.0,3538.0,19081.0,1041.0,529.0,5243.0,3368.0,204.0,0.0,690.0,1120.0,497.0,0.0,305.0,4670.0,1368.0,8581.0,559.0,5978.0,1359.0,685.0,23732.0,188.0,764.0,1379.0,11838.0,3809.0,434.0,4046.0,811.0,463.0,3727.0,4.0,1445.0,806.0,1472.0,2801.0,2791.0,10.0,24516.0,14212.0,10304.0,0.0,106142.0,67599.0,38543.0,853.0,64521.0,56903.0,1478.0,5429.0,711.0,27238.0,86.0,14000.0,1877.0,1440.0,9835.0,7462.0,1282.0,4786.0,0.0,36447.0,33010.0,3437.0,5505.0,518.0,33.0,271.0,214.0,11138.0,5075.0,13922.0,2052.0,1794.0,1541.0,2866.0,2713.0,2956.0,289.0,0.0,205469.0,81259.0,124210.0,32568.0,458.0,17515.0,11114.0,4237.0,2164.0,3606.0,1595.0,1837.0,174.0,5159.0,541.0,3814.0,81.0,369.0,354.0,2667.0,1758.0,909.0,3163.0,0.0,26199.0,19288.0,890.0,3455.0,2319.0,1289.0,486.0,1849.0,7633.0,4639.0,2524.0,126.0,344.0,1701.0,922.0,779.0,2566.0,1400.0,1070.0,96.0,4011.0,398.0,2539.0,705.0,369.0,0.0,25829.0,11112.0,613.0,6693.0,1433.0,1472.0,423.0,429.0,49.0,12692.0,272.0,292.0,5592.0,4973.0,1070.0,493.0,2025.0,0.0,57862.0,27227.0,0.0,35784.0
BARANOWICKI,14824.0,10386.0,4438.0,407.0,334.0,73.0,0.0,0.0,224.0,183.0,5154.0,4127.0,1027.0,173.0,164.0,9.0,273.0,232.0,41.0,1034.0,862.0,172.0,3674.0,2869.0,805.0,0.0,0.0,0.0,0.0,0.0,0.0,0.0,565.0,0.0,0.0,0.0,0.0,0.0,0.0,0.0,0.0,0.0,0.0,0.0,290.0,0.0,0.0,0.0,0.0,0.0,0.0,0.0,0.0,0.0,0.0,0.0,0.0,0.0,0.0,0.0,0.0,0.0,0.0,0.0,0.0,0.0,0.0,0.0,0.0,0.0,0.0,0.0,0.0,0.0,0.0,0.0,0.0,0.0,0.0,0.0,676.0,0.0,114.0,0.0,0.0,372.0,0.0,0.0,0.0,0.0,0.0,0.0,0.0,0.0,0.0,0.0,0.0,0.0,0.0,0.0,0.0,0.0,0.0,0.0,0.0,0.0,0.0,0.0,0.0,0.0,0.0,0.0,0.0,0.0,0.0,1477.0,0.0,848.0,0.0,0.0,478.0,0.0,752.0,0.0,203.0,151.0,0.0,0.0,0.0,0.0,0.0,0.0,0.0,0.0,289.0,0.0,0.0,0.0,0.0,0.0,0.0,585.0,0.0,0.0,0.0,391.0,0.0,0.0,0.0,0.0,0.0,0.0,0.0,0.0,0.0,0.0,0.0,0.0,0.0,726.0,433.0,293.0,373.0,2632.0,1664.0,968.0,0.0,1932.0,1777.0,0.0,0.0,0.0,569.0,0.0,301.0,0.0,0.0,207.0,0.0,0.0,0.0,131.0,1366.0,1297.0,69.0,154.0,0.0,0.0,0.0,0.0,875.0,0.0,288.0,0.0,0.0,0.0,0.0,110.0,0.0,0.0,49.0,5265.0,2964.0,2301.0,924.0,0.0,302.0,0.0,187.0,0.0,0.0,0.0,0.0,0.0,324.0,0.0,198.0,0.0,0.0,0.0,158.0,0.0,0.0,0.0,140.0,601.0,481.0,0.0,348.0,0.0,0.0,0.0,0.0,0.0,0.0,0.0,0.0,0.0,0.0,0.0,0.0,0.0,0.0,0.0,0.0,0.0,0.0,0.0,0.0,0.0,120.0,425.0,227.0,0.0,0.0,0.0,0.0,0.0,0.0,0.0,172.0,0.0,0.0,0.0,0.0,0.0,0.0,26.0,0.0,1393.0,1135.0,0.0,787.0
BRASŁAWSKI,8281.0,5771.0,2510.0,354.0,0.0,0.0,52.0,112.0,190.0,0.0,2946.0,2323.0,623.0,139.0,100.0,39.0,67.0,63.0,4.0,571.0,432.0,139.0,2169.0,1728.0,441.0,0.0,0.0,0.0,0.0,0.0,0.0,0.0,286.0,0.0,0.0,0.0,0.0,0.0,0.0,0.0,0.0,0.0,0.0,0.0,208.0,0.0,0.0,0.0,0.0,0.0,0.0,0.0,0.0,0.0,0.0,0.0,0.0,0.0,0.0,0.0,0.0,0.0,0.0,0.0,0.0,0.0,0.0,0.0,0.0,0.0,0.0,0.0,0.0,0.0,0.0,0.0,0.0,0.0,0.0,0.0,323.0,0.0,0.0,0.0,0.0,0.0,194.0,0.0,0.0,0.0,0.0,101.0,101.0,0.0,0.0,0.0,0.0,0.0,0.0,0.0,0.0,0.0,0.0,0.0,0.0,0.0,0.0,0.0,0.0,0.0,0.0,0.0,0.0,0.0,0.0,1059.0,0.0,655.0,0.0,0.0,341.0,0.0,309.0,0.0,113.0,0.0,0.0,0.0,0.0,0.0,0.0,0.0,0.0,0.0,85.0,0.0,0.0,0.0,0.0,0.0,0.0,512.0,0.0,0.0,0.0,367.0,0.0,0.0,0.0,0.0,0.0,0.0,0.0,0.0,0.0,0.0,0.0,0.0,0.0,92.0,0.0,0.0,264.0,1359.0,827.0,532.0,0.0,1136.0,1023.0,0.0,0.0,0.0,177.0,0.0,100.0,0.0,0.0,0.0,0.0,0.0,0.0,46.0,406.0,385.0,21.0,0.0,0.0,0.0,0.0,0.0,157.0,0.0,164.0,0.0,0.0,0.0,0.0,132.0,0.0,0.0,85.0,3216.0,0.0,0.0,1495.0,0.0,208.0,0.0,0.0,0.0,0.0,0.0,0.0,0.0,1039.0,0.0,116.0,0.0,0.0,0.0,203.0,0.0,0.0,0.0,45.0,391.0,357.0,0.0,319.0,0.0,0.0,0.0,0.0,0.0,0.0,0.0,0.0,0.0,0.0,0.0,0.0,0.0,0.0,0.0,0.0,0.0,0.0,0.0,0.0,0.0,34.0,156.0,0.0,0.0,0.0,0.0,0.0,0.0,0.0,0.0,0.0,0.0,0.0,0.0,0.0,0.0,0.0,0.0,0.0,715.0,396.0,0.0,63.0
LIDZKI,15715.0,10612.0,5103.0,282.0,245.0,37.0,0.0,0.0,169.0,113.0,6905.0,5164.0,1741.0,1223.0,787.0,436.0,198.0,169.0,29.0,1149.0,892.0,257.0,4335.0,3316.0,1019.0,0.0,0.0,0.0,0.0,0.0,0.0,0.0,683.0,0.0,0.0,0.0,0.0,0.0,0.0,0.0,0.0,0.0,0.0,0.0,337.0,0.0,0.0,0.0,0.0,0.0,0.0,0.0,0.0,0.0,0.0,0.0,0.0,386.0,0.0,0.0,0.0,0.0,0.0,0.0,304.0,0.0,0.0,0.0,0.0,0.0,671.0,0.0,0.0,0.0,0.0,0.0,0.0,0.0,541.0,0.0,698.0,0.0,0.0,0.0,0.0,376.0,0.0,0.0,0.0,0.0,0.0,0.0,0.0,0.0,0.0,0.0,0.0,0.0,0.0,0.0,0.0,0.0,0.0,0.0,0.0,0.0,0.0,0.0,0.0,0.0,0.0,0.0,0.0,0.0,0.0,1784.0,0.0,1032.0,0.0,0.0,608.0,0.0,722.0,0.0,185.0,142.0,0.0,0.0,0.0,0.0,0.0,0.0,0.0,0.0,232.0,0.0,0.0,0.0,0.0,0.0,0.0,557.0,0.0,0.0,0.0,350.0,0.0,0.0,0.0,0.0,0.0,0.0,0.0,0.0,0.0,0.0,0.0,0.0,0.0,1055.0,650.0,405.0,349.0,2402.0,1453.0,949.0,0.0,1762.0,1606.0,0.0,0.0,0.0,570.0,0.0,325.0,0.0,0.0,207.0,0.0,0.0,0.0,70.0,1189.0,1142.0,47.0,0.0,0.0,0.0,0.0,0.0,651.0,0.0,345.0,0.0,0.0,0.0,0.0,233.0,0.0,0.0,193.0,4937.0,2608.0,2329.0,822.0,0.0,278.0,0.0,157.0,0.0,0.0,0.0,0.0,0.0,199.0,0.0,152.0,0.0,0.0,0.0,186.0,0.0,0.0,0.0,159.0,644.0,530.0,0.0,427.0,0.0,0.0,0.0,0.0,0.0,0.0,0.0,0.0,0.0,0.0,0.0,0.0,0.0,0.0,0.0,0.0,0.0,0.0,0.0,0.0,0.0,114.0,404.0,229.0,0.0,0.0,0.0,0.0,0.0,0.0,0.0,0.0,0.0,0.0,0.0,0.0,0.0,0.0,0.0,175.0,1336.0,998.0,0.0,733.0
NIEŚWIESKI,8803.0,6199.0,2604.0,300.0,267.0,33.0,124.0,8.0,168.0,0.0,2683.0,2154.0,529.0,18.0,17.0,1.0,140.0,126.0,14.0,609.0,501.0,108.0,1916.0,1510.0,406.0,0.0,0.0,0.0,0.0,0.0,0.0,0.0,289.0,0.0,0.0,0.0,0.0,0.0,0.0,0.0,0.0,0.0,0.0,0.0,190.0,0.0,0.0,0.0,0.0,0.0,0.0,0.0,0.0,0.0,0.0,0.0,0.0,0.0,0.0,0.0,0.0,0.0,0.0,0.0,0.0,0.0,0.0,0.0,0.0,0.0,0.0,0.0,0.0,0.0,0.0,0.0,0.0,0.0,0.0,0.0,272.0,0.0,0.0,0.0,0.0,231.0,0.0,0.0,0.0,0.0,0.0,0.0,0.0,0.0,0.0,0.0,0.0,0.0,0.0,0.0,0.0,0.0,0.0,0.0,0.0,0.0,0.0,0.0,0.0,0.0,86.0,0.0,0.0,0.0,0.0,894.0,0.0,489.0,0.0,0.0,355.0,0.0,445.0,0.0,156.0,90.0,0.0,0.0,0.0,0.0,0.0,0.0,0.0,0.0,118.0,0.0,0.0,0.0,0.0,0.0,0.0,223.0,0.0,0.0,0.0,142.0,0.0,0.0,0.0,0.0,0.0,0.0,0.0,0.0,0.0,0.0,0.0,0.0,0.0,344.0,204.0,140.0,130.0,1488.0,904.0,584.0,0.0,1182.0,1116.0,0.0,0.0,0.0,259.0,0.0,165.0,0.0,0.0,0.0,0.0,0.0,0.0,47.0,294.0,285.0,9.0,0.0,0.0,0.0,0.0,0.0,78.0,0.0,147.0,0.0,0.0,0.0,0.0,66.0,0.0,0.0,69.0,4038.0,2589.0,1449.0,1932.0,0.0,179.0,0.0,105.0,0.0,0.0,0.0,0.0,0.0,1576.0,0.0,114.0,0.0,0.0,0.0,125.0,75.0,0.0,0.0,52.0,442.0,376.0,0.0,303.0,0.0,0.0,0.0,0.0,0.0,0.0,0.0,0.0,0.0,0.0,0.0,0.0,0.0,0.0,0.0,0.0,0.0,0.0,0.0,0.0,0.0,66.0,220.0,109.0,0.0,0.0,0.0,0.0,0.0,0.0,0.0,0.0,0.0,0.0,0.0,0.0,0.0,0.0,0.0,111.0,933.0,368.0,0.0,143.0
NOWOGRÓDZKI,9728.921509288655,6545.077067055269,3183.844442233387,276.9525080062036,237.64183052099975,39.310677485203776,0.0,0.0,195.02047555059224,81.93203245561132,3503.132390862457,2759.5207924749648,743.6115983874924,84.84894884446896,76.34841289608511,8.500535948383856,218.69253820509937,196.60623890365383,22.086299301445493,1780.1217814067857,1391.7733685107005,388.3484128960851,1419.469122406103,1094.792772164525,324.67635024157795,0.0,0.0,0.0,0.0,0.0,0.0,0.0,293.59005094013247,0.0,0.0,0.0,0.0,0.0,0.0,0.0,0.0,0.0,0.0,0.0,222.450900161052,0.0,0.0,0.0,0.0,0.0,0.0,0.0,0.0,0.0,0.0,0.0,0.0,0.0,0.0,0.0,0.0,0.0,0.0,0.0,0.0,0.0,0.0,0.0,0.0,0.0,0.0,0.0,0.0,0.0,0.0,0.0,0.0,0.0,0.0,0.0,467.060354755009,0.0,0.0,3.106774852037728,0.0,346.2275938740614,0.0,0.0,0.0,0.0,0.0,0.0,0.0,0.0,0.0,0.0,0.0,0.0,0.0,0.0,0.0,0.0,0.0,0.0,0.0,0.0,0.0,0.0,0.0,0.0,0.0,0.0,0.0,0.0,0.0,1191.271760665549,0.0,748.6115983874924,0.0,0.0,374.9697678664927,0.0,646.8014568506725,0.0,243.50267974191928,152.51886770544067,0.0,0.0,0.0,0.0,0.0,0.0,0.0,0.0,156.55445932278658,0.0,1.5533874260188638,1.1391507790805002,0.0,0.0,0.0,266.52101149897607,0.0,0.0,0.0,163.60623890365386,0.0,0.0,0.0,0.0,0.0,0.0,0.0,0.0,0.0,0.0,0.0,0.0,0.0,282.3829326166633,165.1229628155591,117.2599698011042,353.95143610943586,1734.3472314873118,1088.7874126806869,645.5598188066251,0.0,1299.9804868341698,1212.927635356535,0.0,0.0,0.0,376.6590903812889,0.0,202.1574825361373,0.0,0.0,126.0,0.0,0.0,0.0,57.70765427185304,416.2512851149568,394.7162294459947,21.53505566896205,0.0,0.0,0.0,0.0,0.0,121.5048235354547,0.0,169.331153035796,0.0,0.0,0.0,0.0,92.93203245561132,1.2081902202368942,0.0,125.41530854370608,3798.238093817727,2064.410801932624,1733.8272918851033,1150.6266049422404,0.0,461.07225513145954,275.3635289628388,162.51886770544067,0.0,169.0,118.0,0.0,0.0,298.120709510018,0.0,250.278301558161,0.0,0.0,0.0,167.72598602890986,87.0,0.0,0.0,54.70765427185304,493.5231552925115,417.67742213834566,0.0,312.9870277267818,0.0,0.0,0.0,0.0,0.0,0.0,0.0,0.0,0.0,0.0,0.0,0.0,0.0,0.0,0.0,0.0,0.0,0.0,0.0,0.0,0.0,75.84573315416583,297.62349876394296,137.0,0.0,0.0,0.0,0.0,0.0,0.0,0.0,0.0,0.0,0.0,0.0,0.0,0.0,0.0,0.0,158.0,1088.0808303056012,701.4174523372415,0.0,66.96655217618951
SŁONIMSKI,10058.0,6881.0,3177.0,355.0,312.0,43.0,0.0,0.0,265.0,90.0,4239.0,3390.0,849.0,347.0,285.0,62.0,231.0,185.0,46.0,1165.0,924.0,241.0,2496.0,1996.0,500.0,0.0,0.0,0.0,0.0,0.0,0.0,0.0,393.0,0.0,0.0,0.0,0.0,0.0,0.0,0.0,0.0,0.0,0.0,0.0,233.0,0.0,0.0,0.0,0.0,0.0,0.0,0.0,0.0,0.0,0.0,0.0,0.0,0.0,0.0,0.0,0.0,0.0,0.0,0.0,0.0,0.0,0.0,0.0,0.0,0.0,0.0,0.0,0.0,0.0,0.0,0.0,0.0,0.0,0.0,0.0,693.0,0.0,130.0,0.0,136.0,328.0,0.0,0.0,0.0,0.0,0.0,123.0,123.0,0.0,0.0,0.0,0.0,0.0,0.0,0.0,0.0,0.0,0.0,0.0,0.0,0.0,0.0,0.0,0.0,0.0,138.0,0.0,99.0,0.0,0.0,1129.0,0.0,671.0,0.0,0.0,371.0,0.0,557.0,0.0,207.0,128.0,0.0,0.0,0.0,0.0,0.0,0.0,0.0,0.0,169.0,0.0,0.0,0.0,0.0,0.0,0.0,427.0,0.0,0.0,0.0,216.0,0.0,0.0,0.0,0.0,0.0,0.0,0.0,0.0,0.0,0.0,0.0,0.0,0.0,475.0,306.0,169.0,304.0,1649.0,926.0,723.0,0.0,1143.0,1097.0,0.0,0.0,0.0,434.0,0.0,244.0,0.0,0.0,143.0,0.0,0.0,0.0,72.0,409.0,385.0,24.0,0.0,0.0,0.0,0.0,0.0,97.0,0.0,183.0,0.0,0.0,0.0,0.0,78.0,0.0,0.0,129.0,3406.0,1868.0,1538.0,808.0,0.0,280.0,0.0,158.0,0.0,0.0,0.0,0.0,0.0,188.0,0.0,155.0,0.0,0.0,0.0,256.0,173.0,0.0,0.0,84.0,432.0,356.0,0.0,241.0,0.0,0.0,0.0,0.0,0.0,0.0,0.0,0.0,0.0,0.0,0.0,0.0,0.0,0.0,0.0,0.0,0.0,0.0,0.0,0.0,0.0,76.0,238.0,0.0,0.0,0.0,0.0,0.0,0.0,0.0,0.0,0.0,0.0,0.0,0.0,0.0,0.0,0.0,0.0,0.0,876.0,509.0,0.0,543.0
STOŁPECKI,6828.078490711343,5014.92293294473,1813.155557766613,225.04749199379643,207.3581694790002,17.689322514796228,0.0,0.0,171.97952444940776,53.06796754438868,2455.867609137543,2022.4792075250352,433.3884016125076,219.15105115553104,190.6515871039149,28.499464051616144,153.30746179490063,148.3937610963461,4.913700698554507,974.8782185932142,784.2266314892994,190.6515871039149,1108.5308775938968,899.2072278354748,209.323649758422,0.0,0.0,0.0,0.0,0.0,0.0,0.0,204.4099490598675,0.0,0.0,0.0,0.0,0.0,0.0,0.0,0.0,0.0,0.0,0.0,139.549099838948,0.0,0.0,0.0,0.0,0.0,0.0,0.0,0.0,0.0,0.0,0.0,0.0,0.0,0.0,0.0,0.0,0.0,0.0,0.0,0.0,0.0,0.0,0.0,0.0,0.0,0.0,0.0,0.0,0.0,0.0,0.0,0.0,0.0,0.0,0.0,458.93964524499097,0.0,0.0,176.89322514796226,0.0,183.77240612593857,0.0,0.0,0.0,0.0,0.0,0.0,0.0,0.0,0.0,0.0,0.0,0.0,0.0,0.0,0.0,0.0,0.0,0.0,0.0,0.0,0.0,0.0,0.0,0.0,0.0,0.0,0.0,0.0,0.0,698.7282393344509,0.0,433.3884016125076,0.0,0.0,226.03023213350733,0.0,444.19854314932746,0.0,142.49732025808072,86.48113229455933,0.0,0.0,0.0,0.0,0.0,0.0,0.0,0.0,145.44554067721342,0.0,88.44661257398113,64.86084922091949,0.0,0.0,0.0,200.4789885010239,0.0,0.0,0.0,148.3937610963461,0.0,0.0,0.0,0.0,0.0,0.0,0.0,0.0,0.0,0.0,0.0,0.0,0.0,192.6170673833367,120.87703718444088,71.74003019889581,168.04856389056414,1044.6527685126882,614.2125873193135,430.4401811933748,0.0,796.0195131658302,736.0723646434652,0.0,0.0,0.0,208.34090961871112,0.0,122.84251746386268,0.0,0.0,0.0,0.0,0.0,0.0,40.29234572814696,526.7487148850432,496.2837705540052,30.464944331037945,0.0,0.0,0.0,0.0,0.0,256.4951764645453,0.0,189.668846964204,0.0,0.0,0.0,0.0,53.06796754438868,68.7918097797631,0.0,80.58469145629392,2575.761906182273,1674.5891980673762,901.1727081148966,1231.3733950577596,0.0,174.92774486854046,77.63647103716121,86.48113229455933,0.0,0.0,0.0,0.0,0.0,917.879290489982,0.0,129.72169844183898,0.0,0.0,0.0,98.27401397109014,0.0,0.0,0.0,40.29234572814696,314.47684470748845,266.3225778616543,0.0,227.01297227321825,0.0,0.0,0.0,0.0,0.0,0.0,0.0,0.0,0.0,0.0,0.0,0.0,0.0,0.0,0.0,0.0,0.0,0.0,0.0,0.0,0.0,48.15426684583417,149.376501236057,0.0,0.0,0.0,0.0,0.0,0.0,0.0,0.0,0.0,0.0,0.0,0.0,0.0,0.0,0.0,0.0,0.0,630.9191696943988,194.5825476627585,0.0,55.03344782381048
WOŁOŻYŃSKI,6142.0,4686.0,1456.0,216.0,213.0,3.0,0.0,0.0,206.0,10.0,1946.0,1639.0,307.0,105.0,103.0,2.0,110.0,105.0,5.0,1303.0,1094.0,209.0,428.0,337.0,91.0,0.0,0.0,0.0,0.0,0.0,0.0,0.0,203.0,0.0,0.0,0.0,0.0,0.0,0.0,0.0,0.0,0.0,0.0,0.0,153.0,0.0,0.0,0.0,0.0,0.0,0.0,0.0,0.0,0.0,0.0,0.0,0.0,0.0,0.0,0.0,0.0,0.0,0.0,0.0,0.0,0.0,0.0,0.0,0.0,0.0,0.0,0.0,0.0,0.0,0.0,0.0,0.0,0.0,0.0,0.0,325.0,0.0,0.0,0.0,0.0,129.0,0.0,0.0,0.0,0.0,0.0,0.0,0.0,0.0,0.0,0.0,0.0,0.0,0.0,0.0,0.0,0.0,0.0,0.0,0.0,0.0,0.0,0.0,0.0,0.0,0.0,0.0,0.0,0.0,0.0,555.0,0.0,342.0,0.0,0.0,193.0,0.0,239.0,0.0,101.0,0.0,0.0,0.0,0.0,0.0,0.0,0.0,0.0,0.0,72.0,0.0,0.0,0.0,0.0,0.0,0.0,273.0,0.0,0.0,0.0,245.0,0.0,0.0,0.0,0.0,0.0,0.0,0.0,0.0,0.0,0.0,0.0,0.0,0.0,166.0,98.0,68.0,185.0,721.0,485.0,236.0,0.0,547.0,456.0,0.0,73.0,0.0,134.0,0.0,0.0,0.0,0.0,0.0,0.0,0.0,0.0,40.0,235.0,228.0,7.0,0.0,0.0,0.0,0.0,0.0,69.0,0.0,108.0,0.0,0.0,0.0,0.0,89.0,0.0,0.0,58.0,3024.0,2121.0,903.0,1767.0,0.0,165.0,0.0,105.0,0.0,0.0,0.0,0.0,0.0,1458.0,0.0,103.0,0.0,0.0,0.0,93.0,0.0,0.0,0.0,51.0,275.0,259.0,0.0,235.0,0.0,0.0,0.0,0.0,0.0,0.0,0.0,0.0,0.0,0.0,0.0,0.0,0.0,0.0,0.0,0.0,0.0,0.0,0.0,0.0,0.0,16.0,122.0,0.0,0.0,0.0,0.0,0.0,0.0,0.0,0.0,0.0,0.0,0.0,0.0,0.0,0.0,0.0,0.0,0.0,623.0,213.0,0.0,24.0
SZCZUCZYŃSKI (WOJ. NOWOGRÓDZKIE),5506.0,3880.0,1626.0,359.0,330.0,29.0,0.0,0.0,288.0,71.0,2431.0,1978.0,453.0,140.0,112.0,28.0,68.0,68.0,0.0,1250.0,1020.0,230.0,973.0,778.0,195.0,0.0,0.0,0.0,0.0,0.0,0.0,0.0,225.0,0.0,0.0,0.0,0.0,0.0,0.0,0.0,0.0,0.0,0.0,0.0,171.0,0.0,0.0,0.0,0.0,0.0,0.0,0.0,0.0,0.0,0.0,0.0,0.0,0.0,0.0,0.0,0.0,0.0,0.0,0.0,0.0,0.0,0.0,0.0,0.0,0.0,0.0,0.0,0.0,0.0,0.0,0.0,0.0,0.0,0.0,0.0,531.0,93.0,116.0,0.0,123.0,176.0,0.0,0.0,0.0,0.0,0.0,0.0,0.0,0.0,0.0,0.0,0.0,0.0,0.0,0.0,0.0,0.0,0.0,0.0,0.0,0.0,0.0,0.0,0.0,0.0,0.0,0.0,0.0,0.0,0.0,826.0,0.0,524.0,0.0,0.0,263.0,0.0,351.0,0.0,97.0,90.0,0.0,0.0,0.0,0.0,0.0,0.0,0.0,0.0,116.0,0.0,0.0,0.0,0.0,0.0,0.0,201.0,0.0,0.0,0.0,134.0,0.0,0.0,0.0,0.0,0.0,0.0,0.0,0.0,0.0,0.0,0.0,0.0,0.0,137.0,86.0,51.0,160.0,870.0,588.0,282.0,0.0,686.0,594.0,0.0,83.0,0.0,163.0,0.0,0.0,0.0,0.0,80.0,0.0,0.0,0.0,21.0,307.0,297.0,10.0,0.0,0.0,0.0,0.0,0.0,0.0,0.0,196.0,0.0,0.0,0.0,0.0,164.0,0.0,0.0,111.0,1539.0,687.0,852.0,335.0,0.0,135.0,0.0,88.0,0.0,0.0,0.0,0.0,0.0,79.0,0.0,75.0,0.0,0.0,0.0,100.0,0.0,0.0,0.0,21.0,315.0,286.0,0.0,220.0,0.0,0.0,0.0,0.0,0.0,0.0,0.0,0.0,0.0,0.0,0.0,0.0,0.0,0.0,0.0,0.0,0.0,0.0,0.0,0.0,0.0,29.0,118.0,0.0,0.0,0.0,0.0,0.0,0.0,0.0,0.0,0.0,0.0,0.0,0.0,0.0,0.0,0.0,0.0,0.0,587.0,151.0,0.0,33.0
BRZESKI (BRZEŚĆ N.BUG.),26228.987584330916,19091.75527873134,7137.232305599574,329.0728491820835,272.83798172867586,56.23486745340765,2.009421545821047,0.1239578226318178,190.9394698136306,136.0,9305.82960564038,7599.548714584744,1706.2808910556373,547.0739333089591,461.48676467543993,85.58716863351914,365.0634276362624,317.9981866769825,47.06524095927991,2350.3033607933144,1968.7180054828127,381.58535531050165,6043.3888839018455,4851.345757749509,1192.0431261523363,0.0,0.0,0.0,0.0,0.0,0.0,0.0,854.2743669597093,4.331999696185634,0.0,0.0,0.0,0.0,0.0,0.0,0.0,0.0,0.0,0.0,309.4874938715818,0.0,0.0,0.0,0.0,0.0,0.0,0.0,0.0,0.0,0.0,0.0,0.0,207.0,0.0,0.0,0.0,0.0,0.0,0.0,0.0,0.0,0.0,0.0,0.0,0.0,164.9459939095586,0.0,0.0,0.0,0.0,0.0,0.0,0.0,0.0,0.0,1315.723445451865,0.8938011421346866,0.0,0.0,239.0,754.5965901793402,0.0,0.0,0.0,0.0,0.0,0.0,0.0,0.0,0.0,0.0,0.0,0.0,0.0,0.0,0.0,0.0,0.0,0.0,0.0,0.0,0.0,0.0,0.0,0.0,0.0,0.0,0.0,0.0,0.0,2382.149679940936,0.0,1268.119601980455,0.0,0.0,889.8361684056583,0.0,1218.5538189577371,0.0,231.2787228018861,303.0438553484785,0.0,0.0,0.0,0.0,0.0,0.0,0.0,0.0,416.5592589267897,0.0,0.0,0.0,0.0,0.0,0.0,1224.3124274084016,0.0,0.0,0.0,636.0010841268756,0.0,0.0,0.0,0.0,0.0,0.0,0.0,0.0,0.0,0.0,0.0,0.0,0.0,1415.1670839749684,3.340337115131092,1.826746859837316,523.7027890372055,4566.530974954652,2869.005065703644,1697.525909251008,0.0,3013.079728208745,2769.9445355172747,0.0,0.7959397032148304,0.0,1292.9880359350195,0.0,824.5657830227177,0.0,0.0,385.1547649792543,0.0,0.0,0.0,260.46321081088735,3038.384192463609,2906.2471864491217,132.1370060144878,0.0,0.0,0.0,0.0,0.0,2023.6962649412776,0.0,647.8789396272613,0.0,0.0,0.0,0.0,305.93294571770264,0.0,0.0,366.8089878950708,8989.169962090187,5444.116330265154,3545.0536318250333,2125.786873088128,0.0,1131.7093131331335,0.0,0.9720902932705716,0.0,0.0,0.0,0.0,0.0,411.8481324706388,0.0,331.5871686335191,0.0,0.0,0.0,288.1986203277328,0.0,0.0,0.0,294.0308071566225,1007.1968070047152,761.5900660834122,0.0,473.9507046824691,0.0,0.0,0.0,0.0,0.0,0.0,0.0,0.0,0.0,0.0,0.0,0.0,0.0,0.0,0.0,0.0,0.0,0.0,0.0,0.0,0.0,245.6067409213031,804.8985119150452,381.0,0.0,0.0,0.0,0.0,0.0,0.0,0.0,0.0,0.0,0.0,0.0,0.0,0.0,0.0,0.0,422.0,1768.1279393994005,1451.2127526464644,0.0,1831.9470780364345
DROHICKI,3924.0,2803.0,1121.0,103.0,93.0,10.0,0.0,0.0,68.0,35.0,1552.0,1337.0,215.0,21.0,21.0,0.0,71.0,65.0,6.0,1062.0,913.0,149.0,398.0,338.0,60.0,0.0,0.0,0.0,0.0,0.0,0.0,0.0,152.0,0.0,0.0,0.0,0.0,0.0,0.0,0.0,0.0,0.0,0.0,0.0,119.0,0.0,0.0,0.0,0.0,0.0,0.0,0.0,0.0,0.0,0.0,0.0,0.0,0.0,0.0,0.0,0.0,0.0,0.0,0.0,0.0,0.0,0.0,0.0,0.0,0.0,0.0,0.0,0.0,0.0,0.0,0.0,0.0,0.0,0.0,0.0,206.0,0.0,0.0,0.0,0.0,149.0,0.0,0.0,0.0,0.0,0.0,0.0,0.0,0.0,0.0,0.0,0.0,0.0,0.0,0.0,0.0,0.0,0.0,0.0,0.0,0.0,0.0,0.0,0.0,0.0,0.0,0.0,0.0,0.0,0.0,578.0,0.0,265.0,0.0,0.0,247.0,0.0,236.0,0.0,0.0,0.0,0.0,0.0,0.0,0.0,0.0,0.0,0.0,0.0,106.0,0.0,0.0,0.0,0.0,0.0,0.0,140.0,0.0,0.0,0.0,76.0,0.0,0.0,0.0,0.0,0.0,0.0,0.0,0.0,0.0,0.0,0.0,0.0,0.0,118.0,0.0,0.0,122.0,849.0,514.0,335.0,0.0,706.0,622.0,0.0,0.0,0.0,110.0,0.0,0.0,0.0,0.0,0.0,0.0,0.0,0.0,33.0,245.0,230.0,15.0,0.0,0.0,0.0,0.0,0.0,110.0,0.0,71.0,0.0,0.0,0.0,0.0,0.0,0.0,0.0,64.0,1174.0,629.0,546.0,334.0,0.0,123.0,0.0,0.0,0.0,0.0,0.0,0.0,0.0,85.0,0.0,80.0,0.0,0.0,0.0,85.0,0.0,0.0,0.0,41.0,214.0,189.0,0.0,165.0,0.0,0.0,0.0,0.0,0.0,0.0,0.0,0.0,0.0,0.0,0.0,0.0,0.0,0.0,0.0,0.0,0.0,0.0,0.0,0.0,0.0,25.0,76.0,0.0,0.0,0.0,0.0,0.0,0.0,0.0,0.0,0.0,0.0,0.0,0.0,0.0,0.0,0.0,0.0,0.0,351.0,172.0,0.0,28.0
KOBRYŃSKI,6687.0,4573.0,2114.0,210.0,184.0,26.0,0.0,0.0,78.0,132.0,2490.0,1992.0,498.0,26.0,21.0,5.0,181.0,158.0,23.0,1002.0,798.0,204.0,1281.0,1015.0,266.0,0.0,0.0,0.0,0.0,0.0,0.0,0.0,279.0,0.0,0.0,0.0,0.0,0.0,0.0,0.0,0.0,0.0,0.0,0.0,169.0,0.0,0.0,0.0,0.0,0.0,0.0,0.0,0.0,0.0,0.0,0.0,0.0,0.0,0.0,0.0,0.0,0.0,0.0,0.0,0.0,0.0,0.0,0.0,0.0,0.0,91.0,0.0,0.0,0.0,0.0,0.0,78.0,0.0,0.0,0.0,254.0,0.0,0.0,0.0,0.0,182.0,0.0,0.0,0.0,0.0,0.0,0.0,0.0,0.0,0.0,0.0,0.0,0.0,0.0,0.0,0.0,0.0,0.0,0.0,0.0,0.0,0.0,0.0,0.0,0.0,0.0,0.0,0.0,0.0,0.0,845.0,0.0,456.0,0.0,0.0,297.0,0.0,331.0,0.0,88.0,92.0,0.0,0.0,0.0,0.0,0.0,0.0,0.0,0.0,108.0,0.0,0.0,0.0,0.0,0.0,0.0,252.0,0.0,0.0,0.0,159.0,0.0,0.0,0.0,0.0,0.0,0.0,0.0,0.0,0.0,0.0,0.0,0.0,0.0,268.0,0.0,0.0,170.0,1353.0,820.0,533.0,0.0,1043.0,973.0,0.0,0.0,0.0,258.0,0.0,133.0,0.0,0.0,105.0,0.0,0.0,0.0,52.0,408.0,385.0,23.0,0.0,0.0,0.0,0.0,0.0,150.0,0.0,157.0,0.0,0.0,0.0,0.0,76.0,0.0,0.0,101.0,2226.0,1192.0,1034.0,474.0,0.0,176.0,0.0,0.0,0.0,0.0,0.0,0.0,0.0,123.0,0.0,103.0,0.0,0.0,0.0,130.0,0.0,0.0,0.0,45.0,366.0,285.0,0.0,228.0,0.0,0.0,0.0,0.0,0.0,0.0,0.0,0.0,0.0,0.0,0.0,0.0,0.0,0.0,0.0,0.0,0.0,0.0,0.0,0.0,0.0,81.0,168.0,0.0,0.0,0.0,0.0,0.0,0.0,0.0,0.0,0.0,0.0,0.0,0.0,0.0,0.0,0.0,0.0,0.0,565.0,376.0,0.0,277.0
KOSZYRSKI,2587.0,1900.0,687.0,130.0,121.0,9.0,0.0,0.0,106.0,24.0,982.0,839.0,143.0,8.0,8.0,0.0,38.0,38.0,0.0,373.0,341.0,32.0,563.0,452.0,111.0,0.0,0.0,0.0,0.0,0.0,0.0,0.0,137.0,0.0,0.0,0.0,0.0,0.0,0.0,0.0,0.0,0.0,0.0,0.0,119.0,0.0,0.0,0.0,0.0,0.0,0.0,0.0,0.0,0.0,0.0,0.0,0.0,0.0,0.0,0.0,0.0,0.0,0.0,0.0,0.0,0.0,0.0,0.0,0.0,0.0,0.0,0.0,0.0,0.0,0.0,0.0,0.0,0.0,0.0,0.0,170.0,0.0,0.0,0.0,0.0,99.0,0.0,0.0,0.0,0.0,0.0,0.0,0.0,0.0,0.0,0.0,0.0,0.0,0.0,0.0,0.0,0.0,0.0,0.0,0.0,0.0,0.0,0.0,0.0,0.0,0.0,0.0,0.0,0.0,0.0,308.0,0.0,170.0,0.0,0.0,84.0,0.0,170.0,0.0,0.0,0.0,0.0,0.0,0.0,0.0,0.0,0.0,0.0,0.0,72.0,0.0,0.0,0.0,0.0,0.0,0.0,113.0,0.0,0.0,0.0,79.0,0.0,0.0,0.0,0.0,0.0,0.0,0.0,0.0,0.0,0.0,0.0,0.0,0.0,5.0,0.0,0.0,79.0,539.0,362.0,177.0,0.0,437.0,392.0,0.0,0.0,0.0,87.0,0.0,0.0,0.0,0.0,0.0,0.0,0.0,0.0,15.0,126.0,117.0,9.0,0.0,0.0,0.0,0.0,0.0,0.0,0.0,0.0,0.0,0.0,0.0,0.0,0.0,0.0,0.0,0.0,810.0,461.0,349.0,303.0,0.0,127.0,0.0,0.0,0.0,0.0,0.0,0.0,0.0,0.0,0.0,0.0,0.0,0.0,0.0,92.0,0.0,0.0,0.0,84.0,179.0,162.0,0.0,156.0,0.0,0.0,0.0,0.0,0.0,0.0,0.0,0.0,0.0,0.0,0.0,0.0,0.0,0.0,0.0,0.0,0.0,0.0,0.0,0.0,0.0,17.0,40.0,0.0,0.0,0.0,0.0,0.0,0.0,0.0,0.0,0.0,0.0,0.0,0.0,0.0,0.0,0.0,0.0,0.0,196.0,76.0,0.0,16.0
ŁUNINIECKI,9174.0,7483.0,1691.0,314.0,309.0,5.0,0.0,0.0,280.0,34.0,3443.0,2996.0,447.0,886.0,778.0,108.0,123.0,118.0,5.0,1012.0,890.0,122.0,1422.0,1210.0,212.0,0.0,0.0,0.0,0.0,0.0,0.0,0.0,245.0,0.0,0.0,0.0,0.0,0.0,0.0,0.0,0.0,0.0,0.0,0.0,185.0,0.0,0.0,0.0,0.0,0.0,0.0,0.0,0.0,0.0,0.0,0.0,0.0,0.0,0.0,0.0,0.0,0.0,0.0,0.0,0.0,0.0,0.0,0.0,0.0,0.0,0.0,0.0,0.0,0.0,0.0,0.0,0.0,0.0,0.0,0.0,1407.0,249.0,504.0,182.0,261.0,202.0,0.0,0.0,0.0,0.0,0.0,0.0,0.0,0.0,0.0,0.0,0.0,0.0,0.0,0.0,0.0,0.0,0.0,0.0,0.0,0.0,0.0,0.0,0.0,0.0,0.0,0.0,0.0,0.0,0.0,771.0,0.0,439.0,0.0,0.0,289.0,0.0,296.0,0.0,131.0,0.0,0.0,0.0,0.0,0.0,0.0,0.0,0.0,0.0,110.0,0.0,0.0,0.0,0.0,0.0,0.0,189.0,0.0,0.0,0.0,134.0,0.0,0.0,0.0,0.0,0.0,0.0,0.0,0.0,0.0,0.0,0.0,0.0,0.0,337.0,0.0,0.0,198.0,1175.0,793.0,382.0,0.0,823.0,759.0,0.0,0.0,0.0,317.0,0.0,179.0,0.0,0.0,102.0,0.0,0.0,0.0,35.0,803.0,782.0,21.0,0.0,0.0,0.0,0.0,0.0,606.0,0.0,118.0,0.0,0.0,0.0,0.0,0.0,0.0,0.0,79.0,3439.0,2603.0,836.0,2039.0,0.0,186.0,0.0,0.0,0.0,0.0,0.0,0.0,0.0,1710.0,0.0,156.0,0.0,0.0,0.0,77.0,0.0,0.0,0.0,66.0,322.0,284.0,0.0,248.0,0.0,0.0,0.0,0.0,0.0,0.0,0.0,0.0,0.0,0.0,0.0,0.0,0.0,0.0,0.0,0.0,0.0,0.0,0.0,0.0,0.0,38.0,152.0,0.0,0.0,0.0,0.0,0.0,0.0,0.0,0.0,0.0,0.0,0.0,0.0,0.0,0.0,0.0,0.0,0.0,491.0,346.0,0.0,89.0
PIŃSKI,15544.0,11380.0,4164.0,422.0,405.0,17.0,0.0,0.0,264.0,158.0,6198.0,5179.0,1019.0,1187.0,918.0,269.0,273.0,242.0,31.0,2374.0,2027.0,347.0,2364.0,1992.0,372.0,0.0,0.0,0.0,0.0,0.0,0.0,0.0,506.0,0.0,0.0,0.0,0.0,0.0,0.0,0.0,0.0,0.0,0.0,0.0,269.0,0.0,0.0,0.0,0.0,0.0,0.0,0.0,0.0,0.0,0.0,0.0,0.0,394.0,0.0,0.0,0.0,0.0,363.0,0.0,0.0,0.0,0.0,0.0,0.0,0.0,0.0,0.0,0.0,0.0,0.0,0.0,0.0,0.0,0.0,0.0,1766.0,667.0,210.0,0.0,263.0,554.0,0.0,0.0,0.0,0.0,0.0,0.0,0.0,0.0,0.0,0.0,0.0,0.0,0.0,0.0,0.0,0.0,0.0,0.0,0.0,0.0,0.0,0.0,0.0,0.0,0.0,0.0,0.0,0.0,0.0,1626.0,0.0,904.0,0.0,0.0,518.0,0.0,562.0,0.0,0.0,0.0,0.0,0.0,0.0,0.0,0.0,0.0,0.0,0.0,232.0,0.0,0.0,0.0,0.0,0.0,0.0,564.0,0.0,0.0,0.0,340.0,0.0,0.0,0.0,0.0,0.0,0.0,0.0,0.0,0.0,0.0,0.0,0.0,0.0,495.0,0.0,0.0,285.0,2832.0,1841.0,991.0,0.0,1911.0,1765.0,0.0,0.0,0.0,0.0,0.0,0.0,0.0,0.0,0.0,0.0,0.0,0.0,921.0,896.0,866.0,30.0,0.0,0.0,0.0,0.0,0.0,234.0,0.0,372.0,0.0,0.0,111.0,0.0,171.0,0.0,0.0,290.0,5196.0,3089.0,2107.0,1295.0,0.0,344.0,0.0,0.0,0.0,0.0,0.0,0.0,0.0,212.0,0.0,167.0,0.0,0.0,0.0,481.0,0.0,0.0,0.0,258.0,602.0,486.0,0.0,350.0,0.0,0.0,0.0,0.0,0.0,0.0,0.0,0.0,0.0,0.0,0.0,0.0,0.0,0.0,0.0,0.0,0.0,0.0,0.0,0.0,0.0,116.0,467.0,226.0,0.0,0.0,0.0,0.0,0.0,0.0,0.0,0.0,0.0,0.0,0.0,0.0,0.0,0.0,0.0,241.0,1077.0,1039.0,0.0,716.0
PRUŻAŃSKI,6821.0,4840.0,1981.0,171.0,155.0,16.0,0.0,0.0,133.0,38.0,2655.0,2139.0,516.0,19.0,18.0,1.0,162.0,152.0,10.0,1442.0,1155.0,287.0,1032.0,814.0,218.0,0.0,0.0,0.0,0.0,0.0,0.0,0.0,313.0,0.0,0.0,0.0,0.0,0.0,0.0,0.0,0.0,0.0,0.0,0.0,211.0,0.0,0.0,0.0,0.0,0.0,0.0,0.0,0.0,0.0,0.0,0.0,0.0,0.0,0.0,0.0,0.0,0.0,0.0,0.0,0.0,0.0,0.0,0.0,0.0,0.0,79.0,0.0,0.0,0.0,0.0,0.0,0.0,0.0,0.0,0.0,311.0,0.0,0.0,0.0,0.0,184.0,0.0,0.0,0.0,0.0,0.0,0.0,0.0,0.0,0.0,0.0,0.0,0.0,0.0,0.0,0.0,0.0,0.0,0.0,0.0,0.0,0.0,0.0,0.0,0.0,0.0,0.0,0.0,0.0,0.0,937.0,0.0,536.0,0.0,0.0,334.0,0.0,418.0,0.0,92.0,0.0,0.0,0.0,0.0,0.0,0.0,0.0,0.0,0.0,192.0,0.0,0.0,0.0,0.0,0.0,0.0,275.0,0.0,0.0,0.0,148.0,0.0,0.0,0.0,0.0,0.0,0.0,0.0,0.0,0.0,0.0,0.0,0.0,0.0,146.0,0.0,0.0,176.0,1357.0,771.0,586.0,0.0,1078.0,960.0,0.0,0.0,0.0,242.0,0.0,93.0,0.0,0.0,118.0,0.0,0.0,0.0,37.0,355.0,348.0,7.0,0.0,0.0,0.0,0.0,0.0,125.0,0.0,139.0,0.0,0.0,0.0,0.0,82.0,0.0,0.0,91.0,2283.0,1477.0,856.0,497.0,0.0,196.0,0.0,132.0,0.0,0.0,0.0,0.0,0.0,131.0,0.0,105.0,0.0,0.0,0.0,107.0,0.0,0.0,0.0,63.0,347.0,308.0,0.0,242.0,0.0,0.0,0.0,0.0,0.0,0.0,0.0,0.0,0.0,0.0,0.0,0.0,0.0,0.0,0.0,0.0,0.0,0.0,0.0,0.0,0.0,39.0,175.0,0.0,0.0,0.0,0.0,0.0,0.0,0.0,0.0,0.0,0.0,0.0,0.0,0.0,0.0,0.0,0.0,0.0,485.0,468.0,0.0,311.0
STOLIŃSKI,7811.0,6182.0,1629.0,552.0,534.0,18.0,33.0,241.0,278.0,0.0,3287.0,2781.0,506.0,107.0,104.0,3.0,154.0,148.0,6.0,2263.0,1911.0,352.0,763.0,618.0,145.0,0.0,0.0,0.0,0.0,0.0,0.0,0.0,307.0,0.0,0.0,0.0,0.0,0.0,0.0,0.0,0.0,0.0,0.0,0.0,260.0,0.0,0.0,0.0,0.0,0.0,0.0,0.0,0.0,0.0,0.0,0.0,0.0,0.0,0.0,0.0,0.0,0.0,0.0,0.0,0.0,0.0,0.0,0.0,0.0,0.0,0.0,0.0,0.0,0.0,0.0,0.0,0.0,0.0,0.0,0.0,640.0,0.0,126.0,0.0,126.0,290.0,0.0,0.0,0.0,0.0,0.0,0.0,0.0,0.0,0.0,0.0,0.0,0.0,0.0,0.0,0.0,0.0,0.0,0.0,0.0,0.0,0.0,0.0,0.0,0.0,0.0,0.0,0.0,0.0,0.0,1087.0,0.0,586.0,0.0,0.0,452.0,0.0,309.0,0.0,118.0,0.0,0.0,0.0,0.0,0.0,0.0,0.0,0.0,0.0,133.0,0.0,0.0,0.0,0.0,0.0,0.0,335.0,0.0,0.0,0.0,257.0,0.0,0.0,0.0,0.0,0.0,0.0,0.0,0.0,0.0,0.0,0.0,0.0,0.0,402.0,0.0,0.0,207.0,1336.0,915.0,421.0,0.0,1137.0,1032.0,0.0,72.0,0.0,144.0,0.0,72.0,0.0,0.0,0.0,0.0,0.0,0.0,55.0,300.0,290.0,10.0,0.0,0.0,0.0,0.0,0.0,99.0,0.0,100.0,0.0,0.0,0.0,0.0,62.0,0.0,0.0,101.0,2336.0,1662.0,674.0,1267.0,0.0,155.0,0.0,0.0,0.0,0.0,0.0,0.0,0.0,970.0,0.0,115.0,0.0,0.0,0.0,95.0,0.0,0.0,0.0,47.0,310.0,258.0,0.0,239.0,0.0,0.0,0.0,0.0,0.0,0.0,0.0,0.0,0.0,0.0,0.0,0.0,0.0,0.0,0.0,0.0,0.0,0.0,0.0,0.0,0.0,52.0,129.0,0.0,0.0,0.0,0.0,0.0,0.0,0.0,0.0,0.0,0.0,0.0,0.0,0.0,0.0,0.0,0.0,0.0,347.0,273.0,0.0,10.0
IWACEWICKI,5012.0,3641.0,1371.0,334.0,303.0,31.0,0.0,0.0,274.0,60.0,2326.0,1927.0,399.0,135.0,130.0,5.0,152.0,138.0,14.0,1104.0,877.0,227.0,935.0,782.0,153.0,0.0,0.0,0.0,0.0,0.0,0.0,0.0,221.0,0.0,0.0,0.0,0.0,0.0,0.0,0.0,0.0,0.0,0.0,0.0,162.0,0.0,0.0,0.0,0.0,0.0,0.0,0.0,0.0,0.0,0.0,0.0,0.0,0.0,0.0,0.0,0.0,0.0,0.0,0.0,0.0,0.0,0.0,0.0,0.0,0.0,0.0,0.0,0.0,0.0,0.0,0.0,0.0,0.0,0.0,0.0,444.0,0.0,140.0,80.0,0.0,148.0,0.0,0.0,0.0,0.0,0.0,0.0,0.0,0.0,0.0,0.0,0.0,0.0,0.0,0.0,0.0,0.0,0.0,0.0,0.0,0.0,0.0,0.0,0.0,0.0,86.0,0.0,0.0,0.0,0.0,688.0,0.0,376.0,0.0,0.0,247.0,0.0,264.0,0.0,78.0,0.0,0.0,0.0,0.0,0.0,0.0,0.0,0.0,0.0,85.0,0.0,0.0,0.0,0.0,0.0,0.0,187.0,0.0,0.0,0.0,130.0,0.0,0.0,0.0,0.0,0.0,0.0,0.0,0.0,0.0,0.0,0.0,0.0,0.0,208.0,0.0,0.0,228.0,826.0,497.0,329.0,0.0,649.0,616.0,0.0,0.0,0.0,142.0,0.0,0.0,0.0,0.0,0.0,0.0,0.0,0.0,35.0,306.0,294.0,12.0,0.0,0.0,0.0,0.0,0.0,126.0,0.0,84.0,0.0,0.0,0.0,0.0,0.0,0.0,0.0,96.0,1220.0,620.0,600.0,392.0,0.0,183.0,0.0,0.0,0.0,0.0,0.0,0.0,0.0,92.0,0.0,90.0,0.0,0.0,0.0,80.0,0.0,0.0,0.0,37.0,198.0,182.0,0.0,153.0,0.0,0.0,0.0,0.0,0.0,0.0,0.0,0.0,0.0,0.0,0.0,0.0,0.0,0.0,0.0,0.0,0.0,0.0,0.0,0.0,0.0,16.0,125.0,0.0,0.0,0.0,0.0,0.0,0.0,0.0,0.0,0.0,0.0,0.0,0.0,0.0,0.0,0.0,0.0,0.0,374.0,110.0,0.0,21.0
BRODNICKI,8588.0,6159.0,2429.0,352.0,328.0,24.0,0.0,0.0,210.0,142.0,3291.0,2899.0,392.0,278.0,260.0,18.0,231.0,203.0,28.0,748.0,689.0,59.0,2034.0,1747.0,287.0,0.0,0.0,0.0,0.0,0.0,0.0,0.0,473.0,0.0,0.0,0.0,0.0,0.0,0.0,0.0,0.0,0.0,0.0,0.0,230.0,0.0,0.0,0.0,0.0,0.0,0.0,0.0,0.0,0.0,0.0,0.0,0.0,0.0,0.0,0.0,0.0,0.0,0.0,0.0,0.0,0.0,0.0,0.0,0.0,0.0,78.0,0.0,0.0,0.0,0.0,0.0,0.0,0.0,0.0,0.0,559.0,0.0,131.0,0.0,0.0,255.0,0.0,0.0,83.0,0.0,0.0,0.0,0.0,0.0,0.0,0.0,0.0,0.0,0.0,0.0,0.0,0.0,0.0,0.0,0.0,0.0,0.0,0.0,0.0,0.0,0.0,0.0,0.0,0.0,0.0,700.0,0.0,355.0,0.0,0.0,299.0,0.0,590.0,0.0,109.0,142.0,0.0,0.0,0.0,0.0,0.0,0.0,0.0,0.0,235.0,0.0,0.0,0.0,0.0,0.0,0.0,430.0,0.0,0.0,0.0,275.0,0.0,0.0,0.0,0.0,0.0,0.0,0.0,0.0,0.0,0.0,0.0,0.0,0.0,290.0,245.0,45.0,171.0,1105.0,718.0,387.0,0.0,690.0,624.0,0.0,0.0,0.0,321.0,0.0,115.0,0.0,0.0,121.0,0.0,0.0,0.0,94.0,687.0,663.0,24.0,132.0,0.0,0.0,0.0,0.0,468.0,0.0,0.0,0.0,0.0,0.0,0.0,0.0,0.0,0.0,87.0,3153.0,1551.0,1602.0,453.0,0.0,229.0,67.0,145.0,0.0,88.0,0.0,0.0,0.0,69.0,0.0,0.0,0.0,0.0,0.0,0.0,0.0,0.0,0.0,67.0,296.0,218.0,0.0,182.0,0.0,0.0,0.0,0.0,0.0,0.0,0.0,0.0,0.0,0.0,0.0,0.0,0.0,0.0,0.0,0.0,0.0,0.0,0.0,0.0,0.0,78.0,218.0,0.0,0.0,0.0,0.0,0.0,0.0,0.0,0.0,128.0,0.0,0.0,0.0,0.0,0.0,0.0,0.0,90.0,792.0,1160.0,30.0,234.0
CHEŁMIŃSKI,9497.0,6227.0,3270.0,250.0,228.0,22.0,133.0,0.0,0.0,117.0,3721.0,3178.0,543.0,919.0,867.0,52.0,260.0,241.0,19.0,622.0,542.0,80.0,1920.0,1528.0,392.0,0.0,0.0,0.0,0.0,0.0,0.0,0.0,582.0,0.0,0.0,0.0,0.0,0.0,70.0,0.0,0.0,0.0,0.0,0.0,182.0,0.0,0.0,0.0,119.0,0.0,0.0,0.0,0.0,0.0,0.0,0.0,0.0,0.0,0.0,0.0,0.0,0.0,0.0,0.0,0.0,0.0,0.0,0.0,0.0,0.0,0.0,0.0,0.0,0.0,0.0,0.0,0.0,0.0,0.0,0.0,414.0,0.0,0.0,0.0,0.0,156.0,0.0,0.0,0.0,119.0,0.0,0.0,0.0,0.0,0.0,0.0,0.0,0.0,0.0,0.0,0.0,0.0,0.0,0.0,0.0,0.0,0.0,0.0,0.0,0.0,0.0,0.0,0.0,0.0,0.0,522.0,0.0,274.0,0.0,0.0,175.0,0.0,833.0,0.0,88.0,131.0,0.0,207.0,0.0,0.0,0.0,0.0,0.0,0.0,216.0,0.0,0.0,0.0,0.0,0.0,0.0,604.0,0.0,0.0,248.0,273.0,0.0,0.0,0.0,0.0,0.0,0.0,0.0,0.0,0.0,0.0,0.0,0.0,0.0,450.0,336.0,114.0,316.0,1038.0,651.0,387.0,0.0,618.0,542.0,0.0,0.0,0.0,351.0,0.0,151.0,0.0,0.0,0.0,0.0,0.0,0.0,69.0,618.0,591.0,27.0,116.0,0.0,0.0,0.0,0.0,295.0,0.0,0.0,0.0,0.0,0.0,0.0,0.0,0.0,108.0,99.0,3870.0,1579.0,2291.0,509.0,0.0,231.0,0.0,161.0,0.0,0.0,0.0,0.0,0.0,0.0,0.0,0.0,0.0,0.0,0.0,181.0,0.0,0.0,0.0,97.0,325.0,264.0,0.0,159.0,103.0,0.0,0.0,0.0,0.0,0.0,0.0,0.0,0.0,0.0,0.0,0.0,0.0,0.0,0.0,0.0,0.0,0.0,0.0,0.0,0.0,61.0,256.0,0.0,0.0,0.0,0.0,0.0,0.0,0.0,0.0,129.0,0.0,0.0,0.0,0.0,0.0,0.0,0.0,127.0,741.0,1678.0,49.0,361.0
CHOJNICKI,13594.0,9994.0,3600.0,669.0,625.0,44.0,0.0,0.0,569.0,100.0,5267.0,4456.0,811.0,1004.0,886.0,118.0,567.0,501.0,66.0,1389.0,1176.0,213.0,2307.0,1893.0,414.0,0.0,0.0,0.0,0.0,0.0,0.0,0.0,498.0,0.0,0.0,0.0,0.0,0.0,0.0,0.0,0.0,0.0,0.0,0.0,215.0,0.0,0.0,0.0,0.0,0.0,0.0,0.0,0.0,0.0,0.0,0.0,0.0,0.0,0.0,0.0,0.0,0.0,0.0,0.0,0.0,0.0,0.0,0.0,0.0,0.0,138.0,0.0,0.0,0.0,0.0,0.0,101.0,0.0,0.0,0.0,1343.0,421.0,0.0,0.0,253.0,456.0,0.0,0.0,0.0,0.0,0.0,0.0,0.0,0.0,0.0,0.0,0.0,0.0,0.0,0.0,0.0,0.0,0.0,0.0,0.0,0.0,0.0,0.0,0.0,0.0,0.0,0.0,0.0,0.0,0.0,928.0,0.0,507.0,0.0,0.0,318.0,0.0,853.0,0.0,140.0,0.0,0.0,0.0,0.0,0.0,0.0,0.0,0.0,0.0,341.0,0.0,0.0,0.0,0.0,0.0,0.0,655.0,0.0,0.0,140.0,400.0,0.0,0.0,0.0,0.0,0.0,0.0,0.0,0.0,0.0,0.0,0.0,0.0,0.0,566.0,439.0,127.0,286.0,1423.0,893.0,530.0,0.0,900.0,812.0,0.0,0.0,0.0,443.0,0.0,188.0,0.0,0.0,0.0,0.0,0.0,0.0,80.0,1452.0,1412.0,40.0,226.0,0.0,0.0,0.0,0.0,1070.0,0.0,0.0,0.0,0.0,0.0,0.0,0.0,0.0,0.0,156.0,4783.0,2608.0,2175.0,944.0,0.0,406.0,112.0,270.0,0.0,158.0,0.0,0.0,0.0,269.0,0.0,0.0,169.0,0.0,0.0,0.0,0.0,0.0,0.0,111.0,376.0,320.0,0.0,261.0,0.0,0.0,0.0,0.0,0.0,0.0,0.0,0.0,0.0,0.0,0.0,0.0,0.0,0.0,0.0,0.0,0.0,0.0,0.0,0.0,0.0,56.0,432.0,0.0,0.0,0.0,0.0,0.0,0.0,0.0,0.0,228.0,0.0,0.0,0.0,0.0,0.0,0.0,0.0,204.0,953.0,1959.0,44.0,119.0
DZIAŁDOWSKI,5938.0,4368.0,1570.0,241.0,231.0,10.0,70.0,0.0,171.0,0.0,2266.0,1957.0,309.0,129.0,125.0,4.0,213.0,202.0,11.0,522.0,454.0,68.0,1402.0,1176.0,226.0,0.0,0.0,0.0,0.0,0.0,0.0,0.0,292.0,0.0,0.0,0.0,0.0,0.0,0.0,0.0,0.0,0.0,0.0,0.0,162.0,0.0,0.0,0.0,0.0,0.0,0.0,0.0,0.0,0.0,0.0,0.0,0.0,0.0,0.0,0.0,0.0,0.0,0.0,0.0,0.0,0.0,0.0,0.0,0.0,0.0,0.0,0.0,0.0,0.0,0.0,0.0,0.0,0.0,0.0,0.0,364.0,0.0,0.0,0.0,0.0,171.0,0.0,0.0,0.0,0.0,0.0,0.0,0.0,0.0,0.0,0.0,0.0,0.0,0.0,0.0,0.0,0.0,0.0,0.0,0.0,0.0,0.0,0.0,0.0,0.0,72.0,0.0,0.0,0.0,0.0,441.0,0.0,237.0,0.0,0.0,175.0,0.0,459.0,0.0,81.0,0.0,0.0,0.0,0.0,0.0,0.0,0.0,0.0,0.0,195.0,0.0,0.0,0.0,0.0,0.0,0.0,255.0,0.0,0.0,0.0,180.0,0.0,0.0,0.0,0.0,0.0,0.0,0.0,0.0,0.0,0.0,0.0,0.0,0.0,316.0,254.0,62.0,67.0,726.0,463.0,263.0,0.0,458.0,424.0,0.0,0.0,0.0,222.0,0.0,116.0,0.0,0.0,0.0,0.0,0.0,0.0,46.0,786.0,763.0,23.0,82.0,0.0,0.0,0.0,0.0,642.0,0.0,0.0,0.0,0.0,0.0,0.0,0.0,0.0,0.0,62.0,1919.0,954.0,965.0,381.0,0.0,127.0,0.0,79.0,0.0,0.0,0.0,0.0,0.0,158.0,0.0,0.0,113.0,0.0,0.0,0.0,0.0,0.0,0.0,96.0,229.0,192.0,0.0,158.0,0.0,0.0,0.0,0.0,0.0,0.0,0.0,0.0,0.0,0.0,0.0,0.0,0.0,0.0,0.0,0.0,0.0,0.0,0.0,0.0,0.0,37.0,147.0,0.0,0.0,0.0,0.0,0.0,0.0,0.0,0.0,0.0,0.0,0.0,0.0,0.0,0.0,0.0,0.0,0.0,500.0,590.0,0.0,72.0
GRUDZIĄDZ (MIASTO),23654.0,16064.0,7590.0,158.0,129.0,29.0,0.0,0.0,0.0,0.0,9878.0,7459.0,2419.0,4718.0,3428.0,1290.0,459.0,391.0,68.0,1317.0,1057.0,260.0,3384.0,2583.0,801.0,0.0,0.0,0.0,0.0,0.0,0.0,0.0,1803.0,0.0,0.0,0.0,0.0,0.0,646.0,0.0,0.0,0.0,0.0,0.0,121.0,267.0,0.0,0.0,524.0,0.0,0.0,0.0,0.0,0.0,0.0,0.0,0.0,1839.0,0.0,0.0,0.0,0.0,0.0,0.0,1783.0,0.0,0.0,0.0,0.0,0.0,246.0,0.0,0.0,0.0,0.0,0.0,90.0,134.0,0.0,0.0,617.0,0.0,0.0,0.0,0.0,395.0,0.0,0.0,0.0,0.0,0.0,0.0,0.0,0.0,0.0,0.0,0.0,0.0,0.0,0.0,0.0,0.0,0.0,0.0,0.0,0.0,0.0,0.0,0.0,0.0,0.0,0.0,0.0,0.0,0.0,1118.0,0.0,627.0,0.0,0.0,338.0,0.0,1040.0,0.0,93.0,283.0,0.0,0.0,0.0,120.0,0.0,0.0,0.0,0.0,401.0,0.0,231.0,0.0,196.0,0.0,0.0,1097.0,0.0,0.0,485.0,268.0,0.0,0.0,140.0,0.0,0.0,190.0,0.0,101.0,0.0,0.0,148.0,0.0,0.0,1480.0,1082.0,398.0,69.0,3617.0,1968.0,1649.0,0.0,2026.0,1686.0,232.0,0.0,0.0,1097.0,0.0,441.0,0.0,177.0,339.0,268.0,0.0,0.0,226.0,1492.0,1422.0,70.0,180.0,0.0,0.0,0.0,0.0,960.0,0.0,224.0,0.0,0.0,0.0,0.0,0.0,0.0,0.0,128.0,8509.0,5086.0,3423.0,1527.0,0.0,945.0,374.0,487.0,0.0,248.0,110.0,0.0,0.0,215.0,0.0,95.0,0.0,94.0,0.0,0.0,0.0,0.0,0.0,119.0,622.0,379.0,0.0,166.0,0.0,0.0,0.0,0.0,0.0,0.0,0.0,0.0,0.0,0.0,0.0,0.0,0.0,0.0,0.0,0.0,0.0,0.0,0.0,0.0,0.0,243.0,733.0,238.0,0.0,0.0,0.0,0.0,0.0,0.0,0.0,434.0,0.0,0.0,281.0,0.0,0.0,0.0,61.0,0.0,1416.0,2496.0,0.0,1715.0
GRUDZIĄDZKI,5294.0,3672.0,1622.0,217.0,203.0,14.0,100.0,0.0,0.0,117.0,2353.0,2045.0,308.0,656.0,608.0,48.0,74.0,70.0,4.0,377.0,341.0,36.0,1246.0,1026.0,220.0,0.0,0.0,0.0,0.0,0.0,0.0,0.0,639.0,0.0,0.0,0.0,0.0,0.0,333.0,0.0,0.0,0.0,0.0,0.0,189.0,0.0,0.0,0.0,0.0,0.0,0.0,0.0,0.0,0.0,0.0,0.0,0.0,0.0,0.0,0.0,0.0,0.0,0.0,0.0,0.0,0.0,0.0,0.0,0.0,0.0,0.0,0.0,0.0,0.0,0.0,0.0,0.0,0.0,0.0,0.0,238.0,0.0,0.0,0.0,0.0,127.0,0.0,0.0,0.0,0.0,0.0,0.0,0.0,0.0,0.0,0.0,0.0,0.0,0.0,0.0,0.0,0.0,0.0,0.0,0.0,0.0,0.0,0.0,0.0,0.0,0.0,0.0,0.0,0.0,0.0,348.0,0.0,180.0,0.0,0.0,146.0,0.0,563.0,0.0,90.0,0.0,0.0,157.0,0.0,0.0,0.0,0.0,0.0,0.0,152.0,0.0,0.0,0.0,0.0,0.0,0.0,231.0,0.0,0.0,0.0,137.0,0.0,0.0,0.0,0.0,0.0,0.0,0.0,0.0,0.0,0.0,0.0,0.0,0.0,177.0,131.0,46.0,157.0,483.0,294.0,189.0,0.0,313.0,257.0,0.0,0.0,0.0,148.0,0.0,0.0,0.0,0.0,0.0,0.0,0.0,0.0,22.0,357.0,344.0,13.0,88.0,0.0,0.0,0.0,0.0,204.0,0.0,0.0,0.0,0.0,0.0,0.0,0.0,0.0,0.0,65.0,1884.0,786.0,1098.0,220.0,0.0,0.0,0.0,0.0,0.0,0.0,0.0,0.0,0.0,94.0,0.0,0.0,72.0,0.0,0.0,0.0,0.0,0.0,0.0,126.0,176.0,148.0,0.0,147.0,0.0,0.0,0.0,0.0,0.0,0.0,0.0,0.0,0.0,0.0,0.0,0.0,0.0,0.0,0.0,0.0,0.0,0.0,0.0,0.0,0.0,28.0,126.0,0.0,0.0,0.0,0.0,0.0,0.0,0.0,0.0,0.0,0.0,0.0,0.0,0.0,0.0,0.0,0.0,0.0,550.0,771.0,0.0,41.0
KARTUSKI,7125.0,5315.0,1810.0,286.0,272.0,14.0,0.0,0.0,224.0,62.0,2902.0,2586.0,316.0,488.0,459.0,29.0,336.0,320.0,16.0,655.0,586.0,69.0,1423.0,1221.0,202.0,0.0,0.0,0.0,0.0,0.0,0.0,0.0,287.0,0.0,0.0,0.0,0.0,0.0,0.0,0.0,0.0,0.0,0.0,0.0,199.0,0.0,0.0,0.0,0.0,0.0,0.0,0.0,0.0,0.0,0.0,0.0,0.0,0.0,0.0,0.0,0.0,0.0,0.0,0.0,0.0,0.0,0.0,0.0,0.0,0.0,501.0,0.0,210.0,0.0,0.0,0.0,207.0,0.0,0.0,0.0,490.0,0.0,0.0,0.0,118.0,241.0,0.0,0.0,0.0,0.0,0.0,0.0,0.0,0.0,0.0,0.0,0.0,0.0,0.0,0.0,0.0,0.0,0.0,0.0,0.0,0.0,0.0,0.0,0.0,0.0,0.0,0.0,0.0,0.0,0.0,405.0,0.0,233.0,0.0,0.0,138.0,0.0,501.0,0.0,0.0,0.0,0.0,0.0,0.0,0.0,0.0,0.0,0.0,0.0,224.0,0.0,0.0,0.0,0.0,0.0,0.0,474.0,0.0,0.0,160.0,258.0,0.0,0.0,0.0,0.0,0.0,0.0,0.0,0.0,0.0,0.0,0.0,0.0,0.0,133.0,109.0,24.0,111.0,854.0,507.0,347.0,0.0,580.0,518.0,0.0,0.0,0.0,234.0,0.0,84.0,0.0,0.0,0.0,0.0,0.0,0.0,40.0,850.0,826.0,24.0,125.0,0.0,0.0,0.0,0.0,493.0,0.0,150.0,93.0,0.0,0.0,0.0,0.0,0.0,74.0,8.0,2233.0,1124.0,1109.0,415.0,0.0,126.0,0.0,0.0,0.0,0.0,0.0,0.0,0.0,158.0,0.0,0.0,100.0,0.0,0.0,0.0,0.0,0.0,0.0,131.0,245.0,220.0,0.0,208.0,0.0,0.0,0.0,0.0,0.0,0.0,0.0,0.0,0.0,0.0,0.0,0.0,0.0,0.0,0.0,0.0,0.0,0.0,0.0,0.0,0.0,25.0,126.0,0.0,0.0,0.0,0.0,0.0,0.0,0.0,0.0,0.0,0.0,0.0,0.0,0.0,0.0,0.0,0.0,0.0,489.0,927.0,0.0,31.0
KOŚCIERSKI,7188.0,5118.0,2070.0,294.0,274.0,20.0,0.0,0.0,190.0,104.0,3008.0,2564.0,444.0,318.0,298.0,20.0,277.0,242.0,35.0,623.0,539.0,84.0,1790.0,1485.0,305.0,0.0,0.0,0.0,0.0,0.0,0.0,0.0,336.0,0.0,0.0,0.0,0.0,0.0,0.0,0.0,0.0,0.0,0.0,0.0,187.0,0.0,0.0,0.0,0.0,0.0,0.0,0.0,0.0,0.0,0.0,0.0,0.0,0.0,0.0,0.0,0.0,0.0,0.0,0.0,0.0,0.0,0.0,0.0,0.0,0.0,214.0,0.0,117.0,0.0,0.0,0.0,0.0,0.0,0.0,0.0,457.0,0.0,0.0,0.0,82.0,203.0,0.0,0.0,0.0,0.0,0.0,0.0,0.0,0.0,0.0,0.0,0.0,0.0,0.0,0.0,0.0,0.0,0.0,0.0,0.0,0.0,0.0,0.0,0.0,0.0,0.0,0.0,0.0,0.0,0.0,584.0,0.0,324.0,0.0,0.0,184.0,0.0,580.0,0.0,128.0,143.0,0.0,0.0,0.0,0.0,0.0,0.0,0.0,0.0,222.0,0.0,0.0,0.0,0.0,0.0,0.0,392.0,0.0,0.0,82.0,243.0,0.0,0.0,0.0,0.0,0.0,0.0,0.0,0.0,0.0,0.0,0.0,0.0,0.0,307.0,247.0,60.0,138.0,960.0,585.0,375.0,0.0,613.0,534.0,0.0,0.0,0.0,297.0,0.0,129.0,0.0,0.0,0.0,0.0,0.0,0.0,50.0,621.0,604.0,17.0,128.0,0.0,0.0,0.0,0.0,374.0,0.0,0.0,0.0,0.0,0.0,0.0,0.0,0.0,57.0,62.0,2305.0,1091.0,1214.0,392.0,0.0,141.0,0.0,77.0,0.0,0.0,0.0,0.0,0.0,117.0,0.0,0.0,0.0,0.0,0.0,0.0,0.0,0.0,0.0,134.0,274.0,232.0,0.0,162.0,0.0,0.0,0.0,0.0,0.0,0.0,0.0,0.0,0.0,0.0,0.0,0.0,0.0,0.0,0.0,0.0,0.0,0.0,0.0,0.0,0.0,42.0,169.0,0.0,0.0,0.0,0.0,0.0,0.0,0.0,0.0,0.0,0.0,0.0,0.0,0.0,0.0,0.0,0.0,0.0,528.0,902.0,0.0,40.0
LUBAWSKI,7407.0,5045.0,2362.0,265.0,239.0,26.0,0.0,0.0,162.0,103.0,3031.0,2553.0,478.0,277.0,263.0,14.0,156.0,142.0,14.0,671.0,581.0,90.0,1927.0,1567.0,360.0,0.0,0.0,0.0,0.0,0.0,0.0,0.0,363.0,0.0,0.0,0.0,0.0,0.0,0.0,0.0,0.0,0.0,0.0,0.0,231.0,0.0,0.0,0.0,0.0,0.0,0.0,0.0,0.0,0.0,0.0,0.0,0.0,0.0,0.0,0.0,0.0,0.0,0.0,0.0,0.0,0.0,0.0,0.0,0.0,0.0,115.0,0.0,0.0,0.0,0.0,0.0,0.0,0.0,0.0,0.0,498.0,0.0,0.0,0.0,102.0,240.0,0.0,0.0,0.0,0.0,0.0,0.0,0.0,0.0,0.0,0.0,0.0,0.0,0.0,0.0,0.0,0.0,0.0,0.0,0.0,0.0,0.0,0.0,0.0,0.0,0.0,0.0,0.0,0.0,0.0,663.0,0.0,381.0,0.0,0.0,226.0,0.0,560.0,0.0,112.0,0.0,0.0,0.0,0.0,0.0,0.0,0.0,0.0,0.0,209.0,0.0,0.0,0.0,0.0,0.0,0.0,413.0,0.0,0.0,64.0,271.0,0.0,0.0,0.0,0.0,0.0,0.0,0.0,0.0,0.0,0.0,0.0,0.0,0.0,278.0,202.0,76.0,141.0,945.0,613.0,332.0,0.0,603.0,561.0,0.0,0.0,0.0,287.0,0.0,119.0,0.0,0.0,84.0,0.0,0.0,0.0,55.0,420.0,406.0,14.0,111.0,0.0,0.0,0.0,0.0,227.0,0.0,0.0,0.0,0.0,0.0,0.0,0.0,0.0,0.0,82.0,2746.0,1234.0,1512.0,512.0,0.0,203.0,62.0,129.0,0.0,0.0,0.0,0.0,0.0,154.0,0.0,0.0,96.0,0.0,0.0,0.0,0.0,0.0,0.0,155.0,275.0,231.0,0.0,185.0,0.0,0.0,0.0,0.0,0.0,0.0,0.0,0.0,0.0,0.0,0.0,0.0,0.0,0.0,0.0,0.0,0.0,0.0,0.0,0.0,0.0,44.0,201.0,0.0,0.0,0.0,0.0,0.0,0.0,0.0,0.0,0.0,0.0,0.0,0.0,0.0,0.0,0.0,0.0,0.0,641.0,1081.0,0.0,36.0
SĘPOLEŃSKI,4760.0,3170.0,1590.0,139.0,129.0,10.0,0.0,0.0,85.0,54.0,1941.0,1681.0,260.0,158.0,142.0,16.0,182.0,175.0,7.0,419.0,370.0,49.0,1182.0,994.0,188.0,0.0,0.0,0.0,0.0,0.0,0.0,0.0,226.0,0.0,0.0,0.0,0.0,0.0,0.0,0.0,0.0,0.0,0.0,0.0,131.0,0.0,0.0,0.0,0.0,0.0,0.0,0.0,0.0,0.0,0.0,0.0,0.0,0.0,0.0,0.0,0.0,0.0,0.0,0.0,0.0,0.0,0.0,0.0,0.0,0.0,0.0,0.0,0.0,0.0,0.0,0.0,0.0,0.0,0.0,0.0,381.0,0.0,0.0,0.0,0.0,187.0,0.0,0.0,0.0,0.0,0.0,0.0,0.0,0.0,0.0,0.0,0.0,0.0,0.0,0.0,0.0,0.0,0.0,0.0,0.0,0.0,0.0,0.0,0.0,0.0,0.0,0.0,0.0,0.0,0.0,408.0,0.0,253.0,0.0,0.0,132.0,0.0,285.0,0.0,0.0,0.0,0.0,0.0,0.0,0.0,0.0,0.0,0.0,0.0,0.0,0.0,0.0,0.0,0.0,0.0,0.0,282.0,0.0,0.0,0.0,197.0,0.0,0.0,0.0,0.0,0.0,0.0,0.0,0.0,0.0,0.0,0.0,0.0,0.0,256.0,190.0,66.0,103.0,602.0,401.0,201.0,0.0,381.0,355.0,0.0,0.0,0.0,171.0,0.0,102.0,0.0,0.0,0.0,0.0,0.0,0.0,50.0,207.0,195.0,12.0,85.0,0.0,0.0,0.0,0.0,96.0,0.0,0.0,0.0,0.0,0.0,0.0,0.0,0.0,0.0,26.0,1871.0,764.0,1107.0,518.0,0.0,123.0,0.0,81.0,0.0,0.0,0.0,0.0,0.0,76.0,0.0,0.0,0.0,0.0,0.0,273.0,254.0,0.0,0.0,46.0,143.0,0.0,0.0,0.0,0.0,0.0,0.0,0.0,0.0,0.0,0.0,0.0,0.0,0.0,0.0,0.0,0.0,0.0,0.0,0.0,0.0,0.0,0.0,0.0,0.0,0.0,130.0,0.0,0.0,0.0,0.0,0.0,0.0,0.0,0.0,0.0,0.0,0.0,0.0,0.0,0.0,0.0,0.0,0.0,418.0,645.0,0.0,17.0
STAROGARDZKI,14864.0,10005.0,4859.0,628.0,577.0,51.0,0.0,0.0,447.0,181.0,6101.0,4852.0,1249.0,1657.0,1151.0,506.0,368.0,317.0,51.0,899.0,761.0,138.0,3177.0,2623.0,554.0,0.0,0.0,0.0,0.0,0.0,0.0,0.0,484.0,0.0,0.0,0.0,0.0,0.0,0.0,0.0,0.0,0.0,0.0,0.0,240.0,0.0,0.0,0.0,0.0,0.0,0.0,0.0,0.0,0.0,0.0,0.0,0.0,0.0,0.0,0.0,0.0,0.0,0.0,0.0,0.0,0.0,0.0,0.0,0.0,0.0,0.0,0.0,0.0,0.0,0.0,0.0,0.0,0.0,0.0,0.0,942.0,0.0,122.0,0.0,226.0,348.0,0.0,0.0,159.0,0.0,0.0,0.0,0.0,0.0,0.0,0.0,0.0,0.0,0.0,0.0,0.0,0.0,0.0,0.0,0.0,0.0,0.0,0.0,0.0,0.0,0.0,0.0,0.0,0.0,0.0,1044.0,0.0,462.0,0.0,0.0,488.0,0.0,1644.0,0.0,225.0,224.0,0.0,0.0,0.0,0.0,240.0,0.0,0.0,0.0,316.0,369.0,0.0,0.0,0.0,0.0,0.0,680.0,0.0,0.0,189.0,344.0,0.0,0.0,0.0,0.0,0.0,0.0,0.0,0.0,0.0,0.0,0.0,0.0,0.0,856.0,657.0,199.0,451.0,1398.0,884.0,514.0,0.0,899.0,792.0,0.0,0.0,0.0,0.0,0.0,0.0,0.0,0.0,0.0,0.0,0.0,0.0,499.0,839.0,802.0,37.0,174.0,0.0,0.0,0.0,0.0,482.0,0.0,0.0,0.0,0.0,0.0,0.0,0.0,0.0,0.0,183.0,5898.0,2890.0,3008.0,595.0,0.0,312.0,0.0,214.0,0.0,0.0,0.0,0.0,0.0,0.0,0.0,0.0,0.0,0.0,0.0,0.0,0.0,0.0,0.0,283.0,309.0,261.0,0.0,239.0,0.0,0.0,0.0,0.0,0.0,0.0,0.0,0.0,0.0,0.0,0.0,0.0,0.0,0.0,0.0,0.0,0.0,0.0,0.0,0.0,0.0,48.0,576.0,442.0,0.0,373.0,0.0,0.0,0.0,0.0,0.0,0.0,0.0,0.0,0.0,0.0,0.0,0.0,0.0,134.0,851.0,3330.0,45.0,237.0
ŚWIECKI,15159.0,10711.0,4448.0,659.0,603.0,56.0,0.0,0.0,447.0,212.0,6220.0,5493.0,727.0,1163.0,1097.0,66.0,518.0,488.0,30.0,1162.0,1048.0,114.0,3377.0,2860.0,517.0,0.0,0.0,0.0,0.0,0.0,0.0,0.0,699.0,0.0,0.0,0.0,0.0,0.0,0.0,0.0,0.0,0.0,0.0,0.0,357.0,0.0,0.0,0.0,0.0,0.0,0.0,0.0,0.0,0.0,0.0,0.0,0.0,0.0,0.0,0.0,0.0,0.0,0.0,0.0,0.0,0.0,0.0,0.0,0.0,0.0,0.0,0.0,0.0,0.0,0.0,0.0,0.0,0.0,0.0,0.0,1390.0,0.0,125.0,0.0,134.0,808.0,0.0,0.0,0.0,137.0,0.0,0.0,0.0,0.0,0.0,0.0,0.0,0.0,0.0,0.0,0.0,0.0,0.0,0.0,0.0,0.0,0.0,0.0,0.0,0.0,0.0,0.0,0.0,0.0,0.0,897.0,0.0,473.0,0.0,0.0,357.0,0.0,1192.0,0.0,225.0,219.0,0.0,190.0,0.0,0.0,0.0,0.0,0.0,0.0,388.0,0.0,0.0,0.0,0.0,0.0,0.0,899.0,0.0,0.0,131.0,601.0,0.0,0.0,0.0,0.0,0.0,157.0,0.0,134.0,0.0,0.0,161.0,0.0,0.0,527.0,414.0,113.0,298.0,1683.0,1017.0,666.0,0.0,1058.0,934.0,0.0,0.0,0.0,550.0,0.0,255.0,0.0,0.0,210.0,0.0,0.0,0.0,75.0,1092.0,1061.0,31.0,222.0,0.0,0.0,0.0,0.0,674.0,0.0,95.0,0.0,0.0,0.0,0.0,0.0,0.0,0.0,101.0,5505.0,2537.0,2968.0,678.0,0.0,253.0,0.0,137.0,0.0,0.0,0.0,0.0,0.0,0.0,0.0,0.0,0.0,0.0,0.0,240.0,0.0,0.0,0.0,185.0,349.0,291.0,0.0,258.0,0.0,0.0,0.0,0.0,0.0,0.0,0.0,0.0,0.0,0.0,0.0,0.0,0.0,0.0,0.0,0.0,0.0,0.0,0.0,0.0,0.0,58.0,517.0,327.0,0.0,249.0,0.0,0.0,0.0,0.0,0.0,0.0,0.0,0.0,0.0,0.0,0.0,0.0,0.0,190.0,1038.0,2725.0,62.0,198.0
TCZEWSKI,16692.0,11977.0,4715.0,289.0,260.0,29.0,0.0,0.0,0.0,0.0,5623.0,4773.0,850.0,1139.0,1038.0,101.0,470.0,431.0,39.0,1072.0,909.0,163.0,2942.0,2395.0,547.0,0.0,0.0,0.0,0.0,0.0,0.0,0.0,709.0,0.0,0.0,0.0,0.0,0.0,0.0,0.0,0.0,0.0,0.0,0.0,197.0,0.0,0.0,0.0,0.0,0.0,0.0,0.0,0.0,0.0,0.0,0.0,0.0,0.0,0.0,0.0,0.0,0.0,0.0,0.0,0.0,0.0,0.0,0.0,0.0,0.0,154.0,0.0,0.0,0.0,0.0,0.0,0.0,0.0,0.0,0.0,612.0,0.0,0.0,0.0,0.0,257.0,0.0,0.0,0.0,0.0,0.0,0.0,0.0,0.0,0.0,0.0,0.0,0.0,0.0,0.0,0.0,0.0,0.0,0.0,0.0,0.0,0.0,0.0,0.0,0.0,0.0,0.0,0.0,0.0,0.0,846.0,0.0,514.0,0.0,0.0,243.0,0.0,1309.0,0.0,149.0,278.0,0.0,305.0,0.0,0.0,0.0,0.0,0.0,0.0,403.0,0.0,0.0,0.0,0.0,0.0,0.0,781.0,0.0,0.0,144.0,465.0,0.0,0.0,0.0,0.0,0.0,137.0,0.0,0.0,0.0,0.0,0.0,0.0,0.0,709.0,565.0,144.0,366.0,1874.0,1034.0,840.0,0.0,1095.0,973.0,0.0,0.0,0.0,605.0,0.0,250.0,0.0,0.0,0.0,0.0,0.0,0.0,174.0,3340.0,3279.0,61.0,205.0,0.0,0.0,0.0,0.0,2799.0,0.0,0.0,0.0,0.0,0.0,0.0,0.0,0.0,165.0,171.0,5566.0,2631.0,2935.0,1094.0,0.0,457.0,156.0,272.0,0.0,0.0,0.0,0.0,0.0,240.0,0.0,124.0,0.0,0.0,0.0,0.0,0.0,0.0,0.0,397.0,381.0,301.0,0.0,220.0,0.0,0.0,0.0,0.0,0.0,0.0,0.0,0.0,0.0,0.0,0.0,0.0,0.0,0.0,0.0,0.0,0.0,0.0,0.0,0.0,0.0,80.0,416.0,0.0,0.0,0.0,0.0,0.0,0.0,0.0,0.0,0.0,0.0,0.0,0.0,0.0,0.0,0.0,0.0,0.0,1273.0,2127.0,0.0,275.0
TORUŃ (MIASTO),23770.0,15839.0,7931.0,327.0,283.0,44.0,194.0,18.0,115.0,0.0,8048.0,6215.0,1833.0,2436.0,1910.0,526.0,532.0,433.0,99.0,1361.0,1082.0,279.0,3719.0,2790.0,929.0,0.0,0.0,0.0,0.0,0.0,0.0,0.0,781.0,0.0,0.0,0.0,0.0,0.0,0.0,0.0,0.0,0.0,0.0,0.0,0.0,218.0,0.0,0.0,0.0,0.0,0.0,0.0,0.0,0.0,0.0,0.0,0.0,202.0,109.0,0.0,0.0,0.0,0.0,0.0,0.0,0.0,0.0,0.0,0.0,0.0,0.0,0.0,0.0,0.0,0.0,0.0,0.0,0.0,0.0,0.0,465.0,0.0,0.0,0.0,0.0,266.0,0.0,0.0,0.0,0.0,0.0,0.0,0.0,0.0,0.0,0.0,0.0,0.0,0.0,0.0,0.0,0.0,0.0,0.0,0.0,0.0,0.0,0.0,0.0,0.0,0.0,0.0,0.0,0.0,0.0,1251.0,0.0,758.0,0.0,0.0,313.0,0.0,1552.0,0.0,126.0,341.0,332.0,0.0,0.0,0.0,0.0,0.0,0.0,0.0,448.0,0.0,410.0,0.0,315.0,0.0,0.0,1280.0,0.0,0.0,496.0,374.0,0.0,0.0,186.0,0.0,0.0,381.0,0.0,0.0,335.0,0.0,0.0,0.0,0.0,1474.0,1067.0,407.0,252.0,3617.0,2025.0,1592.0,0.0,2018.0,1746.0,162.0,0.0,0.0,1282.0,0.0,486.0,0.0,0.0,538.0,155.0,0.0,0.0,162.0,1928.0,1801.0,127.0,272.0,103.0,0.0,0.0,0.0,1132.0,0.0,266.0,0.0,0.0,0.0,0.0,0.0,0.0,0.0,155.0,9850.0,5515.0,4335.0,2013.0,0.0,1257.0,423.0,621.0,213.0,324.0,205.0,0.0,0.0,236.0,0.0,169.0,0.0,0.0,0.0,0.0,0.0,0.0,0.0,196.0,777.0,432.0,0.0,189.0,0.0,0.0,0.0,0.0,0.0,0.0,0.0,0.0,0.0,0.0,0.0,0.0,0.0,0.0,0.0,0.0,0.0,0.0,0.0,0.0,0.0,345.0,829.0,389.0,0.0,0.0,0.0,0.0,0.0,0.0,0.0,412.0,0.0,0.0,251.0,0.0,0.0,0.0,28.0,0.0,1816.0,1874.0,0.0,2541.0
TORUŃSKI,11004.0,8044.0,2960.0,520.0,468.0,52.0,188.0,68.0,264.0,0.0,4439.0,3818.0,621.0,1546.0,1411.0,135.0,201.0,182.0,19.0,715.0,630.0,85.0,1977.0,1595.0,382.0,0.0,0.0,0.0,0.0,0.0,0.0,0.0,499.0,0.0,0.0,0.0,0.0,0.0,0.0,0.0,0.0,0.0,0.0,0.0,206.0,0.0,0.0,0.0,0.0,0.0,0.0,0.0,0.0,0.0,0.0,0.0,0.0,0.0,0.0,0.0,0.0,0.0,0.0,0.0,0.0,0.0,0.0,0.0,0.0,0.0,311.0,0.0,0.0,0.0,0.0,0.0,291.0,0.0,0.0,0.0,340.0,0.0,0.0,0.0,0.0,0.0,0.0,0.0,0.0,0.0,0.0,0.0,0.0,0.0,0.0,0.0,0.0,0.0,0.0,0.0,0.0,0.0,0.0,0.0,0.0,0.0,0.0,0.0,0.0,0.0,0.0,0.0,0.0,0.0,0.0,548.0,0.0,297.0,0.0,0.0,195.0,0.0,1562.0,0.0,178.0,0.0,0.0,842.0,0.0,0.0,0.0,0.0,0.0,0.0,220.0,0.0,0.0,0.0,0.0,0.0,0.0,512.0,0.0,0.0,126.0,276.0,0.0,0.0,0.0,0.0,0.0,0.0,0.0,0.0,0.0,0.0,0.0,0.0,0.0,452.0,350.0,102.0,215.0,1049.0,640.0,409.0,0.0,682.0,625.0,0.0,0.0,0.0,317.0,0.0,174.0,0.0,0.0,0.0,0.0,0.0,0.0,50.0,1444.0,1394.0,50.0,166.0,0.0,0.0,0.0,0.0,1132.0,0.0,0.0,0.0,0.0,0.0,0.0,0.0,0.0,0.0,146.0,3552.0,1724.0,1828.0,397.0,0.0,210.0,0.0,137.0,0.0,0.0,0.0,0.0,0.0,0.0,0.0,0.0,0.0,0.0,0.0,0.0,0.0,0.0,0.0,187.0,254.0,197.0,0.0,178.0,0.0,0.0,0.0,0.0,0.0,0.0,0.0,0.0,0.0,0.0,0.0,0.0,0.0,0.0,0.0,0.0,0.0,0.0,0.0,0.0,0.0,57.0,199.0,0.0,0.0,0.0,0.0,0.0,0.0,0.0,0.0,0.0,0.0,0.0,0.0,0.0,0.0,0.0,0.0,0.0,705.0,1406.0,0.0,591.0
TUCHOLSKI,5729.0,4246.0,1483.0,533.0,482.0,51.0,0.0,0.0,463.0,70.0,2308.0,2054.0,254.0,128.0,120.0,8.0,187.0,177.0,10.0,651.0,581.0,70.0,1342.0,1176.0,166.0,0.0,0.0,0.0,0.0,0.0,0.0,0.0,269.0,0.0,0.0,0.0,0.0,0.0,0.0,0.0,0.0,0.0,0.0,0.0,170.0,0.0,0.0,0.0,0.0,0.0,0.0,0.0,0.0,0.0,0.0,0.0,0.0,0.0,0.0,0.0,0.0,0.0,0.0,0.0,0.0,0.0,0.0,0.0,0.0,0.0,0.0,0.0,0.0,0.0,0.0,0.0,0.0,0.0,0.0,0.0,533.0,0.0,95.0,0.0,146.0,195.0,0.0,0.0,0.0,0.0,0.0,0.0,0.0,0.0,0.0,0.0,0.0,0.0,0.0,0.0,0.0,0.0,0.0,0.0,0.0,0.0,0.0,0.0,0.0,0.0,0.0,0.0,0.0,0.0,0.0,474.0,0.0,252.0,0.0,0.0,181.0,0.0,343.0,0.0,0.0,0.0,0.0,0.0,0.0,0.0,0.0,0.0,0.0,0.0,138.0,0.0,0.0,0.0,0.0,0.0,0.0,328.0,0.0,0.0,0.0,256.0,0.0,0.0,0.0,0.0,0.0,0.0,0.0,0.0,0.0,0.0,0.0,0.0,0.0,216.0,180.0,36.0,145.0,756.0,499.0,257.0,0.0,484.0,439.0,0.0,0.0,0.0,235.0,0.0,0.0,0.0,0.0,83.0,0.0,0.0,0.0,37.0,432.0,424.0,8.0,88.0,0.0,0.0,0.0,0.0,297.0,0.0,0.0,0.0,0.0,0.0,0.0,0.0,0.0,0.0,47.0,1700.0,787.0,913.0,214.0,0.0,82.0,0.0,0.0,0.0,0.0,0.0,0.0,0.0,0.0,0.0,0.0,0.0,0.0,0.0,0.0,0.0,0.0,0.0,132.0,184.0,152.0,0.0,134.0,0.0,0.0,0.0,0.0,0.0,0.0,0.0,0.0,0.0,0.0,0.0,0.0,0.0,0.0,0.0,0.0,0.0,0.0,0.0,0.0,0.0,32.0,119.0,0.0,0.0,0.0,0.0,0.0,0.0,0.0,0.0,0.0,0.0,0.0,0.0,0.0,0.0,0.0,0.0,0.0,435.0,712.0,0.0,36.0
WĄBRZESKI,7786.0,5400.0,2386.0,228.0,205.0,23.0,110.0,28.0,90.0,0.0,3480.0,2947.0,533.0,285.0,224.0,61.0,283.0,271.0,12.0,872.0,753.0,119.0,2040.0,1699.0,341.0,0.0,0.0,0.0,0.0,0.0,0.0,0.0,405.0,0.0,0.0,0.0,0.0,0.0,0.0,0.0,0.0,0.0,0.0,0.0,177.0,135.0,0.0,0.0,0.0,0.0,0.0,0.0,0.0,0.0,0.0,0.0,0.0,104.0,0.0,0.0,0.0,0.0,0.0,0.0,0.0,0.0,0.0,0.0,0.0,0.0,0.0,0.0,0.0,0.0,0.0,0.0,0.0,0.0,0.0,0.0,421.0,0.0,0.0,0.0,0.0,208.0,0.0,0.0,0.0,0.0,0.0,0.0,0.0,0.0,0.0,0.0,0.0,0.0,0.0,0.0,0.0,0.0,0.0,0.0,0.0,0.0,0.0,0.0,0.0,0.0,0.0,0.0,0.0,0.0,0.0,596.0,0.0,289.0,0.0,0.0,258.0,0.0,626.0,0.0,165.0,160.0,0.0,0.0,0.0,0.0,0.0,0.0,0.0,0.0,193.0,0.0,0.0,0.0,0.0,0.0,0.0,331.0,0.0,0.0,0.0,196.0,0.0,0.0,0.0,0.0,0.0,0.0,0.0,0.0,0.0,0.0,0.0,0.0,0.0,706.0,543.0,163.0,291.0,1070.0,713.0,357.0,0.0,715.0,650.0,0.0,0.0,0.0,299.0,0.0,143.0,0.0,0.0,90.0,0.0,0.0,0.0,56.0,539.0,525.0,14.0,117.0,0.0,0.0,0.0,0.0,321.0,0.0,0.0,0.0,0.0,0.0,0.0,0.0,0.0,0.0,101.0,2469.0,1010.0,1459.0,377.0,0.0,170.0,0.0,117.0,0.0,0.0,0.0,0.0,0.0,0.0,0.0,0.0,0.0,0.0,0.0,0.0,0.0,0.0,0.0,207.0,264.0,209.0,0.0,185.0,0.0,0.0,0.0,0.0,0.0,0.0,0.0,0.0,0.0,0.0,0.0,0.0,0.0,0.0,0.0,0.0,0.0,0.0,0.0,0.0,0.0,55.0,208.0,0.0,0.0,0.0,0.0,0.0,0.0,0.0,0.0,122.0,0.0,0.0,0.0,0.0,0.0,0.0,0.0,86.0,646.0,909.0,0.0,65.0
MORSKI,17576.0,13562.0,4014.0,1527.0,1393.0,134.0,107.0,995.0,425.0,0.0,6583.0,5784.0,799.0,1806.0,1627.0,179.0,437.0,390.0,47.0,1181.0,1062.0,119.0,3159.0,2705.0,454.0,0.0,0.0,0.0,0.0,0.0,0.0,0.0,607.0,0.0,0.0,0.0,0.0,0.0,0.0,0.0,0.0,0.0,0.0,0.0,262.0,0.0,0.0,0.0,0.0,0.0,0.0,0.0,0.0,0.0,0.0,0.0,0.0,0.0,0.0,0.0,0.0,0.0,0.0,0.0,0.0,0.0,0.0,0.0,0.0,0.0,344.0,0.0,0.0,0.0,0.0,0.0,152.0,0.0,0.0,0.0,1366.0,0.0,0.0,0.0,203.0,781.0,0.0,0.0,0.0,0.0,0.0,0.0,0.0,0.0,0.0,0.0,0.0,0.0,0.0,0.0,0.0,0.0,0.0,0.0,0.0,0.0,0.0,0.0,0.0,0.0,0.0,0.0,0.0,0.0,0.0,876.0,0.0,473.0,0.0,0.0,324.0,0.0,984.0,0.0,0.0,267.0,0.0,0.0,0.0,0.0,0.0,0.0,0.0,0.0,323.0,0.0,0.0,0.0,0.0,0.0,0.0,1489.0,0.0,0.0,358.0,803.0,0.0,0.0,0.0,0.0,0.0,0.0,0.0,0.0,0.0,0.0,0.0,0.0,0.0,623.0,565.0,58.0,294.0,1749.0,1020.0,729.0,0.0,978.0,865.0,0.0,0.0,0.0,676.0,0.0,320.0,0.0,0.0,0.0,0.0,0.0,0.0,95.0,2651.0,2596.0,55.0,217.0,0.0,0.0,0.0,0.0,1236.0,0.0,964.0,786.0,0.0,0.0,0.0,0.0,0.0,0.0,234.0,5066.0,2769.0,2297.0,1020.0,0.0,530.0,268.0,212.0,0.0,0.0,0.0,0.0,0.0,278.0,0.0,0.0,179.0,0.0,0.0,0.0,0.0,0.0,0.0,212.0,422.0,354.0,0.0,281.0,0.0,0.0,0.0,0.0,0.0,0.0,0.0,0.0,0.0,0.0,0.0,0.0,0.0,0.0,0.0,0.0,0.0,0.0,0.0,0.0,0.0,68.0,407.0,0.0,0.0,0.0,0.0,0.0,0.0,0.0,0.0,0.0,0.0,0.0,0.0,0.0,0.0,0.0,0.0,0.0,1035.0,1804.0,0.0,378.0
GDYNIA (MIASTO),16950.0,13585.0,3365.0,157.0,143.0,14.0,0.0,114.0,0.0,43.0,7172.0,6495.0,677.0,2478.0,2395.0,83.0,437.0,389.0,48.0,1041.0,925.0,116.0,3216.0,2786.0,430.0,0.0,0.0,0.0,0.0,0.0,0.0,0.0,900.0,94.0,303.0,0.0,0.0,0.0,0.0,0.0,0.0,0.0,0.0,0.0,108.0,249.0,0.0,0.0,0.0,0.0,0.0,0.0,0.0,0.0,0.0,0.0,0.0,0.0,0.0,0.0,0.0,0.0,0.0,0.0,0.0,0.0,0.0,0.0,0.0,0.0,81.0,0.0,0.0,0.0,0.0,0.0,0.0,0.0,0.0,0.0,351.0,0.0,0.0,0.0,0.0,227.0,0.0,0.0,0.0,0.0,0.0,0.0,0.0,0.0,0.0,0.0,0.0,0.0,0.0,0.0,0.0,0.0,0.0,0.0,0.0,0.0,0.0,0.0,0.0,0.0,0.0,0.0,0.0,0.0,0.0,660.0,0.0,416.0,0.0,0.0,185.0,0.0,744.0,242.0,0.0,186.0,0.0,0.0,0.0,0.0,0.0,0.0,0.0,0.0,217.0,0.0,0.0,0.0,0.0,0.0,0.0,2613.0,0.0,399.0,443.0,1344.0,173.0,0.0,162.0,0.0,0.0,340.0,0.0,98.0,0.0,215.0,0.0,0.0,0.0,1215.0,1081.0,134.0,268.0,2348.0,1456.0,892.0,0.0,1238.0,1091.0,104.0,0.0,0.0,889.0,0.0,286.0,154.0,0.0,406.0,107.0,0.0,0.0,114.0,3262.0,3115.0,147.0,187.0,945.0,938.0,0.0,0.0,445.0,33.0,1583.0,1332.0,0.0,0.0,119.0,74.0,0.0,69.0,0.0,4011.0,2376.0,1635.0,1094.0,0.0,727.0,569.0,129.0,0.0,101.0,0.0,0.0,0.0,199.0,0.0,112.0,0.0,0.0,0.0,0.0,0.0,0.0,0.0,67.0,292.0,147.0,0.0,0.0,0.0,0.0,0.0,0.0,0.0,0.0,0.0,0.0,0.0,0.0,0.0,0.0,0.0,0.0,0.0,0.0,0.0,0.0,0.0,0.0,0.0,145.0,433.0,162.0,0.0,0.0,0.0,0.0,0.0,0.0,0.0,264.0,0.0,0.0,118.0,0.0,0.0,0.0,7.0,0.0,1003.0,210.0,0.0,979.0
BYDGOSKI,9848.0,7320.0,2528.0,626.0,583.0,43.0,0.0,0.0,498.0,128.0,4437.0,3904.0,533.0,1781.0,1620.0,161.0,367.0,334.0,33.0,716.0,645.0,71.0,1573.0,1305.0,268.0,0.0,0.0,0.0,0.0,0.0,0.0,0.0,484.0,0.0,0.0,0.0,0.0,0.0,0.0,0.0,0.0,0.0,0.0,0.0,197.0,0.0,0.0,0.0,0.0,0.0,0.0,0.0,0.0,0.0,0.0,0.0,0.0,278.0,184.0,0.0,0.0,0.0,0.0,0.0,0.0,56.0,0.0,0.0,0.0,0.0,272.0,0.0,0.0,0.0,0.0,0.0,207.0,0.0,0.0,0.0,1289.0,0.0,0.0,0.0,784.0,208.0,0.0,0.0,93.0,0.0,0.0,128.0,125.0,0.0,0.0,0.0,0.0,0.0,0.0,0.0,0.0,0.0,0.0,0.0,0.0,0.0,0.0,0.0,0.0,0.0,0.0,0.0,0.0,0.0,0.0,536.0,0.0,281.0,0.0,0.0,215.0,0.0,600.0,0.0,147.0,0.0,0.0,0.0,0.0,0.0,0.0,0.0,0.0,0.0,184.0,0.0,0.0,0.0,0.0,0.0,0.0,523.0,0.0,0.0,107.0,277.0,0.0,0.0,0.0,0.0,0.0,0.0,0.0,0.0,0.0,0.0,0.0,0.0,0.0,138.0,103.0,35.0,189.0,826.0,510.0,316.0,0.0,515.0,462.0,0.0,0.0,0.0,278.0,0.0,0.0,0.0,0.0,0.0,0.0,0.0,0.0,33.0,909.0,885.0,24.0,126.0,0.0,0.0,0.0,0.0,581.0,0.0,0.0,0.0,0.0,0.0,0.0,0.0,0.0,80.0,122.0,3050.0,1438.0,1612.0,336.0,0.0,134.0,0.0,114.0,0.0,0.0,0.0,0.0,0.0,117.0,0.0,0.0,0.0,81.0,0.0,0.0,0.0,0.0,0.0,85.0,223.0,171.0,0.0,163.0,0.0,0.0,0.0,0.0,0.0,0.0,0.0,0.0,0.0,0.0,0.0,0.0,0.0,0.0,0.0,0.0,0.0,0.0,0.0,0.0,0.0,52.0,210.0,0.0,0.0,0.0,0.0,0.0,0.0,0.0,0.0,0.0,0.0,0.0,0.0,0.0,0.0,0.0,0.0,0.0,647.0,1587.0,0.0,47.0
BYDGOSZCZ (MIASTO),52341.0,35204.0,17137.0,445.0,359.0,86.0,296.0,0.0,0.0,149.0,21067.0,16029.0,5038.0,8007.0,6055.0,1952.0,1581.0,1268.0,313.0,3705.0,2969.0,736.0,7774.0,5737.0,2037.0,0.0,0.0,0.0,0.0,0.0,0.0,0.0,4024.0,344.0,0.0,0.0,0.0,0.0,0.0,551.0,0.0,0.0,0.0,0.0,0.0,510.0,0.0,560.0,0.0,0.0,0.0,0.0,515.0,0.0,241.0,0.0,0.0,495.0,0.0,0.0,0.0,0.0,0.0,0.0,161.0,0.0,0.0,0.0,0.0,0.0,456.0,0.0,0.0,0.0,0.0,0.0,257.0,0.0,0.0,0.0,2484.0,455.0,0.0,0.0,356.0,1315.0,0.0,0.0,0.0,0.0,0.0,347.0,244.0,0.0,0.0,0.0,0.0,0.0,0.0,0.0,0.0,0.0,0.0,0.0,0.0,0.0,0.0,0.0,0.0,0.0,416.0,0.0,257.0,0.0,0.0,3520.0,0.0,1757.0,0.0,0.0,1225.0,0.0,3130.0,0.0,191.0,522.0,454.0,0.0,0.0,164.0,0.0,0.0,0.0,0.0,1041.0,420.0,656.0,0.0,541.0,0.0,0.0,2093.0,0.0,0.0,364.0,818.0,326.0,0.0,334.0,0.0,0.0,434.0,0.0,167.0,217.0,0.0,248.0,0.0,0.0,2548.0,1830.0,718.0,216.0,8814.0,5090.0,3724.0,0.0,5248.0,4517.0,507.0,0.0,0.0,2519.0,0.0,1086.0,0.0,338.0,924.0,419.0,0.0,473.0,155.0,7050.0,6592.0,458.0,990.0,204.0,0.0,0.0,0.0,5071.0,172.0,543.0,158.0,0.0,0.0,0.0,0.0,0.0,70.0,0.0,14965.0,7134.0,7831.0,2323.0,0.0,1083.0,387.0,549.0,0.0,497.0,196.0,251.0,0.0,401.0,0.0,227.0,0.0,0.0,0.0,0.0,0.0,0.0,0.0,342.0,1465.0,744.0,0.0,301.0,183.0,0.0,0.0,0.0,0.0,0.0,0.0,0.0,0.0,0.0,0.0,0.0,0.0,0.0,0.0,0.0,353.0,0.0,250.0,0.0,0.0,368.0,1719.0,601.0,0.0,0.0,0.0,0.0,0.0,0.0,0.0,1019.0,0.0,0.0,519.0,0.0,220.0,0.0,99.0,0.0,3483.0,3760.0,0.0,2215.0
CHODZIESKI,8387.0,5805.0,2582.0,388.0,346.0,42.0,0.0,0.0,295.0,93.0,4385.0,3457.0,928.0,1746.0,1229.0,517.0,191.0,175.0,16.0,794.0,699.0,95.0,1654.0,1354.0,300.0,0.0,0.0,0.0,0.0,0.0,0.0,0.0,378.0,0.0,0.0,0.0,0.0,0.0,0.0,0.0,0.0,0.0,0.0,0.0,184.0,0.0,0.0,0.0,0.0,0.0,0.0,0.0,0.0,0.0,0.0,0.0,0.0,0.0,0.0,0.0,0.0,0.0,0.0,0.0,0.0,0.0,0.0,0.0,0.0,0.0,1578.0,0.0,0.0,0.0,0.0,0.0,0.0,1115.0,376.0,0.0,383.0,0.0,0.0,0.0,0.0,192.0,0.0,0.0,0.0,0.0,0.0,0.0,0.0,0.0,0.0,0.0,0.0,0.0,0.0,0.0,0.0,0.0,0.0,0.0,0.0,0.0,0.0,0.0,0.0,0.0,0.0,0.0,0.0,0.0,0.0,466.0,0.0,293.0,0.0,0.0,156.0,0.0,556.0,0.0,122.0,128.0,0.0,0.0,0.0,0.0,0.0,0.0,0.0,0.0,213.0,0.0,0.0,0.0,0.0,0.0,0.0,407.0,0.0,0.0,82.0,223.0,0.0,0.0,0.0,0.0,0.0,0.0,0.0,0.0,0.0,0.0,70.0,0.0,0.0,406.0,310.0,96.0,141.0,989.0,562.0,427.0,0.0,651.0,563.0,0.0,0.0,0.0,303.0,0.0,185.0,0.0,0.0,0.0,0.0,0.0,0.0,35.0,387.0,372.0,15.0,90.0,0.0,0.0,0.0,0.0,209.0,0.0,0.0,0.0,0.0,0.0,0.0,0.0,0.0,0.0,88.0,2238.0,1068.0,1170.0,472.0,0.0,233.0,0.0,162.0,0.0,0.0,0.0,0.0,0.0,114.0,0.0,0.0,80.0,0.0,0.0,0.0,0.0,0.0,0.0,125.0,196.0,167.0,0.0,140.0,0.0,0.0,0.0,0.0,0.0,0.0,0.0,0.0,0.0,0.0,0.0,0.0,0.0,0.0,0.0,0.0,0.0,0.0,0.0,0.0,0.0,29.0,231.0,129.0,0.0,0.0,0.0,0.0,0.0,0.0,0.0,0.0,0.0,0.0,0.0,0.0,0.0,0.0,0.0,102.0,503.0,795.0,0.0,41.0
CZARNKOWSKI,6865.0,4938.0,1927.0,421.0,352.0,69.0,0.0,0.0,350.0,71.0,2879.0,2494.0,385.0,401.0,368.0,33.0,177.0,158.0,19.0,558.0,500.0,58.0,1743.0,1468.0,275.0,0.0,0.0,0.0,0.0,0.0,0.0,0.0,405.0,0.0,0.0,0.0,0.0,0.0,102.0,0.0,0.0,0.0,0.0,0.0,135.0,0.0,0.0,0.0,0.0,0.0,0.0,0.0,0.0,0.0,0.0,0.0,0.0,0.0,0.0,0.0,0.0,0.0,0.0,0.0,0.0,0.0,0.0,0.0,0.0,0.0,0.0,0.0,0.0,0.0,0.0,0.0,0.0,0.0,0.0,0.0,539.0,0.0,90.0,0.0,164.0,160.0,0.0,0.0,0.0,0.0,0.0,0.0,0.0,0.0,0.0,0.0,0.0,0.0,0.0,0.0,0.0,0.0,0.0,0.0,0.0,0.0,0.0,0.0,0.0,0.0,0.0,0.0,0.0,0.0,0.0,449.0,0.0,256.0,0.0,0.0,176.0,0.0,550.0,0.0,106.0,130.0,0.0,0.0,0.0,0.0,0.0,0.0,0.0,0.0,205.0,0.0,0.0,0.0,0.0,0.0,0.0,275.0,0.0,0.0,0.0,172.0,0.0,0.0,0.0,0.0,0.0,0.0,0.0,0.0,0.0,0.0,0.0,0.0,0.0,425.0,362.0,63.0,236.0,759.0,459.0,300.0,0.0,527.0,457.0,0.0,0.0,0.0,208.0,0.0,100.0,0.0,0.0,0.0,0.0,0.0,0.0,24.0,445.0,430.0,15.0,87.0,0.0,0.0,0.0,0.0,244.0,0.0,0.0,0.0,0.0,0.0,0.0,0.0,0.0,0.0,114.0,2361.0,1203.0,1158.0,521.0,0.0,205.0,56.0,136.0,0.0,0.0,0.0,0.0,0.0,168.0,0.0,0.0,129.0,0.0,0.0,0.0,0.0,0.0,0.0,148.0,205.0,170.0,0.0,138.0,0.0,0.0,0.0,0.0,0.0,0.0,0.0,0.0,0.0,0.0,0.0,0.0,0.0,0.0,0.0,0.0,0.0,0.0,0.0,0.0,0.0,35.0,148.0,0.0,0.0,0.0,0.0,0.0,0.0,0.0,0.0,0.0,0.0,0.0,0.0,0.0,0.0,0.0,0.0,0.0,452.0,979.0,0.0,56.0
GNIEŹNIEŃSKI,8185.0,0.0,2777.0,464.0,403.0,61.0,99.0,40.0,325.0,0.0,3000.0,2600.0,400.0,224.0,211.0,13.0,217.0,212.0,5.0,705.0,640.0,65.0,1854.0,1537.0,317.0,0.0,0.0,0.0,0.0,0.0,0.0,0.0,550.0,0.0,0.0,0.0,0.0,0.0,0.0,0.0,0.0,0.0,0.0,0.0,283.0,151.0,0.0,0.0,0.0,0.0,0.0,0.0,0.0,0.0,0.0,0.0,0.0,0.0,0.0,0.0,0.0,0.0,0.0,0.0,0.0,0.0,0.0,0.0,0.0,0.0,0.0,0.0,0.0,0.0,0.0,0.0,0.0,0.0,0.0,0.0,471.0,0.0,0.0,0.0,109.0,174.0,0.0,0.0,134.0,0.0,0.0,0.0,0.0,0.0,0.0,0.0,0.0,0.0,0.0,0.0,0.0,0.0,0.0,0.0,0.0,0.0,0.0,0.0,0.0,0.0,68.0,0.0,0.0,0.0,0.0,586.0,0.0,330.0,0.0,0.0,239.0,0.0,594.0,0.0,155.0,120.0,0.0,0.0,0.0,0.0,0.0,0.0,0.0,0.0,190.0,0.0,0.0,0.0,0.0,0.0,0.0,374.0,0.0,0.0,0.0,249.0,0.0,0.0,0.0,0.0,0.0,0.0,0.0,0.0,0.0,0.0,0.0,0.0,0.0,239.0,168.0,71.0,118.0,553.0,359.0,194.0,0.0,346.0,314.0,0.0,0.0,0.0,180.0,0.0,0.0,0.0,0.0,0.0,0.0,0.0,0.0,27.0,511.0,489.0,22.0,92.0,0.0,0.0,0.0,0.0,307.0,0.0,0.0,0.0,0.0,0.0,0.0,0.0,0.0,0.0,112.0,3657.0,1557.0,2100.0,259.0,0.0,108.0,0.0,92.0,0.0,0.0,0.0,0.0,0.0,0.0,0.0,0.0,0.0,0.0,0.0,0.0,0.0,0.0,0.0,151.0,237.0,198.0,0.0,182.0,0.0,0.0,0.0,0.0,0.0,0.0,0.0,0.0,0.0,0.0,0.0,0.0,0.0,0.0,0.0,0.0,0.0,0.0,0.0,0.0,0.0,39.0,332.0,231.0,0.0,184.0,0.0,0.0,0.0,0.0,0.0,0.0,0.0,0.0,0.0,0.0,0.0,0.0,0.0,101.0,597.0,2180.0,29.0,52.0
GOSTYŃSKI,9342.0,6326.0,3016.0,213.0,191.0,22.0,110.0,2.0,101.0,0.0,4594.0,3912.0,682.0,961.0,817.0,144.0,388.0,373.0,15.0,1096.0,969.0,127.0,2149.0,1753.0,396.0,0.0,0.0,0.0,0.0,0.0,0.0,0.0,619.0,0.0,0.0,0.0,0.0,0.0,0.0,0.0,0.0,0.0,0.0,0.0,249.0,169.0,0.0,0.0,0.0,0.0,0.0,0.0,0.0,0.0,0.0,0.0,0.0,0.0,0.0,0.0,0.0,0.0,0.0,0.0,0.0,0.0,0.0,0.0,0.0,0.0,108.0,0.0,0.0,0.0,0.0,0.0,0.0,0.0,0.0,0.0,520.0,0.0,0.0,0.0,0.0,214.0,0.0,0.0,149.0,0.0,0.0,0.0,0.0,0.0,0.0,0.0,0.0,0.0,0.0,0.0,0.0,0.0,0.0,0.0,0.0,0.0,0.0,0.0,0.0,0.0,0.0,0.0,0.0,0.0,0.0,691.0,0.0,321.0,0.0,0.0,353.0,0.0,1340.0,0.0,123.0,231.0,0.0,612.0,0.0,0.0,0.0,0.0,0.0,0.0,245.0,0.0,0.0,0.0,0.0,0.0,0.0,491.0,0.0,0.0,0.0,356.0,0.0,0.0,0.0,0.0,0.0,0.0,0.0,0.0,0.0,0.0,0.0,0.0,0.0,619.0,410.0,209.0,206.0,1025.0,645.0,380.0,0.0,773.0,675.0,0.0,0.0,0.0,205.0,0.0,121.0,0.0,0.0,0.0,0.0,0.0,0.0,47.0,424.0,397.0,27.0,87.0,0.0,0.0,0.0,0.0,262.0,0.0,0.0,0.0,0.0,0.0,0.0,0.0,0.0,0.0,75.0,3086.0,1181.0,1905.0,411.0,0.0,183.0,0.0,123.0,0.0,0.0,0.0,0.0,0.0,0.0,0.0,0.0,0.0,0.0,0.0,166.0,0.0,0.0,0.0,62.0,227.0,194.0,0.0,159.0,0.0,0.0,0.0,0.0,0.0,0.0,0.0,0.0,0.0,0.0,0.0,0.0,0.0,0.0,0.0,0.0,0.0,0.0,0.0,0.0,0.0,33.0,301.0,169.0,0.0,0.0,0.0,0.0,0.0,0.0,0.0,127.0,0.0,0.0,0.0,0.0,0.0,0.0,5.0,0.0,764.0,1342.0,0.0,41.0
INOWROCŁAWSKI,5985.0,4273.0,1712.0,335.0,297.0,38.0,140.0,4.0,191.0,0.0,2887.0,2612.0,275.0,1279.0,1224.0,55.0,137.0,124.0,13.0,387.0,331.0,56.0,1084.0,933.0,151.0,0.0,0.0,0.0,0.0,0.0,0.0,0.0,332.0,0.0,0.0,0.0,0.0,0.0,0.0,0.0,0.0,0.0,0.0,0.0,182.0,0.0,0.0,0.0,0.0,0.0,0.0,0.0,0.0,0.0,0.0,0.0,0.0,0.0,0.0,0.0,0.0,0.0,0.0,0.0,0.0,0.0,0.0,0.0,0.0,0.0,73.0,0.0,0.0,0.0,0.0,0.0,0.0,0.0,0.0,0.0,229.0,0.0,0.0,0.0,0.0,0.0,0.0,0.0,0.0,0.0,0.0,0.0,0.0,0.0,0.0,0.0,0.0,0.0,0.0,0.0,0.0,0.0,0.0,0.0,0.0,0.0,0.0,0.0,0.0,0.0,0.0,0.0,0.0,0.0,0.0,301.0,0.0,171.0,0.0,0.0,122.0,0.0,1422.0,0.0,147.0,0.0,0.0,1070.0,0.0,0.0,0.0,0.0,0.0,0.0,106.0,0.0,0.0,0.0,0.0,0.0,0.0,238.0,0.0,0.0,0.0,147.0,0.0,0.0,0.0,0.0,0.0,0.0,0.0,0.0,0.0,0.0,76.0,0.0,0.0,120.0,92.0,28.0,96.0,372.0,244.0,128.0,0.0,264.0,245.0,0.0,0.0,0.0,0.0,0.0,0.0,0.0,0.0,0.0,0.0,0.0,0.0,108.0,417.0,395.0,22.0,81.0,0.0,0.0,0.0,0.0,272.0,0.0,0.0,0.0,0.0,0.0,0.0,0.0,0.0,0.0,64.0,1974.0,725.0,1249.0,157.0,0.0,90.0,0.0,0.0,0.0,0.0,0.0,0.0,0.0,0.0,0.0,0.0,0.0,0.0,0.0,0.0,0.0,0.0,0.0,67.0,161.0,135.0,0.0,132.0,0.0,0.0,0.0,0.0,0.0,0.0,0.0,0.0,0.0,0.0,0.0,0.0,0.0,0.0,0.0,0.0,0.0,0.0,0.0,0.0,0.0,26.0,100.0,0.0,0.0,0.0,0.0,0.0,0.0,0.0,0.0,0.0,0.0,0.0,0.0,0.0,0.0,0.0,0.0,0.0,549.0,977.0,0.0,30.0
JAROCIŃSKI,15010.0,10303.0,4707.0,390.0,338.0,52.0,192.0,5.0,193.0,0.0,5881.0,4943.0,938.0,1085.0,910.0,175.0,497.0,456.0,41.0,1213.0,1041.0,172.0,3086.0,2536.0,550.0,0.0,0.0,0.0,0.0,0.0,0.0,0.0,769.0,0.0,0.0,0.0,0.0,0.0,0.0,0.0,0.0,0.0,0.0,0.0,284.0,0.0,0.0,0.0,0.0,0.0,0.0,0.0,0.0,0.0,0.0,0.0,0.0,0.0,0.0,0.0,0.0,0.0,0.0,0.0,0.0,0.0,0.0,0.0,0.0,0.0,272.0,0.0,0.0,0.0,0.0,0.0,211.0,0.0,0.0,0.0,741.0,0.0,0.0,0.0,0.0,346.0,0.0,0.0,197.0,0.0,0.0,0.0,0.0,0.0,0.0,0.0,0.0,0.0,0.0,0.0,0.0,0.0,0.0,0.0,0.0,0.0,0.0,0.0,0.0,0.0,0.0,0.0,0.0,0.0,0.0,938.0,0.0,535.0,0.0,0.0,368.0,0.0,1388.0,0.0,174.0,266.0,0.0,415.0,0.0,0.0,0.0,0.0,0.0,0.0,374.0,0.0,0.0,0.0,0.0,0.0,0.0,784.0,0.0,0.0,0.0,526.0,0.0,0.0,0.0,0.0,0.0,0.0,0.0,0.0,0.0,0.0,0.0,0.0,0.0,590.0,396.0,194.0,399.0,1447.0,844.0,603.0,0.0,953.0,845.0,0.0,0.0,0.0,398.0,0.0,165.0,0.0,0.0,0.0,0.0,0.0,0.0,96.0,1736.0,1680.0,56.0,180.0,0.0,0.0,0.0,0.0,1378.0,0.0,0.0,0.0,0.0,0.0,0.0,0.0,0.0,0.0,178.0,5556.0,2498.0,3058.0,726.0,0.0,359.0,0.0,232.0,0.0,0.0,0.0,0.0,0.0,0.0,0.0,0.0,0.0,0.0,0.0,0.0,0.0,0.0,0.0,367.0,383.0,316.0,0.0,287.0,0.0,0.0,0.0,0.0,0.0,0.0,0.0,0.0,0.0,0.0,0.0,0.0,0.0,0.0,0.0,0.0,0.0,0.0,0.0,0.0,0.0,67.0,370.0,0.0,0.0,0.0,0.0,0.0,0.0,0.0,0.0,212.0,0.0,0.0,0.0,0.0,0.0,0.0,0.0,158.0,1141.0,2526.0,20.0,410.0
KĘPIŃSKI,12186.0,8694.0,3492.0,334.0,308.0,26.0,0.0,0.0,265.0,69.0,5519.0,4746.0,773.0,850.0,765.0,85.0,462.0,432.0,30.0,1207.0,1039.0,168.0,3000.0,2510.0,490.0,0.0,0.0,0.0,0.0,0.0,0.0,0.0,682.0,0.0,0.0,0.0,0.0,0.0,0.0,0.0,0.0,0.0,0.0,0.0,286.0,0.0,0.0,0.0,0.0,0.0,0.0,0.0,0.0,0.0,0.0,0.0,0.0,0.0,0.0,0.0,0.0,0.0,0.0,0.0,0.0,0.0,0.0,0.0,0.0,0.0,358.0,0.0,0.0,0.0,0.0,0.0,251.0,0.0,0.0,0.0,715.0,0.0,0.0,0.0,136.0,351.0,0.0,0.0,0.0,0.0,0.0,0.0,0.0,0.0,0.0,0.0,0.0,0.0,0.0,0.0,0.0,0.0,0.0,0.0,0.0,0.0,0.0,0.0,0.0,0.0,0.0,0.0,0.0,0.0,0.0,898.0,0.0,506.0,0.0,0.0,359.0,0.0,906.0,0.0,178.0,238.0,0.0,0.0,0.0,0.0,0.0,0.0,0.0,0.0,408.0,0.0,0.0,0.0,0.0,0.0,0.0,898.0,0.0,0.0,83.0,635.0,0.0,0.0,0.0,0.0,0.0,0.0,0.0,0.0,0.0,0.0,141.0,0.0,0.0,633.0,427.0,206.0,288.0,1512.0,931.0,581.0,0.0,1070.0,955.0,0.0,0.0,0.0,375.0,0.0,159.0,0.0,0.0,158.0,0.0,0.0,0.0,67.0,893.0,855.0,38.0,152.0,0.0,0.0,0.0,0.0,629.0,0.0,0.0,0.0,0.0,0.0,0.0,0.0,0.0,0.0,112.0,3928.0,1854.0,2074.0,786.0,0.0,304.0,115.0,171.0,0.0,0.0,0.0,0.0,0.0,207.0,0.0,0.0,134.0,0.0,0.0,188.0,0.0,0.0,0.0,87.0,395.0,326.0,0.0,282.0,0.0,0.0,0.0,0.0,0.0,0.0,0.0,0.0,0.0,0.0,0.0,0.0,0.0,0.0,0.0,0.0,0.0,0.0,0.0,0.0,0.0,69.0,300.0,0.0,0.0,0.0,0.0,0.0,0.0,0.0,0.0,0.0,0.0,0.0,0.0,0.0,0.0,0.0,0.0,0.0,928.0,1442.0,0.0,77.0
KOŚCIAŃSKI,14347.0,9016.0,5331.0,396.0,338.0,58.0,210.0,15.0,171.0,0.0,6757.0,5124.0,1633.0,2341.0,1412.0,929.0,447.0,419.0,28.0,1569.0,1382.0,187.0,2400.0,1911.0,489.0,0.0,0.0,0.0,0.0,0.0,0.0,0.0,613.0,0.0,0.0,0.0,0.0,0.0,0.0,0.0,0.0,0.0,0.0,0.0,299.0,0.0,0.0,0.0,0.0,0.0,0.0,0.0,0.0,0.0,0.0,0.0,0.0,0.0,0.0,0.0,0.0,0.0,0.0,0.0,0.0,0.0,0.0,0.0,0.0,0.0,256.0,0.0,0.0,0.0,0.0,0.0,234.0,0.0,0.0,0.0,612.0,0.0,0.0,0.0,0.0,353.0,0.0,0.0,0.0,0.0,0.0,0.0,0.0,0.0,0.0,0.0,0.0,0.0,0.0,0.0,0.0,0.0,0.0,0.0,0.0,0.0,0.0,0.0,0.0,0.0,0.0,0.0,0.0,0.0,0.0,894.0,0.0,455.0,0.0,0.0,406.0,0.0,2857.0,0.0,182.0,375.0,0.0,909.0,0.0,0.0,0.0,0.0,0.0,0.0,413.0,811.0,0.0,0.0,0.0,0.0,0.0,786.0,0.0,0.0,0.0,587.0,0.0,0.0,0.0,0.0,0.0,0.0,0.0,0.0,0.0,0.0,0.0,0.0,0.0,381.0,230.0,151.0,358.0,1526.0,849.0,677.0,0.0,1053.0,900.0,0.0,0.0,0.0,376.0,0.0,193.0,0.0,0.0,0.0,0.0,0.0,0.0,97.0,576.0,549.0,27.0,122.0,0.0,0.0,0.0,0.0,352.0,0.0,0.0,0.0,0.0,0.0,0.0,0.0,0.0,0.0,102.0,5092.0,2156.0,2936.0,557.0,0.0,319.0,0.0,215.0,0.0,0.0,0.0,0.0,0.0,0.0,0.0,0.0,0.0,0.0,0.0,0.0,0.0,0.0,0.0,238.0,361.0,296.0,0.0,248.0,0.0,0.0,0.0,0.0,0.0,0.0,0.0,0.0,0.0,0.0,0.0,0.0,0.0,0.0,0.0,0.0,0.0,0.0,0.0,0.0,0.0,65.0,464.0,254.0,0.0,179.0,0.0,0.0,0.0,0.0,0.0,0.0,0.0,0.0,0.0,0.0,0.0,0.0,0.0,210.0,1005.0,2621.0,0.0,84.0
KROTOSZYŃSKI,13433.0,9244.0,4189.0,383.0,349.0,34.0,0.0,0.0,259.0,124.0,6192.0,5266.0,926.0,952.0,895.0,57.0,391.0,342.0,49.0,1777.0,1532.0,245.0,3072.0,2497.0,575.0,0.0,0.0,0.0,0.0,0.0,0.0,0.0,735.0,0.0,0.0,0.0,0.0,0.0,0.0,0.0,0.0,0.0,0.0,0.0,268.0,232.0,0.0,0.0,0.0,0.0,0.0,0.0,0.0,0.0,0.0,0.0,0.0,0.0,0.0,0.0,0.0,0.0,0.0,0.0,0.0,0.0,0.0,0.0,0.0,0.0,228.0,0.0,0.0,0.0,0.0,0.0,129.0,0.0,0.0,0.0,701.0,0.0,0.0,0.0,96.0,298.0,0.0,0.0,191.0,0.0,0.0,0.0,0.0,0.0,0.0,0.0,0.0,0.0,0.0,0.0,0.0,0.0,0.0,0.0,0.0,0.0,0.0,0.0,0.0,0.0,0.0,0.0,0.0,0.0,0.0,1136.0,0.0,509.0,0.0,0.0,550.0,0.0,1551.0,0.0,126.0,347.0,0.0,400.0,0.0,0.0,0.0,0.0,0.0,0.0,402.0,0.0,0.0,0.0,0.0,0.0,0.0,531.0,0.0,0.0,0.0,310.0,0.0,0.0,0.0,0.0,0.0,0.0,0.0,0.0,0.0,0.0,0.0,0.0,0.0,987.0,702.0,285.0,323.0,1748.0,1029.0,719.0,0.0,1128.0,1005.0,0.0,0.0,0.0,515.0,0.0,263.0,0.0,0.0,151.0,0.0,0.0,0.0,105.0,649.0,614.0,35.0,145.0,0.0,0.0,0.0,0.0,366.0,0.0,0.0,0.0,0.0,0.0,0.0,0.0,0.0,0.0,138.0,4461.0,1986.0,2475.0,680.0,0.0,361.0,106.0,229.0,0.0,0.0,0.0,0.0,0.0,104.0,0.0,0.0,0.0,0.0,0.0,0.0,0.0,0.0,0.0,215.0,394.0,345.0,0.0,269.0,0.0,0.0,0.0,0.0,0.0,0.0,0.0,0.0,0.0,0.0,0.0,0.0,0.0,0.0,0.0,0.0,0.0,0.0,0.0,0.0,0.0,49.0,354.0,0.0,0.0,0.0,0.0,0.0,0.0,0.0,0.0,214.0,0.0,0.0,0.0,0.0,0.0,0.0,0.0,140.0,953.0,1778.0,0.0,302.0
LESZCZYŃSKI,13938.0,9331.0,4607.0,490.0,406.0,84.0,227.0,20.0,243.0,0.0,5345.0,4282.0,1063.0,736.0,532.0,204.0,653.0,578.0,75.0,1333.0,1123.0,210.0,2623.0,2049.0,574.0,0.0,0.0,0.0,0.0,0.0,0.0,0.0,671.0,0.0,0.0,0.0,0.0,0.0,0.0,0.0,0.0,0.0,0.0,0.0,228.0,0.0,0.0,0.0,0.0,0.0,0.0,0.0,0.0,0.0,0.0,0.0,0.0,0.0,0.0,0.0,0.0,0.0,0.0,0.0,0.0,0.0,0.0,0.0,0.0,0.0,137.0,0.0,0.0,0.0,0.0,0.0,0.0,0.0,0.0,0.0,582.0,0.0,0.0,0.0,0.0,319.0,0.0,0.0,0.0,0.0,0.0,0.0,0.0,0.0,0.0,0.0,0.0,0.0,0.0,0.0,0.0,0.0,0.0,0.0,0.0,0.0,0.0,0.0,0.0,0.0,0.0,0.0,0.0,0.0,0.0,1005.0,0.0,540.0,0.0,0.0,356.0,0.0,1189.0,0.0,202.0,321.0,0.0,0.0,0.0,0.0,0.0,0.0,0.0,0.0,286.0,0.0,0.0,0.0,0.0,0.0,0.0,774.0,0.0,0.0,107.0,503.0,0.0,0.0,0.0,0.0,0.0,95.0,0.0,0.0,0.0,0.0,0.0,0.0,0.0,577.0,389.0,188.0,315.0,1897.0,1080.0,817.0,0.0,1198.0,954.0,0.0,0.0,0.0,564.0,0.0,243.0,0.0,0.0,202.0,0.0,0.0,0.0,135.0,1476.0,1430.0,46.0,138.0,0.0,0.0,0.0,0.0,1175.0,0.0,0.0,0.0,0.0,0.0,0.0,0.0,0.0,0.0,163.0,4730.0,2133.0,2597.0,774.0,0.0,325.0,114.0,185.0,0.0,0.0,0.0,0.0,0.0,167.0,0.0,0.0,105.0,0.0,0.0,0.0,0.0,0.0,0.0,282.0,430.0,350.0,0.0,211.0,0.0,0.0,0.0,0.0,0.0,0.0,0.0,0.0,0.0,0.0,0.0,0.0,0.0,0.0,0.0,0.0,0.0,0.0,0.0,0.0,0.0,80.0,413.0,0.0,0.0,0.0,0.0,0.0,0.0,0.0,0.0,238.0,0.0,0.0,0.0,0.0,0.0,0.0,0.0,175.0,1126.0,1603.0,0.0,384.0
MIĘDZYCHODZKI,5600.0,3899.0,1701.0,603.0,502.0,101.0,132.0,56.0,415.0,0.0,2244.0,1901.0,343.0,185.0,163.0,22.0,300.0,289.0,11.0,524.0,473.0,51.0,1235.0,976.0,259.0,0.0,0.0,0.0,0.0,0.0,0.0,0.0,274.0,0.0,0.0,0.0,0.0,0.0,0.0,0.0,0.0,0.0,0.0,0.0,107.0,0.0,0.0,0.0,0.0,0.0,0.0,0.0,0.0,0.0,0.0,0.0,0.0,0.0,0.0,0.0,0.0,0.0,0.0,0.0,0.0,0.0,0.0,0.0,0.0,0.0,155.0,0.0,0.0,0.0,0.0,0.0,72.0,0.0,0.0,0.0,285.0,0.0,0.0,0.0,87.0,0.0,0.0,0.0,0.0,0.0,0.0,0.0,0.0,0.0,0.0,0.0,0.0,0.0,0.0,0.0,0.0,0.0,0.0,0.0,0.0,0.0,0.0,0.0,0.0,0.0,0.0,0.0,0.0,0.0,0.0,385.0,0.0,223.0,0.0,0.0,151.0,0.0,385.0,0.0,0.0,119.0,0.0,0.0,0.0,0.0,0.0,0.0,0.0,0.0,125.0,0.0,0.0,0.0,0.0,0.0,0.0,344.0,0.0,0.0,57.0,229.0,0.0,0.0,0.0,0.0,0.0,0.0,0.0,0.0,0.0,0.0,0.0,0.0,0.0,317.0,230.0,87.0,99.0,561.0,342.0,219.0,0.0,312.0,275.0,0.0,0.0,0.0,214.0,0.0,101.0,0.0,0.0,0.0,0.0,0.0,0.0,35.0,307.0,296.0,11.0,75.0,0.0,0.0,0.0,0.0,152.0,0.0,0.0,0.0,0.0,0.0,0.0,0.0,0.0,0.0,80.0,1885.0,858.0,1027.0,357.0,0.0,180.0,64.0,98.0,0.0,0.0,0.0,0.0,0.0,104.0,0.0,0.0,75.0,0.0,0.0,0.0,0.0,0.0,0.0,73.0,141.0,116.0,0.0,0.0,0.0,0.0,0.0,0.0,0.0,0.0,0.0,0.0,0.0,0.0,0.0,0.0,0.0,0.0,0.0,0.0,0.0,0.0,0.0,0.0,0.0,25.0,137.0,0.0,0.0,0.0,0.0,0.0,0.0,0.0,0.0,0.0,0.0,0.0,0.0,0.0,0.0,0.0,0.0,0.0,411.0,807.0,0.0,32.0
MOGILEŃSKI,15194.0,10686.0,4508.0,499.0,430.0,69.0,188.0,86.0,225.0,0.0,7400.0,6447.0,953.0,2122.0,2019.0,103.0,427.0,407.0,20.0,1617.0,1452.0,165.0,3234.0,2569.0,665.0,0.0,0.0,0.0,0.0,0.0,0.0,0.0,732.0,0.0,0.0,0.0,0.0,0.0,0.0,0.0,0.0,0.0,0.0,0.0,403.0,0.0,0.0,0.0,0.0,0.0,0.0,0.0,0.0,0.0,0.0,0.0,0.0,0.0,0.0,0.0,0.0,0.0,0.0,0.0,0.0,0.0,0.0,0.0,0.0,0.0,267.0,0.0,0.0,174.0,0.0,0.0,0.0,0.0,0.0,0.0,701.0,0.0,0.0,0.0,135.0,336.0,0.0,0.0,177.0,0.0,0.0,0.0,0.0,0.0,0.0,0.0,0.0,0.0,0.0,0.0,0.0,0.0,0.0,0.0,0.0,0.0,0.0,0.0,0.0,0.0,0.0,0.0,0.0,0.0,0.0,1070.0,0.0,586.0,0.0,0.0,443.0,0.0,2623.0,0.0,235.0,273.0,0.0,1298.0,0.0,0.0,0.0,0.0,149.0,0.0,406.0,0.0,0.0,0.0,0.0,0.0,0.0,796.0,0.0,0.0,0.0,539.0,0.0,0.0,0.0,0.0,0.0,0.0,0.0,0.0,0.0,0.0,137.0,0.0,0.0,774.0,564.0,210.0,300.0,1683.0,1020.0,663.0,0.0,1142.0,988.0,0.0,0.0,0.0,454.0,0.0,274.0,0.0,0.0,0.0,0.0,0.0,0.0,87.0,790.0,754.0,36.0,203.0,0.0,0.0,0.0,0.0,424.0,0.0,0.0,0.0,0.0,0.0,0.0,0.0,0.0,0.0,163.0,4822.0,2035.0,2787.0,759.0,0.0,405.0,0.0,203.0,0.0,0.0,0.0,0.0,0.0,0.0,0.0,0.0,0.0,0.0,0.0,0.0,0.0,0.0,0.0,354.0,354.0,294.0,0.0,277.0,0.0,0.0,0.0,0.0,0.0,0.0,0.0,0.0,0.0,0.0,0.0,0.0,0.0,0.0,0.0,0.0,0.0,0.0,0.0,0.0,0.0,60.0,358.0,0.0,0.0,0.0,0.0,0.0,0.0,0.0,0.0,0.0,0.0,0.0,0.0,0.0,0.0,0.0,0.0,0.0,1284.0,2019.0,0.0,48.0
NOWOTOMYSKI,15556.0,10992.0,4564.0,416.0,364.0,52.0,0.0,0.0,212.0,204.0,7089.0,6107.0,982.0,1578.0,1430.0,148.0,500.0,458.0,42.0,1921.0,1668.0,253.0,3090.0,2551.0,539.0,0.0,0.0,0.0,0.0,0.0,0.0,0.0,739.0,0.0,0.0,0.0,0.0,0.0,0.0,0.0,0.0,0.0,0.0,0.0,299.0,211.0,0.0,0.0,0.0,0.0,0.0,0.0,0.0,0.0,0.0,0.0,0.0,0.0,0.0,0.0,0.0,0.0,0.0,0.0,0.0,0.0,0.0,0.0,0.0,0.0,0.0,0.0,0.0,0.0,0.0,0.0,0.0,0.0,0.0,0.0,922.0,0.0,0.0,0.0,183.0,390.0,0.0,0.0,0.0,0.0,0.0,0.0,0.0,0.0,0.0,0.0,0.0,0.0,0.0,0.0,0.0,0.0,0.0,0.0,0.0,0.0,0.0,0.0,0.0,0.0,0.0,0.0,0.0,0.0,0.0,1094.0,0.0,545.0,0.0,0.0,468.0,0.0,2293.0,0.0,160.0,363.0,0.0,987.0,0.0,0.0,0.0,0.0,0.0,0.0,540.0,0.0,0.0,0.0,0.0,0.0,0.0,754.0,0.0,0.0,0.0,554.0,0.0,0.0,0.0,0.0,0.0,0.0,0.0,0.0,0.0,0.0,0.0,0.0,0.0,705.0,499.0,206.0,582.0,1917.0,1138.0,779.0,0.0,1328.0,1127.0,0.0,0.0,0.0,485.0,0.0,242.0,0.0,0.0,0.0,0.0,0.0,0.0,104.0,1356.0,1303.0,53.0,192.0,0.0,0.0,0.0,0.0,1022.0,0.0,0.0,0.0,0.0,0.0,0.0,0.0,0.0,0.0,142.0,4778.0,2080.0,2698.0,749.0,0.0,425.0,155.0,233.0,0.0,0.0,0.0,0.0,0.0,133.0,0.0,0.0,0.0,0.0,0.0,0.0,0.0,0.0,0.0,191.0,324.0,281.0,0.0,270.0,0.0,0.0,0.0,0.0,0.0,0.0,0.0,0.0,0.0,0.0,0.0,0.0,0.0,0.0,0.0,0.0,0.0,0.0,0.0,0.0,0.0,43.0,386.0,0.0,0.0,0.0,0.0,0.0,0.0,0.0,0.0,229.0,0.0,0.0,0.0,0.0,0.0,0.0,0.0,157.0,1023.0,2209.0,0.0,87.0
OBORNICKI,8533.0,5935.0,2598.0,530.0,459.0,71.0,121.0,17.0,392.0,0.0,3647.0,3133.0,514.0,615.0,556.0,59.0,412.0,385.0,27.0,700.0,627.0,73.0,1920.0,1565.0,355.0,0.0,0.0,0.0,0.0,0.0,0.0,0.0,523.0,0.0,0.0,0.0,0.0,0.0,0.0,0.0,0.0,0.0,0.0,0.0,193.0,124.0,0.0,72.0,0.0,0.0,0.0,0.0,0.0,0.0,0.0,0.0,0.0,0.0,0.0,0.0,0.0,0.0,0.0,0.0,0.0,0.0,0.0,0.0,0.0,0.0,167.0,0.0,0.0,0.0,0.0,0.0,141.0,0.0,0.0,0.0,672.0,0.0,0.0,0.0,174.0,336.0,0.0,0.0,88.0,0.0,0.0,0.0,0.0,0.0,0.0,0.0,0.0,0.0,0.0,0.0,0.0,0.0,0.0,0.0,0.0,0.0,0.0,0.0,0.0,0.0,0.0,0.0,0.0,0.0,0.0,499.0,0.0,259.0,0.0,0.0,215.0,0.0,695.0,0.0,156.0,144.0,0.0,0.0,0.0,0.0,0.0,0.0,0.0,0.0,275.0,0.0,0.0,0.0,0.0,0.0,0.0,523.0,0.0,0.0,87.0,331.0,0.0,0.0,0.0,0.0,0.0,0.0,0.0,0.0,0.0,0.0,84.0,0.0,0.0,393.0,267.0,126.0,91.0,899.0,545.0,354.0,0.0,605.0,536.0,0.0,0.0,0.0,246.0,0.0,117.0,0.0,0.0,0.0,0.0,0.0,0.0,48.0,559.0,538.0,21.0,104.0,0.0,0.0,0.0,0.0,345.0,0.0,0.0,0.0,0.0,0.0,0.0,0.0,0.0,0.0,110.0,2898.0,1260.0,1638.0,369.0,0.0,209.0,0.0,129.0,0.0,0.0,0.0,0.0,0.0,0.0,0.0,0.0,0.0,0.0,0.0,0.0,0.0,0.0,0.0,160.0,282.0,233.0,0.0,166.0,0.0,0.0,0.0,0.0,0.0,0.0,0.0,0.0,0.0,0.0,0.0,0.0,0.0,0.0,0.0,0.0,0.0,0.0,0.0,0.0,0.0,49.0,309.0,181.0,0.0,119.0,0.0,0.0,0.0,0.0,0.0,0.0,0.0,0.0,0.0,0.0,0.0,0.0,0.0,128.0,730.0,1119.0,0.0,79.0
OSTROWSKI (OSTRÓW WIELKOPOLSKI),19008.0,14242.0,4766.0,517.0,483.0,34.0,0.0,0.0,330.0,187.0,7838.0,6953.0,885.0,2400.0,2263.0,137.0,485.0,448.0,37.0,1616.0,1458.0,158.0,3337.0,2784.0,553.0,0.0,0.0,0.0,0.0,0.0,0.0,0.0,2339.0,0.0,0.0,0.0,0.0,0.0,0.0,0.0,0.0,0.0,0.0,0.0,346.0,283.0,0.0,0.0,0.0,0.0,1321.0,0.0,0.0,0.0,0.0,0.0,0.0,0.0,0.0,0.0,0.0,0.0,0.0,0.0,0.0,0.0,0.0,0.0,0.0,0.0,293.0,0.0,0.0,0.0,0.0,0.0,197.0,0.0,0.0,0.0,1117.0,0.0,0.0,0.0,0.0,549.0,0.0,0.0,0.0,0.0,0.0,0.0,0.0,0.0,0.0,0.0,0.0,0.0,0.0,0.0,0.0,0.0,0.0,0.0,0.0,0.0,0.0,0.0,0.0,0.0,0.0,0.0,0.0,0.0,0.0,989.0,0.0,498.0,0.0,0.0,421.0,0.0,1146.0,0.0,171.0,311.0,0.0,0.0,0.0,0.0,0.0,0.0,0.0,0.0,463.0,0.0,0.0,0.0,0.0,0.0,0.0,968.0,0.0,0.0,0.0,635.0,0.0,0.0,0.0,0.0,0.0,0.0,0.0,0.0,0.0,0.0,0.0,0.0,0.0,598.0,421.0,177.0,388.0,2134.0,1296.0,838.0,0.0,1397.0,1208.0,0.0,0.0,0.0,566.0,0.0,199.0,0.0,0.0,245.0,0.0,0.0,0.0,171.0,2756.0,2683.0,73.0,202.0,0.0,0.0,0.0,0.0,2393.0,0.0,0.0,0.0,0.0,0.0,0.0,0.0,0.0,0.0,161.0,5763.0,2827.0,2936.0,1011.0,0.0,479.0,0.0,310.0,0.0,208.0,0.0,0.0,0.0,194.0,0.0,0.0,0.0,0.0,0.0,0.0,0.0,0.0,0.0,130.0,483.0,396.0,0.0,344.0,0.0,0.0,0.0,0.0,0.0,0.0,0.0,0.0,0.0,0.0,0.0,0.0,0.0,0.0,0.0,0.0,0.0,0.0,0.0,0.0,0.0,87.0,480.0,0.0,0.0,0.0,0.0,0.0,0.0,0.0,0.0,291.0,0.0,0.0,0.0,0.0,0.0,0.0,0.0,189.0,1219.0,2135.0,0.0,435.0
POZNAŃ (MIASTO),120660.0,73319.0,47341.0,589.0,468.0,121.0,450.0,52.0,87.0,0.0,44182.0,31825.0,12357.0,16534.0,11926.0,4608.0,3167.0,2310.0,857.0,7378.0,5462.0,1916.0,17103.0,12127.0,4976.0,38.0,0.0,0.0,0.0,0.0,0.0,0.0,8622.0,512.0,211.0,0.0,0.0,0.0,168.0,1419.0,244.0,211.0,139.0,0.0,263.0,1247.0,287.0,233.0,244.0,0.0,1525.0,508.0,713.0,189.0,0.0,325.0,184.0,1365.0,265.0,0.0,0.0,0.0,176.0,0.0,94.0,92.0,173.0,0.0,0.0,501.0,543.0,93.0,0.0,0.0,0.0,0.0,128.0,115.0,0.0,125.0,2513.0,310.0,0.0,0.0,0.0,1670.0,0.0,0.0,184.0,0.0,210.0,670.0,119.0,551.0,209.0,0.0,0.0,0.0,0.0,0.0,0.0,0.0,0.0,0.0,0.0,0.0,0.0,0.0,0.0,0.0,300.0,0.0,0.0,223.0,0.0,8983.0,575.0,5132.0,1133.0,103.0,1771.0,269.0,6693.0,244.0,213.0,1208.0,807.0,0.0,0.0,207.0,570.0,0.0,0.0,157.0,1885.0,1239.0,2262.0,52.0,1890.0,157.0,163.0,5655.0,0.0,890.0,132.0,2513.0,1006.0,113.0,765.0,0.0,0.0,968.0,4.0,422.0,411.0,131.0,464.0,464.0,0.0,4897.0,3380.0,1517.0,0.0,23451.0,13057.0,10394.0,299.0,12841.0,11026.0,1154.0,339.0,322.0,6272.0,11.0,1850.0,407.0,1185.0,2819.0,2233.0,638.0,1168.0,0.0,19680.0,9993.0,687.0,1698.0,64.0,0.0,0.0,0.0,6639.0,572.0,1669.0,380.0,373.0,120.0,579.0,182.0,35.0,38.0,0.0,41758.0,17976.0,23782.0,7711.0,33.0,4005.0,1615.0,1051.0,1339.0,1270.0,600.0,630.0,40.0,814.0,98.0,521.0,0.0,0.0,109.0,1079.0,876.0,203.0,510.0,0.0,4287.0,2272.0,226.0,734.0,385.0,511.0,0.0,416.0,553.0,303.0,186.0,0.0,0.0,288.0,190.0,98.0,354.0,164.0,174.0,16.0,820.0,0.0,557.0,175.0,0.0,0.0,4809.0,2365.0,0.0,1686.0,238.0,241.0,0.0,0.0,0.0,2215.0,0.0,0.0,1263.0,595.0,262.0,0.0,229.0,0.0,10635.0,9273.0,0.0,5043.0
RAWICKI,10348.0,7092.0,3256.0,226.0,198.0,28.0,127.0,3.0,96.0,0.0,4407.0,3618.0,789.0,985.0,823.0,162.0,150.0,144.0,6.0,911.0,784.0,127.0,2361.0,1867.0,494.0,0.0,0.0,0.0,0.0,0.0,0.0,0.0,564.0,0.0,0.0,0.0,0.0,0.0,0.0,0.0,0.0,0.0,0.0,0.0,216.0,157.0,0.0,0.0,0.0,0.0,0.0,0.0,0.0,0.0,0.0,0.0,0.0,0.0,0.0,0.0,0.0,0.0,0.0,0.0,0.0,0.0,0.0,0.0,0.0,0.0,0.0,0.0,0.0,0.0,0.0,0.0,0.0,0.0,0.0,0.0,459.0,0.0,0.0,0.0,0.0,270.0,0.0,0.0,0.0,0.0,0.0,0.0,0.0,0.0,0.0,0.0,0.0,0.0,0.0,0.0,0.0,0.0,0.0,0.0,0.0,0.0,0.0,0.0,0.0,0.0,0.0,0.0,0.0,0.0,0.0,654.0,0.0,315.0,0.0,0.0,289.0,0.0,1157.0,0.0,89.0,253.0,0.0,444.0,0.0,0.0,0.0,0.0,0.0,0.0,254.0,0.0,0.0,0.0,0.0,0.0,0.0,350.0,0.0,0.0,0.0,222.0,0.0,0.0,0.0,0.0,0.0,0.0,0.0,0.0,0.0,0.0,90.0,0.0,0.0,704.0,465.0,239.0,429.0,1171.0,650.0,521.0,0.0,727.0,619.0,0.0,0.0,0.0,378.0,0.0,213.0,0.0,0.0,118.0,0.0,0.0,0.0,66.0,424.0,404.0,20.0,103.0,0.0,0.0,0.0,0.0,245.0,0.0,0.0,0.0,0.0,0.0,0.0,0.0,0.0,0.0,76.0,4120.0,2222.0,1898.0,612.0,0.0,234.0,74.0,142.0,0.0,0.0,0.0,0.0,0.0,230.0,0.0,0.0,115.0,72.0,0.0,0.0,0.0,0.0,0.0,148.0,350.0,308.0,0.0,178.0,0.0,0.0,0.0,0.0,0.0,0.0,0.0,0.0,0.0,0.0,0.0,0.0,0.0,0.0,0.0,0.0,0.0,0.0,0.0,0.0,0.0,42.0,259.0,0.0,0.0,0.0,0.0,0.0,0.0,0.0,0.0,144.0,0.0,0.0,0.0,0.0,0.0,0.0,0.0,115.0,741.0,1963.0,0.0,195.0
SZAMOTULSKI,12829.0,8824.0,4005.0,580.0,502.0,78.0,163.0,22.0,395.0,0.0,5361.0,4605.0,756.0,1242.0,1151.0,91.0,325.0,296.0,29.0,900.0,783.0,117.0,2894.0,2375.0,519.0,0.0,0.0,0.0,0.0,0.0,0.0,0.0,515.0,0.0,0.0,0.0,0.0,0.0,0.0,0.0,0.0,0.0,0.0,0.0,237.0,0.0,0.0,0.0,0.0,0.0,0.0,0.0,0.0,0.0,0.0,0.0,0.0,0.0,0.0,0.0,0.0,0.0,0.0,0.0,0.0,0.0,0.0,0.0,0.0,0.0,0.0,0.0,0.0,0.0,0.0,0.0,0.0,0.0,0.0,0.0,664.0,0.0,0.0,0.0,0.0,333.0,0.0,0.0,722.0,0.0,0.0,0.0,0.0,0.0,0.0,0.0,0.0,0.0,0.0,0.0,0.0,0.0,0.0,0.0,0.0,0.0,0.0,0.0,0.0,0.0,0.0,0.0,0.0,0.0,0.0,722.0,0.0,378.0,0.0,0.0,309.0,0.0,1578.0,0.0,169.0,286.0,0.0,469.0,0.0,0.0,0.0,0.0,221.0,0.0,318.0,0.0,0.0,0.0,0.0,0.0,0.0,709.0,0.0,0.0,0.0,485.0,0.0,0.0,0.0,0.0,0.0,0.0,0.0,0.0,0.0,0.0,0.0,0.0,0.0,726.0,501.0,225.0,447.0,1270.0,756.0,514.0,0.0,847.0,737.0,0.0,0.0,0.0,352.0,0.0,201.0,0.0,0.0,0.0,0.0,0.0,0.0,71.0,608.0,576.0,32.0,129.0,0.0,0.0,0.0,0.0,319.0,0.0,0.0,0.0,0.0,0.0,0.0,0.0,0.0,0.0,160.0,5010.0,2385.0,2625.0,778.0,0.0,269.0,0.0,162.0,0.0,0.0,0.0,0.0,0.0,129.0,0.0,0.0,0.0,75.0,0.0,301.0,0.0,0.0,0.0,79.0,276.0,225.0,0.0,194.0,0.0,0.0,0.0,0.0,0.0,0.0,0.0,0.0,0.0,0.0,0.0,0.0,0.0,0.0,0.0,0.0,0.0,0.0,0.0,0.0,0.0,51.0,302.0,0.0,0.0,0.0,0.0,0.0,0.0,0.0,0.0,170.0,0.0,0.0,0.0,0.0,0.0,0.0,0.0,132.0,896.0,2656.0,22.0,102.0
SZUBIŃSKI,6982.0,5025.0,1957.0,265.0,241.0,24.0,0.0,0.0,171.0,94.0,3335.0,2975.0,360.0,1097.0,1048.0,49.0,205.0,200.0,5.0,572.0,522.0,50.0,1461.0,1205.0,256.0,54.0,0.0,0.0,0.0,0.0,49.0,0.0,333.0,0.0,0.0,0.0,0.0,0.0,0.0,0.0,0.0,0.0,0.0,0.0,180.0,0.0,0.0,0.0,0.0,0.0,0.0,0.0,0.0,0.0,0.0,0.0,0.0,0.0,0.0,0.0,0.0,0.0,0.0,0.0,0.0,0.0,0.0,0.0,0.0,0.0,868.0,0.0,0.0,625.0,0.0,0.0,166.0,0.0,0.0,0.0,301.0,0.0,0.0,0.0,0.0,130.0,0.0,0.0,0.0,0.0,0.0,0.0,0.0,0.0,0.0,0.0,0.0,0.0,0.0,0.0,0.0,0.0,0.0,0.0,0.0,0.0,0.0,0.0,0.0,0.0,0.0,0.0,0.0,0.0,0.0,420.0,0.0,210.0,0.0,0.0,190.0,0.0,563.0,0.0,140.0,0.0,0.0,0.0,0.0,0.0,0.0,0.0,0.0,0.0,179.0,0.0,0.0,0.0,0.0,0.0,0.0,365.0,0.0,0.0,0.0,256.0,0.0,0.0,0.0,0.0,0.0,0.0,0.0,0.0,0.0,0.0,0.0,0.0,0.0,318.0,240.0,78.0,113.0,768.0,455.0,313.0,0.0,532.0,481.0,0.0,0.0,0.0,187.0,0.0,93.0,0.0,0.0,0.0,0.0,0.0,0.0,49.0,355.0,337.0,18.0,93.0,0.0,0.0,0.0,0.0,154.0,0.0,0.0,0.0,0.0,0.0,0.0,0.0,0.0,0.0,108.0,2259.0,1017.0,1242.0,294.0,0.0,150.0,0.0,91.0,0.0,0.0,0.0,0.0,0.0,0.0,0.0,0.0,0.0,0.0,0.0,0.0,0.0,0.0,0.0,144.0,197.0,171.0,0.0,147.0,0.0,0.0,0.0,0.0,0.0,0.0,0.0,0.0,0.0,0.0,0.0,0.0,0.0,0.0,0.0,0.0,0.0,0.0,0.0,0.0,0.0,26.0,178.0,0.0,0.0,0.0,0.0,0.0,0.0,0.0,0.0,0.0,0.0,0.0,0.0,0.0,0.0,0.0,0.0,0.0,557.0,989.0,0.0,44.0
ŚREDZKI,7808.0,5222.0,2586.0,296.0,260.0,36.0,114.0,5.0,177.0,0.0,3493.0,2997.0,496.0,1037.0,902.0,135.0,292.0,270.0,22.0,932.0,836.0,96.0,1232.0,989.0,243.0,0.0,0.0,0.0,0.0,0.0,0.0,0.0,489.0,0.0,0.0,0.0,0.0,0.0,0.0,0.0,0.0,0.0,0.0,0.0,201.0,0.0,0.0,0.0,0.0,0.0,0.0,0.0,0.0,0.0,0.0,0.0,0.0,0.0,0.0,0.0,0.0,0.0,0.0,0.0,0.0,0.0,0.0,0.0,0.0,0.0,0.0,0.0,0.0,0.0,0.0,0.0,0.0,0.0,0.0,0.0,447.0,0.0,0.0,0.0,0.0,181.0,0.0,0.0,91.0,0.0,0.0,0.0,0.0,0.0,0.0,0.0,0.0,0.0,0.0,0.0,0.0,0.0,0.0,0.0,0.0,0.0,0.0,0.0,0.0,0.0,0.0,0.0,0.0,0.0,0.0,474.0,0.0,244.0,0.0,0.0,210.0,0.0,1168.0,0.0,98.0,138.0,0.0,581.0,0.0,0.0,0.0,0.0,0.0,0.0,251.0,0.0,0.0,0.0,0.0,0.0,0.0,358.0,0.0,0.0,0.0,213.0,0.0,0.0,0.0,0.0,0.0,0.0,0.0,0.0,0.0,0.0,0.0,0.0,0.0,295.0,190.0,105.0,262.0,896.0,555.0,341.0,0.0,608.0,514.0,0.0,0.0,0.0,243.0,0.0,145.0,0.0,0.0,0.0,0.0,0.0,0.0,45.0,502.0,473.0,29.0,93.0,0.0,0.0,0.0,0.0,320.0,0.0,0.0,0.0,0.0,0.0,0.0,0.0,0.0,0.0,89.0,2621.0,937.0,1684.0,318.0,0.0,172.0,0.0,101.0,0.0,0.0,0.0,0.0,0.0,0.0,0.0,0.0,0.0,0.0,0.0,0.0,0.0,0.0,0.0,146.0,197.0,158.0,0.0,135.0,0.0,0.0,0.0,0.0,0.0,0.0,0.0,0.0,0.0,0.0,0.0,0.0,0.0,0.0,0.0,0.0,0.0,0.0,0.0,0.0,0.0,39.0,215.0,0.0,0.0,0.0,0.0,0.0,0.0,0.0,0.0,98.0,0.0,0.0,0.0,0.0,0.0,0.0,0.0,117.0,745.0,1114.0,0.0,32.0
ŚREMSKI,10515.0,7084.0,3431.0,523.0,456.0,67.0,163.0,58.0,302.0,0.0,4423.0,3717.0,706.0,921.0,837.0,84.0,236.0,213.0,23.0,1082.0,972.0,110.0,2184.0,1695.0,489.0,0.0,0.0,0.0,0.0,0.0,0.0,0.0,581.0,0.0,0.0,0.0,0.0,0.0,0.0,0.0,0.0,0.0,0.0,0.0,196.0,0.0,0.0,0.0,154.0,0.0,0.0,0.0,0.0,0.0,0.0,0.0,0.0,0.0,0.0,0.0,0.0,0.0,0.0,0.0,0.0,0.0,0.0,0.0,0.0,0.0,417.0,0.0,0.0,0.0,0.0,0.0,364.0,0.0,0.0,0.0,684.0,0.0,0.0,0.0,199.0,220.0,0.0,0.0,111.0,0.0,0.0,0.0,0.0,0.0,0.0,0.0,0.0,0.0,0.0,0.0,0.0,0.0,0.0,0.0,0.0,0.0,0.0,0.0,0.0,0.0,0.0,0.0,0.0,0.0,0.0,644.0,0.0,362.0,0.0,0.0,248.0,0.0,748.0,0.0,119.0,212.0,0.0,0.0,0.0,0.0,0.0,0.0,0.0,0.0,309.0,0.0,0.0,0.0,0.0,0.0,0.0,538.0,0.0,0.0,0.0,373.0,0.0,0.0,0.0,0.0,0.0,0.0,0.0,0.0,0.0,0.0,0.0,0.0,0.0,542.0,347.0,195.0,269.0,1166.0,688.0,478.0,0.0,826.0,740.0,0.0,0.0,0.0,287.0,0.0,151.0,0.0,0.0,0.0,0.0,0.0,0.0,53.0,699.0,670.0,29.0,139.0,0.0,0.0,0.0,0.0,401.0,0.0,0.0,0.0,0.0,0.0,0.0,0.0,0.0,75.0,84.0,3704.0,1553.0,2151.0,407.0,0.0,235.0,0.0,150.0,0.0,0.0,0.0,0.0,0.0,0.0,0.0,0.0,0.0,0.0,0.0,0.0,0.0,0.0,0.0,172.0,245.0,198.0,0.0,175.0,0.0,0.0,0.0,0.0,0.0,0.0,0.0,0.0,0.0,0.0,0.0,0.0,0.0,0.0,0.0,0.0,0.0,0.0,0.0,0.0,0.0,47.0,449.0,183.0,0.0,0.0,0.0,0.0,0.0,0.0,0.0,225.0,0.0,0.0,0.0,135.0,0.0,0.0,41.0,0.0,812.0,1651.0,22.0,140.0
WĄGROWIECKI,7999.0,5477.0,2522.0,303.0,256.0,47.0,131.0,39.0,133.0,0.0,3208.0,2822.0,386.0,598.0,573.0,25.0,138.0,129.0,9.0,933.0,819.0,114.0,1539.0,1301.0,238.0,275.0,0.0,0.0,0.0,0.0,266.0,0.0,422.0,0.0,0.0,0.0,0.0,0.0,0.0,0.0,0.0,0.0,0.0,0.0,238.0,0.0,0.0,0.0,0.0,0.0,0.0,0.0,0.0,0.0,0.0,0.0,0.0,0.0,0.0,0.0,0.0,0.0,0.0,0.0,0.0,0.0,0.0,0.0,0.0,0.0,0.0,0.0,0.0,0.0,0.0,0.0,0.0,0.0,0.0,0.0,350.0,0.0,0.0,0.0,0.0,137.0,0.0,0.0,116.0,0.0,0.0,0.0,0.0,0.0,0.0,0.0,0.0,0.0,0.0,0.0,0.0,0.0,0.0,0.0,0.0,0.0,0.0,0.0,0.0,0.0,0.0,0.0,0.0,0.0,0.0,480.0,0.0,257.0,0.0,0.0,192.0,0.0,750.0,0.0,197.0,168.0,0.0,0.0,0.0,0.0,0.0,0.0,77.0,0.0,215.0,0.0,0.0,0.0,0.0,0.0,0.0,451.0,0.0,0.0,0.0,280.0,0.0,0.0,0.0,0.0,0.0,0.0,0.0,0.0,0.0,0.0,0.0,0.0,0.0,282.0,235.0,47.0,198.0,1010.0,608.0,402.0,0.0,668.0,576.0,0.0,0.0,0.0,294.0,0.0,150.0,0.0,0.0,0.0,0.0,0.0,0.0,48.0,620.0,594.0,26.0,141.0,0.0,0.0,0.0,0.0,376.0,0.0,0.0,0.0,0.0,0.0,0.0,0.0,0.0,0.0,103.0,2858.0,1197.0,1661.0,347.0,0.0,170.0,0.0,93.0,0.0,0.0,0.0,0.0,0.0,0.0,0.0,0.0,0.0,0.0,0.0,0.0,0.0,0.0,0.0,177.0,252.0,214.0,0.0,161.0,0.0,0.0,0.0,0.0,0.0,0.0,0.0,0.0,0.0,0.0,0.0,0.0,0.0,0.0,0.0,0.0,0.0,0.0,0.0,0.0,0.0,38.0,235.0,0.0,0.0,0.0,0.0,0.0,0.0,0.0,0.0,0.0,0.0,0.0,0.0,0.0,0.0,0.0,0.0,0.0,730.0,1255.0,0.0,39.0
WOLSZTYŃSKI,7330.0,5009.0,2321.0,375.0,338.0,37.0,0.0,0.0,269.0,106.0,2935.0,2500.0,435.0,382.0,336.0,46.0,248.0,225.0,23.0,1328.0,1152.0,176.0,977.0,787.0,190.0,0.0,0.0,0.0,0.0,0.0,0.0,0.0,339.0,0.0,0.0,0.0,0.0,0.0,0.0,0.0,0.0,0.0,0.0,0.0,167.0,0.0,0.0,0.0,0.0,0.0,0.0,0.0,0.0,0.0,0.0,0.0,0.0,0.0,0.0,0.0,0.0,0.0,0.0,0.0,0.0,0.0,0.0,0.0,0.0,0.0,202.0,0.0,0.0,0.0,0.0,0.0,169.0,0.0,0.0,0.0,479.0,0.0,98.0,0.0,68.0,168.0,0.0,0.0,0.0,0.0,0.0,0.0,0.0,0.0,0.0,0.0,0.0,0.0,0.0,0.0,0.0,0.0,0.0,0.0,0.0,0.0,0.0,0.0,0.0,0.0,0.0,0.0,0.0,0.0,0.0,527.0,0.0,272.0,0.0,0.0,239.0,0.0,691.0,0.0,115.0,233.0,0.0,0.0,0.0,0.0,0.0,0.0,0.0,0.0,230.0,0.0,0.0,0.0,0.0,0.0,0.0,450.0,0.0,0.0,108.0,247.0,0.0,0.0,0.0,0.0,0.0,0.0,0.0,0.0,0.0,0.0,0.0,0.0,0.0,92.0,48.0,44.0,155.0,993.0,608.0,385.0,0.0,679.0,529.0,0.0,86.0,0.0,247.0,0.0,0.0,0.0,0.0,108.0,0.0,0.0,0.0,67.0,417.0,400.0,17.0,82.0,0.0,0.0,0.0,0.0,255.0,0.0,0.0,0.0,0.0,0.0,0.0,0.0,0.0,0.0,80.0,2610.0,1163.0,1447.0,461.0,0.0,167.0,0.0,108.0,0.0,0.0,0.0,0.0,0.0,127.0,0.0,0.0,91.0,0.0,0.0,0.0,0.0,0.0,0.0,167.0,218.0,197.0,0.0,149.0,0.0,0.0,0.0,0.0,0.0,0.0,0.0,0.0,0.0,0.0,0.0,0.0,0.0,0.0,0.0,0.0,0.0,0.0,0.0,0.0,0.0,21.0,189.0,0.0,0.0,0.0,0.0,0.0,0.0,0.0,0.0,0.0,0.0,0.0,0.0,0.0,0.0,0.0,0.0,0.0,503.0,1223.0,0.0,16.0
WRZESIŃSKI,7720.0,5307.0,2413.0,236.0,202.0,34.0,0.0,0.0,136.0,100.0,3284.0,2840.0,444.0,750.0,662.0,88.0,175.0,159.0,16.0,485.0,447.0,38.0,1874.0,1572.0,302.0,0.0,0.0,0.0,0.0,0.0,0.0,0.0,402.0,0.0,0.0,0.0,0.0,0.0,0.0,0.0,0.0,0.0,0.0,0.0,189.0,0.0,0.0,0.0,0.0,0.0,0.0,0.0,0.0,0.0,0.0,0.0,0.0,0.0,0.0,0.0,0.0,0.0,0.0,0.0,0.0,0.0,0.0,0.0,0.0,0.0,63.0,0.0,0.0,0.0,0.0,0.0,0.0,0.0,0.0,0.0,505.0,163.0,0.0,0.0,0.0,148.0,0.0,0.0,90.0,0.0,0.0,0.0,0.0,0.0,0.0,0.0,0.0,0.0,0.0,0.0,0.0,0.0,0.0,0.0,0.0,0.0,0.0,0.0,0.0,0.0,0.0,0.0,0.0,0.0,0.0,503.0,0.0,268.0,0.0,0.0,206.0,0.0,950.0,0.0,100.0,128.0,0.0,393.0,0.0,0.0,0.0,0.0,0.0,0.0,205.0,0.0,0.0,0.0,0.0,0.0,0.0,427.0,0.0,0.0,0.0,277.0,0.0,0.0,0.0,0.0,0.0,0.0,0.0,0.0,0.0,0.0,0.0,0.0,0.0,277.0,215.0,62.0,157.0,834.0,520.0,314.0,0.0,577.0,496.0,0.0,0.0,0.0,207.0,0.0,95.0,0.0,0.0,81.0,0.0,0.0,0.0,50.0,580.0,553.0,27.0,99.0,0.0,0.0,0.0,0.0,384.0,0.0,0.0,0.0,0.0,0.0,0.0,0.0,0.0,0.0,97.0,2786.0,1192.0,1594.0,336.0,0.0,211.0,0.0,147.0,0.0,0.0,0.0,0.0,0.0,0.0,0.0,0.0,0.0,0.0,0.0,0.0,0.0,0.0,0.0,125.0,216.0,179.0,0.0,137.0,0.0,0.0,0.0,0.0,0.0,0.0,0.0,0.0,0.0,0.0,0.0,0.0,0.0,0.0,0.0,0.0,0.0,0.0,0.0,0.0,0.0,37.0,201.0,0.0,0.0,0.0,0.0,0.0,0.0,0.0,0.0,0.0,0.0,0.0,0.0,0.0,0.0,0.0,0.0,0.0,694.0,1083.0,0.0,256.0
WYRZYSKI,11056.0,7826.0,3230.0,332.0,301.0,31.0,0.0,0.0,184.0,148.0,4867.0,4210.0,657.0,1163.0,1086.0,77.0,480.0,454.0,26.0,1403.0,1214.0,189.0,1821.0,1456.0,365.0,0.0,0.0,0.0,0.0,0.0,0.0,0.0,549.0,0.0,0.0,0.0,0.0,0.0,0.0,0.0,0.0,0.0,0.0,0.0,235.0,0.0,0.0,0.0,0.0,0.0,0.0,0.0,0.0,0.0,0.0,0.0,0.0,0.0,0.0,0.0,0.0,0.0,0.0,0.0,0.0,0.0,0.0,0.0,0.0,0.0,110.0,0.0,0.0,0.0,0.0,0.0,0.0,0.0,0.0,0.0,633.0,0.0,0.0,0.0,108.0,331.0,0.0,0.0,135.0,0.0,0.0,0.0,0.0,0.0,0.0,0.0,0.0,0.0,0.0,0.0,0.0,0.0,0.0,0.0,0.0,0.0,0.0,0.0,0.0,0.0,0.0,0.0,0.0,0.0,0.0,891.0,0.0,487.0,0.0,0.0,373.0,0.0,1622.0,0.0,187.0,207.0,0.0,686.0,0.0,0.0,0.0,0.0,0.0,0.0,367.0,0.0,0.0,0.0,0.0,0.0,0.0,517.0,0.0,0.0,0.0,340.0,0.0,0.0,0.0,0.0,0.0,0.0,0.0,0.0,0.0,0.0,0.0,0.0,0.0,258.0,181.0,77.0,287.0,1329.0,850.0,479.0,0.0,899.0,735.0,0.0,0.0,0.0,341.0,0.0,157.0,0.0,0.0,0.0,0.0,0.0,0.0,89.0,875.0,840.0,35.0,184.0,0.0,0.0,0.0,0.0,556.0,0.0,0.0,0.0,0.0,0.0,0.0,0.0,0.0,0.0,135.0,3653.0,1625.0,2028.0,685.0,0.0,304.0,92.0,184.0,0.0,0.0,0.0,0.0,0.0,118.0,0.0,0.0,0.0,0.0,0.0,175.0,0.0,0.0,0.0,88.0,308.0,228.0,0.0,209.0,0.0,0.0,0.0,0.0,0.0,0.0,0.0,0.0,0.0,0.0,0.0,0.0,0.0,0.0,0.0,0.0,0.0,0.0,0.0,0.0,0.0,80.0,327.0,169.0,0.0,0.0,0.0,0.0,0.0,0.0,0.0,142.0,0.0,0.0,0.0,0.0,0.0,0.0,16.0,0.0,908.0,1362.0,0.0,63.0
ŻNIŃSKI,6579.0,4581.0,1998.0,280.0,258.0,22.0,0.0,0.0,141.0,139.0,3043.0,2610.0,433.0,823.0,777.0,46.0,167.0,160.0,7.0,718.0,642.0,76.0,1335.0,1031.0,304.0,52.0,0.0,0.0,0.0,0.0,51.0,0.0,381.0,0.0,0.0,0.0,0.0,0.0,0.0,0.0,0.0,0.0,0.0,0.0,200.0,0.0,0.0,0.0,0.0,0.0,0.0,0.0,0.0,0.0,0.0,0.0,0.0,0.0,0.0,0.0,0.0,0.0,0.0,0.0,0.0,0.0,0.0,0.0,0.0,0.0,66.0,0.0,0.0,0.0,0.0,0.0,0.0,0.0,0.0,0.0,271.0,0.0,0.0,0.0,0.0,116.0,0.0,0.0,0.0,0.0,0.0,0.0,0.0,0.0,0.0,0.0,0.0,0.0,0.0,0.0,0.0,0.0,0.0,0.0,0.0,0.0,0.0,0.0,0.0,0.0,0.0,0.0,0.0,0.0,0.0,494.0,0.0,301.0,0.0,0.0,177.0,0.0,1125.0,0.0,136.0,0.0,0.0,605.0,0.0,0.0,0.0,0.0,0.0,0.0,176.0,0.0,0.0,0.0,0.0,0.0,0.0,314.0,0.0,0.0,0.0,208.0,0.0,0.0,0.0,0.0,0.0,0.0,0.0,0.0,0.0,0.0,0.0,0.0,0.0,243.0,178.0,65.0,97.0,755.0,505.0,250.0,0.0,550.0,458.0,0.0,0.0,0.0,148.0,0.0,0.0,0.0,0.0,0.0,0.0,0.0,0.0,57.0,320.0,304.0,16.0,81.0,0.0,0.0,0.0,0.0,192.0,0.0,0.0,0.0,0.0,0.0,0.0,0.0,0.0,0.0,47.0,2181.0,904.0,1277.0,325.0,0.0,187.0,0.0,124.0,0.0,0.0,0.0,0.0,0.0,0.0,0.0,0.0,0.0,0.0,0.0,0.0,0.0,0.0,0.0,138.0,184.0,158.0,0.0,129.0,0.0,0.0,0.0,0.0,0.0,0.0,0.0,0.0,0.0,0.0,0.0,0.0,0.0,0.0,0.0,0.0,0.0,0.0,0.0,0.0,0.0,26.0,187.0,0.0,0.0,0.0,0.0,0.0,0.0,0.0,0.0,0.0,0.0,0.0,0.0,0.0,0.0,0.0,0.0,0.0,601.0,841.0,0.0,43.0
POZNAŃSKI,19739.0,14047.0,5692.0,808.0,665.0,143.0,464.0,31.0,313.0,0.0,9879.0,8210.0,1669.0,3104.0,2494.0,610.0,556.0,499.0,57.0,1265.0,1106.0,159.0,4954.0,4111.0,843.0,0.0,0.0,0.0,0.0,0.0,0.0,0.0,1417.0,0.0,0.0,0.0,0.0,0.0,0.0,0.0,0.0,0.0,0.0,0.0,306.0,337.0,0.0,0.0,0.0,0.0,188.0,0.0,0.0,0.0,0.0,0.0,0.0,411.0,0.0,0.0,0.0,0.0,0.0,0.0,0.0,166.0,0.0,0.0,0.0,0.0,483.0,0.0,0.0,0.0,0.0,0.0,400.0,0.0,0.0,0.0,1405.0,0.0,0.0,0.0,0.0,1013.0,0.0,0.0,0.0,0.0,0.0,0.0,0.0,0.0,290.0,0.0,0.0,0.0,0.0,0.0,0.0,0.0,0.0,248.0,0.0,0.0,0.0,0.0,0.0,0.0,0.0,0.0,0.0,0.0,0.0,907.0,0.0,458.0,0.0,0.0,346.0,0.0,1954.0,211.0,225.0,300.0,0.0,0.0,0.0,0.0,0.0,0.0,408.0,0.0,483.0,0.0,0.0,0.0,0.0,0.0,0.0,1198.0,0.0,0.0,125.0,796.0,0.0,0.0,0.0,0.0,0.0,0.0,0.0,0.0,0.0,0.0,173.0,0.0,0.0,1275.0,936.0,339.0,366.0,1612.0,1045.0,567.0,0.0,1064.0,916.0,0.0,0.0,0.0,429.0,0.0,241.0,0.0,0.0,0.0,0.0,0.0,0.0,119.0,1596.0,1557.0,39.0,193.0,0.0,0.0,0.0,0.0,1132.0,0.0,197.0,0.0,0.0,0.0,0.0,0.0,0.0,0.0,74.0,5844.0,2570.0,3274.0,683.0,0.0,259.0,0.0,153.0,0.0,0.0,0.0,0.0,0.0,0.0,0.0,0.0,0.0,0.0,0.0,0.0,0.0,0.0,0.0,424.0,382.0,304.0,0.0,250.0,0.0,0.0,0.0,0.0,0.0,0.0,0.0,0.0,0.0,0.0,0.0,0.0,0.0,0.0,0.0,0.0,0.0,0.0,0.0,0.0,0.0,78.0,497.0,301.0,0.0,0.0,0.0,0.0,0.0,0.0,0.0,0.0,0.0,0.0,0.0,0.0,0.0,0.0,0.0,196.0,1118.0,2712.0,0.0,452.0
GNIEZNO (MIASTO),12799.0,8695.0,4104.0,131.0,114.0,17.0,119.0,0.0,0.0,12.0,4880.0,3920.0,960.0,1147.0,976.0,171.0,398.0,337.0,61.0,850.0,682.0,168.0,2485.0,1925.0,560.0,0.0,0.0,0.0,0.0,0.0,0.0,0.0,462.0,0.0,0.0,0.0,0.0,0.0,0.0,0.0,0.0,0.0,0.0,0.0,0.0,164.0,0.0,0.0,0.0,0.0,0.0,0.0,0.0,0.0,0.0,0.0,0.0,0.0,0.0,0.0,0.0,0.0,0.0,0.0,0.0,0.0,0.0,0.0,0.0,0.0,74.0,0.0,0.0,0.0,0.0,0.0,0.0,0.0,0.0,0.0,403.0,0.0,0.0,0.0,0.0,278.0,0.0,0.0,0.0,0.0,0.0,0.0,0.0,0.0,0.0,0.0,0.0,0.0,0.0,0.0,0.0,0.0,0.0,0.0,0.0,0.0,0.0,0.0,0.0,0.0,198.0,0.0,168.0,0.0,0.0,791.0,0.0,446.0,0.0,0.0,289.0,0.0,1068.0,0.0,0.0,199.0,0.0,379.0,0.0,57.0,0.0,0.0,0.0,0.0,289.0,0.0,124.0,0.0,0.0,0.0,0.0,371.0,0.0,0.0,0.0,185.0,0.0,0.0,104.0,0.0,0.0,129.0,0.0,0.0,86.0,0.0,78.0,0.0,0.0,1109.0,870.0,239.0,73.0,1917.0,1052.0,865.0,0.0,1231.0,1113.0,0.0,0.0,0.0,542.0,0.0,232.0,0.0,0.0,171.0,76.0,0.0,59.0,9.0,1398.0,1366.0,32.0,103.0,0.0,0.0,0.0,0.0,1143.0,0.0,143.0,0.0,0.0,0.0,75.0,0.0,0.0,0.0,9.0,4473.0,2243.0,2230.0,785.0,0.0,305.0,87.0,182.0,0.0,169.0,70.0,0.0,0.0,54.0,0.0,0.0,0.0,0.0,0.0,250.0,199.0,0.0,0.0,7.0,284.0,193.0,0.0,122.0,0.0,0.0,0.0,0.0,0.0,0.0,0.0,0.0,0.0,0.0,0.0,0.0,0.0,0.0,0.0,0.0,0.0,0.0,0.0,0.0,0.0,91.0,512.0,213.0,0.0,119.0,0.0,0.0,0.0,0.0,0.0,286.0,0.0,0.0,201.0,0.0,0.0,0.0,13.0,0.0,808.0,1524.0,32.0,560.0
INOWROCŁAW (MIASTO),13432.0,9201.0,4231.0,122.0,86.0,36.0,117.0,0.0,0.0,5.0,5873.0,4993.0,880.0,2645.0,2462.0,183.0,357.0,315.0,42.0,1111.0,916.0,195.0,1760.0,1300.0,460.0,450.0,0.0,0.0,0.0,0.0,443.0,0.0,476.0,0.0,0.0,0.0,0.0,0.0,0.0,0.0,0.0,0.0,0.0,0.0,0.0,0.0,0.0,0.0,112.0,0.0,0.0,0.0,0.0,0.0,0.0,0.0,0.0,535.0,0.0,0.0,0.0,0.0,0.0,0.0,0.0,512.0,0.0,0.0,0.0,0.0,285.0,0.0,0.0,0.0,0.0,0.0,0.0,0.0,204.0,0.0,255.0,0.0,0.0,0.0,0.0,167.0,0.0,0.0,0.0,0.0,0.0,0.0,0.0,0.0,0.0,0.0,0.0,0.0,0.0,0.0,0.0,0.0,0.0,0.0,0.0,0.0,0.0,0.0,0.0,0.0,0.0,0.0,0.0,0.0,0.0,799.0,0.0,467.0,0.0,0.0,278.0,0.0,1385.0,153.0,0.0,0.0,0.0,641.0,0.0,0.0,0.0,0.0,0.0,0.0,271.0,0.0,114.0,0.0,0.0,0.0,0.0,728.0,0.0,0.0,323.0,237.0,0.0,0.0,90.0,0.0,0.0,112.0,0.0,60.0,0.0,0.0,0.0,0.0,0.0,644.0,478.0,166.0,90.0,2148.0,1131.0,1017.0,0.0,1354.0,1223.0,0.0,0.0,0.0,631.0,0.0,266.0,0.0,0.0,188.0,110.0,0.0,0.0,53.0,1146.0,1107.0,39.0,135.0,0.0,0.0,0.0,0.0,843.0,0.0,150.0,0.0,0.0,0.0,0.0,0.0,0.0,0.0,18.0,4143.0,1884.0,2259.0,626.0,0.0,359.0,77.0,224.0,0.0,142.0,0.0,0.0,0.0,68.0,0.0,44.0,0.0,0.0,0.0,0.0,0.0,0.0,0.0,57.0,343.0,238.0,0.0,138.0,0.0,0.0,0.0,0.0,0.0,0.0,0.0,0.0,0.0,0.0,0.0,0.0,0.0,0.0,0.0,0.0,0.0,0.0,0.0,0.0,0.0,105.0,560.0,257.0,0.0,0.0,0.0,0.0,0.0,0.0,0.0,289.0,0.0,0.0,131.0,0.0,65.0,0.0,14.0,0.0,902.0,1241.0,0.0,471.0
DOLIŃSKI,15267.0,12157.0,3110.0,541.0,484.0,57.0,0.0,0.0,519.0,22.0,9075.0,8401.0,674.0,3521.0,3413.0,108.0,887.0,863.0,24.0,837.0,762.0,75.0,3830.0,3363.0,467.0,588.0,0.0,0.0,0.0,0.0,162.0,415.0,431.0,0.0,0.0,0.0,0.0,0.0,0.0,0.0,0.0,0.0,0.0,0.0,229.0,0.0,0.0,0.0,0.0,0.0,0.0,0.0,0.0,0.0,0.0,0.0,0.0,0.0,0.0,0.0,0.0,0.0,0.0,0.0,0.0,0.0,0.0,0.0,0.0,0.0,0.0,0.0,0.0,0.0,0.0,0.0,0.0,0.0,0.0,0.0,5340.0,0.0,1164.0,0.0,3521.0,338.0,0.0,0.0,0.0,0.0,0.0,0.0,0.0,0.0,0.0,0.0,0.0,0.0,0.0,0.0,0.0,0.0,0.0,0.0,0.0,0.0,0.0,0.0,0.0,0.0,276.0,0.0,261.0,0.0,0.0,924.0,0.0,427.0,0.0,0.0,399.0,0.0,385.0,0.0,0.0,0.0,0.0,0.0,0.0,0.0,0.0,0.0,0.0,0.0,173.0,0.0,0.0,0.0,0.0,0.0,0.0,342.0,0.0,0.0,0.0,278.0,0.0,0.0,0.0,0.0,0.0,0.0,0.0,0.0,0.0,0.0,0.0,0.0,0.0,408.0,275.0,133.0,381.0,1711.0,1246.0,465.0,0.0,1438.0,1373.0,0.0,0.0,0.0,215.0,0.0,0.0,0.0,0.0,0.0,0.0,0.0,0.0,58.0,498.0,481.0,17.0,0.0,0.0,0.0,0.0,0.0,239.0,0.0,158.0,0.0,0.0,0.0,0.0,0.0,0.0,0.0,101.0,3442.0,1545.0,1897.0,640.0,0.0,212.0,0.0,134.0,0.0,0.0,0.0,0.0,0.0,0.0,0.0,0.0,0.0,0.0,0.0,175.0,0.0,0.0,0.0,253.0,345.0,262.0,0.0,0.0,0.0,0.0,0.0,0.0,0.0,0.0,0.0,0.0,0.0,0.0,0.0,0.0,0.0,0.0,0.0,0.0,0.0,0.0,0.0,0.0,0.0,83.0,232.0,0.0,0.0,0.0,0.0,0.0,0.0,0.0,0.0,0.0,0.0,0.0,0.0,0.0,0.0,0.0,0.0,0.0,1224.0,902.0,0.0,99.0
HORODEŃSKI,5953.0,4194.0,1759.0,54.0,46.0,8.0,0.0,0.0,0.0,0.0,2669.0,2200.0,469.0,199.0,188.0,11.0,53.0,51.0,2.0,615.0,541.0,74.0,1802.0,1420.0,382.0,0.0,0.0,0.0,0.0,0.0,0.0,0.0,333.0,0.0,0.0,0.0,0.0,0.0,0.0,0.0,0.0,0.0,0.0,0.0,245.0,0.0,0.0,0.0,0.0,0.0,0.0,0.0,0.0,0.0,0.0,0.0,0.0,0.0,0.0,0.0,0.0,0.0,0.0,0.0,0.0,0.0,0.0,0.0,0.0,0.0,0.0,0.0,0.0,0.0,0.0,0.0,0.0,0.0,0.0,0.0,310.0,0.0,0.0,0.0,0.0,226.0,0.0,0.0,0.0,0.0,0.0,0.0,0.0,0.0,237.0,0.0,0.0,0.0,0.0,0.0,194.0,0.0,0.0,0.0,0.0,0.0,0.0,0.0,0.0,0.0,0.0,0.0,0.0,0.0,0.0,809.0,0.0,321.0,0.0,150.0,296.0,0.0,547.0,0.0,169.0,0.0,0.0,177.0,0.0,0.0,0.0,0.0,0.0,0.0,120.0,0.0,0.0,0.0,0.0,0.0,0.0,176.0,0.0,0.0,0.0,147.0,0.0,0.0,0.0,0.0,0.0,0.0,0.0,0.0,0.0,0.0,0.0,0.0,0.0,152.0,72.0,80.0,105.0,1228.0,890.0,338.0,0.0,1036.0,961.0,0.0,0.0,0.0,154.0,0.0,0.0,0.0,0.0,85.0,0.0,0.0,0.0,38.0,159.0,148.0,11.0,0.0,0.0,0.0,0.0,0.0,0.0,0.0,77.0,0.0,0.0,0.0,0.0,0.0,0.0,0.0,82.0,1843.0,910.0,933.0,434.0,0.0,144.0,0.0,83.0,0.0,105.0,0.0,0.0,0.0,88.0,0.0,0.0,0.0,0.0,0.0,95.0,0.0,0.0,0.0,2.0,275.0,220.0,0.0,179.0,0.0,0.0,0.0,0.0,0.0,0.0,0.0,0.0,0.0,0.0,0.0,0.0,0.0,0.0,0.0,0.0,0.0,0.0,0.0,0.0,0.0,55.0,130.0,0.0,0.0,0.0,0.0,0.0,0.0,0.0,0.0,0.0,0.0,0.0,0.0,0.0,0.0,0.0,0.0,0.0,511.0,511.0,0.0,62.0
KAŁUSKI,7682.0,5705.0,1977.0,109.0,102.0,7.0,0.0,0.0,94.0,15.0,3807.0,3464.0,343.0,1664.0,1629.0,35.0,127.0,123.0,4.0,467.0,390.0,77.0,1549.0,1322.0,227.0,1252.0,1239.0,0.0,0.0,0.0,0.0,0.0,337.0,0.0,0.0,0.0,0.0,0.0,0.0,0.0,0.0,0.0,0.0,0.0,192.0,0.0,0.0,0.0,0.0,0.0,0.0,0.0,0.0,0.0,0.0,0.0,0.0,0.0,0.0,0.0,0.0,0.0,0.0,0.0,0.0,0.0,0.0,0.0,0.0,0.0,0.0,0.0,0.0,0.0,0.0,0.0,0.0,0.0,0.0,0.0,656.0,0.0,0.0,0.0,351.0,165.0,0.0,0.0,0.0,0.0,0.0,0.0,0.0,0.0,0.0,0.0,0.0,0.0,0.0,0.0,0.0,0.0,0.0,0.0,0.0,0.0,0.0,0.0,0.0,0.0,0.0,0.0,0.0,0.0,0.0,694.0,0.0,390.0,0.0,0.0,265.0,0.0,376.0,0.0,114.0,0.0,0.0,0.0,0.0,88.0,0.0,0.0,0.0,0.0,92.0,0.0,0.0,0.0,0.0,0.0,0.0,180.0,0.0,0.0,0.0,119.0,0.0,0.0,0.0,0.0,0.0,0.0,0.0,0.0,0.0,0.0,0.0,0.0,0.0,119.0,77.0,42.0,193.0,1170.0,814.0,356.0,0.0,968.0,906.0,0.0,0.0,0.0,165.0,0.0,0.0,0.0,0.0,110.0,0.0,0.0,0.0,37.0,240.0,228.0,12.0,0.0,0.0,0.0,0.0,0.0,88.0,0.0,71.0,0.0,0.0,0.0,0.0,0.0,0.0,0.0,81.0,2356.0,1097.0,1259.0,417.0,0.0,140.0,0.0,81.0,0.0,118.0,0.0,0.0,0.0,0.0,0.0,0.0,0.0,0.0,0.0,103.0,0.0,0.0,0.0,56.0,290.0,222.0,0.0,208.0,0.0,0.0,0.0,0.0,0.0,0.0,0.0,0.0,0.0,0.0,0.0,0.0,0.0,0.0,0.0,0.0,0.0,0.0,0.0,0.0,0.0,68.0,160.0,0.0,0.0,0.0,0.0,0.0,0.0,0.0,0.0,0.0,0.0,0.0,0.0,0.0,0.0,0.0,0.0,0.0,792.0,619.0,0.0,78.0
KOŁOMYJSKI,20537.0,13925.0,6612.0,279.0,241.0,38.0,0.0,0.0,198.0,81.0,8082.0,6328.0,1754.0,935.0,800.0,135.0,233.0,207.0,26.0,2007.0,1565.0,442.0,4907.0,3756.0,1151.0,0.0,0.0,0.0,0.0,0.0,0.0,0.0,895.0,0.0,0.0,0.0,0.0,0.0,0.0,0.0,0.0,0.0,0.0,0.0,373.0,0.0,0.0,0.0,0.0,0.0,0.0,0.0,0.0,0.0,0.0,0.0,0.0,0.0,0.0,0.0,0.0,0.0,0.0,0.0,0.0,0.0,0.0,0.0,0.0,0.0,231.0,0.0,0.0,0.0,0.0,0.0,0.0,0.0,0.0,0.0,1468.0,0.0,381.0,0.0,386.0,435.0,0.0,0.0,0.0,0.0,0.0,0.0,0.0,0.0,505.0,0.0,0.0,0.0,0.0,0.0,283.0,0.0,0.0,0.0,0.0,0.0,0.0,0.0,0.0,0.0,0.0,0.0,0.0,0.0,0.0,1843.0,0.0,858.0,0.0,177.0,509.0,0.0,917.0,0.0,251.0,144.0,0.0,0.0,0.0,0.0,0.0,0.0,0.0,0.0,319.0,0.0,0.0,0.0,0.0,0.0,0.0,653.0,0.0,0.0,0.0,465.0,0.0,0.0,0.0,0.0,0.0,0.0,0.0,0.0,0.0,0.0,0.0,0.0,0.0,1067.0,572.0,495.0,503.0,3833.0,2686.0,1147.0,0.0,299.0,2710.0,0.0,0.0,0.0,662.0,0.0,318.0,0.0,0.0,298.0,0.0,0.0,149.0,113.0,1281.0,1239.0,42.0,0.0,0.0,0.0,0.0,0.0,630.0,0.0,474.0,0.0,0.0,0.0,0.0,212.0,0.0,0.0,177.0,7062.0,3431.0,3631.0,1229.0,0.0,367.0,0.0,223.0,0.0,322.0,163.0,0.0,0.0,282.0,0.0,222.0,0.0,0.0,0.0,233.0,0.0,0.0,0.0,25.0,891.0,606.0,0.0,425.0,0.0,0.0,0.0,0.0,0.0,0.0,0.0,0.0,0.0,0.0,0.0,0.0,0.0,0.0,0.0,0.0,0.0,0.0,0.0,0.0,0.0,285.0,501.0,0.0,0.0,0.0,0.0,0.0,0.0,0.0,0.0,241.0,0.0,0.0,0.0,0.0,0.0,0.0,0.0,260.0,1853.0,2174.0,0.0,414.0
KOSOWSKI (KOSÓW HUCULSKI),9354.0,6698.0,2656.0,195.0,173.0,22.0,0.0,0.0,165.0,30.0,5129.0,3944.0,1185.0,209.0,164.0,45.0,181.0,105.0,76.0,870.0,588.0,282.0,3869.0,3087.0,782.0,61.0,0.0,0.0,0.0,0.0,0.0,0.0,264.0,0.0,0.0,0.0,0.0,0.0,0.0,0.0,0.0,0.0,0.0,0.0,158.0,0.0,0.0,0.0,0.0,0.0,0.0,0.0,0.0,0.0,0.0,0.0,0.0,0.0,0.0,0.0,0.0,0.0,0.0,0.0,0.0,0.0,0.0,0.0,0.0,0.0,120.0,0.0,0.0,0.0,0.0,0.0,0.0,93.0,0.0,0.0,1477.0,0.0,1078.0,0.0,0.0,177.0,0.0,0.0,0.0,0.0,0.0,0.0,0.0,0.0,977.0,0.0,0.0,0.0,0.0,0.0,226.0,0.0,0.0,0.0,0.0,0.0,0.0,688.0,0.0,0.0,0.0,0.0,0.0,0.0,0.0,949.0,0.0,276.0,0.0,246.0,371.0,0.0,308.0,0.0,94.0,0.0,0.0,0.0,0.0,0.0,0.0,0.0,0.0,0.0,139.0,0.0,0.0,0.0,0.0,0.0,0.0,298.0,0.0,0.0,0.0,244.0,0.0,0.0,0.0,0.0,0.0,0.0,0.0,0.0,0.0,0.0,0.0,0.0,0.0,546.0,344.0,202.0,129.0,1431.0,1009.0,422.0,0.0,1131.0,1062.0,0.0,0.0,0.0,227.0,0.0,0.0,0.0,0.0,130.0,0.0,0.0,0.0,73.0,366.0,348.0,18.0,0.0,0.0,0.0,0.0,0.0,0.0,0.0,237.0,0.0,0.0,0.0,0.0,168.0,0.0,0.0,129.0,2233.0,1224.0,1009.0,556.0,0.0,168.0,0.0,101.0,0.0,110.0,0.0,0.0,0.0,194.0,0.0,80.0,0.0,0.0,0.0,0.0,0.0,0.0,0.0,84.0,232.0,155.0,0.0,146.0,0.0,0.0,0.0,0.0,0.0,0.0,0.0,0.0,0.0,0.0,0.0,0.0,0.0,0.0,0.0,0.0,0.0,0.0,0.0,0.0,0.0,77.0,196.0,0.0,0.0,0.0,0.0,0.0,0.0,0.0,0.0,0.0,0.0,0.0,0.0,0.0,0.0,0.0,0.0,0.0,546.0,639.0,0.0,64.0
NADWÓRNIAŃSKI,16129.0,12802.0,3327.0,454.0,435.0,19.0,0.0,0.0,438.0,16.0,9202.0,8455.0,747.0,3693.0,3615.0,78.0,825.0,801.0,24.0,835.0,714.0,121.0,3849.0,3325.0,524.0,1243.0,139.0,0.0,0.0,0.0,0.0,1070.0,480.0,0.0,0.0,0.0,0.0,0.0,0.0,0.0,0.0,0.0,0.0,0.0,249.0,0.0,0.0,0.0,0.0,0.0,0.0,0.0,0.0,0.0,0.0,0.0,0.0,0.0,0.0,0.0,0.0,0.0,0.0,0.0,0.0,0.0,0.0,0.0,0.0,0.0,0.0,0.0,0.0,0.0,0.0,0.0,0.0,0.0,0.0,0.0,4583.0,0.0,1155.0,2434.0,529.0,312.0,0.0,0.0,0.0,0.0,0.0,0.0,0.0,0.0,0.0,0.0,0.0,0.0,0.0,0.0,0.0,0.0,0.0,0.0,0.0,0.0,0.0,0.0,0.0,0.0,0.0,0.0,0.0,0.0,0.0,998.0,0.0,457.0,0.0,0.0,369.0,0.0,434.0,0.0,0.0,0.0,0.0,0.0,0.0,0.0,0.0,0.0,0.0,0.0,226.0,0.0,0.0,0.0,0.0,0.0,0.0,493.0,0.0,0.0,0.0,408.0,0.0,0.0,0.0,0.0,0.0,0.0,0.0,0.0,0.0,0.0,0.0,0.0,0.0,515.0,371.0,144.0,456.0,2050.0,1418.0,632.0,0.0,1563.0,1493.0,0.0,0.0,0.0,425.0,0.0,0.0,0.0,0.0,245.0,0.0,0.0,0.0,62.0,788.0,759.0,29.0,0.0,0.0,0.0,0.0,0.0,401.0,0.0,278.0,0.0,0.0,0.0,0.0,154.0,0.0,0.0,109.0,3635.0,1735.0,1900.0,745.0,0.0,251.0,0.0,147.0,0.0,153.0,0.0,0.0,0.0,196.0,0.0,0.0,0.0,0.0,0.0,0.0,0.0,0.0,0.0,145.0,385.0,267.0,0.0,251.0,0.0,0.0,0.0,0.0,0.0,0.0,0.0,0.0,0.0,0.0,0.0,0.0,0.0,0.0,0.0,0.0,0.0,0.0,0.0,0.0,0.0,118.0,309.0,0.0,0.0,0.0,0.0,0.0,0.0,0.0,0.0,0.0,0.0,0.0,0.0,0.0,0.0,0.0,0.0,0.0,1096.0,989.0,0.0,111.0
ROHATYŃSKI,8171.0,5825.0,2346.0,136.0,126.0,10.0,0.0,0.0,90.0,46.0,3301.0,2729.0,572.0,53.0,50.0,3.0,53.0,51.0,2.0,730.0,652.0,78.0,2465.0,1976.0,489.0,0.0,0.0,0.0,0.0,0.0,0.0,0.0,340.0,0.0,0.0,0.0,0.0,0.0,0.0,0.0,0.0,0.0,0.0,0.0,209.0,0.0,0.0,0.0,0.0,0.0,0.0,0.0,0.0,0.0,0.0,0.0,0.0,0.0,0.0,0.0,0.0,0.0,0.0,0.0,0.0,0.0,0.0,0.0,0.0,0.0,0.0,0.0,0.0,0.0,0.0,0.0,0.0,0.0,0.0,0.0,397.0,0.0,0.0,0.0,0.0,257.0,0.0,0.0,0.0,0.0,0.0,0.0,0.0,0.0,315.0,0.0,0.0,0.0,0.0,0.0,315.0,0.0,0.0,0.0,0.0,0.0,0.0,0.0,0.0,0.0,0.0,0.0,0.0,0.0,0.0,1071.0,0.0,566.0,0.0,0.0,465.0,0.0,483.0,0.0,212.0,0.0,0.0,0.0,0.0,0.0,0.0,0.0,0.0,0.0,175.0,0.0,0.0,0.0,0.0,0.0,0.0,270.0,0.0,0.0,0.0,209.0,0.0,0.0,0.0,0.0,0.0,0.0,0.0,0.0,0.0,0.0,0.0,0.0,0.0,256.0,162.0,94.0,169.0,1746.0,1325.0,421.0,0.0,1514.0,1434.0,0.0,0.0,0.0,167.0,0.0,0.0,0.0,0.0,115.0,0.0,0.0,53.0,12.0,423.0,402.0,21.0,0.0,0.0,0.0,0.0,0.0,252.0,0.0,99.0,0.0,0.0,0.0,0.0,0.0,0.0,0.0,72.0,2656.0,1243.0,1322.0,598.0,0.0,161.0,0.0,103.0,0.0,143.0,0.0,0.0,0.0,86.0,0.0,82.0,0.0,0.0,0.0,199.0,128.0,0.0,0.0,9.0,415.0,337.0,0.0,292.0,0.0,0.0,0.0,0.0,0.0,0.0,0.0,0.0,0.0,0.0,0.0,0.0,0.0,0.0,0.0,0.0,0.0,0.0,0.0,0.0,0.0,78.0,164.0,0.0,0.0,0.0,0.0,0.0,0.0,0.0,0.0,0.0,0.0,0.0,0.0,0.0,0.0,0.0,0.0,0.0,749.0,583.0,0.0,56.0
STANISŁAWOWSKI,35080.0,24008.0,11072.0,215.0,175.0,40.0,0.0,0.0,0.0,0.0,11244.0,9104.0,2140.0,1063.0,907.0,156.0,812.0,734.0,78.0,2772.0,2321.0,451.0,6597.0,5142.0,1455.0,0.0,0.0,0.0,0.0,0.0,0.0,0.0,1329.0,0.0,0.0,0.0,0.0,0.0,0.0,0.0,0.0,0.0,0.0,0.0,349.0,373.0,176.0,0.0,0.0,0.0,0.0,0.0,0.0,0.0,0.0,0.0,0.0,0.0,0.0,0.0,0.0,0.0,0.0,0.0,0.0,0.0,0.0,0.0,0.0,0.0,265.0,0.0,0.0,0.0,0.0,0.0,0.0,0.0,0.0,0.0,1165.0,0.0,0.0,0.0,0.0,750.0,0.0,0.0,0.0,0.0,0.0,0.0,0.0,0.0,300.0,0.0,0.0,0.0,0.0,0.0,153.0,0.0,0.0,0.0,0.0,0.0,0.0,0.0,0.0,0.0,259.0,0.0,217.0,0.0,0.0,2717.0,0.0,1482.0,0.0,0.0,839.0,0.0,1532.0,0.0,287.0,339.0,0.0,0.0,0.0,0.0,0.0,0.0,0.0,0.0,549.0,0.0,0.0,0.0,0.0,0.0,0.0,1386.0,0.0,0.0,0.0,897.0,0.0,0.0,0.0,0.0,0.0,0.0,0.0,0.0,0.0,0.0,0.0,0.0,0.0,1646.0,999.0,647.0,645.0,5917.0,4270.0,1647.0,0.0,4002.0,3759.0,0.0,0.0,0.0,1340.0,0.0,683.0,0.0,0.0,563.0,256.0,0.0,283.0,36.0,4301.0,4066.0,235.0,263.0,0.0,0.0,0.0,0.0,3393.0,0.0,572.0,0.0,0.0,173.0,0.0,133.0,0.0,0.0,73.0,13403.0,6393.0,7010.0,2274.0,0.0,796.0,386.0,300.0,0.0,456.0,200.0,254.0,0.0,466.0,0.0,396.0,0.0,0.0,0.0,503.0,369.0,0.0,0.0,53.0,1172.0,856.0,0.0,475.0,175.0,0.0,0.0,0.0,210.0,0.0,0.0,0.0,0.0,0.0,0.0,0.0,0.0,0.0,0.0,0.0,0.0,0.0,0.0,0.0,0.0,106.0,1078.0,425.0,0.0,0.0,0.0,0.0,0.0,0.0,0.0,518.0,0.0,0.0,306.0,0.0,0.0,0.0,135.0,0.0,3532.0,4336.0,0.0,1011.0
STRYJSKI,22153.0,16032.0,6121.0,274.0,259.0,15.0,0.0,0.0,208.0,66.0,8945.0,7778.0,1167.0,2357.0,2262.0,95.0,423.0,404.0,19.0,2052.0,1809.0,243.0,4113.0,3303.0,810.0,196.0,0.0,0.0,0.0,0.0,0.0,193.0,833.0,0.0,0.0,0.0,0.0,0.0,0.0,0.0,0.0,0.0,0.0,0.0,285.0,0.0,0.0,0.0,0.0,0.0,0.0,0.0,0.0,0.0,0.0,0.0,0.0,0.0,0.0,0.0,0.0,0.0,0.0,0.0,0.0,0.0,0.0,0.0,0.0,0.0,192.0,0.0,0.0,0.0,0.0,0.0,0.0,0.0,0.0,0.0,2852.0,0.0,194.0,819.0,1006.0,612.0,0.0,0.0,0.0,0.0,0.0,0.0,0.0,0.0,0.0,0.0,0.0,0.0,0.0,0.0,0.0,0.0,0.0,0.0,0.0,0.0,0.0,0.0,0.0,0.0,0.0,0.0,0.0,0.0,0.0,1732.0,0.0,905.0,0.0,0.0,652.0,0.0,937.0,0.0,298.0,210.0,0.0,0.0,0.0,0.0,0.0,0.0,0.0,0.0,359.0,0.0,0.0,0.0,0.0,0.0,0.0,603.0,0.0,0.0,0.0,376.0,0.0,0.0,0.0,0.0,0.0,0.0,0.0,0.0,0.0,0.0,298.0,0.0,0.0,1013.0,673.0,340.0,289.0,3274.0,2317.0,957.0,0.0,2363.0,2185.0,0.0,0.0,0.0,778.0,0.0,427.0,0.0,0.0,280.0,0.0,0.0,0.0,143.0,2216.0,2132.0,84.0,0.0,0.0,0.0,0.0,0.0,1764.0,0.0,241.0,0.0,0.0,0.0,0.0,0.0,0.0,0.0,211.0,7444.0,3546.0,3898.0,1183.0,0.0,353.0,0.0,194.0,0.0,294.0,0.0,0.0,0.0,288.0,0.0,177.0,0.0,0.0,0.0,237.0,0.0,0.0,0.0,11.0,742.0,539.0,0.0,375.0,0.0,0.0,0.0,0.0,0.0,0.0,0.0,0.0,0.0,0.0,0.0,0.0,0.0,0.0,0.0,0.0,0.0,0.0,0.0,0.0,0.0,203.0,516.0,0.0,0.0,0.0,0.0,0.0,0.0,0.0,0.0,241.0,0.0,0.0,0.0,0.0,0.0,0.0,0.0,275.0,2260.0,2260.0,0.0,447.0
ŚNIATYŃSKI,5942.0,4148.0,1794.0,28.0,22.0,6.0,0.0,0.0,0.0,0.0,2217.0,1859.0,358.0,110.0,109.0,1.0,58.0,56.0,2.0,873.0,775.0,98.0,1176.0,919.0,257.0,0.0,0.0,0.0,0.0,0.0,0.0,0.0,274.0,0.0,0.0,0.0,0.0,0.0,0.0,0.0,0.0,0.0,0.0,0.0,168.0,0.0,0.0,0.0,0.0,0.0,0.0,0.0,0.0,0.0,0.0,0.0,0.0,0.0,0.0,0.0,0.0,0.0,0.0,0.0,0.0,0.0,0.0,0.0,0.0,0.0,0.0,0.0,0.0,0.0,0.0,0.0,0.0,0.0,0.0,0.0,327.0,0.0,0.0,0.0,0.0,150.0,0.0,0.0,0.0,0.0,0.0,0.0,0.0,0.0,0.0,0.0,0.0,0.0,0.0,0.0,0.0,0.0,0.0,0.0,0.0,0.0,0.0,0.0,0.0,0.0,0.0,0.0,0.0,0.0,0.0,634.0,0.0,212.0,0.0,122.0,262.0,0.0,327.0,0.0,127.0,0.0,0.0,0.0,0.0,0.0,0.0,0.0,0.0,0.0,122.0,0.0,0.0,0.0,0.0,0.0,0.0,209.0,0.0,0.0,0.0,168.0,0.0,0.0,0.0,0.0,0.0,0.0,0.0,0.0,0.0,0.0,0.0,0.0,0.0,259.0,161.0,98.0,187.0,1305.0,843.0,462.0,0.0,1130.0,1002.0,103.0,0.0,0.0,133.0,0.0,0.0,0.0,0.0,0.0,0.0,0.0,0.0,42.0,475.0,456.0,19.0,0.0,0.0,0.0,0.0,0.0,261.0,0.0,148.0,0.0,0.0,0.0,0.0,66.0,0.0,0.0,66.0,1917.0,968.0,949.0,519.0,0.0,214.0,104.0,101.0,0.0,72.0,0.0,0.0,0.0,149.0,0.0,0.0,76.0,0.0,0.0,79.0,0.0,0.0,0.0,5.0,238.0,188.0,0.0,168.0,0.0,0.0,0.0,0.0,0.0,0.0,0.0,0.0,0.0,0.0,0.0,0.0,0.0,0.0,0.0,0.0,0.0,0.0,0.0,0.0,0.0,50.0,150.0,0.0,0.0,0.0,0.0,0.0,0.0,0.0,0.0,0.0,0.0,0.0,0.0,0.0,0.0,0.0,0.0,0.0,446.0,515.0,0.0,49.0
TŁUMACKI,7489.0,5422.0,2067.0,148.0,111.0,37.0,0.0,0.0,76.0,72.0,3286.0,2830.0,456.0,127.0,124.0,3.0,240.0,212.0,28.0,627.0,556.0,71.0,2292.0,1938.0,354.0,0.0,0.0,0.0,0.0,0.0,0.0,0.0,412.0,0.0,0.0,0.0,0.0,0.0,0.0,0.0,0.0,0.0,0.0,0.0,215.0,0.0,0.0,0.0,0.0,0.0,0.0,0.0,0.0,0.0,0.0,0.0,0.0,0.0,0.0,0.0,0.0,0.0,0.0,0.0,0.0,0.0,0.0,0.0,0.0,0.0,102.0,0.0,0.0,0.0,0.0,0.0,0.0,0.0,0.0,0.0,412.0,0.0,0.0,0.0,0.0,243.0,0.0,0.0,0.0,0.0,0.0,0.0,0.0,0.0,0.0,0.0,0.0,0.0,0.0,0.0,0.0,0.0,0.0,0.0,0.0,0.0,0.0,0.0,0.0,0.0,90.0,0.0,0.0,0.0,0.0,1067.0,0.0,323.0,0.0,219.0,489.0,0.0,356.0,0.0,114.0,0.0,0.0,0.0,0.0,0.0,0.0,0.0,0.0,0.0,137.0,0.0,0.0,0.0,0.0,0.0,0.0,243.0,0.0,0.0,0.0,188.0,0.0,0.0,0.0,0.0,0.0,0.0,0.0,0.0,0.0,0.0,0.0,0.0,0.0,368.0,225.0,143.0,236.0,1429.0,1026.0,403.0,0.0,1185.0,1139.0,0.0,0.0,0.0,182.0,0.0,0.0,0.0,0.0,120.0,0.0,0.0,0.0,62.0,400.0,385.0,15.0,0.0,0.0,0.0,0.0,0.0,250.0,0.0,84.0,0.0,0.0,0.0,0.0,0.0,0.0,0.0,66.0,2226.0,1070.0,1156.0,541.0,0.0,146.0,0.0,94.0,0.0,109.0,0.0,0.0,0.0,70.0,0.0,64.0,0.0,0.0,0.0,210.0,148.0,0.0,0.0,6.0,323.0,284.0,0.0,245.0,0.0,0.0,0.0,0.0,0.0,0.0,0.0,0.0,0.0,0.0,0.0,0.0,0.0,0.0,0.0,0.0,0.0,0.0,0.0,0.0,0.0,39.0,127.0,0.0,0.0,0.0,0.0,0.0,0.0,0.0,0.0,0.0,0.0,0.0,0.0,0.0,0.0,0.0,0.0,0.0,625.0,556.0,0.0,44.0
ŻYDACZOWSKI,6554.0,4692.0,1862.0,149.0,131.0,18.0,0.0,0.0,101.0,48.0,2870.0,2487.0,383.0,121.0,111.0,10.0,49.0,49.0,0.0,856.0,789.0,67.0,1844.0,1538.0,306.0,0.0,0.0,0.0,0.0,0.0,0.0,0.0,275.0,0.0,0.0,0.0,0.0,0.0,0.0,0.0,0.0,0.0,0.0,0.0,162.0,0.0,0.0,0.0,0.0,0.0,0.0,0.0,0.0,0.0,0.0,0.0,0.0,0.0,0.0,0.0,0.0,0.0,0.0,0.0,0.0,0.0,0.0,0.0,0.0,0.0,184.0,0.0,0.0,0.0,0.0,0.0,0.0,0.0,0.0,0.0,346.0,0.0,0.0,0.0,0.0,218.0,0.0,0.0,0.0,0.0,0.0,0.0,0.0,0.0,0.0,0.0,0.0,0.0,0.0,0.0,0.0,0.0,0.0,0.0,0.0,0.0,0.0,0.0,0.0,0.0,0.0,0.0,0.0,0.0,0.0,932.0,0.0,435.0,0.0,0.0,474.0,0.0,302.0,0.0,0.0,0.0,0.0,0.0,0.0,0.0,0.0,0.0,0.0,0.0,103.0,0.0,0.0,0.0,0.0,0.0,0.0,392.0,0.0,0.0,0.0,358.0,0.0,0.0,0.0,0.0,0.0,0.0,0.0,0.0,0.0,0.0,0.0,0.0,0.0,329.0,206.0,123.0,110.0,977.0,730.0,247.0,0.0,844.0,767.0,0.0,0.0,0.0,103.0,0.0,0.0,0.0,0.0,0.0,0.0,0.0,0.0,30.0,264.0,256.0,8.0,0.0,0.0,0.0,0.0,0.0,111.0,0.0,87.0,0.0,0.0,0.0,0.0,0.0,0.0,0.0,66.0,2294.0,1088.0,1206.0,451.0,0.0,119.0,0.0,71.0,0.0,94.0,0.0,0.0,0.0,0.0,0.0,0.0,0.0,0.0,0.0,184.0,137.0,0.0,0.0,54.0,259.0,214.0,0.0,205.0,0.0,0.0,0.0,0.0,0.0,0.0,0.0,0.0,0.0,0.0,0.0,0.0,0.0,0.0,0.0,0.0,0.0,0.0,0.0,0.0,0.0,45.0,135.0,0.0,0.0,0.0,0.0,0.0,0.0,0.0,0.0,0.0,0.0,0.0,0.0,0.0,0.0,0.0,0.0,0.0,553.0,848.0,0.0,48.0
BIELSKI (BIELSKO),20389.0,15061.0,5328.0,169.0,158.0,11.0,0.0,0.0,0.0,0.0,13300.0,10725.0,2575.0,7811.0,6255.0,1556.0,712.0,611.0,101.0,1665.0,1368.0,297.0,3112.0,2491.0,621.0,1295.0,0.0,1293.0,0.0,0.0,0.0,0.0,1941.0,0.0,0.0,0.0,0.0,0.0,0.0,0.0,0.0,0.0,206.0,270.0,0.0,0.0,0.0,416.0,0.0,0.0,0.0,0.0,0.0,0.0,0.0,0.0,0.0,617.0,0.0,0.0,0.0,299.0,0.0,0.0,0.0,0.0,0.0,0.0,0.0,0.0,264.0,0.0,0.0,0.0,0.0,0.0,0.0,0.0,0.0,0.0,1417.0,228.0,0.0,0.0,0.0,490.0,459.0,0.0,0.0,0.0,0.0,0.0,0.0,0.0,2004.0,0.0,0.0,0.0,0.0,0.0,0.0,0.0,705.0,0.0,0.0,724.0,0.0,0.0,0.0,0.0,0.0,0.0,0.0,0.0,0.0,1265.0,0.0,618.0,0.0,0.0,404.0,0.0,972.0,0.0,0.0,0.0,0.0,301.0,0.0,0.0,0.0,0.0,0.0,0.0,244.0,0.0,0.0,0.0,0.0,0.0,0.0,1973.0,0.0,0.0,661.0,1090.0,0.0,0.0,0.0,0.0,0.0,0.0,0.0,0.0,0.0,0.0,0.0,0.0,0.0,887.0,632.0,255.0,665.0,1394.0,826.0,568.0,0.0,841.0,767.0,0.0,0.0,0.0,475.0,0.0,0.0,0.0,0.0,292.0,0.0,0.0,0.0,78.0,1940.0,1899.0,41.0,0.0,0.0,0.0,0.0,0.0,1580.0,0.0,0.0,0.0,0.0,0.0,0.0,0.0,0.0,0.0,360.0,3586.0,1453.0,2133.0,394.0,0.0,190.0,0.0,0.0,0.0,0.0,0.0,0.0,0.0,0.0,0.0,0.0,0.0,0.0,0.0,0.0,0.0,0.0,0.0,204.0,341.0,284.0,0.0,223.0,0.0,0.0,0.0,0.0,0.0,0.0,0.0,0.0,0.0,0.0,0.0,0.0,0.0,0.0,0.0,0.0,0.0,0.0,0.0,0.0,0.0,57.0,343.0,0.0,0.0,0.0,0.0,0.0,0.0,0.0,0.0,0.0,0.0,0.0,0.0,0.0,0.0,0.0,0.0,0.0,1218.0,1218.0,0.0,162.0
BIELSKO (MIASTO),12495.0,6984.0,5511.0,21.0,18.0,3.0,0.0,0.0,0.0,0.0,5012.0,3649.0,1363.0,2758.0,2139.0,619.0,568.0,423.0,145.0,1137.0,769.0,368.0,549.0,318.0,231.0,0.0,0.0,0.0,0.0,0.0,0.0,0.0,1071.0,78.0,0.0,0.0,0.0,0.0,0.0,73.0,0.0,0.0,0.0,178.0,0.0,67.0,0.0,422.0,0.0,0.0,0.0,0.0,0.0,0.0,0.0,0.0,0.0,150.0,0.0,0.0,0.0,0.0,0.0,0.0,0.0,0.0,53.0,0.0,0.0,0.0,63.0,0.0,0.0,0.0,0.0,0.0,0.0,0.0,0.0,0.0,209.0,0.0,0.0,0.0,0.0,102.0,0.0,0.0,0.0,0.0,0.0,76.0,0.0,0.0,1273.0,214.0,0.0,0.0,0.0,0.0,0.0,0.0,425.0,66.0,0.0,426.0,0.0,0.0,0.0,0.0,90.0,0.0,0.0,0.0,0.0,944.0,0.0,506.0,119.0,0.0,126.0,134.0,453.0,0.0,0.0,164.0,0.0,0.0,0.0,0.0,0.0,0.0,0.0,0.0,147.0,0.0,95.0,0.0,65.0,0.0,0.0,346.0,0.0,0.0,0.0,141.0,90.0,0.0,67.0,0.0,0.0,130.0,0.0,88.0,0.0,0.0,0.0,0.0,0.0,58.0,43.0,15.0,54.0,2302.0,1364.0,938.0,0.0,1232.0,1146.0,0.0,0.0,0.0,721.0,0.0,261.0,87.0,0.0,306.0,140.0,0.0,160.0,49.0,395.0,351.0,44.0,99.0,0.0,0.0,0.0,0.0,157.0,0.0,108.0,60.0,0.0,0.0,0.0,0.0,0.0,0.0,31.0,4765.0,1602.0,3163.0,611.0,0.0,240.0,67.0,121.0,0.0,127.0,0.0,100.0,0.0,85.0,0.0,68.0,0.0,0.0,0.0,136.0,115.0,0.0,0.0,23.0,447.0,215.0,0.0,76.0,60.0,0.0,0.0,74.0,138.0,83.0,0.0,0.0,0.0,0.0,0.0,0.0,0.0,0.0,0.0,0.0,0.0,0.0,0.0,0.0,0.0,94.0,487.0,235.0,0.0,137.0,0.0,46.0,0.0,0.0,0.0,218.0,0.0,0.0,129.0,0.0,0.0,0.0,34.0,0.0,1940.0,1063.0,32.0,217.0
CIESZYŃSKI,22635.0,16175.0,6460.0,609.0,559.0,50.0,0.0,0.0,477.0,132.0,11276.0,9580.0,1696.0,4384.0,3720.0,664.0,727.0,643.0,84.0,1886.0,1637.0,249.0,4279.0,3580.0,699.0,165.0,0.0,161.0,0.0,0.0,0.0,0.0,1738.0,0.0,0.0,161.0,0.0,0.0,0.0,475.0,0.0,0.0,0.0,0.0,0.0,273.0,0.0,0.0,0.0,0.0,0.0,0.0,0.0,0.0,0.0,0.0,0.0,0.0,0.0,0.0,0.0,0.0,0.0,0.0,0.0,0.0,0.0,0.0,0.0,0.0,1342.0,0.0,277.0,0.0,777.0,0.0,0.0,0.0,0.0,0.0,1321.0,0.0,0.0,0.0,363.0,621.0,0.0,0.0,0.0,0.0,0.0,0.0,0.0,0.0,517.0,303.0,0.0,0.0,0.0,0.0,0.0,0.0,0.0,0.0,0.0,0.0,0.0,0.0,0.0,0.0,269.0,0.0,204.0,0.0,0.0,1642.0,0.0,800.0,0.0,0.0,465.0,0.0,1032.0,0.0,0.0,257.0,0.0,0.0,0.0,184.0,0.0,0.0,0.0,0.0,288.0,0.0,0.0,0.0,0.0,0.0,0.0,1992.0,0.0,0.0,433.0,1132.0,0.0,0.0,0.0,0.0,0.0,0.0,0.0,0.0,0.0,0.0,181.0,176.0,0.0,607.0,470.0,137.0,470.0,2109.0,1263.0,846.0,0.0,1191.0,1078.0,0.0,0.0,0.0,746.0,0.0,0.0,0.0,0.0,350.0,0.0,0.0,0.0,172.0,1226.0,1179.0,47.0,0.0,0.0,0.0,0.0,0.0,815.0,0.0,0.0,0.0,0.0,0.0,0.0,0.0,0.0,0.0,411.0,7415.0,3594.0,3821.0,1246.0,0.0,445.0,251.0,165.0,0.0,0.0,0.0,0.0,0.0,338.0,0.0,131.0,168.0,0.0,0.0,308.0,0.0,0.0,0.0,155.0,618.0,494.0,0.0,312.0,0.0,0.0,0.0,0.0,0.0,0.0,0.0,0.0,0.0,0.0,0.0,0.0,0.0,0.0,0.0,0.0,0.0,0.0,0.0,0.0,0.0,124.0,641.0,336.0,0.0,0.0,0.0,0.0,0.0,0.0,0.0,250.0,0.0,0.0,0.0,0.0,0.0,0.0,55.0,0.0,1950.0,2604.0,0.0,356.0
TARNOGÓRSKI,24027.0,17854.0,6173.0,277.0,189.0,88.0,0.0,0.0,0.0,0.0,11781.0,10234.0,1547.0,5339.0,4752.0,587.0,456.0,396.0,60.0,1057.0,877.0,180.0,4929.0,4209.0,720.0,4938.0,0.0,4431.0,0.0,345.0,0.0,0.0,1765.0,0.0,0.0,0.0,0.0,868.0,0.0,0.0,0.0,0.0,0.0,0.0,0.0,0.0,0.0,0.0,0.0,0.0,0.0,0.0,0.0,0.0,0.0,0.0,0.0,242.0,0.0,0.0,0.0,0.0,0.0,0.0,0.0,0.0,0.0,0.0,0.0,0.0,491.0,0.0,0.0,169.0,0.0,0.0,0.0,0.0,0.0,0.0,653.0,0.0,0.0,0.0,279.0,0.0,0.0,0.0,0.0,0.0,0.0,261.0,230.0,0.0,0.0,0.0,0.0,0.0,0.0,0.0,0.0,0.0,0.0,0.0,0.0,0.0,0.0,0.0,0.0,0.0,0.0,0.0,0.0,0.0,0.0,473.0,0.0,260.0,0.0,0.0,0.0,0.0,772.0,0.0,0.0,314.0,0.0,0.0,0.0,0.0,0.0,0.0,0.0,0.0,349.0,0.0,0.0,0.0,0.0,0.0,0.0,884.0,0.0,0.0,0.0,467.0,0.0,0.0,0.0,0.0,0.0,0.0,0.0,0.0,0.0,0.0,216.0,0.0,0.0,901.0,593.0,308.0,185.0,1490.0,731.0,759.0,0.0,907.0,810.0,0.0,0.0,0.0,508.0,0.0,0.0,0.0,0.0,233.0,0.0,0.0,0.0,75.0,2717.0,2655.0,62.0,138.0,0.0,0.0,0.0,0.0,2482.0,0.0,0.0,0.0,0.0,0.0,0.0,0.0,0.0,0.0,97.0,7762.0,4045.0,3717.0,1209.0,0.0,722.0,175.0,236.0,311.0,0.0,0.0,0.0,0.0,253.0,0.0,139.0,0.0,0.0,0.0,0.0,0.0,0.0,0.0,234.0,380.0,343.0,0.0,236.0,0.0,0.0,0.0,0.0,0.0,0.0,0.0,0.0,0.0,0.0,0.0,0.0,0.0,0.0,0.0,0.0,0.0,0.0,0.0,0.0,0.0,37.0,355.0,0.0,0.0,0.0,0.0,0.0,0.0,0.0,0.0,0.0,0.0,0.0,0.0,0.0,0.0,0.0,0.0,0.0,967.0,4473.0,0.0,378.0
KATOWICE (MIASTO),59949.0,41811.0,18138.0,92.0,73.0,19.0,0.0,0.0,0.0,0.0,27288.0,23689.0,3599.0,16522.0,15065.0,1457.0,1582.0,1266.0,316.0,2732.0,2189.0,543.0,6452.0,5169.0,1283.0,7565.0,0.0,7540.0,0.0,0.0,0.0,0.0,6731.0,0.0,0.0,563.0,1832.0,705.0,883.0,301.0,0.0,0.0,0.0,0.0,0.0,567.0,0.0,448.0,0.0,0.0,0.0,0.0,378.0,0.0,0.0,0.0,0.0,647.0,0.0,0.0,0.0,0.0,0.0,0.0,0.0,159.0,0.0,0.0,0.0,0.0,760.0,0.0,0.0,0.0,0.0,0.0,313.0,307.0,0.0,0.0,779.0,0.0,0.0,0.0,0.0,533.0,0.0,0.0,0.0,0.0,0.0,0.0,0.0,0.0,0.0,0.0,0.0,0.0,0.0,0.0,0.0,0.0,0.0,0.0,0.0,0.0,0.0,0.0,0.0,0.0,0.0,0.0,0.0,0.0,0.0,1771.0,0.0,1064.0,0.0,0.0,387.0,0.0,1955.0,0.0,0.0,619.0,0.0,0.0,0.0,0.0,0.0,0.0,0.0,0.0,892.0,0.0,468.0,0.0,390.0,0.0,0.0,3107.0,0.0,227.0,314.0,1401.0,621.0,0.0,420.0,0.0,0.0,0.0,0.0,0.0,0.0,0.0,1085.0,529.0,556.0,2090.0,1558.0,532.0,330.0,9104.0,5413.0,3691.0,0.0,5513.0,4707.0,459.0,279.0,0.0,2272.0,0.0,472.0,0.0,437.0,1095.0,579.0,0.0,494.0,246.0,4471.0,4120.0,351.0,499.0,0.0,0.0,0.0,0.0,3057.0,173.0,696.0,0.0,0.0,0.0,293.0,0.0,0.0,0.0,46.0,18994.0,8516.0,10478.0,3552.0,0.0,1823.0,789.0,929.0,0.0,458.0,254.0,0.0,0.0,742.0,0.0,616.0,0.0,0.0,0.0,0.0,0.0,0.0,246.0,283.0,1639.0,821.0,0.0,437.0,0.0,0.0,0.0,0.0,0.0,0.0,0.0,0.0,0.0,0.0,0.0,0.0,0.0,0.0,0.0,0.0,431.0,0.0,0.0,0.0,0.0,387.0,1565.0,803.0,0.0,529.0,0.0,0.0,0.0,0.0,0.0,718.0,0.0,0.0,408.0,0.0,0.0,0.0,44.0,0.0,4809.0,6430.0,0.0,999.0
KATOWICKI,86514.0,67200.0,19314.0,207.0,160.0,47.0,0.0,0.0,0.0,0.0,53071.0,48433.0,4638.0,39805.0,37311.0,2494.0,1348.0,1172.0,176.0,3590.0,3011.0,579.0,8328.0,6939.0,1389.0,26694.0,0.0,26655.0,0.0,0.0,0.0,0.0,12471.0,0.0,0.0,2094.0,2275.0,4297.0,344.0,597.0,0.0,0.0,0.0,375.0,0.0,729.0,0.0,546.0,0.0,0.0,0.0,0.0,0.0,0.0,0.0,0.0,0.0,820.0,0.0,0.0,139.0,0.0,0.0,0.0,0.0,430.0,0.0,0.0,0.0,0.0,1238.0,0.0,0.0,0.0,0.0,0.0,520.0,610.0,0.0,0.0,808.0,0.0,0.0,0.0,0.0,585.0,0.0,0.0,0.0,0.0,0.0,0.0,0.0,0.0,0.0,0.0,0.0,0.0,0.0,0.0,0.0,0.0,0.0,0.0,0.0,0.0,0.0,0.0,0.0,0.0,0.0,0.0,0.0,0.0,0.0,1473.0,0.0,814.0,0.0,0.0,436.0,0.0,2681.0,0.0,0.0,1062.0,0.0,0.0,0.0,0.0,0.0,0.0,0.0,0.0,1109.0,0.0,298.0,0.0,0.0,0.0,0.0,2779.0,0.0,0.0,279.0,1319.0,412.0,0.0,485.0,0.0,0.0,194.0,0.0,0.0,0.0,0.0,1268.0,0.0,1069.0,2203.0,1515.0,688.0,144.0,5470.0,2808.0,2662.0,0.0,3709.0,3226.0,0.0,0.0,0.0,1367.0,0.0,542.0,0.0,0.0,643.0,0.0,0.0,0.0,394.0,4209.0,4024.0,185.0,448.0,0.0,0.0,0.0,0.0,2981.0,224.0,524.0,0.0,0.0,0.0,0.0,244.0,0.0,0.0,32.0,23557.0,11775.0,11782.0,2421.0,0.0,1299.0,433.0,793.0,0.0,222.0,0.0,0.0,0.0,592.0,0.0,476.0,0.0,0.0,0.0,0.0,0.0,0.0,0.0,308.0,1482.0,1078.0,0.0,860.0,0.0,0.0,0.0,0.0,0.0,0.0,0.0,0.0,0.0,0.0,0.0,0.0,0.0,0.0,0.0,0.0,0.0,0.0,0.0,0.0,0.0,404.0,1227.0,589.0,0.0,389.0,0.0,0.0,0.0,0.0,0.0,574.0,0.0,0.0,419.0,0.0,0.0,0.0,64.0,0.0,2491.0,15552.0,17.0,384.0
LUBLINIECKI,11175.0,8195.0,2980.0,429.0,383.0,46.0,0.0,0.0,381.0,48.0,5129.0,4231.0,898.0,2496.0,1860.0,636.0,287.0,276.0,11.0,560.0,506.0,54.0,1786.0,1589.0,197.0,138.0,0.0,131.0,0.0,0.0,0.0,0.0,333.0,0.0,0.0,0.0,0.0,0.0,0.0,0.0,0.0,0.0,0.0,0.0,0.0,0.0,0.0,0.0,0.0,0.0,0.0,0.0,0.0,0.0,0.0,0.0,0.0,0.0,0.0,0.0,0.0,0.0,0.0,0.0,0.0,0.0,0.0,0.0,0.0,0.0,151.0,0.0,0.0,0.0,0.0,0.0,118.0,0.0,0.0,0.0,769.0,0.0,146.0,188.0,200.0,167.0,0.0,0.0,0.0,0.0,0.0,765.0,765.0,0.0,716.0,0.0,0.0,0.0,0.0,691.0,0.0,0.0,0.0,0.0,0.0,0.0,0.0,0.0,0.0,0.0,0.0,0.0,0.0,0.0,0.0,335.0,0.0,190.0,0.0,0.0,0.0,0.0,433.0,0.0,0.0,0.0,0.0,0.0,0.0,0.0,0.0,0.0,0.0,0.0,212.0,0.0,0.0,0.0,0.0,0.0,0.0,1057.0,0.0,0.0,214.0,689.0,0.0,0.0,0.0,0.0,0.0,0.0,0.0,0.0,0.0,0.0,0.0,0.0,0.0,229.0,186.0,43.0,203.0,674.0,378.0,296.0,0.0,414.0,372.0,0.0,0.0,0.0,231.0,0.0,0.0,0.0,0.0,0.0,0.0,0.0,0.0,29.0,999.0,975.0,24.0,93.0,0.0,0.0,0.0,0.0,819.0,0.0,0.0,0.0,0.0,0.0,0.0,0.0,0.0,0.0,87.0,3944.0,2228.0,1716.0,524.0,0.0,219.0,124.0,0.0,0.0,0.0,0.0,0.0,0.0,196.0,0.0,71.0,104.0,0.0,0.0,0.0,0.0,0.0,0.0,109.0,243.0,215.0,0.0,168.0,0.0,0.0,0.0,0.0,0.0,0.0,0.0,0.0,0.0,0.0,0.0,0.0,0.0,0.0,0.0,0.0,0.0,0.0,0.0,0.0,0.0,28.0,409.0,325.0,0.0,284.0,0.0,0.0,0.0,0.0,0.0,0.0,0.0,0.0,0.0,0.0,0.0,0.0,0.0,84.0,563.0,1902.0,0.0,303.0
PSZCZYŃSKI,46374.0,36622.0,9752.0,615.0,534.0,81.0,0.0,0.0,437.0,178.0,27371.0,25093.0,2278.0,17762.0,16596.0,1166.0,1213.0,1144.0,69.0,2637.0,2342.0,295.0,5759.0,5011.0,748.0,10978.0,0.0,10966.0,0.0,0.0,0.0,0.0,3313.0,0.0,0.0,0.0,229.0,414.0,236.0,593.0,0.0,0.0,0.0,0.0,426.0,530.0,0.0,336.0,0.0,0.0,0.0,0.0,0.0,0.0,0.0,0.0,0.0,1048.0,697.0,0.0,0.0,0.0,0.0,0.0,0.0,282.0,0.0,0.0,0.0,0.0,849.0,0.0,0.0,0.0,0.0,0.0,398.0,0.0,0.0,0.0,1570.0,0.0,0.0,0.0,545.0,670.0,0.0,0.0,0.0,0.0,0.0,591.0,578.0,0.0,0.0,0.0,0.0,0.0,0.0,0.0,0.0,0.0,0.0,0.0,0.0,0.0,0.0,0.0,0.0,0.0,0.0,0.0,0.0,0.0,0.0,1154.0,0.0,649.0,0.0,0.0,410.0,0.0,1885.0,0.0,0.0,477.0,0.0,0.0,0.0,585.0,0.0,0.0,0.0,0.0,626.0,0.0,0.0,0.0,0.0,0.0,0.0,3522.0,0.0,326.0,438.0,2349.0,0.0,0.0,0.0,0.0,0.0,737.0,0.0,710.0,0.0,0.0,413.0,374.0,0.0,1081.0,780.0,301.0,230.0,2610.0,1421.0,1189.0,0.0,1727.0,1564.0,0.0,0.0,0.0,736.0,0.0,220.0,0.0,0.0,335.0,0.0,0.0,0.0,147.0,3986.0,3865.0,121.0,360.0,0.0,0.0,0.0,0.0,3347.0,0.0,0.0,0.0,0.0,0.0,0.0,0.0,0.0,0.0,279.0,11792.0,5709.0,6083.0,1360.0,0.0,630.0,239.0,346.0,0.0,0.0,0.0,0.0,0.0,239.0,0.0,195.0,0.0,0.0,0.0,338.0,0.0,0.0,0.0,153.0,898.0,785.0,0.0,639.0,0.0,0.0,0.0,0.0,0.0,0.0,0.0,0.0,0.0,0.0,0.0,0.0,0.0,0.0,0.0,0.0,0.0,0.0,0.0,0.0,0.0,113.0,536.0,271.0,0.0,0.0,0.0,0.0,0.0,0.0,0.0,0.0,0.0,0.0,0.0,0.0,0.0,0.0,0.0,265.0,1773.0,7028.0,0.0,197.0
RYBNICKI,64327.0,51473.0,12854.0,330.0,297.0,33.0,0.0,0.0,218.0,112.0,41553.0,37784.0,3769.0,28586.0,26748.0,1838.0,968.0,820.0,148.0,3268.0,2853.0,415.0,8731.0,7363.0,1368.0,23180.0,0.0,23169.0,0.0,0.0,0.0,0.0,4247.0,0.0,0.0,2321.0,0.0,0.0,0.0,0.0,0.0,0.0,0.0,0.0,395.0,460.0,0.0,346.0,0.0,0.0,0.0,0.0,0.0,0.0,0.0,0.0,0.0,1492.0,562.0,0.0,853.0,0.0,0.0,0.0,0.0,0.0,0.0,0.0,0.0,0.0,677.0,0.0,0.0,0.0,0.0,0.0,555.0,0.0,0.0,0.0,1505.0,0.0,0.0,0.0,216.0,976.0,0.0,0.0,0.0,0.0,0.0,0.0,0.0,0.0,0.0,0.0,0.0,0.0,0.0,0.0,0.0,0.0,0.0,0.0,0.0,0.0,0.0,0.0,0.0,0.0,247.0,0.0,0.0,0.0,0.0,1878.0,0.0,1039.0,0.0,0.0,673.0,0.0,2882.0,0.0,170.0,835.0,0.0,0.0,0.0,0.0,0.0,0.0,0.0,0.0,950.0,566.0,0.0,0.0,0.0,0.0,0.0,2540.0,0.0,0.0,280.0,1607.0,0.0,0.0,209.0,0.0,0.0,0.0,0.0,0.0,0.0,0.0,507.0,491.0,0.0,2159.0,1498.0,661.0,239.0,3609.0,1865.0,1744.0,0.0,2366.0,2142.0,0.0,0.0,0.0,1091.0,0.0,335.0,0.0,0.0,545.0,0.0,0.0,0.0,152.0,3264.0,3178.0,86.0,313.0,0.0,0.0,0.0,0.0,2662.0,0.0,206.0,0.0,0.0,0.0,0.0,0.0,0.0,0.0,83.0,15571.0,8349.0,7222.0,1833.0,0.0,714.0,269.0,413.0,0.0,233.0,0.0,0.0,0.0,515.0,0.0,211.0,264.0,0.0,0.0,347.0,0.0,0.0,0.0,24.0,1213.0,1036.0,0.0,897.0,0.0,0.0,0.0,0.0,0.0,0.0,0.0,0.0,0.0,0.0,0.0,0.0,0.0,0.0,0.0,0.0,0.0,0.0,0.0,0.0,0.0,177.0,1190.0,854.0,0.0,672.0,0.0,0.0,0.0,0.0,0.0,315.0,0.0,0.0,0.0,0.0,0.0,0.0,21.0,0.0,1993.0,9089.0,33.0,253.0
ŚWIĘTOCHŁOWICKI,78372.0,61295.0,17077.0,80.0,60.0,20.0,0.0,0.0,0.0,0.0,51224.0,47101.0,4123.0,40363.0,38032.0,2331.0,778.0,688.0,90.0,2710.0,2175.0,535.0,7373.0,6206.0,1167.0,23657.0,0.0,20118.0,0.0,3432.0,0.0,0.0,17125.0,0.0,0.0,2399.0,9503.0,2695.0,0.0,0.0,0.0,0.0,0.0,0.0,0.0,480.0,0.0,912.0,0.0,0.0,0.0,0.0,0.0,0.0,0.0,0.0,0.0,1226.0,0.0,0.0,924.0,0.0,0.0,0.0,0.0,206.0,0.0,0.0,0.0,0.0,408.0,0.0,0.0,0.0,0.0,0.0,0.0,0.0,0.0,0.0,427.0,0.0,0.0,0.0,0.0,355.0,0.0,0.0,0.0,0.0,0.0,0.0,0.0,0.0,0.0,0.0,0.0,0.0,0.0,0.0,0.0,0.0,0.0,0.0,0.0,0.0,0.0,0.0,0.0,0.0,0.0,0.0,0.0,0.0,0.0,1270.0,0.0,787.0,0.0,0.0,342.0,0.0,1994.0,0.0,0.0,859.0,0.0,0.0,0.0,0.0,0.0,0.0,0.0,0.0,797.0,0.0,0.0,0.0,0.0,0.0,0.0,1567.0,0.0,0.0,211.0,697.0,0.0,0.0,286.0,0.0,0.0,246.0,0.0,0.0,0.0,0.0,521.0,226.0,295.0,2440.0,1780.0,660.0,343.0,4290.0,1908.0,2382.0,0.0,2984.0,2582.0,0.0,0.0,0.0,1137.0,0.0,503.0,0.0,0.0,507.0,0.0,0.0,0.0,169.0,2561.0,2433.0,128.0,239.0,0.0,0.0,0.0,0.0,1784.0,210.0,306.0,0.0,0.0,0.0,0.0,0.0,0.0,0.0,22.0,20217.0,9793.0,10424.0,2187.0,0.0,1242.0,364.0,791.0,0.0,0.0,0.0,0.0,0.0,557.0,0.0,391.0,0.0,0.0,0.0,0.0,0.0,0.0,0.0,388.0,1063.0,828.0,0.0,751.0,0.0,0.0,0.0,0.0,0.0,0.0,0.0,0.0,0.0,0.0,0.0,0.0,0.0,0.0,0.0,0.0,0.0,0.0,0.0,0.0,0.0,235.0,1044.0,524.0,0.0,362.0,0.0,0.0,0.0,0.0,0.0,468.0,0.0,0.0,336.0,0.0,0.0,0.0,52.0,0.0,2018.0,13631.0,0.0,274.0
CHORZÓW,45064.0,33333.0,11731.0,62.0,44.0,18.0,0.0,0.0,0.0,0.0,25615.0,23386.0,2229.0,17736.0,16844.0,892.0,931.0,806.0,125.0,2215.0,1773.0,442.0,4733.0,3963.0,770.0,6729.0,0.0,6656.0,0.0,0.0,0.0,0.0,8516.0,0.0,0.0,259.0,6799.0,0.0,0.0,0.0,0.0,0.0,0.0,0.0,0.0,380.0,0.0,0.0,0.0,0.0,0.0,0.0,0.0,0.0,0.0,0.0,0.0,2017.0,0.0,0.0,0.0,0.0,0.0,0.0,0.0,1802.0,0.0,0.0,0.0,0.0,304.0,0.0,0.0,0.0,0.0,0.0,0.0,0.0,0.0,0.0,626.0,0.0,0.0,0.0,0.0,419.0,0.0,0.0,0.0,0.0,0.0,0.0,0.0,0.0,0.0,0.0,0.0,0.0,0.0,0.0,0.0,0.0,0.0,0.0,0.0,0.0,0.0,0.0,0.0,0.0,0.0,0.0,0.0,0.0,0.0,1343.0,0.0,750.0,0.0,0.0,324.0,0.0,1773.0,0.0,0.0,582.0,0.0,0.0,0.0,0.0,0.0,0.0,0.0,0.0,822.0,0.0,0.0,0.0,0.0,0.0,0.0,1903.0,0.0,0.0,0.0,899.0,299.0,0.0,334.0,0.0,0.0,425.0,0.0,328.0,0.0,0.0,334.0,0.0,210.0,1252.0,981.0,271.0,393.0,4469.0,2382.0,2087.0,0.0,2999.0,2581.0,0.0,182.0,0.0,1100.0,0.0,307.0,0.0,0.0,588.0,0.0,0.0,0.0,370.0,1409.0,1310.0,99.0,181.0,0.0,0.0,0.0,0.0,620.0,281.0,319.0,0.0,0.0,0.0,0.0,0.0,0.0,0.0,8.0,13509.0,6211.0,7298.0,1705.0,0.0,961.0,197.0,548.0,216.0,182.0,0.0,0.0,0.0,355.0,0.0,289.0,0.0,0.0,0.0,0.0,0.0,0.0,0.0,207.0,870.0,600.0,0.0,405.0,0.0,0.0,0.0,0.0,0.0,0.0,0.0,0.0,0.0,0.0,0.0,0.0,0.0,0.0,0.0,0.0,0.0,0.0,0.0,0.0,0.0,270.0,971.0,482.0,0.0,325.0,0.0,0.0,0.0,0.0,0.0,439.0,0.0,0.0,295.0,0.0,0.0,0.0,50.0,0.0,2140.0,7403.0,0.0,420.0
BORSZCZOWSKI,7277.0,5215.0,2062.0,194.0,171.0,23.0,0.0,0.0,128.0,66.0,2848.0,2350.0,498.0,73.0,68.0,5.0,111.0,102.0,9.0,401.0,346.0,55.0,2263.0,1834.0,429.0,0.0,0.0,0.0,0.0,0.0,0.0,0.0,288.0,0.0,0.0,0.0,0.0,0.0,0.0,0.0,0.0,0.0,0.0,0.0,171.0,0.0,0.0,0.0,0.0,0.0,0.0,0.0,0.0,0.0,0.0,0.0,0.0,0.0,0.0,0.0,0.0,0.0,0.0,0.0,0.0,0.0,0.0,0.0,0.0,0.0,0.0,0.0,0.0,0.0,0.0,0.0,0.0,0.0,0.0,0.0,373.0,0.0,0.0,0.0,0.0,183.0,0.0,0.0,103.0,0.0,0.0,0.0,0.0,0.0,0.0,0.0,0.0,0.0,0.0,0.0,0.0,0.0,0.0,0.0,0.0,0.0,0.0,0.0,0.0,0.0,0.0,0.0,0.0,0.0,0.0,920.0,0.0,380.0,0.0,120.0,376.0,0.0,496.0,0.0,207.0,0.0,0.0,0.0,0.0,0.0,0.0,0.0,0.0,0.0,196.0,0.0,0.0,0.0,0.0,0.0,0.0,224.0,0.0,0.0,0.0,181.0,0.0,0.0,0.0,0.0,0.0,0.0,0.0,0.0,0.0,0.0,0.0,0.0,0.0,360.0,242.0,118.0,187.0,1821.0,1280.0,541.0,0.0,1558.0,1276.0,244.0,0.0,0.0,199.0,0.0,0.0,0.0,0.0,133.0,0.0,0.0,0.0,64.0,294.0,282.0,12.0,0.0,0.0,0.0,0.0,0.0,105.0,0.0,116.0,0.0,0.0,0.0,0.0,60.0,0.0,0.0,73.0,2120.0,1132.0,988.0,624.0,0.0,124.0,0.0,77.0,0.0,92.0,0.0,0.0,0.0,215.0,0.0,89.0,0.0,0.0,0.0,192.0,141.0,0.0,0.0,1.0,305.0,233.0,0.0,197.0,0.0,0.0,0.0,0.0,0.0,0.0,0.0,0.0,0.0,0.0,0.0,0.0,0.0,0.0,0.0,0.0,0.0,0.0,0.0,0.0,0.0,72.0,146.0,0.0,0.0,0.0,0.0,0.0,0.0,0.0,0.0,0.0,0.0,0.0,0.0,0.0,0.0,0.0,0.0,0.0,551.0,424.0,0.0,70.0
BRODZKI,9614.0,6705.0,2909.0,234.0,203.0,31.0,0.0,0.0,171.0,63.0,4030.0,3240.0,790.0,173.0,151.0,22.0,235.0,205.0,30.0,737.0,578.0,159.0,2885.0,2306.0,579.0,0.0,0.0,0.0,0.0,0.0,0.0,0.0,349.0,0.0,0.0,0.0,0.0,0.0,0.0,0.0,0.0,0.0,0.0,0.0,145.0,0.0,0.0,0.0,0.0,0.0,0.0,0.0,0.0,0.0,0.0,0.0,0.0,0.0,0.0,0.0,0.0,0.0,0.0,0.0,0.0,0.0,0.0,0.0,0.0,0.0,81.0,0.0,0.0,0.0,0.0,0.0,0.0,0.0,0.0,0.0,567.0,0.0,0.0,0.0,0.0,253.0,0.0,0.0,0.0,0.0,0.0,0.0,0.0,0.0,0.0,0.0,0.0,0.0,0.0,0.0,0.0,0.0,0.0,0.0,0.0,0.0,0.0,0.0,0.0,0.0,116.0,94.0,0.0,0.0,0.0,1075.0,0.0,626.0,0.0,0.0,372.0,0.0,640.0,0.0,309.0,0.0,0.0,0.0,0.0,0.0,0.0,0.0,0.0,0.0,175.0,0.0,0.0,0.0,0.0,0.0,0.0,399.0,0.0,0.0,0.0,328.0,0.0,0.0,0.0,0.0,0.0,0.0,0.0,0.0,0.0,0.0,0.0,0.0,0.0,645.0,429.0,216.0,158.0,1920.0,1315.0,605.0,0.0,1452.0,1352.0,0.0,0.0,0.0,335.0,0.0,152.0,0.0,0.0,150.0,0.0,0.0,70.0,63.0,501.0,475.0,26.0,0.0,0.0,0.0,0.0,0.0,283.0,0.0,145.0,0.0,0.0,0.0,0.0,0.0,0.0,0.0,73.0,2929.0,1472.0,1457.0,514.0,0.0,180.0,0.0,103.0,0.0,89.0,0.0,0.0,0.0,78.0,0.0,75.0,0.0,0.0,0.0,156.0,94.0,0.0,0.0,11.0,373.0,246.0,0.0,187.0,0.0,0.0,0.0,0.0,0.0,0.0,0.0,0.0,0.0,0.0,0.0,0.0,0.0,0.0,0.0,0.0,0.0,0.0,0.0,0.0,0.0,127.0,235.0,0.0,0.0,0.0,0.0,0.0,0.0,0.0,0.0,111.0,0.0,0.0,0.0,0.0,0.0,0.0,0.0,124.0,753.0,791.0,0.0,263.0
BRZEŻAŃSKI,8803.0,6117.0,2686.0,193.0,176.0,17.0,0.0,0.0,149.0,44.0,3507.0,2829.0,678.0,120.0,115.0,5.0,155.0,154.0,1.0,615.0,521.0,94.0,2617.0,2039.0,578.0,0.0,0.0,0.0,0.0,0.0,0.0,0.0,308.0,0.0,0.0,0.0,0.0,0.0,0.0,0.0,0.0,0.0,0.0,0.0,178.0,0.0,0.0,0.0,0.0,0.0,0.0,0.0,0.0,0.0,0.0,0.0,0.0,0.0,0.0,0.0,0.0,0.0,0.0,0.0,0.0,0.0,0.0,0.0,0.0,0.0,138.0,0.0,0.0,0.0,0.0,0.0,0.0,0.0,0.0,0.0,511.0,0.0,0.0,0.0,0.0,239.0,0.0,0.0,0.0,0.0,0.0,0.0,0.0,0.0,0.0,0.0,0.0,0.0,0.0,0.0,0.0,0.0,0.0,0.0,0.0,0.0,0.0,0.0,0.0,0.0,0.0,0.0,0.0,0.0,0.0,844.0,0.0,437.0,0.0,0.0,357.0,0.0,419.0,0.0,151.0,0.0,0.0,0.0,0.0,0.0,0.0,0.0,0.0,0.0,151.0,0.0,0.0,0.0,0.0,0.0,0.0,487.0,0.0,0.0,0.0,421.0,0.0,0.0,0.0,0.0,0.0,0.0,0.0,0.0,0.0,0.0,0.0,0.0,0.0,650.0,391.0,259.0,150.0,1600.0,1141.0,459.0,0.0,1307.0,1221.0,0.0,0.0,0.0,245.0,0.0,131.0,0.0,0.0,97.0,0.0,0.0,0.0,48.0,382.0,362.0,20.0,0.0,0.0,0.0,0.0,0.0,181.0,0.0,109.0,0.0,0.0,0.0,0.0,0.0,0.0,0.0,92.0,3121.0,1609.0,1512.0,644.0,0.0,168.0,0.0,102.0,0.0,189.0,105.0,0.0,0.0,113.0,0.0,86.0,0.0,0.0,0.0,167.0,107.0,0.0,0.0,7.0,368.0,297.0,0.0,227.0,0.0,0.0,0.0,0.0,0.0,0.0,0.0,0.0,0.0,0.0,0.0,0.0,0.0,0.0,0.0,0.0,0.0,0.0,0.0,0.0,0.0,71.0,206.0,0.0,0.0,0.0,0.0,0.0,0.0,0.0,0.0,0.0,0.0,0.0,0.0,0.0,0.0,0.0,0.0,0.0,803.0,808.0,0.0,292.0
BUCZACKI,12406.0,7955.0,4451.0,169.0,146.0,23.0,0.0,0.0,95.0,74.0,5700.0,4239.0,1461.0,837.0,340.0,497.0,204.0,184.0,20.0,697.0,593.0,104.0,3962.0,3122.0,840.0,0.0,0.0,0.0,0.0,0.0,0.0,0.0,468.0,0.0,0.0,0.0,0.0,0.0,0.0,0.0,0.0,0.0,0.0,0.0,276.0,0.0,0.0,0.0,0.0,0.0,0.0,0.0,0.0,0.0,0.0,0.0,0.0,0.0,0.0,0.0,0.0,0.0,0.0,0.0,0.0,0.0,0.0,0.0,0.0,0.0,186.0,0.0,0.0,0.0,0.0,0.0,0.0,0.0,0.0,0.0,545.0,0.0,0.0,0.0,0.0,369.0,0.0,0.0,120.0,0.0,0.0,0.0,0.0,0.0,145.0,0.0,0.0,0.0,0.0,0.0,124.0,0.0,0.0,0.0,0.0,0.0,0.0,0.0,0.0,0.0,0.0,0.0,0.0,0.0,0.0,1625.0,0.0,631.0,0.0,114.0,756.0,0.0,1414.0,0.0,280.0,0.0,0.0,0.0,0.0,0.0,0.0,0.0,0.0,0.0,236.0,713.0,0.0,0.0,0.0,0.0,0.0,513.0,0.0,0.0,0.0,457.0,0.0,0.0,0.0,0.0,0.0,0.0,0.0,0.0,0.0,0.0,0.0,0.0,0.0,658.0,366.0,292.0,146.0,2402.0,1710.0,692.0,0.0,2044.0,1877.0,0.0,0.0,0.0,268.0,0.0,0.0,0.0,0.0,177.0,0.0,0.0,0.0,90.0,406.0,382.0,24.0,0.0,0.0,0.0,0.0,0.0,157.0,0.0,157.0,0.0,0.0,0.0,0.0,0.0,0.0,0.0,92.0,3729.0,1478.0,2251.0,801.0,0.0,259.0,0.0,179.0,0.0,129.0,0.0,0.0,0.0,0.0,0.0,0.0,0.0,0.0,0.0,320.0,238.0,0.0,0.0,93.0,420.0,315.0,0.0,274.0,0.0,0.0,0.0,0.0,0.0,0.0,0.0,0.0,0.0,0.0,0.0,0.0,0.0,0.0,0.0,0.0,0.0,0.0,0.0,0.0,0.0,105.0,248.0,0.0,0.0,0.0,0.0,0.0,0.0,0.0,0.0,0.0,0.0,0.0,0.0,0.0,0.0,0.0,0.0,0.0,1052.0,1091.0,0.0,117.0
CZORTKOWSKI,10026.0,7019.0,3007.0,129.0,114.0,15.0,0.0,0.0,82.0,47.0,3191.0,2456.0,735.0,102.0,87.0,15.0,157.0,147.0,10.0,544.0,455.0,89.0,2388.0,1767.0,621.0,0.0,0.0,0.0,0.0,0.0,0.0,0.0,296.0,0.0,0.0,0.0,0.0,0.0,0.0,0.0,0.0,0.0,0.0,0.0,156.0,0.0,0.0,0.0,0.0,0.0,0.0,0.0,0.0,0.0,0.0,0.0,0.0,0.0,0.0,0.0,0.0,0.0,0.0,0.0,0.0,0.0,0.0,0.0,0.0,0.0,0.0,0.0,0.0,0.0,0.0,0.0,0.0,0.0,0.0,0.0,320.0,0.0,0.0,0.0,0.0,238.0,0.0,0.0,0.0,0.0,0.0,0.0,0.0,0.0,0.0,0.0,0.0,0.0,0.0,0.0,0.0,0.0,0.0,0.0,0.0,0.0,0.0,0.0,0.0,0.0,0.0,0.0,0.0,0.0,0.0,823.0,0.0,427.0,0.0,0.0,314.0,0.0,574.0,0.0,188.0,0.0,0.0,0.0,0.0,0.0,0.0,0.0,0.0,0.0,172.0,0.0,0.0,0.0,0.0,0.0,0.0,312.0,0.0,0.0,0.0,232.0,0.0,0.0,0.0,0.0,0.0,0.0,0.0,0.0,0.0,0.0,0.0,0.0,0.0,670.0,388.0,282.0,196.0,1887.0,1218.0,669.0,0.0,1538.0,1126.0,362.0,0.0,0.0,264.0,0.0,123.0,0.0,0.0,114.0,0.0,0.0,0.0,85.0,757.0,729.0,28.0,0.0,0.0,0.0,0.0,0.0,564.0,0.0,124.0,0.0,0.0,0.0,0.0,0.0,0.0,0.0,69.0,4062.0,2502.0,1560.0,1484.0,0.0,164.0,0.0,79.0,0.0,207.0,100.0,0.0,0.0,965.0,0.0,73.0,0.0,0.0,0.0,137.0,0.0,0.0,0.0,11.0,365.0,270.0,0.0,201.0,0.0,0.0,0.0,0.0,0.0,0.0,0.0,0.0,0.0,0.0,0.0,0.0,0.0,0.0,0.0,0.0,0.0,0.0,0.0,0.0,0.0,95.0,188.0,0.0,0.0,0.0,0.0,0.0,0.0,0.0,0.0,0.0,0.0,0.0,0.0,0.0,0.0,0.0,0.0,0.0,854.0,1052.0,0.0,119.0
KAMIONECKI,7447.0,5368.0,2079.0,188.0,176.0,12.0,0.0,0.0,151.0,37.0,3484.0,2928.0,556.0,409.0,381.0,28.0,203.0,187.0,16.0,573.0,480.0,93.0,2299.0,1880.0,419.0,0.0,0.0,0.0,0.0,0.0,0.0,0.0,260.0,0.0,0.0,0.0,0.0,0.0,0.0,0.0,0.0,0.0,0.0,0.0,159.0,0.0,0.0,0.0,0.0,0.0,0.0,0.0,0.0,0.0,0.0,0.0,0.0,0.0,0.0,0.0,0.0,0.0,0.0,0.0,0.0,0.0,0.0,0.0,0.0,0.0,0.0,0.0,0.0,0.0,0.0,0.0,0.0,0.0,0.0,0.0,809.0,0.0,0.0,221.0,211.0,227.0,0.0,0.0,0.0,0.0,0.0,0.0,0.0,0.0,0.0,0.0,0.0,0.0,0.0,0.0,0.0,0.0,0.0,0.0,0.0,0.0,0.0,0.0,0.0,0.0,0.0,0.0,0.0,0.0,0.0,1084.0,0.0,597.0,0.0,0.0,410.0,0.0,438.0,0.0,110.0,0.0,0.0,0.0,0.0,0.0,0.0,0.0,0.0,0.0,147.0,0.0,0.0,0.0,0.0,0.0,0.0,296.0,0.0,0.0,0.0,247.0,0.0,0.0,0.0,0.0,0.0,0.0,0.0,0.0,0.0,0.0,0.0,0.0,0.0,383.0,270.0,113.0,214.0,1542.0,1049.0,493.0,0.0,1299.0,1250.0,0.0,0.0,0.0,189.0,0.0,0.0,0.0,0.0,115.0,0.0,0.0,0.0,54.0,226.0,215.0,11.0,0.0,0.0,0.0,0.0,0.0,104.0,0.0,65.0,0.0,0.0,0.0,0.0,0.0,0.0,0.0,57.0,2007.0,1000.0,1007.0,433.0,0.0,140.0,0.0,78.0,0.0,0.0,0.0,0.0,0.0,65.0,0.0,61.0,0.0,0.0,0.0,130.0,93.0,0.0,0.0,98.0,283.0,235.0,0.0,180.0,0.0,0.0,0.0,0.0,0.0,0.0,0.0,0.0,0.0,0.0,0.0,0.0,0.0,0.0,0.0,0.0,0.0,0.0,0.0,0.0,0.0,48.0,121.0,0.0,0.0,0.0,0.0,0.0,0.0,0.0,0.0,0.0,0.0,0.0,0.0,0.0,0.0,0.0,0.0,0.0,515.0,482.0,0.0,173.0
PODHAJECKI,4802.0,3323.0,1479.0,94.0,81.0,13.0,0.0,0.0,66.0,28.0,2061.0,1661.0,400.0,35.0,34.0,1.0,52.0,46.0,6.0,277.0,237.0,40.0,1697.0,1344.0,353.0,0.0,0.0,0.0,0.0,0.0,0.0,0.0,246.0,0.0,0.0,0.0,0.0,0.0,0.0,0.0,0.0,0.0,0.0,0.0,176.0,0.0,0.0,0.0,0.0,0.0,0.0,0.0,0.0,0.0,0.0,0.0,0.0,0.0,0.0,0.0,0.0,0.0,0.0,0.0,0.0,0.0,0.0,0.0,0.0,0.0,0.0,0.0,0.0,0.0,0.0,0.0,0.0,0.0,0.0,0.0,278.0,0.0,0.0,0.0,0.0,146.0,0.0,0.0,0.0,0.0,0.0,0.0,0.0,0.0,0.0,0.0,0.0,0.0,0.0,0.0,0.0,0.0,0.0,0.0,0.0,0.0,0.0,0.0,0.0,0.0,0.0,0.0,0.0,0.0,0.0,634.0,0.0,302.0,0.0,0.0,297.0,0.0,306.0,0.0,136.0,0.0,0.0,0.0,0.0,0.0,0.0,0.0,0.0,0.0,102.0,0.0,0.0,0.0,0.0,0.0,0.0,170.0,0.0,0.0,0.0,138.0,0.0,0.0,0.0,0.0,0.0,0.0,0.0,0.0,0.0,0.0,0.0,0.0,0.0,225.0,124.0,101.0,202.0,954.0,714.0,240.0,0.0,819.0,776.0,0.0,0.0,0.0,108.0,0.0,0.0,0.0,0.0,0.0,0.0,0.0,0.0,27.0,125.0,107.0,18.0,0.0,0.0,0.0,0.0,0.0,0.0,0.0,0.0,0.0,0.0,0.0,0.0,0.0,0.0,0.0,0.0,1568.0,760.0,808.0,405.0,0.0,122.0,0.0,0.0,0.0,83.0,0.0,0.0,0.0,0.0,0.0,0.0,0.0,0.0,0.0,130.0,95.0,0.0,0.0,70.0,214.0,174.0,0.0,168.0,0.0,0.0,0.0,0.0,0.0,0.0,0.0,0.0,0.0,0.0,0.0,0.0,0.0,0.0,0.0,0.0,0.0,0.0,0.0,0.0,0.0,40.0,122.0,0.0,0.0,0.0,0.0,0.0,0.0,0.0,0.0,0.0,0.0,0.0,0.0,0.0,0.0,0.0,0.0,0.0,485.0,272.0,0.0,70.0
PRZEMYŚLAŃSKI,6904.0,4756.0,2148.0,160.0,137.0,23.0,0.0,0.0,120.0,40.0,2922.0,2238.0,684.0,125.0,109.0,16.0,207.0,97.0,110.0,525.0,334.0,191.0,2065.0,1698.0,367.0,0.0,0.0,0.0,0.0,0.0,0.0,0.0,224.0,0.0,0.0,0.0,0.0,0.0,0.0,0.0,0.0,0.0,0.0,0.0,131.0,0.0,0.0,0.0,0.0,0.0,0.0,0.0,0.0,0.0,0.0,0.0,0.0,0.0,0.0,0.0,0.0,0.0,0.0,0.0,0.0,0.0,0.0,0.0,0.0,0.0,73.0,0.0,0.0,0.0,0.0,0.0,0.0,0.0,0.0,0.0,375.0,0.0,0.0,0.0,0.0,238.0,0.0,0.0,0.0,0.0,0.0,0.0,0.0,0.0,369.0,0.0,0.0,0.0,0.0,0.0,0.0,0.0,0.0,0.0,0.0,0.0,0.0,293.0,0.0,0.0,0.0,0.0,0.0,0.0,0.0,763.0,0.0,385.0,0.0,0.0,350.0,0.0,402.0,0.0,187.0,0.0,0.0,0.0,0.0,0.0,0.0,0.0,0.0,0.0,118.0,0.0,0.0,0.0,0.0,0.0,0.0,212.0,0.0,0.0,0.0,165.0,0.0,0.0,0.0,0.0,0.0,0.0,0.0,0.0,0.0,0.0,0.0,0.0,0.0,385.0,248.0,137.0,119.0,1174.0,860.0,314.0,0.0,1003.0,941.0,0.0,0.0,0.0,123.0,0.0,0.0,0.0,0.0,86.0,0.0,0.0,0.0,48.0,391.0,378.0,13.0,0.0,0.0,0.0,0.0,0.0,258.0,0.0,0.0,0.0,0.0,0.0,0.0,0.0,0.0,0.0,133.0,2257.0,1143.0,1114.0,649.0,0.0,132.0,0.0,89.0,0.0,111.0,0.0,0.0,0.0,58.0,0.0,0.0,0.0,0.0,0.0,344.0,300.0,0.0,0.0,4.0,318.0,236.0,0.0,215.0,0.0,0.0,0.0,0.0,0.0,0.0,0.0,0.0,0.0,0.0,0.0,0.0,0.0,0.0,0.0,0.0,0.0,0.0,0.0,0.0,0.0,82.0,123.0,0.0,0.0,0.0,0.0,0.0,0.0,0.0,0.0,0.0,0.0,0.0,0.0,0.0,0.0,0.0,0.0,0.0,581.0,520.0,0.0,66.0
RADZIECHOWSKI,5530.0,3968.0,1562.0,119.0,114.0,5.0,0.0,0.0,95.0,24.0,2405.0,1996.0,409.0,82.0,80.0,2.0,69.0,66.0,3.0,356.0,290.0,66.0,1898.0,1560.0,338.0,0.0,0.0,0.0,0.0,0.0,0.0,0.0,215.0,0.0,0.0,0.0,0.0,0.0,0.0,0.0,0.0,0.0,0.0,0.0,121.0,0.0,0.0,0.0,0.0,0.0,0.0,0.0,0.0,0.0,0.0,0.0,0.0,0.0,0.0,0.0,0.0,0.0,0.0,0.0,0.0,0.0,0.0,0.0,0.0,0.0,0.0,0.0,0.0,0.0,0.0,0.0,0.0,0.0,0.0,0.0,354.0,0.0,0.0,0.0,0.0,195.0,0.0,0.0,0.0,0.0,0.0,0.0,0.0,0.0,0.0,0.0,0.0,0.0,0.0,0.0,0.0,0.0,0.0,0.0,0.0,0.0,0.0,0.0,0.0,0.0,0.0,0.0,0.0,0.0,0.0,903.0,0.0,555.0,0.0,0.0,311.0,0.0,395.0,0.0,132.0,0.0,0.0,0.0,0.0,0.0,0.0,0.0,0.0,0.0,157.0,0.0,0.0,0.0,0.0,0.0,0.0,205.0,0.0,0.0,0.0,167.0,0.0,0.0,0.0,0.0,0.0,0.0,0.0,0.0,0.0,0.0,0.0,0.0,0.0,153.0,111.0,42.0,180.0,1363.0,945.0,418.0,0.0,1161.0,1097.0,0.0,0.0,0.0,154.0,0.0,0.0,0.0,0.0,118.0,0.0,0.0,0.0,48.0,182.0,168.0,14.0,0.0,0.0,0.0,0.0,0.0,77.0,0.0,0.0,0.0,0.0,0.0,0.0,0.0,0.0,0.0,105.0,1461.0,745.0,716.0,329.0,0.0,106.0,0.0,0.0,0.0,0.0,0.0,0.0,0.0,63.0,0.0,0.0,0.0,0.0,0.0,96.0,0.0,0.0,0.0,64.0,243.0,186.0,0.0,163.0,0.0,0.0,0.0,0.0,0.0,0.0,0.0,0.0,0.0,0.0,0.0,0.0,0.0,0.0,0.0,0.0,0.0,0.0,0.0,0.0,0.0,57.0,97.0,0.0,0.0,0.0,0.0,0.0,0.0,0.0,0.0,0.0,0.0,0.0,0.0,0.0,0.0,0.0,0.0,0.0,390.0,343.0,0.0,59.0
SKAŁACKI,8172.0,5989.0,2183.0,140.0,123.0,17.0,0.0,0.0,83.0,57.0,3213.0,2571.0,642.0,12.0,11.0,1.0,120.0,113.0,7.0,560.0,483.0,77.0,2521.0,1964.0,557.0,0.0,0.0,0.0,0.0,0.0,0.0,0.0,297.0,0.0,0.0,0.0,0.0,0.0,0.0,0.0,0.0,0.0,0.0,0.0,153.0,0.0,0.0,0.0,0.0,0.0,0.0,0.0,0.0,0.0,0.0,0.0,0.0,0.0,0.0,0.0,0.0,0.0,0.0,0.0,0.0,0.0,0.0,0.0,0.0,0.0,0.0,0.0,0.0,0.0,0.0,0.0,0.0,0.0,0.0,0.0,326.0,0.0,0.0,0.0,0.0,218.0,0.0,0.0,0.0,0.0,0.0,0.0,0.0,0.0,97.0,0.0,0.0,0.0,0.0,0.0,96.0,0.0,0.0,0.0,0.0,0.0,0.0,0.0,0.0,0.0,0.0,0.0,0.0,0.0,0.0,989.0,0.0,445.0,0.0,0.0,494.0,0.0,442.0,0.0,203.0,0.0,0.0,0.0,0.0,0.0,0.0,0.0,0.0,0.0,153.0,0.0,0.0,0.0,0.0,0.0,0.0,217.0,0.0,0.0,0.0,163.0,0.0,0.0,0.0,0.0,0.0,0.0,0.0,0.0,0.0,0.0,0.0,0.0,0.0,725.0,451.0,274.0,120.0,1795.0,1354.0,441.0,0.0,1521.0,1451.0,0.0,0.0,0.0,217.0,0.0,0.0,0.0,0.0,120.0,0.0,0.0,0.0,57.0,371.0,352.0,19.0,0.0,0.0,0.0,0.0,0.0,196.0,0.0,94.0,0.0,0.0,0.0,0.0,0.0,0.0,0.0,81.0,2653.0,1589.0,1064.0,1059.0,0.0,142.0,0.0,87.0,0.0,97.0,0.0,0.0,0.0,698.0,0.0,66.0,0.0,0.0,0.0,119.0,74.0,0.0,0.0,3.0,303.0,215.0,0.0,192.0,0.0,0.0,0.0,0.0,0.0,0.0,0.0,0.0,0.0,0.0,0.0,0.0,0.0,0.0,0.0,0.0,0.0,0.0,0.0,0.0,0.0,88.0,173.0,0.0,0.0,0.0,0.0,0.0,0.0,0.0,0.0,0.0,0.0,0.0,0.0,0.0,0.0,0.0,0.0,0.0,605.0,447.0,0.0,66.0
TARNOPOLSKI,18472.0,12676.0,5796.0,181.0,151.0,30.0,0.0,0.0,0.0,0.0,6710.0,5251.0,1459.0,212.0,188.0,24.0,177.0,169.0,8.0,1369.0,1122.0,247.0,4952.0,3772.0,1180.0,0.0,0.0,0.0,0.0,0.0,0.0,0.0,576.0,0.0,0.0,0.0,0.0,0.0,0.0,0.0,0.0,0.0,0.0,0.0,202.0,223.0,0.0,0.0,0.0,0.0,0.0,0.0,0.0,0.0,0.0,0.0,0.0,0.0,0.0,0.0,0.0,0.0,0.0,0.0,0.0,0.0,0.0,0.0,0.0,0.0,177.0,0.0,0.0,0.0,0.0,0.0,0.0,0.0,0.0,0.0,668.0,0.0,0.0,0.0,0.0,516.0,0.0,0.0,0.0,0.0,0.0,0.0,0.0,0.0,0.0,0.0,0.0,0.0,0.0,0.0,0.0,0.0,0.0,0.0,0.0,0.0,0.0,0.0,0.0,0.0,0.0,0.0,0.0,0.0,0.0,1684.0,0.0,905.0,0.0,0.0,623.0,0.0,986.0,0.0,470.0,184.0,0.0,0.0,0.0,0.0,0.0,0.0,0.0,0.0,234.0,0.0,0.0,0.0,0.0,0.0,0.0,634.0,0.0,0.0,0.0,444.0,0.0,0.0,0.0,0.0,0.0,0.0,0.0,0.0,0.0,0.0,0.0,0.0,0.0,1603.0,984.0,619.0,382.0,3893.0,2926.0,967.0,0.0,2962.0,2762.0,0.0,0.0,0.0,737.0,0.0,409.0,0.0,0.0,257.0,0.0,0.0,0.0,194.0,1207.0,1145.0,62.0,148.0,0.0,0.0,0.0,0.0,736.0,0.0,287.0,0.0,0.0,0.0,0.0,0.0,0.0,0.0,36.0,6481.0,3203.0,3278.0,1424.0,0.0,571.0,279.0,198.0,0.0,272.0,0.0,0.0,0.0,307.0,0.0,272.0,0.0,0.0,0.0,241.0,0.0,0.0,0.0,33.0,791.0,573.0,0.0,319.0,0.0,0.0,0.0,0.0,0.0,0.0,0.0,0.0,0.0,0.0,0.0,0.0,0.0,0.0,0.0,0.0,0.0,0.0,0.0,0.0,0.0,218.0,493.0,239.0,0.0,0.0,0.0,0.0,0.0,0.0,0.0,221.0,0.0,0.0,0.0,0.0,0.0,0.0,33.0,0.0,1854.0,1459.0,0.0,460.0
TREMBOWELSKI,6047.0,4143.0,1904.0,169.0,126.0,43.0,0.0,0.0,111.0,58.0,2619.0,2071.0,548.0,43.0,41.0,2.0,106.0,97.0,9.0,364.0,314.0,50.0,2106.0,1619.0,487.0,0.0,0.0,0.0,0.0,0.0,0.0,0.0,246.0,0.0,0.0,0.0,0.0,0.0,0.0,0.0,0.0,0.0,0.0,0.0,153.0,0.0,0.0,0.0,0.0,0.0,0.0,0.0,0.0,0.0,0.0,0.0,0.0,0.0,0.0,0.0,0.0,0.0,0.0,0.0,0.0,0.0,0.0,0.0,0.0,0.0,125.0,0.0,0.0,0.0,0.0,0.0,0.0,0.0,0.0,0.0,273.0,0.0,0.0,0.0,0.0,176.0,0.0,0.0,0.0,0.0,0.0,0.0,0.0,0.0,86.0,0.0,0.0,0.0,0.0,0.0,0.0,0.0,0.0,0.0,0.0,0.0,0.0,0.0,0.0,0.0,0.0,0.0,0.0,0.0,0.0,706.0,0.0,367.0,0.0,0.0,300.0,0.0,420.0,0.0,231.0,0.0,0.0,0.0,0.0,0.0,0.0,0.0,0.0,0.0,103.0,0.0,0.0,0.0,0.0,0.0,0.0,282.0,0.0,0.0,0.0,249.0,0.0,0.0,0.0,0.0,0.0,0.0,0.0,0.0,0.0,0.0,0.0,0.0,0.0,413.0,219.0,194.0,68.0,1204.0,843.0,361.0,0.0,1014.0,958.0,0.0,0.0,0.0,165.0,0.0,0.0,0.0,0.0,100.0,0.0,0.0,0.0,25.0,149.0,138.0,11.0,0.0,0.0,0.0,0.0,0.0,0.0,0.0,0.0,0.0,0.0,0.0,0.0,0.0,0.0,0.0,0.0,1906.0,965.0,941.0,374.0,0.0,137.0,0.0,86.0,0.0,0.0,0.0,0.0,0.0,0.0,0.0,0.0,0.0,0.0,0.0,108.0,0.0,0.0,0.0,129.0,254.0,204.0,0.0,172.0,0.0,0.0,0.0,0.0,0.0,0.0,0.0,0.0,0.0,0.0,0.0,0.0,0.0,0.0,0.0,0.0,0.0,0.0,0.0,0.0,0.0,50.0,144.0,0.0,0.0,0.0,0.0,0.0,0.0,0.0,0.0,0.0,0.0,0.0,0.0,0.0,0.0,0.0,0.0,0.0,537.0,457.0,0.0,140.0
ZALESZCZYCKI,5663.0,3975.0,1688.0,181.0,154.0,27.0,99.0,6.0,76.0,0.0,2133.0,1719.0,414.0,27.0,26.0,1.0,67.0,64.0,3.0,251.0,215.0,36.0,1788.0,1414.0,374.0,0.0,0.0,0.0,0.0,0.0,0.0,0.0,265.0,0.0,0.0,0.0,0.0,0.0,0.0,0.0,0.0,0.0,0.0,0.0,180.0,0.0,0.0,0.0,0.0,0.0,0.0,0.0,0.0,0.0,0.0,0.0,0.0,0.0,0.0,0.0,0.0,0.0,0.0,0.0,0.0,0.0,0.0,0.0,0.0,0.0,0.0,0.0,0.0,0.0,0.0,0.0,0.0,0.0,0.0,0.0,264.0,0.0,0.0,0.0,0.0,135.0,0.0,0.0,108.0,0.0,0.0,0.0,0.0,0.0,0.0,0.0,0.0,0.0,0.0,0.0,0.0,0.0,0.0,0.0,0.0,0.0,0.0,0.0,0.0,0.0,0.0,0.0,0.0,0.0,0.0,639.0,0.0,281.0,0.0,98.0,233.0,0.0,384.0,0.0,177.0,0.0,0.0,0.0,0.0,0.0,0.0,0.0,0.0,0.0,131.0,0.0,0.0,0.0,0.0,0.0,0.0,231.0,0.0,0.0,0.0,203.0,0.0,0.0,0.0,0.0,0.0,0.0,0.0,0.0,0.0,0.0,0.0,0.0,0.0,158.0,68.0,90.0,192.0,1167.0,852.0,315.0,0.0,971.0,933.0,0.0,0.0,0.0,163.0,0.0,0.0,0.0,0.0,0.0,0.0,0.0,0.0,33.0,175.0,164.0,11.0,0.0,0.0,0.0,0.0,0.0,0.0,0.0,69.0,0.0,0.0,0.0,0.0,0.0,0.0,0.0,106.0,2007.0,1086.0,921.0,582.0,0.0,133.0,0.0,81.0,0.0,0.0,0.0,0.0,0.0,270.0,0.0,51.0,0.0,0.0,0.0,95.0,0.0,0.0,0.0,84.0,254.0,186.0,0.0,151.0,0.0,0.0,0.0,0.0,0.0,0.0,0.0,0.0,0.0,0.0,0.0,0.0,0.0,0.0,0.0,0.0,0.0,0.0,0.0,0.0,0.0,68.0,164.0,0.0,0.0,0.0,0.0,0.0,0.0,0.0,0.0,0.0,0.0,0.0,0.0,0.0,0.0,0.0,0.0,0.0,495.0,459.0,0.0,53.0
ZBARASKI,4079.0,2830.0,1249.0,34.0,34.0,0.0,0.0,0.0,0.0,0.0,1549.0,1232.0,317.0,39.0,39.0,0.0,105.0,101.0,4.0,187.0,163.0,24.0,1218.0,929.0,289.0,0.0,0.0,0.0,0.0,0.0,0.0,0.0,152.0,0.0,0.0,0.0,0.0,0.0,0.0,0.0,0.0,0.0,0.0,0.0,0.0,0.0,0.0,0.0,0.0,0.0,0.0,0.0,0.0,0.0,0.0,0.0,0.0,0.0,0.0,0.0,0.0,0.0,0.0,0.0,0.0,0.0,0.0,0.0,0.0,0.0,0.0,0.0,0.0,0.0,0.0,0.0,0.0,0.0,0.0,0.0,164.0,0.0,0.0,0.0,0.0,108.0,0.0,0.0,0.0,0.0,0.0,0.0,0.0,0.0,0.0,0.0,0.0,0.0,0.0,0.0,0.0,0.0,0.0,0.0,0.0,0.0,0.0,0.0,0.0,0.0,0.0,0.0,0.0,0.0,0.0,375.0,0.0,168.0,0.0,0.0,183.0,0.0,268.0,0.0,164.0,0.0,0.0,0.0,0.0,0.0,0.0,0.0,0.0,0.0,0.0,0.0,0.0,0.0,0.0,0.0,0.0,110.0,0.0,0.0,0.0,85.0,0.0,0.0,0.0,0.0,0.0,0.0,0.0,0.0,0.0,0.0,0.0,0.0,0.0,378.0,234.0,144.0,102.0,847.0,613.0,234.0,0.0,713.0,670.0,0.0,0.0,0.0,109.0,0.0,0.0,0.0,0.0,0.0,0.0,0.0,0.0,25.0,135.0,124.0,11.0,0.0,0.0,0.0,0.0,0.0,0.0,0.0,0.0,0.0,0.0,0.0,0.0,0.0,0.0,0.0,0.0,1514.0,827.0,687.0,541.0,0.0,114.0,0.0,0.0,0.0,0.0,0.0,0.0,0.0,241.0,0.0,0.0,0.0,0.0,0.0,109.0,0.0,0.0,0.0,77.0,178.0,145.0,0.0,130.0,0.0,0.0,0.0,0.0,0.0,0.0,0.0,0.0,0.0,0.0,0.0,0.0,0.0,0.0,0.0,0.0,0.0,0.0,0.0,0.0,0.0,33.0,104.0,0.0,0.0,0.0,0.0,0.0,0.0,0.0,0.0,0.0,0.0,0.0,0.0,0.0,0.0,0.0,0.0,0.0,392.0,233.0,0.0,66.0
ZBOROWSKI,4703.0,3326.0,1377.0,97.0,68.0,29.0,0.0,0.0,0.0,0.0,1868.0,1516.0,352.0,25.0,23.0,2.0,51.0,49.0,2.0,286.0,252.0,34.0,1506.0,1192.0,314.0,0.0,0.0,0.0,0.0,0.0,0.0,0.0,177.0,0.0,0.0,0.0,0.0,0.0,0.0,0.0,0.0,0.0,0.0,0.0,105.0,0.0,0.0,0.0,0.0,0.0,0.0,0.0,0.0,0.0,0.0,0.0,0.0,0.0,0.0,0.0,0.0,0.0,0.0,0.0,0.0,0.0,0.0,0.0,0.0,0.0,0.0,0.0,0.0,0.0,0.0,0.0,0.0,0.0,0.0,0.0,205.0,0.0,0.0,0.0,0.0,155.0,0.0,0.0,0.0,0.0,0.0,0.0,0.0,0.0,0.0,0.0,0.0,0.0,0.0,0.0,0.0,0.0,0.0,0.0,0.0,0.0,0.0,0.0,0.0,0.0,0.0,0.0,0.0,0.0,0.0,564.0,0.0,275.0,0.0,0.0,246.0,0.0,293.0,0.0,127.0,0.0,0.0,0.0,0.0,0.0,0.0,0.0,0.0,0.0,110.0,0.0,0.0,0.0,0.0,0.0,0.0,157.0,0.0,0.0,0.0,133.0,0.0,0.0,0.0,0.0,0.0,0.0,0.0,0.0,0.0,0.0,0.0,0.0,0.0,386.0,216.0,170.0,86.0,1115.0,844.0,271.0,0.0,952.0,901.0,0.0,0.0,0.0,104.0,0.0,0.0,0.0,0.0,0.0,0.0,0.0,0.0,59.0,197.0,188.0,9.0,0.0,0.0,0.0,0.0,0.0,81.0,0.0,0.0,0.0,0.0,0.0,0.0,0.0,0.0,0.0,116.0,1426.0,710.0,716.0,341.0,0.0,102.0,0.0,0.0,0.0,0.0,0.0,0.0,0.0,0.0,0.0,0.0,0.0,0.0,0.0,107.0,73.0,0.0,0.0,132.0,205.0,172.0,0.0,164.0,0.0,0.0,0.0,0.0,0.0,0.0,0.0,0.0,0.0,0.0,0.0,0.0,0.0,0.0,0.0,0.0,0.0,0.0,0.0,0.0,0.0,33.0,101.0,0.0,0.0,0.0,0.0,0.0,0.0,0.0,0.0,0.0,0.0,0.0,0.0,0.0,0.0,0.0,0.0,0.0,418.0,331.0,0.0,30.0
ZŁOCZOWSKI,12343.0,8616.0,3727.0,164.0,145.0,19.0,0.0,0.0,124.0,40.0,4968.0,4023.0,945.0,73.0,69.0,4.0,286.0,247.0,39.0,812.0,665.0,147.0,3797.0,3042.0,755.0,0.0,0.0,0.0,0.0,0.0,0.0,0.0,419.0,0.0,0.0,0.0,0.0,0.0,0.0,0.0,0.0,0.0,0.0,0.0,214.0,0.0,0.0,0.0,0.0,0.0,0.0,0.0,0.0,0.0,0.0,0.0,0.0,0.0,0.0,0.0,0.0,0.0,0.0,0.0,0.0,0.0,0.0,0.0,0.0,0.0,196.0,0.0,0.0,0.0,0.0,0.0,0.0,138.0,0.0,0.0,565.0,0.0,0.0,0.0,0.0,357.0,0.0,0.0,0.0,0.0,0.0,0.0,0.0,0.0,197.0,0.0,0.0,0.0,0.0,0.0,0.0,0.0,0.0,0.0,0.0,0.0,0.0,0.0,0.0,0.0,0.0,0.0,0.0,0.0,0.0,1360.0,0.0,772.0,0.0,0.0,542.0,0.0,641.0,0.0,246.0,0.0,0.0,0.0,0.0,0.0,0.0,0.0,0.0,0.0,238.0,0.0,0.0,0.0,0.0,0.0,0.0,744.0,0.0,0.0,0.0,591.0,0.0,0.0,0.0,0.0,0.0,0.0,0.0,0.0,0.0,0.0,0.0,0.0,0.0,627.0,365.0,262.0,219.0,2181.0,1516.0,665.0,0.0,1684.0,1582.0,0.0,0.0,0.0,375.0,0.0,171.0,0.0,0.0,182.0,0.0,0.0,0.0,122.0,715.0,674.0,41.0,0.0,0.0,0.0,0.0,0.0,434.0,0.0,144.0,0.0,0.0,0.0,0.0,0.0,0.0,0.0,137.0,4315.0,2258.0,2057.0,789.0,0.0,185.0,0.0,0.0,0.0,206.0,105.0,0.0,0.0,140.0,0.0,110.0,0.0,0.0,0.0,248.0,165.0,0.0,0.0,10.0,460.0,361.0,0.0,278.0,0.0,0.0,0.0,0.0,0.0,0.0,0.0,0.0,0.0,0.0,0.0,0.0,0.0,0.0,0.0,0.0,0.0,0.0,0.0,0.0,0.0,99.0,294.0,0.0,0.0,0.0,0.0,0.0,0.0,0.0,0.0,0.0,0.0,0.0,0.0,0.0,0.0,0.0,0.0,0.0,1061.0,1246.0,0.0,465.0
KOPYCZYNIECKI,7040.0,5058.0,1982.0,157.0,146.0,11.0,0.0,0.0,120.0,37.0,2536.0,1990.0,546.0,10.0,6.0,4.0,91.0,89.0,2.0,522.0,419.0,103.0,1913.0,1476.0,437.0,0.0,0.0,0.0,0.0,0.0,0.0,0.0,272.0,0.0,0.0,0.0,0.0,0.0,0.0,0.0,0.0,0.0,0.0,0.0,159.0,0.0,0.0,0.0,0.0,0.0,0.0,0.0,0.0,0.0,0.0,0.0,0.0,0.0,0.0,0.0,0.0,0.0,0.0,0.0,0.0,0.0,0.0,0.0,0.0,0.0,0.0,0.0,0.0,0.0,0.0,0.0,0.0,0.0,0.0,0.0,305.0,0.0,0.0,0.0,0.0,183.0,0.0,0.0,0.0,0.0,0.0,0.0,0.0,0.0,0.0,0.0,0.0,0.0,0.0,0.0,0.0,0.0,0.0,0.0,0.0,0.0,0.0,0.0,0.0,0.0,0.0,0.0,0.0,0.0,0.0,793.0,0.0,411.0,0.0,0.0,325.0,0.0,403.0,0.0,132.0,0.0,0.0,0.0,0.0,0.0,0.0,0.0,0.0,0.0,166.0,0.0,0.0,0.0,0.0,0.0,0.0,194.0,0.0,0.0,0.0,155.0,0.0,0.0,0.0,0.0,0.0,0.0,0.0,0.0,0.0,0.0,0.0,0.0,0.0,376.0,223.0,153.0,193.0,1621.0,1182.0,439.0,0.0,1375.0,1280.0,0.0,0.0,0.0,170.0,0.0,0.0,0.0,0.0,128.0,0.0,0.0,0.0,76.0,321.0,310.0,11.0,0.0,0.0,0.0,0.0,0.0,160.0,0.0,101.0,0.0,0.0,0.0,0.0,0.0,0.0,0.0,60.0,2405.0,1430.0,975.0,931.0,0.0,137.0,0.0,89.0,0.0,87.0,0.0,0.0,0.0,550.0,0.0,66.0,0.0,0.0,0.0,147.0,0.0,0.0,0.0,10.0,269.0,217.0,0.0,200.0,0.0,0.0,0.0,0.0,0.0,0.0,0.0,0.0,0.0,0.0,0.0,0.0,0.0,0.0,0.0,0.0,0.0,0.0,0.0,0.0,0.0,52.0,158.0,0.0,0.0,0.0,0.0,0.0,0.0,0.0,0.0,0.0,0.0,0.0,0.0,0.0,0.0,0.0,0.0,0.0,575.0,387.0,0.0,85.0
BŁOŃSKI,34972.0,23499.0,11473.0,522.0,426.0,96.0,361.0,22.0,139.0,0.0,20382.0,15297.0,5085.0,7452.0,4927.0,2525.0,747.0,545.0,202.0,3977.0,3293.0,684.0,8206.0,6532.0,1674.0,0.0,0.0,0.0,0.0,0.0,0.0,0.0,1922.0,249.0,0.0,0.0,0.0,0.0,0.0,0.0,0.0,0.0,0.0,0.0,317.0,409.0,0.0,0.0,0.0,0.0,155.0,0.0,0.0,0.0,0.0,0.0,0.0,834.0,154.0,0.0,0.0,0.0,498.0,0.0,0.0,0.0,0.0,0.0,0.0,0.0,856.0,0.0,0.0,0.0,0.0,0.0,682.0,0.0,0.0,0.0,885.0,0.0,0.0,0.0,0.0,574.0,0.0,0.0,0.0,0.0,0.0,0.0,0.0,0.0,4628.0,0.0,0.0,0.0,0.0,0.0,0.0,0.0,0.0,3797.0,0.0,0.0,0.0,0.0,0.0,494.0,296.0,0.0,190.0,0.0,0.0,3156.0,0.0,1327.0,411.0,0.0,1310.0,0.0,2579.0,0.0,261.0,402.0,0.0,941.0,0.0,0.0,0.0,0.0,0.0,0.0,753.0,0.0,0.0,0.0,0.0,0.0,0.0,2652.0,0.0,0.0,759.0,1332.0,0.0,0.0,266.0,0.0,0.0,0.0,0.0,0.0,0.0,0.0,0.0,0.0,0.0,2162.0,1555.0,607.0,412.0,3670.0,2119.0,1551.0,0.0,2443.0,2232.0,0.0,0.0,0.0,945.0,0.0,681.0,0.0,0.0,224.0,194.0,0.0,0.0,88.0,2361.0,2240.0,121.0,288.0,0.0,0.0,0.0,0.0,1523.0,0.0,413.0,0.0,0.0,0.0,0.0,174.0,0.0,0.0,137.0,8037.0,3417.0,4620.0,1425.0,0.0,833.0,376.0,327.0,0.0,0.0,0.0,0.0,0.0,254.0,0.0,163.0,0.0,0.0,0.0,199.0,0.0,0.0,0.0,139.0,906.0,578.0,0.0,426.0,0.0,0.0,0.0,0.0,0.0,0.0,0.0,0.0,0.0,0.0,0.0,0.0,0.0,0.0,0.0,0.0,0.0,0.0,0.0,0.0,0.0,328.0,882.0,346.0,0.0,0.0,0.0,0.0,0.0,0.0,0.0,477.0,0.0,0.0,325.0,0.0,0.0,0.0,59.0,0.0,1848.0,2666.0,0.0,310.0
CIECHANOWSKI,8606.0,5894.0,2712.0,191.0,155.0,36.0,126.0,8.0,57.0,0.0,4515.0,3654.0,861.0,783.0,714.0,69.0,82.0,72.0,10.0,1193.0,969.0,224.0,2457.0,1899.0,558.0,0.0,0.0,0.0,0.0,0.0,0.0,0.0,373.0,0.0,0.0,0.0,0.0,0.0,0.0,0.0,0.0,0.0,0.0,0.0,216.0,0.0,0.0,0.0,0.0,0.0,0.0,0.0,0.0,0.0,0.0,0.0,0.0,0.0,0.0,0.0,0.0,0.0,0.0,0.0,0.0,0.0,0.0,0.0,0.0,0.0,113.0,0.0,0.0,0.0,0.0,0.0,98.0,0.0,0.0,0.0,294.0,0.0,0.0,0.0,0.0,175.0,0.0,0.0,0.0,0.0,0.0,0.0,0.0,0.0,0.0,0.0,0.0,0.0,0.0,0.0,0.0,0.0,0.0,0.0,0.0,0.0,0.0,0.0,0.0,0.0,0.0,0.0,0.0,0.0,0.0,1193.0,0.0,622.0,0.0,0.0,489.0,0.0,1185.0,0.0,173.0,119.0,0.0,617.0,0.0,0.0,0.0,0.0,0.0,0.0,181.0,0.0,0.0,0.0,0.0,0.0,0.0,342.0,0.0,0.0,0.0,240.0,0.0,0.0,0.0,0.0,0.0,0.0,0.0,0.0,0.0,0.0,0.0,0.0,0.0,889.0,627.0,262.0,126.0,1296.0,778.0,518.0,0.0,959.0,898.0,0.0,0.0,0.0,260.0,0.0,167.0,0.0,0.0,0.0,0.0,0.0,0.0,77.0,361.0,339.0,22.0,0.0,0.0,0.0,0.0,0.0,132.0,0.0,141.0,0.0,0.0,0.0,0.0,0.0,0.0,0.0,88.0,2243.0,968.0,1275.0,375.0,0.0,169.0,0.0,92.0,0.0,0.0,0.0,0.0,0.0,75.0,0.0,0.0,0.0,0.0,0.0,79.0,0.0,0.0,0.0,52.0,343.0,278.0,0.0,213.0,0.0,0.0,0.0,0.0,0.0,0.0,0.0,0.0,0.0,0.0,0.0,0.0,0.0,0.0,0.0,0.0,0.0,0.0,0.0,0.0,0.0,65.0,206.0,0.0,0.0,0.0,0.0,0.0,0.0,0.0,0.0,0.0,0.0,0.0,0.0,0.0,0.0,0.0,0.0,0.0,685.0,468.0,0.0,166.0
GOSTYNIŃSKI,7848.0,5665.0,2183.0,288.0,262.0,26.0,0.0,0.0,170.0,118.0,4299.0,3589.0,710.0,575.0,494.0,81.0,223.0,208.0,15.0,1193.0,1048.0,145.0,2308.0,1839.0,469.0,0.0,0.0,0.0,0.0,0.0,0.0,0.0,361.0,0.0,0.0,0.0,0.0,0.0,0.0,0.0,0.0,0.0,0.0,0.0,149.0,0.0,0.0,0.0,0.0,0.0,0.0,0.0,0.0,0.0,0.0,0.0,0.0,0.0,0.0,0.0,0.0,0.0,0.0,0.0,0.0,0.0,0.0,0.0,0.0,0.0,109.0,0.0,0.0,0.0,0.0,0.0,62.0,0.0,0.0,0.0,469.0,0.0,0.0,0.0,77.0,202.0,0.0,0.0,0.0,0.0,0.0,334.0,333.0,0.0,0.0,0.0,0.0,0.0,0.0,0.0,0.0,0.0,0.0,0.0,0.0,0.0,0.0,0.0,0.0,0.0,0.0,0.0,0.0,0.0,0.0,1107.0,0.0,496.0,0.0,0.0,544.0,0.0,675.0,0.0,215.0,94.0,0.0,113.0,0.0,0.0,0.0,0.0,0.0,0.0,188.0,0.0,0.0,0.0,0.0,0.0,0.0,352.0,0.0,0.0,0.0,249.0,0.0,0.0,0.0,0.0,0.0,0.0,0.0,0.0,0.0,0.0,0.0,0.0,0.0,694.0,446.0,248.0,198.0,1050.0,661.0,389.0,0.0,833.0,742.0,0.0,70.0,0.0,189.0,0.0,112.0,0.0,0.0,0.0,0.0,0.0,0.0,28.0,326.0,317.0,9.0,0.0,0.0,0.0,0.0,0.0,66.0,0.0,134.0,0.0,0.0,0.0,0.0,0.0,0.0,0.0,126.0,1885.0,836.0,1049.0,385.0,0.0,185.0,0.0,132.0,0.0,0.0,0.0,0.0,0.0,0.0,0.0,0.0,0.0,0.0,0.0,104.0,0.0,0.0,0.0,96.0,299.0,263.0,0.0,230.0,0.0,0.0,0.0,0.0,0.0,0.0,0.0,0.0,0.0,0.0,0.0,0.0,0.0,0.0,0.0,0.0,0.0,0.0,0.0,0.0,0.0,36.0,175.0,0.0,0.0,0.0,0.0,0.0,0.0,0.0,0.0,0.0,0.0,0.0,0.0,0.0,0.0,0.0,0.0,0.0,595.0,404.0,0.0,27.0
GRÓJECKI,16517.0,11680.0,4837.0,461.0,414.0,47.0,285.0,40.0,136.0,0.0,8345.0,7026.0,1319.0,724.0,640.0,84.0,242.0,216.0,26.0,1867.0,1632.0,235.0,5512.0,4538.0,974.0,0.0,0.0,0.0,0.0,0.0,0.0,0.0,908.0,0.0,0.0,0.0,0.0,0.0,0.0,0.0,181.0,0.0,0.0,0.0,304.0,197.0,0.0,0.0,0.0,0.0,0.0,0.0,0.0,0.0,0.0,0.0,0.0,0.0,0.0,0.0,0.0,0.0,0.0,0.0,0.0,0.0,0.0,0.0,0.0,0.0,586.0,0.0,0.0,0.0,0.0,0.0,539.0,0.0,0.0,0.0,560.0,0.0,0.0,0.0,0.0,338.0,0.0,0.0,0.0,0.0,0.0,0.0,0.0,0.0,0.0,0.0,0.0,0.0,0.0,0.0,0.0,0.0,0.0,0.0,0.0,0.0,0.0,0.0,0.0,0.0,196.0,0.0,0.0,0.0,0.0,2848.0,0.0,1083.0,0.0,0.0,1584.0,0.0,1218.0,0.0,307.0,352.0,0.0,0.0,0.0,0.0,0.0,0.0,0.0,0.0,419.0,0.0,0.0,0.0,0.0,0.0,0.0,729.0,0.0,0.0,0.0,457.0,0.0,0.0,0.0,0.0,0.0,0.0,0.0,0.0,0.0,0.0,0.0,0.0,0.0,1021.0,705.0,316.0,279.0,2696.0,1709.0,987.0,0.0,2205.0,2022.0,0.0,136.0,0.0,426.0,0.0,230.0,0.0,0.0,0.0,0.0,0.0,0.0,65.0,690.0,667.0,23.0,0.0,0.0,0.0,0.0,0.0,0.0,0.0,426.0,0.0,0.0,0.0,0.0,254.0,0.0,0.0,264.0,4325.0,1864.0,2461.0,826.0,0.0,230.0,0.0,0.0,0.0,0.0,0.0,0.0,0.0,360.0,0.0,0.0,0.0,0.0,0.0,163.0,0.0,0.0,0.0,73.0,532.0,415.0,0.0,321.0,0.0,0.0,0.0,0.0,0.0,0.0,0.0,0.0,0.0,0.0,0.0,0.0,0.0,0.0,0.0,0.0,0.0,0.0,0.0,0.0,0.0,117.0,432.0,0.0,0.0,0.0,0.0,0.0,0.0,0.0,0.0,0.0,0.0,0.0,0.0,0.0,0.0,0.0,0.0,0.0,975.0,1461.0,0.0,99.0
KUTNOWSKI,18467.0,13704.0,4763.0,243.0,220.0,23.0,202.0,0.0,0.0,41.0,9677.0,8175.0,1502.0,2458.0,2125.0,333.0,237.0,218.0,19.0,1680.0,1479.0,201.0,5302.0,4353.0,949.0,0.0,0.0,0.0,0.0,0.0,0.0,0.0,1076.0,0.0,0.0,0.0,0.0,0.0,0.0,0.0,0.0,0.0,0.0,0.0,274.0,281.0,0.0,0.0,0.0,0.0,0.0,0.0,212.0,0.0,0.0,0.0,0.0,0.0,0.0,0.0,0.0,0.0,0.0,0.0,0.0,0.0,0.0,0.0,0.0,0.0,134.0,0.0,0.0,0.0,0.0,0.0,0.0,0.0,0.0,0.0,417.0,0.0,0.0,0.0,0.0,250.0,0.0,0.0,0.0,0.0,0.0,0.0,0.0,0.0,0.0,0.0,0.0,0.0,0.0,0.0,0.0,0.0,0.0,0.0,0.0,0.0,0.0,0.0,0.0,0.0,0.0,0.0,0.0,0.0,0.0,1778.0,0.0,900.0,0.0,0.0,744.0,0.0,3217.0,0.0,329.0,241.0,0.0,1977.0,0.0,0.0,0.0,0.0,0.0,0.0,489.0,0.0,0.0,0.0,0.0,0.0,0.0,863.0,0.0,0.0,0.0,562.0,0.0,0.0,0.0,0.0,0.0,0.0,0.0,0.0,0.0,0.0,0.0,0.0,0.0,1898.0,1395.0,503.0,294.0,2503.0,1604.0,899.0,0.0,1850.0,1693.0,0.0,0.0,0.0,553.0,0.0,399.0,0.0,0.0,0.0,0.0,0.0,0.0,100.0,1920.0,1879.0,41.0,0.0,0.0,0.0,0.0,0.0,1459.0,0.0,301.0,0.0,0.0,0.0,0.0,114.0,0.0,0.0,160.0,4124.0,1826.0,2298.0,629.0,0.0,344.0,0.0,216.0,0.0,0.0,0.0,0.0,0.0,0.0,0.0,0.0,0.0,0.0,0.0,0.0,0.0,0.0,0.0,285.0,493.0,348.0,0.0,287.0,0.0,0.0,0.0,0.0,0.0,0.0,0.0,0.0,0.0,0.0,0.0,0.0,0.0,0.0,0.0,0.0,0.0,0.0,0.0,0.0,0.0,145.0,405.0,0.0,0.0,0.0,0.0,0.0,0.0,0.0,0.0,221.0,0.0,0.0,0.0,0.0,0.0,0.0,0.0,184.0,1352.0,925.0,0.0,320.0
LIPNOWSKI,8912.0,6252.0,2660.0,339.0,308.0,31.0,143.0,95.0,101.0,0.0,4435.0,3650.0,785.0,189.0,177.0,12.0,112.0,109.0,3.0,1387.0,1194.0,193.0,2747.0,2170.0,577.0,0.0,0.0,0.0,0.0,0.0,0.0,0.0,434.0,0.0,0.0,0.0,0.0,0.0,0.0,0.0,0.0,0.0,0.0,0.0,285.0,0.0,0.0,0.0,0.0,0.0,0.0,0.0,0.0,0.0,0.0,0.0,0.0,0.0,0.0,0.0,0.0,0.0,0.0,0.0,0.0,0.0,0.0,0.0,0.0,0.0,0.0,0.0,0.0,0.0,0.0,0.0,0.0,0.0,0.0,0.0,437.0,0.0,0.0,0.0,0.0,206.0,0.0,0.0,118.0,0.0,0.0,0.0,0.0,0.0,0.0,0.0,0.0,0.0,0.0,0.0,0.0,0.0,0.0,0.0,0.0,0.0,0.0,0.0,0.0,0.0,0.0,0.0,0.0,0.0,0.0,1238.0,0.0,566.0,0.0,0.0,605.0,0.0,853.0,0.0,216.0,153.0,0.0,110.0,0.0,0.0,0.0,0.0,0.0,0.0,298.0,0.0,0.0,0.0,0.0,0.0,0.0,398.0,0.0,0.0,0.0,279.0,0.0,0.0,0.0,0.0,0.0,0.0,0.0,0.0,0.0,0.0,0.0,0.0,0.0,828.0,575.0,253.0,247.0,1388.0,891.0,497.0,0.0,1073.0,999.0,0.0,0.0,0.0,268.0,0.0,177.0,0.0,0.0,0.0,0.0,0.0,0.0,47.0,363.0,346.0,17.0,0.0,0.0,0.0,0.0,0.0,148.0,0.0,119.0,0.0,0.0,0.0,0.0,0.0,0.0,0.0,96.0,2387.0,1057.0,1330.0,412.0,0.0,180.0,0.0,115.0,0.0,0.0,0.0,0.0,0.0,65.0,0.0,0.0,0.0,0.0,0.0,110.0,0.0,0.0,0.0,57.0,414.0,337.0,0.0,279.0,0.0,0.0,0.0,0.0,0.0,0.0,0.0,0.0,0.0,0.0,0.0,0.0,0.0,0.0,0.0,0.0,0.0,0.0,0.0,0.0,0.0,77.0,191.0,0.0,0.0,0.0,0.0,0.0,0.0,0.0,0.0,0.0,0.0,0.0,0.0,0.0,0.0,0.0,0.0,0.0,878.0,459.0,0.0,33.0
ŁOWICKI,11066.0,7956.0,3110.0,189.0,166.0,23.0,83.0,0.0,0.0,106.0,5179.0,4316.0,863.0,470.0,401.0,69.0,270.0,232.0,38.0,1475.0,1310.0,165.0,2964.0,2373.0,591.0,0.0,0.0,0.0,0.0,0.0,0.0,0.0,470.0,0.0,0.0,0.0,0.0,0.0,0.0,0.0,0.0,0.0,0.0,0.0,216.0,0.0,0.0,0.0,0.0,0.0,0.0,0.0,0.0,0.0,0.0,0.0,0.0,0.0,0.0,0.0,0.0,0.0,0.0,0.0,0.0,0.0,0.0,0.0,0.0,0.0,258.0,0.0,0.0,0.0,0.0,0.0,0.0,0.0,0.0,0.0,332.0,0.0,0.0,0.0,0.0,223.0,0.0,0.0,0.0,0.0,0.0,0.0,0.0,0.0,240.0,0.0,0.0,0.0,0.0,0.0,0.0,0.0,0.0,0.0,0.0,0.0,0.0,0.0,0.0,0.0,0.0,0.0,0.0,0.0,0.0,1231.0,0.0,543.0,0.0,0.0,583.0,0.0,826.0,0.0,220.0,126.0,0.0,168.0,0.0,0.0,0.0,0.0,0.0,0.0,236.0,0.0,0.0,0.0,0.0,0.0,0.0,457.0,0.0,0.0,0.0,312.0,0.0,0.0,0.0,0.0,0.0,0.0,0.0,0.0,0.0,0.0,0.0,0.0,0.0,1216.0,867.0,349.0,149.0,1653.0,989.0,664.0,0.0,1171.0,1094.0,0.0,0.0,0.0,408.0,0.0,274.0,0.0,0.0,0.0,0.0,0.0,0.0,74.0,1070.0,1037.0,33.0,0.0,0.0,0.0,0.0,0.0,757.0,0.0,195.0,0.0,0.0,0.0,0.0,92.0,0.0,0.0,118.0,2975.0,1448.0,1527.0,527.0,0.0,209.0,0.0,111.0,0.0,0.0,0.0,0.0,0.0,97.0,0.0,0.0,0.0,0.0,0.0,158.0,0.0,0.0,0.0,63.0,444.0,381.0,0.0,285.0,0.0,0.0,0.0,0.0,0.0,0.0,0.0,0.0,0.0,0.0,0.0,0.0,0.0,0.0,0.0,0.0,0.0,0.0,0.0,0.0,0.0,63.0,232.0,0.0,0.0,0.0,0.0,0.0,0.0,0.0,0.0,0.0,0.0,0.0,0.0,0.0,0.0,0.0,0.0,0.0,758.0,828.0,0.0,186.0
MAKOWSKI (MAKÓW MAZOWIECKI),5671.0,4114.0,1557.0,159.0,143.0,16.0,0.0,0.0,85.0,74.0,2995.0,2480.0,515.0,68.0,65.0,3.0,52.0,51.0,1.0,948.0,818.0,130.0,1927.0,1546.0,381.0,0.0,0.0,0.0,0.0,0.0,0.0,0.0,247.0,0.0,0.0,0.0,0.0,0.0,0.0,0.0,0.0,0.0,0.0,0.0,151.0,0.0,0.0,0.0,0.0,0.0,0.0,0.0,0.0,0.0,0.0,0.0,0.0,0.0,0.0,0.0,0.0,0.0,0.0,0.0,0.0,0.0,0.0,0.0,0.0,0.0,0.0,0.0,0.0,0.0,0.0,0.0,0.0,0.0,0.0,0.0,348.0,0.0,0.0,0.0,0.0,196.0,0.0,0.0,0.0,0.0,0.0,0.0,0.0,0.0,0.0,0.0,0.0,0.0,0.0,0.0,0.0,0.0,0.0,0.0,0.0,0.0,0.0,0.0,0.0,0.0,73.0,0.0,0.0,0.0,0.0,1090.0,0.0,491.0,0.0,0.0,539.0,0.0,457.0,0.0,111.0,125.0,0.0,0.0,0.0,0.0,0.0,0.0,0.0,0.0,195.0,0.0,0.0,0.0,0.0,0.0,0.0,207.0,0.0,0.0,0.0,146.0,0.0,0.0,0.0,0.0,0.0,0.0,0.0,0.0,0.0,0.0,0.0,0.0,0.0,463.0,312.0,151.0,110.0,1026.0,630.0,396.0,0.0,845.0,779.0,0.0,0.0,0.0,155.0,0.0,97.0,0.0,0.0,0.0,0.0,0.0,0.0,26.0,215.0,205.0,10.0,0.0,0.0,0.0,0.0,0.0,0.0,0.0,128.0,0.0,0.0,0.0,0.0,59.0,0.0,0.0,87.0,1276.0,656.0,620.0,278.0,0.0,119.0,0.0,0.0,0.0,0.0,0.0,0.0,0.0,53.0,0.0,0.0,0.0,0.0,0.0,66.0,0.0,0.0,0.0,40.0,253.0,210.0,0.0,184.0,0.0,0.0,0.0,0.0,0.0,0.0,0.0,0.0,0.0,0.0,0.0,0.0,0.0,0.0,0.0,0.0,0.0,0.0,0.0,0.0,0.0,43.0,119.0,0.0,0.0,0.0,0.0,0.0,0.0,0.0,0.0,0.0,0.0,0.0,0.0,0.0,0.0,0.0,0.0,0.0,299.0,280.0,0.0,47.0
MIŃSKI,13444.0,9843.0,3601.0,169.0,155.0,14.0,0.0,0.0,87.0,82.0,7073.0,5973.0,1100.0,740.0,703.0,37.0,216.0,194.0,22.0,2775.0,2361.0,414.0,3342.0,2715.0,627.0,0.0,0.0,0.0,0.0,0.0,0.0,0.0,1265.0,380.0,0.0,0.0,0.0,0.0,0.0,426.0,0.0,0.0,0.0,0.0,224.0,0.0,0.0,0.0,0.0,0.0,0.0,0.0,0.0,0.0,0.0,0.0,0.0,0.0,0.0,0.0,0.0,0.0,0.0,0.0,0.0,0.0,0.0,0.0,0.0,0.0,0.0,0.0,0.0,0.0,0.0,0.0,0.0,0.0,0.0,0.0,528.0,0.0,0.0,0.0,0.0,314.0,0.0,0.0,0.0,0.0,0.0,0.0,0.0,0.0,175.0,0.0,0.0,0.0,0.0,0.0,0.0,0.0,0.0,0.0,0.0,0.0,0.0,0.0,0.0,0.0,158.0,0.0,0.0,0.0,0.0,2796.0,0.0,839.0,0.0,0.0,1641.0,0.0,820.0,0.0,168.0,236.0,0.0,0.0,0.0,0.0,0.0,0.0,0.0,0.0,345.0,0.0,0.0,0.0,0.0,0.0,0.0,435.0,0.0,0.0,0.0,299.0,0.0,0.0,0.0,0.0,0.0,0.0,0.0,0.0,0.0,0.0,0.0,0.0,0.0,663.0,442.0,221.0,233.0,2319.0,1413.0,906.0,0.0,1864.0,1637.0,0.0,186.0,0.0,384.0,0.0,233.0,0.0,0.0,0.0,0.0,0.0,0.0,71.0,929.0,901.0,28.0,0.0,0.0,0.0,0.0,0.0,472.0,0.0,253.0,0.0,0.0,0.0,0.0,142.0,0.0,129.0,75.0,2954.0,1401.0,1553.0,556.0,0.0,217.0,0.0,0.0,0.0,0.0,0.0,0.0,0.0,0.0,0.0,0.0,0.0,0.0,0.0,214.0,0.0,0.0,0.0,125.0,510.0,429.0,0.0,307.0,0.0,0.0,0.0,0.0,0.0,0.0,0.0,0.0,0.0,0.0,0.0,0.0,0.0,0.0,0.0,0.0,0.0,0.0,0.0,0.0,0.0,81.0,411.0,242.0,0.0,0.0,0.0,0.0,0.0,0.0,0.0,0.0,0.0,0.0,0.0,0.0,0.0,0.0,0.0,169.0,615.0,656.0,0.0,206.0
MŁAWSKI,10353.0,7145.0,3208.0,167.0,141.0,26.0,0.0,0.0,0.0,0.0,5210.0,4107.0,1103.0,111.0,103.0,8.0,148.0,132.0,16.0,1207.0,1062.0,145.0,3744.0,2810.0,934.0,0.0,0.0,0.0,0.0,0.0,0.0,0.0,461.0,0.0,0.0,0.0,0.0,0.0,0.0,0.0,0.0,0.0,0.0,0.0,240.0,0.0,0.0,0.0,0.0,0.0,0.0,0.0,0.0,0.0,0.0,0.0,0.0,0.0,0.0,0.0,0.0,0.0,0.0,0.0,0.0,0.0,0.0,0.0,0.0,0.0,126.0,0.0,0.0,0.0,0.0,0.0,0.0,0.0,0.0,0.0,337.0,0.0,0.0,0.0,0.0,172.0,0.0,0.0,0.0,0.0,0.0,0.0,0.0,0.0,0.0,0.0,0.0,0.0,0.0,0.0,0.0,0.0,0.0,0.0,0.0,0.0,0.0,0.0,0.0,0.0,0.0,0.0,0.0,0.0,0.0,1475.0,0.0,616.0,0.0,0.0,740.0,0.0,671.0,0.0,173.0,158.0,0.0,0.0,0.0,0.0,0.0,0.0,0.0,0.0,252.0,0.0,0.0,0.0,0.0,0.0,0.0,346.0,0.0,0.0,0.0,219.0,0.0,0.0,0.0,0.0,0.0,0.0,0.0,0.0,0.0,0.0,0.0,0.0,0.0,1550.0,968.0,582.0,244.0,1653.0,1104.0,549.0,0.0,1169.0,1106.0,0.0,0.0,0.0,412.0,0.0,307.0,0.0,0.0,0.0,0.0,0.0,0.0,72.0,540.0,522.0,18.0,0.0,0.0,0.0,0.0,0.0,283.0,0.0,136.0,0.0,0.0,0.0,0.0,0.0,0.0,0.0,121.0,2783.0,1271.0,1512.0,621.0,0.0,209.0,0.0,136.0,0.0,114.0,0.0,0.0,0.0,117.0,0.0,0.0,0.0,0.0,0.0,167.0,0.0,0.0,0.0,14.0,433.0,365.0,0.0,280.0,0.0,0.0,0.0,0.0,0.0,0.0,0.0,0.0,0.0,0.0,0.0,0.0,0.0,0.0,0.0,0.0,0.0,0.0,0.0,0.0,0.0,68.0,222.0,0.0,0.0,0.0,0.0,0.0,0.0,0.0,0.0,0.0,0.0,0.0,0.0,0.0,0.0,0.0,0.0,0.0,765.0,684.0,0.0,58.0
NIESZAWSKI,13335.0,9546.0,3789.0,369.0,304.0,65.0,249.0,0.0,0.0,120.0,7064.0,5868.0,1196.0,858.0,810.0,48.0,75.0,71.0,4.0,1430.0,1281.0,149.0,4701.0,3706.0,995.0,0.0,0.0,0.0,0.0,0.0,0.0,0.0,566.0,0.0,0.0,0.0,0.0,0.0,0.0,0.0,0.0,0.0,0.0,0.0,311.0,0.0,0.0,0.0,0.0,0.0,0.0,0.0,0.0,0.0,0.0,0.0,0.0,0.0,0.0,0.0,0.0,0.0,0.0,0.0,0.0,0.0,0.0,0.0,0.0,0.0,0.0,0.0,0.0,0.0,0.0,0.0,0.0,0.0,0.0,0.0,450.0,0.0,0.0,0.0,0.0,261.0,0.0,0.0,127.0,0.0,0.0,0.0,0.0,0.0,0.0,0.0,0.0,0.0,0.0,0.0,0.0,0.0,0.0,0.0,0.0,0.0,0.0,0.0,0.0,0.0,0.0,0.0,0.0,0.0,0.0,1652.0,0.0,722.0,0.0,0.0,831.0,0.0,1681.0,0.0,354.0,209.0,0.0,627.0,0.0,0.0,0.0,0.0,0.0,0.0,401.0,0.0,0.0,0.0,0.0,0.0,0.0,799.0,0.0,0.0,222.0,373.0,0.0,0.0,0.0,0.0,0.0,0.0,0.0,0.0,0.0,0.0,0.0,0.0,0.0,1499.0,1034.0,465.0,417.0,1768.0,1049.0,719.0,0.0,1263.0,1190.0,0.0,0.0,0.0,452.0,0.0,277.0,0.0,0.0,0.0,0.0,0.0,0.0,53.0,812.0,792.0,20.0,0.0,0.0,0.0,0.0,0.0,474.0,0.0,183.0,0.0,0.0,0.0,0.0,0.0,0.0,0.0,155.0,3322.0,1533.0,1789.0,575.0,0.0,256.0,0.0,172.0,0.0,0.0,0.0,0.0,0.0,0.0,0.0,0.0,0.0,0.0,0.0,190.0,0.0,109.0,0.0,129.0,479.0,387.0,0.0,302.0,0.0,0.0,0.0,0.0,0.0,0.0,0.0,0.0,0.0,0.0,0.0,0.0,0.0,0.0,0.0,0.0,0.0,0.0,0.0,0.0,0.0,92.0,492.0,291.0,150.0,0.0,0.0,0.0,0.0,0.0,0.0,0.0,0.0,0.0,0.0,0.0,0.0,0.0,0.0,201.0,1007.0,686.0,0.0,83.0
PŁOCKI,20642.0,13913.0,6729.0,478.0,382.0,96.0,344.0,0.0,0.0,134.0,9136.0,7392.0,1744.0,800.0,756.0,44.0,321.0,292.0,29.0,1868.0,1581.0,287.0,6147.0,4763.0,1384.0,0.0,0.0,0.0,0.0,0.0,0.0,0.0,882.0,0.0,0.0,0.0,0.0,0.0,0.0,0.0,0.0,0.0,0.0,0.0,332.0,211.0,0.0,0.0,0.0,0.0,0.0,0.0,0.0,0.0,0.0,0.0,0.0,0.0,0.0,0.0,0.0,0.0,0.0,0.0,0.0,0.0,0.0,0.0,0.0,0.0,0.0,0.0,0.0,0.0,0.0,0.0,0.0,0.0,0.0,0.0,611.0,0.0,0.0,0.0,0.0,332.0,0.0,0.0,0.0,0.0,0.0,0.0,0.0,0.0,0.0,0.0,0.0,0.0,0.0,0.0,0.0,0.0,0.0,0.0,0.0,0.0,0.0,0.0,0.0,0.0,0.0,0.0,0.0,0.0,0.0,2325.0,0.0,1169.0,0.0,0.0,904.0,0.0,1580.0,0.0,398.0,255.0,0.0,461.0,0.0,0.0,0.0,0.0,0.0,0.0,377.0,0.0,0.0,0.0,0.0,0.0,0.0,1064.0,0.0,0.0,300.0,510.0,0.0,0.0,0.0,0.0,0.0,0.0,0.0,0.0,0.0,0.0,0.0,0.0,0.0,2093.0,1479.0,614.0,581.0,2978.0,1871.0,1107.0,0.0,2016.0,1860.0,0.0,0.0,0.0,822.0,0.0,534.0,0.0,0.0,0.0,0.0,0.0,0.0,140.0,1223.0,1170.0,53.0,0.0,358.0,0.0,358.0,0.0,0.0,0.0,395.0,0.0,0.0,0.0,0.0,143.0,0.0,281.0,189.0,6827.0,3098.0,3729.0,1676.0,0.0,621.0,147.0,446.0,0.0,174.0,0.0,0.0,0.0,141.0,0.0,0.0,0.0,0.0,0.0,699.0,523.0,176.0,0.0,41.0,765.0,557.0,0.0,374.0,0.0,0.0,0.0,0.0,0.0,0.0,0.0,0.0,0.0,0.0,0.0,0.0,0.0,0.0,0.0,0.0,0.0,0.0,0.0,0.0,0.0,208.0,541.0,242.0,0.0,0.0,0.0,0.0,0.0,0.0,0.0,243.0,0.0,0.0,0.0,0.0,0.0,0.0,56.0,0.0,1673.0,1772.0,0.0,400.0
PŁOŃSKI,7982.0,5726.0,2256.0,224.0,205.0,19.0,134.0,0.0,0.0,90.0,4155.0,3328.0,827.0,81.0,80.0,1.0,258.0,216.0,42.0,1776.0,1465.0,311.0,2040.0,1567.0,473.0,0.0,0.0,0.0,0.0,0.0,0.0,0.0,391.0,0.0,0.0,0.0,0.0,0.0,0.0,0.0,0.0,0.0,0.0,0.0,223.0,0.0,0.0,0.0,0.0,0.0,0.0,0.0,0.0,0.0,0.0,0.0,0.0,0.0,0.0,0.0,0.0,0.0,0.0,0.0,0.0,0.0,0.0,0.0,0.0,0.0,127.0,0.0,0.0,0.0,0.0,0.0,70.0,0.0,0.0,0.0,347.0,0.0,0.0,0.0,0.0,203.0,0.0,0.0,0.0,0.0,0.0,0.0,0.0,0.0,0.0,0.0,0.0,0.0,0.0,0.0,0.0,0.0,0.0,0.0,0.0,0.0,0.0,0.0,0.0,0.0,0.0,0.0,0.0,0.0,0.0,1389.0,170.0,679.0,0.0,0.0,469.0,0.0,578.0,0.0,208.0,141.0,0.0,0.0,0.0,0.0,0.0,0.0,0.0,0.0,160.0,0.0,0.0,0.0,0.0,0.0,0.0,310.0,0.0,0.0,0.0,226.0,0.0,0.0,0.0,0.0,0.0,0.0,0.0,0.0,0.0,0.0,0.0,0.0,0.0,896.0,607.0,289.0,117.0,1161.0,771.0,390.0,0.0,876.0,815.0,0.0,0.0,0.0,230.0,0.0,168.0,0.0,0.0,0.0,0.0,0.0,0.0,55.0,419.0,408.0,11.0,0.0,87.0,0.0,87.0,0.0,67.0,0.0,182.0,0.0,0.0,0.0,0.0,73.0,47.0,0.0,83.0,2023.0,1014.0,1009.0,471.0,0.0,137.0,0.0,85.0,0.0,0.0,0.0,0.0,0.0,70.0,0.0,0.0,0.0,0.0,0.0,212.0,0.0,70.0,0.0,52.0,343.0,230.0,0.0,223.0,0.0,0.0,0.0,0.0,0.0,0.0,0.0,0.0,0.0,0.0,0.0,0.0,0.0,0.0,0.0,0.0,0.0,0.0,0.0,0.0,0.0,113.0,191.0,0.0,0.0,0.0,0.0,0.0,0.0,0.0,0.0,109.0,0.0,0.0,0.0,0.0,0.0,0.0,0.0,82.0,605.0,384.0,0.0,29.0
PRZASNYCKI,5431.0,3851.0,1580.0,160.0,145.0,15.0,0.0,0.0,88.0,72.0,2721.0,2193.0,528.0,83.0,80.0,3.0,91.0,88.0,3.0,746.0,629.0,117.0,1801.0,1396.0,405.0,0.0,0.0,0.0,0.0,0.0,0.0,0.0,287.0,0.0,0.0,0.0,0.0,0.0,0.0,0.0,0.0,0.0,0.0,0.0,173.0,78.0,0.0,0.0,0.0,0.0,0.0,0.0,0.0,0.0,0.0,0.0,0.0,0.0,0.0,0.0,0.0,0.0,0.0,0.0,0.0,0.0,0.0,0.0,0.0,0.0,0.0,0.0,0.0,0.0,0.0,0.0,0.0,0.0,0.0,0.0,350.0,0.0,0.0,0.0,89.0,197.0,0.0,0.0,0.0,0.0,0.0,0.0,0.0,0.0,0.0,0.0,0.0,0.0,0.0,0.0,0.0,0.0,0.0,0.0,0.0,0.0,0.0,0.0,0.0,0.0,0.0,0.0,0.0,0.0,0.0,686.0,0.0,315.0,0.0,0.0,326.0,0.0,388.0,0.0,123.0,98.0,0.0,0.0,0.0,0.0,0.0,0.0,0.0,0.0,106.0,0.0,0.0,0.0,0.0,0.0,0.0,202.0,0.0,0.0,0.0,153.0,0.0,0.0,0.0,0.0,0.0,0.0,0.0,0.0,0.0,0.0,0.0,0.0,0.0,709.0,460.0,249.0,99.0,830.0,541.0,289.0,0.0,622.0,582.0,0.0,0.0,0.0,176.0,0.0,122.0,0.0,0.0,0.0,0.0,0.0,0.0,32.0,185.0,177.0,8.0,0.0,0.0,0.0,0.0,0.0,0.0,0.0,88.0,0.0,0.0,0.0,0.0,0.0,0.0,0.0,97.0,1535.0,795.0,740.0,525.0,0.0,131.0,0.0,0.0,0.0,0.0,0.0,0.0,0.0,158.0,0.0,54.0,97.0,0.0,0.0,189.0,0.0,0.0,0.0,47.0,237.0,183.0,0.0,162.0,0.0,0.0,0.0,0.0,0.0,0.0,0.0,0.0,0.0,0.0,0.0,0.0,0.0,0.0,0.0,0.0,0.0,0.0,0.0,0.0,0.0,54.0,123.0,0.0,0.0,0.0,0.0,0.0,0.0,0.0,0.0,0.0,0.0,0.0,0.0,0.0,0.0,0.0,0.0,0.0,329.0,288.0,0.0,33.0
PUŁTUSKI,15756.0,11566.0,4190.0,371.0,345.0,26.0,0.0,0.0,149.0,222.0,8463.0,6962.0,1501.0,684.0,601.0,83.0,202.0,193.0,9.0,3459.0,2934.0,525.0,4118.0,3234.0,884.0,0.0,0.0,0.0,0.0,0.0,0.0,0.0,754.0,0.0,0.0,0.0,0.0,0.0,0.0,0.0,0.0,0.0,0.0,0.0,316.0,0.0,0.0,0.0,0.0,0.0,0.0,0.0,0.0,0.0,0.0,0.0,0.0,0.0,0.0,0.0,0.0,0.0,0.0,0.0,0.0,0.0,0.0,0.0,0.0,0.0,424.0,0.0,0.0,0.0,0.0,0.0,0.0,0.0,279.0,0.0,881.0,0.0,0.0,0.0,197.0,454.0,0.0,0.0,0.0,0.0,0.0,0.0,0.0,0.0,0.0,0.0,0.0,0.0,0.0,0.0,0.0,0.0,0.0,0.0,0.0,0.0,0.0,0.0,0.0,0.0,0.0,0.0,0.0,0.0,0.0,2648.0,0.0,996.0,0.0,0.0,1358.0,0.0,1042.0,0.0,308.0,249.0,0.0,0.0,0.0,0.0,0.0,0.0,0.0,0.0,373.0,0.0,0.0,0.0,0.0,0.0,0.0,531.0,0.0,0.0,0.0,327.0,0.0,0.0,0.0,0.0,0.0,0.0,0.0,0.0,0.0,0.0,0.0,0.0,0.0,1905.0,1379.0,526.0,278.0,2566.0,1650.0,916.0,0.0,1911.0,1695.0,0.0,161.0,0.0,555.0,0.0,382.0,0.0,0.0,0.0,0.0,0.0,0.0,100.0,760.0,723.0,37.0,0.0,0.0,0.0,0.0,0.0,149.0,0.0,421.0,0.0,0.0,0.0,0.0,210.0,0.0,0.0,190.0,3596.0,1886.0,1710.0,651.0,0.0,303.0,0.0,193.0,0.0,0.0,0.0,0.0,0.0,0.0,0.0,0.0,0.0,0.0,0.0,153.0,0.0,0.0,0.0,195.0,563.0,439.0,0.0,307.0,0.0,0.0,0.0,0.0,0.0,0.0,0.0,0.0,0.0,0.0,0.0,0.0,0.0,0.0,0.0,0.0,0.0,0.0,0.0,0.0,0.0,124.0,354.0,0.0,0.0,0.0,0.0,0.0,0.0,0.0,0.0,0.0,0.0,0.0,0.0,0.0,0.0,0.0,0.0,0.0,861.0,787.0,0.0,380.0
RADZYMIŃSKI,13773.0,10281.0,3492.0,266.0,221.0,45.0,0.0,0.0,0.0,0.0,7404.0,6234.0,1170.0,1715.0,1559.0,156.0,135.0,119.0,16.0,1516.0,1327.0,189.0,4038.0,3229.0,809.0,0.0,0.0,0.0,0.0,0.0,0.0,0.0,971.0,0.0,0.0,0.0,0.0,0.0,0.0,0.0,0.0,0.0,0.0,0.0,186.0,214.0,0.0,0.0,0.0,0.0,0.0,0.0,0.0,0.0,0.0,0.0,0.0,0.0,0.0,0.0,0.0,0.0,0.0,0.0,0.0,0.0,0.0,0.0,0.0,0.0,1285.0,0.0,0.0,0.0,0.0,0.0,586.0,0.0,626.0,0.0,476.0,0.0,0.0,0.0,0.0,327.0,0.0,0.0,0.0,0.0,0.0,0.0,0.0,0.0,0.0,0.0,0.0,0.0,0.0,0.0,0.0,0.0,0.0,0.0,0.0,0.0,0.0,0.0,0.0,0.0,0.0,0.0,0.0,0.0,0.0,1868.0,0.0,688.0,0.0,0.0,1016.0,0.0,778.0,0.0,0.0,231.0,0.0,0.0,0.0,0.0,0.0,0.0,0.0,0.0,333.0,0.0,0.0,0.0,0.0,0.0,0.0,713.0,0.0,0.0,0.0,420.0,0.0,0.0,0.0,0.0,0.0,0.0,0.0,0.0,0.0,0.0,0.0,0.0,0.0,773.0,495.0,278.0,540.0,2036.0,1289.0,747.0,0.0,1412.0,1343.0,0.0,0.0,0.0,483.0,0.0,309.0,0.0,0.0,148.0,0.0,0.0,0.0,141.0,1029.0,978.0,51.0,144.0,0.0,0.0,0.0,0.0,617.0,0.0,183.0,0.0,0.0,0.0,0.0,97.0,0.0,0.0,85.0,3038.0,1559.0,1479.0,751.0,0.0,451.0,185.0,238.0,0.0,0.0,0.0,0.0,0.0,103.0,0.0,0.0,0.0,0.0,0.0,0.0,0.0,0.0,0.0,197.0,473.0,326.0,0.0,267.0,0.0,0.0,0.0,0.0,0.0,0.0,0.0,0.0,0.0,0.0,0.0,0.0,0.0,0.0,0.0,0.0,0.0,0.0,0.0,0.0,0.0,147.0,324.0,0.0,0.0,0.0,0.0,0.0,0.0,0.0,0.0,180.0,0.0,0.0,0.0,0.0,0.0,0.0,0.0,144.0,665.0,585.0,0.0,240.0
RAWSKI (RAWA MAZOWIECKA),8821.0,6142.0,2679.0,229.0,213.0,16.0,0.0,0.0,128.0,101.0,4913.0,3863.0,1050.0,1036.0,670.0,366.0,210.0,206.0,4.0,1083.0,907.0,176.0,2584.0,2080.0,504.0,0.0,0.0,0.0,0.0,0.0,0.0,0.0,372.0,0.0,0.0,0.0,0.0,0.0,0.0,0.0,0.0,0.0,0.0,0.0,180.0,130.0,0.0,0.0,0.0,0.0,0.0,0.0,0.0,0.0,0.0,0.0,0.0,811.0,0.0,0.0,0.0,0.0,0.0,802.0,0.0,0.0,0.0,0.0,0.0,0.0,0.0,0.0,0.0,0.0,0.0,0.0,0.0,0.0,0.0,0.0,465.0,0.0,0.0,0.0,189.0,188.0,0.0,0.0,0.0,0.0,0.0,0.0,0.0,0.0,144.0,0.0,0.0,0.0,0.0,0.0,0.0,0.0,0.0,0.0,0.0,0.0,0.0,0.0,0.0,0.0,0.0,0.0,0.0,0.0,0.0,1164.0,0.0,582.0,0.0,0.0,516.0,0.0,657.0,0.0,187.0,138.0,0.0,0.0,0.0,0.0,0.0,0.0,0.0,0.0,248.0,0.0,0.0,0.0,0.0,0.0,0.0,299.0,0.0,0.0,0.0,209.0,0.0,0.0,0.0,0.0,0.0,0.0,0.0,0.0,0.0,0.0,0.0,0.0,0.0,756.0,482.0,274.0,245.0,1250.0,778.0,472.0,0.0,1001.0,937.0,0.0,0.0,0.0,213.0,0.0,116.0,0.0,0.0,0.0,0.0,0.0,0.0,36.0,325.0,315.0,10.0,0.0,0.0,0.0,0.0,0.0,0.0,0.0,172.0,0.0,0.0,0.0,0.0,74.0,0.0,0.0,153.0,2104.0,973.0,1131.0,427.0,0.0,188.0,0.0,121.0,0.0,0.0,0.0,0.0,0.0,73.0,0.0,63.0,0.0,0.0,0.0,117.0,0.0,0.0,0.0,49.0,331.0,271.0,0.0,256.0,0.0,0.0,0.0,0.0,0.0,0.0,0.0,0.0,0.0,0.0,0.0,0.0,0.0,0.0,0.0,0.0,0.0,0.0,0.0,0.0,0.0,60.0,251.0,0.0,0.0,0.0,0.0,0.0,0.0,0.0,0.0,0.0,0.0,0.0,0.0,0.0,0.0,0.0,0.0,0.0,559.0,490.0,0.0,46.0
RYPIŃSKI,7561.0,5211.0,2350.0,247.0,228.0,19.0,124.0,37.0,86.0,0.0,3961.0,3167.0,794.0,297.0,289.0,8.0,126.0,110.0,16.0,1380.0,1143.0,237.0,2158.0,1625.0,533.0,0.0,0.0,0.0,0.0,0.0,0.0,0.0,306.0,0.0,0.0,0.0,0.0,0.0,0.0,0.0,0.0,0.0,0.0,0.0,200.0,0.0,0.0,0.0,0.0,0.0,0.0,0.0,0.0,0.0,0.0,0.0,0.0,0.0,0.0,0.0,0.0,0.0,0.0,0.0,0.0,0.0,0.0,0.0,0.0,0.0,0.0,0.0,0.0,0.0,0.0,0.0,0.0,0.0,0.0,0.0,417.0,0.0,0.0,0.0,74.0,162.0,0.0,0.0,100.0,0.0,0.0,0.0,0.0,0.0,0.0,0.0,0.0,0.0,0.0,0.0,0.0,0.0,0.0,0.0,0.0,0.0,0.0,0.0,0.0,0.0,0.0,0.0,0.0,0.0,0.0,1135.0,0.0,546.0,0.0,0.0,497.0,0.0,719.0,0.0,124.0,111.0,0.0,205.0,0.0,0.0,0.0,0.0,0.0,0.0,209.0,0.0,0.0,0.0,0.0,0.0,0.0,292.0,0.0,0.0,0.0,203.0,0.0,0.0,0.0,0.0,0.0,0.0,0.0,0.0,0.0,0.0,0.0,0.0,0.0,906.0,621.0,285.0,186.0,1174.0,764.0,410.0,0.0,856.0,780.0,0.0,0.0,0.0,269.0,0.0,216.0,0.0,0.0,0.0,0.0,0.0,0.0,49.0,210.0,203.0,7.0,0.0,0.0,0.0,0.0,0.0,0.0,0.0,91.0,0.0,0.0,0.0,0.0,0.0,0.0,65.0,54.0,1969.0,849.0,1120.0,381.0,0.0,166.0,0.0,103.0,0.0,0.0,0.0,0.0,0.0,51.0,0.0,0.0,0.0,0.0,0.0,108.0,0.0,0.0,0.0,56.0,315.0,266.0,0.0,234.0,0.0,0.0,0.0,0.0,0.0,0.0,0.0,0.0,0.0,0.0,0.0,0.0,0.0,0.0,0.0,0.0,0.0,0.0,0.0,0.0,0.0,49.0,174.0,0.0,0.0,0.0,0.0,0.0,0.0,0.0,0.0,0.0,0.0,0.0,0.0,0.0,0.0,0.0,0.0,0.0,703.0,366.0,0.0,30.0
SIERPECKI,8653.0,6238.0,2415.0,138.0,104.0,34.0,102.0,0.0,0.0,36.0,4827.0,3919.0,908.0,52.0,47.0,5.0,117.0,111.0,6.0,2285.0,1970.0,315.0,2373.0,1791.0,582.0,0.0,0.0,0.0,0.0,0.0,0.0,0.0,369.0,0.0,0.0,0.0,0.0,0.0,0.0,0.0,0.0,0.0,0.0,0.0,222.0,0.0,0.0,0.0,0.0,0.0,0.0,0.0,0.0,0.0,0.0,0.0,0.0,0.0,0.0,0.0,0.0,0.0,0.0,0.0,0.0,0.0,0.0,0.0,0.0,0.0,0.0,0.0,0.0,0.0,0.0,0.0,0.0,0.0,0.0,0.0,357.0,0.0,0.0,0.0,0.0,220.0,0.0,0.0,93.0,0.0,0.0,0.0,0.0,0.0,0.0,0.0,0.0,0.0,0.0,0.0,0.0,0.0,0.0,0.0,0.0,0.0,0.0,0.0,0.0,0.0,0.0,0.0,0.0,0.0,0.0,1681.0,0.0,698.0,0.0,0.0,862.0,0.0,615.0,0.0,184.0,172.0,0.0,0.0,0.0,0.0,0.0,0.0,0.0,0.0,213.0,0.0,0.0,0.0,0.0,0.0,0.0,315.0,0.0,0.0,0.0,214.0,0.0,0.0,0.0,0.0,0.0,0.0,0.0,0.0,0.0,0.0,0.0,0.0,0.0,1259.0,848.0,411.0,231.0,1493.0,1010.0,483.0,0.0,1124.0,1055.0,0.0,0.0,0.0,304.0,0.0,221.0,0.0,0.0,0.0,0.0,0.0,0.0,65.0,304.0,295.0,9.0,0.0,0.0,0.0,0.0,0.0,91.0,0.0,133.0,0.0,0.0,0.0,0.0,63.0,0.0,0.0,80.0,1891.0,910.0,981.0,374.0,0.0,160.0,0.0,0.0,0.0,0.0,0.0,0.0,0.0,59.0,0.0,0.0,0.0,0.0,0.0,104.0,0.0,0.0,0.0,51.0,296.0,256.0,0.0,227.0,0.0,0.0,0.0,0.0,0.0,0.0,0.0,0.0,0.0,0.0,0.0,0.0,0.0,0.0,0.0,0.0,0.0,0.0,0.0,0.0,0.0,40.0,165.0,0.0,0.0,0.0,0.0,0.0,0.0,0.0,0.0,0.0,0.0,0.0,0.0,0.0,0.0,0.0,0.0,0.0,590.0,452.0,0.0,14.0
SKIERNIEWICKI,9761.0,7200.0,2561.0,168.0,149.0,19.0,0.0,0.0,95.0,73.0,4004.0,3358.0,646.0,263.0,205.0,58.0,183.0,173.0,10.0,935.0,811.0,124.0,2623.0,2169.0,454.0,0.0,0.0,0.0,0.0,0.0,0.0,0.0,345.0,0.0,0.0,0.0,0.0,0.0,0.0,0.0,0.0,0.0,0.0,0.0,140.0,0.0,0.0,0.0,0.0,0.0,0.0,0.0,0.0,0.0,0.0,0.0,0.0,0.0,0.0,0.0,0.0,0.0,0.0,0.0,0.0,0.0,0.0,0.0,0.0,0.0,310.0,0.0,0.0,0.0,0.0,0.0,0.0,0.0,231.0,0.0,335.0,0.0,0.0,0.0,0.0,155.0,0.0,0.0,0.0,0.0,0.0,0.0,0.0,0.0,0.0,0.0,0.0,0.0,0.0,0.0,0.0,0.0,0.0,0.0,0.0,0.0,0.0,0.0,0.0,0.0,0.0,0.0,0.0,0.0,0.0,1263.0,0.0,393.0,0.0,0.0,792.0,0.0,600.0,0.0,106.0,110.0,0.0,0.0,0.0,0.0,0.0,0.0,0.0,0.0,273.0,0.0,0.0,0.0,0.0,0.0,0.0,265.0,0.0,0.0,0.0,154.0,0.0,0.0,0.0,0.0,0.0,0.0,0.0,0.0,0.0,0.0,0.0,0.0,0.0,714.0,496.0,218.0,172.0,1193.0,707.0,486.0,0.0,768.0,716.0,0.0,0.0,0.0,372.0,0.0,274.0,0.0,0.0,0.0,0.0,0.0,0.0,53.0,1434.0,1387.0,47.0,0.0,0.0,0.0,0.0,0.0,1236.0,0.0,118.0,0.0,0.0,0.0,0.0,0.0,0.0,0.0,80.0,2962.0,1599.0,1363.0,327.0,0.0,172.0,0.0,104.0,0.0,0.0,0.0,0.0,0.0,0.0,0.0,0.0,0.0,0.0,0.0,0.0,0.0,0.0,0.0,155.0,384.0,309.0,0.0,211.0,0.0,0.0,0.0,0.0,0.0,0.0,0.0,0.0,0.0,0.0,0.0,0.0,0.0,0.0,0.0,0.0,0.0,0.0,0.0,0.0,0.0,75.0,281.0,0.0,0.0,0.0,0.0,0.0,0.0,0.0,0.0,0.0,0.0,0.0,0.0,0.0,0.0,0.0,0.0,0.0,626.0,840.0,0.0,504.0
SOCHACZEWSKI,8040.0,5857.0,2183.0,218.0,192.0,26.0,100.0,11.0,107.0,0.0,4479.0,3591.0,888.0,1434.0,1024.0,410.0,127.0,112.0,15.0,652.0,583.0,69.0,2266.0,1872.0,394.0,0.0,0.0,0.0,0.0,0.0,0.0,0.0,310.0,0.0,0.0,0.0,0.0,0.0,0.0,0.0,0.0,0.0,0.0,0.0,136.0,101.0,0.0,0.0,0.0,0.0,0.0,0.0,0.0,0.0,0.0,0.0,0.0,1159.0,168.0,0.0,0.0,0.0,0.0,987.0,0.0,0.0,0.0,0.0,0.0,0.0,168.0,0.0,0.0,0.0,0.0,0.0,149.0,0.0,0.0,0.0,310.0,0.0,0.0,0.0,0.0,181.0,0.0,0.0,0.0,0.0,0.0,0.0,0.0,0.0,0.0,0.0,0.0,0.0,0.0,0.0,0.0,0.0,0.0,0.0,0.0,0.0,0.0,0.0,0.0,0.0,0.0,0.0,0.0,0.0,0.0,710.0,0.0,366.0,0.0,0.0,306.0,0.0,517.0,0.0,141.0,131.0,0.0,0.0,0.0,0.0,0.0,0.0,0.0,0.0,173.0,0.0,0.0,0.0,0.0,0.0,0.0,467.0,0.0,0.0,0.0,363.0,0.0,0.0,0.0,0.0,0.0,0.0,0.0,0.0,0.0,0.0,0.0,0.0,0.0,627.0,454.0,173.0,211.0,1001.0,637.0,364.0,0.0,783.0,733.0,0.0,0.0,0.0,186.0,0.0,124.0,0.0,0.0,0.0,0.0,0.0,0.0,32.0,469.0,456.0,13.0,0.0,0.0,0.0,0.0,0.0,192.0,0.0,110.0,0.0,0.0,0.0,0.0,54.0,0.0,122.0,45.0,1873.0,981.0,892.0,639.0,0.0,141.0,0.0,0.0,0.0,0.0,0.0,0.0,0.0,57.0,0.0,0.0,0.0,0.0,0.0,405.0,347.0,0.0,0.0,36.0,314.0,261.0,0.0,204.0,0.0,0.0,0.0,0.0,0.0,0.0,0.0,0.0,0.0,0.0,0.0,0.0,0.0,0.0,0.0,0.0,0.0,0.0,0.0,0.0,0.0,53.0,139.0,0.0,0.0,0.0,0.0,0.0,0.0,0.0,0.0,0.0,0.0,0.0,0.0,0.0,0.0,0.0,0.0,0.0,551.0,198.0,0.0,32.0
WARSZAWSKI,91810.0,66673.0,25137.0,1744.0,1413.0,331.0,1348.0,148.0,248.0,0.0,46139.0,38171.0,7968.0,12156.0,10068.0,2088.0,1388.0,1237.0,151.0,7686.0,6607.0,1079.0,24909.0,20259.0,4650.0,22.0,0.0,0.0,0.0,0.0,0.0,0.0,8597.0,1885.0,902.0,0.0,0.0,0.0,0.0,0.0,0.0,0.0,0.0,0.0,600.0,1422.0,334.0,426.0,0.0,286.0,387.0,600.0,830.0,0.0,0.0,0.0,0.0,1197.0,528.0,0.0,0.0,0.0,0.0,0.0,262.0,0.0,0.0,0.0,0.0,222.0,2995.0,0.0,0.0,0.0,0.0,0.0,1770.0,379.0,628.0,0.0,2975.0,324.0,0.0,0.0,166.0,1821.0,0.0,0.0,158.0,205.0,0.0,1048.0,922.0,0.0,634.0,0.0,0.0,0.0,0.0,0.0,0.0,0.0,0.0,0.0,0.0,0.0,0.0,0.0,0.0,313.0,522.0,0.0,287.0,198.0,0.0,7348.0,0.0,3058.0,620.0,0.0,3225.0,0.0,4306.0,0.0,246.0,1301.0,287.0,0.0,0.0,0.0,0.0,0.0,0.0,0.0,1749.0,0.0,750.0,0.0,551.0,0.0,0.0,7569.0,0.0,211.0,669.0,4907.0,505.0,0.0,826.0,0.0,0.0,766.0,0.0,452.0,0.0,213.0,405.0,0.0,0.0,7005.0,5180.0,1825.0,0.0,11357.0,7078.0,4279.0,0.0,7128.0,6541.0,0.0,404.0,0.0,3369.0,0.0,2060.0,439.0,0.0,838.0,452.0,0.0,297.0,111.0,7516.0,7089.0,427.0,1015.0,105.0,0.0,0.0,0.0,4037.0,436.0,1727.0,0.0,155.0,137.0,436.0,733.0,160.0,196.0,0.0,25054.0,12922.0,12132.0,3786.0,22.0,2201.0,1104.0,879.0,218.0,175.0,0.0,0.0,0.0,539.0,0.0,400.0,0.0,0.0,0.0,655.0,488.0,167.0,194.0,0.0,2426.0,1386.0,0.0,997.0,0.0,0.0,0.0,0.0,517.0,286.0,0.0,0.0,0.0,0.0,0.0,0.0,0.0,0.0,0.0,0.0,253.0,0.0,0.0,0.0,0.0,270.0,3394.0,1671.0,0.0,1171.0,0.0,0.0,0.0,0.0,0.0,1308.0,0.0,0.0,670.0,441.0,0.0,0.0,415.0,0.0,4788.0,6003.0,156.0,4657.0
WŁOCŁAWSKI,31597.0,22206.0,9391.0,593.0,524.0,69.0,307.0,74.0,212.0,0.0,17334.0,14303.0,3031.0,4501.0,3915.0,586.0,573.0,500.0,73.0,4786.0,4051.0,735.0,7474.0,5837.0,1637.0,0.0,0.0,0.0,0.0,0.0,0.0,0.0,1309.0,0.0,0.0,0.0,0.0,0.0,0.0,0.0,0.0,0.0,0.0,0.0,327.0,277.0,0.0,0.0,0.0,0.0,0.0,0.0,0.0,0.0,0.0,0.0,0.0,195.0,0.0,0.0,0.0,0.0,0.0,0.0,0.0,0.0,0.0,0.0,0.0,0.0,1040.0,0.0,0.0,0.0,0.0,0.0,246.0,679.0,0.0,0.0,1155.0,0.0,0.0,0.0,118.0,613.0,0.0,0.0,157.0,0.0,0.0,1345.0,1307.0,0.0,0.0,0.0,0.0,0.0,0.0,0.0,0.0,0.0,0.0,0.0,0.0,0.0,0.0,0.0,0.0,0.0,196.0,0.0,0.0,0.0,0.0,3610.0,0.0,1560.0,0.0,0.0,1671.0,0.0,3189.0,386.0,365.0,416.0,0.0,1086.0,0.0,0.0,0.0,0.0,0.0,0.0,641.0,0.0,225.0,0.0,0.0,0.0,0.0,1505.0,0.0,0.0,214.0,858.0,0.0,0.0,173.0,0.0,0.0,0.0,0.0,0.0,0.0,0.0,0.0,0.0,0.0,3227.0,2348.0,879.0,338.0,4567.0,2877.0,1690.0,0.0,3074.0,2796.0,0.0,175.0,0.0,1219.0,0.0,843.0,0.0,0.0,257.0,0.0,0.0,0.0,274.0,1257.0,1191.0,66.0,175.0,0.0,0.0,0.0,0.0,428.0,0.0,498.0,0.0,0.0,0.0,0.0,177.0,0.0,0.0,156.0,7846.0,3311.0,4535.0,1562.0,0.0,738.0,0.0,490.0,0.0,195.0,0.0,0.0,0.0,149.0,0.0,118.0,0.0,0.0,0.0,391.0,0.0,161.0,0.0,89.0,910.0,658.0,0.0,462.0,0.0,0.0,0.0,0.0,0.0,0.0,0.0,0.0,0.0,0.0,0.0,0.0,0.0,0.0,0.0,0.0,0.0,0.0,0.0,0.0,0.0,252.0,894.0,342.0,0.0,0.0,0.0,0.0,0.0,0.0,0.0,501.0,0.0,0.0,261.0,0.0,0.0,0.0,51.0,0.0,2653.0,1518.0,80.0,309.0
DUBIEŃSKI,15232.0,11334.0,3898.0,326.0,310.0,16.0,0.0,0.0,241.0,85.0,6558.0,5632.0,926.0,505.0,428.0,77.0,286.0,272.0,14.0,2132.0,1856.0,276.0,3635.0,3076.0,559.0,0.0,0.0,0.0,0.0,0.0,0.0,0.0,772.0,0.0,0.0,0.0,0.0,0.0,0.0,0.0,0.0,0.0,0.0,0.0,463.0,209.0,0.0,0.0,0.0,0.0,0.0,0.0,0.0,0.0,0.0,0.0,0.0,0.0,0.0,0.0,0.0,0.0,0.0,0.0,0.0,0.0,0.0,0.0,0.0,0.0,0.0,0.0,0.0,0.0,0.0,0.0,0.0,0.0,0.0,0.0,958.0,0.0,0.0,0.0,276.0,490.0,0.0,0.0,0.0,0.0,0.0,0.0,0.0,0.0,0.0,0.0,0.0,0.0,0.0,0.0,0.0,0.0,0.0,0.0,0.0,0.0,0.0,0.0,0.0,0.0,0.0,0.0,0.0,0.0,0.0,1659.0,0.0,863.0,0.0,0.0,699.0,0.0,1264.0,0.0,630.0,0.0,0.0,0.0,0.0,0.0,0.0,0.0,0.0,0.0,301.0,0.0,0.0,0.0,0.0,0.0,0.0,740.0,0.0,0.0,0.0,567.0,0.0,0.0,0.0,0.0,0.0,0.0,0.0,0.0,0.0,0.0,0.0,0.0,0.0,765.0,517.0,248.0,400.0,3600.0,2412.0,1188.0,0.0,2848.0,2545.0,0.0,227.0,0.0,566.0,0.0,296.0,0.0,0.0,233.0,0.0,0.0,0.0,186.0,891.0,867.0,24.0,0.0,0.0,0.0,0.0,0.0,371.0,0.0,345.0,0.0,0.0,0.0,0.0,147.0,0.0,0.0,175.0,3857.0,2113.0,1744.0,1053.0,0.0,345.0,0.0,250.0,0.0,0.0,0.0,0.0,0.0,194.0,0.0,151.0,0.0,0.0,0.0,375.0,197.0,178.0,0.0,139.0,652.0,483.0,0.0,424.0,0.0,0.0,0.0,0.0,0.0,0.0,0.0,0.0,0.0,0.0,0.0,0.0,0.0,0.0,0.0,0.0,0.0,0.0,0.0,0.0,0.0,169.0,335.0,0.0,0.0,0.0,0.0,0.0,0.0,0.0,0.0,150.0,0.0,0.0,0.0,0.0,0.0,0.0,0.0,185.0,1010.0,528.0,0.0,279.0
HOROCHOWSKI,7293.0,5526.0,1767.0,160.0,153.0,7.0,0.0,0.0,119.0,41.0,3407.0,2957.0,450.0,57.0,55.0,2.0,110.0,104.0,6.0,1863.0,1653.0,210.0,1377.0,1145.0,232.0,0.0,0.0,0.0,0.0,0.0,0.0,0.0,305.0,0.0,0.0,0.0,0.0,0.0,0.0,0.0,0.0,0.0,0.0,0.0,213.0,0.0,0.0,0.0,0.0,0.0,0.0,0.0,0.0,0.0,0.0,0.0,0.0,0.0,0.0,0.0,0.0,0.0,0.0,0.0,0.0,0.0,0.0,0.0,0.0,0.0,0.0,0.0,0.0,0.0,0.0,0.0,0.0,0.0,0.0,0.0,314.0,0.0,0.0,0.0,0.0,231.0,0.0,0.0,0.0,0.0,0.0,0.0,0.0,0.0,0.0,0.0,0.0,0.0,0.0,0.0,0.0,0.0,0.0,0.0,0.0,0.0,0.0,0.0,0.0,0.0,74.0,0.0,0.0,0.0,0.0,1519.0,0.0,466.0,0.0,74.0,934.0,0.0,518.0,0.0,298.0,0.0,0.0,0.0,0.0,0.0,0.0,0.0,0.0,0.0,146.0,0.0,0.0,0.0,0.0,0.0,0.0,287.0,0.0,0.0,0.0,213.0,0.0,0.0,0.0,0.0,0.0,0.0,0.0,0.0,0.0,0.0,0.0,0.0,0.0,222.0,151.0,71.0,168.0,1878.0,1336.0,542.0,0.0,1638.0,1501.0,0.0,101.0,0.0,186.0,0.0,0.0,0.0,0.0,113.0,0.0,0.0,0.0,54.0,198.0,189.0,9.0,0.0,0.0,0.0,0.0,0.0,0.0,0.0,97.0,0.0,0.0,0.0,0.0,0.0,0.0,0.0,101.0,1650.0,891.0,759.0,499.0,0.0,178.0,0.0,122.0,0.0,0.0,0.0,0.0,0.0,92.0,0.0,86.0,0.0,0.0,0.0,178.0,89.0,89.0,0.0,51.0,287.0,231.0,0.0,212.0,0.0,0.0,0.0,0.0,0.0,0.0,0.0,0.0,0.0,0.0,0.0,0.0,0.0,0.0,0.0,0.0,0.0,0.0,0.0,0.0,0.0,56.0,153.0,0.0,0.0,0.0,0.0,0.0,0.0,0.0,0.0,0.0,0.0,0.0,0.0,0.0,0.0,0.0,0.0,0.0,485.0,198.0,0.0,28.0
KOWELSKI,18354.0,13714.0,4640.0,348.0,334.0,14.0,0.0,0.0,287.0,61.0,6291.0,5279.0,1012.0,720.0,597.0,123.0,200.0,177.0,23.0,1778.0,1536.0,242.0,3593.0,2969.0,624.0,0.0,0.0,0.0,0.0,0.0,0.0,0.0,562.0,0.0,0.0,0.0,0.0,0.0,0.0,0.0,0.0,0.0,0.0,0.0,352.0,0.0,0.0,0.0,0.0,0.0,0.0,0.0,0.0,0.0,0.0,0.0,0.0,0.0,0.0,0.0,0.0,0.0,0.0,0.0,0.0,0.0,0.0,0.0,0.0,0.0,0.0,0.0,0.0,0.0,0.0,0.0,0.0,0.0,0.0,0.0,1241.0,0.0,193.0,0.0,287.0,527.0,0.0,0.0,0.0,0.0,0.0,0.0,0.0,0.0,0.0,0.0,0.0,0.0,0.0,0.0,0.0,0.0,0.0,0.0,0.0,0.0,0.0,0.0,0.0,0.0,0.0,0.0,0.0,0.0,0.0,1633.0,0.0,956.0,0.0,0.0,519.0,0.0,1153.0,0.0,376.0,0.0,0.0,0.0,0.0,0.0,0.0,0.0,0.0,0.0,330.0,0.0,0.0,0.0,0.0,0.0,0.0,800.0,0.0,0.0,0.0,528.0,0.0,0.0,114.0,0.0,0.0,0.0,0.0,0.0,0.0,0.0,0.0,0.0,0.0,460.0,312.0,148.0,442.0,4080.0,2860.0,1220.0,0.0,3179.0,2693.0,0.0,319.0,0.0,695.0,0.0,433.0,0.0,0.0,200.0,0.0,0.0,0.0,206.0,2512.0,2433.0,79.0,0.0,0.0,0.0,0.0,0.0,1942.0,0.0,370.0,0.0,0.0,0.0,0.0,175.0,0.0,0.0,200.0,5123.0,2808.0,2315.0,1182.0,0.0,403.0,0.0,253.0,0.0,0.0,0.0,0.0,0.0,270.0,0.0,219.0,0.0,0.0,0.0,343.0,204.0,139.0,0.0,166.0,765.0,608.0,0.0,456.0,0.0,0.0,0.0,0.0,0.0,0.0,0.0,0.0,0.0,0.0,0.0,0.0,0.0,0.0,0.0,0.0,0.0,0.0,0.0,0.0,0.0,157.0,519.0,245.0,0.0,0.0,0.0,0.0,0.0,0.0,0.0,254.0,0.0,0.0,0.0,0.0,0.0,0.0,20.0,0.0,1258.0,989.0,0.0,410.0
KRZEMIENIECKI,16575.0,12348.0,4227.0,337.0,292.0,45.0,0.0,0.0,238.0,99.0,6265.0,5395.0,870.0,204.0,189.0,15.0,267.0,255.0,12.0,1363.0,1157.0,206.0,4431.0,3794.0,637.0,0.0,0.0,0.0,0.0,0.0,0.0,0.0,575.0,0.0,0.0,0.0,0.0,0.0,0.0,0.0,0.0,0.0,0.0,0.0,321.0,0.0,0.0,0.0,0.0,0.0,0.0,0.0,0.0,0.0,0.0,0.0,0.0,0.0,0.0,0.0,0.0,0.0,0.0,0.0,0.0,0.0,0.0,0.0,0.0,0.0,160.0,0.0,0.0,0.0,0.0,0.0,0.0,0.0,0.0,0.0,906.0,0.0,162.0,0.0,0.0,477.0,0.0,0.0,0.0,0.0,0.0,0.0,0.0,0.0,0.0,0.0,0.0,0.0,0.0,0.0,0.0,0.0,0.0,0.0,0.0,0.0,0.0,0.0,0.0,0.0,0.0,0.0,0.0,0.0,0.0,2072.0,0.0,879.0,0.0,0.0,1034.0,0.0,948.0,0.0,405.0,164.0,0.0,0.0,0.0,0.0,0.0,0.0,0.0,0.0,316.0,0.0,0.0,0.0,0.0,0.0,0.0,791.0,0.0,0.0,0.0,623.0,0.0,0.0,0.0,0.0,0.0,0.0,0.0,0.0,0.0,0.0,0.0,0.0,0.0,550.0,320.0,230.0,263.0,3661.0,2578.0,1083.0,0.0,2930.0,2587.0,0.0,189.0,0.0,569.0,0.0,319.0,0.0,0.0,180.0,0.0,0.0,0.0,162.0,581.0,552.0,29.0,0.0,0.0,0.0,0.0,0.0,0.0,0.0,363.0,0.0,0.0,0.0,0.0,169.0,0.0,0.0,218.0,5731.0,3531.0,2200.0,2240.0,0.0,338.0,0.0,249.0,0.0,0.0,0.0,0.0,0.0,494.0,0.0,179.0,0.0,0.0,0.0,1275.0,437.0,838.0,0.0,133.0,818.0,635.0,0.0,370.0,0.0,0.0,0.0,0.0,0.0,0.0,0.0,0.0,0.0,0.0,0.0,0.0,0.0,0.0,0.0,0.0,0.0,0.0,0.0,0.0,0.0,183.0,410.0,0.0,0.0,0.0,0.0,0.0,0.0,0.0,0.0,199.0,0.0,0.0,0.0,0.0,0.0,0.0,0.0,211.0,1220.0,818.0,0.0,225.0
LUBOMELSKI,3593.0,2686.0,907.0,225.0,212.0,13.0,0.0,0.0,155.0,70.0,1348.0,1180.0,168.0,32.0,31.0,1.0,75.0,75.0,0.0,291.0,264.0,27.0,950.0,810.0,140.0,0.0,0.0,0.0,0.0,0.0,0.0,0.0,105.0,0.0,0.0,0.0,0.0,0.0,0.0,0.0,0.0,0.0,0.0,0.0,82.0,0.0,0.0,0.0,0.0,0.0,0.0,0.0,0.0,0.0,0.0,0.0,0.0,0.0,0.0,0.0,0.0,0.0,0.0,0.0,0.0,0.0,0.0,0.0,0.0,0.0,0.0,0.0,0.0,0.0,0.0,0.0,0.0,0.0,0.0,0.0,272.0,0.0,0.0,0.0,0.0,133.0,0.0,0.0,0.0,0.0,0.0,0.0,0.0,0.0,0.0,0.0,0.0,0.0,0.0,0.0,0.0,0.0,0.0,0.0,0.0,0.0,0.0,0.0,0.0,0.0,0.0,0.0,0.0,0.0,0.0,397.0,0.0,153.0,0.0,0.0,177.0,0.0,196.0,0.0,82.0,0.0,0.0,0.0,0.0,0.0,0.0,0.0,0.0,0.0,74.0,0.0,0.0,0.0,0.0,0.0,0.0,177.0,0.0,0.0,0.0,131.0,0.0,0.0,0.0,0.0,0.0,0.0,0.0,0.0,0.0,0.0,0.0,0.0,0.0,81.0,64.0,17.0,120.0,927.0,627.0,300.0,0.0,793.0,688.0,0.0,77.0,0.0,99.0,0.0,0.0,0.0,0.0,0.0,0.0,0.0,0.0,35.0,182.0,176.0,6.0,0.0,0.0,0.0,0.0,0.0,85.0,0.0,62.0,0.0,0.0,0.0,0.0,0.0,0.0,0.0,35.0,911.0,491.0,420.0,323.0,0.0,126.0,0.0,0.0,0.0,0.0,0.0,0.0,0.0,74.0,0.0,71.0,0.0,0.0,0.0,92.0,0.0,0.0,0.0,31.0,187.0,148.0,0.0,142.0,0.0,0.0,0.0,0.0,0.0,0.0,0.0,0.0,0.0,0.0,0.0,0.0,0.0,0.0,0.0,0.0,0.0,0.0,0.0,0.0,0.0,39.0,53.0,0.0,0.0,0.0,0.0,0.0,0.0,0.0,0.0,0.0,0.0,0.0,0.0,0.0,0.0,0.0,0.0,0.0,202.0,137.0,0.0,9.0
ŁUCKI,26428.0,19151.0,6677.0,591.0,539.0,52.0,0.0,0.0,472.0,119.0,10536.0,9095.0,1441.0,1102.0,969.0,133.0,267.0,248.0,19.0,1890.0,1614.0,276.0,7277.0,6264.0,1013.0,0.0,0.0,0.0,0.0,0.0,0.0,0.0,977.0,0.0,0.0,0.0,0.0,0.0,0.0,0.0,0.0,0.0,0.0,0.0,470.0,274.0,0.0,0.0,0.0,0.0,0.0,0.0,0.0,0.0,0.0,0.0,0.0,0.0,0.0,0.0,0.0,0.0,0.0,0.0,0.0,0.0,0.0,0.0,0.0,0.0,320.0,0.0,0.0,0.0,0.0,0.0,279.0,0.0,0.0,0.0,1829.0,0.0,0.0,0.0,638.0,843.0,0.0,0.0,0.0,0.0,0.0,0.0,0.0,0.0,0.0,0.0,0.0,0.0,0.0,0.0,0.0,0.0,0.0,0.0,0.0,0.0,0.0,0.0,0.0,0.0,0.0,0.0,0.0,0.0,0.0,2748.0,0.0,1307.0,0.0,0.0,1212.0,0.0,1400.0,0.0,579.0,208.0,0.0,0.0,0.0,0.0,0.0,0.0,0.0,0.0,481.0,0.0,0.0,0.0,0.0,0.0,0.0,1283.0,0.0,0.0,0.0,854.0,0.0,0.0,0.0,0.0,0.0,0.0,0.0,0.0,0.0,0.0,0.0,0.0,0.0,1332.0,1019.0,313.0,647.0,5818.0,4156.0,1662.0,0.0,4171.0,3770.0,0.0,261.0,0.0,1187.0,0.0,738.0,0.0,0.0,367.0,293.0,0.0,141.0,26.0,1461.0,1418.0,43.0,0.0,0.0,0.0,0.0,0.0,577.0,0.0,644.0,0.0,0.0,0.0,0.0,273.0,0.0,0.0,240.0,8022.0,4543.0,3479.0,2368.0,0.0,981.0,585.0,308.0,0.0,359.0,216.0,0.0,0.0,435.0,0.0,293.0,0.0,0.0,0.0,469.0,235.0,234.0,0.0,124.0,1094.0,729.0,0.0,540.0,0.0,0.0,0.0,0.0,244.0,210.0,0.0,0.0,0.0,0.0,0.0,0.0,0.0,0.0,0.0,0.0,0.0,0.0,0.0,0.0,0.0,121.0,723.0,332.0,0.0,0.0,0.0,0.0,0.0,0.0,0.0,361.0,0.0,0.0,0.0,0.0,0.0,0.0,30.0,0.0,2024.0,1310.0,0.0,503.0
RÓWIEŃSKI,29401.0,21813.0,7583.0,361.0,326.0,35.0,0.0,0.0,237.0,104.0,10737.0,9108.0,1629.0,1379.0,1267.0,112.0,401.0,356.0,45.0,3651.0,3074.0,577.0,5306.0,4411.0,895.0,0.0,0.0,0.0,0.0,0.0,0.0,0.0,971.0,0.0,0.0,0.0,0.0,0.0,0.0,0.0,0.0,0.0,0.0,0.0,414.0,262.0,0.0,0.0,0.0,0.0,0.0,0.0,0.0,0.0,0.0,0.0,0.0,0.0,0.0,0.0,0.0,0.0,0.0,0.0,0.0,0.0,0.0,0.0,0.0,0.0,318.0,0.0,0.0,0.0,0.0,0.0,241.0,0.0,0.0,0.0,1410.0,0.0,0.0,0.0,313.0,690.0,0.0,0.0,0.0,0.0,0.0,0.0,0.0,0.0,0.0,0.0,0.0,0.0,0.0,0.0,0.0,0.0,0.0,0.0,0.0,0.0,0.0,0.0,0.0,0.0,0.0,0.0,0.0,0.0,0.0,2751.0,0.0,1562.0,0.0,0.0,857.0,0.0,2211.0,0.0,723.0,318.0,0.0,401.0,0.0,0.0,0.0,0.0,0.0,0.0,517.0,0.0,0.0,0.0,0.0,0.0,0.0,1167.0,0.0,0.0,0.0,800.0,0.0,0.0,0.0,0.0,0.0,0.0,0.0,0.0,0.0,0.0,0.0,0.0,0.0,1220.0,808.0,412.0,689.0,6705.0,4663.0,2042.0,0.0,4617.0,4251.0,0.0,193.0,0.0,1539.0,0.0,994.0,0.0,0.0,428.0,252.0,0.0,246.0,51.0,1382.0,1325.0,57.0,0.0,0.0,0.0,0.0,0.0,455.0,0.0,673.0,0.0,0.0,111.0,0.0,188.0,160.0,0.0,254.0,10216.0,6391.0,3825.0,3363.0,0.0,627.0,233.0,330.0,0.0,380.0,189.0,0.0,0.0,1691.0,0.0,243.0,0.0,0.0,0.0,553.0,292.0,254.0,0.0,112.0,1171.0,734.0,0.0,516.0,0.0,0.0,0.0,0.0,337.0,274.0,0.0,0.0,0.0,0.0,0.0,0.0,0.0,0.0,0.0,0.0,0.0,0.0,0.0,0.0,0.0,100.0,948.0,428.0,0.0,0.0,0.0,0.0,0.0,0.0,0.0,465.0,0.0,0.0,0.0,0.0,0.0,0.0,55.0,0.0,2150.0,1423.0,0.0,1161.0
WŁODZIMIERSKI,12811.0,9512.0,3299.0,280.0,242.0,38.0,0.0,0.0,138.0,142.0,5085.0,4329.0,756.0,568.0,548.0,20.0,179.0,163.0,16.0,1645.0,1392.0,253.0,2693.0,2226.0,467.0,0.0,0.0,0.0,0.0,0.0,0.0,0.0,451.0,0.0,0.0,0.0,0.0,0.0,0.0,0.0,0.0,0.0,0.0,0.0,257.0,0.0,0.0,0.0,0.0,0.0,0.0,0.0,0.0,0.0,0.0,0.0,0.0,0.0,0.0,0.0,0.0,0.0,0.0,0.0,0.0,0.0,0.0,0.0,0.0,0.0,115.0,0.0,0.0,0.0,0.0,0.0,0.0,0.0,0.0,0.0,934.0,0.0,158.0,218.0,0.0,383.0,0.0,0.0,0.0,0.0,0.0,0.0,0.0,0.0,0.0,0.0,0.0,0.0,0.0,0.0,0.0,0.0,0.0,0.0,0.0,0.0,0.0,0.0,0.0,0.0,0.0,0.0,0.0,0.0,0.0,1106.0,0.0,604.0,0.0,0.0,421.0,0.0,891.0,0.0,479.0,123.0,0.0,0.0,0.0,0.0,0.0,0.0,0.0,0.0,233.0,0.0,0.0,0.0,0.0,0.0,0.0,661.0,0.0,0.0,0.0,438.0,0.0,0.0,0.0,0.0,0.0,0.0,0.0,0.0,0.0,0.0,0.0,0.0,0.0,633.0,427.0,206.0,294.0,2842.0,2005.0,837.0,0.0,2274.0,1946.0,0.0,263.0,0.0,391.0,0.0,187.0,0.0,0.0,169.0,0.0,0.0,0.0,177.0,725.0,708.0,17.0,0.0,0.0,0.0,0.0,0.0,298.0,0.0,319.0,0.0,0.0,0.0,0.0,174.0,0.0,0.0,108.0,3879.0,2228.0,1651.0,821.0,0.0,248.0,0.0,164.0,0.0,0.0,0.0,0.0,0.0,159.0,0.0,0.0,0.0,0.0,0.0,298.0,185.0,0.0,0.0,116.0,470.0,328.0,0.0,265.0,0.0,0.0,0.0,0.0,0.0,0.0,0.0,0.0,0.0,0.0,0.0,0.0,0.0,0.0,0.0,0.0,0.0,0.0,0.0,0.0,0.0,142.0,364.0,0.0,0.0,0.0,0.0,0.0,0.0,0.0,0.0,210.0,0.0,0.0,0.0,0.0,0.0,0.0,0.0,154.0,960.0,583.0,0.0,681.0
KOSTOPOLSKI,8284.0,6519.0,1765.0,339.0,328.0,11.0,0.0,0.0,323.0,16.0,3497.0,3189.0,308.0,703.0,691.0,12.0,248.0,244.0,4.0,832.0,752.0,80.0,1714.0,1502.0,212.0,0.0,0.0,0.0,0.0,0.0,0.0,0.0,273.0,0.0,0.0,0.0,0.0,0.0,0.0,0.0,0.0,0.0,0.0,0.0,187.0,0.0,0.0,0.0,0.0,0.0,0.0,0.0,0.0,0.0,0.0,0.0,0.0,0.0,0.0,0.0,0.0,0.0,0.0,0.0,0.0,0.0,0.0,0.0,0.0,0.0,591.0,0.0,536.0,0.0,0.0,0.0,0.0,0.0,0.0,0.0,682.0,0.0,231.0,0.0,110.0,228.0,0.0,0.0,0.0,0.0,0.0,0.0,0.0,0.0,0.0,0.0,0.0,0.0,0.0,0.0,0.0,0.0,0.0,0.0,0.0,0.0,0.0,0.0,0.0,0.0,0.0,0.0,0.0,0.0,0.0,730.0,0.0,396.0,0.0,0.0,275.0,0.0,502.0,0.0,272.0,0.0,0.0,0.0,0.0,0.0,0.0,0.0,0.0,0.0,138.0,0.0,0.0,0.0,0.0,0.0,0.0,231.0,0.0,0.0,0.0,158.0,0.0,0.0,0.0,0.0,0.0,0.0,0.0,0.0,0.0,0.0,0.0,0.0,0.0,267.0,197.0,70.0,221.0,1747.0,1181.0,566.0,0.0,1422.0,1275.0,0.0,121.0,0.0,283.0,0.0,149.0,0.0,0.0,114.0,0.0,0.0,0.0,42.0,235.0,224.0,11.0,0.0,0.0,0.0,0.0,0.0,88.0,0.0,89.0,0.0,0.0,0.0,0.0,0.0,0.0,0.0,58.0,2466.0,1597.0,869.0,1148.0,0.0,213.0,0.0,153.0,0.0,0.0,0.0,0.0,0.0,728.0,0.0,123.0,0.0,0.0,0.0,142.0,0.0,72.0,0.0,65.0,391.0,322.0,0.0,293.0,0.0,0.0,0.0,0.0,0.0,0.0,0.0,0.0,0.0,0.0,0.0,0.0,0.0,0.0,0.0,0.0,0.0,0.0,0.0,0.0,0.0,69.0,131.0,0.0,0.0,0.0,0.0,0.0,0.0,0.0,0.0,0.0,0.0,0.0,0.0,0.0,0.0,0.0,0.0,0.0,509.0,247.0,0.0,40.0
ZDOŁBUNOWSKI,12683.0,9647.0,3036.0,207.0,192.0,15.0,0.0,0.0,139.0,68.0,4492.0,3848.0,644.0,456.0,443.0,13.0,284.0,265.0,19.0,2174.0,1901.0,273.0,1578.0,1239.0,339.0,0.0,0.0,0.0,0.0,0.0,0.0,0.0,307.0,0.0,0.0,0.0,0.0,0.0,0.0,0.0,0.0,0.0,0.0,0.0,278.0,129.0,0.0,0.0,0.0,0.0,0.0,0.0,0.0,0.0,0.0,0.0,0.0,0.0,0.0,0.0,0.0,0.0,0.0,0.0,0.0,0.0,0.0,0.0,0.0,0.0,263.0,0.0,0.0,0.0,172.0,0.0,0.0,0.0,0.0,0.0,569.0,0.0,0.0,0.0,0.0,309.0,0.0,0.0,0.0,0.0,0.0,0.0,0.0,0.0,0.0,0.0,0.0,0.0,0.0,0.0,0.0,0.0,0.0,0.0,0.0,0.0,0.0,0.0,0.0,0.0,0.0,0.0,0.0,0.0,0.0,1125.0,0.0,599.0,0.0,0.0,431.0,0.0,826.0,0.0,307.0,0.0,0.0,138.0,0.0,0.0,0.0,0.0,0.0,0.0,214.0,0.0,0.0,0.0,0.0,0.0,0.0,414.0,0.0,0.0,0.0,295.0,0.0,0.0,0.0,0.0,0.0,0.0,0.0,0.0,0.0,0.0,0.0,0.0,0.0,570.0,326.0,244.0,218.0,2451.0,1542.0,909.0,0.0,1711.0,1539.0,0.0,121.0,0.0,588.0,0.0,420.0,0.0,0.0,0.0,0.0,0.0,0.0,152.0,1392.0,1361.0,31.0,0.0,0.0,0.0,0.0,0.0,934.0,0.0,379.0,232.0,0.0,0.0,0.0,0.0,0.0,0.0,79.0,4141.0,2704.0,1437.0,1465.0,0.0,255.0,0.0,151.0,0.0,0.0,0.0,0.0,0.0,899.0,0.0,142.0,0.0,0.0,0.0,214.0,0.0,0.0,0.0,97.0,554.0,400.0,0.0,304.0,0.0,0.0,0.0,0.0,0.0,0.0,0.0,0.0,0.0,0.0,0.0,0.0,0.0,0.0,0.0,0.0,0.0,0.0,0.0,0.0,0.0,154.0,361.0,0.0,0.0,0.0,0.0,0.0,0.0,0.0,0.0,178.0,0.0,0.0,0.0,0.0,0.0,0.0,0.0,183.0,729.0,851.0,0.0,181.0
SARNEŃSKI,12607.0,10045.0,2562.0,470.0,449.0,21.0,0.0,0.0,424.0,46.0,5578.0,4916.0,662.0,1345.0,1209.0,136.0,229.0,217.0,12.0,1607.0,1404.0,203.0,2397.0,2086.0,311.0,0.0,0.0,0.0,0.0,0.0,0.0,0.0,402.0,0.0,0.0,0.0,0.0,0.0,0.0,0.0,0.0,0.0,0.0,0.0,280.0,0.0,0.0,0.0,0.0,0.0,0.0,0.0,0.0,0.0,0.0,0.0,0.0,135.0,0.0,0.0,0.0,0.0,0.0,0.0,0.0,0.0,0.0,0.0,0.0,0.0,1278.0,0.0,680.0,0.0,0.0,0.0,0.0,0.0,442.0,0.0,1052.0,0.0,267.0,0.0,298.0,298.0,0.0,0.0,0.0,0.0,0.0,0.0,0.0,0.0,0.0,0.0,0.0,0.0,0.0,0.0,0.0,0.0,0.0,0.0,0.0,0.0,0.0,0.0,0.0,0.0,0.0,0.0,0.0,0.0,0.0,1105.0,0.0,606.0,0.0,0.0,409.0,0.0,560.0,0.0,208.0,0.0,0.0,0.0,0.0,0.0,0.0,0.0,0.0,0.0,216.0,0.0,0.0,0.0,0.0,0.0,0.0,553.0,0.0,0.0,0.0,418.0,0.0,0.0,0.0,0.0,0.0,0.0,0.0,0.0,0.0,0.0,0.0,0.0,0.0,342.0,276.0,66.0,151.0,1973.0,1419.0,554.0,0.0,1591.0,1439.0,0.0,107.0,0.0,317.0,0.0,200.0,0.0,0.0,0.0,0.0,0.0,0.0,65.0,1001.0,972.0,29.0,0.0,0.0,0.0,0.0,0.0,750.0,0.0,159.0,0.0,0.0,0.0,0.0,0.0,0.0,0.0,92.0,3585.0,2289.0,1296.0,1490.0,0.0,261.0,0.0,176.0,0.0,0.0,0.0,0.0,0.0,992.0,0.0,0.0,0.0,0.0,0.0,137.0,0.0,0.0,0.0,100.0,506.0,390.0,0.0,339.0,0.0,0.0,0.0,0.0,0.0,0.0,0.0,0.0,0.0,0.0,0.0,0.0,0.0,0.0,0.0,0.0,0.0,0.0,0.0,0.0,0.0,116.0,201.0,0.0,0.0,0.0,0.0,0.0,0.0,0.0,0.0,0.0,0.0,0.0,0.0,0.0,0.0,0.0,0.0,0.0,754.0,512.0,0.0,122.0
OSZMIAŃSKI,6456.62186805988,4181.213081352773,2275.408786707108,148.43953993842342,0.0,0.0,0.0,0.0,100.6200908307434,47.81944910768003,2755.5957548300617,2055.240073107165,700.3556817228971,61.76678843075337,52.80064172306336,8.966146707690005,66.7479810461367,61.76678843075337,4.981192615383336,685.4121038767471,493.1380689229503,192.2740349537968,1941.6688814764243,1447.5345740303976,494.134307446027,0.0,0.0,0.0,0.0,0.0,0.0,0.0,275.95807089223683,0.0,0.0,0.0,0.0,0.0,0.0,0.0,0.0,0.0,0.0,0.0,181.31541119995345,0.0,0.0,0.0,0.0,0.0,0.0,0.0,0.0,0.0,0.0,0.0,0.0,0.0,0.0,0.0,0.0,0.0,0.0,0.0,0.0,0.0,0.0,0.0,0.0,0.0,0.0,0.0,0.0,0.0,0.0,0.0,0.0,0.0,0.0,0.0,263.0069700922402,0.0,0.0,0.0,0.0,147.44330141534675,0.0,0.0,0.0,0.0,0.0,0.0,0.0,0.0,0.0,0.0,0.0,0.0,0.0,0.0,0.0,0.0,0.0,0.0,0.0,0.0,0.0,0.0,0.0,0.0,94.6426596922834,0.0,66.7479810461367,0.0,0.0,899.6033863382305,0.0,509.077885292177,0.0,0.0,306.84146510761354,0.0,410.4502715075869,0.0,93.64642116920672,168.36431039995676,0.0,0.0,0.0,0.0,0.0,0.0,0.0,0.0,91.6539441230534,0.0,0.0,0.0,0.0,0.0,0.0,264.9994471383935,0.0,0.0,0.0,185.30036529226007,0.0,0.0,0.0,0.0,0.0,0.0,0.0,0.0,0.0,0.0,0.0,0.0,0.0,406.46531741528025,0.0,0.0,140.4696317538101,1146.670540061244,678.4384342152105,468.2321058460336,0.0,869.7162306459305,805.9569651690239,0.0,0.0,0.0,245.07467667686012,0.0,114.56743015381672,0.0,0.0,97.6313752615134,0.0,0.0,0.0,31.879632738453356,327.7624740922236,320.78880443068687,6.973669661536671,0.0,0.0,0.0,0.0,0.0,57.7818343384467,0.0,207.2176127999468,0.0,0.0,0.0,0.0,143.45834732304007,0.0,0.0,62.76302695383004,2078.153559137928,0.0,0.0,421.4088952614303,0.0,169.36054892303343,0.0,0.0,0.0,0.0,0.0,0.0,0.0,118.5523842461234,0.0,96.63513673843671,0.0,0.0,0.0,79.69908184613338,0.0,0.0,0.0,53.796880246140034,341.7098134152969,305.8452265845369,0.0,260.01825452301017,0.0,0.0,0.0,0.0,0.0,0.0,0.0,0.0,0.0,0.0,0.0,0.0,0.0,0.0,0.0,0.0,0.0,0.0,0.0,0.0,0.0,35.86458683076002,177.33045710764677,104.60504492305006,0.0,0.0,0.0,0.0,0.0,0.0,0.0,0.0,0.0,0.0,0.0,0.0,0.0,0.0,0.0,72.7254121845967,665.4873334152137,423.4013723075836,0.0,48.8156876307567
ŚWIĘCIAŃSKI,10391.0,7337.0,3054.0,342.0,0.0,0.0,0.0,0.0,198.0,144.0,3470.0,2692.0,778.0,73.0,54.0,19.0,188.0,127.0,61.0,903.0,666.0,237.0,2306.0,1845.0,461.0,0.0,0.0,0.0,0.0,0.0,0.0,0.0,304.0,0.0,0.0,0.0,0.0,0.0,0.0,0.0,0.0,0.0,0.0,0.0,189.0,0.0,0.0,0.0,0.0,0.0,0.0,0.0,0.0,0.0,0.0,0.0,0.0,0.0,0.0,0.0,0.0,0.0,0.0,0.0,0.0,0.0,0.0,0.0,0.0,0.0,0.0,0.0,0.0,0.0,0.0,0.0,0.0,0.0,0.0,0.0,398.0,0.0,121.0,0.0,0.0,197.0,0.0,0.0,0.0,0.0,0.0,0.0,0.0,0.0,209.0,151.0,0.0,0.0,0.0,0.0,0.0,0.0,0.0,0.0,0.0,0.0,0.0,0.0,0.0,0.0,0.0,0.0,0.0,0.0,0.0,945.0,0.0,579.0,0.0,0.0,304.0,0.0,443.0,0.0,138.0,148.0,0.0,0.0,0.0,0.0,0.0,0.0,0.0,0.0,131.0,0.0,0.0,0.0,0.0,0.0,0.0,355.0,0.0,0.0,0.0,241.0,0.0,0.0,0.0,0.0,0.0,0.0,0.0,0.0,0.0,0.0,0.0,0.0,0.0,617.0,0.0,0.0,199.0,1564.0,912.0,652.0,0.0,1102.0,973.0,0.0,0.0,0.0,416.0,0.0,268.0,0.0,0.0,0.0,0.0,0.0,0.0,46.0,893.0,864.0,29.0,101.0,0.0,0.0,0.0,0.0,602.0,0.0,157.0,0.0,0.0,0.0,0.0,119.0,0.0,0.0,33.0,4122.0,0.0,0.0,1472.0,0.0,227.0,0.0,0.0,0.0,0.0,0.0,0.0,0.0,1061.0,0.0,152.0,0.0,0.0,0.0,128.0,0.0,0.0,0.0,56.0,481.0,445.0,0.0,384.0,0.0,0.0,0.0,0.0,0.0,0.0,0.0,0.0,0.0,0.0,0.0,0.0,0.0,0.0,0.0,0.0,0.0,0.0,0.0,0.0,0.0,36.0,236.0,0.0,0.0,0.0,0.0,0.0,0.0,0.0,0.0,0.0,0.0,0.0,0.0,0.0,0.0,0.0,0.0,0.0,874.0,824.0,2.0,235.0
WILNO (MIASTO),85701.0,51544.0,34157.0,617.0,453.0,164.0,368.0,14.0,235.0,0.0,28825.0,20964.0,7861.0,2342.0,1835.0,507.0,1512.0,1134.0,378.0,8014.0,6032.0,1982.0,16957.0,11963.0,4994.0,8.0,0.0,0.0,0.0,0.0,0.0,0.0,2052.0,156.0,0.0,0.0,0.0,0.0,0.0,0.0,0.0,0.0,0.0,0.0,224.0,861.0,212.0,0.0,0.0,0.0,0.0,0.0,107.0,0.0,0.0,189.0,303.0,273.0,0.0,0.0,0.0,0.0,0.0,0.0,0.0,0.0,0.0,0.0,115.0,0.0,645.0,0.0,0.0,0.0,0.0,0.0,150.0,80.0,289.0,0.0,2163.0,0.0,236.0,0.0,348.0,1234.0,0.0,0.0,0.0,0.0,128.0,172.0,44.0,128.0,651.0,0.0,0.0,0.0,0.0,0.0,0.0,0.0,0.0,0.0,0.0,0.0,0.0,0.0,0.0,419.0,719.0,0.0,501.0,86.0,0.0,8940.0,505.0,4459.0,680.0,173.0,2812.0,311.0,3232.0,226.0,207.0,1012.0,294.0,0.0,0.0,149.0,161.0,88.0,0.0,0.0,782.0,271.0,936.0,39.0,567.0,183.0,147.0,3051.0,77.0,6.0,367.0,1339.0,294.0,86.0,560.0,175.0,147.0,415.0,0.0,265.0,42.0,108.0,217.0,217.0,0.0,5351.0,3546.0,1805.0,0.0,13350.0,8839.0,6511.0,54.0,8553.0,7796.0,147.0,501.0,109.0,5354.0,4.0,3705.0,287.0,177.0,1181.0,844.0,137.0,408.0,0.0,6502.0,6040.0,462.0,950.0,18.0,0.0,0.0,0.0,2891.0,338.0,2121.0,202.0,84.0,597.0,390.0,530.0,318.0,184.0,0.0,34407.0,15248.0,19159.0,5678.0,3.0,2568.0,1162.0,1101.0,305.0,802.0,503.0,263.0,36.0,1015.0,0.0,647.0,0.0,0.0,0.0,915.0,594.0,321.0,375.0,0.0,4151.0,2312.0,0.0,827.0,487.0,365.0,0.0,518.0,1006.0,813.0,0.0,0.0,0.0,187.0,119.0,68.0,212.0,0.0,133.0,0.0,434.0,0.0,218.0,133.0,0.0,0.0,4179.0,2030.0,0.0,1254.0,245.0,251.0,0.0,0.0,0.0,1671.0,0.0,0.0,673.0,838.0,0.0,0.0,478.0,0.0,8982.0,8356.0,0.0,130.0
DZIŚNIEŃSKI,11835.0,8341.0,3494.0,246.0,0.0,0.0,0.0,0.0,149.0,97.0,3977.0,3067.0,910.0,37.0,35.0,2.0,133.0,117.0,16.0,563.0,419.0,144.0,3244.0,2496.0,748.0,0.0,0.0,0.0,0.0,0.0,0.0,0.0,369.0,0.0,0.0,0.0,0.0,0.0,0.0,0.0,0.0,0.0,0.0,0.0,227.0,0.0,0.0,0.0,0.0,0.0,0.0,0.0,0.0,0.0,0.0,0.0,0.0,0.0,0.0,0.0,0.0,0.0,0.0,0.0,0.0,0.0,0.0,0.0,0.0,0.0,0.0,0.0,0.0,0.0,0.0,0.0,0.0,0.0,0.0,0.0,422.0,0.0,0.0,0.0,0.0,272.0,0.0,0.0,0.0,0.0,0.0,0.0,0.0,0.0,0.0,0.0,0.0,0.0,0.0,0.0,0.0,0.0,0.0,0.0,0.0,0.0,0.0,0.0,0.0,0.0,92.0,0.0,0.0,0.0,0.0,1414.0,0.0,841.0,0.0,0.0,492.0,0.0,396.0,0.0,105.0,0.0,0.0,0.0,0.0,0.0,0.0,0.0,0.0,0.0,133.0,0.0,0.0,0.0,0.0,0.0,0.0,355.0,0.0,0.0,0.0,225.0,0.0,0.0,0.0,0.0,0.0,0.0,0.0,0.0,0.0,0.0,0.0,0.0,0.0,671.0,0.0,0.0,258.0,1904.0,1220.0,684.0,0.0,1511.0,1429.0,0.0,0.0,0.0,336.0,0.0,185.0,0.0,0.0,0.0,0.0,0.0,0.0,57.0,717.0,686.0,31.0,0.0,0.0,0.0,0.0,0.0,344.0,0.0,259.0,0.0,0.0,0.0,0.0,177.0,0.0,0.0,114.0,4991.0,0.0,0.0,2551.0,0.0,264.0,0.0,0.0,0.0,0.0,0.0,0.0,0.0,2046.0,0.0,160.0,0.0,0.0,0.0,175.0,0.0,0.0,0.0,66.0,523.0,444.0,0.0,396.0,0.0,0.0,0.0,0.0,0.0,0.0,0.0,0.0,0.0,0.0,0.0,0.0,0.0,0.0,0.0,0.0,0.0,0.0,0.0,0.0,0.0,79.0,290.0,153.0,0.0,0.0,0.0,0.0,0.0,0.0,0.0,127.0,0.0,0.0,0.0,0.0,0.0,0.0,10.0,0.0,1025.0,469.0,0.0,133.0
WILEJSKI,7726.0,5421.0,2305.0,213.0,0.0,0.0,0.0,0.0,176.0,37.0,2149.0,1679.0,470.0,154.0,125.0,29.0,78.0,74.0,4.0,947.0,725.0,222.0,970.0,755.0,215.0,0.0,0.0,0.0,0.0,0.0,0.0,0.0,196.0,0.0,0.0,0.0,0.0,0.0,0.0,0.0,0.0,0.0,0.0,0.0,145.0,0.0,0.0,0.0,0.0,0.0,0.0,0.0,0.0,0.0,0.0,0.0,0.0,0.0,0.0,0.0,0.0,0.0,0.0,0.0,0.0,0.0,0.0,0.0,0.0,0.0,0.0,0.0,0.0,0.0,0.0,0.0,0.0,0.0,0.0,0.0,278.0,0.0,0.0,0.0,0.0,140.0,0.0,0.0,0.0,0.0,0.0,0.0,0.0,0.0,0.0,0.0,0.0,0.0,0.0,0.0,0.0,0.0,0.0,0.0,0.0,0.0,0.0,0.0,0.0,0.0,0.0,0.0,0.0,0.0,0.0,696.0,0.0,426.0,0.0,0.0,217.0,0.0,355.0,0.0,119.0,0.0,0.0,0.0,0.0,0.0,0.0,0.0,0.0,0.0,82.0,0.0,0.0,0.0,0.0,0.0,0.0,160.0,0.0,0.0,0.0,112.0,0.0,0.0,0.0,0.0,0.0,0.0,0.0,0.0,0.0,0.0,0.0,0.0,0.0,187.0,0.0,0.0,277.0,1313.0,785.0,528.0,0.0,1041.0,956.0,0.0,0.0,0.0,227.0,0.0,105.0,0.0,0.0,0.0,0.0,0.0,0.0,45.0,258.0,239.0,19.0,0.0,0.0,0.0,0.0,0.0,86.0,0.0,87.0,0.0,0.0,0.0,0.0,0.0,0.0,0.0,85.0,3793.0,0.0,0.0,1719.0,0.0,205.0,0.0,0.0,0.0,0.0,0.0,0.0,0.0,1358.0,0.0,113.0,0.0,0.0,0.0,105.0,0.0,0.0,0.0,51.0,363.0,332.0,0.0,311.0,0.0,0.0,0.0,0.0,0.0,0.0,0.0,0.0,0.0,0.0,0.0,0.0,0.0,0.0,0.0,0.0,0.0,0.0,0.0,0.0,0.0,31.0,152.0,0.0,0.0,0.0,0.0,0.0,0.0,0.0,0.0,0.0,0.0,0.0,0.0,0.0,0.0,0.0,0.0,0.0,798.0,688.0,0.0,73.0
WILEŃSKO-TROCKI,15949.37813194012,11607.786918647227,4341.591213292892,893.5604600615766,0.0,0.0,0.0,0.0,701.3799091692566,192.18055089232,6200.404245169938,4983.759926892835,1216.644318277103,742.2332115692466,589.1993582769367,153.03385329231,164.25201895386328,155.23321156924663,9.018807384616665,792.5878961232528,645.8619310770497,146.7259650462032,4501.331118523575,3593.465425969602,907.865692553973,0.0,0.0,0.0,0.0,0.0,0.0,0.0,689.0419291077632,0.0,0.0,0.0,0.0,0.0,0.0,0.0,0.0,0.0,0.0,0.0,450.6845888000465,0.0,0.0,0.0,0.0,0.0,0.0,0.0,0.0,0.0,0.0,0.0,0.0,0.0,0.0,0.0,0.0,0.0,0.0,0.0,0.0,0.0,0.0,0.0,0.0,0.0,0.0,0.0,0.0,0.0,0.0,0.0,0.0,0.0,0.0,0.0,957.9930299077598,0.0,314.0,0.0,139.0,373.5566985846533,0.0,0.0,0.0,0.0,0.0,546.0,546.0,0.0,0.0,0.0,0.0,0.0,0.0,0.0,0.0,0.0,0.0,0.0,0.0,0.0,0.0,0.0,0.0,0.0,0.3573403077165991,0.0,0.2520189538632857,0.0,0.0,1429.3966136617694,0.0,753.922114707823,0.0,0.0,568.1585348923865,0.0,509.54972849241307,0.0,166.35357883079325,0.6356896000432132,0.0,0.0,0.0,0.0,0.0,0.0,0.0,0.0,0.3460558769466012,0.0,0.0,0.0,0.0,0.0,0.0,715.0005528616065,0.0,0.0,0.0,557.6996347077398,0.0,0.0,0.0,0.0,0.0,0.0,0.0,0.0,0.0,0.0,0.0,0.0,0.0,850.5346825847197,0.0,0.0,502.5303682461899,1544.329459938756,830.5615657847895,713.7678941539664,0.0,1123.2837693540694,1036.043034830976,0.0,0.0,0.0,389.9253233231398,0.0,226.43256984618324,0.0,0.0,0.368624738486597,0.0,0.0,0.0,31.120367261546644,1158.2375259077764,1100.211195569313,58.02633033846333,0.0,0.0,0.0,0.0,0.0,824.2181656615533,0.0,185.7823872000532,0.0,0.0,0.0,0.0,125.5416526769599,0.0,0.0,148.23697304616996,6152.846440862072,0.0,0.0,2431.59110473857,0.0,195.6394510769665,0.0,0.0,0.0,0.0,0.0,0.0,0.0,1960.4476157538768,0.0,154.36486326156327,0.0,0.0,0.0,223.3009181538666,0.0,0.0,0.0,52.20311975385996,614.2901865847031,1.154773415463115,0.0,439.9817454769898,0.0,0.0,0.0,0.0,0.0,0.0,0.0,0.0,0.0,0.0,0.0,0.0,0.0,0.0,0.0,0.0,0.0,0.0,0.0,0.0,0.0,174.13541316923997,248.6695428923532,0.3949550769499253,0.0,0.0,0.0,0.0,0.0,0.0,0.0,0.0,0.0,0.0,0.0,0.0,0.0,0.0,0.0,0.2745878154032814,1323.5126665847863,1009.5986276924164,0.0,525.1843123692433
POSTAWSKI,4247.0,2807.0,1440.0,210.0,0.0,0.0,0.0,0.0,130.0,80.0,1517.0,1261.0,256.0,97.0,87.0,10.0,61.0,59.0,2.0,495.0,409.0,86.0,864.0,706.0,158.0,0.0,0.0,0.0,0.0,0.0,0.0,0.0,139.0,0.0,0.0,0.0,0.0,0.0,0.0,0.0,0.0,0.0,0.0,0.0,108.0,0.0,0.0,0.0,0.0,0.0,0.0,0.0,0.0,0.0,0.0,0.0,0.0,0.0,0.0,0.0,0.0,0.0,0.0,0.0,0.0,0.0,0.0,0.0,0.0,0.0,111.0,0.0,0.0,0.0,0.0,0.0,0.0,0.0,83.0,0.0,153.0,0.0,0.0,0.0,0.0,100.0,0.0,0.0,0.0,0.0,0.0,0.0,0.0,0.0,0.0,0.0,0.0,0.0,0.0,0.0,0.0,0.0,0.0,0.0,0.0,0.0,0.0,0.0,0.0,0.0,0.0,0.0,0.0,0.0,0.0,410.0,0.0,259.0,0.0,0.0,120.0,0.0,211.0,0.0,92.0,0.0,0.0,0.0,0.0,0.0,0.0,0.0,0.0,0.0,0.0,0.0,0.0,0.0,0.0,0.0,0.0,256.0,0.0,0.0,122.0,94.0,0.0,0.0,0.0,0.0,0.0,0.0,0.0,0.0,0.0,0.0,0.0,0.0,0.0,107.0,0.0,0.0,130.0,679.0,430.0,249.0,0.0,531.0,470.0,0.0,0.0,0.0,129.0,0.0,0.0,0.0,0.0,0.0,0.0,0.0,0.0,19.0,251.0,238.0,13.0,0.0,0.0,0.0,0.0,0.0,144.0,0.0,0.0,0.0,0.0,0.0,0.0,0.0,0.0,0.0,107.0,1590.0,0.0,0.0,384.0,0.0,153.0,0.0,0.0,0.0,0.0,0.0,0.0,0.0,92.0,0.0,90.0,0.0,0.0,0.0,99.0,0.0,0.0,0.0,40.0,285.0,270.0,0.0,256.0,0.0,0.0,0.0,0.0,0.0,0.0,0.0,0.0,0.0,0.0,0.0,0.0,0.0,0.0,0.0,0.0,0.0,0.0,0.0,0.0,0.0,15.0,121.0,0.0,0.0,0.0,0.0,0.0,0.0,0.0,0.0,0.0,0.0,0.0,0.0,0.0,0.0,0.0,0.0,0.0,485.0,263.0,0.0,52.0
MOŁODECZAŃSKI,6768.0,4818.0,1950.0,135.0,0.0,0.0,0.0,0.0,82.0,53.0,2178.0,1758.0,420.0,26.0,25.0,1.0,126.0,123.0,3.0,1034.0,857.0,177.0,992.0,753.0,239.0,0.0,0.0,0.0,0.0,0.0,0.0,0.0,212.0,0.0,0.0,0.0,0.0,0.0,0.0,0.0,0.0,0.0,0.0,0.0,145.0,0.0,0.0,0.0,0.0,0.0,0.0,0.0,0.0,0.0,0.0,0.0,0.0,0.0,0.0,0.0,0.0,0.0,0.0,0.0,0.0,0.0,0.0,0.0,0.0,0.0,0.0,0.0,0.0,0.0,0.0,0.0,0.0,0.0,0.0,0.0,188.0,0.0,0.0,0.0,0.0,140.0,0.0,0.0,0.0,0.0,0.0,0.0,0.0,0.0,0.0,0.0,0.0,0.0,0.0,0.0,0.0,0.0,0.0,0.0,0.0,0.0,0.0,0.0,0.0,0.0,68.0,0.0,0.0,0.0,0.0,811.0,0.0,473.0,0.0,0.0,309.0,0.0,301.0,0.0,108.0,0.0,0.0,0.0,0.0,0.0,0.0,0.0,0.0,0.0,99.0,0.0,0.0,0.0,0.0,0.0,0.0,164.0,0.0,0.0,0.0,105.0,0.0,0.0,0.0,0.0,0.0,0.0,0.0,0.0,0.0,0.0,0.0,0.0,0.0,244.0,0.0,0.0,190.0,1037.0,632.0,405.0,0.0,791.0,657.0,0.0,94.0,0.0,213.0,0.0,100.0,0.0,0.0,94.0,0.0,0.0,0.0,33.0,586.0,567.0,19.0,0.0,0.0,0.0,0.0,0.0,405.0,0.0,102.0,0.0,0.0,0.0,0.0,61.0,0.0,0.0,79.0,2832.0,0.0,0.0,1080.0,0.0,166.0,0.0,0.0,0.0,0.0,0.0,0.0,0.0,779.0,0.0,94.0,0.0,0.0,0.0,95.0,0.0,0.0,0.0,40.0,267.0,237.0,0.0,208.0,0.0,0.0,0.0,0.0,0.0,0.0,0.0,0.0,0.0,0.0,0.0,0.0,0.0,0.0,0.0,0.0,0.0,0.0,0.0,0.0,0.0,30.0,123.0,0.0,0.0,0.0,0.0,0.0,0.0,0.0,0.0,0.0,0.0,0.0,0.0,0.0,0.0,0.0,0.0,0.0,728.0,325.0,0.0,309.0
