District,Total,1. All types of professional purchasing (total),a. Professional purchasing (agricultural products),b. Professional purchasing (livestock),c. Professional purchasing (plant and animal products),2. Food and colonial goods (exclusively),3. Food products along with non-food items (excluding wine and spirits),"4. Meat, fats, and meat products (exclusively)",5. Catering establishments with and without alcohol,"6. Wine, spirits, and beer (possibly with food and colonial goods)",7. Tobacco monopoly products,8. Textiles,"9. Textiles with clothing, haberdashery, garments, and footwear",10. Ready-made clothing and haberdashery,"11. Garments, garment parts, furs, and fur products",12. Footwear,13. Footwear with leather and shoemaking accessories,14. All types of leather and leather products (excluding footwear),"15. Machinery, tools, and technical goods (excluding agricultural)",16. Building materials and fuels,17. Furniture and all wooden products,"18. Iron, ironware, enameled and aluminum goods (possibly with other goods)","19. Kitchenware, porcelain, faience, glassware, window panes, and mirrors","20. Soap, candles, paints, gasoline, kerosene, mineral oils, lubricants (soap shops)","21. Musical, optical, surgical instruments, photographic equipment and accessories","22. Watchmaking, jewelry, and silver-plated products","23. Electrical equipment, radio equipment, and all lighting accessories",24. Pharmacies,"25. Pharmaceutical warehouses, perfumeries, and cosmetic shops","26. Rubber goods, oilcloth, linoleum, galoshes, tarpaulins, tires, inner tubes, etc.","27. Bookstores, stationery, and paper products (possibly with other goods)","28. Agricultural machinery, tools, and goods",29. Agricultural-commercial syndicates and cooperatives,"30. Banks, exchange offices, and other short- and long-term credit institutions","31. Forwarding, transport, and communication enterprises","32. Other service enterprises (reading rooms, clinics, laundries, bathhouses, garages, dance halls, etc.)","33. Hotels, boarding houses, furnished rooms, lodging houses","34. Theaters, cinemas, and other performances",35. Insurance companies,"36. Offices: commission, trade brokerage, advertising, legal advice, agency, technical, etc.",37. Other enterprises not listed above,38. Cards with no industry/branch specified,ZP. Industrial activities
AUGUSTOWSKI,610.0,68.0,41.0,4.0,3.0,138.0,92.0,56.0,86.0,13.0,14.0,13.0,10.0,21.0,10.0,2.0,9.0,10.0,0.0,2.0,3.0,5.0,7.0,2.0,0.0,2.0,1.0,7.0,4.0,0.0,6.0,1.0,1.0,0.0,7.0,8.0,5.0,2.0,0.0,2.0,0.0,3.0,2.0
BIAŁOSTOCKI,871.0,65.0,29.0,1.0,12.0,218.0,149.0,110.0,87.0,23.0,24.0,34.0,19.0,14.0,4.0,6.0,7.0,11.0,0.0,6.0,2.0,16.0,5.0,5.0,0.0,0.0,0.0,10.0,9.0,0.0,5.0,2.0,1.0,1.0,32.0,3.0,1.0,1.0,0.0,0.0,1.0,0.0,1.0
BIELSKI (BIELSK PODLASKI),1613.0,161.0,92.0,4.0,38.0,494.0,135.0,175.0,114.0,34.0,23.0,59.0,39.0,66.0,42.0,28.0,12.0,21.0,5.0,9.0,8.0,32.0,23.0,16.0,1.0,2.0,1.0,14.0,13.0,0.0,19.0,6.0,0.0,3.0,10.0,21.0,7.0,2.0,0.0,6.0,4.0,8.0,2.0
GRODZIEŃSKI,2146.0,182.0,113.0,3.0,12.0,556.0,280.0,140.0,219.0,36.0,24.0,80.0,12.0,104.0,28.0,27.0,4.0,39.0,7.0,29.0,11.0,39.0,32.0,38.0,3.0,8.0,5.0,16.0,35.0,16.0,41.0,8.0,7.0,4.0,23.0,37.0,9.0,3.0,0.0,22.0,13.0,9.0,19.0
ŁOMŻYŃSKI,1640.6311402998024,117.74103688166399,80.01490665364744,3.4904520912066195,17.163484030402206,402.95343003694785,137.01071748970813,215.12110323128937,132.6157444864353,34.65393612160882,12.163484030402206,73.96180836482648,19.49045209120662,89.98090418241324,55.88961425841875,62.23567813680993,14.74522604560331,17.49045209120662,8.581742015201103,25.74522604560331,13.49045209120662,30.72613022801655,16.163484030402206,19.163484030402206,0.0,10.581742015201103,3.5817420152011032,11.326968060804413,10.163484030402206,0.0,21.74522604560331,3.1634840304022065,1.5817420152011032,4.0,19.74522604560331,23.32696806080441,7.581742015201103,4.0,0.0,6.1634840304022065,13.163484030402206,0.5817420152011032,6.581742015201103
OSTROŁĘCKI,1149.3688597001976,65.25896311833601,41.98509334635256,4.509547908793381,11.836515969597794,335.04656996305215,94.98928251029189,175.87889676871063,105.3842555135647,14.346063878391174,6.8365159695977935,28.038191635173526,24.50954790879338,53.01909581758676,40.11038574158125,34.76432186319007,9.25477395439669,14.509547908793381,1.4182579847988968,17.25477395439669,4.509547908793381,27.273869771983453,14.836515969597794,4.8365159695977935,1.0,5.418257984798897,1.4182579847988968,7.673031939195587,3.8365159695977935,0.0,15.25477395439669,4.8365159695977935,2.4182579847988968,2.0,5.254773954396691,7.673031939195587,2.4182579847988968,2.0,0.0,2.8365159695977935,1.8365159695977935,11.418257984798897,1.4182579847988968
OSTROWSKI (OSTRÓW MAZOWIECKA),917.0,30.0,12.0,1.0,12.0,278.0,103.0,132.0,64.0,14.0,11.0,32.0,14.0,51.0,11.0,19.0,10.0,6.0,3.0,17.0,9.0,21.0,11.0,12.0,0.0,4.0,1.0,9.0,3.0,0.0,10.0,2.0,2.0,3.0,3.0,9.0,1.0,1.0,1.0,3.0,0.0,17.0,1.0
SOKÓLSKI,709.0,47.0,32.0,0.0,6.0,134.0,151.0,54.0,86.0,21.0,19.0,18.0,21.0,19.0,11.0,12.0,7.0,16.0,0.0,9.0,2.0,12.0,6.0,7.0,0.0,1.0,1.0,7.0,7.0,0.0,9.0,0.0,1.0,0.0,6.0,17.0,1.0,1.0,0.0,2.0,1.0,3.0,1.0
SUWALSKI,964.0,79.0,36.0,5.0,15.0,207.0,137.0,69.0,121.0,22.0,24.0,26.0,16.0,54.0,26.0,23.0,2.0,17.0,3.0,6.0,2.0,21.0,11.0,14.0,1.0,5.0,2.0,5.0,6.0,0.0,10.0,4.0,0.0,5.0,4.0,12.0,2.0,2.0,0.0,5.0,10.0,11.0,4.0
SZCZUCZYŃSKI (WOJ. BIAŁOSTOCKIE),734.0,71.0,59.0,1.0,6.0,148.0,118.0,114.0,47.0,18.0,7.0,22.0,18.0,15.0,20.0,12.0,9.0,10.0,2.0,10.0,7.0,9.0,5.0,7.0,0.0,2.0,1.0,3.0,3.0,0.0,9.0,5.0,0.0,1.0,14.0,11.0,2.0,1.0,0.0,0.0,8.0,5.0,2.0
WOŁKOWYSKI,1182.0,98.0,68.0,2.0,13.0,303.0,122.0,119.0,107.0,21.0,15.0,48.0,26.0,24.0,23.0,15.0,12.0,12.0,2.0,14.0,2.0,25.0,22.0,9.0,0.0,6.0,2.0,11.0,18.0,1.0,17.0,0.0,5.0,6.0,12.0,19.0,7.0,0.0,0.0,3.0,2.0,54.0,10.0
WYSOKOMAZOWIECKI,833.0,67.0,31.0,3.0,24.0,187.0,125.0,103.0,77.0,20.0,14.0,47.0,17.0,29.0,17.0,7.0,14.0,6.0,2.0,12.0,5.0,12.0,11.0,7.0,0.0,0.0,0.0,6.0,3.0,0.0,7.0,5.0,4.0,3.0,7.0,9.0,2.0,1.0,0.0,2.0,1.0,4.0,0.0
BIAŁYSTOK (MIASTO),2275.0,83.0,14.0,2.0,25.0,662.0,94.0,276.0,168.0,32.0,48.0,96.0,22.0,151.0,42.0,43.0,17.0,27.0,10.0,56.0,25.0,43.0,34.0,43.0,6.0,16.0,7.0,8.0,27.0,10.0,53.0,2.0,3.0,11.0,28.0,43.0,10.0,5.0,5.0,30.0,32.0,7.0,44.0
BĘDZIŃSKI,3236.0,58.0,8.0,11.0,18.0,901.0,487.0,311.0,245.0,47.0,54.0,195.0,41.0,216.0,89.0,76.0,42.0,18.0,13.0,40.0,32.0,58.0,23.0,33.0,4.0,11.0,5.0,14.0,18.0,0.0,51.0,30.0,1.0,12.0,13.0,36.0,4.0,8.0,2.0,12.0,19.0,17.0,20.0
CZĘSTOCHOWSKI,907.0,26.0,7.0,19.0,0.0,267.0,268.0,72.0,54.0,26.0,3.0,26.0,17.0,23.0,27.0,20.0,4.0,7.0,0.0,11.0,0.0,10.0,2.0,6.0,0.0,0.0,0.0,7.0,1.0,0.0,2.0,5.0,0.0,1.0,9.0,2.0,1.0,0.0,0.0,1.0,0.0,9.0,1.0
IŁŻECKI,1291.0,70.0,37.0,4.0,22.0,215.0,318.0,165.0,78.0,16.0,53.0,62.0,18.0,74.0,41.0,45.0,7.0,16.0,0.0,12.0,5.0,23.0,18.0,2.0,0.0,1.0,2.0,9.0,3.0,0.0,9.0,1.0,1.0,0.0,6.0,4.0,3.0,1.0,0.0,2.0,6.0,5.0,1.0
JĘDRZEJOWSKI,1069.8374900136275,123.1311122120932,60.58945284292181,18.19913947396007,43.33455431625292,69.720565055015,350.62067547731453,70.71690210625626,35.47793473750417,11.183208316043265,38.19913947396007,57.326588737294514,12.159311579168056,45.42217568479535,49.31862315833611,23.17524273708486,13.063724631667222,25.17524273708486,2.007965578958403,36.2947264214609,9.031862315833612,14.119483684376043,7.135414842292848,9.063724631667222,0.0,3.007965578958403,0.007965578958402796,7.05575905270882,3.031862315833611,0.0,15.079655789584027,4.0238967368752085,3.0159311579168055,2.007965578958403,3.0876213685424307,4.0238967368752085,3.0159311579168055,1.0,0.0,5.0079655789584026,5.015931157916806,9.11151810541764,1.0159311579168055
KIELECKI,2291.0,62.0,21.0,9.0,20.0,587.0,401.0,164.0,208.0,40.0,37.0,98.0,18.0,140.0,75.0,54.0,14.0,41.0,8.0,63.0,16.0,37.0,15.0,36.0,4.0,7.0,4.0,12.0,11.0,1.0,34.0,7.0,4.0,11.0,3.0,26.0,8.0,4.0,1.0,13.0,17.0,10.0,4.0
KONECKI,2022.0,75.0,15.0,7.0,32.0,542.0,336.0,199.0,109.0,29.0,25.0,95.0,43.0,155.0,77.0,43.0,26.0,20.0,4.0,39.0,14.0,37.0,30.0,26.0,0.0,1.0,3.0,9.0,8.0,0.0,21.0,0.0,2.0,8.0,6.0,3.0,0.0,3.0,0.0,3.0,5.0,26.0,2.0
KOZIENICKI,1284.0,80.0,37.0,12.0,29.0,238.0,219.0,214.0,106.0,22.0,44.0,58.0,25.0,62.0,36.0,45.0,6.0,18.0,2.0,19.0,7.0,18.0,12.0,4.0,0.0,0.0,1.0,7.0,4.0,0.0,6.0,3.0,2.0,2.0,1.0,0.0,0.0,3.0,0.0,2.0,0.0,18.0,0.0
MIECHOWSKI,1225.1625099863725,140.8688877879068,73.4105471570782,24.80086052603993,41.66544568374708,214.279434944985,326.37932452268547,89.28309789374374,59.522065262495836,22.816791683956737,24.80086052603993,40.673411262705486,19.840688420831945,52.57782431520465,39.68137684166389,21.82475726291514,7.936275368332778,21.82475726291514,0.9920344210415972,36.7052735785391,3.968137684166389,14.880516315623959,16.864585157707154,7.936275368332778,0.0,0.9920344210415972,0.9920344210415972,6.94424094729118,3.968137684166389,0.0,9.920344210415973,2.9761032631247915,1.9840688420831945,0.9920344210415972,10.91237863145757,2.9761032631247915,1.9840688420831945,0.0,0.0,0.9920344210415972,1.9840688420831945,13.88848189458236,1.9840688420831945
OLKUSKI,1546.0,140.0,57.0,27.0,47.0,145.0,427.0,147.0,98.0,24.0,25.0,85.0,9.0,75.0,48.0,64.0,12.0,38.0,0.0,38.0,10.0,35.0,11.0,18.0,0.0,1.0,0.0,10.0,5.0,0.0,11.0,6.0,6.0,5.0,17.0,4.0,1.0,4.0,0.0,3.0,3.0,21.0,4.0
OPATOWSKI,1945.0,91.0,44.0,11.0,34.0,473.0,307.0,171.0,131.0,29.0,54.0,110.0,21.0,151.0,65.0,46.0,8.0,26.0,2.0,63.0,15.0,41.0,20.0,23.0,0.0,2.0,4.0,9.0,6.0,0.0,21.0,3.0,5.0,8.0,9.0,1.0,2.0,2.0,0.0,3.0,2.0,21.0,5.0
OPOCZYŃSKI,1037.0,80.0,35.0,10.0,23.0,195.0,253.0,145.0,51.0,17.0,25.0,40.0,9.0,56.0,15.0,32.0,2.0,17.0,0.0,18.0,9.0,14.0,13.0,16.0,0.0,0.0,0.0,6.0,4.0,0.0,5.0,1.0,1.0,0.0,3.0,6.0,0.0,0.0,0.0,0.0,3.0,1.0,0.0
PIŃCZOWSKI,1167.0,98.0,53.0,6.0,37.0,139.0,336.0,85.0,60.0,17.0,55.0,65.0,30.0,51.0,40.0,17.0,14.0,25.0,0.0,50.0,3.0,20.0,11.0,2.0,0.0,2.0,0.0,9.0,3.0,0.0,6.0,1.0,3.0,3.0,6.0,4.0,0.0,1.0,0.0,1.0,1.0,9.0,2.0
RADOMSKI,1991.7393176829282,48.338398497505445,30.581435784136094,4.932489642602596,6.905485499643635,561.3173213281755,210.1240587748706,185.4616105618576,160.79916234884462,31.567933712656615,44.39240678342336,89.77131149536724,20.716456498930903,133.1772203502701,59.18987571123115,23.675950284492462,8.878481356684674,36.50042335525921,7.891983428164154,79.90633221016206,13.81097099928727,30.581435784136094,25.6489461415335,35.513925426738695,4.932489642602596,9.864979285205193,4.932489642602596,9.864979285205193,13.81097099928727,1.9729958570410384,46.3654026404644,5.9189875711231155,2.9594937855615577,9.864979285205193,4.932489642602596,24.66244821301298,5.9189875711231155,1.9729958570410384,0.0,6.905485499643635,6.905485499643635,22.68945235597194,11.837975142246231
SANDOMIERSKI,1388.0,110.0,42.0,8.0,59.0,301.0,213.0,114.0,65.0,18.0,47.0,86.0,23.0,101.0,42.0,54.0,22.0,25.0,1.0,38.0,4.0,25.0,26.0,8.0,0.0,3.0,2.0,7.0,5.0,0.0,15.0,5.0,4.0,2.0,10.0,6.0,2.0,0.0,0.0,0.0,1.0,3.0,4.0
STOPNICKI,1436.0,136.0,40.0,17.0,75.0,297.0,331.0,117.0,63.0,16.0,21.0,83.0,20.0,65.0,50.0,16.0,20.0,18.0,2.0,55.0,4.0,34.0,14.0,11.0,0.0,1.0,1.0,7.0,3.0,0.0,7.0,4.0,0.0,0.0,11.0,5.0,0.0,0.0,0.0,1.0,1.0,22.0,0.0
WŁOSZCZOWSKI,769.0,47.0,24.0,10.0,7.0,160.0,171.0,57.0,33.0,14.0,18.0,41.0,11.0,54.0,36.0,29.0,14.0,20.0,0.0,10.0,2.0,11.0,4.0,6.0,0.0,0.0,1.0,4.0,3.0,0.0,2.0,1.0,2.0,0.0,0.0,2.0,0.0,1.0,0.0,2.0,2.0,11.0,0.0
ZAWIERCIAŃSKI,1291.0,30.0,5.0,5.0,10.0,307.0,213.0,115.0,107.0,26.0,28.0,56.0,37.0,77.0,30.0,44.0,11.0,20.0,3.0,31.0,7.0,20.0,16.0,19.0,0.0,5.0,2.0,8.0,11.0,0.0,28.0,5.0,0.0,6.0,2.0,13.0,2.0,2.0,0.0,2.0,3.0,5.0,4.0
CZĘSTOCHOWA (MIASTO),2165.0,47.0,10.0,6.0,14.0,541.0,205.0,171.0,127.0,30.0,46.0,108.0,34.0,186.0,67.0,46.0,19.0,19.0,8.0,115.0,18.0,41.0,36.0,48.0,6.0,12.0,5.0,11.0,24.0,0.0,55.0,10.0,0.0,13.0,25.0,26.0,4.0,5.0,3.0,17.0,12.0,25.0,26.0
SOSNOWIEC,2467.0,50.0,9.0,0.0,17.0,638.0,226.0,202.0,179.0,30.0,55.0,153.0,169.0,220.0,59.0,49.0,36.0,22.0,11.0,34.0,8.0,29.0,17.0,31.0,1.0,14.0,4.0,11.0,13.0,1.0,48.0,21.0,0.0,10.0,13.0,40.0,5.0,3.0,2.0,33.0,17.0,13.0,21.0
RADOM (MIASTO),27.26068231707168,0.6616015024945578,0.4185642158639039,0.06751035739740385,0.09451450035636541,7.68267867182456,2.8759412251294045,2.538389438142385,2.200837651155366,0.4320662873433847,0.6075932165766348,1.2286885046327503,0.2835435010690962,1.8227796497299042,0.8101242887688463,0.3240497155075385,0.12151864331532694,0.49957664474078856,0.10801657183584618,1.0936677898379425,0.18902900071273082,0.4185642158639039,0.35105385846650006,0.48607457326130776,0.06751035739740385,0.1350207147948077,0.06751035739740385,0.1350207147948077,0.18902900071273082,0.027004142958961544,0.6345973595355963,0.08101242887688463,0.040506214438442316,0.1350207147948077,0.06751035739740385,0.3375517869870193,0.08101242887688463,0.027004142958961544,0.0,0.09451450035636541,0.09451450035636541,0.31054764402805773,0.16202485775376926
BIALSKI (BIAŁA KRAKOWSKA),1938.407419670802,152.23581871750898,36.17654553107271,58.48550021044995,36.8751592535295,441.64188859249265,147.93443243996575,153.62547776058852,218.37579626764753,33.44136382768177,121.97856882273393,106.42750105224975,119.71502455436094,76.05927318643626,26.48550021044995,42.264818296609064,7.566204574152266,13.353091062145419,8.610340956920442,54.051704784602215,6.566204574152266,8.132409148304532,13.566204574152266,16.742750105224975,3.0,7.610340956920443,6.044136382768177,8.088272765536354,4.044136382768177,1.0,23.6986137224568,6.132409148304532,0.0,2.5220681913840886,4.088272765536354,13.132409148304532,18.088272765536356,3.044136382768177,0.0,6.610340956920443,4.522068191384089,58.007568401834035,30.78688648799315
BOCHEŃSKI,1116.0,63.0,13.0,15.0,33.0,236.0,162.0,61.0,113.0,27.0,151.0,65.0,19.0,26.0,21.0,8.0,13.0,13.0,2.0,29.0,11.0,14.0,10.0,6.0,0.0,3.0,1.0,7.0,2.0,0.0,12.0,1.0,1.0,0.0,7.0,8.0,2.0,1.0,0.0,3.0,4.0,14.0,1.0
BRZESKI (BRZESKO),851.0,50.0,10.0,10.0,28.0,231.0,120.0,65.0,68.0,24.0,126.0,26.0,8.0,23.0,6.0,9.0,11.0,4.0,0.0,25.0,2.0,9.0,4.0,6.0,0.0,2.0,0.0,6.0,1.0,0.0,1.0,3.0,2.0,0.0,3.0,0.0,0.0,1.0,0.0,1.0,4.0,10.0,0.0
CHRZANOWSKI,2104.0,101.0,17.0,26.0,31.0,580.0,193.0,179.0,205.0,78.0,57.0,113.0,109.0,79.0,67.0,61.0,25.0,22.0,7.0,36.0,13.0,27.0,20.0,17.0,1.0,15.0,5.0,8.0,5.0,0.0,25.0,2.0,0.0,3.0,15.0,14.0,2.0,6.0,0.0,1.0,6.0,7.0,22.0
DĄBROWSKI,574.0,53.0,9.0,15.0,25.0,129.0,72.0,30.0,24.0,25.0,95.0,31.0,1.0,13.0,4.0,1.0,8.0,9.0,1.0,32.0,0.0,16.0,4.0,4.0,0.0,0.0,0.0,3.0,0.0,0.0,2.0,2.0,2.0,0.0,1.0,0.0,0.0,0.0,0.0,0.0,1.0,11.0,1.0
GORLICKI,889.7582835411904,40.83794159988673,5.0,11.216260685665741,18.09192450282154,222.35707693679333,140.146126788374,35.994689462753584,119.21095014841933,14.340596868509937,59.67588319977346,48.681193737019875,7.248672365688395,26.654092594243643,17.248672365688396,7.529756411399445,10.843252137133149,15.843252137133149,3.0,16.09192450282154,5.562168091422099,14.686504274266296,7.562168091422099,16.28108404571105,0.0,9.562168091422098,1.0,3.843252137133148,2.0,0.0,5.843252137133148,5.686504274266296,3.2810840457110495,4.0,0.0,2.562168091422099,1.2810840457110495,1.0,0.0,0.0,1.0,18.902764959932036,0.0
JASIELSKI,975.4074502485528,48.631554305692774,8.49725885235622,11.108769464194555,23.61327624049659,248.3072860872428,136.1845796059885,45.50905681923866,78.7069254752924,30.679239453379147,127.60661073287005,50.239907081733676,10.06124874322706,22.085009103710806,26.687879584464145,12.841779759460822,10.499418885127469,19.241069311478736,2.0021600327712497,17.51453911452622,5.234589213164986,17.306638120248294,5.43169004358666,5.420889879730411,1.0,1.0064800983137494,1.0,4.826659530062074,2.0021600327712497,0.0,6.4295300108154105,2.0043200655424998,2.4144097814166616,6.00216003277125,3.008640131084999,2.824499497290824,1.8223394645195743,3.0,0.0,0.0,3.008640131084999,14.86554011994457,2.0043200655424998
KRAKOWSKI,1292.227047083451,46.861928740981625,11.707853010992434,21.077037864994594,12.077037864994596,382.44920720885625,180.58578622294488,125.06252563895353,191.7093452559222,45.046521167982704,92.66282408793947,19.861928740981625,12.892445437993516,22.754374178975137,3.2616302919956763,5.261630291995676,6.892445437993515,2.630815145997838,0.8154075729989191,73.23111359498378,2.815407572998919,14.261630291995676,0.8154075729989191,6.261630291995676,0.0,0.8154075729989191,0.0,5.630815145997838,4.630815145997838,0.0,5.077037864994596,2.4462227189967574,2.815407572998919,0.8154075729989191,5.446222718996758,3.815407572998919,1.0,0.0,0.0,0.8154075729989191,2.630815145997838,20.15407572998919,2.4462227189967574
KRAKÓW (MIASTO),5470.0,117.0,31.0,11.0,36.0,1462.0,96.0,340.0,415.0,50.0,135.0,314.0,54.0,514.0,142.0,69.0,49.0,74.0,65.0,240.0,66.0,139.0,34.0,86.0,34.0,70.0,23.0,33.0,63.0,11.0,148.0,25.0,4.0,35.0,72.0,107.0,29.0,9.0,18.0,111.0,102.0,115.0,154.0
LIMANOWSKI,517.0,24.0,1.0,7.0,7.0,99.0,118.0,39.0,61.0,16.0,46.0,31.0,3.0,21.0,4.0,6.0,9.0,6.0,0.0,5.0,1.0,5.0,1.0,4.0,0.0,0.0,1.0,3.0,0.0,0.0,3.0,4.0,0.0,0.0,0.0,0.0,2.0,1.0,0.0,0.0,1.0,3.0,3.0
MIELECKI,822.6960004625345,66.65130838088248,23.87509553942059,15.916730359613727,25.864686834372307,221.83942938711633,83.56283438797206,35.812643309130884,62.672125790979045,13.927139064662011,111.41711251729609,43.771008488937746,19.895912949517157,27.854278129324022,13.927139064662011,7.958365179806863,9.947956474758579,10.942752122234436,0.9947956474758579,21.885504244468873,4.973978237379289,11.937547769710296,9.947956474758579,3.9791825899034317,0.0,1.9895912949517158,0.0,2.984386942427574,0.9947956474758579,0.0,7.958365179806863,2.984386942427574,0.9947956474758579,1.9895912949517158,0.0,0.0,0.0,0.0,0.0,0.0,2.984386942427574,15.916730359613727,2.984386942427574
MYŚLENICKI,988.2209379301114,57.702713447123834,5.010126542613593,12.435890572626496,33.153870126232526,216.47682993732226,137.1081403413715,55.73302454037905,131.57447907642432,26.287213028895636,110.54342961868049,38.035846348684665,7.4154318836426425,18.912492919464032,13.687257252837467,36.8923083688224,8.543513669218537,18.54898039006242,0.543582203804094,7.358784173046344,14.159336847076407,16.533318592019388,5.056510641425185,6.610287922428428,0.0,0.543582203804094,0.0,5.164133738017227,2.805143961214214,0.0,4.71791101902047,6.553777281003243,0.18459242700108092,0.18459242700108092,4.553777281003243,2.9795413110161464,5.384846652045196,2.3589897768030132,0.0,1.2615617574101203,7.446154184411201,16.3588527076319,13.271756834609269
NOWOSĄDECKI,1905.550299065616,83.47429216950788,8.0,17.346125215503374,32.120491824702476,400.0921015516243,227.9409092097137,120.8050671264072,193.1511923419106,54.57175860630427,140.94858433901575,115.14351721260854,25.4512667816018,99.23330852010292,50.4512667816018,31.007675129302026,17.669225043100674,29.669225043100674,5.0,45.120491824702476,11.11281669540045,27.338450086201348,15.11281669540045,26.556408347700224,4.0,15.11281669540045,4.0,10.669225043100674,8.0,2.0,23.669225043100674,11.33845008620135,0.556408347700225,3.0,10.0,18.11281669540045,46.55640834770023,4.0,0.0,1.0,6.0,17.684575301704726,10.0
NOWOTARSKI,1522.1651526496494,38.364515743287924,6.30654375675931,3.0729031486575846,11.379446905416895,346.4282006488937,137.09354722986376,82.74396264870482,187.6262660136603,49.985068837871026,124.18884712171482,47.37198132435241,21.839262540555858,64.99253441893552,27.685990662176206,13.919631270277929,5.61308751351862,15.065437567593099,0.15327187837965495,19.53271878379655,9.831796959491374,18.766359391898273,9.22617502703724,23.22617502703724,7.0,7.153271878379655,3.0,9.766359391898275,5.61308751351862,0.0,12.766359391898275,4.0,0.0,3.0,8.0,9.766359391898275,172.29907817569483,2.153271878379655,0.0,9.459815635138964,7.459815635138964,17.072903148657584,7.30654375675931
ROPCZYCKI,1055.5925497514475,85.36844569430724,20.502741147643782,29.891230535805448,33.38672375950341,260.6927139127572,154.8154203940115,69.49094318076135,56.29307452470761,20.320760546620857,143.39338926712998,49.76009291826633,7.938751256772941,18.914990896289194,24.312120415535862,11.15822024053918,21.50058111487253,6.758930688521265,0.9978399672287503,28.485460885473785,3.765410786835014,16.693361879751706,10.56830995641334,5.57911012026959,0.0,2.993519901686251,0.0,4.173340469937926,0.9978399672287503,0.0,9.57046998918459,1.9956799344575007,2.5855902185833384,0.9978399672287503,3.9913598689150014,3.175500502709176,2.1776605354804257,0.0,0.0,0.0,3.9913598689150014,22.13445988005543,1.9956799344575007
TARNOWSKI,1593.6914173931937,72.6877662306054,12.0,7.4376140988308865,36.78758367247598,401.5508215115824,131.91296400191226,55.20024341083922,129.6378575096701,30.087644525185787,150.3755324612108,107.17528905037157,17.300060852709805,103.11259888565344,39.300060852709805,24.46256845929853,20.487522819766177,21.487522819766177,9.0,59.78758367247598,12.325015213177451,23.975045639532354,18.32501521317745,21.162507606588726,6.0,12.325015213177451,5.0,8.487522819766177,3.0,2.0,25.487522819766177,10.975045639532354,1.1625076065887257,7.0,7.0,8.325015213177451,3.1625076065887257,1.0,1.0,6.0,11.0,25.41265973836324,12.0
WADOWICKI,1750.3940872298535,122.6481771262703,25.44539708857182,24.691298958305904,57.923582534870874,346.06460289338213,220.71755509137205,92.05725987159113,248.3859043619129,30.643890227697106,101.72233679429138,105.41386776384007,115.01663116350626,60.98335384125319,36.935184197594964,29.601009562324528,9.677680665136792,27.866335134299874,3.700630352901822,34.058008313620434,30.20807817140435,15.422447400806792,12.92156590442585,14.745020373353142,0.0,6.700630352901822,0.9558636172318229,6.466583783574968,4.199748856520881,0.0,12.856242826654526,5.867590851695469,1.0,1.4779318086159114,1.9117272344636458,10.422447400806792,9.576296881797614,3.2668349270540875,0.0,3.322572972546351,6.410845738082704,17.169230766921814,9.835056131651378
ŻYWIECKI,1155.5853554361329,58.186846224827356,4.353534069990134,28.23736924496547,8.590903314955606,254.93927071905293,162.56053867448207,90.77774953978296,183.32820902443274,30.595942909871752,96.90399355463991,34.88887476989148,11.121204419940808,24.297971454935876,19.94443738494574,31.060602209970405,4.70706813998027,17.535340699901347,2.176767034995067,19.767670349950674,8.419175874876682,5.883835174975337,8.41413627996054,8.41413627996054,0.0,4.176767034995067,5.0,5.883835174975337,2.707068139980269,0.0,15.883835174975337,5.0,1.0,0.0,10.0,4.883835174975337,8.65150552492601,1.1767670349950674,0.0,0.530301104985202,6.530301104985202,10.237369244965471,8.353534069990134
BIALSKI (BIAŁA PODLASKA),1203.327326000639,65.98377634196723,39.35817606123084,3.63743988997866,16.292100731772628,316.4088391644632,180.83889419221092,122.57062948111917,109.76693887328841,19.413645507739325,45.32000637737434,57.637938536869925,24.202766839361466,54.140917937020404,11.426561221600805,12.223216924511398,10.882183004259193,8.633134652024834,2.004305237953827,12.79342656957597,5.004305237953827,18.95371848712711,16.257658828142013,21.127503576267664,2.004305237953827,2.0129157138614806,0.0,8.164597155504964,3.5486834552954383,0.004305237953826805,13.574514883018399,6.633134652024834,1.544378217341611,2.004305237953827,14.776205617760663,8.65035560384014,3.004305237953827,1.0043052379538269,0.0,7.544378217341611,5.561599169156919,7.7046701348927495,1.0129157138614804
BIŁGORAJSKI,988.0,53.0,7.0,4.0,29.0,207.0,194.0,92.0,79.0,21.0,73.0,50.0,11.0,48.0,29.0,17.0,14.0,16.0,0.0,8.0,13.0,18.0,6.0,5.0,1.0,2.0,0.0,6.0,3.0,0.0,4.0,4.0,0.0,0.0,2.0,1.0,1.0,1.0,0.0,3.0,1.0,5.0,0.0
CHEŁMSKI,1636.0,84.0,48.0,13.0,19.0,274.0,389.0,134.0,90.0,27.0,100.0,95.0,21.0,109.0,46.0,29.0,13.0,18.0,3.0,47.0,8.0,28.0,16.0,17.0,2.0,6.0,2.0,9.0,7.0,1.0,14.0,5.0,1.0,3.0,2.0,21.0,5.0,2.0,0.0,6.0,1.0,1.0,5.0
GARWOLIŃSKI,1445.0,60.0,10.0,14.0,35.0,344.0,215.0,198.0,102.0,31.0,20.0,67.0,40.0,106.0,40.0,23.0,13.0,23.0,1.0,37.0,4.0,33.0,18.0,14.0,1.0,1.0,0.0,10.0,3.0,0.0,15.0,3.0,3.0,0.0,3.0,0.0,1.0,3.0,0.0,1.0,0.0,12.0,0.0
HRUBIESZOWSKI,1361.0,92.0,57.0,12.0,19.0,393.0,230.0,94.0,42.0,29.0,59.0,87.0,33.0,29.0,52.0,30.0,18.0,18.0,1.0,25.0,7.0,23.0,23.0,7.0,0.0,3.0,2.0,8.0,4.0,0.0,8.0,5.0,4.0,4.0,6.0,7.0,5.0,2.0,0.0,3.0,1.0,7.0,1.0
JANOWSKI,1220.0,53.0,21.0,7.0,19.0,273.0,224.0,117.0,92.0,21.0,63.0,50.0,24.0,61.0,54.0,22.0,8.0,11.0,1.0,17.0,6.0,25.0,8.0,15.0,0.0,3.0,0.0,8.0,3.0,0.0,14.0,1.0,3.0,0.0,3.0,1.0,2.0,1.0,0.0,0.0,3.0,33.0,0.0
KRASNOSTAWSKI,1186.0,117.0,63.0,25.0,26.0,91.0,267.0,88.0,72.0,48.0,24.0,84.0,32.0,136.0,40.0,22.0,14.0,17.0,0.0,21.0,0.0,17.0,12.0,16.0,0.0,0.0,1.0,9.0,3.0,0.0,6.0,5.0,2.0,5.0,9.0,4.0,1.0,2.0,1.0,1.0,3.0,16.0,0.0
LUBARTOWSKI,857.0,63.0,39.0,11.0,11.0,184.0,172.0,77.0,46.0,28.0,22.0,54.0,22.0,38.0,16.0,17.0,10.0,13.0,0.0,16.0,3.0,16.0,15.0,15.0,0.0,1.0,0.0,7.0,2.0,0.0,8.0,2.0,1.0,1.0,2.0,0.0,0.0,1.0,0.0,1.0,1.0,3.0,1.0
LUBELSKI,933.0,66.0,46.0,12.0,8.0,214.0,241.0,49.0,59.0,35.0,17.0,57.0,15.0,26.0,23.0,13.0,9.0,14.0,0.0,26.0,0.0,20.0,5.0,3.0,0.0,0.0,0.0,8.0,2.0,0.0,4.0,3.0,5.0,0.0,8.0,1.0,1.0,0.0,0.0,1.0,1.0,7.0,0.0
ŁUKOWSKI,1001.0,60.0,39.0,8.0,9.0,258.0,152.0,108.0,75.0,21.0,16.0,32.0,32.0,58.0,10.0,9.0,13.0,14.0,2.0,16.0,9.0,20.0,13.0,9.0,0.0,2.0,0.0,7.0,3.0,0.0,12.0,2.0,3.0,1.0,4.0,9.0,1.0,0.0,0.0,3.0,3.0,24.0,1.0
PUŁAWSKI,1817.0,58.0,26.0,8.0,22.0,389.0,292.0,188.0,121.0,49.0,46.0,118.0,19.0,167.0,53.0,23.0,13.0,33.0,4.0,46.0,4.0,42.0,16.0,17.0,0.0,6.0,3.0,13.0,6.0,0.0,19.0,2.0,6.0,2.0,4.0,7.0,4.0,2.0,0.0,1.0,3.0,41.0,1.0
RADZYŃSKI,886.1683382210941,61.73307524686274,32.85792714752372,6.969863334323213,17.922505716831118,274.8117543247438,126.453234779864,81.6469704877862,52.771822388447184,12.944031906600252,15.931116192738772,39.82779048184693,21.90528476501581,48.78904334026249,15.931116192738772,1.9913895240923465,13.939726668646426,5.97416857227704,0.9956947620461732,9.956947620461733,0.9956947620461732,13.939726668646426,9.956947620461733,12.944031906600252,0.9956947620461732,2.98708428613852,0.0,4.9784738102308665,2.98708428613852,0.9956947620461732,8.961252858415559,5.97416857227704,1.9913895240923465,0.9956947620461732,5.97416857227704,9.956947620461733,0.9956947620461732,0.9956947620461732,0.0,1.9913895240923465,5.97416857227704,5.97416857227704,2.98708428613852
SIEDLECKI,1606.064148155201,80.75652318815955,39.41087059161301,24.359782699259974,12.719565398519943,427.4847861708922,192.39130797039888,186.10217578470608,117.83587128593946,27.532608997533238,39.5184788948198,68.23804429333975,29.705435295806506,115.78478339358642,24.532608997533238,7.7195653985199435,25.079348097779913,12.359782699259972,4.0,33.172826298273264,10.0,22.985869897286562,22.719565398519943,25.90652179950665,1.0,8.0,4.0,8.813043599013296,7.453260899753324,2.0,30.453260899753325,7.359782699259972,2.453260899753324,5.0,7.172826298273268,23.359782699259974,5.0,3.0,0.0,4.453260899753324,7.453260899753324,5.26630449876662,2.0
SOKOŁOWSKI,760.0,66.0,38.0,1.0,21.0,190.0,117.0,83.0,35.0,17.0,11.0,33.0,8.0,57.0,17.0,12.0,6.0,12.0,2.0,19.0,8.0,7.0,12.0,6.0,0.0,1.0,0.0,7.0,0.0,0.0,4.0,5.0,3.0,0.0,2.0,6.0,0.0,0.0,0.0,4.0,1.0,9.0,1.0
TOMASZOWSKI,1151.0,107.0,74.0,4.0,17.0,299.0,199.0,84.0,56.0,39.0,70.0,59.0,8.0,47.0,38.0,19.0,13.0,21.0,0.0,11.0,3.0,21.0,7.0,7.0,0.0,0.0,0.0,6.0,4.0,0.0,4.0,3.0,3.0,1.0,3.0,0.0,3.0,1.0,0.0,2.0,4.0,9.0,2.0
WĘGROWSKI,681.0,54.0,19.0,9.0,23.0,169.0,141.0,86.0,30.0,16.0,10.0,30.0,4.0,32.0,18.0,10.0,4.0,5.0,1.0,11.0,4.0,10.0,8.0,6.0,0.0,1.0,0.0,5.0,2.0,0.0,3.0,0.0,3.0,1.0,4.0,2.0,0.0,0.0,0.0,0.0,3.0,8.0,0.0
WŁODAWSKI,1190.0,75.0,10.0,9.0,14.0,365.0,211.0,101.0,59.0,18.0,48.0,66.0,6.0,53.0,30.0,14.0,9.0,11.0,1.0,11.0,4.0,25.0,20.0,11.0,0.0,5.0,0.0,8.0,4.0,0.0,6.0,14.0,3.0,1.0,0.0,5.0,1.0,0.0,0.0,1.0,1.0,3.0,1.0
ZAMOJSKI,1525.0,63.0,37.0,9.0,8.0,342.0,285.0,133.0,112.0,78.0,34.0,86.0,33.0,64.0,31.0,17.0,15.0,17.0,6.0,38.0,10.0,25.0,18.0,10.0,1.0,4.0,1.0,7.0,4.0,1.0,19.0,10.0,2.0,3.0,8.0,7.0,3.0,6.0,0.0,4.0,3.0,25.0,7.0
LUBLIN (MIASTO),2481.0,73.0,33.0,6.0,16.0,597.0,171.0,201.0,143.0,47.0,70.0,103.0,31.0,182.0,59.0,40.0,28.0,42.0,14.0,159.0,19.0,28.0,35.0,61.0,11.0,13.0,10.0,10.0,21.0,4.0,70.0,26.0,6.0,17.0,14.0,77.0,11.0,5.0,3.0,24.0,30.0,26.0,16.0
BÓBRECKI,993.0,47.0,19.0,11.0,14.0,343.0,43.0,61.0,92.0,24.0,140.0,79.0,8.0,13.0,22.0,4.0,25.0,9.0,0.0,20.0,8.0,13.0,7.0,3.0,0.0,3.0,0.0,4.0,2.0,0.0,4.0,2.0,2.0,0.0,0.0,0.0,2.0,2.0,0.0,0.0,0.0,11.0,0.0
BRZOZOWSKI,798.0,47.0,0.0,15.0,32.0,215.0,122.0,45.0,77.0,25.0,62.0,42.0,9.0,21.0,18.0,17.0,15.0,8.0,0.0,13.0,6.0,15.0,5.0,2.0,0.0,2.0,0.0,3.0,1.0,0.0,3.0,10.0,0.0,1.0,1.0,4.0,2.0,1.0,0.0,0.0,1.0,5.0,0.0
DOBROMILSKI,904.7526243995876,71.49552699045958,3.4766627714263056,22.635550361901743,18.95332554285261,244.12310351415204,138.19661602854197,46.99105398091915,73.94437952377176,9.271100723803482,135.39323205708394,45.08440289521393,8.794437952377177,21.90665108570522,21.747763495229787,15.794437952377177,8.588875904754353,16.27110072380348,0.0,8.429988314278917,2.158887590475435,10.906651085705223,3.635550361901741,3.4766627714263056,0.0,1.1588875904754352,0.15888759047543521,3.4766627714263056,1.1588875904754352,0.0,3.635550361901741,1.1588875904754352,0.0,0.0,0.0,2.0,0.47666277142630564,0.0,0.0,0.0,3.0,2.3177751809508704,1.1588875904754352
DROHOBYCKI,1788.3068758915128,33.982110968584934,13.07600309723182,1.2831587097978476,3.339790451757417,549.7794023275904,229.56928206731007,109.09537445250407,178.9075901952103,22.019371355272252,106.47538993866318,87.54842838818062,26.339790451757416,76.69895225878709,29.90610787135311,20.22652696783828,24.509685677636124,13.736212645474405,17.113263483919138,46.69895225878709,10.226526967838279,32.849476129393544,15.679580903514834,29.566317419595695,2.0,15.226526967838279,6.05663174195957,11.339790451757418,9.11326348391914,0.0,26.792844387433973,1.0566317419595694,1.0,5.0,4.0,6.226526967838278,7.169895225878709,1.0,1.0,2.0566317419595697,10.0,18.339790451757416,7.0
GRÓDECKI,678.205893480925,58.04878750788872,19.415898494507598,5.2621968769721805,22.28932069183137,180.74496542260795,96.6238477417614,44.397815951268136,83.7413842728179,8.090412716197303,48.840838260634925,33.60576519852194,1.027123814859191,10.054247629718382,9.162742889155146,7.0452063580986515,16.117536531056494,5.135619074295955,1.0,21.21699051887353,0.009041271619730357,11.117536531056494,6.063288901338113,6.018082543239461,0.0,3.0,2.0,4.018082543239461,1.0,0.0,7.00904127161973,3.0,0.009041271619730357,0.009041271619730357,1.0180825432394607,1.0,0.0,1.0180825432394607,0.0,0.0,0.04520635809865178,7.018082543239461,1.0
JAROSŁAWSKI,1280.0478681151346,70.33687098238104,35.181269763929485,8.231380325434808,18.97519456783911,358.14152205949614,165.87714246413555,44.899370033839176,148.7736960229402,15.949389741311128,186.648107368807,51.310339323586085,5.897598380188419,32.35978545460253,21.92399375793332,8.97474029767225,10.923494060749773,9.103083025061872,3.9488446171108955,32.539465272948,2.9744677355721336,20.872611239960786,8.103037598045187,7.897689234221791,0.0,3.8975075261550467,0.9743768815387617,6.87197526172718,2.9231306446162852,0.0,9.82077445182139,3.8975075261550467,0.9743768815387617,10.949162606227699,3.0001362810500583,1.0257139724946105,1.9744223085554478,1.0257139724946105,0.0,2.9231306446162852,4.025850253544669,18.308840232035443,3.9231760716329713
JAWOROWSKI,698.0858396085558,61.718943770802554,16.861491952645338,10.802828340782838,25.299532019710107,168.73921130660165,117.75313702057291,34.23428593204743,39.30607043125392,4.010926728743933,98.00096658596856,37.364017345001855,8.712817938917672,8.776228217037572,6.960995687025307,2.016031744058617,11.673455276885695,14.62352423516707,1.952621465938716,13.678918641257662,24.164695591440996,13.689487020944313,5.921274675936049,1.0080158720293084,0.0,3.8629694131308314,0.0,2.918363819221424,0.9657423532827079,0.0,4.86041690547349,0.9657423532827079,0.0,0.09511541717985111,0.9974474923426582,0.9868791126560081,0.976310732969358,0.9868791126560081,0.0,0.0,1.0185842517159585,5.145763157013043,0.976310732969358
KOLBUSZOWSKI,827.3039995374655,104.34869161911752,31.124904460579412,31.083269640386273,38.13531316562769,230.1605706128837,55.43716561202794,52.187356690869116,58.327874209020955,17.07286093533799,74.58288748270391,59.228991511062254,3.104087050482842,11.14572187067598,38.07286093533799,23.04163482019314,12.052043525241421,13.057247877765564,1.005204352524142,9.114495755531127,9.02602176262071,15.062452230289706,3.0520435252414213,3.0208174100965683,0.0,0.010408705048284221,0.0,3.0156130575724265,0.0052043525241421106,0.0,5.041634820193137,3.0156130575724265,1.005204352524142,2.010408705048284,5.0,2.0,0.0,1.0,0.0,0.0,0.015613057572426332,13.083269640386273,0.015613057572426332
KROŚNIEŃSKI,1063.781749566056,46.581809729151836,5.5181806994465665,18.72726899815522,20.5545420983397,298.6818001577502,158.31817249538807,48.86363449907761,89.29090486457592,21.299998632656916,71.93635729686387,51.29090486457592,19.90908966605174,36.036361398893135,23.299998632656916,6.736362766236218,14.690907599262088,15.909089666051742,4.0,33.299998632656916,4.390908966605174,23.90908966605174,11.95454483302587,12.390908966605174,2.0,5.563635866420697,1.0,4.781817933210348,4.781817933210348,0.0,6.563635866420697,3.390908966605174,3.390908966605174,1.172726899815522,7.0,3.0,5.390908966605174,0.0,0.0,2.0,4.0,16.95454483302587,0.39090896660517405
LESKI,1141.0,69.0,3.0,31.0,17.0,429.0,72.0,59.0,95.0,26.0,172.0,40.0,13.0,22.0,24.0,12.0,15.0,4.0,0.0,6.0,1.0,19.0,9.0,8.0,0.0,3.0,0.0,3.0,1.0,0.0,5.0,0.0,1.0,1.0,2.0,4.0,2.0,2.0,0.0,0.0,4.0,18.0,0.0
LWOWSKI,1445.0,66.0,38.0,14.0,10.0,523.0,226.0,119.0,151.0,18.0,99.0,54.0,3.0,10.0,5.0,2.0,9.0,12.0,1.0,68.0,4.0,18.0,3.0,15.0,0.0,1.0,0.0,8.0,1.0,0.0,4.0,8.0,0.0,1.0,8.0,1.0,0.0,0.0,0.0,0.0,1.0,6.0,1.0
LWÓW (MIASTO),5809.0,90.0,22.0,5.0,13.0,1295.0,195.0,427.0,526.0,36.0,163.0,305.0,46.0,404.0,151.0,97.0,30.0,63.0,58.0,277.0,93.0,86.0,80.0,211.0,60.0,67.0,45.0,36.0,42.0,8.0,193.0,44.0,6.0,68.0,62.0,109.0,44.0,21.0,22.0,113.0,116.0,120.0,89.0
ŁAŃCUCKI,1060.5778163963348,79.19460019181956,38.548650047954894,16.2468925215797,19.371625119887227,283.4667860022572,134.5413654843444,27.85298024936543,103.34676529252484,16.85040757433008,142.88041275176317,58.78568533088874,7.274325023977445,30.920275167842117,18.54865004795489,7.603515052750379,17.521217545557146,13.768110067136845,3.109730009590978,22.481355129478203,3.2194600191819562,17.7406775647391,8.438920038363912,9.411487535966168,0.08229750719323353,1.3017575263751897,0.054865004795489024,4.2468925215797,2.0822975071932337,0.0,8.4937850431594,4.164595014386467,1.0,5.356622531170679,6.384055033568423,2.3017575263751895,1.2468925215797007,0.054865004795489024,0.027432502397744512,1.1097300095909781,3.164595014386467,12.54865004795489,0.2468925215797006
MOŚCISKI,733.0,62.0,29.0,13.0,15.0,208.0,86.0,38.0,51.0,10.0,107.0,46.0,6.0,11.0,17.0,3.0,16.0,10.0,0.0,20.0,2.0,9.0,5.0,4.0,0.0,3.0,0.0,2.0,3.0,0.0,3.0,2.0,0.0,0.0,1.0,0.0,0.0,0.0,0.0,1.0,1.0,6.0,2.0
NIŻAŃSKI,641.0,24.0,3.0,5.0,7.0,191.0,94.0,26.0,76.0,7.0,69.0,30.0,13.0,12.0,14.0,7.0,11.0,6.0,0.0,9.0,13.0,12.0,5.0,1.0,0.0,4.0,0.0,3.0,0.0,0.0,1.0,3.0,2.0,0.0,2.0,0.0,3.0,0.0,0.0,0.0,2.0,1.0,0.0
PRZEMYSKI,1908.0,46.0,13.0,2.0,16.0,446.0,241.0,111.0,211.0,21.0,191.0,107.0,13.0,83.0,28.0,24.0,17.0,27.0,10.0,82.0,8.0,29.0,26.0,23.0,6.0,13.0,5.0,11.0,9.0,0.0,37.0,6.0,1.0,7.0,4.0,11.0,11.0,4.0,1.0,8.0,11.0,19.0,12.0
PRZEWORSKI,555.0,30.0,6.0,5.0,18.0,177.0,56.0,11.0,48.0,11.0,98.0,28.0,2.0,14.0,4.0,1.0,3.0,7.0,0.0,20.0,0.0,7.0,5.0,2.0,0.0,3.0,0.0,1.0,1.0,0.0,4.0,2.0,0.0,0.0,1.0,0.0,1.0,0.0,0.0,0.0,1.0,17.0,2.0
RAWSKI (RAWA RUSKA),1310.0,116.0,63.0,16.0,31.0,390.0,119.0,78.0,107.0,11.0,165.0,78.0,9.0,19.0,31.0,15.0,10.0,34.0,3.0,33.0,5.0,24.0,12.0,10.0,0.0,1.0,0.0,5.0,1.0,0.0,7.0,4.0,0.0,2.0,1.0,3.0,3.0,1.0,0.0,1.0,2.0,10.0,4.0
RUDECKI,789.794106519075,114.95121249211128,45.584101505492406,28.73780312302782,31.71067930816863,191.25503457739205,68.3761522582386,43.602184048731864,81.25861572718212,9.909587283802697,92.15916173936508,66.39423480147806,2.9728761851408088,5.9457523702816175,17.837257110844853,4.9547936419013485,12.882463468943506,14.864380925704046,0.0,23.78300948112647,0.9909587283802697,12.882463468943506,6.936711098661887,1.9819174567605393,0.0,0.0,0.0,1.9819174567605393,0.0,0.0,0.9909587283802697,0.0,0.9909587283802697,0.9909587283802697,1.9819174567605393,0.0,0.0,1.9819174567605393,0.0,0.0,4.9547936419013485,1.9819174567605393,0.0
RZESZOWSKI,1916.640434037609,119.2235900790286,24.933169252598542,27.02583848026508,65.07383278177308,494.8514138399926,242.14046202026756,110.28338525155696,139.36232984289924,36.84959379301301,133.18322995137294,154.92340980453534,15.816585309970813,79.04336343326474,26.151351319388194,25.660122181013403,25.787874855180767,33.32280026681141,3.890269990409022,59.21864623786488,8.38963101421287,32.35023276920916,18.60653512861022,15.197603497428657,2.9177024928067663,13.134606607204114,1.945134995204511,9.97128954520995,4.135884559596418,0.0,19.9425790904199,6.4444960190083584,0.609091033394826,14.470650569013799,13.615944966431577,10.698242473624811,9.362198511815125,1.945134995204511,0.9725674976022555,3.890269990409022,5.835404985613533,22.49680511901924,9.362198511815125
SAMBORSKI,982.4193595804754,40.179019398418255,18.900514680086793,6.018864993293642,7.613245102879818,253.83514653420792,122.12544903783194,49.22688628150232,81.36770609343333,19.584676050910723,149.91407227162085,52.86776123655129,7.287739177106944,32.20711885048738,18.674457312148483,5.401002661026084,11.745373580092597,14.867834760708574,1.8867365160808607,31.230601073168764,4.098978957934594,18.056594979880927,12.622442799576653,10.410200357722921,0.0,4.098978957934594,1.2688741838133029,6.6367273255612,2.212242441853733,0.0,14.509179315657516,1.2688741838133029,0.0,0.0,0.0,3.7734730321617214,3.806622551439909,0.0,0.0,0.9433682580404303,0.0,6.311221399788327,0.3255059257728725
SANOCKI,1255.0,44.0,5.0,20.0,15.0,415.0,166.0,81.0,128.0,7.0,101.0,61.0,9.0,32.0,30.0,31.0,8.0,11.0,3.0,20.0,3.0,19.0,16.0,9.0,0.0,6.0,1.0,7.0,3.0,0.0,11.0,2.0,1.0,3.0,1.0,3.0,4.0,0.0,0.0,1.0,1.0,17.0,1.0
SOKALSKI,1202.6588108279911,149.33677286771413,100.55342706426084,19.911569715695215,14.933677286771413,293.6956533065044,131.41636012358842,64.71260157600945,96.5711131211218,10.95136334363237,147.3456158961446,81.63743583435038,5.973470914708565,36.83640397403615,17.920412744125695,3.9823139431390433,7.964627886278087,24.88946214461902,0.9955784857847608,34.84524700246663,8.960206372062848,19.911569715695215,14.933677286771413,4.977892428923804,0.0,1.9911569715695216,0.9955784857847608,5.973470914708565,1.9911569715695216,0.0,2.9867354573542824,8.960206372062848,1.9911569715695216,1.9911569715695216,0.0,1.9911569715695216,5.973470914708565,0.9955784857847608,0.9955784857847608,0.0,4.977892428923804,2.9867354573542824,0.9955784857847608
TARNOBRZESKI,871.0,55.0,12.0,16.0,15.0,246.0,108.0,45.0,85.0,14.0,70.0,44.0,22.0,15.0,25.0,7.0,14.0,6.0,5.0,20.0,3.0,14.0,9.0,8.0,0.0,3.0,0.0,5.0,2.0,0.0,7.0,4.0,1.0,3.0,3.0,3.0,2.0,0.0,0.0,0.0,0.0,23.0,6.0
ŻÓŁKIEWSKI,895.0,69.0,30.0,12.0,23.0,257.0,125.0,41.0,84.0,17.0,112.0,42.0,2.0,13.0,9.0,5.0,8.0,11.0,1.0,19.0,3.0,12.0,6.0,2.0,0.0,3.0,1.0,4.0,0.0,0.0,3.0,5.0,0.0,1.0,9.0,2.0,1.0,1.0,0.0,0.0,3.0,24.0,1.0
LUBACZOWSKI,924.8662922763097,83.9441852468164,41.95723828342517,16.965791333782356,18.725273412450786,255.11926663390224,90.36972051529155,41.866344034113396,66.92023354580591,14.039683529944938,138.35092604522447,63.32564333141206,2.38958368089391,8.863986328359898,19.115010555041373,8.009227958269133,8.403050662364532,13.273392739771056,2.0985339169503887,15.781616085794338,2.860836672986869,16.437901739094904,11.975687726018764,4.094294893748901,0.0,0.239523060714122,0.025623118461238374,2.209660919051396,0.11112700210100723,0.0,3.3188086427051204,0.13675012056224561,0.025623118461238374,8.955721976592452,3.0024162266072834,1.9874069148493814,1.0492669584751944,1.9874069148493814,0.0,0.07686935538371512,4.955565494739373,29.545396610951514,1.100513195397671
TURCZAŃSKI,790.5211401284239,27.34334264253723,6.546819451255077,4.062425935006769,6.093638902510154,271.26234762404954,66.10865286631599,46.68668528507446,59.78032418758461,11.124851870013538,150.21730573263198,31.499407480054153,14.578032418758461,15.187277805020308,11.671671321268615,3.578032418758461,9.156064837516922,9.124851870013538,1.0,8.64045835376523,2.515606483751692,13.187277805020308,6.062425935006769,3.546819451255077,0.0,2.515606483751692,0.5156064837516923,3.546819451255077,1.5156064837516923,0.0,5.062425935006769,1.5156064837516923,0.0,1.0,0.0,0.0,2.546819451255077,0.0,0.0,0.0,1.0,9.031212967503384,1.5156064837516923
BRZEZIŃSKI,2031.0,55.0,34.0,8.0,8.0,632.0,181.0,233.0,134.0,33.0,13.0,86.0,48.0,163.0,86.0,54.0,19.0,8.0,4.0,62.0,10.0,40.0,23.0,21.0,0.0,5.0,5.0,13.0,7.0,0.0,26.0,11.0,6.0,2.0,6.0,4.0,3.0,3.0,0.0,2.0,3.0,30.0,7.0
KALISKI,3276.0,132.0,57.0,32.0,33.0,618.0,330.0,288.0,176.0,50.0,60.0,139.0,115.0,347.0,142.0,175.0,36.0,75.0,12.0,144.0,29.0,47.0,43.0,49.0,3.0,16.0,9.0,14.0,16.0,0.0,51.0,16.0,4.0,4.0,22.0,16.0,7.0,3.0,1.0,8.0,26.0,53.0,36.0
KOLSKI,1680.0,170.0,79.0,28.0,55.0,255.0,252.0,172.0,71.0,25.0,7.0,83.0,36.0,151.0,80.0,90.0,6.0,22.0,5.0,53.0,19.0,30.0,29.0,19.0,0.0,5.0,1.0,9.0,10.0,1.0,13.0,5.0,5.0,3.0,16.0,20.0,4.0,1.0,1.0,0.0,7.0,4.0,8.0
KONIŃSKI,2165.0,203.0,84.0,38.0,78.0,357.0,413.0,249.0,79.0,40.0,16.0,63.0,65.0,146.0,93.0,88.0,17.0,17.0,7.0,62.0,28.0,28.0,25.0,20.0,0.0,10.0,1.0,19.0,4.0,0.0,17.0,3.0,3.0,7.0,26.0,9.0,5.0,3.0,0.0,3.0,7.0,32.0,8.0
ŁASKI,2022.0,53.0,12.0,16.0,20.0,609.0,198.0,209.0,125.0,30.0,17.0,79.0,36.0,147.0,98.0,71.0,10.0,15.0,2.0,74.0,20.0,32.0,33.0,26.0,0.0,6.0,4.0,11.0,7.0,0.0,27.0,12.0,2.0,2.0,7.0,3.0,3.0,2.0,0.0,5.0,5.0,42.0,0.0
ŁĘCZYCKI,1409.0,129.0,87.0,22.0,17.0,453.0,82.0,120.0,87.0,26.0,8.0,74.0,17.0,103.0,56.0,36.0,18.0,8.0,0.0,45.0,2.0,20.0,18.0,16.0,1.0,4.0,2.0,9.0,5.0,0.0,11.0,6.0,2.0,3.0,7.0,4.0,2.0,2.0,0.0,3.0,6.0,24.0,5.0
ŁÓDZKI,1680.0,18.0,9.0,3.0,6.0,694.0,104.0,217.0,139.0,32.0,15.0,55.0,40.0,70.0,16.0,10.0,6.0,2.0,2.0,110.0,6.0,25.0,9.0,15.0,0.0,0.0,1.0,7.0,8.0,0.0,20.0,14.0,1.0,10.0,1.0,11.0,4.0,4.0,0.0,4.0,1.0,9.0,1.0
ŁÓDŹ (MIASTO),11650.0,50.0,1.0,14.0,7.0,3097.0,524.0,875.0,835.0,160.0,191.0,1171.0,349.0,955.0,261.0,164.0,90.0,71.0,74.0,710.0,109.0,195.0,129.0,165.0,32.0,68.0,86.0,43.0,97.0,25.0,253.0,65.0,1.0,34.0,109.0,214.0,15.0,30.0,19.0,122.0,149.0,113.0,155.0
PIOTRKOWSKI,2144.0,105.0,30.0,62.0,6.0,443.0,330.0,172.0,154.0,50.0,36.0,140.0,25.0,149.0,79.0,61.0,21.0,22.0,7.0,70.0,14.0,37.0,26.0,32.0,0.0,10.0,3.0,11.0,11.0,0.0,29.0,24.0,6.0,5.0,5.0,16.0,8.0,3.0,0.0,3.0,13.0,24.0,7.0
RADOMSZCZAŃSKI,1667.0,76.0,42.0,17.0,14.0,410.0,313.0,190.0,52.0,41.0,21.0,78.0,9.0,84.0,69.0,53.0,24.0,17.0,3.0,39.0,15.0,30.0,18.0,25.0,0.0,3.0,5.0,11.0,5.0,0.0,19.0,7.0,6.0,3.0,11.0,8.0,6.0,0.0,0.0,3.0,5.0,8.0,1.0
SIERADZKI,2216.0,93.0,47.0,1.0,18.0,620.0,173.0,198.0,121.0,35.0,16.0,95.0,122.0,149.0,107.0,99.0,24.0,21.0,4.0,84.0,20.0,37.0,38.0,32.0,1.0,7.0,6.0,10.0,8.0,1.0,23.0,4.0,3.0,6.0,16.0,12.0,3.0,3.0,0.0,6.0,17.0,2.0,8.0
TURECKI,888.0,42.0,17.0,16.0,9.0,159.0,188.0,84.0,37.0,25.0,3.0,70.0,23.0,47.0,46.0,45.0,9.0,8.0,1.0,26.0,2.0,16.0,9.0,12.0,0.0,0.0,1.0,5.0,4.0,0.0,10.0,2.0,1.0,2.0,2.0,0.0,0.0,0.0,0.0,4.0,2.0,3.0,1.0
WIELUŃSKI,2165.0,100.0,38.0,25.0,32.0,674.0,136.0,175.0,103.0,30.0,8.0,104.0,64.0,169.0,99.0,117.0,46.0,27.0,5.0,51.0,18.0,27.0,24.0,27.0,0.0,8.0,1.0,13.0,3.0,0.0,16.0,12.0,3.0,1.0,17.0,1.0,3.0,2.0,1.0,6.0,3.0,71.0,1.0
POŁUDNIOWO-WARSZAWSKI,0.0,0.0,0.0,0.0,0.0,0.0,0.0,0.0,0.0,0.0,0.0,0.0,0.0,0.0,0.0,0.0,0.0,0.0,0.0,0.0,0.0,0.0,0.0,0.0,0.0,0.0,0.0,0.0,0.0,0.0,0.0,0.0,0.0,0.0,0.0,0.0,0.0,0.0,0.0,0.0,0.0,0.0,0.0
PÓŁNOCNO-WARSZAWSKI,0.0,0.0,0.0,0.0,0.0,0.0,0.0,0.0,0.0,0.0,0.0,0.0,0.0,0.0,0.0,0.0,0.0,0.0,0.0,0.0,0.0,0.0,0.0,0.0,0.0,0.0,0.0,0.0,0.0,0.0,0.0,0.0,0.0,0.0,0.0,0.0,0.0,0.0,0.0,0.0,0.0,0.0,0.0
PRASKO-WARSZAWSKI,0.0,0.0,0.0,0.0,0.0,0.0,0.0,0.0,0.0,0.0,0.0,0.0,0.0,0.0,0.0,0.0,0.0,0.0,0.0,0.0,0.0,0.0,0.0,0.0,0.0,0.0,0.0,0.0,0.0,0.0,0.0,0.0,0.0,0.0,0.0,0.0,0.0,0.0,0.0,0.0,0.0,0.0,0.0
ŚRÓDMIEJSKO-WARSZAWSKI,22837.0,211.0,23.0,31.0,67.0,5798.0,587.0,1556.0,1637.0,305.0,308.0,709.0,261.0,1933.0,514.0,446.0,151.0,271.0,130.0,1262.0,293.0,412.0,273.0,1044.0,173.0,282.0,189.0,93.0,347.0,62.0,890.0,108.0,5.0,127.0,341.0,870.0,122.0,50.0,35.0,442.0,445.0,155.0,394.0
BARANOWICKI,1391.0,89.0,32.0,5.0,37.0,334.0,247.0,128.0,114.0,28.0,29.0,63.0,14.0,33.0,22.0,15.0,14.0,36.0,5.0,18.0,5.0,19.0,15.0,19.0,1.0,4.0,1.0,12.0,16.0,1.0,15.0,2.0,1.0,5.0,19.0,7.0,18.0,3.0,0.0,9.0,4.0,26.0,6.0
BRASŁAWSKI,788.0,56.0,14.0,8.0,26.0,172.0,183.0,42.0,55.0,18.0,29.0,53.0,19.0,29.0,10.0,1.0,16.0,26.0,0.0,1.0,0.0,11.0,2.0,3.0,0.0,2.0,0.0,11.0,10.0,0.0,6.0,1.0,1.0,0.0,0.0,10.0,7.0,0.0,0.0,2.0,6.0,6.0,3.0
LIDZKI,1293.0,41.0,10.0,8.0,7.0,301.0,237.0,115.0,142.0,35.0,20.0,70.0,17.0,68.0,16.0,28.0,8.0,25.0,3.0,7.0,5.0,27.0,16.0,12.0,0.0,3.0,2.0,10.0,19.0,0.0,13.0,2.0,1.0,5.0,2.0,6.0,15.0,2.0,0.0,8.0,2.0,10.0,2.0
NIEŚWIESKI,960.0,101.0,52.0,8.0,26.0,199.0,212.0,63.0,56.0,20.0,19.0,52.0,21.0,19.0,12.0,7.0,30.0,12.0,2.0,23.0,2.0,17.0,4.0,14.0,1.0,4.0,1.0,6.0,8.0,0.0,3.0,4.0,3.0,2.0,10.0,4.0,9.0,1.0,1.0,2.0,1.0,15.0,6.0
NOWOGRÓDZKI,946.1164219229471,86.75943385272033,56.25889790433648,4.138078882312788,17.241638044047377,123.14129457261592,194.98488393324632,53.1564106393696,75.63861483069664,12.310677485203772,14.327937345492872,56.828473293876726,20.25889790433648,31.276157764625577,11.120819022023689,15.120819022023689,8.189858463180084,27.44875636751656,1.0,5.0,1.0172598602890985,15.22437818375828,17.12081902202369,8.189858463180084,0.017259860289098487,4.051779580867295,1.0172598602890985,7.086299301445492,16.172598602890986,0.0,14.086299301445493,3.0172598602890983,4.017259860289099,3.0172598602890983,4.034519720578197,12.138078882312788,18.086299301445493,2.0,0.0,3.0517795808672954,0.017259860289098487,76.18985846318009,5.051779580867295
SŁONIMSKI,889.0,40.0,16.0,0.0,12.0,243.0,134.0,70.0,93.0,17.0,14.0,42.0,17.0,28.0,13.0,14.0,7.0,21.0,2.0,7.0,4.0,20.0,10.0,9.0,0.0,4.0,2.0,6.0,9.0,0.0,14.0,1.0,0.0,3.0,4.0,11.0,13.0,1.0,0.0,5.0,3.0,8.0,5.0
STOŁPECKI,689.8835780770528,43.240566147279665,14.741102095663521,7.861921117687212,13.758361955952621,178.85870542738405,113.01511606675366,65.8435893606304,36.361385169303354,17.689322514796228,18.672062654507126,47.171526706123274,14.741102095663521,15.723842235374423,6.8791809779763105,6.8791809779763105,10.810141536819916,25.551243632483438,0.0,0.0,0.9827401397109015,12.775621816241719,6.8791809779763105,10.810141536819916,0.9827401397109015,2.9482204191327046,0.9827401397109015,4.913700698554507,9.827401397109014,0.0,4.913700698554507,0.9827401397109015,0.9827401397109015,0.9827401397109015,1.965480279421803,7.861921117687212,4.913700698554507,0.0,0.0,2.9482204191327046,0.9827401397109015,10.810141536819916,2.9482204191327046
WOŁOŻYŃSKI,527.0,42.0,26.0,1.0,10.0,73.0,133.0,33.0,45.0,21.0,7.0,34.0,13.0,18.0,5.0,5.0,8.0,8.0,1.0,0.0,0.0,17.0,6.0,2.0,1.0,1.0,0.0,5.0,11.0,0.0,5.0,1.0,1.0,0.0,2.0,5.0,4.0,0.0,0.0,0.0,4.0,16.0,4.0
SZCZUCZYŃSKI (WOJ. NOWOGRÓDZKIE),624.0,43.0,9.0,1.0,33.0,158.0,107.0,43.0,53.0,11.0,19.0,27.0,14.0,18.0,18.0,8.0,2.0,24.0,0.0,1.0,0.0,13.0,7.0,2.0,0.0,0.0,0.0,4.0,10.0,0.0,3.0,1.0,0.0,0.0,4.0,7.0,0.0,1.0,0.0,3.0,0.0,23.0,0.0
BRZESKI (BRZEŚĆ N.BUG.),2226.440187623066,87.52662522301048,32.37302619963243,12.032914076438155,29.06582815287631,727.2946203399008,213.31656305752622,184.68022424638855,163.62536745232495,33.109713588127185,64.2303985350671,83.2962266879434,31.186513099816214,130.28525532913068,40.109713588127185,18.06582815287631,15.098742229314468,15.032914076438155,8.0,53.07679951168903,15.0,45.1206849469399,39.065828152876314,41.021942717625436,2.0,12.0,3.0,12.043885435250875,25.010971358812718,3.0,37.01097135881272,11.032914076438155,5.010971358812719,8.0,14.07679951168903,34.03291407643815,17.0,4.0,1.0,12.010971358812718,11.010971358812718,7.054856794063593,11.0
DROHICKI,547.0,14.0,4.0,1.0,6.0,191.0,94.0,34.0,41.0,19.0,14.0,17.0,21.0,7.0,8.0,4.0,6.0,9.0,0.0,4.0,0.0,18.0,3.0,6.0,0.0,1.0,0.0,4.0,9.0,0.0,5.0,0.0,0.0,1.0,0.0,8.0,2.0,1.0,0.0,3.0,1.0,2.0,0.0
KOBRYŃSKI,788.0,35.0,12.0,3.0,10.0,248.0,113.0,49.0,75.0,21.0,18.0,19.0,27.0,21.0,8.0,4.0,5.0,2.0,3.0,15.0,7.0,14.0,8.0,9.0,1.0,6.0,1.0,4.0,9.0,0.0,8.0,2.0,0.0,4.0,6.0,15.0,8.0,1.0,0.0,5.0,8.0,9.0,2.0
KOSZYRSKI,334.0,12.0,2.0,2.0,4.0,69.0,89.0,20.0,24.0,10.0,20.0,12.0,14.0,5.0,8.0,3.0,2.0,8.0,0.0,2.0,0.0,5.0,1.0,0.0,0.0,0.0,0.0,3.0,5.0,0.0,2.0,1.0,1.0,0.0,0.0,10.0,2.0,0.0,0.0,2.0,1.0,3.0,0.0
ŁUNINIECKI,618.0,23.0,1.0,2.0,10.0,91.0,228.0,60.0,69.0,14.0,16.0,6.0,14.0,13.0,3.0,6.0,4.0,3.0,0.0,2.0,1.0,8.0,2.0,3.0,0.0,1.0,0.0,5.0,9.0,0.0,6.0,0.0,1.0,0.0,6.0,2.0,8.0,1.0,0.0,8.0,0.0,5.0,1.0
PIŃSKI,1319.0,52.0,4.0,1.0,11.0,374.0,212.0,104.0,60.0,26.0,86.0,41.0,19.0,59.0,33.0,14.0,2.0,11.0,4.0,22.0,8.0,19.0,18.0,11.0,1.0,6.0,7.0,9.0,24.0,0.0,12.0,3.0,2.0,5.0,4.0,28.0,15.0,0.0,0.0,14.0,7.0,7.0,15.0
PRUŻAŃSKI,878.0,70.0,20.0,2.0,39.0,287.0,91.0,84.0,70.0,23.0,17.0,41.0,4.0,33.0,14.0,8.0,7.0,5.0,3.0,11.0,1.0,23.0,9.0,8.0,0.0,3.0,1.0,4.0,9.0,2.0,12.0,0.0,2.0,2.0,6.0,12.0,3.0,1.0,0.0,4.0,1.0,7.0,0.0
STOLIŃSKI,735.0,29.0,3.0,2.0,9.0,173.0,191.0,49.0,42.0,21.0,34.0,33.0,5.0,12.0,3.0,34.0,2.0,5.0,0.0,10.0,2.0,15.0,5.0,1.0,0.0,2.0,1.0,4.0,7.0,0.0,10.0,0.0,1.0,1.0,3.0,11.0,8.0,2.0,0.0,3.0,0.0,16.0,4.0
IWACEWICKI,555.0,36.0,15.0,1.0,12.0,196.0,86.0,45.0,29.0,12.0,8.0,26.0,12.0,10.0,8.0,7.0,10.0,8.0,1.0,2.0,1.0,12.0,3.0,3.0,0.0,2.0,1.0,4.0,8.0,2.0,5.0,0.0,0.0,1.0,5.0,3.0,7.0,0.0,0.0,1.0,0.0,1.0,2.0
BRODNICKI,904.6366370906954,61.70189077160287,16.683224234380567,23.62622343546457,18.313920635280322,219.95752679901906,66.69509217295467,77.65894475155545,142.1314851451616,18.998840349554712,17.60001946301508,12.988419646427818,25.564591042727518,30.470655409726785,1.5267080326108922,27.291718706411285,9.800588489249932,6.350506571052668,6.605230499088301,14.849163621197768,17.838901546456746,6.723014198804414,5.714539189788777,9.684172410412456,1.0584177618421113,9.811270008837703,2.0976789950808157,5.274299901485787,10.781851405493272,0.0,12.096360716249656,5.626702824602236,5.479919966388442,9.79390054595968,17.685540031291097,10.293456430089194,7.605230499088301,2.2336710473684454,0.11683552368422263,5.157883822648312,4.323823209465514,15.047785584301819,11.519181199627145
CHEŁMIŃSKI,544.3732081858562,10.35878108896662,2.9913735391989253,5.20598176036387,2.1554096142626973,151.5053882262947,51.03957934716975,42.24884958490328,76.18807969126904,13.896188942755886,13.875940085372692,3.0384886877495787,22.15838249494622,24.848567158963238,3.9153122133180753,6.140406613872808,2.0014798733998167,3.0024263070673354,1.1612010627778184,9.912927902765649,7.9122557849765816,2.9901874598174714,7.8277881658686805,7.916449951928599,0.03028737267324401,4.989037569417429,0.006016175141126679,3.955809928084463,6.014856459260204,0.0,7.935891053701043,4.016591170398562,6.008032528508328,9.012830994338572,12.757866501161121,9.117375644026573,3.0417379424522695,0.06057474534648802,0.0,3.0017903782596798,3.008614309011556,9.477214769891798,3.0784198140373444
CHOJNICKI,764.3022603779626,20.721952489113008,1.9727219275207004,0.9973971116796203,15.779492079216789,163.72031715440124,104.52229538531373,72.97815294304743,129.18931117264333,10.849209487714248,7.8893654827835915,10.849209487714248,29.586262230912876,25.645385057769104,5.915882441613286,23.666574221051565,9.86170685347949,2.957941220806643,4.931424261976948,5.918165782562101,8.874965332894337,3.9443021845669937,8.875726446543942,8.875726446543942,0.0,6.903004519023241,0.0,5.916643555262891,6.9037656326728465,0.0,16.764330815677926,5.916643555262891,6.902243405373636,7.8897460396083945,9.862848523953897,10.845784476291026,5.916262998438088,0.9859804069355478,0.0,4.930282591502541,4.930282591502541,9.860565183005082,11.832145440051375
DZIAŁDOWSKI,234.0,8.0,0.0,2.0,1.0,51.0,26.0,24.0,30.0,14.0,3.0,6.0,4.0,11.0,2.0,4.0,1.0,0.0,2.0,1.0,1.0,4.0,0.0,1.0,0.0,1.0,1.0,2.0,3.0,0.0,5.0,3.0,2.0,2.0,1.0,2.0,3.0,2.0,0.0,1.0,1.0,12.0,4.0
GRUDZIĄDZ (MIASTO),1064.0,28.0,4.0,5.0,13.0,249.0,74.0,113.0,95.0,16.0,35.0,11.0,34.0,63.0,16.0,21.0,9.0,6.0,13.0,17.0,16.0,10.0,13.0,25.0,6.0,10.0,7.0,6.0,15.0,0.0,36.0,8.0,3.0,7.0,22.0,8.0,13.0,5.0,4.0,18.0,16.0,16.0,23.0
GRUDZIĄDZKI,312.1457524574041,25.441346595274315,1.9570266611749474,9.785133305874737,13.699186628224632,74.367013124648,48.925666529373686,34.24796657056158,45.99012653761126,5.871079983524842,4.892566652937369,2.935539991762421,13.699186628224632,7.82810664469979,0.0,3.914053322349895,0.0,0.0,0.0,0.9785133305874737,0.0,0.0,2.935539991762421,1.9570266611749474,0.0,2.935539991762421,0.0,1.9570266611749474,1.9570266611749474,0.0,3.914053322349895,1.9570266611749474,2.935539991762421,6.849593314112316,3.914053322349895,1.9570266611749474,0.0,0.0,0.0,3.914053322349895,2.935539991762421,2.935539991762421,2.935539991762421
KARTUSKI,665.39663483575,106.05052149004196,15.954503233015163,38.47850779727187,45.0480091285134,188.63853822564988,63.818012932060654,65.69501331241538,91.03451844720416,5.631001141064175,0.9385001901773625,14.077502852660437,14.077502852660437,10.323502091950989,3.75400076070945,4.692500950886813,1.877000380354725,1.877000380354725,0.9385001901773625,1.877000380354725,3.75400076070945,0.0,1.877000380354725,3.75400076070945,0.0,2.8155005705320875,0.9385001901773625,1.877000380354725,4.692500950886813,0.0,9.385001901773625,6.569501331241538,6.569501331241538,9.385001901773625,6.569501331241538,0.9385001901773625,1.877000380354725,0.0,0.0,3.75400076070945,2.8155005705320875,22.5240045642567,7.5080015214189
KOŚCIERSKI,600.3436712326868,55.45641064649597,2.319721540323676,23.043789393365177,22.248405186087062,180.40397226697112,35.19852236328923,55.40526864320544,85.79974560712564,9.740952961759412,8.663393350958414,5.152651884402587,26.272355456398124,17.538418254558987,3.934004571840149,8.757451818799375,5.806948389919262,1.9670022859200744,5.783433772959022,5.806948389919262,2.9740180458403516,0.9599865259997971,3.8869753379196683,8.733937201839135,0.0,2.9505034288801113,0.023514616960240115,2.926988811919871,3.9575191888003887,0.0,7.915038377600777,4.004548422720869,9.764467578719652,4.075092273601589,10.724454104719449,1.9434876689598342,2.926988811919871,0.9599865259997971,0.0,2.9740180458403516,2.9505034288801113,14.004162171042921,5.948036091680703
LUBAWSKI,564.9143948556418,24.01846916903239,1.921477533522591,14.411081501419433,5.7644326005677735,144.11081501419434,45.15472203778089,48.03693833806478,90.30944407556179,28.822163002838867,10.568126434374252,10.568126434374252,19.214775335225912,18.254036568464617,2.8822163002838868,13.450342734658138,6.725171367329069,0.0,4.803693833806478,4.803693833806478,4.803693833806478,7.685910134090364,6.725171367329069,4.803693833806478,0.0,4.803693833806478,0.9607387667612955,1.921477533522591,5.7644326005677735,0.0,11.528865201135547,7.685910134090364,3.842955067045182,4.803693833806478,5.7644326005677735,0.9607387667612955,4.803693833806478,0.0,0.0,0.0,2.8822163002838868,13.450342734658138,4.803693833806478
SĘPOLEŃSKI,357.0,27.0,0.0,20.0,6.0,74.0,52.0,20.0,51.0,4.0,5.0,6.0,17.0,9.0,0.0,7.0,2.0,4.0,1.0,8.0,1.0,4.0,3.0,8.0,0.0,4.0,0.0,3.0,6.0,0.0,8.0,4.0,1.0,6.0,1.0,0.0,4.0,0.0,4.0,5.0,1.0,7.0,7.0
STAROGARDZKI,926.1217972295175,58.7951338418743,7.336462177716508,22.450384754764173,23.23115754154535,297.4285314427383,46.7292179589716,106.20994722519039,137.55597803166918,17.663607734473135,9.434760163277673,10.025113368258767,32.26513485787711,30.079643569296763,9.160075610896033,9.947066035434116,4.209755730327856,4.080026948000406,5.41055922541062,7.351539747324889,4.614316301799517,3.2778758389782303,6.910547856563606,7.329969871490238,2.1714895221581455e-05,7.614251157113852,0.21926778534473074,4.376475651716712,4.472229434826361,0.0,16.765442263598654,5.197112765896076,1.6380622496657224,5.472186005035917,12.904207554603888,8.053285011836431,6.577105427637702,1.0400569037906462,0.0,4.138635001633905,9.138765291005233,30.03589165106367,16.01251369785926
ŚWIECKI,1020.185464864715,73.81996586820065,6.4987873278641475,50.31714861193966,14.95072620324052,249.13161287005966,88.80411696161951,91.47375340314188,161.37891028815494,25.20030099150724,21.8834519160083,25.88370124213585,57.122285449520106,31.50927682411145,0.9113863344057107,11.184981877188118,5.937015036827521,0.0,10.605394778176814,11.863292182681105,10.26087067994335,4.673469686484915,7.645794663750392,13.228105712073207,0.9113863344057107,7.52671167672622,1.936765710699972,6.4987873278641475,12.886126586407556,0.0,12.54979540658022,0.005089945135621906,7.407628689702047,11.063353917596135,20.754817388799424,11.051187055459772,3.8760763939677547,1.8227726688114214,0.0,2.7367039757849434,8.205021982219208,8.43555303856412,5.471420979704769
TCZEWSKI,819.7029546003916,34.67026067927202,7.666782602557162,12.001043423014458,13.668869448586076,242.00834738411567,48.00313026904337,95.00486930740081,111.0073039611012,18.33391301278581,8.0,5.000347807671486,35.6681738332431,22.667130410228648,11.0,7.333565205114324,6.667130410228648,4.0,8.33391301278581,6.0,8.333565205114324,3.666782602557162,7.000347807671486,10.667130410228648,0.0,7.333565205114324,3.666782602557162,4.666782602557162,7.666782602557162,0.0,23.00069561534297,4.0,3.666782602557162,8.666782602557163,12.000695615342972,13.001043423014458,7.333565205114324,2.0,2.0,4.0,8.0,15.333565205114324,40.334260820457295
TORUŃ (MIASTO),997.9368872141819,28.05424844586471,2.015499555961346,17.030999111922693,4.007749777980673,262.2012155870043,44.286741785284896,70.30224134124624,122.52698490268575,21.069748001826056,21.069748001826056,6.007749777980673,41.1704951155748,45.15499555961346,7.015499555961346,23.07749777980673,6.015499555961346,8.030999111922691,17.046498667884038,15.061998223845384,14.046498667884038,9.023249333942019,14.015499555961346,18.038748889903363,6.007749777980673,9.030999111922691,4.0,7.015499555961346,18.046498667884038,1.0,33.03874888990337,16.038748889903363,8.046498667884038,7.061998223845383,11.030999111922691,30.10849689172942,12.038748889903365,3.015499555961346,1.0,9.015499555961346,19.015499555961345,10.209244005478169,15.038748889903365
TORUŃSKI,509.51627678880953,7.11043266956115,2.0366327071766803,4.037701803238899,1.0360981591455714,154.94060050036404,37.51766883275351,39.127538206556636,68.3208581550311,9.182628987852292,9.182628987852292,1.071661770260034,22.011760056684395,20.18850901619449,2.0721963182911427,9.86309103585324,2.001069096062218,3.9665745810099735,5.8253892326143415,8.075403606477797,6.074334510415579,3.001603644093327,2.2144507627489927,5.109363573498932,0.9649709369166465,4.037701803238899,0.0,2.0721963182911427,6.003207288186654,0.0,5.109363573498932,4.967109129041082,6.003207288186654,8.039839995363334,4.322210692154598,13.829665616863213,4.93154551792662,1.929941873833293,0.0,2.0366327071766803,2.0366327071766803,26.374287796779615,4.93154551792662
TUCHOLSKI,533.7699886308988,48.96180544861779,2.5842162993479443,33.99189927179633,11.207937929427844,147.23952177209355,31.058950783425942,49.28826334602732,82.8413019850238,11.271885149116384,6.08034960223874,11.357469012244888,23.255014084647915,28.716531693198533,0.16970142151521742,9.191836876366944,5.546424287714322,0.042058779193356564,4.925700602374828,7.067977993015798,4.0032339389728815,1.4625427235600852,5.7035724209068785,6.217075599677904,0.08558386312850429,3.7184431634584647,0.17116772625700857,2.640294671605753,6.189036413548999,0.0,8.200738552384529,2.041207629706223,1.7613530921389544,6.031888280356443,9.851401204749656,1.0956380181225214,1.4049980465604852,0.18518731932146076,0.0,1.3053945903675288,1.8188977691385544,2.8675407701205704,1.5746994680757025
WĄBRZESKI,584.722569896049,39.54645400263133,9.415822381578888,15.06531581052622,15.06531581052622,149.7115758671043,37.66328952631555,37.66328952631555,96.04138829210466,12.240569096052553,1.8831644763157775,8.474240143421,26.364302668420887,10.357404619736776,6.591075667105222,11.298986857894665,8.474240143421,5.649493428947332,6.591075667105222,10.357404619736776,10.357404619736776,6.591075667105222,6.591075667105222,7.53265790526311,0.9415822381578888,9.415822381578888,0.9415822381578888,2.824746714473666,8.474240143421,0.0,9.415822381578888,4.707911190789444,4.707911190789444,8.474240143421,6.591075667105222,3.766328952631555,6.591075667105222,3.766328952631555,1.8831644763157775,1.8831644763157775,2.824746714473666,7.53265790526311,4.707911190789444
MORSKI,419.64106918268004,16.2227440322329,0.6457482786607573,5.534198653618958,9.7769007499164,176.64926798141997,7.554000297468855,23.537193668236295,91.1742901253871,9.175724086260871,6.997395248818554,4.546583639196623,14.488598004848276,10.359851487138023,0.15194077144958995,1.1841274008771527,1.0701718222899603,1.0701718222899603,0.03798519286239749,1.0701718222899603,2.1403436445799207,0.9942014365651652,5.046977568550621,2.1403436445799207,0.0,3.0965598882826884,0.03798519286239749,1.0701718222899603,4.166731710572648,0.0,8.333463421145296,0.2658963500367824,3.248500659732278,2.3682548017543055,5.236903532862608,4.014790939123058,1.0701718222899603,0.9942014365651652,0.0,2.1403436445799207,1.1081570151523576,6.876853248088532,6.269090162290171
GDYNIA (MIASTO),890.2904325567597,10.069582761218017,2.0,0.023194253739339088,5.046388507478678,254.98575578392192,49.02899281717417,73.12176983213153,81.51027358226546,26.05218707091351,7.040589944043844,7.023194253739339,35.08117988808769,39.05798563434835,6.0,14.005798563434835,7.005798563434835,3.0057985634348348,8.0,28.005798563434833,12.01159712686967,5.005798563434835,5.028992817174174,15.01159712686967,2.0,6.017395690304505,6.0,4.005798563434835,9.023194253739339,0.0,20.046388507478678,2.0,0.017395690304504316,2.0115971268696695,74.02899281717417,23.02319425373934,7.005798563434835,1.0057985634348348,6.0,21.01159712686967,15.005798563434835,6.0347913806090085,10.03479138060901
BYDGOSKI,460.81488997618555,18.951261708977327,2.992304480364841,6.982043787517963,7.9794786143062435,143.6306150575124,27.92817515007185,45.8820020322609,84.78196027700383,7.9794786143062435,3.9897393071531218,2.992304480364841,13.964087575035926,14.961522401824206,1.9948696535765609,4.987174133941402,1.9948696535765609,0.9974348267882804,4.987174133941402,8.976913441094524,0.0,0.0,5.984608960729682,7.9794786143062435,0.9974348267882804,0.9974348267882804,0.0,1.9948696535765609,4.987174133941402,0.0,4.987174133941402,5.984608960729682,6.982043787517963,8.976913441094524,4.987174133941402,3.9897393071531218,3.9897393071531218,0.9974348267882804,0.0,0.0,0.0,7.9794786143062435,3.9897393071531218
BYDGOSZCZ (MIASTO),2293.1851100238146,33.04873829102267,2.0076955196351585,15.017956212482037,9.020521385693756,610.3693849424876,102.07182484992815,235.1179979677391,210.21803972299617,34.020521385693755,34.01026069284688,58.007695519635156,71.03591242496407,156.0384775981758,29.00513034642344,33.0128258660586,10.005130346423439,15.00256517321172,25.0128258660586,48.023086558905476,37.0,24.0,28.015391039270316,33.020521385693755,13.00256517321172,26.00256517321172,16.0,13.005130346423439,49.0128258660586,4.0,80.01282586605859,28.015391039270316,4.017956212482036,13.023086558905476,23.0128258660586,13.010260692846877,23.010260692846877,8.00256517321172,6.0,36.0,46.0,66.02052138569375,46.01026069284688
CHODZIESKI,729.0,74.0,8.0,41.0,24.0,197.0,29.0,62.0,114.0,15.0,6.0,35.0,34.0,8.0,4.0,13.0,5.0,2.0,5.0,8.0,2.0,6.0,16.0,7.0,0.0,10.0,1.0,5.0,5.0,0.0,15.0,7.0,1.0,10.0,7.0,0.0,6.0,1.0,0.0,3.0,7.0,9.0,1.0
CZARNKOWSKI,502.44141474220845,21.709620914436343,0.6359350139033729,9.271870027806745,8.589837534758432,146.38222371335885,36.86170756256518,56.57132847700152,73.90309019464722,7.8479133518711635,7.95390252085506,2.0598916898389548,27.967696731549072,20.179675069516865,0.5299458449194774,9.589837534758432,3.5299458449194776,1.1059891689838954,3.635935013903373,10.059891689838954,8.847913351871163,4.059891689838955,3.9539025208550593,3.7419241828872685,0.10598916898389549,3.4239566759355817,0.0,2.4239566759355817,4.059891689838955,0.0,9.377859196790642,1.635935013903373,3.635935013903373,6.95390252085506,5.8479133518711635,0.10598916898389549,3.3179675069516863,0.10598916898389549,0.0,0.0,2.4239566759355817,8.529945844919478,0.21197833796779098
GNIEŹNIEŃSKI,484.0346915209708,33.31072787369793,10.322239065911818,16.471372492592323,5.3095987215945035,155.38025663847304,22.965535759078193,56.76841407682546,82.08015286536224,5.031949349176056,2.4141085482619813,1.4021840889889656,18.585555447199184,7.217820546078315,0.19270052579600835,3.8594934257046924,0.2931391298103409,0.03941910489372999,0.4022179955086215,10.505009187440004,0.16627911735203543,0.45556143578869607,11.86806254736886,3.541861293137219,0.0,3.3107058652909003,1.0018569352603517,1.3493037081941872,2.5880261605477126,0.0,4.8046507327034185,9.538539862048028,4.689286026552488,18.893983662827416,9.729311982157196,0.19173632295258827,0.19270052579600835,0.0019284056868401325,0.0,0.1643507116651953,1.2123386078163847,9.885523055530571,0.18884371442232809
GOSTYŃSKI,634.799432921031,51.96412294112036,9.980905751178149,30.843331768596304,8.79614654521161,116.57483844221291,92.31839482803349,49.561353531194555,76.37963441802904,11.031906953288711,7.607873706625927,4.024729244225438,45.49562159778891,29.879437815192155,0.27596517296312406,14.322374247156493,11.531020031268122,2.9852511742818333,11.708677592107616,31.070204415207243,4.119288950873846,11.732781897122912,1.2222400505955247,5.638880213593994,0.0,6.655610492859509,0.0,3.354934359366875,2.215277343151722,0.009736241609240668,4.913900964744497,6.77900982782476,2.200436681730055,7.632450609656836,5.988576095649841,2.0765647487491914,0.3553151216789869,0.024576903030907662,0.0,2.294154693851973,3.4880699359413674,7.366221678302952,1.9787297346411725
INOWROCŁAWSKI,363.4218113912859,11.8830020073445,8.912251505508374,2.970750501836125,0.0,133.6837725826256,12.873252174623207,30.697755185639956,90.11276522236246,3.961000669114833,1.9805003345574166,2.970750501836125,8.912251505508374,9.902501672787082,0.0,2.970750501836125,0.0,0.0,2.970750501836125,12.873252174623207,0.0,0.9902501672787083,4.951250836393541,4.951250836393541,0.0,0.9902501672787083,0.0,2.970750501836125,3.961000669114833,0.0,1.9805003345574166,3.961000669114833,0.0,4.951250836393541,1.9805003345574166,2.970750501836125,0.9902501672787083,0.9902501672787083,0.0,0.9902501672787083,0.0,0.0,0.9902501672787083
JAROCIŃSKI,944.4104125582926,48.17910286526531,20.902984447603178,11.216417462573697,9.216417462573697,252.0149162365034,85.67163874550114,82.23880382035375,138.02984447603177,12.059700955088436,10.902984447603176,6.84328349251474,40.74626794011792,27.49253588023583,15.059700955088436,18.432834925147393,5.84328349251474,6.373133970058958,15.059700955088436,27.276118417662133,14.059700955088436,7.84328349251474,15.216417462573697,9.529850477544219,0.8432834925147394,8.216417462573697,4.373133970058958,5.686566985029479,8.373133970058959,0.0,16.902984447603178,10.432834925147395,0.0,13.216417462573697,12.84328349251474,7.373133970058958,4.686566985029479,1.8432834925147394,0.0,2.686566985029479,2.8432834925147397,5.216417462573697,2.8432834925147397
KĘPIŃSKI,966.5219953040348,98.74488170736636,14.12722397509501,43.29070189415379,39.32695583811756,266.089629346244,74.45417981321258,84.92682176962884,154.90835962642515,9.909029968868762,8.690835962642515,7.12722397509501,37.32695583811756,47.854313881701295,2.0,18.16347791905878,6.909029968868762,3.3454179813212575,7.563611987547505,37.38167192528503,4.563611987547505,9.472641956416268,2.563611987547505,11.690835962642515,0.0,2.563611987547505,0.7818059937737525,4.563611987547505,4.563611987547505,0.0,13.25444795019002,6.563611987547505,5.3454179813212575,2.563611987547505,11.472641956416268,2.0,2.7818059937737525,2.7818059937737525,0.0,1.0,6.690835962642515,5.909029968868762,2.0
KOŚCIAŃSKI,896.2313377561326,85.95242001464558,2.850784857258991,20.57184890865074,49.083330775860276,194.0206478946806,94.31091193925937,88.58318590781208,108.33114070426416,19.796162504304952,11.097020500242156,4.866251906828228,47.580077122042155,47.039454547655126,5.8018421162919855,23.385053753489338,9.376248683975643,2.8254366646327207,12.198064178233183,14.224394738927964,13.033381985922937,6.784507540633103,8.501658186524432,4.7799040021894115,0.0,8.56265789853698,0.0,5.729978893153895,7.511750421432952,0.0036211703751815073,13.385455760863028,9.379869854350826,6.547190848967742,7.60171949644695,17.949770093638165,2.9190269100219006,4.7509346391879586,0.9681807428403915,0.0,0.971801913215573,4.765419320688685,2.696194899857265,1.857255921792329
KROTOSZYŃSKI,914.9730854644849,55.71958833118724,7.625775483478675,23.861863535548316,21.13182211911199,222.33414163312852,66.0548220090656,73.7664558088956,127.37066650309811,11.525648290430413,11.738899622741258,14.525648290430413,57.85448973067723,38.53766366940519,12.017426049366788,24.8988912397122,11.656198479059784,2.0,10.756325672108046,18.916317289078986,7.082701143681474,12.42552109738215,15.046867477708357,7.738899622741258,1.0,11.57349733537831,1.0,6.869449811370629,6.934724905685314,0.0,18.342819953700676,13.342819953700676,1.9347249056853144,11.656198479059784,12.756325672108046,2.0,2.786748667689155,2.0,0.0,3.786748667689155,8.638772429692995,8.38308272282626,2.1654022873629475
LESZCZYŃSKI,915.9670683089795,82.45003774935739,3.1485031828991272,33.46798396547626,40.458449990838524,243.89409342667517,51.15565895173405,60.79760620510558,115.15828651990896,11.03952228029389,12.854124385275782,14.102998830565616,42.131481301203465,52.5906582277318,4.123598596678739,19.468736882985414,9.552813199370261,4.148503182899127,12.70131638226939,23.655812029935877,6.8953239175020276,7.144198362791862,11.44550954869738,8.189702715125373,3.0,5.358805664137623,1.0,4.210302481238497,6.424909782584258,0.0,16.461804494703237,11.552813199370261,5.404310016471135,6.3382058980245,25.911618863507886,8.06179929833937,6.189702715125374,2.020599766113123,0.0,4.020599766113123,12.189702715125373,4.3219109520186425,7.127903416786004
MIĘDZYCHODZKI,366.0,20.0,2.0,3.0,13.0,95.0,21.0,28.0,65.0,3.0,12.0,2.0,24.0,20.0,2.0,8.0,3.0,2.0,4.0,4.0,4.0,0.0,6.0,5.0,0.0,2.0,0.0,2.0,4.0,0.0,4.0,1.0,4.0,4.0,5.0,2.0,2.0,1.0,0.0,1.0,3.0,3.0,0.0
MOGILEŃSKI,984.9164379143871,44.25944063283739,10.807073043111135,24.90376930985941,3.7421684705941085,281.1343526112936,42.77510369164918,104.80807566675298,141.64794099006622,21.161172016706367,7.67740683893006,4.677335368503571,45.58117614878947,49.93484629982577,5.80635833884625,21.225647766664466,6.741811118461666,2.0,9.6127166776925,28.09698214845423,3.870905559230833,8.6127166776925,15.290766750460955,12.548383868587381,0.0,8.742025529741131,7.14704264885381e-05,5.741882588888155,12.419217957391725,0.0,15.35481367786012,13.548812691146313,12.35481367786012,16.226719823061792,19.35517102999256,2.8063583388462496,6.80635833884625,1.0,0.0,1.870905559230833,2.806429809272738,8.419718250377146,4.80635833884625
NOWOTOMYSKI,1207.7363364308274,112.6633731671078,8.951910452443972,29.891798517998936,54.85573135733192,302.38900015687307,70.55517168510674,108.38685826866065,160.3267463342156,10.915843291776952,9.951910452443972,30.735507488441847,46.77157464910887,37.77157464910887,12.92786567866596,34.75955226221986,7.939888065554966,6.951910452443972,16.939888065554968,22.831686583553903,14.891798517998938,11.903820904887944,17.92786567866596,9.939888065554966,0.0,12.915843291776952,0.0,6.951910452443972,9.96393283933298,0.0,20.87977613110993,12.92786567866596,11.975955226221986,19.96393283933298,25.831686583553903,0.9879776131109931,5.975955226221986,1.9759552262219862,0.0,6.975955226221986,6.0,16.92786567866596,4.987977613110993
OBORNICKI,566.8857630163548,32.41627605128617,5.6103549473484255,11.46699985594865,13.515715305778054,155.30829349081174,25.545663644587957,58.524888178735374,78.43941642234148,7.5391137300959485,8.222018880039084,9.080845430876359,25.38414607023921,27.17216773227142,4.470054155080523,13.58608386613571,4.540422715438179,0.9643793913737613,5.399249266275456,10.10118955606238,7.222455208486493,9.080845430876359,8.362756000754397,6.433997218006874,0.8940108310161046,3.6815961646009034,0.0,3.75196472495856,8.975292590339874,0.0,11.938799324818815,5.539986386990769,5.469617826633113,8.29238744039674,7.328008049022978,0.8940108310161046,2.6820324930483137,0.8940108310161046,0.0,0.07036856035765666,3.6112276042432465,5.068186918120604,1.7880216620322091
OSTROWSKI (OSTRÓW WIELKOPOLSKI),1298.4461580384243,92.69285481225022,21.308182427850024,23.33506463173188,43.14099467622747,334.7232137444313,104.41590595830901,148.36851265121783,201.0321986846178,22.617763357635432,24.075375015028417,16.615986813982882,44.52085677917947,55.48774795069993,13.774896757548616,18.32098601211235,10.999583107572079,3.2814480486197852,16.88048019527522,22.094106226008417,10.293985913682585,11.518672263706046,9.137269406197325,12.44850898508737,1.1567165074852606,7.054568262515851,0.84506003616729,6.584418740060069,11.980552898712064,0.0,17.75986645852533,4.920851943623627,2.571880874997269,6.971867118834377,12.18786768898015,16.62686602994104,5.448925877515295,2.3749105137115083,0.0,3.2307318712890476,5.383179401161272,20.047541131742804,6.991314220122312
POZNAŃ (MIASTO),4678.0,53.0,10.0,15.0,6.0,1197.0,132.0,380.0,412.0,72.0,88.0,85.0,82.0,355.0,60.0,79.0,25.0,27.0,73.0,119.0,53.0,62.0,42.0,52.0,19.0,46.0,42.0,24.0,84.0,10.0,163.0,47.0,11.0,35.0,214.0,56.0,37.0,16.0,27.0,112.0,121.0,166.0,96.0
RAWICKI,691.5082796931239,66.88471770612212,3.1624991705122247,44.55971936509766,14.12638824373173,155.85971272919545,54.606936241732,55.81249585256112,81.24582697392705,8.180554633902473,10.12638824373173,8.054166390170742,43.758329462390385,28.50555297492692,5.0,17.234721024073213,4.198610097292719,5.054166390170741,11.198610097292718,16.541663901707416,2.072221853560989,4.198610097292719,13.0,9.090277316951235,0.0,8.108332780341483,0.0,1.0541663901707417,5.036110926780494,5.0,14.072221853560988,6.108332780341483,6.036110926780494,10.12638824373173,8.090277316951235,1.0361109267804944,7.0,1.0,0.0,3.0361109267804944,6.054166390170741,9.12638824373173,2.0361109267804944
SZAMOTULSKI,786.0,65.0,4.0,20.0,34.0,194.0,58.0,70.0,82.0,15.0,25.0,4.0,35.0,48.0,13.0,14.0,3.0,0.0,10.0,15.0,11.0,5.0,13.0,8.0,0.0,8.0,4.0,6.0,9.0,0.0,11.0,8.0,5.0,7.0,18.0,7.0,4.0,2.0,0.0,5.0,3.0,1.0,0.0
SZUBIŃSKI,533.0,46.0,8.0,26.0,9.0,130.0,49.0,40.0,74.0,13.0,4.0,5.0,36.0,22.0,2.0,6.0,4.0,1.0,6.0,8.0,8.0,1.0,13.0,9.0,0.0,3.0,0.0,4.0,6.0,0.0,9.0,3.0,5.0,14.0,4.0,1.0,1.0,0.0,0.0,1.0,1.0,4.0,2.0
ŚREDZKI,557.0,78.0,11.0,56.0,11.0,127.0,37.0,39.0,71.0,12.0,3.0,8.0,19.0,15.0,9.0,13.0,4.0,1.0,5.0,17.0,6.0,7.0,6.0,6.0,0.0,3.0,1.0,4.0,4.0,0.0,8.0,9.0,3.0,8.0,11.0,9.0,2.0,0.0,0.0,0.0,5.0,7.0,4.0
ŚREMSKI,728.1422299554964,43.412273872685425,7.893140704124622,10.853068468171356,20.719494348327135,185.48880654692863,73.01155151315275,77.94476445323065,107.54404209369798,11.839711056186934,6.906498116109045,11.839711056186934,30.585920228482912,28.612635052451758,3.946570352062311,16.772923996264822,4.933212940077889,0.9866425880155778,4.933212940077889,11.839711056186934,8.8797832921402,8.8797832921402,9.866425880155777,7.893140704124622,0.0,6.906498116109045,0.0,3.946570352062311,2.9599277640467334,0.9866425880155778,6.906498116109045,5.919855528093467,2.9599277640467334,7.893140704124622,14.799638820233668,6.906498116109045,0.0,0.9866425880155778,0.0,1.9732851760311556,3.946570352062311,4.933212940077889,0.0
WĄGROWIECKI,586.0,32.0,5.0,18.0,8.0,99.0,93.0,51.0,91.0,6.0,6.0,2.0,34.0,18.0,3.0,11.0,3.0,2.0,4.0,20.0,3.0,6.0,11.0,6.0,0.0,6.0,0.0,5.0,13.0,0.0,13.0,6.0,9.0,16.0,3.0,5.0,1.0,2.0,0.0,2.0,0.0,4.0,3.0
WOLSZTYŃSKI,618.0,69.0,6.0,23.0,35.0,179.0,42.0,56.0,85.0,8.0,3.0,4.0,40.0,27.0,3.0,15.0,3.0,3.0,7.0,12.0,2.0,5.0,3.0,6.0,1.0,4.0,1.0,2.0,1.0,0.0,9.0,3.0,5.0,5.0,7.0,1.0,2.0,0.0,0.0,2.0,1.0,2.0,2.0
WRZESIŃSKI,567.0,36.0,5.0,18.0,11.0,154.0,24.0,55.0,92.0,7.0,2.0,7.0,21.0,37.0,9.0,10.0,1.0,2.0,6.0,12.0,6.0,4.0,7.0,7.0,0.0,5.0,1.0,4.0,3.0,0.0,9.0,6.0,5.0,9.0,11.0,0.0,4.0,2.0,0.0,0.0,2.0,7.0,2.0
WYRZYSKI,827.0,26.0,6.0,1.0,15.0,236.0,63.0,66.0,111.0,20.0,8.0,9.0,51.0,18.0,4.0,15.0,3.0,2.0,10.0,12.0,6.0,12.0,11.0,10.0,1.0,6.0,4.0,7.0,5.0,0.0,13.0,12.0,15.0,10.0,15.0,19.0,4.0,1.0,1.0,5.0,3.0,13.0,9.0
ŻNIŃSKI,459.47703735172604,14.029682680774917,3.0019053382011616,9.018510539220609,2.0044688566217226,134.1154921022842,22.00917453341043,32.0731010215247,83.0527143568988,8.013077479755468,6.002211360825182,12.995461940921242,15.020721900045793,17.034786650130357,4.000941135357741,11.008585555648066,4.002540450934882,1.9980715943131597,6.003810676402323,6.016605201019448,3.000306022624021,3.0067032849325837,8.009878848601186,8.003481586292624,0.0,3.003504653778302,1.9980715943131597,4.002540450934882,3.0115012316640057,0.0,7.009243735867465,5.006374194822883,4.012136344397726,9.010513961334906,7.009243735867465,3.0019053382011616,4.000941135357741,1.9980715943131597,0.0,1.0022344283108613,4.999976932514321,1.013429637350846,0.004797946731422016
POZNAŃSKI,633.5083190235255,30.610878679859454,6.670582139080116,19.975679256573326,2.982479753321264,235.29038128690544,38.28764312360233,83.86733431049932,90.54993883646843,10.490930780618044,4.778441398644662,4.04877399242906,9.6891290530684,9.6891290530684,0.07213432133404195,4.970799588868774,1.9522526748804885,1.9402302879914815,1.0061823046627618,31.38863563363108,2.0003422224365166,3.880460575982963,8.586767653293583,4.790463785533669,0.0,2.922367818876229,0.0,4.778441398644662,0.9821375308847478,0.0,8.634857200849611,4.802486172422676,2.8622558844311943,6.658559752191109,4.8986652675347315,0.01202238688900699,0.02404477377801398,0.02404477377801398,0.0,1.9161855142134676,0.9460703702177268,16.155330615035396,0.01202238688900699
GNIEZNO (MIASTO),631.0,21.0,9.0,5.0,5.0,173.0,22.0,42.0,68.0,8.0,16.0,1.0,35.0,44.0,6.0,20.0,5.0,4.0,7.0,10.0,8.0,6.0,8.0,7.0,0.0,7.0,6.0,4.0,13.0,1.0,22.0,7.0,1.0,6.0,16.0,1.0,7.0,2.0,1.0,6.0,11.0,9.0,4.0
INOWROCŁAW (MIASTO),702.5781886087141,29.1169979926555,5.087748494491625,17.029249498163875,5.0,174.31622741737436,23.126747825376793,42.302244814360044,77.88723477763754,17.038999330885165,7.019499665442583,10.029249498163875,26.087748494491624,55.09749832721292,13.0,26.029249498163875,3.0,7.0,7.029249498163875,16.126747825376793,12.0,7.009749832721291,9.048749163606459,14.048749163606459,2.0,6.009749832721291,1.0,4.029249498163875,11.038999330885167,0.0,18.019499665442584,10.038999330885167,0.0,2.0487491636064585,22.019499665442584,12.029249498163875,6.009749832721291,4.009749832721291,0.0,7.009749832721291,11.0,10.0,4.009749832721291
DOLIŃSKI,1068.4107950037953,54.423069986788505,5.728744209135632,19.095814030452107,6.683534910658238,323.67404781616324,164.2240006618881,61.10660489744674,129.85153540707432,12.412279119793869,82.11200033094406,39.14641876242682,22.91497683654253,14.321860522839081,15.276651224361686,5.728744209135632,11.457488418271264,9.547907015226054,0.0,11.457488418271264,0.9547907015226054,13.367069821316475,5.728744209135632,10.50269771674866,0.0,2.864372104567816,0.0,4.773953507613027,2.864372104567816,0.0,9.547907015226054,4.773953507613027,0.0,2.864372104567816,11.457488418271264,3.8191628060904215,4.773953507613027,0.9547907015226054,0.0,2.864372104567816,0.9547907015226054,27.688930344155555,1.9095814030452107
HORODEŃSKI,1268.5762035145028,82.81795491454128,58.45973288085266,7.794631050780355,13.640604338865622,463.7805475214311,132.50872786326605,47.74211518602967,151.02097660886938,20.460906508298432,131.53439898191849,63.331377287590385,7.794631050780355,14.614933220213166,6.820302169432811,3.8973155253901774,27.281208677731243,12.666275457518077,0.0,32.152853084468966,1.9486577626950887,14.614933220213166,8.768959932127899,5.845973288085267,0.0,0.9743288813475444,0.0,5.845973288085267,1.9486577626950887,0.0,5.845973288085267,2.9229866440426333,1.9486577626950887,0.0,0.0,3.8973155253901774,0.9743288813475444,0.9743288813475444,0.9743288813475444,0.9743288813475444,1.9486577626950887,9.743288813475443,1.9486577626950887
KAŁUSKI,228.0,8.0,4.0,0.0,4.0,69.0,16.0,17.0,16.0,2.0,33.0,17.0,3.0,8.0,7.0,2.0,1.0,4.0,1.0,4.0,2.0,3.0,8.0,1.0,0.0,1.0,0.0,0.0,0.0,0.0,0.0,1.0,0.0,0.0,0.0,0.0,1.0,0.0,0.0,0.0,0.0,3.0,2.0
KOŁOMYJSKI,1637.4237964854972,122.18204508545872,57.54026711914734,23.205368949219647,18.35939566113438,527.2194524785689,162.49127213673395,84.25788481397032,148.97902339113062,15.539093491701568,125.46560101808151,94.66862271240961,5.205368949219645,44.38506677978683,27.17969783056719,9.102684474609823,15.718791322268757,23.333724542481924,7.0,26.847146915531034,5.051342237304912,25.385066779786836,19.2310400678721,15.154026711914733,3.0,5.025671118652456,1.0,9.154026711914733,4.051342237304912,0.0,27.154026711914735,6.077013355957367,1.0513422373049113,2.0,2.0,6.1026844746098226,5.025671118652456,0.025671118652455638,0.025671118652455638,5.025671118652456,11.051342237304912,45.256711186524555,7.051342237304912
KOSOWSKI (KOSÓW HUCULSKI),813.0,27.0,11.0,9.0,4.0,284.0,69.0,37.0,68.0,9.0,97.0,73.0,5.0,4.0,5.0,7.0,3.0,14.0,0.0,25.0,2.0,14.0,7.0,1.0,0.0,4.0,2.0,4.0,0.0,0.0,6.0,7.0,0.0,3.0,1.0,4.0,8.0,1.0,0.0,0.0,2.0,20.0,1.0
NADWÓRNIAŃSKI,1418.802506321137,56.647513114680194,8.218573926605751,10.327860889908628,5.77321740825719,438.61725277065307,198.4643481651438,78.97537400458883,196.71575675229778,17.991791334862942,157.3796871972521,46.30323489449745,36.32786088990863,7.663930444954314,11.327860889908628,3.0,14.991791334862942,6.663930444954314,3.0,22.882504371560067,3.1092869633028757,19.76500874312013,13.773217408257189,9.882504371560065,0.0,3.0,1.0,7.109286963302876,3.0,0.0,11.109286963302877,2.0,0.0,2.0,10.663930444954314,1.5546434816514378,14.0,2.0,0.0,0.0,1.5546434816514378,16.327860889908628,5.0
ROHATYŃSKI,1274.0,81.0,52.0,18.0,10.0,249.0,226.0,40.0,70.0,8.0,114.0,88.0,15.0,19.0,15.0,197.0,18.0,23.0,0.0,31.0,3.0,16.0,14.0,1.0,0.0,2.0,0.0,5.0,2.0,0.0,6.0,1.0,1.0,1.0,0.0,0.0,0.0,1.0,0.0,0.0,3.0,24.0,0.0
STANISŁAWOWSKI,2431.0471910684796,95.76737262273464,42.68968780947746,9.951412716183732,15.454132986982064,640.5346581252878,365.4664900922345,149.90067466631425,248.84737582843363,21.203451182888493,112.34181026886313,140.6062192803057,33.98601065880376,109.61778063242409,52.88838939992803,18.028425373635674,20.34682308363297,32.47321629295967,10.0,98.49807299726015,13.994506864557184,43.56613547997919,34.49365846602033,25.160756205176497,5.0,22.028425373635674,2.0148352031008874,9.974744125038052,5.03459794262002,1.0,31.95373635295282,6.014835203100888,1.0,16.088958624759172,7.349659725580474,11.445356518348563,7.03459794262002,3.007417601550444,0.0,10.021007772085232,10.458946688883351,13.898244472764528,24.03459794262002
STRYJSKI,1507.8036265586934,83.12636228148075,12.13130523076243,7.702803306596094,15.02293427211517,383.5305945716728,235.32197494900163,71.39848162237487,174.02214372984645,27.109893754429955,121.9288887601241,59.85012458019368,16.238603420582127,36.13888024853488,40.06122534131255,4.885576819362984,27.126116558802423,11.004981910422702,4.061432102849862,26.279696815927075,8.106641401327256,21.032238847207626,12.547700253688745,22.620166488951064,2.0,13.166343946857115,4.0,8.348910698086696,4.135627895432184,0.0,29.482809036198876,4.226046492386973,1.0307160514249307,3.2277760497069763,0.5425115817287357,2.1808371939095785,6.256762543811904,2.0452092984773946,0.0,3.135627895432184,4.075925349902326,33.55679806724389,6.12113464837972
ŚNIATYŃSKI,806.0,66.0,32.0,24.0,10.0,251.0,116.0,54.0,69.0,6.0,39.0,30.0,2.0,10.0,19.0,5.0,15.0,5.0,0.0,44.0,2.0,8.0,12.0,5.0,0.0,1.0,0.0,3.0,1.0,0.0,6.0,2.0,0.0,1.0,7.0,1.0,7.0,1.0,0.0,4.0,5.0,9.0,5.0
TŁUMACKI,920.3203708910427,72.00791755096046,44.388442325934534,13.809737612512965,13.809737612512965,218.98298214127703,194.32273640464672,52.279720961656224,83.844835504543,9.864098294652118,70.03509789203004,49.32049147326059,15.78255727144339,17.755376930373814,10.85050812411733,0.9864098294652118,13.809737612512965,8.877688465186907,0.0,21.70101624823466,5.918458976791271,19.728196589304236,17.755376930373814,0.9864098294652118,0.0,0.9864098294652118,0.0,3.9456393178608473,1.9728196589304237,0.0,2.9592294883956356,0.0,0.0,5.918458976791271,0.9864098294652118,0.0,1.9728196589304237,0.0,0.0,0.9864098294652118,0.9864098294652118,14.796147441978178,1.9728196589304237
ŻYDACZOWSKI,858.7855784375113,80.45056773173074,27.139950560101937,25.201382662951797,22.29353081722659,195.79535761216397,143.45402438911023,47.49491348017839,59.12632086307922,16.477827125776177,95.95911090893185,63.003456657379495,4.846419742875346,14.539259228626037,10.66212343432576,19.385678971501385,18.416395022926313,17.447111074351245,1.9385678971501383,23.26281476580166,1.9385678971501383,12.600691331475899,8.723555537175622,3.8771357943002767,0.0,0.9692839485750692,0.0,3.8771357943002767,0.0,0.0,0.9692839485750692,0.0,0.9692839485750692,2.9078518457252076,0.0,0.0,0.9692839485750692,0.0,0.0,0.0,0.9692839485750692,7.754271588600553,0.9692839485750692
BIELSKI (BIELSKO),809.0,19.0,3.0,8.0,2.0,170.0,37.0,72.0,157.0,89.0,83.0,26.0,7.0,7.0,5.0,3.0,4.0,1.0,1.0,22.0,5.0,9.0,1.0,8.0,1.0,4.0,0.0,3.0,3.0,0.0,4.0,3.0,0.0,3.0,4.0,24.0,9.0,1.0,0.0,1.0,2.0,21.0,18.0
BIELSKO (MIASTO),916.0,37.0,10.0,1.0,1.0,170.0,14.0,33.0,86.0,53.0,42.0,58.0,22.0,39.0,15.0,8.0,5.0,6.0,20.0,24.0,9.0,11.0,5.0,15.0,9.0,15.0,12.0,4.0,6.0,1.0,38.0,2.0,1.0,9.0,30.0,27.0,6.0,4.0,6.0,41.0,22.0,11.0,68.0
CIESZYŃSKI,1198.0,49.0,10.0,19.0,5.0,261.0,61.0,63.0,216.0,65.0,36.0,42.0,18.0,40.0,17.0,11.0,10.0,1.0,12.0,45.0,8.0,6.0,5.0,15.0,8.0,8.0,5.0,11.0,10.0,0.0,23.0,6.0,3.0,14.0,25.0,24.0,16.0,6.0,3.0,6.0,21.0,28.0,42.0
TARNOGÓRSKI,841.0,6.0,2.0,0.0,1.0,251.0,53.0,112.0,116.0,20.0,19.0,7.0,14.0,27.0,7.0,9.0,9.0,2.0,4.0,21.0,13.0,3.0,6.0,10.0,0.0,6.0,0.0,3.0,8.0,0.0,8.0,3.0,0.0,10.0,7.0,41.0,4.0,3.0,0.0,2.0,6.0,31.0,11.0
KATOWICE (MIASTO),2144.0,38.0,8.0,4.0,3.0,412.0,75.0,184.0,147.0,47.0,47.0,63.0,46.0,135.0,32.0,23.0,10.0,15.0,75.0,42.0,23.0,47.0,24.0,52.0,16.0,21.0,37.0,9.0,54.0,7.0,76.0,12.0,2.0,25.0,58.0,44.0,18.0,9.0,22.0,110.0,55.0,32.0,76.0
KATOWICKI,2580.8316491773644,28.331599579305543,3.541449947413193,13.280437302799474,2.6560874605598945,822.501750286714,212.48699684479158,379.82050686006494,225.76743414759105,106.24349842239579,84.99479873791662,51.351024237491295,49.5802992637847,106.24349842239579,21.248699684479156,44.26812434266491,22.134062171332456,11.509712329092876,18.59261222391926,18.59261222391926,29.216962066158843,9.73898735538628,10.624349842239578,30.98768703986544,0.0,12.395074815946176,4.426812434266491,14.165799789652771,37.18522444783852,0.0,35.41449947413193,13.280437302799474,0.0,9.73898735538628,12.395074815946176,40.72667439525172,9.73898735538628,15.05116227650607,0.0,16.821887250212665,22.134062171332456,53.121749211197894,7.968262381679684
LUBLINIECKI,491.0,12.0,1.0,6.0,4.0,117.0,46.0,67.0,88.0,26.0,13.0,4.0,8.0,8.0,2.0,6.0,4.0,0.0,3.0,14.0,4.0,2.0,2.0,4.0,0.0,2.0,1.0,3.0,5.0,0.0,10.0,7.0,1.0,2.0,5.0,3.0,3.0,1.0,0.0,2.0,1.0,15.0,7.0
PSZCZYŃSKI,1552.0,43.0,13.0,8.0,18.0,443.0,149.0,184.0,269.0,71.0,59.0,17.0,23.0,41.0,21.0,23.0,7.0,4.0,11.0,22.0,10.0,6.0,7.0,19.0,0.0,8.0,4.0,7.0,17.0,13.0,6.0,0.0,2.0,10.0,3.0,8.0,6.0,4.0,1.0,5.0,7.0,22.0,7.0
RYBNICKI,2378.0,40.0,4.0,21.0,14.0,778.0,113.0,289.0,391.0,49.0,77.0,36.0,58.0,79.0,24.0,42.0,12.0,10.0,18.0,32.0,34.0,11.0,7.0,16.0,3.0,14.0,12.0,11.0,17.0,0.0,28.0,8.0,1.0,14.0,14.0,9.0,6.0,8.0,1.0,10.0,20.0,86.0,4.0
ŚWIĘTOCHŁOWICKI,1953.95942553445,8.859261878997508,1.968724861999446,1.968724861999446,1.968724861999446,670.3508155108113,146.67000221895873,315.9803403509111,140.76382763296039,56.10865856698421,87.60825635897534,38.390134808989195,40.35885967098864,85.6395314969759,25.5934232059928,30.51523536099141,32.48396022299086,7.874899447997784,7.874899447997784,4.921812154998615,21.655973481993904,4.921812154998615,8.859261878997508,18.702886188994736,1.968724861999446,7.874899447997784,2.953087292999169,11.812349171996676,28.546510498991967,0.0,34.45268508499031,3.937449723998892,0.0,7.874899447997784,4.921812154998615,13.781074033996122,2.953087292999169,7.874899447997784,0.984362430999723,4.921812154998615,11.812349171996676,53.15557127398504,3.937449723998892
CHORZÓW,2454.2089252881856,32.809138541696946,1.489825190587361,3.7508378352010796,8.375187677440659,724.1474342024745,160.8430009362497,312.19915278902397,192.46873821944854,74.64784301062001,71.39694490310802,86.2588409535195,59.060841065226654,120.1169700806283,45.157877109528044,48.21664029634368,23.381977605676685,15.615388222909338,23.53248832808295,13.48557562108212,22.127064451847254,15.339200489615102,7.516388278762913,20.309426771139822,8.031275138000554,11.73002573605604,10.62010027273434,10.021851038350551,51.26826505316951,2.0,49.13281544087776,11.782112973201635,0.0,11.386113196615934,15.68311302905521,37.49225157075216,5.30792535161455,9.073938275496145,0.01563756900027702,18.256300594788716,43.05358865667087,90.72267951481706,19.094287894321422
BORSZCZOWSKI,901.6244653792987,70.87004531365666,52.1682278003306,8.858755664207083,9.843061849118982,233.28056582411986,170.28496998975837,72.83865768348046,74.80727005330426,6.890143294383287,40.35655358138782,75.79157623821615,7.874449479295185,12.795980403854676,20.67042988314986,2.952918554735694,26.57626699262125,8.858755664207083,0.9843061849118981,22.639042252973656,1.9686123698237963,12.795980403854676,8.858755664207083,0.9843061849118981,0.0,0.9843061849118981,0.0,4.921530924559491,0.0,0.9843061849118981,5.905837109471388,0.9843061849118981,0.0,1.9686123698237963,0.0,0.0,4.921530924559491,0.0,0.0,0.0,1.9686123698237963,5.905837109471388,0.9843061849118981
BRODZKI,987.9868534516966,94.82359303869995,53.448131506351444,12.242233246676458,25.109004961004405,224.15587589542048,122.36861784372198,60.55713646735585,98.76303472703084,11.133228285672052,112.96893298670582,52.78725805169849,14.024223324667645,23.04844664933529,14.08478163633676,9.048446649335292,15.036334987001469,15.25434490901028,2.012111662333823,15.109004961004405,8.109004961004405,16.16956327267352,10.048446649335292,5.0484466493352915,0.0,5.0,1.0,5.0484466493352915,0.012111662333822848,0.0,9.024223324667645,10.012111662333822,1.0,4.0484466493352915,1.0,6.0,7.012111662333822,0.012111662333822848,0.0,0.0,3.0,11.266456571344102,9.036334987001469
BRZEŻAŃSKI,878.1144929416935,76.460160630906,47.14215122971252,17.623618542125875,8.79357988139083,220.34991994558976,158.75762265657244,44.86191884082465,55.15108801526549,11.749079028083916,124.66039580153796,45.04421273754572,7.972478006208761,8.79357988139083,7.899560447520335,3.904206749579901,13.90170568926704,9.705828704933435,1.9338739851178441,19.539263137571613,2.9554991466930858,11.749079028083916,4.88937313181093,2.973728536365192,0.0,2.937269757020979,1.003395771903135,4.907602521483036,0.9851663822310286,0.0,11.657932079723384,1.9703327644620572,0.0,0.0182293896721065,0.9669369925589221,0.9669369925589221,6.786788337584562,0.0182293896721065,0.0,0.9851663822310286,0.0,11.657932079723384,0.9851663822310286
BUCZACKI,1267.044751196592,92.39891901666381,66.84177120354403,10.812639459396829,12.778573906559888,313.56654432250804,221.1676253058442,80.60331233368545,110.09232904113135,9.829672235815298,125.81980461843582,80.60331233368545,11.79560668297836,30.471983931027427,18.676377248049068,10.812639459396829,34.403852825353546,6.880770565070709,0.0,34.403852825353546,1.9659344471630598,19.659344471630597,15.727475577304478,6.880770565070709,0.9829672235815299,2.94890167074459,0.9829672235815299,6.880770565070709,0.9829672235815299,0.0,6.880770565070709,2.94890167074459,0.0,0.0,0.9829672235815299,1.9659344471630598,1.9659344471630598,0.9829672235815299,0.0,0.0,1.9659344471630598,10.812639459396829,1.9659344471630598
CZORTKOWSKI,891.2755295634352,60.53432682547933,50.378492310772565,2.4661442083683545,7.655624753501467,221.1913822345321,128.95628940057065,56.27289755675124,94.099081447879,8.818331263628982,56.97199166869075,51.777468517716365,5.0558400979886535,27.10862898235992,27.941369527670147,7.342509098382093,17.499082536937475,9.403471177538844,6.015693815088102,26.805260673746915,4.210632435065583,15.053349698884645,7.720501487126424,6.2560883574565525,1.0170327764184701,4.177041102093934,0.01703277641847011,3.329779767497697,1.0224908512628388,0.015693815088101935,7.398959946656729,1.1071805134898987,1.0,0.03138763017620387,1.0170327764184701,1.1388564357429933,7.187853291725854,1.0574211455648563,0.0,3.0349302943020176,2.065453183013144,17.623186454071785,1.0552174427694108
KAMIONECKI,744.476117290326,60.77953461924234,31.98299653545402,12.900102371688947,8.935941850648392,210.23315304160653,101.1059901005027,40.693441161125214,65.47276055329012,7.932742556296347,73.58236367819602,57.5223319401328,0.026529085291434936,9.033215163383653,6.978179918311932,1.0031992943520462,2.991911826195182,18.83528936771168,0.004421514215239156,18.879504509864073,3.9818465779015106,17.827668559144396,6.964915375666215,8.891726708496002,0.0,1.9798695034126574,4.931987701670686,2.9830687977647035,0.9943562659215679,0.0,0.013264542645717468,0.0397936279371524,0.008843028430478312,0.008843028430478312,0.0,1.9798695034126574,1.997555560273614,1.9754479891974182,0.004421514215239156,0.9855132374910895,1.0076208085672853,12.824936630029882,0.004421514215239156
PODHAJECKI,679.1240471178825,55.53812150031464,38.974120351097994,11.692236105329398,4.871765043887249,149.07601034294981,164.66565848338902,20.461413184326446,53.58941548275974,7.794824070219598,99.38400689529988,30.204943272100945,12.666589114106847,4.871765043887249,8.769177078997048,1.9487060175548996,19.487060175548997,1.9487060175548996,0.0,10.717883096551947,2.9230590263323495,7.794824070219598,2.9230590263323495,3.897412035109799,0.0,1.9487060175548996,1.9487060175548996,3.897412035109799,0.9743530087774498,0.0,2.9230590263323495,1.9487060175548996,0.0,0.9743530087774498,0.0,0.0,0.9743530087774498,0.9743530087774498,0.0,0.9743530087774498,0.0,2.9230590263323495,0.9743530087774498
PRZEMYŚLAŃSKI,772.0,56.0,33.0,8.0,12.0,186.0,124.0,35.0,78.0,6.0,111.0,48.0,4.0,11.0,5.0,2.0,23.0,10.0,1.0,8.0,2.0,11.0,5.0,4.0,0.0,1.0,0.0,2.0,2.0,0.0,5.0,1.0,0.0,1.0,2.0,1.0,1.0,0.0,0.0,0.0,0.0,26.0,0.0
RADZIECHOWSKI,733.0131465483036,67.17640696130005,36.551868493648556,19.757766753323544,8.890995038995595,175.84412410457955,111.63138215627802,45.442863532644154,62.236965272969165,10.86677171432795,79.03106701329418,64.21274194830151,1.9757766753323545,3.951553350664709,6.91521836366324,3.951553350664709,2.963665012998532,20.74565509098972,0.9878883376661772,8.890995038995595,8.890995038995595,13.83043672732648,3.951553350664709,3.951553350664709,0.0,0.0,0.0,3.951553350664709,0.9878883376661772,0.0,1.9757766753323545,0.9878883376661772,0.0,3.951553350664709,0.0,0.0,0.9878883376661772,0.9878883376661772,0.0,0.0,0.0,21.7335434286559,2.963665012998532
SKAŁACKI,955.8681394871837,48.818597522328076,37.10213411696934,3.905487801786246,5.858231702679369,225.5419205531557,145.47942061653768,67.36966458081275,85.92073163929741,25.3856707116106,102.51905479688897,66.39329263036619,2.9291158513396844,18.55106705848467,13.669207306251861,6.834603653125931,19.527439008931232,23.432926810717476,0.0,41.983993869202145,4.881859752232808,19.527439008931232,5.858231702679369,5.858231702679369,0.0,0.9763719504465616,0.9763719504465616,2.9291158513396844,2.9291158513396844,0.0,6.834603653125931,2.9291158513396844,0.0,0.0,0.9763719504465616,1.952743900893123,0.0,0.9763719504465616,0.0,0.0,0.9763719504465616,2.9291158513396844,3.905487801786246
TARNOPOLSKI,1531.8131137847795,113.8181377783901,89.20021784939081,5.517223655974181,15.063835633074039,297.8424584742945,259.30296353500813,80.27433069484606,151.48304988655767,19.100696273025097,100.67195657689857,97.99385297417126,5.186593581563402,64.28473085342183,22.906115860888608,22.773863831124295,21.135658096721166,33.80083882424728,3.0193797281030235,70.55493136171542,11.912203875206703,25.00720369946683,19.853673125344507,6.990114353171925,0.9844179044069559,6.990114353171925,1.0174809118480337,8.040658272461036,4.955152529475857,0.0,21.069532081839007,9.910305058951714,2.9532537132208674,2.9532537132208674,4.955152529475857,7.908406242696725,4.169112669715369,1.9688358088139117,0.0,7.908406242696725,3.9376716176278235,14.178606750990317,6.923988338289769
TREMBOWELSKI,774.1153653731045,74.42368266031916,61.334556221828834,6.305379709695572,6.632735876669998,194.70509446398637,136.45620977327704,44.9367214287109,66.64696197991225,10.979778438491886,82.53444919890221,47.4729485743222,5.618620700152122,6.973021599235488,9.142632741381634,7.568430762894908,12.195436252337366,8.555774363283872,0.04674628677913241,24.12622735360621,1.3410936906850557,11.511780933428128,5.550398946896777,3.4416005951673454,0.015582095593044137,1.2100973851517838,0.03921014514648259,5.333956021765635,1.1847629224268699,0.0,2.688836057867771,1.304099771037793,0.04674628677913241,0.04674628677913241,0.10153852751865915,0.17191286385123,1.0568703075278079,1.049334165895158,0.0,0.1246567647443531,0.12738280257131748,5.386022224678197,1.446687016394909
ZALESZCZYCKI,584.8322416529772,39.567857933617276,29.917160876637453,2.895209117093947,6.755487939885876,167.92212879144893,103.26245850968411,41.49799734501324,46.32334587350315,13.510975879771753,20.26646381965763,26.056882053845523,19.301394113959645,9.650697056979823,6.755487939885876,1.9301394113959647,11.580836468375788,2.895209117093947,0.0,20.26646381965763,3.8602788227919294,12.545906174073771,7.720557645583859,2.895209117093947,0.0,2.895209117093947,0.0,2.895209117093947,0.0,0.0,4.825348528489911,0.9650697056979823,0.0,0.0,0.0,2.895209117093947,1.9301394113959647,0.9650697056979823,0.0,0.9650697056979823,0.0,8.685627351281841,0.0
ZBARASKI,568.0,98.0,60.0,31.0,7.0,112.0,115.0,23.0,38.0,16.0,46.0,31.0,3.0,15.0,4.0,1.0,14.0,2.0,1.0,17.0,0.0,8.0,5.0,3.0,0.0,2.0,0.0,3.0,0.0,0.0,4.0,2.0,0.0,0.0,1.0,0.0,0.0,0.0,0.0,0.0,0.0,4.0,1.0
ZBOROWSKI,833.0,95.0,67.0,7.0,20.0,190.0,148.0,41.0,63.0,10.0,92.0,67.0,0.0,7.0,14.0,4.0,15.0,19.0,1.0,17.0,1.0,16.0,9.0,1.0,0.0,1.0,0.0,4.0,1.0,0.0,4.0,1.0,1.0,2.0,0.0,2.0,0.0,0.0,0.0,0.0,1.0,6.0,2.0
ZŁOCZOWSKI,1086.8650718816828,75.88369251304354,47.463576400285135,10.188327912615836,9.130380862580195,273.071193651889,140.47764977590887,54.59395726286533,131.9561263255881,9.115894100071284,120.07202042565937,79.8402322255168,9.0,21.130380862580193,8.101407337562373,2.0144867625089105,7.043460287526732,29.275248487669298,0.0,19.275248487669298,2.057947050035642,18.26076172516039,10.101407337562373,6.1303808625801945,0.0,4.028973525017821,2.0724338125445523,6.043460287526732,3.0144867625089105,0.0,8.0,3.0,0.0,11.0,0.0,3.028973525017821,2.028973525017821,0.02897352501782094,0.0,0.01448676250891047,4.014486762508911,23.188327912615836,4.0
KOPYCZYNIECKI,902.017785222394,89.14734752994967,77.64446397769811,3.8342945174171903,6.710015405480083,222.38908201019703,152.4132070673333,75.72731671898951,81.4787584951153,25.881487992566033,68.05872768415513,59.43156501996645,11.502883552251571,12.46145718160587,11.502883552251571,1.9171472587085951,10.544309922897273,11.502883552251571,0.0,25.881487992566033,0.9585736293542976,16.295751699023057,2.875720888062893,4.792868146771488,0.0,1.9171472587085951,0.0,3.8342945174171903,0.9585736293542976,0.0,4.792868146771488,1.9171472587085951,0.0,0.0,0.0,0.0,0.0,0.0,0.0,0.0,0.9585736293542976,2.875720888062893,5.751441776125786
BŁOŃSKI,1724.0,35.0,25.0,0.0,5.0,584.0,73.0,183.0,108.0,35.0,23.0,61.0,38.0,122.0,64.0,72.0,5.0,20.0,2.0,73.0,7.0,25.0,17.0,14.0,0.0,6.0,4.0,10.0,11.0,0.0,28.0,0.0,2.0,5.0,3.0,37.0,3.0,6.0,0.0,3.0,16.0,29.0,1.0
CIECHANOWSKI,715.0,30.0,20.0,4.0,2.0,260.0,27.0,74.0,33.0,15.0,1.0,33.0,7.0,52.0,36.0,16.0,2.0,14.0,1.0,26.0,4.0,13.0,10.0,7.0,1.0,2.0,2.0,2.0,5.0,0.0,8.0,2.0,2.0,2.0,13.0,8.0,3.0,1.0,0.0,2.0,0.0,1.0,4.0
GOSTYNIŃSKI,825.0,52.0,26.0,5.0,19.0,167.0,96.0,64.0,53.0,17.0,9.0,41.0,12.0,58.0,27.0,84.0,7.0,8.0,4.0,17.0,12.0,12.0,12.0,7.0,0.0,2.0,1.0,3.0,3.0,0.0,11.0,1.0,0.0,0.0,14.0,7.0,1.0,3.0,0.0,3.0,5.0,12.0,2.0
GRÓJECKI,1578.0,80.0,54.0,5.0,21.0,520.0,42.0,171.0,105.0,24.0,9.0,86.0,23.0,152.0,72.0,67.0,12.0,14.0,2.0,44.0,2.0,37.0,29.0,27.0,0.0,1.0,0.0,8.0,6.0,0.0,6.0,5.0,2.0,0.0,8.0,6.0,0.0,1.0,0.0,1.0,9.0,7.0,1.0
KUTNOWSKI,1445.0,94.0,66.0,16.0,7.0,377.0,121.0,135.0,72.0,26.0,17.0,67.0,46.0,111.0,48.0,25.0,20.0,9.0,7.0,60.0,21.0,23.0,25.0,19.0,1.0,4.0,0.0,6.0,11.0,0.0,21.0,2.0,4.0,2.0,6.0,32.0,5.0,2.0,0.0,3.0,13.0,10.0,2.0
LIPNOWSKI,923.0,69.0,59.0,1.0,7.0,217.0,110.0,92.0,64.0,22.0,11.0,38.0,36.0,58.0,42.0,31.0,9.0,14.0,1.0,18.0,4.0,12.0,14.0,9.0,0.0,6.0,2.0,6.0,3.0,0.0,8.0,2.0,3.0,2.0,5.0,3.0,0.0,1.0,0.0,6.0,1.0,4.0,5.0
ŁOWICKI,947.0,91.0,53.0,4.0,32.0,257.0,94.0,62.0,72.0,17.0,8.0,30.0,15.0,64.0,24.0,32.0,17.0,6.0,3.0,39.0,11.0,14.0,12.0,13.0,0.0,2.0,1.0,6.0,2.0,0.0,16.0,4.0,4.0,2.0,7.0,4.0,2.0,0.0,0.0,2.0,12.0,2.0,3.0
MAKOWSKI (MAKÓW MAZOWIECKI),734.0,56.0,46.0,3.0,7.0,220.0,39.0,90.0,50.0,12.0,4.0,34.0,15.0,34.0,39.0,35.0,11.0,14.0,0.0,12.0,8.0,14.0,4.0,7.0,0.0,1.0,0.0,3.0,2.0,0.0,7.0,3.0,1.0,0.0,9.0,4.0,0.0,1.0,0.0,1.0,3.0,1.0,1.0
MIŃSKI,1496.0,121.0,23.0,35.0,58.0,410.0,105.0,162.0,116.0,25.0,13.0,85.0,21.0,89.0,51.0,62.0,17.0,20.0,1.0,28.0,13.0,29.0,25.0,12.0,1.0,8.0,2.0,8.0,10.0,0.0,12.0,5.0,2.0,3.0,7.0,14.0,10.0,0.0,0.0,3.0,2.0,4.0,1.0
MŁAWSKI,1136.0,43.0,27.0,4.0,12.0,314.0,108.0,107.0,50.0,13.0,6.0,72.0,12.0,107.0,52.0,66.0,4.0,30.0,3.0,26.0,2.0,16.0,14.0,12.0,1.0,7.0,0.0,7.0,5.0,0.0,10.0,3.0,0.0,4.0,7.0,9.0,3.0,1.0,0.0,4.0,16.0,2.0,5.0
NIESZAWSKI,888.0,41.0,28.0,8.0,4.0,214.0,169.0,98.0,46.0,25.0,6.0,19.0,34.0,60.0,26.0,19.0,9.0,9.0,1.0,28.0,2.0,13.0,5.0,7.0,0.0,3.0,1.0,8.0,5.0,0.0,8.0,2.0,2.0,0.0,9.0,3.0,1.0,2.0,0.0,5.0,4.0,4.0,3.0
PŁOCKI,1495.0,87.0,46.0,3.0,35.0,290.0,179.0,137.0,93.0,26.0,25.0,80.0,32.0,94.0,46.0,33.0,17.0,9.0,4.0,74.0,18.0,26.0,24.0,31.0,2.0,14.0,4.0,10.0,9.0,0.0,25.0,4.0,4.0,4.0,29.0,27.0,7.0,3.0,0.0,7.0,9.0,12.0,13.0
PŁOŃSKI,832.0,53.0,35.0,5.0,12.0,232.0,46.0,80.0,58.0,10.0,5.0,33.0,11.0,59.0,47.0,37.0,6.0,10.0,1.0,39.0,12.0,14.0,12.0,6.0,0.0,5.0,0.0,5.0,3.0,0.0,8.0,4.0,2.0,2.0,6.0,7.0,2.0,1.0,0.0,2.0,2.0,12.0,1.0
PRZASNYCKI,613.0,28.0,23.0,0.0,3.0,153.0,86.0,54.0,59.0,6.0,6.0,26.0,4.0,45.0,18.0,22.0,1.0,15.0,1.0,12.0,8.0,12.0,7.0,4.0,1.0,2.0,0.0,4.0,2.0,0.0,9.0,1.0,1.0,2.0,10.0,4.0,0.0,0.0,0.0,2.0,3.0,5.0,0.0
PUŁTUSKI,1414.0,58.0,36.0,4.0,15.0,502.0,63.0,131.0,94.0,23.0,7.0,58.0,25.0,114.0,73.0,41.0,19.0,6.0,2.0,37.0,8.0,21.0,27.0,27.0,0.0,2.0,2.0,6.0,8.0,0.0,16.0,2.0,5.0,0.0,9.0,4.0,3.0,2.0,0.0,1.0,2.0,16.0,2.0
RADZYMIŃSKI,1127.0,51.0,4.0,14.0,32.0,372.0,110.0,136.0,85.0,14.0,7.0,30.0,24.0,56.0,36.0,28.0,13.0,1.0,0.0,53.0,4.0,12.0,13.0,13.0,1.0,0.0,0.0,6.0,5.0,0.0,15.0,5.0,0.0,1.0,2.0,16.0,0.0,4.0,0.0,1.0,8.0,5.0,0.0
RAWSKI (RAWA MAZOWIECKA),887.0,70.0,57.0,4.0,8.0,272.0,51.0,102.0,56.0,16.0,7.0,39.0,7.0,57.0,41.0,26.0,10.0,16.0,1.0,22.0,4.0,12.0,14.0,15.0,0.0,0.0,0.0,5.0,2.0,0.0,4.0,5.0,6.0,1.0,5.0,3.0,0.0,1.0,0.0,2.0,3.0,12.0,1.0
RYPIŃSKI,864.0,62.0,38.0,11.0,12.0,221.0,69.0,106.0,44.0,15.0,2.0,32.0,15.0,69.0,51.0,58.0,9.0,7.0,5.0,13.0,5.0,10.0,6.0,6.0,0.0,4.0,0.0,3.0,3.0,0.0,4.0,4.0,1.0,1.0,11.0,6.0,1.0,2.0,1.0,4.0,6.0,8.0,1.0
SIERPECKI,1160.0,104.0,70.0,14.0,19.0,219.0,122.0,108.0,44.0,17.0,10.0,53.0,19.0,113.0,75.0,89.0,22.0,18.0,1.0,33.0,11.0,20.0,16.0,15.0,0.0,4.0,1.0,5.0,4.0,0.0,11.0,4.0,2.0,1.0,6.0,7.0,0.0,1.0,0.0,0.0,3.0,2.0,7.0
SKIERNIEWICKI,736.0,26.0,15.0,0.0,6.0,182.0,110.0,76.0,47.0,14.0,1.0,23.0,12.0,56.0,21.0,29.0,8.0,4.0,0.0,14.0,7.0,10.0,8.0,12.0,0.0,4.0,1.0,3.0,3.0,0.0,8.0,5.0,0.0,2.0,1.0,18.0,2.0,2.0,0.0,0.0,2.0,25.0,1.0
SOCHACZEWSKI,714.0,61.0,28.0,5.0,25.0,168.0,137.0,54.0,34.0,14.0,2.0,19.0,12.0,53.0,27.0,21.0,7.0,3.0,2.0,25.0,7.0,9.0,9.0,6.0,0.0,4.0,2.0,3.0,3.0,0.0,6.0,2.0,4.0,1.0,1.0,3.0,0.0,1.0,1.0,2.0,3.0,8.0,1.0
WARSZAWSKI,2646.0,62.0,18.0,8.0,28.0,1148.0,78.0,339.0,181.0,39.0,8.0,35.0,50.0,119.0,25.0,12.0,6.0,7.0,1.0,174.0,6.0,40.0,22.0,50.0,0.0,3.0,0.0,15.0,20.0,0.0,49.0,9.0,0.0,2.0,3.0,58.0,51.0,8.0,0.0,3.0,6.0,17.0,0.0
WŁOCŁAWSKI,1817.0,78.0,61.0,4.0,7.0,440.0,159.0,178.0,124.0,38.0,21.0,81.0,48.0,129.0,76.0,69.0,25.0,13.0,7.0,59.0,19.0,37.0,31.0,34.0,2.0,14.0,3.0,12.0,8.0,0.0,28.0,4.0,3.0,6.0,12.0,21.0,5.0,3.0,0.0,8.0,13.0,9.0,11.0
DUBIEŃSKI,1771.0,176.0,154.0,9.0,10.0,468.0,236.0,145.0,130.0,40.0,41.0,125.0,13.0,50.0,25.0,18.0,32.0,21.0,2.0,40.0,7.0,27.0,22.0,12.0,0.0,7.0,1.0,12.0,19.0,0.0,13.0,7.0,0.0,5.0,8.0,3.0,13.0,0.0,0.0,12.0,5.0,36.0,3.0
HOROCHOWSKI,1071.0,87.0,73.0,5.0,8.0,186.0,255.0,86.0,65.0,16.0,75.0,60.0,6.0,16.0,38.0,21.0,29.0,11.0,0.0,22.0,3.0,19.0,11.0,4.0,1.0,0.0,1.0,5.0,6.0,0.0,5.0,2.0,0.0,2.0,2.0,5.0,1.0,1.0,0.0,6.0,0.0,24.0,0.0
KOWELSKI,2100.0,92.0,65.0,4.0,15.0,613.0,397.0,173.0,138.0,32.0,97.0,76.0,36.0,74.0,39.0,32.0,28.0,7.0,2.0,28.0,9.0,45.0,20.0,32.0,2.0,6.0,3.0,12.0,15.0,0.0,15.0,7.0,0.0,2.0,6.0,9.0,10.0,1.0,0.0,12.0,8.0,22.0,3.0
KRZEMIENIECKI,2128.0,218.0,176.0,30.0,8.0,592.0,283.0,191.0,130.0,46.0,44.0,126.0,9.0,66.0,63.0,14.0,47.0,36.0,1.0,51.0,16.0,29.0,24.0,14.0,2.0,3.0,2.0,10.0,20.0,0.0,30.0,3.0,3.0,7.0,3.0,7.0,16.0,2.0,1.0,5.0,4.0,10.0,3.0
LUBOMELSKI,540.0,56.0,18.0,10.0,6.0,126.0,100.0,41.0,29.0,13.0,30.0,23.0,8.0,8.0,27.0,8.0,5.0,7.0,0.0,3.0,0.0,8.0,7.0,7.0,0.0,0.0,0.0,2.0,2.0,0.0,3.0,1.0,0.0,0.0,3.0,5.0,2.0,1.0,0.0,1.0,2.0,12.0,1.0
ŁUCKI,2581.0,152.0,123.0,10.0,16.0,716.0,328.0,184.0,209.0,34.0,88.0,118.0,29.0,121.0,74.0,31.0,27.0,28.0,3.0,72.0,15.0,38.0,27.0,63.0,3.0,9.0,5.0,14.0,32.0,0.0,33.0,15.0,5.0,9.0,18.0,12.0,11.0,2.0,0.0,20.0,13.0,23.0,10.0
RÓWIEŃSKI,2833.0,250.0,193.0,14.0,33.0,741.0,357.0,231.0,204.0,49.0,71.0,153.0,37.0,121.0,63.0,41.0,32.0,33.0,7.0,92.0,9.0,43.0,37.0,29.0,5.0,8.0,4.0,11.0,35.0,3.0,34.0,9.0,1.0,12.0,14.0,20.0,25.0,2.0,2.0,14.0,15.0,19.0,11.0
WŁODZIMIERSKI,1447.0,158.0,121.0,9.0,11.0,256.0,277.0,86.0,110.0,18.0,82.0,69.0,6.0,100.0,51.0,18.0,24.0,16.0,2.0,36.0,5.0,29.0,15.0,12.0,1.0,1.0,0.0,5.0,13.0,0.0,10.0,8.0,2.0,3.0,4.0,3.0,6.0,0.0,1.0,6.0,3.0,11.0,2.0
KOSTOPOLSKI,1001.0,67.0,28.0,11.0,7.0,227.0,227.0,66.0,90.0,16.0,29.0,62.0,10.0,34.0,16.0,16.0,13.0,8.0,0.0,9.0,6.0,21.0,9.0,5.0,0.0,3.0,1.0,5.0,10.0,0.0,10.0,0.0,0.0,3.0,5.0,4.0,14.0,0.0,0.0,8.0,4.0,3.0,0.0
ZDOŁBUNOWSKI,1087.0,97.0,76.0,5.0,10.0,269.0,195.0,92.0,78.0,23.0,23.0,62.0,8.0,39.0,17.0,5.0,12.0,20.0,0.0,22.0,5.0,19.0,15.0,11.0,1.0,3.0,0.0,5.0,7.0,0.0,22.0,10.0,4.0,0.0,5.0,2.0,5.0,2.0,0.0,5.0,1.0,3.0,0.0
SARNEŃSKI,1035.0,42.0,7.0,3.0,10.0,265.0,211.0,92.0,65.0,35.0,46.0,44.0,30.0,28.0,14.0,9.0,9.0,10.0,2.0,11.0,2.0,22.0,10.0,11.0,1.0,1.0,1.0,5.0,14.0,2.0,12.0,1.0,1.0,3.0,0.0,4.0,9.0,3.0,0.0,4.0,1.0,15.0,1.0
OSZMIAŃSKI,771.0886168613405,83.68403593844005,26.898440123070017,12.951100799996674,17.93229341538001,171.35302596918677,114.56743015381673,43.83449501537336,78.70284332305671,19.924770461533345,3.984954092306669,34.868348307683355,13.947339323073342,42.83825649229669,20.921008984610012,11.954862276920007,6.973669661536671,30.883394215376686,0.9962385230766673,2.988715569230002,0.0,15.939816369226676,5.977431138460004,5.977431138460004,0.0,0.9962385230766673,1.9924770461533345,6.973669661536671,13.947339323073342,0.0,5.977431138460004,2.988715569230002,0.9962385230766673,0.0,2.988715569230002,7.969908184613338,2.988715569230002,0.9962385230766673,0.0,2.988715569230002,1.9924770461533345,6.973669661536671,0.0
ŚWIĘCIAŃSKI,900.0,94.0,37.0,11.0,17.0,126.0,207.0,57.0,88.0,30.0,15.0,30.0,39.0,23.0,7.0,3.0,29.0,24.0,1.0,3.0,0.0,14.0,7.0,4.0,0.0,2.0,0.0,13.0,8.0,0.0,10.0,1.0,0.0,0.0,6.0,31.0,10.0,0.0,0.0,2.0,8.0,8.0,1.0
WILNO (MIASTO),4275.0,109.0,11.0,12.0,42.0,1100.0,280.0,404.0,337.0,65.0,87.0,145.0,28.0,290.0,77.0,76.0,19.0,85.0,16.0,71.0,53.0,77.0,61.0,83.0,31.0,27.0,15.0,24.0,89.0,6.0,152.0,25.0,1.0,19.0,51.0,82.0,74.0,9.0,11.0,47.0,85.0,64.0,32.0
DZIŚNIEŃSKI,1090.0,111.0,64.0,3.0,15.0,232.0,225.0,60.0,77.0,22.0,28.0,59.0,11.0,39.0,10.0,6.0,12.0,46.0,1.0,3.0,0.0,20.0,6.0,45.0,0.0,0.0,1.0,10.0,19.0,0.0,6.0,0.0,1.0,1.0,0.0,14.0,7.0,2.0,0.0,5.0,4.0,7.0,1.0
WILEJSKI,747.0,104.0,41.0,10.0,17.0,142.0,159.0,42.0,62.0,17.0,18.0,36.0,11.0,16.0,7.0,6.0,8.0,19.0,0.0,0.0,0.0,14.0,10.0,6.0,0.0,1.0,0.0,7.0,9.0,0.0,4.0,2.0,3.0,1.0,4.0,9.0,4.0,1.0,0.0,1.0,0.0,24.0,3.0
WILEŃSKO-TROCKI,894.9113831386594,43.31596406155994,9.101559876929981,3.048899200003324,15.067706584619987,173.6469740308132,277.43256984618324,63.16550498462664,136.29715667694327,37.07522953846665,11.015045907693331,20.13165169231664,20.052660676926656,8.161743507703303,2.078991015389985,1.0451377230799914,10.026330338463328,11.116605784623312,0.0037614769233326223,0.011284430769997867,0.0,8.060183630773322,4.0225688615399955,4.0225688615399955,0.0,0.0037614769233326223,0.007522953846665245,16.026330338463328,6.052660676926656,0.0,3.022568861539996,0.011284430769997867,0.0037614769233326223,0.0,5.011284430769998,19.030091815386662,7.011284430769998,0.0037614769233326223,0.0,2.0112844307699977,2.0075229538466655,4.026330338463328,1.0
POSTAWSKI,466.0,49.0,13.0,4.0,11.0,52.0,140.0,19.0,46.0,11.0,12.0,18.0,8.0,14.0,5.0,5.0,5.0,20.0,0.0,2.0,0.0,3.0,7.0,4.0,0.0,0.0,0.0,5.0,6.0,0.0,1.0,1.0,0.0,2.0,0.0,17.0,4.0,0.0,0.0,3.0,4.0,3.0,4.0
MOŁODECZAŃSKI,719.0,64.0,29.0,3.0,2.0,127.0,152.0,63.0,69.0,18.0,4.0,34.0,26.0,23.0,7.0,10.0,14.0,18.0,1.0,1.0,1.0,14.0,14.0,3.0,0.0,2.0,0.0,7.0,11.0,0.0,2.0,2.0,2.0,0.0,1.0,12.0,3.0,0.0,0.0,1.0,3.0,10.0,3.0
