District,Total,1. All types of professional purchasing (total),a. Professional purchasing (agricultural products),b. Professional purchasing (livestock),c. Professional purchasing (plant and animal products),2. Food and colonial goods (exclusively),3. Food products along with non-food items (excluding wine and spirits),"4. Meat, fats, and meat products (exclusively)",5. Catering establishments with and without alcohol,"6. Wine, spirits, and beer (possibly with food and colonial goods)",7. Tobacco monopoly products,8. Textiles,"9. Textiles with clothing, haberdashery, garments, and footwear",10. Ready-made clothing and haberdashery,"11. Garments, garment parts, furs, and fur products",12. Footwear,13. Footwear with leather and shoemaking accessories,14. All types of leather and leather products (excluding footwear),"15. Machinery, tools, and technical goods (excluding agricultural)",16. Building materials and fuels,17. Furniture and all wooden products,"18. Iron, ironware, enameled and aluminum goods (possibly with other goods)","19. Kitchenware, porcelain, faience, glassware, window panes, and mirrors","20. Soap, candles, paints, gasoline, kerosene, mineral oils, lubricants (soap shops)","21. Musical, optical, surgical instruments, photographic equipment and accessories","22. Watchmaking, jewelry, and silver-plated products","23. Electrical equipment, radio equipment, and all lighting accessories",24. Pharmacies,"25. Pharmaceutical warehouses, perfumeries, and cosmetic shops","26. Rubber goods, oilcloth, linoleum, galoshes, tarpaulins, tires, inner tubes, etc.","27. Bookstores, stationery, and paper products (possibly with other goods)","28. Agricultural machinery, tools, and goods",29. Agricultural-commercial syndicates and cooperatives,"30. Banks, exchange offices, and other short- and long-term credit institutions","31. Forwarding, transport, and communication enterprises","32. Other service enterprises (reading rooms, clinics, laundries, bathhouses, garages, dance halls, etc.)","33. Hotels, boarding houses, furnished rooms, lodging houses","34. Theaters, cinemas, and other performances",35. Insurance companies,"36. Offices: commission, trade brokerage, advertising, legal advice, agency, technical, etc.",37. Other enterprises not listed above,38. Cards with no industry/branch specified,ZP. Industrial activities
AUGUSTOWSKI,349.0,19.0,15.0,1.0,2.0,79.0,69.0,27.0,73.0,9.0,1.0,7.0,7.0,6.0,1.0,1.0,9.0,3.0,0.0,1.0,0.0,4.0,5.0,1.0,0.0,2.0,0.0,7.0,3.0,0.0,6.0,1.0,1.0,0.0,3.0,0.0,0.0,2.0,0.0,0.0,0.0,2.0,1.0
BIAŁOSTOCKI,604.0,3.0,1.0,0.0,2.0,158.0,140.0,47.0,79.0,19.0,10.0,27.0,14.0,10.0,2.0,5.0,5.0,8.0,0.0,5.0,1.0,10.0,2.0,5.0,0.0,0.0,0.0,10.0,6.0,0.0,2.0,1.0,1.0,0.0,32.0,0.0,1.0,1.0,0.0,0.0,0.0,0.0,1.0
BIELSKI (BIELSK PODLASKI),1022.0,41.0,29.0,2.0,7.0,382.0,105.0,111.0,98.0,17.0,13.0,36.0,23.0,34.0,7.0,9.0,11.0,15.0,1.0,8.0,8.0,24.0,10.0,7.0,0.0,0.0,1.0,14.0,11.0,0.0,15.0,4.0,0.0,0.0,5.0,0.0,1.0,2.0,0.0,5.0,1.0,3.0,0.0
GRODZIEŃSKI,1385.0,39.0,26.0,0.0,6.0,369.0,241.0,114.0,177.0,12.0,12.0,61.0,6.0,71.0,14.0,12.0,3.0,18.0,0.0,22.0,3.0,34.0,14.0,19.0,3.0,4.0,1.0,12.0,25.0,13.0,26.0,1.0,5.0,0.0,14.0,11.0,3.0,0.0,0.0,19.0,4.0,3.0,14.0
ŁOMŻYŃSKI,837.4545996178626,27.72613022801655,18.23567813680993,2.326968060804413,4.0,249.0680049424684,100.39497300327281,76.65393612160882,111.870518440832,14.163484030402206,5.0,24.653936121608826,12.326968060804413,33.74522604560331,11.163484030402206,10.74522604560331,10.581742015201103,7.74522604560331,4.0,17.163484030402206,5.0,25.399162167212136,8.581742015201103,13.163484030402206,0.0,7.0,0.5817420152011032,9.326968060804413,8.163484030402206,0.0,17.74522604560331,1.5817420152011032,1.5817420152011032,0.0,9.74522604560331,0.0,1.0,2.0,0.0,5.0,4.0,0.5817420152011032,2.5817420152011032
OSTROŁĘCKI,538.5454003821375,10.273869771983453,5.764321863190071,1.6730319391955872,2.0,185.9319950575316,69.60502699672719,17.346063878391174,91.12948155916801,3.8365159695977935,2.0,16.346063878391174,20.67303193919559,24.25477395439669,1.8365159695977935,3.2547739543966907,6.418257984798897,8.25477395439669,0.0,6.8365159695977935,1.0,17.600837832787864,7.418257984798897,1.8365159695977935,1.0,4.0,1.4182579847988968,7.673031939195587,3.8365159695977935,0.0,8.25477395439669,3.4182579847988968,2.4182579847988968,0.0,2.2547739543966907,1.0,1.0,1.0,0.0,2.0,0.0,3.4182579847988968,0.4182579847988968
OSTROWSKI (OSTRÓW MAZOWIECKA),475.0,6.0,3.0,0.0,3.0,146.0,80.0,52.0,56.0,3.0,6.0,13.0,10.0,15.0,1.0,4.0,9.0,1.0,0.0,10.0,0.0,11.0,3.0,10.0,0.0,4.0,0.0,9.0,3.0,0.0,6.0,0.0,2.0,0.0,2.0,0.0,0.0,0.0,1.0,2.0,0.0,10.0,1.0
SOKÓLSKI,473.0,14.0,12.0,0.0,2.0,83.0,133.0,40.0,78.0,11.0,5.0,18.0,20.0,8.0,2.0,3.0,5.0,7.0,0.0,4.0,2.0,8.0,3.0,5.0,0.0,1.0,0.0,7.0,6.0,0.0,2.0,0.0,1.0,0.0,3.0,0.0,0.0,1.0,0.0,0.0,0.0,3.0,1.0
SUWALSKI,622.0,31.0,19.0,0.0,8.0,145.0,126.0,39.0,104.0,10.0,10.0,18.0,13.0,25.0,7.0,12.0,1.0,11.0,0.0,4.0,0.0,13.0,8.0,10.0,0.0,3.0,1.0,3.0,0.0,0.0,7.0,0.0,0.0,0.0,2.0,1.0,2.0,1.0,0.0,5.0,4.0,6.0,4.0
SZCZUCZYŃSKI (WOJ. BIAŁOSTOCKIE),402.0,14.0,11.0,0.0,2.0,76.0,102.0,52.0,37.0,10.0,1.0,18.0,16.0,9.0,9.0,2.0,6.0,4.0,1.0,8.0,1.0,6.0,2.0,6.0,0.0,2.0,0.0,2.0,1.0,0.0,8.0,2.0,0.0,0.0,3.0,0.0,0.0,1.0,0.0,0.0,0.0,3.0,2.0
WOŁKOWYSKI,729.0,32.0,27.0,0.0,2.0,206.0,103.0,70.0,89.0,8.0,7.0,37.0,16.0,13.0,10.0,11.0,9.0,6.0,0.0,9.0,0.0,22.0,7.0,5.0,0.0,4.0,1.0,11.0,13.0,0.0,11.0,0.0,4.0,0.0,6.0,1.0,4.0,0.0,0.0,1.0,1.0,12.0,2.0
WYSOKOMAZOWIECKI,542.0,18.0,9.0,1.0,7.0,130.0,106.0,57.0,66.0,14.0,7.0,31.0,14.0,10.0,2.0,4.0,13.0,5.0,0.0,10.0,1.0,11.0,2.0,7.0,0.0,0.0,0.0,6.0,3.0,0.0,5.0,3.0,4.0,0.0,5.0,0.0,1.0,1.0,0.0,2.0,1.0,3.0,0.0
BIAŁYSTOK (MIASTO),1283.0,27.0,2.0,0.0,9.0,365.0,73.0,130.0,149.0,23.0,21.0,48.0,12.0,88.0,21.0,26.0,16.0,16.0,5.0,33.0,14.0,37.0,14.0,22.0,4.0,12.0,4.0,2.0,20.0,2.0,32.0,0.0,3.0,1.0,4.0,8.0,6.0,2.0,0.0,19.0,22.0,2.0,18.0
BĘDZIŃSKI,1768.0,25.0,5.0,3.0,6.0,418.0,394.0,245.0,183.0,15.0,31.0,63.0,13.0,69.0,37.0,30.0,31.0,2.0,4.0,21.0,14.0,29.0,12.0,23.0,2.0,6.0,1.0,13.0,10.0,0.0,24.0,13.0,1.0,0.0,9.0,3.0,1.0,3.0,1.0,7.0,9.0,6.0,1.0
CZĘSTOCHOWSKI,342.0,3.0,0.0,3.0,0.0,69.0,138.0,16.0,28.0,18.0,0.0,5.0,8.0,3.0,2.0,6.0,4.0,1.0,0.0,3.0,0.0,8.0,1.0,3.0,0.0,0.0,0.0,7.0,1.0,0.0,0.0,5.0,0.0,0.0,8.0,0.0,1.0,0.0,0.0,1.0,0.0,3.0,0.0
IŁŻECKI,500.0,14.0,10.0,0.0,0.0,77.0,172.0,29.0,51.0,15.0,22.0,20.0,9.0,19.0,3.0,6.0,4.0,3.0,0.0,1.0,2.0,16.0,1.0,2.0,0.0,0.0,2.0,9.0,2.0,0.0,6.0,0.0,1.0,0.0,6.0,2.0,2.0,0.0,0.0,2.0,1.0,1.0,0.0
JĘDRZEJOWSKI,387.71562274337447,13.127449263334444,6.103552526459237,3.0159311579168055,4.0079655789584026,50.828420211673894,131.94360126585028,19.262864105627294,23.262864105627294,10.08762136854243,18.095586947500834,19.135414842292846,4.087621368542431,9.055759052708819,2.0238967368752085,5.031862315833611,11.055759052708819,4.087621368542431,0.007965578958402796,19.17524273708486,0.01593115791680559,7.103552526459237,1.0238967368752083,4.031862315833611,0.0,1.0,0.007965578958402796,7.047793473750417,3.031862315833611,0.0,7.0238967368752085,2.0159311579168055,3.0159311579168055,0.0,1.0716902106256252,0.0,2.0,1.0,0.0,3.007965578958403,0.0,5.047793473750417,1.0159311579168055
KIELECKI,782.0,7.0,1.0,0.0,3.0,138.0,140.0,36.0,102.0,26.0,13.0,39.0,8.0,46.0,12.0,30.0,9.0,9.0,3.0,33.0,6.0,16.0,4.0,20.0,2.0,7.0,4.0,8.0,7.0,0.0,18.0,2.0,4.0,0.0,1.0,6.0,4.0,2.0,0.0,8.0,5.0,7.0,1.0
KONECKI,560.0,7.0,1.0,1.0,0.0,118.0,105.0,36.0,69.0,16.0,5.0,30.0,23.0,25.0,9.0,12.0,5.0,9.0,1.0,7.0,2.0,15.0,7.0,11.0,0.0,1.0,1.0,8.0,7.0,0.0,9.0,0.0,2.0,0.0,5.0,0.0,0.0,3.0,0.0,1.0,0.0,11.0,0.0
KOZIENICKI,354.0,10.0,5.0,2.0,3.0,64.0,71.0,6.0,85.0,19.0,3.0,17.0,18.0,12.0,0.0,1.0,1.0,5.0,1.0,3.0,1.0,7.0,3.0,3.0,0.0,0.0,1.0,7.0,4.0,0.0,3.0,2.0,2.0,0.0,1.0,0.0,0.0,1.0,0.0,0.0,0.0,3.0,0.0
MIECHOWSKI,587.2843772566256,15.872550736665556,12.896447473540764,1.9840688420831945,0.9920344210415972,103.17157978832611,242.05639873414972,32.737135894372706,32.737135894372706,10.91237863145757,11.904413052499166,16.864585157707154,10.91237863145757,6.94424094729118,2.9761032631247915,3.968137684166389,6.94424094729118,10.91237863145757,0.9920344210415972,21.82475726291514,1.9840688420831945,12.896447473540764,2.9761032631247915,3.968137684166389,0.0,0.0,0.9920344210415972,5.952206526249583,3.968137684166389,0.0,2.9761032631247915,1.9840688420831945,1.9840688420831945,0.0,8.928309789374374,0.0,0.0,0.0,0.0,0.9920344210415972,0.0,5.952206526249583,1.9840688420831945
OLKUSKI,603.0,5.0,1.0,0.0,2.0,45.0,237.0,40.0,59.0,15.0,5.0,36.0,5.0,19.0,1.0,4.0,9.0,16.0,0.0,8.0,1.0,19.0,3.0,10.0,0.0,1.0,0.0,10.0,4.0,0.0,8.0,3.0,5.0,5.0,12.0,0.0,1.0,3.0,0.0,1.0,0.0,13.0,3.0
OPATOWSKI,585.0,11.0,6.0,3.0,2.0,83.0,95.0,12.0,75.0,25.0,18.0,57.0,10.0,43.0,6.0,21.0,4.0,10.0,1.0,26.0,7.0,19.0,4.0,10.0,0.0,2.0,4.0,6.0,4.0,0.0,10.0,3.0,5.0,0.0,4.0,0.0,2.0,1.0,0.0,0.0,1.0,6.0,3.0
OPOCZYŃSKI,390.0,9.0,1.0,0.0,4.0,46.0,172.0,24.0,41.0,14.0,5.0,17.0,6.0,7.0,0.0,0.0,2.0,6.0,0.0,5.0,1.0,8.0,3.0,7.0,0.0,0.0,0.0,6.0,4.0,0.0,2.0,0.0,1.0,0.0,3.0,0.0,0.0,0.0,0.0,0.0,0.0,1.0,0.0
PIŃCZOWSKI,604.0,9.0,5.0,0.0,4.0,39.0,237.0,43.0,53.0,9.0,20.0,37.0,18.0,14.0,1.0,9.0,11.0,15.0,0.0,39.0,0.0,13.0,5.0,1.0,0.0,1.0,0.0,9.0,3.0,0.0,5.0,0.0,3.0,0.0,5.0,0.0,0.0,1.0,0.0,0.0,0.0,4.0,2.0
RADOMSKI,831.6177537427977,9.864979285205193,7.891983428164154,0.0,1.9729958570410384,183.48861470481657,116.40675556542126,57.21687985419011,120.35274727950335,14.797468927807788,19.729958570410385,28.608439927095056,11.837975142246231,48.338398497505445,10.851477213725712,11.837975142246231,2.9594937855615577,17.756962713369347,2.9594937855615577,33.54092956969765,5.9189875711231155,8.878481356684674,6.905485499643635,25.6489461415335,4.932489642602596,8.878481356684674,2.9594937855615577,6.905485499643635,6.905485499643635,0.0,32.55443164117713,2.9594937855615577,2.9594937855615577,0.0,2.9594937855615577,2.9594937855615577,0.0,0.0,0.0,3.945991714082077,2.9594937855615577,11.837975142246231,6.905485499643635
SANDOMIERSKI,512.0,11.0,6.0,1.0,4.0,77.0,112.0,31.0,48.0,11.0,17.0,40.0,8.0,25.0,0.0,19.0,17.0,16.0,0.0,13.0,0.0,19.0,6.0,4.0,0.0,3.0,2.0,5.0,5.0,0.0,7.0,2.0,4.0,0.0,9.0,1.0,0.0,0.0,0.0,0.0,0.0,0.0,1.0
STOPNICKI,383.0,21.0,8.0,2.0,10.0,45.0,83.0,14.0,58.0,15.0,4.0,31.0,9.0,12.0,2.0,1.0,11.0,4.0,1.0,18.0,1.0,17.0,1.0,7.0,0.0,0.0,1.0,7.0,3.0,0.0,2.0,2.0,0.0,0.0,9.0,0.0,0.0,0.0,0.0,1.0,0.0,3.0,0.0
WŁOSZCZOWSKI,291.0,6.0,4.0,0.0,0.0,51.0,117.0,4.0,23.0,13.0,2.0,14.0,5.0,12.0,0.0,2.0,7.0,6.0,0.0,3.0,0.0,6.0,1.0,2.0,0.0,0.0,1.0,4.0,2.0,0.0,2.0,1.0,2.0,0.0,0.0,0.0,0.0,1.0,0.0,0.0,0.0,4.0,0.0
ZAWIERCIAŃSKI,568.0,8.0,2.0,0.0,3.0,139.0,133.0,31.0,56.0,9.0,7.0,17.0,15.0,23.0,10.0,14.0,8.0,4.0,1.0,11.0,1.0,14.0,8.0,10.0,0.0,2.0,2.0,8.0,10.0,0.0,13.0,1.0,0.0,6.0,1.0,1.0,1.0,2.0,0.0,0.0,1.0,1.0,2.0
CZĘSTOCHOWA (MIASTO),1068.0,15.0,5.0,3.0,2.0,233.0,173.0,118.0,90.0,19.0,14.0,36.0,20.0,56.0,32.0,22.0,15.0,7.0,4.0,32.0,10.0,28.0,12.0,16.0,3.0,9.0,3.0,8.0,11.0,0.0,30.0,6.0,0.0,1.0,13.0,5.0,2.0,2.0,0.0,8.0,6.0,9.0,10.0
SOSNOWIEC,1037.0,26.0,7.0,0.0,5.0,259.0,151.0,106.0,124.0,13.0,20.0,34.0,24.0,54.0,30.0,27.0,12.0,4.0,5.0,10.0,2.0,20.0,9.0,16.0,0.0,8.0,1.0,9.0,7.0,0.0,21.0,4.0,0.0,0.0,3.0,5.0,4.0,1.0,0.0,13.0,5.0,10.0,2.0
RADOM (MIASTO),11.38224625720229,0.1350207147948077,0.10801657183584618,0.0,0.027004142958961544,2.5113852951834237,1.593244434578731,0.7831201458098848,1.6472527204966543,0.2025310721922116,0.2700414295896154,0.3915600729049424,0.16202485775376926,0.6616015024945578,0.1485227862742885,0.16202485775376926,0.040506214438442316,0.24303728663065388,0.040506214438442316,0.45907043030234623,0.08101242887688463,0.12151864331532694,0.09451450035636541,0.35105385846650006,0.06751035739740385,0.12151864331532694,0.040506214438442316,0.09451450035636541,0.09451450035636541,0.0,0.4455683588228655,0.040506214438442316,0.040506214438442316,0.0,0.040506214438442316,0.040506214438442316,0.0,0.0,0.0,0.05400828591792309,0.040506214438442316,0.16202485775376926,0.09451450035636541
BIALSKI (BIAŁA KRAKOWSKA),952.8789813382377,23.83102287076133,7.65447733968862,7.0,3.132409148304532,279.2068191384089,131.58134137782034,82.83859127259537,155.41236424858167,21.30895467937724,16.83102287076133,43.5737729759863,19.48550021044995,26.17654553107271,10.65447733968862,3.610340956920443,7.566204574152266,4.610340956920443,4.044136382768177,11.176545531072708,3.566204574152266,3.610340956920443,2.5220681913840886,12.610340956920442,1.0,6.088272765536354,6.044136382768177,7.088272765536354,1.5220681913840886,1.0,11.610340956920442,2.0,0.0,0.0,2.044136382768177,2.0,9.522068191384088,2.044136382768177,0.0,3.566204574152266,2.0,31.132409148304532,3.0
BOCHEŃSKI,517.0,7.0,3.0,3.0,1.0,110.0,114.0,21.0,103.0,23.0,3.0,25.0,14.0,12.0,8.0,2.0,10.0,5.0,0.0,10.0,5.0,9.0,4.0,2.0,0.0,3.0,0.0,6.0,2.0,0.0,5.0,0.0,1.0,0.0,4.0,2.0,0.0,0.0,0.0,0.0,1.0,6.0,0.0
BRZESKI (BRZESKO),374.0,7.0,2.0,0.0,5.0,72.0,79.0,40.0,64.0,19.0,15.0,10.0,6.0,9.0,2.0,2.0,6.0,2.0,0.0,15.0,1.0,2.0,1.0,2.0,0.0,1.0,0.0,5.0,1.0,0.0,1.0,3.0,2.0,0.0,0.0,0.0,0.0,1.0,0.0,0.0,0.0,6.0,0.0
CHRZANOWSKI,1022.0,31.0,6.0,9.0,5.0,238.0,137.0,80.0,177.0,66.0,20.0,39.0,25.0,37.0,26.0,11.0,8.0,4.0,4.0,16.0,9.0,21.0,8.0,11.0,1.0,4.0,4.0,7.0,5.0,0.0,8.0,0.0,0.0,0.0,12.0,3.0,1.0,4.0,0.0,0.0,0.0,5.0,1.0
DĄBROWSKI,123.0,6.0,5.0,0.0,0.0,19.0,18.0,3.0,23.0,24.0,2.0,5.0,1.0,0.0,0.0,0.0,2.0,0.0,0.0,4.0,0.0,3.0,0.0,1.0,0.0,0.0,0.0,3.0,0.0,0.0,2.0,0.0,2.0,0.0,1.0,0.0,0.0,0.0,0.0,0.0,0.0,4.0,0.0
GORLICKI,400.3682464678303,3.843252137133148,1.0,0.2810840457110494,2.562168091422099,81.17853846839667,63.24336182844198,19.21626068566574,112.96227778273092,10.654092594243643,1.1243361828441976,18.21626068566574,1.405420228555247,6.281084045711049,6.405420228555247,2.2810840457110495,5.843252137133148,1.2810840457110495,3.0,3.562168091422099,2.2810840457110495,10.124336182844198,5.0,8.281084045711049,0.0,5.0,0.0,3.843252137133148,2.0,0.0,4.281084045711049,3.1243361828441976,3.2810840457110495,0.0,0.0,1.2810840457110495,1.2810840457110495,1.0,0.0,0.0,0.0,9.091924502821543,0.0
JASIELSKI,397.17814407575605,11.841779759460822,1.0064800983137494,2.4144097814166616,7.420889879730411,85.80958826269227,73.13861551887905,23.019440294941248,70.28387556279074,26.674919387836646,4.420889879730411,15.659799158437897,6.828819562833323,7.837459693918323,6.423049912501661,6.010800163856249,5.245389377021235,3.4144097814166616,0.0021600327712497937,4.0,2.0021600327712497,9.6468389618104,2.0021600327712497,3.4187298469591614,1.0,1.0021600327712499,0.0,4.826659530062074,2.0,0.0,3.4144097814166616,1.0043200655424995,2.4144097814166616,0.0,1.0064800983137494,1.0021600327712499,1.4100897158741623,2.0,0.0,0.0,0.0,8.41656981418791,2.0
KRAKOWSKI,684.5902629577341,6.446222718996758,2.630815145997838,0.0,2.815407572998919,196.50874835795028,123.90844990896433,53.38518932497298,158.47823166093838,40.41570602198487,4.815407572998919,9.523260583991352,8.077037864994596,8.338668156990272,2.4462227189967574,5.261630291995676,5.261630291995676,1.6308151459978382,0.8154075729989191,17.523260583991352,1.815407572998919,2.630815145997838,0.8154075729989191,4.446222718996758,0.0,0.0,0.0,5.630815145997838,4.630815145997838,0.0,0.8154075729989191,1.6308151459978382,2.815407572998919,0.0,1.815407572998919,0.8154075729989191,1.0,0.0,0.0,0.0,0.0,12.892445437993516,1.6308151459978382
KRAKÓW (MIASTO),2452.0,61.0,18.0,5.0,17.0,610.0,64.0,153.0,310.0,26.0,16.0,120.0,28.0,269.0,53.0,24.0,20.0,36.0,36.0,66.0,36.0,71.0,15.0,54.0,15.0,31.0,11.0,20.0,40.0,1.0,71.0,8.0,4.0,4.0,10.0,31.0,9.0,2.0,0.0,33.0,50.0,44.0,1.0
LIMANOWSKI,185.0,3.0,0.0,0.0,0.0,31.0,53.0,7.0,43.0,15.0,0.0,9.0,1.0,3.0,1.0,0.0,5.0,0.0,0.0,0.0,0.0,2.0,1.0,2.0,0.0,0.0,0.0,3.0,0.0,0.0,1.0,4.0,0.0,0.0,0.0,0.0,0.0,1.0,0.0,0.0,0.0,0.0,0.0
MIELECKI,182.047603488082,5.968773884855148,2.984386942427574,0.9947956474758579,1.9895912949517158,27.854278129324022,22.88029989194473,2.984386942427574,55.708556258648045,13.927139064662011,2.984386942427574,4.973978237379289,7.958365179806863,2.984386942427574,1.9895912949517158,0.0,0.9947956474758579,0.9947956474758579,0.9947956474758579,2.984386942427574,0.9947956474758579,4.973978237379289,0.9947956474758579,1.9895912949517158,0.0,1.9895912949517158,0.0,2.984386942427574,0.9947956474758579,0.0,2.984386942427574,1.9895912949517158,0.9947956474758579,0.0,0.0,0.0,0.0,0.0,0.0,0.0,0.9947956474758579,3.9791825899034317,0.9947956474758579
MYŚLENICKI,431.7741384769265,8.143675049033373,0.36918485400216183,2.717979553606026,2.184592427001081,89.97952579506365,98.5798242440496,17.35864710387523,103.95893003690868,24.48206906768142,0.543582203804094,11.630678076826726,5.512859903035535,8.09729095022178,6.348726165018308,1.7383697080043237,5.456349261610351,5.164133738017227,0.543582203804094,2.9126985232206994,0.18459242700108092,5.164133738017227,0.18459242700108092,4.707715941821322,0.0,0.0,0.0,5.164133738017227,2.446154184411201,0.0,1.902571980607107,3.369184854002162,0.18459242700108092,0.0,3.184592427001081,1.2615617574101203,3.230907991227118,2.3589897768030132,0.0,0.7179795536060262,0.0,7.261493222824564,4.369184854002162
NOWOSĄDECKI,932.4175116233515,11.669225043100674,1.0,0.556408347700225,8.11281669540045,206.04605077581215,137.256333908009,60.34612521550338,155.69992556030877,36.23330852010292,8.2256333908009,45.34612521550338,20.782041738501125,31.556408347700224,16.782041738501125,16.556408347700224,9.669225043100674,4.556408347700225,4.0,7.11281669540045,8.556408347700225,16.2256333908009,7.0,21.556408347700224,3.0,10.0,3.0,8.669225043100674,8.0,1.0,11.556408347700225,7.225633390800899,0.556408347700225,0.0,4.0,5.556408347700225,29.556408347700224,2.0,0.0,1.0,3.0,9.120491824702475,3.0
NOWOTARSKI,753.9517011896386,8.53271878379655,1.0,0.3065437567593099,2.0,135.8823033649555,91.8823033649555,24.45235005407448,161.5682940271317,41.37198132435241,6.153271878379655,11.919631270277929,12.53271878379655,30.61308751351862,8.766359391898275,1.0,5.30654375675931,1.7663593918982747,0.15327187837965495,4.61308751351862,4.0,9.766359391898275,3.0,12.919631270277929,5.0,4.0,1.0,8.766359391898275,5.459815635138964,0.0,6.30654375675931,0.0,0.0,1.0,5.0,3.459815635138965,121.3794469054169,0.15327187837965495,0.0,5.30654375675931,5.0,5.91963127027793,1.0
ROPCZYCKI,328.82185592424395,11.15822024053918,2.993519901686251,2.5855902185833384,5.57911012026959,86.19041173730773,66.86138448112095,8.980559705058752,49.716124437209274,18.325080612163358,5.57911012026959,11.340200841562103,5.171180437166677,9.162540306081679,6.57695008749834,4.989199836143752,8.754610622978765,2.5855902185833384,0.9978399672287503,0.0,0.9978399672287503,5.353161038189603,0.9978399672287503,4.5812701530408395,0.0,0.9978399672287503,0.0,4.173340469937926,0.0,0.0,2.5855902185833384,1.9956799344575007,2.5855902185833384,0.0,2.993519901686251,0.9978399672287503,0.5899102841258378,0.0,0.0,0.0,0.0,3.5834301858120887,0.0
TARNOWSKI,706.2142419088182,20.487522819766177,4.0,1.1625076065887257,11.325015213177451,143.7754107557912,84.50030426354903,21.437614098830885,103.33779665696031,22.112598885653433,7.650030426354903,61.437614098830885,10.812538032943628,49.162507606588726,21.81253803294363,7.162507606588726,9.487522819766177,11.162507606588726,5.0,11.325015213177451,7.162507606588726,8.650030426354903,9.0,11.162507606588726,4.0,10.0,3.0,7.487522819766177,2.0,2.0,15.162507606588726,5.650030426354903,1.1625076065887257,0.0,2.0,3.1625076065887257,2.1625076065887257,0.0,0.0,2.0,6.0,13.787583672475982,5.0
WADOWICKI,788.5829197191995,20.27869022746132,4.34552266031138,4.621942619644529,5.867590851695469,154.87214385897192,169.49762161956045,47.13694968456087,208.08728315684402,23.53241413671258,12.479948439060935,22.292054882947284,24.624212887772696,8.06733970821635,5.900379209422702,2.3896590430795572,9.055738045492264,4.94451559219088,1.2668349270540875,8.06733970821635,7.433795425847734,7.94451559219088,2.4779318086159114,9.255486902013145,0.0,3.911727234463646,0.9558636172318229,6.466583783574968,3.410845738082705,0.0,4.011601662724086,1.0,1.0,1.0,0.9558636172318229,0.9329139294667936,4.276673597016293,2.2668349270540875,0.0,2.0557380454922636,0.0,6.733418710629056,0.0
ŻYWIECKI,647.2219963182637,10.767670349950674,0.0,2.353534069990135,2.0,174.5504594846498,136.5504594846498,41.828272559921075,156.49489686959552,22.88887476989148,0.17676703499506732,13.060602209970405,7.767670349950674,11.707068139980269,1.8838351749753366,5.0,4.353534069990134,2.883835174975337,0.17676703499506732,2.707068139980269,2.0,0.8838351749753366,2.0,7.060602209970404,0.0,4.0,1.0,4.883835174975337,2.530301104985202,0.0,8.353534069990134,1.0,1.0,0.0,6.0,2.530301104985202,3.590903314955606,0.17676703499506732,0.0,0.35353406999013465,2.0,5.060602209970404,0.0
BIALSKI (BIAŁA PODLASKA),692.6011337733621,12.5110124183302,8.387814080016364,0.5615991691569184,2.5572939312030916,151.58619687058734,147.41986734189857,81.67710633398598,81.4119131345555,6.181818107320272,20.387814080016362,34.12692611853973,9.24904835223436,33.152757546262684,3.017220951815307,6.0,10.316278597148447,3.021526189769134,0.004305237953826805,6.646050365886314,2.0,15.396424555924018,7.6245241761171805,9.123198338313838,1.0043052379538269,1.0043052379538269,0.0,8.164597155504964,3.5486834552954383,0.0,7.557293931203092,4.611608462255699,1.0086104759076535,0.0,11.214606448603746,0.004305237953826805,0.0,1.0,0.0,5.535767741433958,2.0129157138614806,5.080145958775569,1.0
BIŁGORAJSKI,426.0,6.0,0.0,0.0,5.0,58.0,121.0,15.0,62.0,15.0,21.0,28.0,7.0,12.0,4.0,5.0,12.0,7.0,0.0,6.0,9.0,11.0,2.0,3.0,1.0,2.0,0.0,6.0,3.0,0.0,3.0,1.0,0.0,0.0,0.0,0.0,0.0,1.0,0.0,1.0,0.0,4.0,0.0
CHEŁMSKI,833.0,28.0,22.0,3.0,1.0,115.0,241.0,60.0,75.0,7.0,24.0,56.0,10.0,44.0,12.0,19.0,11.0,13.0,2.0,27.0,4.0,20.0,5.0,11.0,2.0,4.0,0.0,6.0,6.0,0.0,12.0,3.0,1.0,0.0,2.0,4.0,2.0,0.0,0.0,5.0,1.0,1.0,4.0
GARWOLIŃSKI,621.0,12.0,2.0,4.0,5.0,144.0,187.0,32.0,85.0,18.0,5.0,13.0,19.0,17.0,0.0,0.0,3.0,5.0,0.0,11.0,1.0,19.0,3.0,7.0,1.0,1.0,0.0,10.0,3.0,0.0,11.0,2.0,3.0,0.0,2.0,0.0,0.0,3.0,0.0,0.0,0.0,4.0,0.0
HRUBIESZOWSKI,684.0,18.0,12.0,2.0,2.0,132.0,179.0,21.0,37.0,15.0,29.0,62.0,20.0,15.0,26.0,17.0,10.0,14.0,1.0,8.0,3.0,21.0,9.0,5.0,0.0,3.0,2.0,8.0,2.0,0.0,6.0,2.0,4.0,0.0,2.0,3.0,2.0,1.0,0.0,2.0,1.0,4.0,1.0
JANOWSKI,719.0,7.0,4.0,0.0,1.0,138.0,201.0,46.0,81.0,8.0,40.0,33.0,15.0,23.0,6.0,11.0,8.0,5.0,0.0,11.0,3.0,19.0,5.0,13.0,0.0,3.0,0.0,7.0,3.0,0.0,11.0,1.0,2.0,0.0,3.0,0.0,0.0,1.0,0.0,0.0,2.0,13.0,0.0
KRASNOSTAWSKI,722.0,24.0,14.0,6.0,2.0,44.0,222.0,27.0,59.0,40.0,23.0,52.0,20.0,87.0,7.0,15.0,13.0,11.0,0.0,6.0,0.0,17.0,9.0,7.0,0.0,0.0,0.0,8.0,3.0,0.0,4.0,1.0,2.0,1.0,7.0,0.0,0.0,1.0,1.0,0.0,2.0,9.0,0.0
LUBARTOWSKI,371.0,14.0,6.0,4.0,4.0,58.0,117.0,14.0,39.0,25.0,4.0,22.0,12.0,11.0,1.0,4.0,3.0,3.0,0.0,3.0,0.0,12.0,5.0,5.0,0.0,1.0,0.0,7.0,2.0,0.0,4.0,1.0,1.0,0.0,1.0,0.0,0.0,1.0,0.0,0.0,0.0,1.0,0.0
LUBELSKI,392.0,12.0,8.0,2.0,2.0,53.0,147.0,2.0,53.0,34.0,3.0,16.0,8.0,6.0,0.0,1.0,5.0,4.0,0.0,11.0,0.0,8.0,1.0,1.0,0.0,0.0,0.0,8.0,2.0,0.0,1.0,1.0,5.0,0.0,6.0,0.0,1.0,0.0,0.0,0.0,0.0,3.0,0.0
ŁUKOWSKI,438.0,17.0,7.0,6.0,3.0,91.0,122.0,12.0,61.0,16.0,3.0,9.0,20.0,13.0,1.0,2.0,9.0,2.0,0.0,5.0,3.0,14.0,6.0,3.0,0.0,0.0,0.0,6.0,2.0,0.0,7.0,0.0,3.0,0.0,1.0,0.0,0.0,0.0,0.0,2.0,0.0,8.0,1.0
PUŁAWSKI,758.0,8.0,4.0,1.0,2.0,124.0,181.0,58.0,95.0,33.0,24.0,35.0,11.0,40.0,2.0,4.0,7.0,13.0,4.0,23.0,2.0,17.0,8.0,9.0,0.0,5.0,3.0,12.0,6.0,0.0,15.0,1.0,4.0,0.0,0.0,0.0,2.0,2.0,0.0,0.0,0.0,10.0,0.0
RADZYŃSKI,382.34678862573054,18.918200478877292,6.969863334323213,5.97416857227704,4.9784738102308665,68.70293858118595,87.62113906006324,23.89667428910816,36.84070619570841,8.961252858415559,6.969863334323213,20.909590002969637,7.965558096369386,26.883758575246677,3.982779048184693,0.0,6.969863334323213,4.9784738102308665,0.9956947620461732,8.961252858415559,0.0,8.961252858415559,3.982779048184693,11.94833714455408,0.9956947620461732,0.9956947620461732,0.0,4.9784738102308665,2.98708428613852,0.0,4.9784738102308665,0.9956947620461732,1.9913895240923465,0.0,0.0,0.9956947620461732,0.0,0.0,0.0,0.0,2.98708428613852,1.9913895240923465,0.0
SIEDLECKI,882.0804457107033,30.439130797039887,14.53260899753324,8.453260899753325,6.453260899753324,198.00869758421274,168.87282907557906,91.94347958914625,90.20978408791288,10.813043599013296,20.532608997533238,30.79891349629986,14.719565398519943,51.79891349629986,3.0,2.0,21.626087198026593,10.0,2.0,20.359782699259974,4.0,17.532608997533238,12.359782699259972,17.90652179950665,1.0,5.0,4.0,4.813043599013296,5.453260899753324,1.0,19.453260899753325,4.359782699259972,1.0,0.0,2.7195653985199435,0.0,4.0,1.0,0.0,2.453260899753324,5.0,1.906521799506648,1.0
SOKOŁOWSKI,407.0,17.0,9.0,1.0,4.0,83.0,102.0,39.0,26.0,6.0,9.0,20.0,3.0,23.0,0.0,5.0,5.0,9.0,1.0,16.0,2.0,5.0,4.0,5.0,0.0,1.0,0.0,7.0,0.0,0.0,4.0,3.0,2.0,0.0,2.0,1.0,0.0,0.0,0.0,3.0,0.0,4.0,1.0
TOMASZOWSKI,294.0,9.0,5.0,0.0,3.0,46.0,71.0,10.0,20.0,27.0,6.0,22.0,0.0,18.0,7.0,9.0,7.0,4.0,0.0,1.0,2.0,6.0,2.0,3.0,0.0,0.0,0.0,6.0,4.0,0.0,3.0,2.0,3.0,0.0,1.0,0.0,1.0,1.0,0.0,0.0,1.0,2.0,2.0
WĘGROWSKI,321.0,9.0,3.0,3.0,1.0,72.0,108.0,27.0,25.0,10.0,8.0,6.0,4.0,12.0,0.0,4.0,3.0,1.0,1.0,3.0,0.0,5.0,3.0,2.0,0.0,0.0,0.0,5.0,2.0,0.0,2.0,0.0,3.0,0.0,2.0,0.0,0.0,0.0,0.0,0.0,0.0,4.0,0.0
WŁODAWSKI,413.0,15.0,5.0,4.0,6.0,101.0,82.0,11.0,48.0,13.0,8.0,33.0,2.0,22.0,10.0,3.0,6.0,4.0,0.0,4.0,2.0,14.0,6.0,3.0,0.0,1.0,0.0,5.0,4.0,0.0,5.0,7.0,1.0,0.0,0.0,0.0,0.0,0.0,0.0,1.0,1.0,1.0,0.0
ZAMOJSKI,893.0,45.0,31.0,6.0,2.0,151.0,230.0,26.0,87.0,66.0,28.0,61.0,20.0,30.0,11.0,11.0,12.0,14.0,3.0,17.0,1.0,12.0,7.0,6.0,1.0,2.0,0.0,5.0,2.0,0.0,14.0,5.0,2.0,0.0,4.0,2.0,1.0,2.0,0.0,3.0,1.0,11.0,1.0
LUBLIN (MIASTO),1341.0,32.0,11.0,4.0,8.0,335.0,120.0,165.0,118.0,22.0,26.0,43.0,11.0,79.0,29.0,18.0,20.0,34.0,6.0,46.0,8.0,13.0,15.0,37.0,9.0,9.0,3.0,3.0,17.0,0.0,44.0,6.0,4.0,0.0,9.0,11.0,6.0,0.0,0.0,10.0,18.0,15.0,5.0
BÓBRECKI,348.0,11.0,6.0,0.0,4.0,109.0,29.0,9.0,75.0,23.0,25.0,7.0,2.0,3.0,7.0,1.0,6.0,1.0,0.0,10.0,8.0,4.0,1.0,2.0,0.0,1.0,0.0,3.0,2.0,0.0,2.0,2.0,1.0,0.0,0.0,0.0,0.0,1.0,0.0,0.0,0.0,3.0,0.0
BRZOZOWSKI,431.0,9.0,0.0,0.0,9.0,110.0,108.0,14.0,74.0,21.0,9.0,13.0,5.0,11.0,7.0,3.0,9.0,1.0,0.0,5.0,0.0,12.0,0.0,1.0,0.0,0.0,0.0,3.0,1.0,0.0,1.0,7.0,0.0,0.0,1.0,1.0,1.0,1.0,0.0,0.0,0.0,3.0,0.0
DOBROMILSKI,258.6186305046116,11.112213133328046,1.1588875904754352,0.0,3.3177751809508704,41.69214301900155,68.7010890380824,6.429988314278917,59.71995325711567,6.7944379523771765,4.7944379523771765,10.429988314278917,3.635550361901741,8.63555036190174,6.7944379523771765,1.4766627714263056,1.9533255428526113,1.3177751809508704,0.0,5.7944379523771765,0.0,4.271100723803482,1.3177751809508704,1.3177751809508704,0.0,0.0,0.15888759047543521,3.4766627714263056,1.0,0.0,2.3177751809508704,1.0,0.0,0.0,0.0,2.0,0.31777518095087043,0.0,0.0,0.0,0.0,2.158887590475435,1.1588875904754352
DROHOBYCKI,831.6899571705152,7.283158709797847,0.1698952258787086,0.0,2.0,162.39790451757418,149.7764376798761,40.849476129393544,156.3412727756146,15.019371355272252,8.226526967838279,38.5663174195957,16.169895225878708,34.849476129393544,14.283158709797847,10.169895225878708,15.283158709797847,3.283158709797848,11.11326348391914,13.906107871353113,8.11326348391914,23.566317419595695,9.226526967838279,15.396422193716987,2.0,12.226526967838279,6.05663174195957,6.339790451757417,6.113263483919139,0.0,20.566317419595695,0.0,1.0,0.0,1.0,2.1698952258787085,5.113263483919139,0.0,1.0,1.0566317419595694,5.0,8.226526967838279,2.0
GRÓDECKI,304.90224818993346,9.216990518873528,5.135619074295955,0.04520635809865178,2.0180825432394607,54.68713664309951,83.34356832154975,1.072330172957843,82.67809537147977,7.081371444577573,8.045206358098651,10.24411433373272,1.0,4.018082543239461,3.108495259436764,0.018082543239460715,9.099453987817034,1.027123814859191,0.0,5.063288901338113,0.0,6.099453987817034,2.0180825432394607,2.0180825432394607,0.0,1.0,1.0,4.018082543239461,1.0,0.0,4.00904127161973,2.0,0.009041271619730357,0.0,1.0,0.0,0.0,0.018082543239460715,0.0,0.0,0.0,1.0090412716197303,1.0
JAROSŁAWSKI,355.7625701030281,14.87233867786067,8.97474029767225,1.9487537630775233,2.000090854033372,42.183643446291015,38.900125318361425,7.642031626064913,137.97854468958002,13.00059055121692,2.3337819452463897,17.6681544417097,2.9744677355721336,9.82077445182139,5.051564226039279,1.051382517972535,3.1284790084396805,1.2823994272738546,2.000090854033372,10.872156969793926,0.9743768815387617,8.128706143523111,4.102855889978442,4.923221498649657,0.0,1.9487537630775233,0.9743768815387617,5.897598380188419,1.9487537630775233,0.0,4.897552953171733,1.9487537630775233,0.9743768815387617,0.0,1.051382517972535,0.0,1.9487537630775233,1.0257139724946105,0.0,0.0,0.0,4.256867162845989,2.9487991900942094
JAWOROWSKI,243.3998159166879,10.728849682976287,2.981774097341325,0.0,4.84984852578684,37.05351453229146,91.55127292569999,3.235415209820928,31.54842646593231,0.1373889359264516,9.81594922812683,11.077606212635741,4.84984852578684,4.86041690547349,2.0054633643719666,0.03170513905995037,8.776228217037572,2.0583052628052174,1.952621465938716,1.0291526314026087,3.8629694131308314,5.931843055622699,0.08454703749320099,0.021136759373300246,0.0,0.9657423532827079,0.0,2.918363819221424,0.9657423532827079,0.0,2.907795439534774,0.0,0.0,0.0,0.03170513905995037,0.0,0.0,0.9868791126560081,0.0,0.0,0.9657423532827079,3.0451843754612256,0.976310732969358
KOLBUSZOWSKI,233.952396511918,9.031226115144852,3.0156130575724265,0.0052043525241421106,6.010408705048285,53.14572187067598,25.11970010805527,9.015613057572427,54.291443741351955,16.07286093533799,4.015613057572426,14.02602176262071,0.041634820193136884,5.015613057572426,1.0104087050482842,2.0,9.005204352524142,5.005204352524142,1.005204352524142,1.0156130575724263,0.0052043525241421106,9.02602176262071,1.005204352524142,1.0104087050482842,0.0,0.010408705048284221,0.0,3.0156130575724265,0.0052043525241421106,0.0,2.0156130575724265,2.010408705048284,1.005204352524142,0.0,3.0,0.0,0.0,1.0,0.0,0.0,0.0052043525241421106,2.0208174100965683,0.0052043525241421106
KROŚNIEŃSKI,553.9545174861641,6.299998632656915,1.172726899815522,3.563635866420696,1.5636358664206962,144.32726626346906,120.37272143044318,24.69090759926209,75.33636003155004,15.299998632656916,10.95454483302587,22.69090759926209,10.172726899815522,11.95454483302587,11.563635866420697,3.172726899815522,6.954544833025871,1.0,2.0,21.73636276623622,4.390908966605174,16.563635866420697,4.781817933210348,7.0,1.0,2.390908966605174,1.0,3.7818179332103483,4.781817933210348,0.0,3.390908966605174,2.0,3.390908966605174,1.172726899815522,3.0,0.0,2.390908966605174,0.0,0.0,0.0,1.0,3.390908966605174,0.0
LESKI,435.0,8.0,2.0,0.0,1.0,157.0,41.0,14.0,89.0,23.0,6.0,20.0,7.0,5.0,12.0,7.0,8.0,1.0,0.0,3.0,0.0,11.0,4.0,2.0,0.0,1.0,0.0,3.0,1.0,0.0,2.0,0.0,1.0,0.0,1.0,0.0,1.0,1.0,0.0,0.0,0.0,6.0,0.0
LWOWSKI,683.0,5.0,4.0,0.0,1.0,216.0,188.0,28.0,135.0,13.0,15.0,21.0,2.0,3.0,1.0,1.0,6.0,5.0,1.0,17.0,2.0,6.0,1.0,1.0,0.0,0.0,0.0,7.0,1.0,0.0,1.0,3.0,0.0,1.0,1.0,0.0,0.0,0.0,0.0,0.0,0.0,2.0,0.0
LWÓW (MIASTO),2838.0,35.0,5.0,2.0,4.0,645.0,107.0,133.0,336.0,18.0,46.0,165.0,30.0,243.0,86.0,70.0,19.0,37.0,24.0,61.0,51.0,47.0,40.0,82.0,33.0,38.0,28.0,11.0,23.0,4.0,118.0,11.0,6.0,12.0,22.0,43.0,31.0,8.0,1.0,42.0,83.0,49.0,5.0
ŁAŃCUCKI,425.70168207165125,24.79554256953459,13.192027516784211,6.054865004795489,4.54865004795489,74.70596049873086,68.62109031650228,8.015002588716547,89.79811524456994,16.768110067136845,3.630947555148124,28.523790220592495,4.192027516784211,16.261895110296248,8.329190028772935,5.411487535966168,10.274325023977445,5.384055033568423,2.054865004795489,3.329190028772934,3.0822975071932337,13.329190028772935,4.192027516784211,7.219460019181956,0.08229750719323353,0.16459501438646706,0.027432502397744512,4.1371625119887225,1.054865004795489,0.0,5.384055033568423,3.0822975071932337,1.0,0.0,4.329190028772934,1.054865004795489,0.10973000959097805,0.0,0.0,1.0274325023977444,0.08229750719323353,6.2468925215797,0.027432502397744512
MOŚCISKI,215.0,9.0,6.0,1.0,2.0,51.0,60.0,1.0,37.0,8.0,5.0,6.0,3.0,4.0,2.0,1.0,5.0,3.0,0.0,2.0,1.0,4.0,1.0,2.0,0.0,1.0,0.0,1.0,3.0,0.0,1.0,2.0,0.0,0.0,0.0,0.0,0.0,0.0,0.0,1.0,0.0,1.0,2.0
NIŻAŃSKI,210.0,4.0,0.0,0.0,1.0,49.0,22.0,2.0,73.0,7.0,3.0,6.0,7.0,3.0,6.0,1.0,3.0,0.0,0.0,1.0,6.0,4.0,1.0,0.0,0.0,3.0,0.0,3.0,0.0,0.0,1.0,1.0,2.0,0.0,0.0,0.0,2.0,0.0,0.0,0.0,0.0,0.0,0.0
PRZEMYSKI,951.0,16.0,4.0,0.0,7.0,177.0,174.0,38.0,182.0,15.0,32.0,56.0,8.0,46.0,12.0,11.0,10.0,9.0,3.0,29.0,4.0,11.0,12.0,10.0,5.0,9.0,5.0,9.0,5.0,0.0,24.0,2.0,1.0,1.0,3.0,7.0,7.0,1.0,0.0,4.0,7.0,6.0,5.0
PRZEWORSKI,180.0,10.0,1.0,3.0,6.0,42.0,35.0,1.0,42.0,9.0,3.0,10.0,1.0,2.0,0.0,1.0,2.0,0.0,0.0,8.0,0.0,3.0,0.0,1.0,0.0,1.0,0.0,1.0,1.0,0.0,1.0,1.0,0.0,0.0,0.0,0.0,0.0,0.0,0.0,0.0,0.0,5.0,1.0
RAWSKI (RAWA RUSKA),420.0,23.0,18.0,1.0,3.0,101.0,68.0,4.0,97.0,11.0,3.0,28.0,6.0,10.0,7.0,4.0,7.0,6.0,2.0,9.0,1.0,9.0,3.0,4.0,0.0,1.0,0.0,4.0,1.0,0.0,1.0,2.0,0.0,0.0,1.0,2.0,0.0,1.0,0.0,1.0,1.0,2.0,2.0
RUDECKI,318.09775181006654,23.78300948112647,14.864380925704046,4.9547936419013485,1.9819174567605393,75.3128633569005,37.65643167845025,7.927669827042157,74.32190462852023,8.918628555422426,4.9547936419013485,26.755885666267282,0.0,1.9819174567605393,11.891504740563235,1.9819174567605393,10.900546012182966,2.9728761851408088,0.0,6.936711098661887,0.0,10.900546012182966,1.9819174567605393,1.9819174567605393,0.0,0.0,0.0,1.9819174567605393,0.0,0.0,0.9909587283802697,0.0,0.9909587283802697,0.0,0.0,0.0,0.0,1.9819174567605393,0.0,0.0,0.0,0.9909587283802697,0.0
RZESZOWSKI,977.3438004421846,34.904458797808495,8.635245583400266,4.3814991287838145,21.887714085624413,233.96677323780008,157.00618825305455,43.29408981202136,116.86552472388001,33.93189130020624,25.414507611826007,96.78530218014542,8.635245583400266,47.78356005667788,14.107174104806369,16.41578556421831,12.771130142996684,13.615944966431577,1.945134995204511,15.934447204990848,3.526793526201592,14.107174104806369,8.02615455000544,7.780539980818044,2.9177024928067663,6.4444960190083584,0.9725674976022555,6.081019554800929,3.163317061994163,0.0,14.225035999826403,2.9177024928067663,0.609091033394826,1.827273100184478,11.670809971227065,1.945134995204511,4.499361023803848,0.0,0.0,0.9725674976022555,2.9177024928067663,9.362198511815125,0.9725674976022555
SAMBORSKI,426.0857220582865,6.9953827706122595,3.1556106998941633,0.0,0.651011851545745,76.45795695457105,101.75716305826272,17.080077202562308,67.3769405522088,18.608158273592107,5.401002661026084,12.363235912360157,4.132128477212781,15.452547573697945,6.344370919066514,3.806622551439909,6.669876844839386,5.367853141747897,1.8867365160808607,16.721421757511248,1.8867365160808607,12.037729986587284,4.424484883707466,7.254589657828758,0.0,3.7734730321617214,1.2688741838133029,6.6367273255612,1.8867365160808607,0.0,10.084694431950048,0.0,0.0,0.0,0.0,2.830104774121291,2.5377483676266057,0.0,0.0,0.9433682580404303,0.0,4.098978957934594,0.3255059257728725
SANOCKI,444.0,2.0,0.0,1.0,1.0,113.0,64.0,12.0,111.0,6.0,6.0,22.0,4.0,14.0,8.0,9.0,8.0,4.0,1.0,4.0,1.0,16.0,5.0,6.0,0.0,3.0,1.0,6.0,2.0,0.0,4.0,1.0,1.0,0.0,0.0,2.0,2.0,0.0,0.0,0.0,0.0,6.0,0.0
SOKALSKI,359.40383336829865,27.876197601973303,21.90272668726474,1.9911569715695216,1.9911569715695216,46.792188831883756,105.53131949318465,3.9823139431390433,79.64627886278086,8.960206372062848,9.955784857847608,16.924834258340933,2.9867354573542824,7.964627886278087,3.9823139431390433,1.9911569715695216,1.9911569715695216,3.9823139431390433,0.0,5.973470914708565,0.0,6.969049400493326,3.9823139431390433,2.9867354573542824,0.0,0.0,0.9955784857847608,4.977892428923804,1.9911569715695216,0.0,2.9867354573542824,2.9867354573542824,1.9911569715695216,0.0,0.0,0.0,0.0,0.0,0.0,0.0,0.9955784857847608,0.0,0.0
TARNOBRZESKI,319.0,5.0,0.0,0.0,2.0,85.0,58.0,11.0,79.0,0.0,3.0,14.0,12.0,3.0,3.0,0.0,4.0,1.0,3.0,3.0,1.0,7.0,3.0,2.0,0.0,1.0,0.0,5.0,1.0,0.0,2.0,4.0,1.0,0.0,1.0,0.0,1.0,0.0,0.0,0.0,0.0,6.0,3.0
ŻÓŁKIEWSKI,528.0,17.0,12.0,0.0,4.0,137.0,116.0,19.0,73.0,12.0,40.0,26.0,1.0,8.0,4.0,0.0,7.0,9.0,1.0,11.0,2.0,9.0,1.0,2.0,0.0,2.0,1.0,4.0,0.0,0.0,2.0,3.0,0.0,0.0,9.0,0.0,1.0,1.0,0.0,0.0,1.0,9.0,1.0
LUBACZOWSKI,460.837613980284,10.398811639163045,8.043485604986426,0.05124623692247675,2.1500606201797883,122.76284202141753,74.54860175593859,31.12255316411416,63.47302884448768,12.86202051285663,14.850268826626781,42.254239345654554,2.1756837386410264,3.3188086427051204,6.942972409588754,2.916912342967515,8.095292774522747,11.659295309920928,2.0472876800279116,6.098690398803467,0.16265370533040688,12.939450800854189,7.812597072528357,2.055641741977043,0.0,0.08550388363976888,0.025623118461238374,2.1840378005901573,0.08550388363976888,0.0,1.1946516072934938,0.05124623692247675,0.025623118461238374,0.0,2.916912342967515,0.0,0.05124623692247675,1.9874069148493814,0.0,0.0,0.034257646717292124,13.697948461692787,1.0748900769364327
TURCZAŃSKI,267.60569026658675,4.609245386261846,0.5156064837516923,0.0,1.0312129675033845,87.45199550885323,28.76531022377877,10.64045835376523,45.56183341506092,8.578032418758461,4.578032418758461,14.64045835376523,9.062425935006768,5.062425935006769,4.578032418758461,2.546819451255077,4.093638902510154,4.031212967503384,0.0,4.578032418758461,2.0,9.124851870013538,2.0312129675033845,3.0312129675033845,0.0,1.0,0.5156064837516923,3.546819451255077,1.0,0.0,2.0312129675033845,1.0,0.0,0.0,0.0,0.0,1.0312129675033845,0.0,0.0,0.0,0.0,2.515606483751692,0.5156064837516923
BRZEZIŃSKI,852.0,11.0,5.0,2.0,4.0,225.0,157.0,64.0,99.0,7.0,9.0,30.0,14.0,43.0,28.0,4.0,12.0,0.0,2.0,29.0,4.0,28.0,6.0,12.0,0.0,5.0,4.0,12.0,7.0,0.0,13.0,2.0,5.0,0.0,5.0,1.0,2.0,0.0,0.0,0.0,0.0,12.0,0.0
KALISKI,1211.0,28.0,16.0,5.0,1.0,252.0,253.0,116.0,132.0,14.0,3.0,31.0,24.0,68.0,18.0,20.0,21.0,12.0,5.0,23.0,9.0,15.0,14.0,26.0,1.0,9.0,4.0,13.0,15.0,0.0,26.0,4.0,4.0,0.0,12.0,2.0,2.0,1.0,1.0,5.0,10.0,18.0,6.0
KOLSKI,816.0,39.0,29.0,4.0,5.0,146.0,203.0,127.0,55.0,10.0,3.0,34.0,8.0,23.0,7.0,16.0,4.0,10.0,3.0,23.0,1.0,18.0,11.0,13.0,0.0,3.0,1.0,9.0,10.0,0.0,11.0,2.0,5.0,0.0,8.0,2.0,4.0,1.0,1.0,0.0,2.0,3.0,2.0
KONIŃSKI,1171.0,50.0,34.0,9.0,6.0,243.0,363.0,169.0,58.0,7.0,10.0,26.0,23.0,33.0,11.0,4.0,10.0,7.0,5.0,22.0,1.0,16.0,14.0,15.0,0.0,9.0,0.0,19.0,3.0,0.0,12.0,2.0,3.0,0.0,13.0,2.0,0.0,2.0,0.0,2.0,1.0,16.0,4.0
ŁASKI,1106.0,11.0,5.0,6.0,0.0,394.0,168.0,157.0,101.0,9.0,11.0,31.0,13.0,34.0,2.0,7.0,4.0,4.0,1.0,23.0,3.0,19.0,12.0,15.0,0.0,5.0,3.0,11.0,5.0,0.0,18.0,6.0,2.0,0.0,5.0,1.0,3.0,0.0,0.0,3.0,1.0,24.0,0.0
ŁĘCZYCKI,735.0,36.0,28.0,7.0,1.0,296.0,63.0,88.0,55.0,3.0,7.0,29.0,9.0,29.0,5.0,12.0,8.0,1.0,0.0,20.0,1.0,12.0,6.0,12.0,1.0,2.0,1.0,7.0,5.0,0.0,5.0,2.0,2.0,0.0,3.0,1.0,0.0,2.0,0.0,1.0,0.0,11.0,2.0
ŁÓDZKI,945.0,7.0,4.0,1.0,2.0,379.0,89.0,191.0,117.0,5.0,13.0,7.0,11.0,22.0,0.0,2.0,2.0,0.0,0.0,19.0,3.0,22.0,4.0,10.0,0.0,0.0,1.0,7.0,8.0,0.0,10.0,4.0,1.0,1.0,0.0,1.0,1.0,3.0,0.0,2.0,0.0,3.0,0.0
ŁÓDŹ (MIASTO),5829.0,23.0,1.0,5.0,4.0,1644.0,426.0,718.0,641.0,22.0,73.0,407.0,100.0,430.0,111.0,85.0,42.0,41.0,24.0,101.0,67.0,119.0,42.0,81.0,14.0,44.0,50.0,18.0,78.0,4.0,140.0,25.0,1.0,0.0,54.0,42.0,4.0,7.0,0.0,28.0,64.0,59.0,18.0
PIOTRKOWSKI,1179.0,69.0,15.0,52.0,1.0,259.0,319.0,76.0,91.0,14.0,24.0,35.0,17.0,34.0,15.0,14.0,8.0,6.0,4.0,55.0,3.0,20.0,9.0,16.0,0.0,9.0,2.0,7.0,9.0,0.0,21.0,9.0,6.0,1.0,3.0,2.0,4.0,2.0,0.0,1.0,5.0,10.0,6.0
RADOMSZCZAŃSKI,766.0,5.0,5.0,0.0,0.0,130.0,278.0,82.0,41.0,20.0,16.0,18.0,5.0,23.0,9.0,10.0,9.0,3.0,2.0,20.0,2.0,19.0,6.0,11.0,0.0,2.0,4.0,9.0,4.0,0.0,10.0,0.0,6.0,0.0,11.0,1.0,2.0,0.0,0.0,3.0,1.0,4.0,0.0
SIERADZKI,971.0,7.0,5.0,1.0,0.0,316.0,135.0,112.0,105.0,20.0,8.0,17.0,16.0,44.0,8.0,9.0,15.0,1.0,3.0,32.0,0.0,22.0,13.0,13.0,1.0,5.0,6.0,10.0,8.0,0.0,19.0,3.0,3.0,0.0,10.0,1.0,1.0,2.0,0.0,2.0,2.0,2.0,4.0
TURECKI,382.0,8.0,6.0,0.0,2.0,70.0,122.0,50.0,27.0,6.0,1.0,9.0,7.0,16.0,3.0,4.0,2.0,3.0,1.0,5.0,0.0,8.0,4.0,8.0,0.0,0.0,1.0,5.0,3.0,0.0,7.0,2.0,1.0,0.0,2.0,0.0,0.0,0.0,0.0,4.0,1.0,2.0,0.0
WIELUŃSKI,1000.0,12.0,8.0,0.0,4.0,450.0,109.0,82.0,74.0,11.0,3.0,26.0,25.0,18.0,7.0,7.0,21.0,4.0,3.0,16.0,0.0,18.0,9.0,14.0,0.0,4.0,1.0,13.0,3.0,0.0,8.0,8.0,3.0,0.0,15.0,0.0,1.0,2.0,1.0,5.0,0.0,27.0,1.0
POŁUDNIOWO-WARSZAWSKI,0.0,0.0,0.0,0.0,0.0,0.0,0.0,0.0,0.0,0.0,0.0,0.0,0.0,0.0,0.0,0.0,0.0,0.0,0.0,0.0,0.0,0.0,0.0,0.0,0.0,0.0,0.0,0.0,0.0,0.0,0.0,0.0,0.0,0.0,0.0,0.0,0.0,0.0,0.0,0.0,0.0,0.0,0.0
PÓŁNOCNO-WARSZAWSKI,0.0,0.0,0.0,0.0,0.0,0.0,0.0,0.0,0.0,0.0,0.0,0.0,0.0,0.0,0.0,0.0,0.0,0.0,0.0,0.0,0.0,0.0,0.0,0.0,0.0,0.0,0.0,0.0,0.0,0.0,0.0,0.0,0.0,0.0,0.0,0.0,0.0,0.0,0.0,0.0,0.0,0.0,0.0
PRASKO-WARSZAWSKI,0.0,0.0,0.0,0.0,0.0,0.0,0.0,0.0,0.0,0.0,0.0,0.0,0.0,0.0,0.0,0.0,0.0,0.0,0.0,0.0,0.0,0.0,0.0,0.0,0.0,0.0,0.0,0.0,0.0,0.0,0.0,0.0,0.0,0.0,0.0,0.0,0.0,0.0,0.0,0.0,0.0,0.0,0.0
ŚRÓDMIEJSKO-WARSZAWSKI,10775.0,73.0,8.0,9.0,18.0,2744.0,462.0,846.0,1082.0,58.0,48.0,303.0,157.0,963.0,226.0,229.0,76.0,89.0,58.0,234.0,181.0,196.0,119.0,742.0,73.0,137.0,98.0,22.0,206.0,12.0,466.0,40.0,3.0,6.0,79.0,189.0,52.0,21.0,4.0,104.0,279.0,98.0,38.0
BARANOWICKI,734.0,24.0,12.0,2.0,5.0,161.0,185.0,49.0,61.0,11.0,11.0,40.0,7.0,18.0,11.0,8.0,10.0,22.0,0.0,15.0,2.0,14.0,4.0,6.0,1.0,2.0,0.0,10.0,15.0,0.0,11.0,0.0,0.0,0.0,6.0,3.0,6.0,1.0,0.0,6.0,0.0,14.0,2.0
BRASŁAWSKI,401.0,8.0,2.0,1.0,3.0,72.0,119.0,23.0,42.0,5.0,8.0,33.0,16.0,11.0,4.0,1.0,15.0,10.0,0.0,0.0,0.0,6.0,0.0,0.0,0.0,0.0,0.0,10.0,8.0,0.0,4.0,0.0,1.0,0.0,0.0,0.0,2.0,0.0,0.0,2.0,0.0,1.0,0.0
LIDZKI,601.0,7.0,1.0,2.0,3.0,91.0,139.0,19.0,128.0,18.0,14.0,39.0,13.0,30.0,4.0,14.0,4.0,8.0,0.0,2.0,1.0,17.0,5.0,2.0,0.0,3.0,0.0,9.0,16.0,0.0,6.0,0.0,1.0,0.0,1.0,2.0,1.0,0.0,0.0,5.0,1.0,1.0,2.0
NIEŚWIESKI,570.0,28.0,19.0,2.0,5.0,102.0,156.0,52.0,38.0,3.0,12.0,36.0,15.0,11.0,1.0,2.0,26.0,8.0,1.0,13.0,0.0,14.0,1.0,7.0,1.0,3.0,0.0,6.0,8.0,0.0,2.0,1.0,3.0,1.0,7.0,0.0,5.0,1.0,1.0,1.0,1.0,3.0,1.0
NOWOGRÓDZKI,540.8003849539048,15.189858463180084,12.138078882312788,3.0172598602890983,0.03451972057819697,45.32900924226058,160.55338742601887,23.552315529251153,64.41423664693836,12.069039441156393,9.258897904336477,45.67313455127484,18.25889790433648,12.138078882312788,8.051779580867295,11.10355916173459,6.155338742601886,8.207118323469182,1.0,3.0,1.0,11.172598602890984,6.034519720578197,6.069039441156394,0.017259860289098487,1.0517795808672954,1.0,5.086299301445492,16.172598602890986,0.0,8.051779580867295,1.0,4.017259860289099,0.0,1.034519720578197,1.0172598602890985,5.017259860289099,2.0,0.0,3.0172598602890983,0.017259860289098487,24.069039441156395,5.017259860289099
SŁONIMSKI,534.0,6.0,2.0,0.0,2.0,122.0,108.0,51.0,56.0,8.0,7.0,32.0,14.0,17.0,9.0,8.0,7.0,9.0,1.0,4.0,1.0,13.0,3.0,7.0,0.0,2.0,0.0,5.0,8.0,0.0,10.0,1.0,0.0,1.0,3.0,2.0,3.0,1.0,0.0,5.0,3.0,7.0,5.0
STOŁPECKI,387.1996150460952,10.810141536819916,7.861921117687212,0.9827401397109015,1.965480279421803,75.67099075773942,88.44661257398113,31.447684470748847,23.585763353061637,3.930960558843606,14.741102095663521,38.32686544872516,14.741102095663521,7.861921117687212,2.9482204191327046,5.896440838265409,8.844661257398114,11.792881676530818,0.0,0.0,0.0,9.827401397109014,1.965480279421803,3.930960558843606,0.9827401397109015,2.9482204191327046,0.0,4.913700698554507,9.827401397109014,0.0,2.9482204191327046,0.0,0.9827401397109015,0.0,1.965480279421803,0.9827401397109015,0.9827401397109015,0.0,0.0,0.9827401397109015,0.9827401397109015,3.930960558843606,0.9827401397109015
WOŁOŻYŃSKI,331.0,3.0,1.0,0.0,1.0,44.0,97.0,20.0,34.0,15.0,2.0,32.0,12.0,8.0,4.0,5.0,6.0,2.0,0.0,0.0,0.0,16.0,1.0,0.0,1.0,1.0,0.0,5.0,11.0,0.0,2.0,0.0,1.0,0.0,1.0,0.0,1.0,0.0,0.0,0.0,0.0,7.0,0.0
SZCZUCZYŃSKI (WOJ. NOWOGRÓDZKIE),307.0,2.0,2.0,0.0,0.0,66.0,65.0,8.0,51.0,7.0,16.0,17.0,9.0,8.0,2.0,5.0,1.0,6.0,0.0,0.0,0.0,12.0,0.0,1.0,0.0,0.0,0.0,4.0,10.0,0.0,2.0,1.0,0.0,0.0,4.0,0.0,0.0,1.0,0.0,3.0,0.0,6.0,0.0
BRZESKI (BRZEŚĆ N.BUG.),1371.9716318902042,31.13165630575262,13.109713588127185,9.010971358812718,7.010971358812719,414.702166964014,167.08616452245914,129.4827397877596,145.5375965818232,9.043885435250875,22.109713588127185,54.16457038219078,26.06582815287631,63.16457038219078,17.0,10.0,13.087770870501748,11.0,2.0,46.03291407643815,6.0,35.109713588127185,23.032914076438157,24.021942717625436,0.0,8.0,1.0,8.043885435250875,22.010971358812718,0.0,26.010971358812718,8.032914076438155,5.0,0.0,10.06582815287631,4.0,8.0,0.0,0.0,10.010971358812718,6.0,6.021942717625437,2.0
DROHICKI,355.0,5.0,3.0,0.0,2.0,117.0,65.0,26.0,30.0,14.0,8.0,14.0,15.0,3.0,4.0,2.0,6.0,6.0,0.0,4.0,0.0,14.0,2.0,3.0,0.0,1.0,0.0,4.0,8.0,0.0,2.0,0.0,0.0,0.0,0.0,0.0,0.0,0.0,0.0,1.0,0.0,1.0,0.0
KOBRYŃSKI,522.0,16.0,6.0,1.0,7.0,146.0,101.0,41.0,58.0,17.0,6.0,12.0,24.0,11.0,2.0,2.0,5.0,1.0,2.0,8.0,0.0,13.0,5.0,5.0,0.0,5.0,1.0,4.0,8.0,0.0,7.0,2.0,0.0,0.0,6.0,1.0,0.0,0.0,0.0,5.0,2.0,6.0,0.0
KOSZYRSKI,190.0,2.0,0.0,1.0,0.0,36.0,70.0,3.0,18.0,8.0,7.0,3.0,10.0,2.0,2.0,3.0,2.0,4.0,0.0,0.0,0.0,5.0,1.0,0.0,0.0,0.0,0.0,3.0,4.0,0.0,2.0,0.0,1.0,0.0,0.0,0.0,1.0,0.0,0.0,2.0,0.0,1.0,0.0
ŁUNINIECKI,429.0,5.0,0.0,0.0,4.0,43.0,198.0,35.0,55.0,6.0,5.0,4.0,10.0,9.0,2.0,5.0,3.0,2.0,0.0,2.0,0.0,8.0,2.0,0.0,0.0,0.0,0.0,5.0,8.0,0.0,5.0,0.0,1.0,0.0,2.0,0.0,4.0,1.0,0.0,4.0,0.0,5.0,0.0
PIŃSKI,847.0,9.0,0.0,0.0,4.0,199.0,197.0,90.0,56.0,21.0,16.0,32.0,12.0,31.0,18.0,11.0,2.0,9.0,3.0,18.0,2.0,16.0,9.0,6.0,1.0,3.0,3.0,9.0,21.0,0.0,10.0,2.0,1.0,0.0,1.0,3.0,11.0,0.0,0.0,12.0,6.0,7.0,10.0
PRUŻAŃSKI,582.0,23.0,10.0,0.0,9.0,195.0,80.0,40.0,64.0,9.0,5.0,35.0,4.0,19.0,7.0,3.0,7.0,4.0,1.0,10.0,0.0,22.0,8.0,7.0,0.0,3.0,1.0,4.0,9.0,0.0,8.0,0.0,2.0,0.0,3.0,1.0,0.0,0.0,0.0,3.0,1.0,4.0,0.0
STOLIŃSKI,501.0,7.0,0.0,2.0,4.0,103.0,166.0,43.0,31.0,16.0,23.0,26.0,5.0,8.0,0.0,12.0,1.0,3.0,0.0,10.0,0.0,10.0,2.0,0.0,0.0,2.0,1.0,4.0,7.0,0.0,7.0,0.0,1.0,0.0,2.0,1.0,1.0,1.0,0.0,2.0,0.0,6.0,2.0
IWACEWICKI,304.0,7.0,1.0,1.0,2.0,86.0,61.0,31.0,18.0,9.0,6.0,21.0,9.0,4.0,3.0,3.0,9.0,0.0,1.0,0.0,1.0,9.0,2.0,3.0,0.0,2.0,1.0,4.0,6.0,0.0,4.0,0.0,0.0,0.0,4.0,0.0,0.0,0.0,0.0,0.0,0.0,0.0,0.0
BRODNICKI,562.0965738477987,16.966838034575485,10.487866244218935,3.206039509749401,1.2729322806071497,156.75191947132035,33.13880690861348,47.59942018529558,121.90003121060874,13.274039085024912,8.227092390416589,10.499605226176993,17.528124995537006,15.970630738703049,0.3706112756879653,9.56870450760687,4.586073970484894,1.2336710473684454,5.507551504007485,12.400029879032395,6.663648260930413,5.351454747084558,4.567336886728234,6.625754648570346,1.0,9.655173251914777,1.0976789950808157,4.215882139643676,7.557074811987212,0.0,8.861741492849319,3.1373596731662676,5.479919966388442,0.05841776184211132,2.332717663327899,3.0,3.1762014615582244,1.2336710473684454,0.0,4.0,3.1182031445628606,5.441187464334879,7.166358831663949
CHEŁMIŃSKI,323.23710584762466,2.0906918100335328,1.0292053011840427,1.022174873464556,0.03931163538493403,92.29629877504185,32.30011717682772,30.44758128929746,57.037297252756005,6.961037825754751,3.0571567040757905,2.922582286751497,11.013296615160028,14.01555109542427,1.9864394355469999,3.101676758991102,1.9711925007265727,2.9751470219646547,0.16046112607791008,4.896989372016243,1.9894475231175632,1.9591601504443192,4.914230141828874,7.907425689216909,0.02727928510268067,2.9995900462998657,0.006016175141126679,3.925522555411219,4.999883840318229,0.0,5.970714728115597,0.10428704465104979,5.043596139622791,0.0,8.756728762550598,0.02727928510268067,2.0197348957908074,0.06057474534648802,0.0,0.06057474534648802,2.9763331013461087,2.255209946424883,2.006688292930194
CHOJNICKI,475.3460675992803,2.9587023344562478,1.9727219275207004,0.0,0.9859804069355478,98.63114913731259,83.8148040555432,39.45253576629,106.50605346075369,2.9602245617554575,3.9450632982165983,5.9174046689124955,17.75069177943828,18.73705274319863,2.957941220806643,10.847306703590236,7.8893654827835915,0.0,1.9734830411703053,2.9590828912810503,3.9446827413917958,1.9719608138710956,5.9177852257372985,4.931424261976948,0.0,5.917024112087693,0.0,3.9446827413917958,3.945443855041401,0.0,11.833667667350584,1.9727219275207004,6.902243405373636,0.0,4.930282591502541,0.9859804069355478,2.9583217776314457,0.9859804069355478,0.0,0.9863609637603502,3.9443021845669937,1.9723413706958979,4.929902034677739
DZIAŁDOWSKI,153.0,0.0,0.0,0.0,0.0,39.0,25.0,9.0,26.0,10.0,1.0,1.0,0.0,11.0,2.0,2.0,1.0,0.0,1.0,0.0,1.0,1.0,0.0,1.0,0.0,1.0,1.0,2.0,1.0,0.0,4.0,2.0,2.0,0.0,0.0,0.0,2.0,1.0,0.0,1.0,1.0,4.0,1.0
GRUDZIĄDZ (MIASTO),643.0,17.0,1.0,3.0,10.0,169.0,46.0,88.0,60.0,6.0,17.0,5.0,22.0,35.0,13.0,14.0,4.0,5.0,5.0,13.0,7.0,6.0,7.0,8.0,4.0,5.0,5.0,0.0,2.0,0.0,26.0,3.0,3.0,0.0,4.0,4.0,9.0,1.0,0.0,12.0,13.0,5.0,7.0
GRUDZIĄDZKI,223.101039373944,4.892566652937369,1.9570266611749474,2.935539991762421,0.0,56.75377317407347,45.99012653761126,32.29093990938663,36.20499323173652,1.9570266611749474,2.935539991762421,0.9785133305874737,7.82810664469979,4.892566652937369,0.0,3.914053322349895,0.0,0.0,0.0,0.9785133305874737,0.0,0.0,1.9570266611749474,1.9570266611749474,0.0,2.935539991762421,0.0,1.9570266611749474,0.9785133305874737,0.0,3.914053322349895,1.9570266611749474,2.935539991762421,0.0,1.9570266611749474,0.0,0.0,0.0,0.0,0.0,1.9570266611749474,0.9785133305874737,0.9785133305874737
KARTUSKI,389.47757892360545,2.8155005705320875,0.0,2.8155005705320875,0.0,159.54503233015163,42.23250855798131,39.417007987449225,63.818012932060654,2.8155005705320875,0.0,10.323502091950989,7.5080015214189,2.8155005705320875,3.75400076070945,1.877000380354725,1.877000380354725,1.877000380354725,0.9385001901773625,0.0,3.75400076070945,0.0,1.877000380354725,3.75400076070945,0.0,2.8155005705320875,0.0,0.9385001901773625,2.8155005705320875,0.0,8.446501711596262,3.75400076070945,5.631001141064175,0.0,2.8155005705320875,0.0,1.877000380354725,0.0,0.0,2.8155005705320875,1.877000380354725,4.692500950886813,1.877000380354725
KOŚCIERSKI,374.5534459184225,3.9104899548799086,0.9599865259997971,1.0305303768805174,0.0,131.67569284121384,17.377928705207353,40.34706147832176,69.75803729928192,6.7904495328792995,2.879959577999391,3.138620364562032,18.427860929678065,7.750436058879097,2.9740180458403516,6.76693491591906,2.926988811919871,1.0070157599202774,2.903474194959631,0.9599865259997971,1.0540449938407574,0.9599865259997971,2.926988811919871,6.813964149839539,0.0,2.9505034288801113,0.0,2.903474194959631,2.9505034288801113,0.0,5.971550708640943,2.9740180458403516,7.820979909759817,0.9599865259997971,1.9905169028803145,0.9599865259997971,1.9670022859200744,0.9599865259997971,0.0,1.9905169028803145,2.926988811919871,5.877492240799983,1.9670022859200744
LUBAWSKI,353.5518661681568,0.9607387667612955,0.0,0.0,0.9607387667612955,94.15239914260697,24.979207935793685,26.900685469316276,71.09466874033588,22.0969916355098,4.803693833806478,7.685910134090364,15.371820268180729,12.489603967896842,1.921477533522591,5.7644326005677735,5.7644326005677735,0.0,3.842955067045182,0.9607387667612955,4.803693833806478,2.8822163002838868,4.803693833806478,4.803693833806478,0.0,3.842955067045182,0.9607387667612955,1.921477533522591,4.803693833806478,0.0,8.64664890085166,0.0,3.842955067045182,0.0,1.921477533522591,0.0,2.8822163002838868,0.0,0.0,0.0,0.9607387667612955,7.685910134090364,0.9607387667612955
SĘPOLEŃSKI,216.0,1.0,0.0,1.0,0.0,48.0,44.0,17.0,39.0,3.0,2.0,3.0,7.0,4.0,0.0,2.0,2.0,2.0,1.0,2.0,1.0,3.0,3.0,5.0,0.0,4.0,0.0,3.0,6.0,0.0,6.0,2.0,1.0,0.0,1.0,0.0,0.0,0.0,0.0,2.0,1.0,1.0,5.0
STAROGARDZKI,553.5425609296931,9.732052407994855,3.0771809183715746,6.355533326487701,8.685958088632582e-05,199.77596362312326,32.47748867300722,72.20970372959717,101.22533241227889,10.610864436460265,6.175780731110056,3.6327371622710407,12.347439639283584,13.364117567071004,8.12006213689583,6.792856202957517,0.8519398029301066,1.0400134740002032,1.8520049476157714,3.095666923528763,1.2963401292401973,0.04003518889542464,5.870469237877739,7.231348343856536,0.0,5.614207727323409,4.342979044316291e-05,2.3764539368214894,2.194375310743352,0.0,11.209842589908742,2.1570992918958725,1.5580353016653166,0.04001347400020305,3.3179761725593195,0.4784621851087782,3.0986215276337026,1.0400569037906462,0.0,2.098599812738481,3.1386132867386842,17.477943208979244,11.833908652015594
ŚWIECKI,616.1199443636438,16.296608923252556,4.562021617164175,7.975048926576989,3.645545337622843,174.07212240603207,72.15845199570057,68.78670224807541,117.25165452179532,15.622830562192497,6.387339258543408,5.706483980482609,21.210231555650935,15.061058271155872,0.9113863344057107,8.44064298369974,4.909090687965449,0.0,7.643249691182581,2.741793920920565,1.941855655835594,0.9113863344057107,4.91163566053326,10.491401736288264,0.0,5.703939007914799,1.8227726688114214,5.587400993458437,9.12404323432835,0.0,9.582560374450363,0.005089945135621906,7.407628689702047,0.0,8.319015024107758,0.22798608377710108,2.7367039757849434,1.8227726688114214,0.0,1.8253176413792325,1.8253176413792325,4.673469686484915,4.557489672731247
TCZEWSKI,488.6900857165467,12.667478217900133,4.0,7.000695615342972,1.0,161.00626053808674,38.66956506392905,56.00313026904337,73.67269533297242,10.666782602557163,5.0,4.333565205114324,10.333565205114324,12.667130410228648,10.0,6.333565205114324,3.000347807671486,2.0,2.000347807671486,2.0,3.666782602557162,0.0,5.000347807671486,9.667130410228648,0.0,6.333565205114324,0.0,2.666782602557162,5.0,0.0,18.667130410228648,0.0,3.666782602557162,2.0,1.666782602557162,1.3335652051143239,2.0,1.0,0.0,3.0,6.0,6.666782602557162,10.334260820457295
TORUŃ (MIASTO),595.5961756235254,10.015499555961346,0.0077497779806728955,6.0,1.007749777980673,184.9454729136421,27.19374444951682,49.26349245134288,70.36423956509162,12.038748889903365,16.030999111922693,0.0,22.069748001826056,28.116246669710094,5.015499555961346,16.038748889903363,4.007749777980673,4.023249333942019,7.038748889903364,10.015499555961346,11.015499555961346,2.007749777980673,9.015499555961346,11.038748889903365,3.007749777980673,6.015499555961346,1.0,4.007749777980673,6.038748889903364,0.0,20.030999111922693,4.023249333942019,8.046498667884038,0.0,4.007749777980673,4.007749777980673,8.023249333942019,2.015499555961346,0.0,6.015499555961346,12.015499555961346,8.085247557787401,4.015499555961346
TORUŃSKI,334.681183034819,2.001069096062218,1.000534548031109,0.03556361111446247,0.9649709369166465,120.96274291524696,25.26230897857896,33.87592018859985,47.380759868606745,5.073799962384469,3.9665745810099735,0.10669083334338741,9.075938154508904,14.972454609352171,2.001069096062218,4.93154551792662,1.0360981591455714,3.001603644093327,4.824854684583232,2.1077599294056055,2.001069096062218,1.0360981591455714,2.1077599294056055,5.109363573498932,0.9649709369166465,2.0366327071766803,0.0,1.1072253813744963,5.002672740155544,0.0,4.073265414353361,2.8949128107499393,5.967643677072191,0.0,1.2850434369468087,0.9649709369166465,2.966040032978864,1.929941873833293,0.0,1.929941873833293,2.0366327071766803,10.685807528312036,2.001069096062218
TUCHOLSKI,328.5512045900471,3.4540745236974395,2.4130485730909355,0.6846709050280343,0.3563550455784693,102.28280822448869,24.331304614460596,40.97189811592182,63.81823424260537,7.368254666336459,3.590800521136604,4.511800879796758,10.049141812393778,10.442619399218454,0.12764264232186084,4.838650434504532,4.454256202797159,0.0,4.626890233795958,3.234445475558134,2.184336169834327,0.11362304925740867,5.404762052328009,4.925700602374828,0.0,3.533255844137004,0.17116772625700857,2.5266716223483443,4.826097146181871,0.0,5.916798926357243,1.9851292574484143,1.7613530921389544,0.0,1.8188977691385544,0.014019593064452189,1.2773554042386244,0.18518731932146076,0.0,1.1637323549812157,1.2057911341745722,1.4345035374311808,0.41243341783627807
WĄBRZESKI,375.6913130249976,14.123733572368332,7.53265790526311,2.824746714473666,3.766328952631555,101.690881721052,26.364302668420887,34.83854281184188,74.38499681447321,5.649493428947332,0.0,2.824746714473666,13.182151334210443,6.591075667105222,4.707911190789444,4.707911190789444,5.649493428947332,3.766328952631555,5.649493428947332,5.649493428947332,7.53265790526311,3.766328952631555,5.649493428947332,6.591075667105222,0.0,7.53265790526311,0.9415822381578888,1.8831644763157775,5.649493428947332,0.0,7.53265790526311,1.8831644763157775,4.707911190789444,0.9415822381578888,3.766328952631555,0.0,0.9415822381578888,3.766328952631555,0.0,0.0,0.9415822381578888,1.8831644763157775,1.8831644763157775
MORSKI,308.05907738805354,0.11395557858719246,0.0,0.11395557858719246,0.0,147.63408677886105,2.703535115373052,17.50260108526334,72.1770936742046,7.073365634543349,3.976805746260661,3.4004414311818683,10.245895908550832,10.055969944238845,0.15194077144958995,1.0701718222899603,1.0701718222899603,1.0701718222899603,0.03798519286239749,0.9942014365651652,2.1403436445799207,0.0,5.046977568550621,2.1403436445799207,0.0,2.102358451717523,0.0,1.0321866294275628,4.090761324847853,0.0,6.307075355152569,0.15194077144958995,3.2105154668698805,0.0,0.11395557858719246,0.0,0.07597038572479498,0.9942014365651652,0.0,0.11395557858719246,0.07597038572479498,1.1841274008771527,3.058574695420291
GDYNIA (MIASTO),379.70477764984145,1.0,0.0,0.0,1.0,117.82339600774654,22.005798563434833,33.092777014957356,59.40589944043843,11.040589944043843,2.023194253739339,4.017395690304505,10.057985634348348,11.057985634348348,6.0,10.005798563434835,3.0057985634348348,1.0057985634348348,2.0,10.005798563434835,4.0115971268696695,0.0,2.028992817174174,11.01159712686967,2.0,3.0115971268696695,0.0,2.0057985634348348,8.023194253739339,0.0,13.03479138060901,2.0,0.017395690304504316,0.0,3.0,3.0,4.0,0.005798563434834772,1.0,8.0,8.0,2.0057985634348348,0.017395690304504316
BYDGOSKI,311.1996659579435,6.982043787517963,0.9974348267882804,0.0,4.987174133941402,85.77939510379211,23.93843584291873,42.889697551896056,67.82556822160306,6.982043787517963,1.9948696535765609,0.9974348267882804,9.974348267882805,5.984608960729682,0.9974348267882804,1.9948696535765609,1.9948696535765609,0.9974348267882804,3.9897393071531218,2.992304480364841,0.0,0.0,5.984608960729682,5.984608960729682,0.0,0.9974348267882804,0.0,1.9948696535765609,3.9897393071531218,0.0,4.987174133941402,3.9897393071531218,6.982043787517963,0.0,1.9948696535765609,1.9948696535765609,0.0,0.0,0.0,0.0,0.0,5.984608960729682,1.9948696535765609
BYDGOSZCZ (MIASTO),1219.8003340420564,16.017956212482037,1.0025651732117196,9.0,5.012825866058598,379.2206048962079,41.061564157081264,149.11030244810394,124.17443177839692,16.017956212482037,8.005130346423439,9.00256517321172,37.0256517321172,94.01539103927031,11.00256517321172,22.00513034642344,6.005130346423439,7.002565173211719,10.010260692846877,19.00769551963516,18.0,12.0,16.015391039270316,23.015391039270316,6.0,19.00256517321172,6.0,6.005130346423439,16.010260692846877,0.0,50.0128258660586,5.010260692846878,4.017956212482036,2.0,4.005130346423439,6.005130346423439,9.0,1.0,0.0,22.0,20.0,26.015391039270316,9.005130346423439
CHODZIESKI,462.0,24.0,7.0,14.0,3.0,119.0,25.0,50.0,106.0,13.0,0.0,20.0,17.0,2.0,2.0,10.0,4.0,1.0,3.0,5.0,2.0,5.0,6.0,5.0,0.0,7.0,0.0,5.0,4.0,0.0,9.0,4.0,1.0,0.0,2.0,0.0,2.0,1.0,0.0,0.0,3.0,5.0,0.0
CZARNKOWSKI,326.3956675935582,3.7419241828872685,0.21197833796779098,1.3179675069516865,0.21197833796779098,94.61271110908356,25.3317617176457,47.02758842138803,60.465339308017626,6.741924182887268,6.635935013903373,1.7419241828872685,11.11978337967791,9.695826703742327,0.42395667593558195,4.483848365774537,3.3179675069516863,1.0,3.4239566759355817,3.3179675069516863,4.317967506951686,3.7419241828872685,2.7419241828872685,2.5299458449194776,0.10598916898389549,3.4239566759355817,0.0,2.4239566759355817,0.8479133518711639,0.0,8.059891689838954,1.423956675935582,3.635935013903373,0.0,3.5299458449194776,0.0,0.10598916898389549,0.0,0.0,0.0,2.211978337967791,4.211978337967791,0.0
GNIEŹNIEŃSKI,339.4616862453235,10.368370026802655,7.239796019936976,2.065697572484726,0.9999285295735115,112.36613804816521,22.433064519188875,46.91496000708854,64.70500762029259,3.8479605554904843,0.28928231843666063,1.2301197545764098,13.5608561413192,5.4768675097462935,0.0658405133377029,2.6284094682848624,0.1475337677485905,0.02067375529028506,0.27535798305031606,6.525330561333277,0.06487631049428283,0.35415862893094346,10.622090051719267,3.3952917282320483,0.0,3.2467937576400376,1.0008927324169317,1.3483395053507672,1.33630601174443,0.0,3.6394072886212907,3.2919605156874554,4.689286026552488,0.7553748576893123,6.200448385469734,0.0009642028434200663,0.0009642028434200663,0.0009642028434200663,0.0,0.12686001245830544,0.0658405133377029,8.465094760296285,0.18884371442232809
GOSTYŃSKI,368.0541124859728,9.847770174603658,5.669076356248042,2.9750423346569805,1.1493932578243937,64.65271419165484,61.49124117728153,38.15607676705521,62.50161926108154,8.801788948715322,1.184179000480154,2.5251252845344836,24.348685898921232,14.254589652402684,0.24165202832297575,7.844421315136476,9.231760917603726,0.9819445366097528,10.554179914470797,11.718413833716857,1.1048290517642911,7.563351722360926,1.010269345115883,4.499223197378843,0.0,5.515953476644356,0.0,3.354934359366875,2.1758597786991474,0.0,1.445303512021611,3.739973025684298,2.200436681730055,0.0,0.30980571958766046,0.05378562785862966,0.14797623799615944,0.024576903030907662,0.0,0.0,0.1873938024487341,6.384277141693199,1.9638890732195056
INOWROCŁAWSKI,303.01655118728473,6.9317511709509585,5.94150100367225,0.9902501672787083,0.0,125.76177124439596,10.892751840065792,28.71725485108254,74.26876254590312,2.970750501836125,1.9805003345574166,0.9902501672787083,5.94150100367225,7.922001338229666,0.0,2.970750501836125,0.0,0.0,1.9805003345574166,6.9317511709509585,0.0,0.0,3.961000669114833,4.951250836393541,0.0,0.9902501672787083,0.0,2.970750501836125,3.961000669114833,0.0,1.9805003345574166,2.970750501836125,0.0,0.0,1.9805003345574166,0.0,0.0,0.0,0.0,0.9902501672787083,0.0,0.0,0.9902501672787083
JAROCIŃSKI,587.5074401137143,18.902984447603178,14.373133970058959,1.8432834925147394,2.686566985029479,180.02984447603177,44.39552032783901,65.55223683532427,108.59700955088437,9.373133970058959,3.8432834925147397,1.8432834925147394,21.2164174625737,15.746267940117916,7.529850477544218,7.529850477544218,4.84328349251474,2.686566985029479,13.216417462573697,7.216417462573697,4.84328349251474,5.0,10.373133970058959,4.84328349251474,0.8432834925147394,7.373133970058958,3.529850477544218,2.8432834925147397,5.686566985029479,0.0,15.059700955088436,4.216417462573697,0.0,0.0,4.0,0.0,1.8432834925147394,1.8432834925147394,0.0,0.8432834925147394,1.0,0.8432834925147394,0.8432834925147394
KĘPIŃSKI,528.5062145306056,11.472641956416268,7.563611987547505,0.7818059937737525,3.12722397509501,141.2537776077464,43.854313881701295,62.108761831891314,124.96307571359262,3.7818059937737525,4.3454179813212575,2.7818059937737525,17.16347791905878,16.34541798132126,1.0,7.563611987547505,5.3454179813212575,1.0,5.563611987547505,13.472641956416268,1.0,8.472641956416268,2.563611987547505,8.909029968868762,0.0,2.563611987547505,0.0,4.563611987547505,1.563611987547505,0.0,7.3454179813212575,2.7818059937737525,5.3454179813212575,1.563611987547505,8.12722397509501,0.0,2.7818059937737525,2.7818059937737525,0.0,1.0,1.7818059937737525,3.3454179813212575,1.0
KOŚCIAŃSKI,551.247318183262,3.815344429724201,0.007242340750363015,0.9035598604526637,0.007242340750363015,126.34859266629968,71.73220663045834,71.56900602363767,101.73325347004386,11.31985251040679,4.68269258642505,1.9617096783070536,26.21773275887242,23.57891640065252,4.830040203076413,9.609944205265824,5.658115670015804,0.8926963493271192,9.444490736738553,10.416292649954126,4.840903714201957,1.9544673375566906,5.600737128378439,4.77628283181423,0.0,7.666340378834678,0.0,5.729978893153895,3.793617407473112,0.0,9.519975130251826,5.575388935752169,6.547190848967742,0.0,7.533477443684041,0.979044253965936,0.0,0.9681807428403915,0.0,0.0,1.9327403153056015,0.018105851875907537,0.0
KROTOSZYŃSKI,535.5465912839327,12.69105057779336,5.673624528426572,3.0,4.017426049366788,122.62290867405191,40.99368565466031,57.296242839235404,105.26611020689737,7.508222241063624,2.9347249056853144,3.7214735733744693,31.577926438530778,7.934724905685314,8.934724905685314,15.342819953700676,6.952150955052103,0.0,9.821600766422732,14.260118810019204,2.0,7.490796191696836,14.112142572023043,5.721473573374469,0.0,9.638772429692995,1.0,5.869449811370629,3.8520237620038404,0.0,13.786748667689155,7.342819953700676,1.9347249056853144,0.0,3.1001271930482623,2.0,1.9347249056853144,2.0,0.0,0.0,0.8520237620038406,5.052278148100365,1.0
LESZCZYŃSKI,531.1206600417073,9.16910294901225,3.0,3.107303650672881,3.0,158.89649761429735,38.88092960398128,50.90658710771081,87.75397650343783,6.594012731596508,7.276406599685131,5.041199532226246,14.61724006588454,28.20862522930614,2.1029988305656153,7.2927015456909885,4.2970063657982545,3.107303650672881,9.466109314810504,16.486709080923628,4.102998830565616,4.041199532226246,8.383710250358012,7.189702715125374,2.0,2.2515020134647425,0.0,4.210302481238497,3.16910294901225,0.0,13.379405430250747,4.383710250358011,5.404310016471135,2.0,3.424909782584258,1.0205997661131232,5.0,1.0205997661131232,0.0,3.0,7.041199532226246,0.0,3.0
MIĘDZYCHODZKI,238.0,5.0,0.0,2.0,2.0,66.0,15.0,25.0,57.0,3.0,5.0,0.0,10.0,6.0,1.0,6.0,3.0,1.0,4.0,0.0,2.0,0.0,5.0,4.0,0.0,1.0,0.0,2.0,2.0,0.0,2.0,1.0,4.0,0.0,0.0,0.0,1.0,1.0,0.0,1.0,2.0,3.0,0.0
MOGILEŃSKI,630.8168052471397,9.742525822726552,4.871405852216252,3.9355957204683936,7.14704264885381e-05,190.29445053393164,28.162387013956675,80.03390109064816,100.87319465054948,17.29019498704905,3.741811118461666,2.806429809272738,20.549098572852266,29.515699812860532,2.9354527796154164,18.419217957391723,4.870905559230833,2.0,6.741811118461666,9.677692720636013,1.9354527796154164,4.677263898077083,11.484336941188218,9.677478309356548,0.0,5.806572750125715,7.14704264885381e-05,5.741882588888155,6.677335368503571,0.0,12.483836648202796,7.742025529741132,12.35481367786012,11.225433355384999,5.871334381789764,0.0,0.0,0.0,0.0,1.870905559230833,0.9354527796154165,4.6778356614889915,2.8063583388462496
NOWOTOMYSKI,745.0205899397388,27.951910452443972,4.987977613110993,10.975955226221986,3.987977613110993,198.9780971144344,48.68741794088582,75.57921645888476,133.47101497688368,5.927865678665959,3.975955226221986,24.783597035997875,27.85573135733192,18.891798517998936,8.939888065554966,16.867753744220924,7.939888065554966,3.987977613110993,11.951910452443972,9.951910452443972,6.951910452443972,4.939888065554966,16.92786567866596,6.951910452443972,0.0,11.92786567866596,0.0,5.96393283933298,6.96393283933298,0.0,12.92786567866596,8.939888065554966,11.975955226221986,2.9639328393329794,5.939888065554966,0.9879776131109931,2.0,1.9759552262219862,0.0,0.9879776131109931,3.0,6.951910452443972,1.0
OBORNICKI,371.8539658788673,6.469181498185702,1.999127343105179,2.6820324930483137,1.7880216620322091,111.5593780772042,20.794135248076806,35.83717842808988,57.56050878736161,6.539550058543359,5.434433546454284,6.3284443774703885,18.09132230139506,14.339357576436502,3.5760433240644183,12.621704474761948,2.717216773227142,0.03518428017882833,3.6112276042432465,3.0690595750154253,2.6820324930483137,6.3284443774703885,6.469181498185702,4.610791275795836,0.8940108310161046,3.6815961646009034,0.0,3.75196472495856,7.187270928307665,0.0,9.186398271412845,3.6464118844220748,5.469617826633113,0.0,4.610791275795836,0.0,0.8940108310161046,0.0,0.0,0.0,1.7880216620322091,2.069495903462836,0.0
OSTROWSKI (OSTRÓW WIELKOPOLSKI),710.9878411364081,16.04546559021024,10.649748323986168,0.3749105137115082,5.020806752512565,198.506205864289,60.276717755837794,97.5271624476143,146.40273124677543,8.59695660512287,6.728597382482529,4.209508226348561,24.710392037871312,21.825612934879352,7.387448378774308,7.823836391226803,4.563195095119582,2.313433014970521,8.806464831471429,10.310940581010037,4.15671650748526,5.4446568999022595,6.063254042393537,10.08228425125355,1.1567165074852606,3.9805528987120633,0.4701495224557818,6.427702232574807,7.749821027423017,0.0,13.512179919908833,2.9190753999710766,2.571880874997269,0.43638801245249526,5.624672593860568,1.0,2.2922093700300343,0.3749105137115082,0.0,1.1567165074852606,2.2181940062262475,7.31509166407516,2.156716507485261
POZNAŃ (MIASTO),2388.0,13.0,3.0,6.0,1.0,734.0,96.0,160.0,265.0,29.0,44.0,19.0,45.0,192.0,25.0,52.0,15.0,17.0,23.0,68.0,29.0,26.0,15.0,34.0,7.0,29.0,21.0,11.0,48.0,0.0,103.0,13.0,11.0,5.0,17.0,33.0,14.0,9.0,0.0,44.0,76.0,46.0,6.0
RAWICKI,419.1208020892938,3.1624991705122247,0.09027731695123598,3.0541663901707414,0.018055463390247196,99.06527234002458,40.08332780341483,45.63194121865865,68.01110594985384,6.144443707121978,7.018055463390247,4.036110926780494,17.415275657975684,17.25277648746346,2.0,13.12638824373173,3.1624991705122247,4.018055463390247,9.180554633902473,10.198610097292718,0.018055463390247196,3.1263882437317303,9.0,6.072221853560989,0.0,7.090277316951236,0.0,1.0541663901707417,5.036110926780494,2.0,8.018055463390247,3.0541663901707414,6.036110926780494,0.0,3.0,1.0,3.0,1.0,0.0,2.0,5.0,4.108332780341483,1.0361109267804944
SZAMOTULSKI,509.0,11.0,3.0,6.0,1.0,144.0,47.0,60.0,68.0,13.0,5.0,0.0,18.0,33.0,6.0,11.0,3.0,0.0,8.0,3.0,9.0,3.0,10.0,6.0,0.0,7.0,3.0,6.0,5.0,0.0,8.0,1.0,5.0,0.0,7.0,3.0,0.0,2.0,0.0,3.0,1.0,0.0,0.0
SZUBIŃSKI,359.0,4.0,2.0,1.0,0.0,90.0,44.0,35.0,65.0,9.0,1.0,2.0,28.0,13.0,1.0,4.0,4.0,0.0,6.0,3.0,3.0,0.0,10.0,8.0,0.0,3.0,0.0,4.0,5.0,0.0,6.0,3.0,5.0,0.0,0.0,0.0,1.0,0.0,0.0,0.0,0.0,2.0,0.0
ŚREDZKI,322.0,12.0,6.0,5.0,1.0,75.0,29.0,35.0,56.0,9.0,0.0,6.0,11.0,9.0,8.0,5.0,4.0,1.0,5.0,8.0,2.0,4.0,4.0,5.0,0.0,3.0,1.0,4.0,1.0,0.0,5.0,8.0,3.0,0.0,1.0,0.0,1.0,0.0,0.0,0.0,2.0,5.0,3.0
ŚREMSKI,449.9090201351035,7.893140704124622,1.9732851760311556,2.9599277640467334,1.9732851760311556,101.62418656560452,52.29205716482562,55.25198492887236,90.77111809743316,8.8797832921402,0.9866425880155778,8.8797832921402,19.732851760311554,10.853068468171356,1.9732851760311556,9.866425880155777,3.946570352062311,0.0,3.946570352062311,5.919855528093467,4.933212940077889,6.906498116109045,7.893140704124622,6.906498116109045,0.0,5.919855528093467,0.0,3.946570352062311,1.9732851760311556,0.0,4.933212940077889,0.9866425880155778,2.9599277640467334,0.0,8.8797832921402,3.946570352062311,0.0,0.9866425880155778,0.0,0.0,0.9866425880155778,4.933212940077889,0.0
WĄGROWIECKI,402.0,11.0,5.0,4.0,2.0,69.0,71.0,44.0,74.0,5.0,2.0,2.0,21.0,8.0,3.0,7.0,3.0,1.0,2.0,15.0,1.0,6.0,9.0,5.0,0.0,3.0,0.0,5.0,10.0,0.0,9.0,1.0,9.0,0.0,0.0,1.0,1.0,1.0,0.0,1.0,0.0,2.0,0.0
WOLSZTYŃSKI,391.0,7.0,3.0,3.0,0.0,114.0,36.0,52.0,77.0,6.0,0.0,2.0,17.0,17.0,2.0,8.0,2.0,2.0,7.0,7.0,1.0,3.0,3.0,3.0,1.0,3.0,0.0,2.0,0.0,0.0,8.0,0.0,5.0,0.0,2.0,1.0,1.0,0.0,0.0,0.0,1.0,1.0,1.0
WRZESIŃSKI,397.0,10.0,3.0,6.0,1.0,115.0,21.0,51.0,70.0,6.0,1.0,4.0,11.0,24.0,6.0,6.0,1.0,2.0,6.0,6.0,4.0,4.0,7.0,5.0,0.0,5.0,1.0,4.0,3.0,0.0,5.0,2.0,5.0,0.0,3.0,0.0,1.0,2.0,0.0,0.0,2.0,4.0,0.0
WYRZYSKI,567.0,6.0,2.0,0.0,3.0,174.0,51.0,63.0,70.0,16.0,2.0,7.0,31.0,14.0,4.0,14.0,3.0,1.0,7.0,8.0,6.0,6.0,10.0,9.0,1.0,5.0,1.0,6.0,3.0,0.0,12.0,5.0,15.0,1.0,3.0,3.0,1.0,1.0,1.0,2.0,3.0,2.0,1.0
ŻNIŃSKI,297.31337509693196,5.001576248091462,2.001270225467441,2.99870670704688,0.0,74.09497780960953,17.004399654164686,30.044642431245865,71.03389779505417,6.011807254288026,0.006397262308562688,4.000941135357741,9.002517383449202,11.026178026996613,2.99870670704688,6.008608623133745,3.000306022624021,1.9980715943131597,5.001576248091462,5.003175563668602,1.9996709098903005,2.006068172198863,7.006045104713184,6.002211360825182,0.0,2.0028695410445816,0.9990357971565799,3.003504653778302,3.0051039693554427,0.0,5.007973510400024,3.003504653778302,4.012136344397726,0.019191786925688063,0.003198631154281344,0.9990357971565799,0.9990357971565799,0.9990357971565799,0.0,1.0022344283108613,2.99870670704688,1.0070323750422832,0.004797946731422016
POZNAŃSKI,387.13790999844065,5.7245117688623885,5.6884446081953675,0.02404477377801398,0.01202238688900699,140.09424730757144,30.586833906081438,50.56251316265476,81.8910368618408,7.640697283075856,1.9161855142134676,2.1085437044375794,5.820690863974444,1.0542718522187897,0.06011193444503495,2.970457366432257,1.0061823046627618,0.9580927571067338,0.9941599177737548,10.454863619951023,0.04808954755602796,1.9522526748804885,5.748556542640403,3.8323710284269352,0.0,2.910345431987222,0.0,4.766419011755655,0.9821375308847478,0.0,6.69462691285813,1.9522526748804885,2.8622558844311943,0.036067160667020974,3.8443934153159423,0.01202238688900699,0.0,0.02404477377801398,0.0,0.01202238688900699,0.0,7.616652509297842,0.0
GNIEZNO (MIASTO),387.0,8.0,4.0,3.0,1.0,132.0,17.0,41.0,38.0,5.0,7.0,0.0,11.0,26.0,2.0,9.0,3.0,3.0,2.0,8.0,6.0,2.0,4.0,5.0,0.0,3.0,4.0,1.0,6.0,1.0,17.0,5.0,1.0,0.0,5.0,0.0,0.0,1.0,0.0,1.0,7.0,6.0,1.0
INOWROCŁAW (MIASTO),409.98344881271527,6.0682488290490415,1.05849899632775,2.0097498327212917,2.0,116.23822875560404,11.107248159934208,38.282745148917456,55.73123745409688,11.029249498163875,3.0194996654425834,5.009749832721291,12.05849899632775,25.077998661770334,10.0,12.029249498163875,2.0,3.0,4.019499665442583,12.068248829049042,6.0,2.0,3.038999330885167,13.048749163606459,1.0,3.0097498327212917,0.0,2.029249498163875,6.038999330885167,0.0,12.019499665442583,3.029249498163875,0.0,0.0,2.0194996654425834,4.0,4.0,4.0,0.0,5.009749832721291,9.0,4.0,2.0097498327212917
DOLIŃSKI,432.52018778974025,5.728744209135632,0.9547907015226054,0.0,0.9547907015226054,103.11739576444138,93.56948874921532,22.91497683654253,78.29283752485364,11.457488418271264,16.23144192588429,21.00539543349732,16.23144192588429,2.864372104567816,5.728744209135632,1.9095814030452107,5.728744209135632,6.683534910658238,0.0,2.864372104567816,0.0,7.638325612180843,0.0,2.864372104567816,0.0,0.9547907015226054,0.0,4.773953507613027,1.9095814030452107,0.0,0.9547907015226054,1.9095814030452107,0.0,0.0,4.773953507613027,0.0,0.0,0.9547907015226054,0.0,0.9547907015226054,0.0,10.50269771674866,0.9547907015226054
HORODEŃSKI,551.4701468427102,9.743288813475443,7.794631050780355,1.9486577626950887,0.0,214.35235389645976,72.10033721971828,7.794631050780355,121.79111016844304,13.640604338865622,9.743288813475443,26.306879796383697,2.9229866440426333,9.743288813475443,0.0,0.9743288813475444,20.460906508298432,1.9486577626950887,0.0,7.794631050780355,0.9743288813475444,5.845973288085267,2.9229866440426333,1.9486577626950887,0.0,0.0,0.0,5.845973288085267,1.9486577626950887,0.0,3.8973155253901774,0.9743288813475444,1.9486577626950887,0.0,0.0,1.9486577626950887,0.9743288813475444,0.9743288813475444,0.9743288813475444,0.0,0.0,0.9743288813475444,1.9486577626950887
KAŁUSKI,54.0,1.0,0.0,0.0,1.0,18.0,5.0,1.0,11.0,0.0,0.0,6.0,2.0,0.0,2.0,0.0,1.0,0.0,0.0,0.0,0.0,1.0,1.0,1.0,0.0,0.0,0.0,0.0,0.0,0.0,0.0,1.0,0.0,0.0,0.0,0.0,0.0,0.0,0.0,0.0,0.0,3.0,1.0
KOŁOMYJSKI,782.5298531572898,37.256711186524555,22.205368949219647,3.0513422373049113,8.0,221.64764610354024,111.89966278028172,17.205368949219647,134.20888983155695,11.359395661134378,14.256711186524557,41.6931202036163,3.0770133559573667,34.256711186524555,11.0,6.025671118652456,10.539093491701568,8.051342237304912,3.0,14.205368949219645,3.025671118652456,11.154026711914733,8.077013355957368,7.051342237304912,2.0,4.0,1.0,7.154026711914733,3.0513422373049113,0.0,18.102684474609823,0.025671118652455638,1.0513422373049113,0.0,2.0,3.0513422373049113,3.025671118652456,0.025671118652455638,0.025671118652455638,1.0,6.0,22.025671118652454,4.051342237304912
KOSOWSKI (KOSÓW HUCULSKI),336.0,5.0,3.0,0.0,1.0,114.0,55.0,6.0,51.0,5.0,15.0,17.0,3.0,3.0,4.0,1.0,3.0,10.0,0.0,4.0,2.0,13.0,4.0,0.0,0.0,2.0,1.0,3.0,0.0,0.0,4.0,4.0,0.0,0.0,1.0,1.0,0.0,1.0,0.0,0.0,0.0,4.0,0.0
NADWÓRNIAŃSKI,716.600835440379,6.554643481651438,1.5546434816514378,2.0,0.0,220.95895667431472,132.95895667431472,28.109286963302875,142.84146104587478,10.437147853211503,28.77321740825719,23.991791334862942,25.218573926605753,5.109286963302876,5.663930444954314,3.0,11.327860889908628,2.0,1.0,5.109286963302876,2.0,9.663930444954314,6.0,5.554643481651438,0.0,3.0,1.0,6.109286963302876,3.0,0.0,5.554643481651438,1.0,0.0,0.0,3.554643481651438,0.0,9.0,1.0,0.0,0.0,0.0,7.109286963302876,3.0
ROHATYŃSKI,353.0,7.0,6.0,0.0,0.0,53.0,123.0,6.0,59.0,6.0,10.0,20.0,10.0,5.0,5.0,1.0,5.0,2.0,0.0,6.0,1.0,9.0,2.0,1.0,0.0,0.0,0.0,5.0,2.0,0.0,5.0,1.0,1.0,0.0,0.0,0.0,0.0,1.0,0.0,0.0,0.0,7.0,0.0
STANISŁAWOWSKI,1064.6908515889188,24.85311422823836,15.743147831393955,0.061778283689596564,3.0481881131548088,208.53996015144105,199.92284319906037,37.116818399370274,208.3868448079052,14.717324152935564,7.352829224254203,53.40362123705817,19.005093964781356,67.97349909247195,19.412683041836168,11.007417601550443,13.86120905885846,19.067950852673942,6.0,21.043940010278092,8.014835203100887,19.51523183713013,15.040770511604364,9.473781891984238,1.0,11.028425373635676,1.0148352031008874,6.974744125038052,4.021007772085231,0.0,25.48737206251903,1.0148352031008874,1.0,0.0,5.445356518348562,4.0,2.0,1.0074176015504437,0.0,6.0,7.0,3.987089263006741,8.0
STRYJSKI,699.3634674543285,16.885576819362985,6.352369812726702,0.153580257124654,2.137357452752187,112.73919701807719,166.36216583317582,23.361467626281847,130.27368109781784,20.033968404527627,21.96648407968801,24.885370057825675,7.922138331240363,14.319924203981769,21.36340394513916,3.12113464837972,17.73199656223833,3.531477449316278,1.0614321028498617,9.319924203981769,6.0,10.638118850643535,7.030716051424931,14.227776049706977,2.0,8.075925349902326,3.0,8.348910698086696,4.090418596954789,0.0,15.045209298477396,2.0904185969547893,1.0307160514249307,2.0,0.2260464923869732,1.0,4.030716051424931,2.0452092984773946,0.0,2.0452092984773946,1.0,10.558734386101202,3.0452092984773946
ŚNIATYŃSKI,320.0,26.0,16.0,5.0,5.0,64.0,66.0,6.0,52.0,3.0,4.0,17.0,2.0,9.0,12.0,1.0,10.0,2.0,0.0,15.0,1.0,6.0,6.0,2.0,0.0,0.0,0.0,3.0,1.0,0.0,3.0,1.0,0.0,0.0,2.0,0.0,0.0,1.0,0.0,1.0,1.0,3.0,2.0
TŁUMACKI,412.3193087164585,23.673835907165085,16.7689671009086,3.9456393178608473,2.9592294883956356,75.95355686882131,132.17891714833837,14.796147441978178,61.15740942684313,6.9048688062564825,5.918458976791271,21.70101624823466,10.85050812411733,4.932049147326059,3.9456393178608473,0.0,8.877688465186907,4.932049147326059,0.0,7.891278635721695,0.0,10.85050812411733,2.9592294883956356,0.9864098294652118,0.0,0.9864098294652118,0.0,3.9456393178608473,0.9864098294652118,0.0,1.9728196589304237,0.0,0.0,0.0,0.0,0.0,0.0,0.0,0.0,0.0,0.0,5.918458976791271,0.0
ŻYDACZOWSKI,438.11634475593127,19.385678971501385,9.692839485750692,4.846419742875346,2.9078518457252076,90.14340721748144,124.06834541760885,8.723555537175622,49.433481377328526,15.508543177201107,37.802073994427694,28.109234508677005,4.846419742875346,5.815703691450415,2.9078518457252076,0.9692839485750692,14.539259228626037,6.784987640025484,1.9385678971501383,5.815703691450415,0.0,8.723555537175622,0.9692839485750692,2.9078518457252076,0.0,0.9692839485750692,0.0,3.8771357943002767,0.0,0.0,0.0,0.0,0.9692839485750692,0.0,0.0,0.0,0.9692839485750692,0.0,0.0,0.0,0.0,1.9385678971501383,0.0
BIELSKI (BIELSKO),388.0,5.0,2.0,0.0,1.0,126.0,33.0,50.0,60.0,50.0,4.0,6.0,3.0,0.0,2.0,0.0,2.0,0.0,0.0,7.0,3.0,1.0,0.0,5.0,0.0,2.0,0.0,3.0,0.0,0.0,3.0,1.0,0.0,0.0,1.0,5.0,6.0,0.0,0.0,0.0,1.0,9.0,13.0
BIELSKO (MIASTO),407.0,21.0,6.0,0.0,0.0,86.0,9.0,23.0,35.0,33.0,8.0,23.0,9.0,17.0,8.0,6.0,1.0,2.0,5.0,11.0,4.0,3.0,4.0,8.0,5.0,10.0,8.0,1.0,0.0,1.0,23.0,2.0,1.0,1.0,4.0,7.0,1.0,1.0,0.0,10.0,15.0,1.0,23.0
CIESZYŃSKI,701.0,9.0,1.0,2.0,1.0,182.0,41.0,47.0,138.0,45.0,12.0,23.0,5.0,16.0,9.0,6.0,5.0,1.0,4.0,18.0,2.0,4.0,1.0,12.0,4.0,3.0,4.0,9.0,7.0,0.0,18.0,1.0,3.0,1.0,11.0,6.0,12.0,5.0,0.0,4.0,19.0,14.0,15.0
TARNOGÓRSKI,441.0,3.0,2.0,0.0,1.0,172.0,33.0,69.0,53.0,7.0,1.0,5.0,4.0,15.0,5.0,3.0,4.0,1.0,2.0,8.0,4.0,1.0,3.0,7.0,0.0,5.0,0.0,0.0,5.0,0.0,4.0,2.0,0.0,2.0,0.0,0.0,2.0,1.0,0.0,1.0,4.0,15.0,9.0
KATOWICE (MIASTO),836.0,17.0,4.0,0.0,1.0,286.0,26.0,87.0,55.0,14.0,15.0,14.0,10.0,47.0,12.0,0.0,6.0,4.0,10.0,4.0,5.0,11.0,6.0,24.0,2.0,5.0,6.0,3.0,19.0,1.0,24.0,4.0,2.0,1.0,2.0,23.0,4.0,1.0,0.0,44.0,28.0,14.0,5.0
KATOWICKI,1301.4828556743485,10.624349842239578,3.541449947413193,0.8853624868532982,0.8853624868532982,523.2492297302992,114.21176080407547,202.7480094894053,89.42161117218312,67.28754900085066,13.280437302799474,6.197537407973088,20.36333719762586,25.675512118745647,8.853624868532982,22.134062171332456,9.73898735538628,4.426812434266491,15.05116227650607,8.853624868532982,14.165799789652771,3.541449947413193,7.082899894826386,16.821887250212665,0.0,7.968262381679684,4.426812434266491,10.624349842239578,19.47797471077256,0.0,23.90478714503905,0.8853624868532982,0.0,0.0,5.312174921119789,0.8853624868532982,5.312174921119789,5.312174921119789,0.0,5.312174921119789,7.082899894826386,21.248699684479156,0.8853624868532982
LUBLINIECKI,323.0,3.0,1.0,0.0,2.0,93.0,38.0,45.0,59.0,19.0,4.0,1.0,4.0,5.0,1.0,4.0,3.0,0.0,2.0,8.0,4.0,0.0,1.0,2.0,0.0,1.0,0.0,3.0,4.0,0.0,5.0,4.0,1.0,0.0,2.0,0.0,0.0,1.0,0.0,1.0,1.0,4.0,3.0
PSZCZYŃSKI,841.0,8.0,4.0,0.0,3.0,304.0,109.0,133.0,99.0,34.0,7.0,8.0,6.0,16.0,5.0,13.0,4.0,1.0,6.0,6.0,6.0,1.0,2.0,14.0,0.0,7.0,3.0,6.0,10.0,9.0,4.0,0.0,2.0,0.0,1.0,1.0,1.0,3.0,0.0,1.0,2.0,9.0,5.0
RYBNICKI,1373.0,2.0,1.0,1.0,0.0,546.0,66.0,160.0,255.0,23.0,4.0,9.0,18.0,35.0,17.0,21.0,9.0,8.0,12.0,14.0,16.0,1.0,3.0,6.0,1.0,12.0,9.0,7.0,9.0,0.0,21.0,6.0,1.0,4.0,3.0,1.0,3.0,5.0,0.0,5.0,7.0,54.0,2.0
ŚWIĘTOCHŁOWICKI,1027.6743779637109,1.968724861999446,0.984362430999723,0.984362430999723,0.0,371.1046364868956,102.3736928239712,251.99678233592908,54.13993370498476,23.62469834399335,6.890537016998061,5.906174585998338,9.84362430999723,13.781074033996122,17.718523757995015,15.749798895995568,5.906174585998338,1.968724861999446,6.890537016998061,3.937449723998892,9.84362430999723,1.968724861999446,3.937449723998892,8.859261878997508,1.968724861999446,5.906174585998338,2.953087292999169,8.859261878997508,20.671611050994184,0.0,15.749798895995568,0.984362430999723,0.0,0.984362430999723,2.953087292999169,6.890537016998061,2.953087292999169,5.906174585998338,0.984362430999723,2.953087292999169,5.906174585998338,22.640335912993628,0.984362430999723
CHORZÓW,1102.8427663619407,15.406925295760974,0.4741876215870839,2.1302750821469787,3.1146375131467017,427.6461337828051,78.41454637195332,139.2552081746656,51.43845512283211,32.08775265515598,17.829025680202466,18.896288006028577,19.79303849237691,34.54341384725823,25.427851373472002,33.11613893267197,9.35483805861538,4.604462703734063,14.058300706495867,5.208925407468126,9.990575900349997,3.4898251905873607,1.979650381174722,12.318850870789827,2.031275138000554,5.125563032321978,3.62010027273434,4.516388278762913,25.850414238233252,0.0,23.34541395896538,5.130275082146979,0.0,0.01563756900027702,1.7347377858810413,10.22410049614864,3.734737785881041,1.7816504928818724,0.01563756900027702,13.734737785881041,22.010925519175274,25.110964402527213,7.130275082146979
BORSZCZOWSKI,379.94218737599266,11.811674218942777,9.843061849118982,0.9843061849118981,0.9843061849118981,59.05837109471389,128.94411022345867,6.890143294383287,69.88573912874477,5.905837109471388,0.9843061849118981,27.560573177533147,4.921530924559491,6.890143294383287,6.890143294383287,0.9843061849118981,9.843061849118982,0.0,0.9843061849118981,14.764592773678473,0.9843061849118981,7.874449479295185,1.9686123698237963,0.0,0.0,0.9843061849118981,0.0,4.921530924559491,0.0,0.0,1.9686123698237963,0.9843061849118981,0.0,0.0,0.0,0.0,0.9843061849118981,0.0,0.0,0.0,0.0,2.952918554735694,0.0
BRODZKI,403.58505205081156,22.242233246676456,14.242233246676458,0.0,6.0,64.59347145435731,94.04160296070876,7.036334987001468,86.64191810369262,10.08478163633676,12.08478163633676,17.33912654534704,5.024223324667646,14.036334987001469,4.0,7.0,3.0242233246676458,3.0363349870014686,1.0,6.0484466493352915,2.0,10.121116623338228,6.024223324667646,4.012111662333822,0.0,2.0,1.0,5.0484466493352915,0.012111662333822848,0.0,3.0,3.0,1.0,0.0,1.0,2.0,3.0,0.012111662333822848,0.0,0.0,0.0,3.1211166233382284,4.024223324667646
BRZEŻAŃSKI,392.2246051955914,6.002145241746704,4.031812477284647,0.9851663822310286,0.9851663822310286,60.09514931609274,138.94491867391923,13.59180606484123,53.16252586113133,10.782142035524995,3.010187315709405,24.410406879710436,5.0169788595156755,5.838080734697745,4.88937313181093,2.9190403673488725,6.932623454961413,2.900810977676766,0.9669369925589221,8.811809271062938,1.9703327644620572,7.808413499159802,3.8677479702356883,1.003395771903135,0.0,2.937269757020979,1.003395771903135,4.907602521483036,0.9851663822310286,0.0,7.771954719815589,1.003395771903135,0.0,0.0,0.9669369925589221,0.9669369925589221,1.9338739851178441,0.0182293896721065,0.0,0.0,0.0,6.805017727256668,0.9669369925589221
BUCZACKI,491.48361179076494,14.744508353722948,7.863737788652239,0.9829672235815299,4.914836117907649,70.77364009787016,145.47914909006641,6.880770565070709,105.1774929232237,8.84670501223377,3.9318688943261195,25.557147813119776,7.863737788652239,11.79560668297836,6.880770565070709,6.880770565070709,17.69341002446754,0.9829672235815299,0.0,18.676377248049068,0.9829672235815299,7.863737788652239,2.94890167074459,2.94890167074459,0.9829672235815299,2.94890167074459,0.9829672235815299,6.880770565070709,0.9829672235815299,0.0,4.914836117907649,0.0,0.0,0.0,0.0,0.9829672235815299,0.9829672235815299,0.9829672235815299,0.0,0.0,0.9829672235815299,2.94890167074459,0.0
CZORTKOWSKI,375.51060203080385,12.58135675930654,10.355421030752641,0.06765688580858971,2.141246066326839,50.84574424179528,101.17458177011189,6.632969832009869,80.84921367720901,5.745216302976023,7.202808182965337,17.520852995609086,3.7605180006960106,10.435415130077514,10.4201118365892,2.180769694008148,6.82702344873096,0.05742114556485654,4.015693815088102,9.927983375434307,1.1025871801106073,9.667878268752245,4.163262697724387,4.120958917859445,0.01703277641847011,2.171583027249565,0.01703277641847011,1.3297797674976972,1.0224908512628388,0.0,4.261730764320994,1.0560821842344883,1.0,0.0,1.0,0.08689336502250543,3.032726591506572,1.0224908512628388,0.0,2.0,1.0170327764184701,7.243359026572155,1.0054580748443687
KAMIONECKI,272.612306941751,11.94996124791977,7.9813792126639775,0.008843028430478312,1.9798695034126574,57.36757894259943,59.59947475628073,2.9742257693342253,61.45554186166668,7.923899527865869,0.04421514215239156,18.79991725398977,0.013264542645717468,0.03537211372191325,4.9452522443164035,0.008843028430478312,2.9653827409037468,6.9162787192985835,0.0,5.9396085102379725,1.971026474982179,10.87159621190866,0.017686056860956624,2.9698042551189863,0.0,0.0,0.9899347517063287,2.9786472835494644,0.9943562659215679,0.0,0.013264542645717468,0.013264542645717468,0.008843028430478312,0.0,0.0,0.0,1.971026474982179,1.971026474982179,0.0,0.9855132374910895,0.004421514215239156,5.913079424946537,0.0
PODHAJECKI,342.9722590896623,10.717883096551947,8.769177078997048,0.9743530087774498,0.9743530087774498,59.43553353542444,139.3324802551753,2.9230590263323495,50.66635645642739,7.794824070219598,5.846118052664699,12.666589114106847,9.743530087774499,1.9487060175548996,2.9230590263323495,0.9743530087774498,8.769177078997048,0.0,0.0,5.846118052664699,1.9487060175548996,3.897412035109799,0.0,1.9487060175548996,0.0,1.9487060175548996,1.9487060175548996,3.897412035109799,0.9743530087774498,0.0,1.9487060175548996,1.9487060175548996,0.0,0.0,0.0,0.0,0.0,0.9743530087774498,0.0,0.0,0.0,1.9487060175548996,0.0
PRZEMYŚLAŃSKI,244.0,1.0,1.0,0.0,0.0,33.0,88.0,1.0,73.0,4.0,3.0,9.0,2.0,2.0,0.0,0.0,4.0,0.0,1.0,3.0,0.0,5.0,0.0,1.0,0.0,0.0,0.0,2.0,2.0,0.0,2.0,0.0,0.0,0.0,1.0,1.0,0.0,0.0,0.0,0.0,0.0,6.0,0.0
RADZIECHOWSKI,292.41494794918844,19.757766753323544,19.757766753323544,0.0,0.0,48.406528545642686,84.95839703929124,2.963665012998532,52.3580818963074,6.91521836366324,6.91521836366324,27.66087345465296,1.9757766753323545,2.963665012998532,0.0,0.0,1.9757766753323545,2.963665012998532,0.0,3.951553350664709,0.0,9.878883376661772,1.9757766753323545,0.9878883376661772,0.0,0.0,0.0,3.951553350664709,0.9878883376661772,0.0,0.0,0.0,0.0,0.0,0.0,0.0,0.0,0.9878883376661772,0.0,0.0,0.0,9.878883376661772,1.9757766753323545
SKAŁACKI,450.10746915586486,42.96036581964871,36.125762166522776,0.9763719504465616,3.905487801786246,47.842225571881514,124.97560965715988,13.669207306251861,79.08612798617149,24.409298761164038,15.621951207144985,27.338414612503723,1.952743900893123,10.740091454912177,4.881859752232808,3.905487801786246,7.810975603572492,1.952743900893123,0.0,11.716463405358738,2.9291158513396844,10.740091454912177,0.0,2.9291158513396844,0.0,0.9763719504465616,0.9763719504465616,2.9291158513396844,2.9291158513396844,0.0,2.9291158513396844,0.9763719504465616,0.0,0.0,0.0,0.0,0.0,0.9763719504465616,0.0,0.0,0.0,1.952743900893123,0.0
TARNOPOLSKI,730.8327922816609,18.90231822837863,9.97643107383387,1.0174809118480337,5.939570433882813,83.72352951968308,197.60779331295532,24.088911809942033,135.6662374011642,15.129961647956195,36.5226514853806,38.23445555349127,1.1497329416123454,32.68416889007601,9.025076176867993,10.927785970799748,6.137948478529281,8.958950161985836,2.0018988162549896,22.939178868329687,6.9570513457308465,11.093101008005139,8.007595265019958,2.0018988162549896,0.9844179044069559,5.0212785443580135,0.0330630074410779,5.087404559240169,3.9707346250689013,0.0,15.030772625632961,4.955152529475857,2.9532537132208674,0.0,2.0018988162549896,1.0174809118480337,2.0349618236960674,0.9844179044069559,0.0,5.906507426441735,2.9532537132208674,6.137948478529281,4.955152529475857
TREMBOWELSKI,336.3147415232161,8.131472960466969,6.748443086808465,0.03921014514648259,1.2239730675733524,48.903956190818356,107.1470659311872,10.733034980828915,63.04149447485406,9.899280081410641,10.775417439758082,22.96761286121426,4.413843231133769,4.047728069645091,3.3248576248628883,2.296425470694204,9.399099778969264,1.223463255245608,0.031164191186088274,11.043034121940316,0.17995881781162432,4.782316633045156,2.1137406150556157,0.2263274517835111,0.015582095593044137,0.10153852751865915,0.023628049553438456,5.287209734986503,1.1691808268338257,0.0,1.3820102490030137,1.137506823319993,0.04674628677913241,0.0,0.031164191186088274,0.015582095593044137,0.031164191186088274,1.033752070302114,0.0,0.09349257355826482,0.0881726574248349,1.1767169684664756,1.155305144412257
ZALESZCZYCKI,284.6955631809048,2.895209117093947,0.9650697056979823,0.9650697056979823,0.9650697056979823,39.567857933617276,84.92613410142245,9.650697056979823,44.39320646210719,12.545906174073771,1.9301394113959647,14.476045585469736,14.476045585469736,2.895209117093947,4.825348528489911,0.9650697056979823,8.685627351281841,0.9650697056979823,0.0,8.685627351281841,1.9301394113959647,10.615766762677806,1.9301394113959647,1.9301394113959647,0.0,2.895209117093947,0.0,2.895209117093947,0.0,0.0,3.8602788227919294,0.9650697056979823,0.0,0.0,0.0,1.9301394113959647,0.0,0.0,0.0,0.0,0.0,3.8602788227919294,0.0
ZBARASKI,247.0,26.0,24.0,2.0,0.0,30.0,88.0,5.0,32.0,14.0,1.0,11.0,1.0,8.0,2.0,1.0,4.0,2.0,1.0,5.0,0.0,4.0,1.0,0.0,0.0,1.0,0.0,3.0,0.0,0.0,4.0,1.0,0.0,0.0,1.0,0.0,0.0,0.0,0.0,0.0,0.0,1.0,0.0
ZBOROWSKI,319.0,15.0,11.0,1.0,3.0,28.0,126.0,3.0,55.0,9.0,8.0,20.0,0.0,5.0,4.0,1.0,13.0,4.0,1.0,8.0,0.0,6.0,1.0,1.0,0.0,1.0,0.0,4.0,1.0,0.0,2.0,0.0,1.0,0.0,0.0,0.0,0.0,0.0,0.0,0.0,0.0,2.0,1.0
ZŁOCZOWSKI,478.9838596899504,16.173841150106927,12.115894100071284,2.0,0.02897352501782094,77.8402322255168,106.86920575053463,19.04346028752673,127.89817927555245,8.115894100071284,7.0,27.275248487669298,2.0,14.0,4.072433812544553,2.0,4.043460287526732,3.101407337562373,0.0,5.086920575053463,2.028973525017821,8.159354387598015,6.0,5.043460287526732,0.0,3.0,2.0144867625089105,6.043460287526732,3.0144867625089105,0.0,5.0,1.0,0.0,0.0,0.0,0.0,1.028973525017821,0.02897352501782094,0.0,0.01448676250891047,1.0,11.086920575053464,1.0
KOPYCZYNIECKI,386.3051726297819,19.17147258708595,17.254325328377355,0.0,0.9585736293542976,39.3015188035262,129.40743996283018,1.9171472587085951,76.6858903483438,25.881487992566033,20.13004621644025,19.17147258708595,8.627162664188678,6.710015405480083,1.9171472587085951,0.9585736293542976,3.8342945174171903,0.9585736293542976,0.0,10.544309922897273,0.0,8.627162664188678,0.0,2.875720888062893,0.0,0.0,0.0,3.8342945174171903,0.9585736293542976,0.0,1.9171472587085951,0.9585736293542976,0.0,0.0,0.0,0.0,0.0,0.0,0.0,0.0,0.9585736293542976,0.9585736293542976,1.9171472587085951
BŁOŃSKI,1000.0,15.0,13.0,0.0,0.0,387.0,63.0,158.0,73.0,9.0,19.0,20.0,28.0,37.0,2.0,11.0,2.0,17.0,1.0,50.0,2.0,19.0,9.0,11.0,0.0,4.0,3.0,7.0,9.0,0.0,18.0,0.0,2.0,0.0,1.0,1.0,2.0,4.0,0.0,1.0,5.0,10.0,0.0
CIECHANOWSKI,375.0,14.0,11.0,0.0,1.0,181.0,22.0,22.0,20.0,6.0,0.0,10.0,3.0,19.0,2.0,3.0,1.0,5.0,1.0,18.0,2.0,9.0,4.0,5.0,0.0,2.0,2.0,2.0,4.0,0.0,3.0,0.0,2.0,0.0,10.0,0.0,2.0,0.0,0.0,1.0,0.0,0.0,2.0
GOSTYNIŃSKI,379.0,24.0,20.0,0.0,4.0,86.0,77.0,31.0,37.0,11.0,6.0,11.0,5.0,15.0,5.0,4.0,6.0,3.0,3.0,10.0,0.0,5.0,2.0,6.0,0.0,2.0,1.0,3.0,3.0,0.0,6.0,1.0,0.0,0.0,7.0,0.0,0.0,2.0,0.0,2.0,0.0,5.0,1.0
GRÓJECKI,756.0,27.0,24.0,1.0,2.0,334.0,30.0,103.0,75.0,9.0,6.0,33.0,14.0,18.0,1.0,4.0,3.0,3.0,1.0,24.0,0.0,21.0,10.0,10.0,0.0,1.0,0.0,8.0,2.0,0.0,4.0,1.0,2.0,0.0,4.0,0.0,0.0,1.0,0.0,1.0,1.0,5.0,0.0
KUTNOWSKI,688.0,36.0,28.0,4.0,2.0,167.0,110.0,77.0,48.0,10.0,15.0,32.0,20.0,28.0,10.0,8.0,11.0,6.0,4.0,28.0,0.0,15.0,10.0,10.0,0.0,3.0,0.0,4.0,7.0,0.0,7.0,0.0,4.0,0.0,6.0,2.0,0.0,1.0,0.0,2.0,2.0,5.0,1.0
LIPNOWSKI,524.0,26.0,25.0,0.0,0.0,135.0,96.0,45.0,52.0,9.0,2.0,19.0,28.0,23.0,10.0,5.0,6.0,6.0,1.0,7.0,2.0,10.0,6.0,6.0,0.0,5.0,2.0,6.0,2.0,0.0,2.0,0.0,3.0,0.0,4.0,0.0,0.0,1.0,0.0,3.0,0.0,2.0,4.0
ŁOWICKI,575.0,34.0,28.0,1.0,5.0,192.0,80.0,43.0,55.0,4.0,6.0,16.0,9.0,27.0,5.0,5.0,12.0,3.0,1.0,26.0,0.0,8.0,3.0,8.0,0.0,2.0,0.0,4.0,2.0,0.0,13.0,2.0,3.0,0.0,3.0,0.0,1.0,0.0,0.0,2.0,5.0,1.0,3.0
MAKOWSKI (MAKÓW MAZOWIECKI),291.0,17.0,14.0,0.0,3.0,94.0,30.0,18.0,38.0,6.0,3.0,13.0,5.0,17.0,0.0,2.0,3.0,4.0,0.0,9.0,0.0,7.0,1.0,4.0,0.0,1.0,0.0,3.0,2.0,0.0,4.0,1.0,1.0,0.0,7.0,0.0,0.0,1.0,0.0,0.0,0.0,0.0,1.0
MIŃSKI,592.0,26.0,1.0,20.0,5.0,173.0,80.0,37.0,81.0,12.0,7.0,24.0,11.0,19.0,3.0,3.0,9.0,6.0,0.0,17.0,0.0,16.0,9.0,6.0,0.0,6.0,1.0,8.0,8.0,0.0,7.0,2.0,2.0,0.0,7.0,1.0,7.0,0.0,0.0,1.0,0.0,3.0,1.0
MŁAWSKI,505.0,15.0,13.0,0.0,2.0,188.0,92.0,24.0,30.0,8.0,3.0,17.0,6.0,22.0,6.0,3.0,3.0,8.0,1.0,17.0,1.0,10.0,6.0,7.0,0.0,5.0,0.0,5.0,5.0,0.0,7.0,3.0,0.0,0.0,7.0,0.0,1.0,1.0,0.0,3.0,0.0,1.0,1.0
NIESZAWSKI,579.0,11.0,10.0,1.0,0.0,147.0,151.0,71.0,33.0,8.0,3.0,12.0,24.0,21.0,10.0,2.0,8.0,6.0,0.0,14.0,1.0,10.0,2.0,6.0,0.0,3.0,0.0,8.0,5.0,0.0,6.0,1.0,2.0,0.0,7.0,0.0,0.0,1.0,0.0,1.0,1.0,4.0,2.0
PŁOCKI,813.0,50.0,35.0,3.0,11.0,144.0,162.0,76.0,67.0,6.0,14.0,33.0,20.0,34.0,11.0,11.0,11.0,7.0,0.0,33.0,5.0,17.0,7.0,26.0,2.0,4.0,3.0,8.0,7.0,0.0,15.0,1.0,4.0,0.0,16.0,0.0,4.0,1.0,0.0,3.0,6.0,5.0,5.0
PŁOŃSKI,378.0,23.0,20.0,1.0,2.0,142.0,36.0,21.0,38.0,5.0,4.0,11.0,8.0,17.0,0.0,3.0,4.0,3.0,0.0,23.0,1.0,10.0,2.0,3.0,0.0,4.0,0.0,3.0,0.0,0.0,6.0,2.0,2.0,0.0,3.0,0.0,0.0,0.0,0.0,0.0,0.0,4.0,1.0
PRZASNYCKI,377.0,13.0,11.0,0.0,2.0,101.0,68.0,36.0,50.0,5.0,3.0,12.0,4.0,19.0,0.0,2.0,1.0,6.0,1.0,10.0,1.0,10.0,3.0,3.0,1.0,1.0,0.0,4.0,2.0,0.0,8.0,0.0,1.0,0.0,7.0,0.0,0.0,0.0,0.0,0.0,1.0,4.0,0.0
PUŁTUSKI,673.0,21.0,18.0,1.0,2.0,257.0,53.0,58.0,65.0,13.0,0.0,21.0,20.0,31.0,10.0,5.0,14.0,1.0,1.0,8.0,4.0,17.0,9.0,13.0,0.0,2.0,2.0,6.0,7.0,0.0,9.0,0.0,5.0,0.0,9.0,1.0,1.0,2.0,0.0,1.0,0.0,7.0,2.0
RADZYMIŃSKI,632.0,5.0,0.0,3.0,2.0,242.0,94.0,74.0,62.0,6.0,2.0,8.0,15.0,21.0,5.0,0.0,10.0,0.0,0.0,33.0,1.0,11.0,3.0,5.0,1.0,0.0,0.0,6.0,5.0,0.0,10.0,1.0,0.0,0.0,2.0,2.0,0.0,4.0,0.0,0.0,1.0,3.0,0.0
RAWSKI (RAWA MAZOWIECKA),339.0,12.0,10.0,0.0,1.0,117.0,32.0,45.0,38.0,12.0,4.0,11.0,4.0,10.0,0.0,2.0,5.0,1.0,0.0,9.0,0.0,9.0,1.0,2.0,0.0,0.0,0.0,5.0,1.0,0.0,2.0,5.0,3.0,0.0,3.0,0.0,0.0,1.0,0.0,1.0,0.0,4.0,0.0
RYPIŃSKI,502.0,21.0,15.0,1.0,4.0,177.0,54.0,64.0,38.0,4.0,1.0,12.0,8.0,28.0,11.0,5.0,8.0,4.0,4.0,9.0,0.0,10.0,6.0,6.0,0.0,4.0,0.0,2.0,2.0,0.0,4.0,1.0,1.0,0.0,4.0,0.0,0.0,1.0,1.0,4.0,4.0,4.0,0.0
SIERPECKI,556.0,44.0,36.0,4.0,4.0,114.0,112.0,48.0,31.0,7.0,9.0,24.0,9.0,36.0,12.0,8.0,16.0,1.0,1.0,22.0,3.0,14.0,5.0,8.0,0.0,4.0,1.0,5.0,3.0,0.0,8.0,1.0,2.0,0.0,5.0,0.0,0.0,1.0,0.0,0.0,1.0,1.0,1.0
SKIERNIEWICKI,451.0,10.0,4.0,0.0,4.0,137.0,99.0,55.0,30.0,4.0,0.0,9.0,8.0,18.0,2.0,6.0,6.0,4.0,0.0,13.0,1.0,5.0,4.0,7.0,0.0,4.0,1.0,1.0,3.0,0.0,7.0,1.0,0.0,0.0,0.0,0.0,0.0,0.0,0.0,0.0,0.0,16.0,0.0
SOCHACZEWSKI,438.0,25.0,18.0,2.0,4.0,105.0,130.0,37.0,18.0,3.0,1.0,7.0,9.0,14.0,8.0,3.0,5.0,3.0,2.0,23.0,1.0,9.0,5.0,3.0,0.0,3.0,1.0,3.0,3.0,0.0,4.0,0.0,4.0,1.0,1.0,0.0,0.0,0.0,1.0,2.0,2.0,2.0,1.0
WARSZAWSKI,1628.0,16.0,6.0,1.0,9.0,762.0,74.0,188.0,136.0,19.0,4.0,12.0,41.0,48.0,11.0,7.0,4.0,5.0,1.0,86.0,4.0,35.0,15.0,37.0,0.0,3.0,0.0,13.0,20.0,0.0,20.0,3.0,0.0,0.0,3.0,6.0,38.0,7.0,0.0,1.0,1.0,8.0,0.0
WŁOCŁAWSKI,957.0,37.0,29.0,2.0,2.0,231.0,126.0,101.0,80.0,22.0,10.0,36.0,35.0,58.0,21.0,8.0,20.0,5.0,4.0,29.0,7.0,22.0,8.0,24.0,1.0,9.0,2.0,11.0,1.0,0.0,14.0,2.0,3.0,0.0,9.0,2.0,3.0,2.0,0.0,3.0,6.0,5.0,3.0
DUBIEŃSKI,917.0,67.0,58.0,3.0,5.0,166.0,206.0,32.0,117.0,38.0,28.0,57.0,6.0,21.0,10.0,10.0,18.0,9.0,1.0,12.0,5.0,18.0,10.0,3.0,0.0,6.0,1.0,12.0,18.0,0.0,12.0,3.0,0.0,0.0,6.0,0.0,6.0,0.0,0.0,5.0,2.0,12.0,3.0
HOROCHOWSKI,540.0,29.0,25.0,1.0,3.0,62.0,148.0,28.0,59.0,15.0,19.0,50.0,6.0,8.0,10.0,5.0,24.0,5.0,0.0,13.0,1.0,16.0,4.0,4.0,1.0,0.0,1.0,5.0,6.0,0.0,3.0,1.0,0.0,0.0,0.0,0.0,1.0,0.0,0.0,5.0,0.0,11.0,0.0
KOWELSKI,1015.0,23.0,17.0,1.0,4.0,211.0,272.0,57.0,95.0,27.0,29.0,43.0,24.0,28.0,19.0,17.0,18.0,3.0,0.0,12.0,4.0,31.0,12.0,13.0,0.0,3.0,2.0,11.0,14.0,0.0,10.0,3.0,0.0,1.0,4.0,7.0,1.0,0.0,0.0,6.0,4.0,11.0,1.0
KRZEMIENIECKI,945.0,36.0,34.0,1.0,1.0,241.0,224.0,11.0,101.0,27.0,19.0,63.0,5.0,28.0,15.0,9.0,29.0,12.0,0.0,16.0,5.0,19.0,8.0,4.0,2.0,2.0,2.0,6.0,18.0,0.0,18.0,2.0,3.0,0.0,0.0,3.0,8.0,2.0,1.0,2.0,1.0,3.0,2.0
LUBOMELSKI,235.0,7.0,5.0,1.0,1.0,34.0,81.0,5.0,21.0,10.0,5.0,15.0,5.0,5.0,8.0,3.0,4.0,5.0,0.0,1.0,0.0,5.0,3.0,3.0,0.0,0.0,0.0,2.0,2.0,0.0,2.0,1.0,0.0,0.0,1.0,0.0,0.0,1.0,0.0,1.0,1.0,4.0,0.0
ŁUCKI,1509.0,74.0,67.0,1.0,6.0,311.0,288.0,55.0,171.0,25.0,69.0,67.0,20.0,61.0,36.0,21.0,16.0,14.0,2.0,42.0,5.0,30.0,19.0,29.0,2.0,9.0,1.0,10.0,28.0,0.0,28.0,5.0,5.0,0.0,17.0,4.0,8.0,2.0,0.0,15.0,9.0,11.0,2.0
RÓWIEŃSKI,1594.0,125.0,108.0,4.0,11.0,318.0,294.0,90.0,187.0,27.0,35.0,103.0,24.0,59.0,29.0,20.0,24.0,21.0,1.0,30.0,4.0,32.0,22.0,20.0,4.0,6.0,2.0,8.0,33.0,0.0,22.0,2.0,1.0,1.0,7.0,7.0,10.0,1.0,0.0,8.0,6.0,11.0,6.0
WŁODZIMIERSKI,640.0,31.0,29.0,0.0,1.0,99.0,147.0,36.0,90.0,13.0,14.0,34.0,3.0,27.0,26.0,12.0,18.0,5.0,1.0,18.0,1.0,12.0,6.0,9.0,1.0,1.0,0.0,5.0,7.0,0.0,7.0,0.0,2.0,3.0,2.0,1.0,3.0,0.0,1.0,1.0,1.0,3.0,0.0
KOSTOPOLSKI,545.0,17.0,13.0,0.0,0.0,106.0,160.0,24.0,58.0,16.0,23.0,40.0,4.0,13.0,6.0,7.0,9.0,6.0,0.0,2.0,0.0,18.0,1.0,2.0,0.0,2.0,1.0,5.0,9.0,0.0,3.0,0.0,0.0,0.0,2.0,1.0,3.0,0.0,0.0,6.0,0.0,1.0,0.0
ZDOŁBUNOWSKI,507.0,22.0,13.0,4.0,4.0,72.0,143.0,22.0,70.0,19.0,14.0,35.0,2.0,12.0,8.0,3.0,10.0,6.0,0.0,5.0,0.0,11.0,4.0,3.0,1.0,2.0,0.0,4.0,7.0,0.0,13.0,2.0,4.0,0.0,3.0,1.0,2.0,2.0,0.0,3.0,0.0,2.0,0.0
SARNEŃSKI,520.0,7.0,1.0,0.0,3.0,105.0,132.0,51.0,27.0,25.0,18.0,35.0,15.0,10.0,7.0,6.0,7.0,7.0,1.0,2.0,0.0,15.0,3.0,3.0,1.0,1.0,0.0,5.0,13.0,0.0,8.0,0.0,1.0,0.0,0.0,0.0,2.0,2.0,0.0,1.0,0.0,10.0,0.0
OSZMIAŃSKI,462.2546747075736,15.939816369226676,12.951100799996674,0.0,0.0,93.64642116920672,95.63889821536006,30.883394215376686,69.73669661536671,10.95862375384334,2.988715569230002,18.92853193845668,9.962385230766673,16.936054892303343,6.973669661536671,10.95862375384334,1.9924770461533345,10.95862375384334,0.0,1.9924770461533345,0.0,14.94357784615001,0.9962385230766673,2.988715569230002,0.0,0.9962385230766673,1.9924770461533345,6.973669661536671,13.947339323073342,0.0,5.977431138460004,0.9962385230766673,0.9962385230766673,0.0,1.9924770461533345,0.0,1.9924770461533345,0.9962385230766673,0.0,2.988715569230002,0.0,4.981192615383336,0.0
ŚWIĘCIAŃSKI,525.0,21.0,13.0,1.0,3.0,64.0,174.0,34.0,68.0,15.0,7.0,21.0,30.0,3.0,2.0,2.0,24.0,5.0,0.0,0.0,0.0,12.0,2.0,3.0,0.0,2.0,0.0,13.0,7.0,0.0,8.0,0.0,0.0,0.0,2.0,0.0,1.0,0.0,0.0,1.0,0.0,4.0,0.0
WILNO (MIASTO),2445.0,32.0,4.0,1.0,14.0,684.0,237.0,185.0,302.0,10.0,21.0,55.0,16.0,144.0,39.0,40.0,11.0,53.0,4.0,45.0,28.0,38.0,27.0,45.0,16.0,19.0,0.0,15.0,68.0,2.0,100.0,18.0,1.0,0.0,13.0,24.0,42.0,2.0,0.0,12.0,62.0,35.0,9.0
DZIŚNIEŃSKI,588.0,32.0,21.0,0.0,3.0,107.0,170.0,20.0,63.0,10.0,14.0,43.0,10.0,16.0,4.0,6.0,6.0,13.0,0.0,1.0,0.0,17.0,3.0,6.0,0.0,0.0,0.0,10.0,18.0,0.0,3.0,0.0,1.0,0.0,0.0,2.0,2.0,2.0,0.0,5.0,0.0,4.0,1.0
WILEJSKI,448.0,15.0,13.0,0.0,1.0,76.0,131.0,24.0,59.0,11.0,16.0,29.0,7.0,4.0,2.0,6.0,5.0,6.0,0.0,0.0,0.0,13.0,0.0,0.0,0.0,1.0,0.0,7.0,9.0,0.0,4.0,1.0,3.0,0.0,0.0,1.0,1.0,1.0,0.0,1.0,0.0,15.0,0.0
WILEŃSKO-TROCKI,639.7453252924263,8.060183630773322,4.048899200003324,0.0,2.0,115.35357883079327,238.36110178463994,31.11660578462331,126.26330338463329,22.04137624615666,5.011284430769998,16.07146806154332,20.037614769233326,2.0639451076966546,0.026330338463328357,0.041376246156658844,7.0075229538466655,5.041376246156659,0.0,0.007522953846665245,0.0,7.056422153849989,0.0037614769233326223,2.0112844307699977,0.0,0.0037614769233326223,0.007522953846665245,16.026330338463328,6.052660676926656,0.0,2.022568861539996,0.0037614769233326223,0.0037614769233326223,0.0,3.0075229538466655,0.0,2.0075229538466655,0.0037614769233326223,0.0,1.011284430769998,0.0,4.018807384616663,0.0
POSTAWSKI,268.0,5.0,3.0,1.0,0.0,23.0,114.0,11.0,41.0,4.0,8.0,14.0,7.0,0.0,2.0,5.0,5.0,4.0,0.0,0.0,0.0,3.0,0.0,0.0,0.0,0.0,0.0,5.0,6.0,0.0,1.0,0.0,0.0,2.0,0.0,1.0,0.0,0.0,0.0,3.0,1.0,3.0,4.0
MOŁODECZAŃSKI,432.0,14.0,10.0,1.0,0.0,79.0,112.0,29.0,54.0,10.0,2.0,27.0,25.0,12.0,0.0,1.0,13.0,10.0,0.0,1.0,1.0,11.0,2.0,2.0,0.0,2.0,0.0,7.0,11.0,0.0,1.0,0.0,2.0,0.0,0.0,1.0,0.0,0.0,0.0,0.0,1.0,2.0,0.0
