Region;District;0,0 - 0,5 ha/Liczba gospodarstw;0,0 - 0,5 ha/Powierzchnia;0,0 - 0,5 ha/Grunt orny;0,0 - 0,5 ha/Łąki;0,0 - 0,5 ha/Pastwiska stałe, połoniny i wrzosowiska;0,0 - 0,5 ha/Sady owocowe i ogrody warzywne;0,0 - 0,5 ha/Grunt w użytkowaniu leśnem;0,0 - 0,5 ha/Stawy, jeziora i eksploatowane torfowiska;0,0 - 0,5 ha/Pod zabudowaniami i drogami;0,0 - 0,5 ha/Nieużytki;0,5 - 1,0 ha/Liczba gospodarstw;0,5 - 1,0 ha/Powierzchnia;0,5 - 1,0 ha/Grunt orny;0,5 - 1,0 ha/Łąki;0,5 - 1,0 ha/Pastwiska stałe, połoniny i wrzosowiska;0,5 - 1,0 ha/Sady owocowe i ogrody warzywne;0,5 - 1,0 ha/Grunt w użytkowaniu leśnem;0,5 - 1,0 ha/Stawy, jeziora i eksploatowane torfowiska;0,5 - 1,0 ha/Pod zabudowaniami i drogami;0,5 - 1,0 ha/Nieużytki;1 - 2 ha/Liczba gospodarstw;1 - 2 ha/Powierzchnia;1 - 2 ha/Grunt orny;1 - 2 ha/Łąki;1 - 2 ha/Pastwiska stałe, połoniny i wrzosowiska;1 - 2 ha/Sady owocowe i ogrody warzywne;1 - 2 ha/Grunt w użytkowaniu leśnem;1 - 2 ha/Stawy, jeziora i eksploatowane torfowiska;1 - 2 ha/Pod zabudowaniami i drogami;1 - 2 ha/Nieużytki;10 - 20 ha/Liczba gospodarstw;10 - 20 ha/Powierzchnia;10 - 20 ha/Grunt orny;10 - 20 ha/Łąki;10 - 20 ha/Pastwiska stałe, połoniny i wrzosowiska;10 - 20 ha/Sady owocowe i ogrody warzywne;10 - 20 ha/Grunt w użytkowaniu leśnem;10 - 20 ha/Stawy, jeziora i eksploatowane torfowiska;10 - 20 ha/Pod zabudowaniami i drogami;10 - 20 ha/Nieużytki;100 - 200 ha/Liczba gospodarstw;100 - 200 ha/Powierzchnia;100 - 200 ha/Grunt orny;100 - 200 ha/Łąki;100 - 200 ha/Pastwiska stałe, połoniny i wrzosowiska;100 - 200 ha/Sady owocowe i ogrody warzywne;100 - 200 ha/Grunt w użytkowaniu leśnem;100 - 200 ha/Stawy, jeziora i eksploatowane torfowiska;100 - 200 ha/Pod zabudowaniami i drogami;100 - 200 ha/Nieużytki;2 - 3 ha/Liczba gospodarstw;2 - 3 ha/Powierzchnia;2 - 3 ha/Grunt orny;2 - 3 ha/Łąki;2 - 3 ha/Pastwiska stałe, połoniny i wrzosowiska;2 - 3 ha/Sady owocowe i ogrody warzywne;2 - 3 ha/Grunt w użytkowaniu leśnem;2 - 3 ha/Stawy, jeziora i eksploatowane torfowiska;2 - 3 ha/Pod zabudowaniami i drogami;2 - 3 ha/Nieużytki;20 - 50 ha/Liczba gospodarstw;20 - 50 ha/Powierzchnia;20 - 50 ha/Grunt orny;20 - 50 ha/Łąki;20 - 50 ha/Pastwiska stałe, połoniny i wrzosowiska;20 - 50 ha/Sady owocowe i ogrody warzywne;20 - 50 ha/Grunt w użytkowaniu leśnem;20 - 50 ha/Stawy, jeziora i eksploatowane torfowiska;20 - 50 ha/Pod zabudowaniami i drogami;20 - 50 ha/Nieużytki;200 - 1000 ha/Liczba gospodarstw;200 - 1000 ha/Powierzchnia;200 - 1000 ha/Grunt orny;200 - 1000 ha/Łąki;200 - 1000 ha/Pastwiska stałe, połoniny i wrzosowiska;200 - 1000 ha/Sady owocowe i ogrody warzywne;200 - 1000 ha/Grunt w użytkowaniu leśnem;200 - 1000 ha/Stawy, jeziora i eksploatowane torfowiska;200 - 1000 ha/Pod zabudowaniami i drogami;200 - 1000 ha/Nieużytki;200 - 300 ha/Liczba gospodarstw;200 - 300 ha/Powierzchnia;200 - 300 ha/Grunt orny;200 - 300 ha/Łąki;200 - 300 ha/Pastwiska stałe, połoniny i wrzosowiska;200 - 300 ha/Sady owocowe i ogrody warzywne;200 - 300 ha/Grunt w użytkowaniu leśnem;200 - 300 ha/Stawy, jeziora i eksploatowane torfowiska;200 - 300 ha/Pod zabudowaniami i drogami;200 - 300 ha/Nieużytki;3 - 4 ha/Liczba gospodarstw;3 - 4 ha/Powierzchnia;3 - 4 ha/Grunt orny;3 - 4 ha/Łąki;3 - 4 ha/Pastwiska stałe, połoniny i wrzosowiska;3 - 4 ha/Sady owocowe i ogrody warzywne;3 - 4 ha/Grunt w użytkowaniu leśnem;3 - 4 ha/Stawy, jeziora i eksploatowane torfowiska;3 - 4 ha/Pod zabudowaniami i drogami;3 - 4 ha/Nieużytki;300 - 400 ha/Liczba gospodarstw;300 - 400 ha/Powierzchnia;300 - 400 ha/Grunt orny;300 - 400 ha/Łąki;300 - 400 ha/Pastwiska stałe, połoniny i wrzosowiska;300 - 400 ha/Sady owocowe i ogrody warzywne;300 - 400 ha/Grunt w użytkowaniu leśnem;300 - 400 ha/Stawy, jeziora i eksploatowane torfowiska;300 - 400 ha/Pod zabudowaniami i drogami;300 - 400 ha/Nieużytki;4 - 5 ha/Liczba gospodarstw;4 - 5 ha/Powierzchnia;4 - 5 ha/Grunt orny;4 - 5 ha/Łąki;4 - 5 ha/Pastwiska stałe, połoniny i wrzosowiska;4 - 5 ha/Sady owocowe i ogrody warzywne;4 - 5 ha/Grunt w użytkowaniu leśnem;4 - 5 ha/Stawy, jeziora i eksploatowane torfowiska;4 - 5 ha/Pod zabudowaniami i drogami;4 - 5 ha/Nieużytki;400 - 500 ha/Liczba gospodarstw;400 - 500 ha/Powierzchnia;400 - 500 ha/Grunt orny;400 - 500 ha/Łąki;400 - 500 ha/Pastwiska stałe, połoniny i wrzosowiska;400 - 500 ha/Sady owocowe i ogrody warzywne;400 - 500 ha/Grunt w użytkowaniu leśnem;400 - 500 ha/Stawy, jeziora i eksploatowane torfowiska;400 - 500 ha/Pod zabudowaniami i drogami;400 - 500 ha/Nieużytki;5 - 10 ha/Liczba gospodarstw;5 - 10 ha/Powierzchnia;5 - 10 ha/Grunt orny;5 - 10 ha/Łąki;5 - 10 ha/Pastwiska stałe, połoniny i wrzosowiska;5 - 10 ha/Sady owocowe i ogrody warzywne;5 - 10 ha/Grunt w użytkowaniu leśnem;5 - 10 ha/Stawy, jeziora i eksploatowane torfowiska;5 - 10 ha/Pod zabudowaniami i drogami;5 - 10 ha/Nieużytki;50 - 100 ha/Liczba gospodarstw;50 - 100 ha/Powierzchnia;50 - 100 ha/Grunt orny;50 - 100 ha/Łąki;50 - 100 ha/Pastwiska stałe, połoniny i wrzosowiska;50 - 100 ha/Sady owocowe i ogrody warzywne;50 - 100 ha/Grunt w użytkowaniu leśnem;50 - 100 ha/Stawy, jeziora i eksploatowane torfowiska;50 - 100 ha/Pod zabudowaniami i drogami;50 - 100 ha/Nieużytki;500 - 1000 ha/Liczba gospodarstw;500 - 1000 ha/Powierzchnia;500 - 1000 ha/Grunt orny;500 - 1000 ha/Łąki;500 - 1000 ha/Pastwiska stałe, połoniny i wrzosowiska;500 - 1000 ha/Sady owocowe i ogrody warzywne;500 - 1000 ha/Grunt w użytkowaniu leśnem;500 - 1000 ha/Stawy, jeziora i eksploatowane torfowiska;500 - 1000 ha/Pod zabudowaniami i drogami;500 - 1000 ha/Nieużytki;Ogółem/Liczba gospodarstw;Ogółem/Powierzchnia;Ogółem/Grunt orny;Ogółem/Łąki;Ogółem/Pastwiska stałe, połoniny i wrzosowiska;Ogółem/Sady owocowe i ogrody warzywne;Ogółem/Grunt w użytkowaniu leśnem;Ogółem/Stawy, jeziora i eksploatowane torfowiska;Ogółem/Pod zabudowaniami i drogami;Ogółem/Nieużytki;powyżej 100 ha/Liczba gospodarstw;powyżej 100 ha/Powierzchnia;powyżej 100 ha/Grunt orny;powyżej 100 ha/Łąki;powyżej 100 ha/Pastwiska stałe, połoniny i wrzosowiska;powyżej 100 ha/Sady owocowe i ogrody warzywne;powyżej 100 ha/Grunt w użytkowaniu leśnem;powyżej 100 ha/Stawy, jeziora i eksploatowane torfowiska;powyżej 100 ha/Pod zabudowaniami i drogami;powyżej 100 ha/Nieużytki;powyżej 1000 ha/Liczba gospodarstw;powyżej 1000 ha/Powierzchnia;powyżej 1000 ha/Grunt orny;powyżej 1000 ha/Łąki;powyżej 1000 ha/Pastwiska stałe, połoniny i wrzosowiska;powyżej 1000 ha/Sady owocowe i ogrody warzywne;powyżej 1000 ha/Grunt w użytkowaniu leśnem;powyżej 1000 ha/Stawy, jeziora i eksploatowane torfowiska;powyżej 1000 ha/Pod zabudowaniami i drogami;powyżej 1000 ha/Nieużytki
BIAŁOSTOCKIE;AUGUSTOWSKI;510.0;135.0;61.0;2.0;0.0;43.0;0.0;0.0;28.0;1.0;312.0;221.0;148.0;17.0;0.0;35.0;1.0;0.0;16.0;4.0;522.0;803.0;542.0;130.0;5.0;23.0;6.0;2.0;44.0;51.0;2108.0;28406.0;13985.0;7227.0;1187.0;317.0;962.0;205.0;779.0;3744.0;21.0;3135.0;1956.0;413.0;93.0;26.0;400.0;44.0;94.0;109.0;608.0;1555.0;978.0;257.0;29.0;27.0;18.0;6.0;70.0;170.0;469.0;12287.0;5409.0;3496.0;733.0;156.0;593.0;76.0;262.0;1562.0;28.0;11803.0;6013.0;1969.0;766.0;113.0;1869.0;355.0;129.0;589.0;;;;;;;;;;;746.0;2670.0;1632.0;434.0;57.0;43.0;40.0;5.0;123.0;336.0;;;;;;;;;;;739.0;3341.0;2036.0;551.0;78.0;52.0;78.0;9.0;129.0;408.0;;;;;;;;;;;3215.0;23260.0;13034.0;4184.0;724.0;291.0;874.0;84.0;771.0;3298.0;30.0;1884.0;953.0;334.0;269.0;30.0;49.0;11.0;40.0;198.0;;;;;;;;;;;9314.0;148945.0;47897.0;20931.0;4004.0;1157.0;59509.0;854.0;2766.0;11827.0;55.0;74383.0;9119.0;4299.0;922.0;140.0;56888.0;456.0;504.0;2055.0;6.0;59445.0;1150.0;1917.0;63.0;1.0;54619.0;57.0;281.0;1357.0
BIAŁOSTOCKIE;BIAŁOSTOCKI;3005.0;735.0;212.0;9.0;1.0;290.0;1.0;1.0;209.0;12.0;744.0;561.0;311.0;51.0;4.0;116.0;4.0;2.0;67.0;6.0;1206.0;1749.0;1136.0;228.0;42.0;134.0;46.0;2.0;105.0;56.0;3358.0;45369.0;23768.0;8152.0;3744.0;743.0;3351.0;189.0;950.0;4472.0;38.0;5524.0;2703.0;704.0;487.0;127.0;928.0;73.0;100.0;402.0;1181.0;2982.0;1848.0;483.0;126.0;96.0;155.0;2.0;121.0;151.0;623.0;17055.0;7895.0;3021.0;1676.0;249.0;1831.0;123.0;308.0;1952.0;29.0;11038.0;4044.0;2163.0;1028.0;94.0;2261.0;487.0;97.0;864.0;;;;;;;;;;;1521.0;5345.0;3233.0;892.0;267.0;129.0;234.0;9.0;191.0;390.0;;;;;;;;;;;1562.0;7092.0;4253.0;1158.0;419.0;128.0;382.0;13.0;222.0;517.0;;;;;;;;;;;6309.0;45813.0;25736.0;7689.0;3236.0;856.0;2669.0;115.0;1197.0;4315.0;58.0;3864.0;1687.0;622.0;421.0;63.0;543.0;31.0;64.0;433.0;;;;;;;;;;;19649.0;223477.0;83743.0;32175.0;12746.0;3163.0;67319.0;1902.0;4130.0;18299.0;82.0;92912.0;13664.0;9870.0;2810.0;359.0;58103.0;1415.0;696.0;5995.0;15.0;76350.0;6917.0;7003.0;1295.0;138.0;54914.0;855.0;499.0;4729.0
BIAŁOSTOCKIE;BIAŁOWIESKI;77.0;24.0;12.0;1.0;0.0;7.0;0.0;0.0;4.0;0.0;79.0;64.0;37.0;13.0;0.0;9.0;0.0;0.0;4.0;1.0;279.0;406.0;269.0;76.0;10.0;16.0;1.0;0.0;23.0;11.0;333.0;4324.0;1790.0;1399.0;408.0;56.0;107.0;6.0;53.0;505.0;5.0;705.0;243.0;191.0;57.0;5.0;30.0;0.0;11.0;168.0;338.0;843.0;518.0;188.0;60.0;13.0;2.0;0.0;33.0;29.0;54.0;1516.0;491.0;467.0;141.0;14.0;32.0;0.0;9.0;362.0;4.0;2330.0;311.0;511.0;55.0;4.0;1070.0;0.0;24.0;355.0;;;;;;;;;;;389.0;1371.0;699.0;399.0;90.0;22.0;8.0;0.0;47.0;106.0;;;;;;;;;;;346.0;1570.0;805.0;444.0;133.0;28.0;16.0;1.0;56.0;87.0;;;;;;;;;;;776.0;5460.0;2749.0;1645.0;485.0;73.0;44.0;2.0;120.0;342.0;7.0;387.0;104.0;134.0;34.0;3.0;6.0;0.0;7.0;99.0;;;;;;;;;;;2694.0;156097.0;9114.0;12345.0;1630.0;250.0;122610.0;37.0;1460.0;8651.0;16.0;140132.0;1640.0;7579.0;269.0;9.0;122394.0;28.0;1104.0;7109.0;7.0;137097.0;1086.0;6877.0;157.0;0.0;121294.0;28.0;1069.0;6586.0
BIAŁOSTOCKIE;BIELSKI (BIELSK PODLASKI);1029.0;297.0;113.0;7.0;0.0;115.0;1.0;0.0;57.0;4.0;764.0;544.0;328.0;23.0;7.0;119.0;7.0;1.0;50.0;9.0;1619.0;2430.0;1646.0;212.0;78.0;159.0;74.0;1.0;156.0;104.0;4196.0;55399.0;33901.0;5468.0;3560.0;1322.0;3816.0;49.0;1146.0;6137.0;27.0;3711.0;1914.0;501.0;335.0;54.0;513.0;9.0;58.0;327.0;2050.0;5174.0;3431.0;522.0;208.0;192.0;226.0;3.0;244.0;348.0;764.0;20212.0;11145.0;1986.0;1574.0;400.0;2253.0;35.0;362.0;2457.0;43.0;20402.0;9035.0;1738.0;1919.0;234.0;6466.0;128.0;236.0;646.0;;;;;;;;;;;2421.0;8526.0;5485.0;889.0;397.0;306.0;400.0;6.0;328.0;715.0;;;;;;;;;;;2095.0;9539.0;6139.0;1061.0;462.0;287.0;443.0;6.0;320.0;821.0;;;;;;;;;;;7853.0;55071.0;34736.0;5790.0;2977.0;1566.0;2914.0;49.0;1503.0;5536.0;92.0;6008.0;3293.0;570.0;472.0;94.0;861.0;26.0;92.0;600.0;;;;;;;;;;;22963.0;233186.0;113811.0;19823.0;12604.0;4880.0;58642.0;485.0;4743.0;18198.0;80.0;69986.0;13594.0;3295.0;2869.0;320.0;47647.0;309.0;485.0;1467.0;10.0;45873.0;2645.0;1056.0;615.0;32.0;40668.0;172.0;191.0;494.0
BIAŁOSTOCKIE;GRODZIEŃSKI;1529.0;356.0;88.0;4.0;1.0;163.0;1.0;1.0;93.0;5.0;428.0;329.0;199.0;25.0;2.0;54.0;1.0;1.0;36.0;11.0;1614.0;2464.0;1652.0;283.0;44.0;133.0;19.0;5.0;138.0;190.0;2671.0;35806.0;19893.0;4142.0;1132.0;447.0;1641.0;136.0;737.0;7678.0;43.0;6506.0;3881.0;680.0;396.0;122.0;650.0;40.0;144.0;593.0;2219.0;5630.0;3707.0;755.0;142.0;162.0;72.0;8.0;225.0;559.0;615.0;16798.0;8282.0;1872.0;532.0;269.0;1080.0;111.0;289.0;4363.0;82.0;38337.0;20388.0;3742.0;2683.0;368.0;8093.0;333.0;446.0;2284.0;;;;;;;;;;;2515.0;8910.0;5934.0;1088.0;234.0;188.0;105.0;14.0;330.0;1017.0;;;;;;;;;;;2073.0;9436.0;6112.0;1187.0;247.0;176.0;159.0;11.0;315.0;1229.0;;;;;;;;;;;6443.0;45390.0;28723.0;5238.0;1307.0;705.0;1047.0;90.0;1180.0;7100.0;92.0;5997.0;3653.0;547.0;282.0;68.0;332.0;50.0;76.0;989.0;;;;;;;;;;;20344.0;276369.0;111138.0;23789.0;8244.0;2922.0;87906.0;987.0;4402.0;36981.0;145.0;145253.0;32895.0;8648.0;4321.0;557.0;83449.0;560.0;983.0;13840.0;20.0;100410.0;8626.0;4226.0;1242.0;67.0;74706.0;187.0;393.0;10963.0
BIAŁOSTOCKIE;KOLNEŃSKI;90.0;26.0;19.0;0.0;0.0;3.0;0.0;0.0;4.0;0.0;242.0;177.0;134.0;12.0;5.0;8.0;1.0;0.0;13.0;4.0;551.0;844.0;584.0;137.0;33.0;7.0;2.0;2.0;45.0;34.0;2371.0;31791.0;16860.0;4886.0;4352.0;152.0;1239.0;367.0;517.0;3418.0;5.0;564.0;249.0;43.0;84.0;4.0;143.0;2.0;3.0;36.0;628.0;1618.0;1034.0;316.0;83.0;10.0;20.0;11.0;74.0;70.0;479.0;12891.0;6527.0;1357.0;1992.0;63.0;1045.0;124.0;150.0;1633.0;15.0;7037.0;3598.0;1431.0;371.0;111.0;1294.0;80.0;57.0;95.0;;;;;;;;;;;811.0;2936.0;1731.0;633.0;182.0;21.0;31.0;19.0;123.0;196.0;;;;;;;;;;;844.0;3858.0;2150.0;930.0;254.0;24.0;52.0;30.0;139.0;279.0;;;;;;;;;;;3743.0;27359.0;14923.0;6139.0;2380.0;138.0;504.0;242.0;729.0;2304.0;30.0;1871.0;1029.0;140.0;206.0;13.0;301.0;11.0;16.0;155.0;;;;;;;;;;;9816.0;121975.0;51387.0;17863.0;10335.0;589.0;29894.0;956.0;2017.0;8934.0;27.0;38604.0;6396.0;3313.0;848.0;150.0;26699.0;150.0;207.0;841.0;7.0;31003.0;2549.0;1839.0;393.0;35.0;25262.0;68.0;147.0;710.0
BIAŁOSTOCKIE;OSTROWSKI (OSTRÓW MAZOWIECKA);399.0;124.0;78.0;2.0;1.0;22.0;0.0;0.0;19.0;2.0;520.0;368.0;277.0;11.0;8.0;23.0;2.0;0.0;36.0;11.0;1040.0;1567.0;1106.0;121.0;75.0;27.0;19.0;2.0;112.0;105.0;2185.0;29156.0;17230.0;2674.0;3817.0;219.0;1384.0;105.0;706.0;3021.0;35.0;5125.0;3469.0;374.0;173.0;85.0;418.0;28.0;85.0;493.0;929.0;2406.0;1525.0;237.0;201.0;24.0;65.0;2.0;131.0;221.0;485.0;12870.0;7796.0;924.0;1908.0;130.0;798.0;78.0;242.0;994.0;20.0;7307.0;4804.0;436.0;478.0;65.0;980.0;152.0;128.0;264.0;;;;;;;;;;;1281.0;4588.0;2720.0;537.0;444.0;44.0;87.0;19.0;203.0;534.0;;;;;;;;;;;1061.0;4792.0;2699.0;560.0;617.0;30.0;100.0;19.0;196.0;571.0;;;;;;;;;;;4320.0;30817.0;17271.0;3353.0;3899.0;210.0;1002.0;107.0;948.0;4027.0;36.0;2230.0;1286.0;179.0;322.0;45.0;187.0;29.0;39.0;143.0;;;;;;;;;;;12314.0;131285.0;60983.0;9531.0;11943.0;933.0;33715.0;561.0;3054.0;10565.0;58.0;42367.0;8995.0;933.0;651.0;159.0;30071.0;200.0;422.0;936.0;3.0;29935.0;722.0;123.0;0.0;9.0;28673.0;20.0;209.0;179.0
BIAŁOSTOCKIE;OSTROŁĘCKI;274.0;76.0;35.0;0.0;1.0;20.0;0.0;0.0;17.0;3.0;220.0;159.0;98.0;5.0;4.0;22.0;1.0;0.0;20.0;9.0;539.0;821.0;524.0;78.0;65.0;14.0;11.0;1.0;61.0;67.0;2963.0;41066.0;17682.0;6781.0;6668.0;168.0;2241.0;65.0;1134.0;6327.0;4.0;566.0;203.0;62.0;32.0;8.0;154.0;6.0;5.0;96.0;607.0;1579.0;922.0;204.0;153.0;16.0;38.0;2.0;88.0;156.0;661.0;17370.0;7343.0;2162.0;2515.0;105.0;1613.0;31.0;360.0;3241.0;14.0;6513.0;3828.0;665.0;427.0;127.0;1111.0;92.0;67.0;196.0;;;;;;;;;;;826.0;2944.0;1599.0;409.0;310.0;17.0;85.0;4.0;142.0;378.0;;;;;;;;;;;702.0;3185.0;1666.0;462.0;403.0;13.0;116.0;6.0;136.0;383.0;;;;;;;;;;;3544.0;26389.0;12769.0;4358.0;3707.0;99.0;977.0;53.0;960.0;3466.0;22.0;1398.0;601.0;166.0;191.0;11.0;199.0;1.0;21.0;208.0;;;;;;;;;;;10381.0;128405.0;49055.0;15897.0;14587.0;633.0;29191.0;481.0;3075.0;15486.0;23.0;33418.0;5816.0;1272.0;570.0;148.0;23910.0;318.0;136.0;1248.0;5.0;26339.0;1785.0;545.0;111.0;13.0;22645.0;220.0;64.0;956.0
BIAŁOSTOCKIE;SEJNEŃSKI;196.0;56.0;23.0;1.0;0.0;19.0;0.0;0.0;13.0;0.0;152.0;114.0;72.0;4.0;0.0;18.0;1.0;0.0;15.0;4.0;228.0;338.0;218.0;36.0;8.0;20.0;2.0;1.0;29.0;24.0;919.0;12929.0;7244.0;1952.0;749.0;175.0;258.0;110.0;323.0;2118.0;10.0;1476.0;859.0;244.0;67.0;21.0;38.0;26.0;20.0;201.0;149.0;379.0;259.0;47.0;5.0;8.0;1.0;1.0;21.0;37.0;293.0;7602.0;4095.0;1035.0;567.0;142.0;201.0;85.0;139.0;1338.0;10.0;4902.0;1880.0;614.0;341.0;27.0;481.0;1102.0;23.0;434.0;;;;;;;;;;;180.0;646.0;400.0;99.0;15.0;10.0;3.0;2.0;32.0;85.0;;;;;;;;;;;151.0;685.0;413.0;100.0;20.0;7.0;8.0;6.0;27.0;104.0;;;;;;;;;;;777.0;5802.0;3360.0;917.0;241.0;87.0;62.0;50.0;174.0;911.0;8.0;479.0;227.0;101.0;28.0;5.0;12.0;12.0;6.0;88.0;;;;;;;;;;;3076.0;69763.0;19395.0;5545.0;2041.0;539.0;34095.0;1840.0;964.0;5344.0;23.0;40733.0;3084.0;1253.0;408.0;48.0;33547.0;1573.0;185.0;635.0;3.0;34355.0;345.0;395.0;0.0;0.0;33028.0;445.0;142.0;0.0
BIAŁOSTOCKIE;SOKÓLSKI;669.0;177.0;63.0;2.0;0.0;83.0;0.0;0.0;27.0;2.0;242.0;177.0;92.0;9.0;1.0;46.0;0.0;0.0;25.0;4.0;577.0;827.0;532.0;85.0;19.0;76.0;7.0;2.0;57.0;49.0;2278.0;30126.0;17896.0;4417.0;1498.0;593.0;752.0;20.0;578.0;4372.0;19.0;2660.0;1195.0;333.0;286.0;57.0;477.0;7.0;50.0;255.0;1032.0;2604.0;1724.0;343.0;86.0;87.0;22.0;3.0;113.0;226.0;330.0;9497.0;4924.0;1358.0;606.0;188.0;819.0;32.0;180.0;1390.0;24.0;10271.0;5451.0;1455.0;568.0;93.0;1917.0;136.0;76.0;575.0;;;;;;;;;;;1540.0;5422.0;3542.0;751.0;186.0;183.0;46.0;2.0;202.0;510.0;;;;;;;;;;;1933.0;8781.0;5703.0;1182.0;367.0;204.0;85.0;1.0;268.0;971.0;;;;;;;;;;;6497.0;46918.0;29650.0;6521.0;2115.0;1070.0;618.0;20.0;1179.0;5745.0;34.0;2157.0;1092.0;332.0;148.0;38.0;199.0;30.0;37.0;281.0;;;;;;;;;;;15178.0;147651.0;72221.0;17214.0;5880.0;2719.0;31262.0;339.0;3024.0;14992.0;46.0;40965.0;7003.0;2214.0;854.0;151.0;28714.0;229.0;358.0;1442.0;3.0;28034.0;357.0;426.0;0.0;1.0;26320.0;86.0;232.0;612.0
BIAŁOSTOCKIE;SUWALSKI;530.0;127.0;31.0;1.0;0.0;61.0;0.0;0.0;29.0;5.0;258.0;184.0;112.0;8.0;1.0;37.0;0.0;1.0;22.0;3.0;438.0;660.0;480.0;50.0;6.0;26.0;3.0;8.0;48.0;39.0;3241.0;45455.0;27253.0;4568.0;2510.0;415.0;561.0;1403.0;1636.0;7109.0;17.0;2602.0;1461.0;304.0;353.0;23.0;69.0;134.0;30.0;228.0;368.0;938.0;660.0;84.0;14.0;26.0;5.0;17.0;53.0;79.0;980.0;25783.0;15298.0;2458.0;1836.0;211.0;414.0;806.0;662.0;4098.0;23.0;7653.0;3815.0;983.0;737.0;44.0;784.0;470.0;84.0;736.0;;;;;;;;;;;556.0;1966.0;1305.0;217.0;50.0;29.0;11.0;44.0;98.0;212.0;;;;;;;;;;;392.0;1780.0;1161.0;203.0;52.0;25.0;16.0;45.0;82.0;196.0;;;;;;;;;;;2317.0;17462.0;10826.0;2085.0;687.0;225.0;201.0;538.0;727.0;2173.0;29.0;1963.0;1218.0;283.0;157.0;26.0;71.0;35.0;32.0;141.0;;;;;;;;;;;9152.0;126145.0;64309.0;11475.0;6403.0;1148.0;20021.0;3563.0;3665.0;15561.0;43.0;29827.0;5965.0;1518.0;1090.0;67.0;18739.0;666.0;276.0;1506.0;3.0;19572.0;689.0;231.0;0.0;0.0;17886.0;62.0;162.0;542.0
BIAŁOSTOCKIE;SZCZUCZYŃSKI (WOJ. BIAŁOSTOCKIE);434.0;144.0;89.0;2.0;2.0;33.0;0.0;1.0;16.0;1.0;326.0;231.0;177.0;8.0;8.0;18.0;3.0;1.0;13.0;3.0;491.0;766.0;542.0;96.0;30.0;25.0;11.0;4.0;40.0;18.0;1852.0;25962.0;13904.0;4281.0;2885.0;235.0;1428.0;341.0;429.0;2459.0;21.0;2737.0;1008.0;399.0;490.0;20.0;287.0;5.0;23.0;505.0;435.0;1111.0;721.0;170.0;63.0;22.0;36.0;9.0;43.0;47.0;772.0;21989.0;10913.0;2771.0;3106.0;175.0;1749.0;260.0;301.0;2714.0;35.0;13286.0;6395.0;2153.0;1061.0;133.0;2317.0;290.0;143.0;794.0;;;;;;;;;;;555.0;1986.0;1249.0;335.0;121.0;33.0;70.0;17.0;66.0;95.0;;;;;;;;;;;456.0;2067.0;1267.0;378.0;133.0;31.0;59.0;23.0;61.0;115.0;;;;;;;;;;;1981.0;14371.0;8414.0;2573.0;1212.0;167.0;592.0;204.0;314.0;895.0;63.0;4246.0;1799.0;487.0;653.0;41.0;495.0;37.0;38.0;696.0;;;;;;;;;;;7429.0;117766.0;49081.0;19442.0;9841.0;966.0;26197.0;1283.0;1541.0;9415.0;64.0;44893.0;10006.0;8341.0;1628.0;186.0;21754.0;386.0;220.0;2372.0;8.0;28870.0;2603.0;5789.0;77.0;33.0;19150.0;91.0;54.0;1073.0
BIAŁOSTOCKIE;WOŁKOWYSKI;871.0;232.0;84.0;3.0;0.0;94.0;0.0;0.0;49.0;2.0;382.0;290.0;184.0;22.0;2.0;45.0;1.0;0.0;24.0;12.0;1384.0;2121.0;1432.0;208.0;22.0;101.0;15.0;1.0;127.0;215.0;2749.0;37236.0;21993.0;4268.0;1593.0;404.0;954.0;71.0;636.0;7317.0;58.0;8392.0;4896.0;808.0;294.0;78.0;1216.0;13.0;115.0;972.0;1852.0;4737.0;3158.0;525.0;59.0;118.0;47.0;2.0;207.0;621.0;600.0;16936.0;9501.0;1907.0;1271.0;180.0;816.0;27.0;272.0;2962.0;112.0;48901.0;24818.0;5304.0;2283.0;396.0;13251.0;199.0;510.0;2140.0;;;;;;;;;;;2524.0;8902.0;5899.0;1085.0;153.0;197.0;78.0;9.0;342.0;1139.0;;;;;;;;;;;2093.0;9527.0;6002.0;1137.0;219.0;188.0;132.0;7.0;293.0;1549.0;;;;;;;;;;;6283.0;44927.0;27993.0;5247.0;1243.0;669.0;711.0;26.0;1088.0;7950.0;105.0;7246.0;4360.0;779.0;429.0;89.0;600.0;10.0;118.0;861.0;;;;;;;;;;;19036.0;267281.0;120012.0;25746.0;10860.0;2657.0;72079.0;390.0;4261.0;31276.0;193.0;135127.0;39406.0;10565.0;5869.0;572.0;68725.0;237.0;1105.0;8648.0;23.0;77834.0;9692.0;4453.0;3292.0;98.0;54258.0;25.0;480.0;5536.0
BIAŁOSTOCKIE;WYSOKOMAZOWIECKI;614.0;189.0;118.0;2.0;0.0;43.0;1.0;0.0;23.0;2.0;425.0;295.0;186.0;15.0;6.0;43.0;17.0;0.0;23.0;5.0;618.0;944.0;582.0;82.0;72.0;41.0;65.0;2.0;66.0;34.0;2474.0;33634.0;18330.0;2649.0;4568.0;571.0;4121.0;72.0;794.0;2529.0;19.0;2892.0;2118.0;284.0;160.0;36.0;198.0;10.0;42.0;44.0;687.0;1783.0;1047.0;159.0;196.0;41.0;156.0;2.0;89.0;93.0;709.0;19154.0;9982.0;1539.0;2806.0;368.0;2630.0;58.0;357.0;1414.0;31.0;11589.0;6347.0;1097.0;433.0;136.0;3096.0;176.0;173.0;131.0;;;;;;;;;;;793.0;2845.0;1652.0;282.0;317.0;67.0;247.0;3.0;126.0;151.0;;;;;;;;;;;646.0;2938.0;1720.0;273.0;347.0;58.0;272.0;8.0;104.0;156.0;;;;;;;;;;;3179.0;23287.0;13239.0;1906.0;2938.0;416.0;2509.0;34.0;725.0;1520.0;45.0;2802.0;1494.0;201.0;372.0;46.0;373.0;15.0;45.0;256.0;;;;;;;;;;;10243.0;105886.0;57666.0;8604.0;12241.0;1899.0;16122.0;382.0;2601.0;6371.0;53.0;18015.0;9316.0;1496.0;619.0;205.0;5731.0;188.0;249.0;211.0;3.0;3534.0;851.0;115.0;26.0;33.0;2437.0;2.0;34.0;36.0
BIAŁOSTOCKIE;ŁOMŻYŃSKI;423.0;118.0;62.0;3.0;1.0;31.0;1.0;0.0;19.0;1.0;449.0;326.0;238.0;16.0;7.0;29.0;4.0;1.0;27.0;4.0;844.0;1304.0;870.0;141.0;68.0;46.0;39.0;4.0;70.0;66.0;2767.0;38015.0;20168.0;3372.0;4609.0;251.0;3708.0;134.0;857.0;4916.0;21.0;2820.0;1797.0;208.0;232.0;28.0;201.0;11.0;42.0;301.0;789.0;2008.0;1326.0;192.0;140.0;46.0;90.0;4.0;94.0;116.0;896.0;24637.0;11926.0;1767.0;2862.0;176.0;3506.0;110.0;380.0;3910.0;31.0;14852.0;6856.0;2058.0;979.0;115.0;4163.0;83.0;142.0;456.0;;;;;;;;;;;911.0;3263.0;2076.0;302.0;280.0;33.0;173.0;7.0;130.0;262.0;;;;;;;;;;;771.0;3488.0;2148.0;389.0;283.0;42.0;222.0;11.0;120.0;273.0;;;;;;;;;;;3736.0;27245.0;15846.0;2649.0;2662.0;225.0;1978.0;100.0;862.0;2923.0;71.0;4474.0;1968.0;340.0;677.0;37.0;822.0;36.0;58.0;536.0;;;;;;;;;;;11716.0;140594.0;68277.0;12797.0;13283.0;1081.0;26560.0;597.0;2875.0;15124.0;59.0;35716.0;11649.0;3626.0;1694.0;165.0;16017.0;190.0;258.0;2117.0;7.0;18044.0;2996.0;1360.0;483.0;22.0;11653.0;96.0;74.0;1360.0
KIELECKIE;BĘDZIŃSKI;7079.0;1412.0;860.0;36.0;4.0;313.0;3.0;1.0;181.0;14.0;2443.0;1840.0;1443.0;112.0;18.0;60.0;16.0;2.0;153.0;36.0;4016.0;6072.0;4479.0;666.0;104.0;69.0;120.0;3.0;360.0;271.0;764.0;9620.0;4473.0;1237.0;532.0;53.0;1830.0;22.0;232.0;1241.0;19.0;2972.0;1552.0;253.0;292.0;45.0;524.0;39.0;36.0;231.0;2475.0;6269.0;4143.0;852.0;166.0;49.0;302.0;6.0;303.0;448.0;91.0;2534.0;1038.0;263.0;214.0;24.0;616.0;30.0;64.0;285.0;23.0;10238.0;3565.0;762.0;441.0;56.0;3759.0;144.0;266.0;1245.0;;;;;;;;;;;3045.0;10881.0;6544.0;1569.0;406.0;76.0;676.0;7.0;544.0;1059.0;;;;;;;;;;;2544.0;11477.0;6647.0;1539.0;564.0;74.0;935.0;11.0;494.0;1213.0;;;;;;;;;;;4404.0;29548.0;15975.0;3579.0;1390.0;156.0;4071.0;37.0;1019.0;3321.0;10.0;705.0;251.0;70.0;64.0;6.0;96.0;8.0;8.0;202.0;;;;;;;;;;;26919.0;113113.0;52253.0;11136.0;4460.0;1010.0;30451.0;312.0;3718.0;9773.0;48.0;32755.0;6400.0;1213.0;998.0;130.0;21786.0;185.0;360.0;1683.0;6.0;19545.0;1283.0;198.0;265.0;29.0;17503.0;2.0;58.0;207.0
KIELECKIE;CZĘSTOCHOWSKI;2144.0;519.0;261.0;9.0;3.0;125.0;1.0;1.0;117.0;2.0;1354.0;991.0;812.0;41.0;10.0;44.0;8.0;1.0;67.0;8.0;2965.0;4421.0;3481.0;334.0;116.0;46.0;75.0;4.0;232.0;133.0;1388.0;17415.0;10716.0;1312.0;1562.0;106.0;876.0;89.0;610.0;2144.0;23.0;3156.0;2093.0;299.0;256.0;25.0;278.0;39.0;47.0;119.0;2221.0;5643.0;4102.0;494.0;258.0;44.0;123.0;11.0;309.0;302.0;104.0;2862.0;1576.0;273.0;261.0;57.0;125.0;54.0;179.0;337.0;32.0;12409.0;7409.0;890.0;1014.0;93.0;2028.0;179.0;241.0;555.0;;;;;;;;;;;3406.0;12157.0;8330.0;1180.0;697.0;72.0;303.0;33.0;695.0;847.0;;;;;;;;;;;2662.0;12006.0;7928.0;1266.0;834.0;50.0;290.0;29.0;641.0;968.0;;;;;;;;;;;7300.0;49912.0;32100.0;4158.0;4347.0;206.0;1545.0;125.0;2335.0;5096.0;12.0;879.0;509.0;91.0;55.0;15.0;42.0;47.0;19.0;101.0;;;;;;;;;;;23619.0;163683.0;81409.0;10868.0;9476.0;906.0;43626.0;706.0;5870.0;10822.0;63.0;56878.0;11594.0;1710.0;1333.0;141.0;40238.0;312.0;666.0;884.0;8.0;41313.0;2092.0;521.0;63.0;23.0;37932.0;94.0;378.0;210.0
KIELECKIE;IŁŻECKI;430.0;153.0;110.0;4.0;1.0;14.0;1.0;0.0;20.0;3.0;727.0;552.0;436.0;18.0;5.0;13.0;9.0;1.0;54.0;16.0;2215.0;3393.0;2653.0;168.0;60.0;37.0;35.0;2.0;244.0;194.0;1775.0;22468.0;15533.0;1333.0;993.0;270.0;1456.0;122.0;650.0;2111.0;16.0;2480.0;1672.0;181.0;231.0;34.0;38.0;63.0;62.0;199.0;1871.0;4762.0;3569.0;305.0;126.0;50.0;90.0;7.0;269.0;346.0;117.0;2930.0;1976.0;171.0;106.0;39.0;189.0;42.0;64.0;343.0;25.0;10447.0;5693.0;573.0;663.0;77.0;2709.0;137.0;141.0;454.0;;;;;;;;;;;2962.0;10559.0;7455.0;810.0;295.0;95.0;227.0;12.0;557.0;1108.0;;;;;;;;;;;2828.0;12700.0;8866.0;949.0;463.0;127.0;452.0;21.0;600.0;1222.0;;;;;;;;;;;6641.0;45198.0;31098.0;3054.0;1997.0;492.0;2276.0;143.0;1718.0;4420.0;4.0;275.0;149.0;30.0;23.0;4.0;36.0;7.0;4.0;22.0;;;;;;;;;;;19619.0;161231.0;81082.0;7903.0;5560.0;1267.0;49526.0;643.0;4464.0;10786.0;49.0;58241.0;9237.0;1061.0;1491.0;126.0;44755.0;286.0;284.0;1001.0;8.0;45314.0;1872.0;307.0;597.0;15.0;42008.0;86.0;81.0;348.0
KIELECKIE;JĘDRZEJOWSKI;323.0;100.0;78.0;1.0;0.0;7.0;0.0;0.0;13.0;1.0;705.0;516.0;461.0;8.0;1.0;5.0;2.0;1.0;31.0;7.0;1312.0;1954.0;1605.0;82.0;39.0;13.0;26.0;1.0;103.0;85.0;1254.0;15846.0;10667.0;1070.0;1087.0;117.0;755.0;35.0;456.0;1659.0;24.0;3599.0;2557.0;186.0;109.0;36.0;326.0;93.0;39.0;253.0;1070.0;2719.0;2075.0;149.0;85.0;16.0;64.0;3.0;135.0;192.0;108.0;2803.0;1911.0;210.0;150.0;38.0;154.0;15.0;69.0;256.0;48.0;20287.0;12879.0;1031.0;870.0;196.0;3736.0;355.0;321.0;899.0;;;;;;;;;;;1956.0;7005.0;4882.0;478.0;287.0;53.0;201.0;9.0;348.0;747.0;;;;;;;;;;;1592.0;7201.0;5128.0;472.0;350.0;43.0;261.0;6.0;312.0;629.0;;;;;;;;;;;4928.0;34198.0;23162.0;2314.0;2173.0;221.0;1468.0;60.0;1339.0;3461.0;19.0;1402.0;935.0;37.0;41.0;23.0;267.0;0.0;29.0;70.0;;;;;;;;;;;13344.0;110295.0;67955.0;6353.0;5298.0;816.0;17365.0;729.0;3366.0;8413.0;77.0;36551.0;17051.0;1532.0;1085.0;280.0;14167.0;599.0;531.0;1306.0;5.0;12665.0;1615.0;315.0;106.0;48.0;10105.0;151.0;171.0;154.0
KIELECKIE;KIELECKI;867.0;229.0;128.0;7.0;1.0;46.0;0.0;0.0;45.0;2.0;1105.0;834.0;653.0;61.0;11.0;28.0;2.0;0.0;64.0;15.0;2789.0;4265.0;2993.0;514.0;115.0;50.0;22.0;2.0;276.0;293.0;747.0;9343.0;4691.0;1094.0;1250.0;77.0;449.0;82.0;295.0;1405.0;27.0;3866.0;1975.0;446.0;396.0;52.0;455.0;80.0;58.0;404.0;2307.0;5870.0;3660.0;846.0;314.0;72.0;59.0;6.0;360.0;553.0;57.0;1607.0;775.0;171.0;117.0;24.0;182.0;85.0;43.0;210.0;18.0;6578.0;2827.0;471.0;639.0;34.0;2083.0;17.0;73.0;434.0;;;;;;;;;;;4903.0;17611.0;10013.0;2710.0;1300.0;212.0;176.0;22.0;1042.0;2136.0;;;;;;;;;;;3540.0;15938.0;8802.0;2461.0;1324.0;191.0;225.0;26.0;856.0;2053.0;;;;;;;;;;;5640.0;37655.0;20056.0;5125.0;4296.0;318.0;1165.0;72.0;1569.0;5054.0;16.0;1139.0;569.0;144.0;152.0;19.0;70.0;34.0;28.0;123.0;;;;;;;;;;;22024.0;167640.0;58956.0;14338.0;10074.0;1138.0;63947.0;486.0;5441.0;13260.0;53.0;73149.0;6616.0;1205.0;1194.0;101.0;61597.0;157.0;863.0;1416.0;8.0;62705.0;1814.0;288.0;159.0;15.0;59059.0;60.0;732.0;578.0
KIELECKIE;KONECKI;1312.0;429.0;285.0;45.0;3.0;20.0;1.0;0.0;63.0;12.0;2531.0;1945.0;1316.0;331.0;31.0;21.0;8.0;1.0;155.0;82.0;4919.0;7460.0;4717.0;1450.0;234.0;28.0;46.0;4.0;385.0;596.0;814.0;10394.0;4784.0;1389.0;1512.0;45.0;767.0;59.0;265.0;1573.0;8.0;1247.0;562.0;95.0;97.0;8.0;303.0;90.0;19.0;73.0;3283.0;8323.0;4934.0;1500.0;427.0;39.0;140.0;5.0;347.0;931.0;48.0;1287.0;497.0;146.0;140.0;25.0;160.0;58.0;46.0;215.0;18.0;7490.0;1820.0;384.0;1914.0;47.0;2192.0;128.0;58.0;947.0;;;;;;;;;;;3056.0;10858.0;6000.0;2052.0;723.0;66.0;236.0;21.0;439.0;1321.0;;;;;;;;;;;1866.0;8396.0;4518.0;1531.0;680.0;37.0;211.0;14.0;325.0;1080.0;;;;;;;;;;;3587.0;24410.0;12185.0;3715.0;2986.0;164.0;1122.0;67.0;798.0;3373.0;11.0;798.0;374.0;48.0;30.0;21.0;140.0;16.0;15.0;154.0;;;;;;;;;;;21467.0;162614.0;45829.0;14164.0;10398.0;598.0;75926.0;1187.0;3385.0;11127.0;40.0;88314.0;6219.0;1957.0;3632.0;132.0;73095.0;942.0;547.0;1790.0;14.0;79577.0;3837.0;1478.0;1621.0;77.0;70600.0;724.0;470.0;770.0
KIELECKIE;KOZIENICKI;674.0;212.0;174.0;2.0;0.0;14.0;1.0;0.0;19.0;2.0;724.0;534.0;427.0;26.0;6.0;11.0;3.0;1.0;47.0;13.0;1571.0;2363.0;1768.0;176.0;52.0;25.0;50.0;4.0;147.0;141.0;2119.0;27415.0;15693.0;2246.0;2273.0;232.0;1410.0;176.0;1112.0;4273.0;9.0;1321.0;680.0;172.0;103.0;18.0;25.0;40.0;12.0;271.0;1399.0;3614.0;2493.0;292.0;109.0;40.0;110.0;14.0;204.0;352.0;132.0;3358.0;1679.0;272.0;350.0;54.0;223.0;73.0;90.0;617.0;27.0;10757.0;4809.0;797.0;599.0;171.0;3019.0;448.0;205.0;709.0;;;;;;;;;;;1854.0;6642.0;4201.0;642.0;267.0;73.0;160.0;25.0;451.0;823.0;;;;;;;;;;;2118.0;9516.0;5834.0;979.0;456.0;92.0;290.0;40.0;598.0;1227.0;;;;;;;;;;;6503.0;45955.0;27315.0;4228.0;2840.0;411.0;2088.0;242.0;2395.0;6436.0;13.0;901.0;509.0;57.0;114.0;22.0;25.0;35.0;18.0;121.0;;;;;;;;;;;17150.0;151274.0;67919.0;10473.0;7720.0;1223.0;41190.0;1356.0;5505.0;15888.0;43.0;50764.0;7826.0;1553.0;1253.0;249.0;36830.0;746.0;424.0;1883.0;7.0;38686.0;2337.0;584.0;551.0;60.0;33786.0;258.0;207.0;903.0
KIELECKIE;MIECHOWSKI;870.0;271.0;207.0;6.0;1.0;21.0;0.0;0.0;33.0;3.0;1446.0;1073.0;939.0;52.0;3.0;19.0;1.0;0.0;50.0;9.0;3282.0;4832.0;4246.0;137.0;29.0;115.0;7.0;3.0;212.0;83.0;1266.0;16038.0;13435.0;570.0;231.0;404.0;196.0;19.0;516.0;667.0;53.0;7897.0;6042.0;534.0;162.0;100.0;758.0;34.0;153.0;114.0;2612.0;6671.0;5618.0;276.0;78.0;184.0;16.0;3.0;311.0;185.0;124.0;3298.0;2681.0;155.0;40.0;63.0;180.0;4.0;86.0;89.0;60.0;21578.0;15135.0;1489.0;496.0;198.0;3491.0;58.0;291.0;420.0;;;;;;;;;;;3116.0;11086.0;8906.0;541.0;163.0;384.0;65.0;8.0;550.0;469.0;;;;;;;;;;;2284.0;10367.0;8428.0;485.0;171.0;328.0;66.0;8.0;484.0;397.0;;;;;;;;;;;5877.0;40094.0;32687.0;1664.0;723.0;1160.0;376.0;31.0;1652.0;1801.0;22.0;1608.0;1174.0;103.0;10.0;26.0;207.0;6.0;27.0;55.0;;;;;;;;;;;21017.0;133231.0;101345.0;6096.0;2125.0;3059.0;11696.0;179.0;4409.0;4322.0;118.0;37893.0;23024.0;2107.0;676.0;355.0;10582.0;97.0;488.0;564.0;5.0;8418.0;1847.0;84.0;18.0;57.0;6333.0;5.0;44.0;30.0
KIELECKIE;OLKUSKI;1179.0;330.0;253.0;5.0;1.0;16.0;1.0;0.0;46.0;8.0;1338.0;1007.0;903.0;17.0;4.0;10.0;4.0;0.0;53.0;16.0;2733.0;4018.0;3544.0;89.0;17.0;44.0;58.0;4.0;149.0;113.0;1230.0;15872.0;10216.0;549.0;444.0;118.0;2169.0;27.0;422.0;1927.0;11.0;1539.0;922.0;30.0;69.0;16.0;376.0;1.0;33.0;92.0;1986.0;4844.0;3824.0;142.0;38.0;84.0;198.0;4.0;260.0;294.0;104.0;2811.0;1505.0;166.0;111.0;20.0;480.0;20.0;71.0;438.0;17.0;6824.0;2786.0;116.0;101.0;50.0;3529.0;19.0;71.0;152.0;;;;;;;;;;;2597.0;9267.0;7023.0;234.0;89.0;146.0;469.0;10.0;571.0;725.0;;;;;;;;;;;2444.0;11101.0;8150.0;244.0;130.0;208.0;705.0;12.0;650.0;1002.0;;;;;;;;;;;5873.0;39841.0;28315.0;1063.0;781.0;563.0;3433.0;108.0;1725.0;3853.0;12.0;855.0;493.0;34.0;27.0;17.0;153.0;11.0;19.0;101.0;;;;;;;;;;;19531.0;120903.0;69088.0;2770.0;2081.0;1298.0;30172.0;233.0;4160.0;11101.0;35.0;30957.0;4862.0;227.0;439.0;72.0;22502.0;37.0;194.0;2624.0;7.0;22594.0;1154.0;81.0;269.0;6.0;18597.0;17.0;90.0;2380.0
KIELECKIE;OPATOWSKI;2177.0;721.0;549.0;4.0;2.0;107.0;9.0;0.0;48.0;2.0;1094.0;800.0;633.0;17.0;6.0;30.0;33.0;0.0;67.0;14.0;2090.0;3170.0;2565.0;104.0;42.0;57.0;96.0;1.0;183.0;122.0;1368.0;17314.0;12629.0;825.0;744.0;247.0;1161.0;17.0;519.0;1172.0;28.0;4162.0;3156.0;294.0;95.0;46.0;264.0;49.0;129.0;129.0;1580.0;4078.0;3090.0;170.0;104.0;50.0;142.0;3.0;214.0;305.0;106.0;2726.0;1998.0;119.0;101.0;43.0;249.0;7.0;56.0;153.0;71.0;27836.0;17592.0;1189.0;716.0;312.0;6334.0;236.0;441.0;1016.0;;;;;;;;;;;2816.0;10016.0;7395.0;528.0;319.0;142.0;253.0;8.0;525.0;846.0;;;;;;;;;;;2232.0;10165.0;7050.0;646.0;476.0;168.0;405.0;19.0;517.0;884.0;;;;;;;;;;;6030.0;41236.0;29549.0;2212.0;1801.0;548.0;2015.0;132.0;1674.0;3305.0;17.0;1302.0;928.0;42.0;104.0;22.0;78.0;3.0;37.0;88.0;;;;;;;;;;;19618.0;148972.0;90148.0;6463.0;4818.0;1815.0;31500.0;1193.0;4545.0;8490.0;108.0;57444.0;23762.0;1796.0;1119.0;401.0;27059.0;1003.0;705.0;1599.0;9.0;25446.0;3014.0;313.0;308.0;43.0;20461.0;718.0;135.0;454.0
KIELECKIE;OPOCZYŃSKI;572.0;175.0;125.0;6.0;3.0;9.0;2.0;0.0;27.0;3.0;1175.0;889.0;677.0;51.0;25.0;7.0;22.0;0.0;68.0;39.0;2863.0;4375.0;3053.0;334.0;202.0;15.0;176.0;5.0;239.0;351.0;1654.0;21202.0;11589.0;1400.0;2026.0;120.0;1674.0;80.0;562.0;3751.0;16.0;2466.0;1561.0;230.0;127.0;45.0;273.0;46.0;46.0;138.0;2572.0;6587.0;4255.0;517.0;428.0;23.0;380.0;9.0;285.0;690.0;152.0;3981.0;1891.0;251.0;376.0;53.0;428.0;82.0;77.0;823.0;37.0;15524.0;6763.0;1005.0;639.0;205.0;5741.0;230.0;198.0;743.0;;;;;;;;;;;2425.0;8676.0;5388.0;713.0;639.0;32.0;454.0;95.0;378.0;977.0;;;;;;;;;;;2033.0;9132.0;5594.0;706.0;717.0;29.0;496.0;18.0;359.0;1213.0;;;;;;;;;;;5683.0;39649.0;23145.0;2987.0;3438.0;131.0;2639.0;105.0;1364.0;5840.0;24.0;1560.0;699.0;139.0;147.0;55.0;147.0;84.0;33.0;256.0;;;;;;;;;;;19212.0;147665.0;67281.0;8702.0;9445.0;791.0;40489.0;849.0;3960.0;16148.0;59.0;51439.0;10865.0;1598.0;1444.0;317.0;34071.0;371.0;568.0;2205.0;6.0;33449.0;2541.0;363.0;678.0;67.0;28057.0;95.0;324.0;1324.0
KIELECKIE;PIŃCZOWSKI;1068.0;348.0;300.0;7.0;1.0;9.0;0.0;0.0;29.0;2.0;1166.0;851.0;749.0;33.0;3.0;12.0;1.0;1.0;44.0;8.0;2715.0;4001.0;3325.0;284.0;36.0;64.0;7.0;3.0;207.0;75.0;427.0;5235.0;3748.0;580.0;221.0;108.0;78.0;16.0;159.0;325.0;44.0;6778.0;5036.0;771.0;217.0;99.0;291.0;34.0;191.0;139.0;2138.0;5481.0;4211.0;542.0;104.0;136.0;17.0;8.0;294.0;169.0;25.0;742.0;522.0;64.0;52.0;9.0;32.0;1.0;24.0;38.0;60.0;20680.0;14999.0;2078.0;949.0;196.0;1486.0;198.0;381.0;393.0;;;;;;;;;;;2676.0;9502.0;6977.0;1093.0;194.0;267.0;64.0;12.0;491.0;404.0;;;;;;;;;;;1922.0;8720.0;6419.0;1047.0;211.0;228.0;41.0;11.0;392.0;371.0;;;;;;;;;;;4218.0;27691.0;20394.0;3128.0;828.0;658.0;238.0;39.0;1061.0;1345.0;20.0;1456.0;1101.0;123.0;44.0;27.0;6.0;52.0;43.0;60.0;;;;;;;;;;;16483.0;98543.0;69070.0;10013.0;2947.0;1838.0;7565.0;379.0;3353.0;3378.0;108.0;34516.0;21324.0;3112.0;1253.0;320.0;7081.0;236.0;609.0;581.0;4.0;7058.0;1289.0;263.0;87.0;25.0;5304.0;4.0;37.0;49.0
KIELECKIE;RADOMSKI;1017.0;304.0;216.0;5.0;0.0;52.0;0.0;0.0;29.0;2.0;973.0;700.0;562.0;27.0;9.0;31.0;5.0;1.0;43.0;22.0;1901.0;2917.0;2068.0;267.0;100.0;38.0;40.0;6.0;189.0;209.0;2877.0;37198.0;23333.0;3913.0;2757.0;374.0;1543.0;205.0;1269.0;3804.0;30.0;4360.0;2759.0;321.0;161.0;88.0;552.0;83.0;87.0;309.0;1936.0;4965.0;3340.0;487.0;260.0;48.0;91.0;14.0;272.0;453.0;259.0;6744.0;4099.0;762.0;479.0;110.0;458.0;85.0;186.0;565.0;48.0;20922.0;11183.0;2237.0;1026.0;311.0;4501.0;591.0;429.0;644.0;;;;;;;;;;;2575.0;9219.0;5962.0;1059.0;527.0;67.0;216.0;32.0;488.0;868.0;;;;;;;;;;;2160.0;9693.0;6113.0;1050.0;658.0;58.0;299.0;38.0;483.0;994.0;;;;;;;;;;;8206.0;57678.0;36442.0;6207.0;3967.0;429.0;1944.0;269.0;2482.0;5938.0;19.0;1302.0;860.0;175.0;79.0;38.0;99.0;11.0;26.0;14.0;;;;;;;;;;;22004.0;164933.0;97651.0;16630.0;10034.0;1652.0;17686.0;1348.0;6069.0;13863.0;81.0;34213.0;14656.0;2678.0;1198.0;407.0;12991.0;687.0;602.0;994.0;3.0;8931.0;714.0;120.0;11.0;8.0;7938.0;13.0;86.0;41.0
KIELECKIE;SANDOMIERSKI;1105.0;364.0;282.0;5.0;1.0;32.0;1.0;0.0;41.0;2.0;1025.0;741.0;604.0;27.0;4.0;29.0;4.0;1.0;60.0;12.0;1894.0;2875.0;2268.0;180.0;51.0;66.0;24.0;7.0;175.0;104.0;743.0;9437.0;6630.0;886.0;451.0;164.0;225.0;50.0;282.0;749.0;35.0;5607.0;4394.0;428.0;195.0;98.0;185.0;48.0;120.0;139.0;1473.0;3753.0;2742.0;279.0;135.0;81.0;47.0;5.0;204.0;260.0;63.0;1849.0;1185.0;174.0;86.0;37.0;86.0;75.0;46.0;160.0;39.0;14730.0;9791.0;924.0;831.0;136.0;2048.0;216.0;323.0;461.0;;;;;;;;;;;2359.0;8409.0;5931.0;689.0;316.0;153.0;178.0;12.0;447.0;683.0;;;;;;;;;;;1662.0;7505.0;5092.0;618.0;389.0;123.0;125.0;31.0;339.0;788.0;;;;;;;;;;;4327.0;28768.0;19878.0;2467.0;1488.0;507.0;677.0;68.0;1098.0;2585.0;16.0;1184.0;859.0;68.0;68.0;13.0;90.0;3.0;34.0;49.0;;;;;;;;;;;14744.0;95468.0;60516.0;6874.0;4207.0;1464.0;11805.0;586.0;3350.0;6666.0;77.0;30583.0;15045.0;1481.0;1218.0;259.0;10348.0;334.0;624.0;1274.0;3.0;10246.0;860.0;129.0;192.0;25.0;8115.0;70.0;181.0;674.0
KIELECKIE;STOPNICKI;547.0;168.0;132.0;2.0;1.0;10.0;0.0;0.0;21.0;2.0;1105.0;812.0;705.0;24.0;5.0;15.0;4.0;1.0;50.0;8.0;2674.0;3976.0;3245.0;217.0;90.0;43.0;51.0;8.0;221.0;101.0;1017.0;12552.0;8090.0;1084.0;1212.0;134.0;613.0;54.0;365.0;1000.0;29.0;4352.0;2377.0;330.0;226.0;64.0;933.0;188.0;74.0;160.0;2510.0;6404.0;4780.0;531.0;239.0;80.0;107.0;10.0;345.0;312.0;87.0;2402.0;1352.0;257.0;350.0;54.0;128.0;35.0;63.0;163.0;45.0;15834.0;8111.0;1052.0;1172.0;174.0;3921.0;602.0;312.0;490.0;;;;;;;;;;;3677.0;13187.0;9261.0;1261.0;619.0;147.0;374.0;22.0;684.0;819.0;;;;;;;;;;;2785.0;12586.0;8500.0;1294.0;692.0;122.0;489.0;22.0;590.0;877.0;;;;;;;;;;;6134.0;41246.0;27499.0;4057.0;2782.0;373.0;1742.0;82.0;1586.0;3125.0;31.0;2077.0;1035.0;248.0;144.0;35.0;140.0;241.0;63.0;171.0;;;;;;;;;;;20646.0;133307.0;76980.0;10483.0;7580.0;1264.0;23975.0;1281.0;4498.0;7246.0;79.0;37897.0;12381.0;1508.0;1446.0;251.0;20327.0;806.0;510.0;668.0;5.0;17711.0;1893.0;126.0;48.0;13.0;15473.0;16.0;124.0;18.0
KIELECKIE;WŁOSZCZOWSKI;530.0;191.0;166.0;3.0;0.0;8.0;1.0;0.0;11.0;2.0;675.0;506.0;422.0;36.0;2.0;5.0;8.0;0.0;28.0;5.0;1472.0;2167.0;1720.0;188.0;36.0;13.0;54.0;4.0;93.0;59.0;962.0;12138.0;6152.0;1529.0;1897.0;84.0;953.0;48.0;330.0;1145.0;15.0;2308.0;1338.0;177.0;277.0;14.0;340.0;5.0;29.0;128.0;1141.0;2919.0;2068.0;345.0;78.0;13.0;110.0;9.0;125.0;171.0;65.0;1688.0;782.0;201.0;300.0;19.0;173.0;47.0;38.0;128.0;25.0;14914.0;4793.0;760.0;1233.0;82.0;6634.0;305.0;158.0;949.0;;;;;;;;;;;1922.0;6887.0;4513.0;917.0;232.0;37.0;253.0;15.0;320.0;600.0;;;;;;;;;;;1738.0;7845.0;4982.0;1028.0;369.0;37.0;426.0;23.0;336.0;644.0;;;;;;;;;;;4422.0;30236.0;18249.0;3577.0;2403.0;186.0;2061.0;68.0;1100.0;2592.0;9.0;678.0;294.0;60.0;87.0;13.0;150.0;5.0;18.0;51.0;;;;;;;;;;;12993.0;124075.0;51089.0;10258.0;7934.0;618.0;42305.0;1195.0;3011.0;7665.0;57.0;58820.0;11741.0;2374.0;2530.0;203.0;38116.0;976.0;612.0;2268.0;17.0;41598.0;5610.0;1437.0;1020.0;107.0;31142.0;666.0;425.0;1191.0
KRAKOWSKIE;BIALSKI (BIAŁA KRAKOWSKA);1652.0;473.0;231.0;6.0;9.0;83.0;3.0;1.0;131.0;9.0;1124.0;880.0;619.0;23.0;37.0;62.0;11.0;0.0;105.0;23.0;2447.0;3787.0;2770.0;169.0;265.0;136.0;90.0;2.0;248.0;107.0;250.0;3287.0;2108.0;192.0;280.0;54.0;335.0;106.0;127.0;85.0;8.0;1176.0;703.0;54.0;41.0;12.0;146.0;188.0;15.0;17.0;1596.0;4023.0;2870.0;228.0;360.0;111.0;137.0;6.0;188.0;123.0;52.0;1370.0;838.0;71.0;69.0;36.0;179.0;92.0;59.0;26.0;12.0;4342.0;1508.0;219.0;254.0;20.0;1265.0;972.0;66.0;38.0;;;;;;;;;;;965.0;3393.0;2284.0;215.0;339.0;81.0;213.0;8.0;132.0;121.0;;;;;;;;;;;600.0;2687.0;1827.0;147.0;281.0;59.0;181.0;7.0;93.0;92.0;;;;;;;;;;;946.0;6298.0;4064.0;379.0;630.0;115.0;638.0;60.0;205.0;207.0;10.0;696.0;336.0;31.0;37.0;5.0;82.0;125.0;12.0;68.0;;;;;;;;;;;9666.0;40532.0;20413.0;1806.0;2854.0;784.0;10636.0;1659.0;1441.0;939.0;24.0;13638.0;2466.0;345.0;547.0;42.0;8767.0;1252.0;141.0;78.0;4.0;8120.0;255.0;72.0;252.0;10.0;7356.0;92.0;60.0;23.0
KRAKOWSKIE;BOCHEŃSKI;2047.0;654.0;381.0;23.0;9.0;73.0;1.0;1.0;161.0;5.0;2458.0;1931.0;1448.0;151.0;54.0;37.0;11.0;2.0;216.0;12.0;5020.0;7673.0;5494.0;878.0;410.0;78.0;186.0;11.0;508.0;108.0;274.0;3465.0;1701.0;462.0;333.0;31.0;689.0;11.0;94.0;144.0;15.0;2119.0;957.0;230.0;73.0;15.0;777.0;7.0;36.0;24.0;3362.0;8510.0;5526.0;1164.0;661.0;71.0;467.0;17.0;406.0;198.0;35.0;1050.0;498.0;153.0;110.0;18.0;211.0;7.0;25.0;28.0;13.0;4621.0;1375.0;262.0;71.0;31.0;2656.0;128.0;34.0;64.0;;;;;;;;;;;1961.0;6915.0;4174.0;1009.0;626.0;61.0;544.0;13.0;278.0;210.0;;;;;;;;;;;1240.0;5552.0;3221.0;837.0;549.0;44.0;497.0;11.0;223.0;170.0;;;;;;;;;;;2000.0;13322.0;7311.0;1876.0;1372.0;120.0;1748.0;33.0;404.0;458.0;20.0;1414.0;698.0;175.0;83.0;25.0;380.0;3.0;34.0;16.0;;;;;;;;;;;18450.0;71678.0;32939.0;7394.0;4460.0;612.0;21956.0;249.0;2425.0;1643.0;33.0;21192.0;2487.0;666.0;253.0;54.0;17222.0;140.0;76.0;294.0;5.0;14452.0;155.0;174.0;109.0;8.0;13789.0;5.0;6.0;206.0
KRAKOWSKIE;BRZESKI (BRZESKO);1444.0;466.0;293.0;10.0;7.0;36.0;1.0;0.0;115.0;4.0;1959.0;1536.0;1191.0;66.0;51.0;27.0;9.0;1.0;174.0;17.0;4654.0;7170.0;5368.0;542.0;416.0;74.0;158.0;7.0;520.0;85.0;259.0;3271.0;1784.0;416.0;290.0;37.0;511.0;12.0;119.0;102.0;10.0;1502.0;712.0;80.0;56.0;20.0;544.0;7.0;18.0;65.0;3700.0;9377.0;6434.0;975.0;772.0;88.0;414.0;9.0;511.0;174.0;57.0;1745.0;849.0;195.0;110.0;37.0;402.0;14.0;83.0;55.0;16.0;6380.0;1955.0;564.0;91.0;47.0;3411.0;53.0;41.0;218.0;;;;;;;;;;;2315.0;8189.0;5279.0;968.0;718.0;80.0;574.0;8.0;383.0;179.0;;;;;;;;;;;1600.0;7152.0;4406.0;901.0;673.0;62.0;610.0;7.0;327.0;166.0;;;;;;;;;;;2074.0;13593.0;7845.0;1678.0;1412.0;124.0;1574.0;18.0;549.0;393.0;17.0;1252.0;743.0;169.0;44.0;8.0;227.0;7.0;23.0;31.0;;;;;;;;;;;18109.0;70254.0;38121.0;7376.0;4779.0;678.0;14538.0;152.0;2946.0;1664.0;30.0;16503.0;3929.0;1456.0;286.0;105.0;10058.0;69.0;142.0;458.0;4.0;8621.0;1262.0;812.0;139.0;38.0;6103.0;9.0;83.0;175.0
KRAKOWSKIE;CHRZANOWSKI;3037.0;867.0;618.0;15.0;7.0;67.0;1.0;0.0;148.0;11.0;2805.0;2188.0;1780.0;81.0;40.0;45.0;5.0;0.0;198.0;39.0;4415.0;6726.0;5366.0;424.0;248.0;111.0;37.0;4.0;376.0;160.0;85.0;1117.0;617.0;154.0;105.0;19.0;86.0;3.0;44.0;89.0;11.0;1349.0;564.0;188.0;72.0;20.0;398.0;1.0;18.0;88.0;2243.0;5623.0;4170.0;540.0;340.0;83.0;57.0;2.0;229.0;202.0;29.0;904.0;415.0;78.0;86.0;24.0;118.0;9.0;47.0;127.0;19.0;8302.0;1447.0;496.0;317.0;52.0;5633.0;95.0;69.0;193.0;;;;;;;;;;;1067.0;3754.0;2654.0;417.0;292.0;53.0;50.0;3.0;127.0;158.0;;;;;;;;;;;628.0;2805.0;1954.0;314.0;211.0;39.0;46.0;3.0;84.0;154.0;;;;;;;;;;;677.0;4375.0;2805.0;575.0;351.0;95.0;144.0;8.0;119.0;278.0;12.0;782.0;390.0;74.0;39.0;23.0;122.0;10.0;21.0;103.0;;;;;;;;;;;15036.0;56885.0;23160.0;4018.0;2544.0;645.0;22363.0;218.0;1654.0;2283.0;38.0;27744.0;2391.0;1346.0;825.0;86.0;21697.0;176.0;261.0;962.0;8.0;18093.0;380.0;662.0;436.0;14.0;15666.0;80.0;174.0;681.0
KRAKOWSKIE;DĄBROWSKI;854.0;269.0;170.0;2.0;2.0;27.0;1.0;0.0;65.0;2.0;1085.0;851.0;703.0;20.0;16.0;15.0;3.0;1.0;89.0;4.0;2580.0;4013.0;3266.0;187.0;137.0;56.0;27.0;4.0;288.0;48.0;330.0;4169.0;2509.0;405.0;451.0;49.0;293.0;26.0;196.0;240.0;15.0;2208.0;1074.0;198.0;124.0;18.0;740.0;2.0;41.0;11.0;2217.0;5642.0;4328.0;423.0;325.0;57.0;70.0;4.0;330.0;105.0;47.0;1367.0;724.0;141.0;142.0;13.0;210.0;11.0;34.0;92.0;18.0;7663.0;2716.0;1508.0;448.0;55.0;2717.0;20.0;57.0;142.0;;;;;;;;;;;1496.0;5257.0;3918.0;414.0;375.0;55.0;88.0;13.0;268.0;126.0;;;;;;;;;;;1230.0;5517.0;3894.0;460.0;483.0;49.0;162.0;13.0;285.0;171.0;;;;;;;;;;;1974.0;13171.0;8667.0;1184.0;1386.0;115.0;515.0;42.0;640.0;622.0;15.0;1125.0;764.0;98.0;87.0;10.0;92.0;5.0;25.0;44.0;;;;;;;;;;;11862.0;52272.0;33084.0;5259.0;4033.0;539.0;5276.0;147.0;2325.0;1609.0;34.0;10891.0;4141.0;1925.0;629.0;93.0;3815.0;28.0;105.0;155.0;1.0;1020.0;351.0;219.0;57.0;20.0;358.0;6.0;7.0;2.0
KRAKOWSKIE;GORLICKI;960.0;263.0;150.0;6.0;10.0;37.0;1.0;0.0;55.0;4.0;986.0;775.0;558.0;21.0;56.0;31.0;7.0;0.0;85.0;17.0;2723.0;4231.0;3125.0;140.0;408.0;90.0;77.0;2.0;258.0;131.0;734.0;9219.0;3483.0;1212.0;2317.0;50.0;921.0;10.0;170.0;1056.0;16.0;2233.0;988.0;121.0;196.0;20.0;848.0;1.0;16.0;43.0;2386.0;6098.0;4160.0;321.0;747.0;87.0;218.0;3.0;258.0;304.0;76.0;2067.0;980.0;184.0;358.0;23.0;284.0;4.0;42.0;192.0;18.0;6302.0;1248.0;152.0;129.0;43.0;4629.0;7.0;27.0;67.0;;;;;;;;;;;1593.0;5628.0;3532.0;374.0;811.0;58.0;304.0;1.0;193.0;355.0;;;;;;;;;;;1266.0;5652.0;3322.0;477.0;869.0;47.0;354.0;4.0;174.0;405.0;;;;;;;;;;;2781.0;19596.0;9279.0;2335.0;4131.0;99.0;1472.0;9.0;415.0;1856.0;24.0;1616.0;759.0;129.0;183.0;29.0;422.0;11.0;20.0;63.0;;;;;;;;;;;13564.0;64794.0;31704.0;5480.0;10227.0;614.0;10508.0;52.0;1716.0;4493.0;35.0;9649.0;2356.0;281.0;337.0;63.0;6448.0;8.0;46.0;110.0;1.0;1114.0;120.0;8.0;12.0;0.0;971.0;0.0;3.0;0.0
KRAKOWSKIE;GRYBOWSKI;524.0;158.0;100.0;2.0;6.0;13.0;1.0;0.0;34.0;2.0;607.0;464.0;353.0;9.0;32.0;11.0;7.0;0.0;45.0;7.0;1469.0;2293.0;1697.0;59.0;243.0;40.0;84.0;1.0;127.0;42.0;637.0;8373.0;3572.0;767.0;1735.0;75.0;1387.0;8.0;150.0;679.0;12.0;1801.0;882.0;82.0;79.0;20.0;677.0;19.0;22.0;20.0;1312.0;3342.0;2306.0;128.0;438.0;50.0;185.0;0.0;126.0;109.0;89.0;2516.0;1157.0;155.0;458.0;24.0;567.0;3.0;48.0;104.0;8.0;2362.0;909.0;35.0;150.0;19.0;1183.0;4.0;21.0;41.0;;;;;;;;;;;897.0;3179.0;2000.0;168.0;469.0;42.0;301.0;1.0;96.0;102.0;;;;;;;;;;;869.0;3872.0;2328.0;270.0;576.0;46.0;369.0;4.0;104.0;175.0;;;;;;;;;;;1981.0;14207.0;7436.0;1219.0;2448.0;149.0;1744.0;7.0;290.0;914.0;19.0;1376.0;505.0;91.0;159.0;12.0;463.0;46.0;15.0;85.0;;;;;;;;;;;8426.0;47011.0;23502.0;3011.0;6849.0;528.0;9623.0;105.0;1088.0;2305.0;22.0;7231.0;2048.0;143.0;285.0;66.0;4515.0;35.0;53.0;86.0;2.0;3068.0;257.0;26.0;56.0;27.0;2655.0;12.0;10.0;25.0
KRAKOWSKIE;JASIELSKI;929.0;296.0;191.0;6.0;7.0;23.0;0.0;0.0;67.0;2.0;1132.0;898.0;706.0;22.0;41.0;27.0;5.0;0.0;90.0;7.0;3076.0;4801.0;3773.0;176.0;336.0;86.0;92.0;1.0;286.0;51.0;423.0;5459.0;2534.0;587.0;1091.0;42.0;678.0;8.0;111.0;408.0;9.0;1189.0;508.0;71.0;98.0;12.0;417.0;4.0;28.0;51.0;2754.0;7019.0;5080.0;383.0;672.0;119.0;347.0;1.0;298.0;119.0;66.0;1905.0;933.0;154.0;218.0;56.0;395.0;1.0;52.0;96.0;21.0;7111.0;2559.0;388.0;150.0;85.0;3847.0;10.0;41.0;31.0;;;;;;;;;;;1787.0;6307.0;4331.0;386.0;661.0;92.0;488.0;2.0;221.0;126.0;;;;;;;;;;;1339.0;6007.0;3943.0;398.0;717.0;79.0;548.0;2.0;181.0;139.0;;;;;;;;;;;2116.0;14262.0;8283.0;1165.0;2263.0;179.0;1533.0;6.0;380.0;453.0;16.0;1092.0;468.0;66.0;71.0;15.0;354.0;0.0;18.0;100.0;;;;;;;;;;;13670.0;60628.0;33443.0;3827.0;6344.0;820.0;12684.0;35.0;1781.0;1694.0;32.0;12582.0;3201.0;484.0;267.0;102.0;8244.0;14.0;77.0;193.0;2.0;4282.0;134.0;25.0;19.0;5.0;3980.0;0.0;8.0;111.0
KRAKOWSKIE;KRAKOWSKI;1241.0;397.0;291.0;15.0;2.0;25.0;0.0;0.0;60.0;4.0;1939.0;1537.0;1236.0;99.0;22.0;44.0;3.0;1.0;115.0;17.0;3572.0;5441.0;4329.0;529.0;100.0;127.0;20.0;3.0;259.0;74.0;107.0;1400.0;1041.0;193.0;34.0;52.0;6.0;6.0;36.0;32.0;34.0;4890.0;3471.0;574.0;125.0;92.0;386.0;66.0;82.0;94.0;2014.0;5077.0;3893.0;627.0;132.0;137.0;27.0;3.0;176.0;82.0;23.0;706.0;410.0;98.0;61.0;23.0;64.0;21.0;21.0;8.0;22.0;7104.0;3494.0;682.0;257.0;76.0;2424.0;46.0;82.0;43.0;;;;;;;;;;;981.0;3436.0;2601.0;477.0;89.0;80.0;20.0;2.0;105.0;62.0;;;;;;;;;;;565.0;2522.0;1854.0;375.0;75.0;71.0;20.0;6.0;72.0;49.0;;;;;;;;;;;625.0;4159.0;3092.0;595.0;133.0;103.0;43.0;6.0;102.0;85.0;14.0;999.0;606.0;104.0;128.0;30.0;78.0;6.0;13.0;34.0;;;;;;;;;;;11137.0;37668.0;26318.0;4368.0;1158.0;860.0;3091.0;166.0;1123.0;584.0;56.0;11994.0;6965.0;1256.0;382.0;168.0;2810.0;112.0;164.0;137.0;0.0;0.0;0.0;0.0;0.0;0.0;0.0;0.0;0.0;0.0
KRAKOWSKIE;KRAKÓW (MIASTO);849.0;151.0;65.0;3.0;1.0;74.0;0.0;0.0;6.0;2.0;183.0;134.0;92.0;12.0;0.0;25.0;0.0;0.0;4.0;1.0;196.0;275.0;202.0;28.0;7.0;28.0;4.0;0.0;6.0;0.0;14.0;179.0;120.0;22.0;10.0;10.0;10.0;0.0;3.0;4.0;1.0;156.0;115.0;37.0;0.0;1.0;0.0;0.0;2.0;1.0;79.0;203.0;150.0;30.0;2.0;15.0;0.0;0.0;5.0;1.0;5.0;145.0;83.0;29.0;12.0;2.0;0.0;0.0;4.0;15.0;0.0;0.0;0.0;0.0;0.0;0.0;0.0;0.0;0.0;0.0;;;;;;;;;;;30.0;106.0;86.0;13.0;0.0;5.0;0.0;0.0;2.0;0.0;;;;;;;;;;;26.0;117.0;89.0;11.0;4.0;10.0;0.0;0.0;1.0;2.0;;;;;;;;;;;45.0;311.0;225.0;47.0;8.0;15.0;1.0;1.0;6.0;8.0;3.0;241.0;125.0;24.0;6.0;11.0;0.0;2.0;4.0;69.0;;;;;;;;;;;1431.0;2018.0;1352.0;256.0;50.0;196.0;15.0;3.0;43.0;103.0;1.0;156.0;115.0;37.0;0.0;1.0;0.0;0.0;2.0;1.0;0.0;0.0;0.0;0.0;0.0;0.0;0.0;0.0;0.0;0.0
KRAKOWSKIE;LIMANOWSKI;861.0;273.0;166.0;9.0;9.0;18.0;2.0;0.0;63.0;6.0;1092.0;856.0;631.0;38.0;48.0;10.0;16.0;1.0;89.0;23.0;2670.0;4188.0;2858.0;239.0;381.0;37.0;211.0;1.0;256.0;205.0;522.0;6700.0;2827.0;548.0;1021.0;72.0;1275.0;6.0;158.0;793.0;8.0;1218.0;449.0;39.0;42.0;13.0;633.0;2.0;20.0;20.0;2230.0;5747.0;3497.0;371.0;758.0;56.0;453.0;1.0;230.0;381.0;74.0;2090.0;1008.0;178.0;243.0;29.0;434.0;11.0;33.0;154.0;11.0;3666.0;678.0;82.0;35.0;29.0;2727.0;5.0;15.0;95.0;;;;;;;;;;;1601.0;5665.0;3038.0;384.0;849.0;41.0;603.0;3.0;174.0;573.0;;;;;;;;;;;1343.0;6007.0;3109.0;483.0;955.0;37.0;667.0;1.0;169.0;586.0;;;;;;;;;;;2356.0;16186.0;7473.0;1359.0;2790.0;121.0;2273.0;13.0;367.0;1790.0;12.0;870.0;529.0;57.0;38.0;16.0;170.0;4.0;12.0;44.0;;;;;;;;;;;12784.0;64684.0;26363.0;3826.0;7196.0;495.0;20223.0;48.0;1706.0;4827.0;23.0;16102.0;1227.0;160.0;104.0;58.0;14119.0;7.0;155.0;272.0;4.0;11218.0;100.0;39.0;27.0;16.0;10759.0;0.0;120.0;157.0
KRAKOWSKIE;MIELECKI;966.0;305.0;204.0;3.0;2.0;24.0;1.0;0.0;69.0;2.0;1013.0;786.0;655.0;13.0;4.0;12.0;2.0;0.0;85.0;15.0;2485.0;3801.0;3098.0;133.0;154.0;23.0;8.0;4.0;302.0;79.0;329.0;4150.0;2821.0;330.0;444.0;27.0;126.0;10.0;179.0;213.0;20.0;3016.0;1892.0;117.0;193.0;29.0;633.0;7.0;52.0;93.0;2233.0;5701.0;4365.0;303.0;400.0;23.0;28.0;4.0;388.0;190.0;58.0;1872.0;1141.0;161.0;171.0;23.0;229.0;19.0;55.0;73.0;29.0;12122.0;4490.0;911.0;525.0;65.0;5860.0;32.0;128.0;111.0;;;;;;;;;;;1635.0;5787.0;4367.0;361.0;470.0;21.0;36.0;6.0;334.0;192.0;;;;;;;;;;;1435.0;6392.0;4616.0;452.0;603.0;22.0;45.0;11.0;390.0;253.0;;;;;;;;;;;2283.0;15304.0;10565.0;1182.0;1647.0;62.0;190.0;22.0;809.0;827.0;16.0;1147.0;606.0;50.0;131.0;10.0;263.0;35.0;20.0;32.0;;;;;;;;;;;12509.0;72934.0;39646.0;4760.0;4880.0;358.0;17940.0;234.0;2960.0;2156.0;56.0;27689.0;7208.0;1772.0;854.0;111.0;17012.0;123.0;329.0;280.0;7.0;12551.0;826.0;744.0;136.0;17.0;10519.0;84.0;149.0;76.0
KRAKOWSKIE;MYŚLENICKI;1217.0;373.0;204.0;4.0;10.0;43.0;5.0;0.0;102.0;5.0;1376.0;1111.0;779.0;13.0;93.0;26.0;53.0;1.0;122.0;24.0;3667.0;5821.0;3881.0;125.0;667.0;94.0;450.0;2.0;362.0;240.0;351.0;4382.0;1839.0;166.0;798.0;31.0;881.0;5.0;111.0;551.0;5.0;627.0;194.0;14.0;8.0;5.0;399.0;0.0;5.0;2.0;3227.0;8292.0;5075.0;213.0;1202.0;102.0;846.0;2.0;381.0;471.0;30.0;853.0;381.0;47.0;93.0;12.0;259.0;1.0;22.0;38.0;12.0;5005.0;713.0;76.0;138.0;25.0;3975.0;3.0;36.0;39.0;;;;;;;;;;;2226.0;7850.0;4278.0;227.0;1322.0;88.0;1074.0;3.0;288.0;570.0;;;;;;;;;;;1859.0;8355.0;4304.0;229.0;1483.0;77.0;1242.0;4.0;288.0;728.0;;;;;;;;;;;2412.0;16170.0;7612.0;579.0;3007.0;141.0;2787.0;7.0;445.0;1592.0;11.0;750.0;373.0;49.0;85.0;8.0;197.0;0.0;11.0;27.0;;;;;;;;;;;16397.0;71139.0;29909.0;1819.0;9145.0;657.0;22677.0;28.0;2236.0;4668.0;21.0;17182.0;1183.0;167.0;385.0;35.0;14883.0;3.0;104.0;422.0;4.0;11550.0;276.0;77.0;239.0;5.0;10509.0;0.0;63.0;381.0
KRAKOWSKIE;NOWOSĄDECKI;2508.0;684.0;357.0;10.0;8.0;126.0;2.0;1.0;176.0;4.0;1783.0;1395.0;1089.0;42.0;47.0;48.0;11.0;2.0;140.0;16.0;3485.0;5374.0;4123.0;217.0;376.0;122.0;110.0;2.0;316.0;108.0;943.0;12356.0;6557.0;910.0;2540.0;152.0;1175.0;16.0;210.0;796.0;8.0;1120.0;482.0;43.0;117.0;14.0;395.0;0.0;6.0;63.0;2413.0;6136.0;4347.0;332.0;677.0;94.0;257.0;2.0;254.0;173.0;155.0;4300.0;2297.0;232.0;780.0;67.0;642.0;8.0;66.0;208.0;16.0;6526.0;1376.0;125.0;354.0;21.0;4266.0;93.0;88.0;203.0;;;;;;;;;;;1621.0;5720.0;3722.0;298.0;804.0;107.0;368.0;2.0;183.0;236.0;;;;;;;;;;;1360.0;6097.0;3820.0;368.0;914.0;92.0;426.0;4.0;177.0;296.0;;;;;;;;;;;3078.0;21573.0;12312.0;1451.0;3929.0;287.0;1867.0;16.0;442.0;1269.0;34.0;2361.0;1220.0;108.0;170.0;28.0;719.0;0.0;31.0;85.0;;;;;;;;;;;17410.0;90334.0;42167.0;4312.0;10896.0;1167.0;25924.0;146.0;2115.0;3607.0;30.0;24338.0;2323.0;344.0;651.0;44.0;20347.0;93.0;120.0;416.0;6.0;16692.0;465.0;176.0;180.0;9.0;15686.0;0.0;26.0;150.0
KRAKOWSKIE;NOWOTARSKI;656.0;201.0;120.0;9.0;3.0;16.0;1.0;0.0;49.0;3.0;988.0;778.0;573.0;60.0;24.0;16.0;14.0;0.0;78.0;13.0;2518.0;3973.0;2806.0;449.0;208.0;35.0;142.0;1.0;226.0;106.0;547.0;6883.0;3369.0;1022.0;1032.0;49.0;879.0;12.0;99.0;421.0;4.0;569.0;191.0;40.0;64.0;2.0;270.0;0.0;1.0;1.0;2374.0;6115.0;4041.0;811.0;458.0;41.0;302.0;6.0;243.0;213.0;55.0;1457.0;475.0;183.0;319.0;16.0;332.0;2.0;19.0;111.0;9.0;6274.0;839.0;107.0;130.0;25.0;5031.0;2.0;9.0;131.0;;;;;;;;;;;1880.0;6650.0;4125.0;873.0;611.0;43.0;476.0;10.0;208.0;304.0;;;;;;;;;;;1810.0;8161.0;4931.0;1057.0;852.0;57.0;558.0;20.0;244.0;442.0;;;;;;;;;;;3040.0;20761.0;11718.0;2812.0;2573.0;141.0;1797.0;50.0;440.0;1230.0;5.0;398.0;70.0;39.0;101.0;8.0;169.0;0.0;1.0;10.0;;;;;;;;;;;13890.0;76474.0;33295.0;7555.0;6985.0;453.0;23003.0;143.0;1658.0;3382.0;17.0;21097.0;1067.0;240.0;804.0;31.0;18333.0;42.0;51.0;529.0;4.0;14254.0;37.0;93.0;610.0;4.0;13032.0;40.0;41.0;397.0
KRAKOWSKIE;OŚWIĘCIMSKI;969.0;263.0;190.0;6.0;3.0;23.0;1.0;0.0;39.0;1.0;861.0;667.0;530.0;36.0;19.0;18.0;2.0;1.0;56.0;5.0;1474.0;2239.0;1768.0;144.0;120.0;31.0;14.0;3.0;133.0;26.0;153.0;1952.0;1165.0;222.0;186.0;26.0;149.0;24.0;111.0;69.0;5.0;659.0;188.0;190.0;35.0;10.0;121.0;75.0;18.0;22.0;993.0;2495.0;1800.0;224.0;212.0;33.0;43.0;2.0;139.0;42.0;19.0;555.0;287.0;50.0;67.0;6.0;89.0;24.0;21.0;11.0;20.0;7039.0;2428.0;642.0;249.0;52.0;1264.0;2192.0;118.0;94.0;;;;;;;;;;;640.0;2245.0;1575.0;214.0;210.0;31.0;51.0;4.0;113.0;47.0;;;;;;;;;;;464.0;2055.0;1413.0;216.0;188.0;21.0;50.0;4.0;106.0;57.0;;;;;;;;;;;822.0;5549.0;3496.0;638.0;603.0;65.0;233.0;21.0;321.0;172.0;1.0;62.0;55.0;1.0;3.0;0.0;1.0;0.0;2.0;0.0;;;;;;;;;;;6422.0;27299.0;14990.0;2735.0;1968.0;325.0;2310.0;3212.0;1183.0;576.0;26.0;9217.0;2711.0;984.0;357.0;71.0;1677.0;3129.0;142.0;146.0;1.0;1519.0;95.0;152.0;73.0;9.0;292.0;862.0;6.0;30.0
KRAKOWSKIE;PILZNEŃSKI;427.0;126.0;86.0;0.0;3.0;10.0;1.0;0.0;26.0;0.0;486.0;375.0;306.0;5.0;19.0;5.0;3.0;0.0;33.0;4.0;1421.0;2217.0;1749.0;55.0;183.0;16.0;25.0;3.0;152.0;34.0;349.0;4503.0;2720.0;251.0;530.0;28.0;623.0;7.0;172.0;172.0;11.0;1545.0;680.0;123.0;11.0;13.0;660.0;4.0;21.0;33.0;1488.0;3824.0;2753.0;128.0;475.0;25.0;131.0;2.0;212.0;98.0;37.0;1091.0;588.0;53.0;66.0;14.0;294.0;7.0;30.0;39.0;21.0;8378.0;2709.0;219.0;200.0;85.0;5007.0;34.0;44.0;80.0;;;;;;;;;;;1132.0;4002.0;2794.0;168.0;529.0;28.0;170.0;6.0;184.0;123.0;;;;;;;;;;;1109.0;4929.0;3348.0;243.0;699.0;27.0;245.0;5.0;224.0;138.0;;;;;;;;;;;1929.0;13081.0;8476.0;657.0;1745.0;80.0;1055.0;21.0;528.0;519.0;11.0;726.0;397.0;37.0;24.0;9.0;225.0;3.0;14.0;17.0;;;;;;;;;;;8422.0;47399.0;26674.0;2090.0;4495.0;342.0;10694.0;129.0;1642.0;1333.0;33.0;12525.0;3457.0;493.0;222.0;100.0;7922.0;75.0;67.0;189.0;1.0;2602.0;68.0;151.0;11.0;2.0;2255.0;37.0;2.0;76.0
KRAKOWSKIE;PODGÓRSKI;1185.0;388.0;253.0;12.0;5.0;31.0;3.0;0.0;81.0;3.0;1264.0;998.0;751.0;61.0;29.0;30.0;17.0;1.0;101.0;8.0;2070.0;3132.0;2377.0;285.0;105.0;61.0;78.0;2.0;181.0;43.0;44.0;570.0;284.0;90.0;52.0;23.0;58.0;8.0;26.0;29.0;12.0;1650.0;839.0;230.0;89.0;49.0;357.0;35.0;27.0;24.0;964.0;2405.0;1745.0;306.0;97.0;30.0;87.0;3.0;95.0;42.0;20.0;739.0;393.0;89.0;54.0;20.0;119.0;8.0;28.0;28.0;5.0;1236.0;426.0;74.0;36.0;38.0;635.0;14.0;12.0;1.0;;;;;;;;;;;424.0;1474.0;998.0;227.0;76.0;27.0;72.0;1.0;48.0;25.0;;;;;;;;;;;227.0;1016.0;670.0;148.0;64.0;15.0;63.0;5.0;29.0;22.0;;;;;;;;;;;272.0;1792.0;1113.0;292.0;114.0;30.0;134.0;2.0;51.0;56.0;20.0;1379.0;770.0;203.0;75.0;51.0;174.0;17.0;59.0;30.0;;;;;;;;;;;6507.0;16779.0;10619.0;2017.0;796.0;405.0;1797.0;96.0;738.0;311.0;17.0;2886.0;1265.0;304.0;125.0;87.0;992.0;49.0;39.0;25.0;0.0;0.0;0.0;0.0;0.0;0.0;0.0;0.0;0.0;0.0
KRAKOWSKIE;ROPCZYCKI;1091.0;341.0;208.0;3.0;7.0;38.0;0.0;0.0;82.0;3.0;1110.0;858.0;659.0;14.0;47.0;22.0;4.0;0.0;99.0;13.0;2615.0;4000.0;3023.0;119.0;378.0;51.0;48.0;2.0;293.0;86.0;352.0;4462.0;2483.0;378.0;568.0;52.0;492.0;29.0;132.0;328.0;9.0;1438.0;945.0;113.0;56.0;21.0;254.0;3.0;21.0;25.0;2513.0;6427.0;4560.0;254.0;802.0;67.0;174.0;7.0;373.0;190.0;47.0;1276.0;691.0;83.0;137.0;12.0;215.0;3.0;32.0;103.0;22.0;7666.0;3782.0;344.0;301.0;86.0;2949.0;41.0;51.0;112.0;;;;;;;;;;;1619.0;5745.0;3957.0;296.0;750.0;63.0;245.0;4.0;261.0;169.0;;;;;;;;;;;1323.0;5910.0;3914.0;344.0;825.0;60.0;283.0;6.0;272.0;206.0;;;;;;;;;;;2258.0;15196.0;9461.0;1041.0;2118.0;177.0;1024.0;29.0;564.0;782.0;24.0;1629.0;997.0;127.0;141.0;21.0;202.0;4.0;42.0;95.0;;;;;;;;;;;12986.0;61955.0;34765.0;3200.0;6181.0;678.0;12652.0;128.0;2227.0;2124.0;34.0;16111.0;4812.0;541.0;408.0;115.0;9965.0;44.0;77.0;149.0;3.0;7007.0;85.0;84.0;51.0;8.0;6762.0;0.0;5.0;12.0
KRAKOWSKIE;SPISKO-ORAWSKI;82.0;25.0;15.0;1.0;1.0;2.0;0.0;0.0;5.0;1.0;113.0;93.0;58.0;6.0;15.0;1.0;3.0;0.0;8.0;2.0;348.0;557.0;334.0;41.0;103.0;8.0;27.0;0.0;33.0;11.0;661.0;8582.0;5217.0;734.0;1486.0;29.0;602.0;35.0;209.0;270.0;1.0;107.0;17.0;14.0;32.0;0.0;43.0;0.0;0.0;1.0;521.0;1344.0;857.0;96.0;220.0;19.0;55.0;2.0;59.0;36.0;66.0;1608.0;862.0;159.0;297.0;5.0;194.0;6.0;33.0;52.0;1.0;441.0;52.0;8.0;43.0;1.0;336.0;0.0;0.0;1.0;;;;;;;;;;;517.0;1841.0;1145.0;138.0;332.0;22.0;91.0;0.0;62.0;51.0;;;;;;;;;;;583.0;2661.0;1719.0;215.0;427.0;15.0;115.0;6.0;74.0;90.0;;;;;;;;;;;1916.0;13818.0;8711.0;1204.0;2354.0;66.0;754.0;39.0;333.0;357.0;4.0;308.0;170.0;27.0;10.0;1.0;87.0;0.0;6.0;7.0;;;;;;;;;;;4815.0;34175.0;20189.0;2871.0;5462.0;173.0;3584.0;88.0;829.0;979.0;4.0;3338.0;1101.0;250.0;217.0;5.0;1656.0;0.0;7.0;102.0;2.0;2790.0;1032.0;228.0;142.0;4.0;1277.0;0.0;7.0;100.0
KRAKOWSKIE;TARNOWSKI;1219.0;316.0;175.0;3.0;7.0;65.0;1.0;0.0;63.0;2.0;988.0;772.0;613.0;15.0;33.0;17.0;4.0;0.0;79.0;11.0;2508.0;3873.0;3069.0;103.0;274.0;50.0;67.0;3.0;257.0;50.0;341.0;4284.0;2490.0;305.0;508.0;73.0;555.0;5.0;157.0;191.0;20.0;2789.0;1878.0;174.0;186.0;30.0;402.0;13.0;49.0;57.0;2269.0;5789.0;4209.0;273.0;607.0;59.0;198.0;4.0;334.0;105.0;51.0;1473.0;818.0;74.0;140.0;26.0;328.0;6.0;38.0;43.0;21.0;6697.0;3287.0;293.0;250.0;91.0;2528.0;64.0;95.0;89.0;;;;;;;;;;;1579.0;5574.0;3902.0;327.0;625.0;53.0;255.0;4.0;284.0;124.0;;;;;;;;;;;1218.0;5420.0;3586.0;386.0;689.0;55.0;257.0;7.0;290.0;150.0;;;;;;;;;;;2135.0;14290.0;8857.0;1113.0;1859.0;155.0;1117.0;19.0;708.0;462.0;18.0;1330.0;781.0;47.0;58.0;23.0;351.0;15.0;25.0;30.0;;;;;;;;;;;12369.0;56128.0;33698.0;3320.0;5237.0;698.0;9153.0;248.0;2383.0;1391.0;43.0;13007.0;5198.0;674.0;437.0;122.0;6020.0;185.0;148.0;223.0;2.0;3521.0;33.0;207.0;1.0;1.0;3090.0;108.0;4.0;77.0
KRAKOWSKIE;WADOWICKI;1529.0;458.0;250.0;6.0;10.0;61.0;4.0;1.0;120.0;6.0;1432.0;1134.0;883.0;20.0;60.0;35.0;22.0;2.0;99.0;13.0;3800.0;5955.0;4540.0;159.0;375.0;127.0;259.0;4.0;377.0;114.0;164.0;2147.0;1251.0;112.0;197.0;33.0;341.0;37.0;101.0;75.0;21.0;3037.0;1735.0;297.0;152.0;38.0;587.0;122.0;37.0;69.0;3264.0;8247.0;5838.0;289.0;740.0;154.0;607.0;9.0;396.0;214.0;28.0;861.0;442.0;84.0;56.0;11.0;198.0;24.0;19.0;27.0;19.0;5948.0;1883.0;198.0;156.0;85.0;3182.0;330.0;66.0;48.0;;;;;;;;;;;1953.0;6901.0;4609.0;278.0;591.0;116.0;802.0;8.0;281.0;216.0;;;;;;;;;;;1176.0;5272.0;3404.0;237.0;554.0;91.0;589.0;9.0;194.0;194.0;;;;;;;;;;;1481.0;9695.0;5964.0;463.0;1017.0;153.0;1273.0;54.0;395.0;376.0;9.0;586.0;277.0;47.0;57.0;16.0;108.0;57.0;11.0;13.0;;;;;;;;;;;14879.0;55802.0;31370.0;2218.0;4008.0;926.0;13097.0;677.0;2133.0;1373.0;43.0;14546.0;3912.0;523.0;351.0;129.0;8894.0;472.0;140.0;125.0;3.0;5561.0;294.0;28.0;43.0;6.0;5125.0;20.0;37.0;8.0
KRAKOWSKIE;WIELICKI;1523.0;464.0;258.0;12.0;13.0;66.0;4.0;0.0;107.0;4.0;1538.0;1224.0;895.0;62.0;60.0;43.0;30.0;1.0;121.0;12.0;3173.0;4845.0;3529.0;320.0;371.0;94.0;174.0;5.0;295.0;57.0;202.0;2631.0;1411.0;315.0;302.0;62.0;392.0;7.0;60.0;82.0;23.0;3359.0;1529.0;166.0;146.0;55.0;1362.0;27.0;42.0;32.0;1985.0;5013.0;3388.0;483.0;458.0;80.0;309.0;4.0;204.0;87.0;34.0;1072.0;558.0;91.0;59.0;19.0;280.0;2.0;19.0;44.0;11.0;3640.0;1033.0;259.0;107.0;29.0;2156.0;29.0;19.0;8.0;;;;;;;;;;;1078.0;3790.0;2450.0;411.0;401.0;63.0;264.0;3.0;133.0;65.0;;;;;;;;;;;687.0;3083.0;1925.0;357.0;343.0;41.0;252.0;3.0;93.0;69.0;;;;;;;;;;;1032.0;6912.0;4056.0;891.0;817.0;115.0;709.0;11.0;161.0;152.0;17.0;1154.0;625.0;68.0;78.0;29.0;282.0;1.0;27.0;44.0;;;;;;;;;;;11303.0;37187.0;21657.0;3435.0;3155.0;696.0;6214.0;93.0;1281.0;656.0;34.0;6999.0;2562.0;425.0;253.0;84.0;3518.0;56.0;61.0;40.0;0.0;0.0;0.0;0.0;0.0;0.0;0.0;0.0;0.0;0.0
KRAKOWSKIE;ŻYWIECKI;2457.0;709.0;402.0;8.0;26.0;86.0;1.0;0.0;179.0;7.0;2458.0;1987.0;1397.0;64.0;203.0;58.0;20.0;1.0;209.0;35.0;5613.0;8787.0;5949.0;501.0;1273.0;166.0;153.0;2.0;528.0;215.0;111.0;1434.0;650.0;129.0;333.0;14.0;181.0;2.0;40.0;85.0;1.0;105.0;10.0;3.0;3.0;1.0;81.0;0.0;3.0;4.0;3741.0;9444.0;6111.0;495.0;1736.0;134.0;293.0;1.0;387.0;287.0;16.0;468.0;193.0;36.0;93.0;31.0;85.0;0.0;12.0;18.0;7.0;4261.0;1437.0;161.0;38.0;12.0;2445.0;60.0;87.0;21.0;;;;;;;;;;;2210.0;7831.0;4726.0;587.0;1544.0;102.0;320.0;3.0;291.0;258.0;;;;;;;;;;;1337.0;5987.0;3506.0;426.0;1255.0;69.0;309.0;1.0;156.0;265.0;;;;;;;;;;;1266.0;8269.0;4468.0;688.0;1752.0;86.0;716.0;18.0;192.0;349.0;8.0;533.0;188.0;17.0;48.0;61.0;179.0;0.0;21.0;19.0;;;;;;;;;;;19236.0;85959.0;29466.0;3360.0;8743.0;846.0;39590.0;98.0;2278.0;1578.0;19.0;40510.0;1876.0;409.0;480.0;39.0;37333.0;70.0;263.0;40.0;11.0;36144.0;429.0;245.0;439.0;26.0;34807.0;10.0;173.0;15.0
LUBELSKIE;BIALSKI (BIAŁA PODLASKA);517.0;130.0;50.0;3.0;0.0;46.0;1.0;0.0;28.0;2.0;247.0;178.0;120.0;8.0;2.0;30.0;5.0;0.0;12.0;1.0;363.0;553.0;382.0;52.0;18.0;24.0;37.0;0.0;20.0;20.0;2412.0;33001.0;17118.0;5122.0;2474.0;371.0;3621.0;36.0;493.0;3766.0;19.0;2522.0;1238.0;559.0;116.0;25.0;382.0;24.0;31.0;147.0;451.0;1161.0;803.0;142.0;29.0;25.0;46.0;0.0;42.0;74.0;538.0;14242.0;6255.0;2182.0;1509.0;133.0;2250.0;27.0;191.0;1695.0;39.0;16251.0;9201.0;3163.0;793.0;121.0;1996.0;62.0;175.0;740.0;;;;;;;;;;;642.0;2307.0;1392.0;409.0;82.0;50.0;124.0;2.0;58.0;190.0;;;;;;;;;;;621.0;2805.0;1735.0;445.0;126.0;46.0;159.0;3.0;63.0;228.0;;;;;;;;;;;3091.0;22945.0;12720.0;3863.0;1343.0;349.0;1774.0;18.0;450.0;2428.0;58.0;3719.0;2109.0;593.0;326.0;35.0;389.0;4.0;44.0;219.0;;;;;;;;;;;9001.0;113130.0;54323.0;16965.0;6967.0;1280.0;21926.0;393.0;1675.0;9601.0;61.0;32089.0;11639.0;4146.0;1058.0;171.0;13520.0;303.0;274.0;978.0;3.0;13316.0;1200.0;424.0;149.0;25.0;11142.0;217.0;68.0;91.0
LUBELSKIE;BIŁGORAJSKI;291.0;85.0;67.0;1.0;0.0;9.0;0.0;0.0;7.0;1.0;396.0;278.0;230.0;11.0;4.0;9.0;0.0;0.0;19.0;5.0;660.0;991.0;742.0;88.0;24.0;17.0;17.0;1.0;67.0;35.0;1116.0;13472.0;7060.0;2102.0;1219.0;60.0;529.0;29.0;930.0;1543.0;11.0;1581.0;807.0;241.0;121.0;21.0;148.0;34.0;28.0;181.0;650.0;1675.0;1009.0;240.0;83.0;18.0;38.0;0.0;152.0;135.0;44.0;1145.0;608.0;181.0;103.0;6.0;57.0;4.0;42.0;144.0;30.0;12758.0;6981.0;1741.0;1439.0;67.0;1212.0;142.0;177.0;999.0;;;;;;;;;;;2558.0;9197.0;4940.0;1563.0;534.0;48.0;130.0;10.0;924.0;1048.0;;;;;;;;;;;2270.0;10233.0;5246.0;1760.0;705.0;37.0;148.0;14.0;1053.0;1270.0;;;;;;;;;;;5407.0;35202.0;18308.0;5550.0;2650.0;153.0;1060.0;66.0;3096.0;4319.0;6.0;407.0;263.0;76.0;22.0;2.0;0.0;5.0;13.0;26.0;;;;;;;;;;;13444.0;148652.0;47323.0;14069.0;6912.0;447.0;57263.0;305.0;7136.0;15197.0;46.0;75967.0;8850.0;2497.0;1568.0;88.0;55284.0;176.0;833.0;6671.0;5.0;61628.0;1062.0;515.0;8.0;0.0;53924.0;0.0;628.0;5491.0
LUBELSKIE;CHEŁMSKI;664.0;201.0;110.0;7.0;0.0;62.0;1.0;1.0;19.0;1.0;703.0;520.0;357.0;53.0;5.0;53.0;6.0;2.0;34.0;10.0;1639.0;2524.0;1664.0;431.0;52.0;69.0;70.0;10.0;122.0;106.0;2103.0;27187.0;16052.0;5227.0;1337.0;395.0;1284.0;301.0;563.0;2028.0;16.0;2388.0;1782.0;321.0;120.0;38.0;41.0;17.0;37.0;32.0;1622.0;4159.0;2602.0;785.0;138.0;87.0;145.0;25.0;169.0;208.0;279.0;7370.0;4295.0;1266.0;442.0;115.0;429.0;172.0;129.0;522.0;30.0;13671.0;8122.0;1601.0;424.0;153.0;1636.0;794.0;234.0;707.0;;;;;;;;;;;2416.0;8578.0;5355.0;1682.0;238.0;164.0;331.0;38.0;295.0;475.0;;;;;;;;;;;1828.0;8250.0;4878.0;1597.0;323.0;162.0;481.0;46.0;247.0;516.0;;;;;;;;;;;5523.0;38619.0;23322.0;7448.0;1604.0;630.0;1664.0;319.0;975.0;2657.0;17.0;1165.0;585.0;226.0;39.0;35.0;17.0;42.0;41.0;180.0;;;;;;;;;;;16850.0;142978.0;72810.0;22604.0;5398.0;2072.0;26108.0;2157.0;3094.0;8735.0;56.0;44405.0;13590.0;3882.0;1220.0;300.0;21680.0;1201.0;500.0;2032.0;10.0;28346.0;3686.0;1960.0;676.0;109.0;20003.0;390.0;229.0;1293.0
LUBELSKIE;GARWOLIŃSKI;892.0;296.0;247.0;5.0;3.0;20.0;1.0;0.0;18.0;2.0;765.0;552.0;449.0;33.0;10.0;14.0;7.0;1.0;27.0;11.0;1205.0;1821.0;1346.0;155.0;56.0;22.0;60.0;3.0;81.0;98.0;2573.0;33049.0;17138.0;2698.0;4010.0;270.0;3908.0;243.0;1080.0;3702.0;22.0;3403.0;2172.0;411.0;178.0;104.0;222.0;93.0;87.0;136.0;1239.0;3205.0;2124.0;289.0;189.0;28.0;190.0;9.0;142.0;234.0;193.0;5005.0;2334.0;381.0;667.0;105.0;675.0;118.0;140.0;585.0;32.0;13540.0;6306.0;1149.0;1082.0;174.0;3028.0;1090.0;208.0;503.0;;;;;;;;;;;2090.0;7485.0;4636.0;702.0;567.0;78.0;504.0;19.0;383.0;596.0;;;;;;;;;;;2004.0;9057.0;5269.0;881.0;800.0;77.0;784.0;25.0;426.0;795.0;;;;;;;;;;;7705.0;54095.0;29691.0;4570.0;5803.0;365.0;5562.0;227.0;2220.0;5657.0;27.0;1786.0;991.0;100.0;264.0;41.0;247.0;8.0;46.0;89.0;;;;;;;;;;;18757.0;159131.0;75044.0;12336.0;14012.0;1370.0;36146.0;2393.0;5014.0;12816.0;64.0;42780.0;10819.0;2522.0;1643.0;350.0;24208.0;1740.0;451.0;1047.0;10.0;25837.0;2341.0;962.0;383.0;72.0;20958.0;557.0;156.0;408.0
LUBELSKIE;HRUBIESZOWSKI;1214.0;393.0;211.0;7.0;1.0;138.0;1.0;0.0;34.0;1.0;1090.0;777.0;545.0;39.0;3.0;134.0;22.0;0.0;30.0;4.0;1495.0;2246.0;1608.0;199.0;11.0;159.0;166.0;1.0;86.0;16.0;1783.0;23074.0;16704.0;3088.0;333.0;600.0;1563.0;84.0;370.0;332.0;13.0;1952.0;1478.0;208.0;10.0;23.0;165.0;8.0;35.0;25.0;1119.0;2864.0;2019.0;318.0;29.0;143.0;226.0;4.0;91.0;34.0;231.0;6035.0;4289.0;807.0;132.0;137.0;503.0;11.0;93.0;63.0;72.0;35674.0;21249.0;4937.0;763.0;511.0;6710.0;363.0;532.0;609.0;;;;;;;;;;;2628.0;9419.0;6698.0;1257.0;99.0;374.0;683.0;12.0;228.0;68.0;;;;;;;;;;;1754.0;7946.0;5555.0;1025.0;121.0;308.0;657.0;21.0;177.0;82.0;;;;;;;;;;;5009.0;34850.0;24704.0;4662.0;550.0;1149.0;2698.0;78.0;632.0;377.0;22.0;1404.0;1020.0;125.0;8.0;30.0;132.0;35.0;22.0;32.0;;;;;;;;;;;16439.0;143109.0;89579.0;17314.0;2121.0;3775.0;25337.0;636.0;2487.0;1860.0;94.0;54101.0;26226.0;5787.0;834.0;603.0;18686.0;390.0;724.0;851.0;9.0;16475.0;3499.0;642.0;61.0;69.0;11811.0;19.0;157.0;217.0
LUBELSKIE;JANOWSKI;651.0;215.0;167.0;8.0;0.0;24.0;0.0;0.0;15.0;1.0;981.0;692.0;555.0;36.0;3.0;42.0;8.0;1.0;37.0;10.0;2104.0;3094.0;2557.0;166.0;36.0;38.0;43.0;2.0;162.0;90.0;1885.0;24113.0;15973.0;1078.0;1480.0;555.0;1981.0;39.0;1172.0;1835.0;11.0;1608.0;1341.0;82.0;33.0;21.0;29.0;32.0;45.0;25.0;1612.0;4124.0;3126.0;234.0;107.0;61.0;124.0;2.0;250.0;220.0;131.0;3369.0;2192.0;171.0;199.0;71.0;352.0;56.0;114.0;214.0;43.0;17430.0;12021.0;678.0;633.0;141.0;2022.0;904.0;228.0;803.0;;;;;;;;;;;2409.0;8649.0;6020.0;523.0;308.0;160.0;345.0;17.0;610.0;666.0;;;;;;;;;;;2491.0;11292.0;7439.0;801.0;504.0;244.0;460.0;30.0;816.0;998.0;;;;;;;;;;;7394.0;50906.0;33862.0;2490.0;2526.0;1131.0;3152.0;85.0;3155.0;4505.0;7.0;540.0;393.0;22.0;17.0;10.0;60.0;0.0;9.0;29.0;;;;;;;;;;;19730.0;177458.0;87631.0;6648.0;6825.0;2522.0;52751.0;3484.0;7079.0;10518.0;65.0;70464.0;15347.0;1119.0;1645.0;186.0;46226.0;3252.0;739.0;1950.0;11.0;51426.0;1985.0;359.0;979.0;24.0;44175.0;2316.0;466.0;1122.0
LUBELSKIE;KONSTANTYNOWSKI;861.0;296.0;226.0;3.0;1.0;52.0;1.0;0.0;13.0;0.0;569.0;388.0;321.0;17.0;1.0;21.0;15.0;0.0;10.0;3.0;572.0;871.0;611.0;57.0;23.0;33.0;98.0;0.0;28.0;21.0;2295.0;30539.0;20626.0;3017.0;1467.0;329.0;2618.0;66.0;558.0;1858.0;20.0;2776.0;1756.0;258.0;199.0;54.0;402.0;14.0;39.0;54.0;518.0;1336.0;906.0;125.0;59.0;30.0;120.0;2.0;39.0;55.0;344.0;9448.0;6283.0;842.0;454.0;105.0;1066.0;29.0;146.0;523.0;39.0;19409.0;11647.0;1888.0;899.0;200.0;4077.0;124.0;215.0;359.0;;;;;;;;;;;796.0;2844.0;1936.0;303.0;89.0;51.0;204.0;4.0;96.0;161.0;;;;;;;;;;;767.0;3459.0;2316.0;381.0;141.0;57.0;299.0;7.0;88.0;170.0;;;;;;;;;;;3958.0;29084.0;19631.0;3075.0;1320.0;366.0;2309.0;33.0;694.0;1656.0;31.0;2024.0;1364.0;230.0;108.0;52.0;129.0;2.0;32.0;107.0;;;;;;;;;;;10780.0;119475.0;75234.0;12096.0;5229.0;1454.0;17487.0;367.0;2187.0;5421.0;69.0;39186.0;21014.0;4046.0;1566.0;358.0;10628.0;224.0;483.0;867.0;10.0;17001.0;7611.0;1900.0;468.0;104.0;6149.0;86.0;229.0;454.0
LUBELSKIE;KRASNOSTAWSKI;1233.0;420.0;295.0;5.0;0.0;86.0;2.0;0.0;30.0;2.0;1225.0;888.0;688.0;38.0;3.0;81.0;23.0;0.0;46.0;9.0;1880.0;2866.0;2124.0;227.0;39.0;96.0;130.0;7.0;161.0;82.0;1308.0;16624.0;11850.0;1153.0;522.0;433.0;1406.0;79.0;630.0;551.0;21.0;3292.0;2537.0;188.0;15.0;41.0;253.0;75.0;93.0;90.0;1693.0;4360.0;3117.0;352.0;86.0;134.0;262.0;6.0;238.0;165.0;156.0;4066.0;2913.0;312.0;127.0;90.0;318.0;65.0;124.0;117.0;61.0;27304.0;18448.0;2382.0;314.0;245.0;4552.0;396.0;395.0;572.0;;;;;;;;;;;3022.0;10771.0;7535.0;934.0;223.0;343.0;552.0;40.0;677.0;467.0;;;;;;;;;;;2012.0;9065.0;6256.0;739.0;220.0;291.0;651.0;17.0;498.0;393.0;;;;;;;;;;;4849.0;33160.0;23357.0;2668.0;956.0;898.0;2376.0;98.0;1558.0;1249.0;16.0;1074.0;827.0;65.0;21.0;14.0;101.0;8.0;24.0;14.0;;;;;;;;;;;17484.0;136424.0;83802.0;9789.0;3152.0;2828.0;27272.0;840.0;4715.0;4026.0;90.0;53130.0;24840.0;3296.0;955.0;362.0;21451.0;520.0;729.0;977.0;8.0;22534.0;3855.0;726.0;626.0;76.0;16646.0;49.0;241.0;315.0
LUBELSKIE;LUBARTOWSKI;795.0;262.0;190.0;6.0;0.0;43.0;1.0;1.0;20.0;1.0;784.0;574.0;466.0;27.0;5.0;31.0;12.0;1.0;26.0;6.0;1361.0;2094.0;1559.0;200.0;48.0;38.0;79.0;9.0;95.0;66.0;2001.0;25543.0;15533.0;3519.0;1632.0;317.0;2114.0;204.0;736.0;1488.0;14.0;2088.0;935.0;283.0;230.0;15.0;59.0;511.0;16.0;39.0;1280.0;3313.0;2278.0;386.0;135.0;45.0;179.0;16.0;141.0;133.0;204.0;5401.0;3414.0;587.0;294.0;100.0;463.0;73.0;159.0;311.0;26.0;11963.0;7506.0;1360.0;687.0;149.0;1257.0;611.0;142.0;251.0;;;;;;;;;;;1744.0;6264.0;4063.0;797.0;300.0;89.0;421.0;23.0;250.0;321.0;;;;;;;;;;;1529.0;6898.0;4302.0;893.0;295.0;94.0;573.0;22.0;280.0;439.0;;;;;;;;;;;5758.0;40104.0;24289.0;5519.0;2444.0;486.0;3493.0;216.0;1379.0;2278.0;15.0;938.0;526.0;117.0;74.0;17.0;93.0;28.0;14.0;69.0;;;;;;;;;;;15516.0;116645.0;66054.0;14147.0;6247.0;1440.0;17207.0;2074.0;3339.0;6137.0;45.0;25254.0;9434.0;2096.0;1020.0;180.0;9779.0;1481.0;239.0;1025.0;5.0;11203.0;993.0;453.0;103.0;16.0;8463.0;359.0;81.0;735.0
LUBELSKIE;LUBELSKI;1600.0;589.0;427.0;4.0;0.0;141.0;2.0;0.0;14.0;1.0;1251.0;925.0;766.0;26.0;5.0;70.0;16.0;1.0;34.0;7.0;1654.0;2516.0;1914.0;124.0;55.0;87.0;130.0;5.0;141.0;60.0;2569.0;33424.0;24281.0;1801.0;1378.0;882.0;2314.0;136.0;1462.0;1170.0;23.0;3320.0;2497.0;397.0;58.0;53.0;108.0;91.0;81.0;35.0;1577.0;4027.0;2918.0;218.0;145.0;109.0;246.0;6.0;240.0;145.0;278.0;7470.0;5622.0;402.0;222.0;189.0;454.0;74.0;242.0;265.0;78.0;34902.0;26242.0;2287.0;470.0;392.0;3980.0;495.0;513.0;523.0;;;;;;;;;;;2760.0;9902.0;6892.0;556.0;412.0;275.0;644.0;21.0;725.0;377.0;;;;;;;;;;;2047.0;9267.0;6440.0;473.0;408.0;267.0;654.0;23.0;644.0;358.0;;;;;;;;;;;6823.0;47667.0;33268.0;2494.0;2092.0;1272.0;3630.0;130.0;2848.0;1933.0;22.0;1453.0;1114.0;145.0;40.0;50.0;52.0;15.0;30.0;7.0;;;;;;;;;;;20689.0;171687.0;118046.0;9611.0;5326.0;3840.0;21350.0;1324.0;7083.0;5107.0;108.0;54447.0;34404.0;3368.0;569.0;498.0;13208.0;913.0;703.0;784.0;7.0;16225.0;5665.0;684.0;41.0;53.0;9120.0;327.0;109.0;226.0
LUBELSKIE;LUBLIN (MIASTO);548.0;103.0;13.0;1.0;0.0;75.0;1.0;0.0;11.0;2.0;117.0;83.0;29.0;2.0;0.0;43.0;0.0;0.0;7.0;2.0;91.0;131.0;57.0;8.0;0.0;47.0;0.0;0.0;10.0;9.0;19.0;261.0;159.0;69.0;2.0;10.0;0.0;12.0;4.0;5.0;4.0;558.0;457.0;20.0;32.0;21.0;0.0;6.0;15.0;7.0;44.0;111.0;67.0;8.0;2.0;22.0;0.0;0.0;6.0;6.0;6.0;180.0;67.0;13.0;45.0;0.0;49.0;0.0;6.0;0.0;1.0;256.0;134.0;79.0;33.0;6.0;0.0;0.0;2.0;2.0;;;;;;;;;;;43.0;154.0;100.0;9.0;4.0;17.0;3.0;3.0;7.0;11.0;;;;;;;;;;;9.0;41.0;31.0;2.0;1.0;1.0;0.0;0.0;3.0;3.0;;;;;;;;;;;48.0;329.0;242.0;21.0;15.0;16.0;0.0;1.0;19.0;15.0;3.0;193.0;83.0;12.0;2.0;2.0;76.0;5.0;7.0;6.0;;;;;;;;;;;933.0;2400.0;1439.0;244.0;136.0;260.0;129.0;27.0;97.0;68.0;5.0;814.0;591.0;99.0;65.0;27.0;0.0;6.0;17.0;9.0;0.0;0.0;0.0;0.0;0.0;0.0;0.0;0.0;0.0;0.0
LUBELSKIE;PUŁAWSKI;1245.0;400.0;282.0;4.0;1.0;65.0;2.0;1.0;41.0;4.0;1298.0;948.0;709.0;26.0;8.0;99.0;19.0;1.0;60.0;26.0;2248.0;3441.0;2479.0;181.0;65.0;119.0;205.0;3.0;203.0;186.0;1450.0;18412.0;11315.0;1133.0;1134.0;434.0;1814.0;89.0;773.0;1720.0;19.0;2920.0;1499.0;193.0;86.0;28.0;603.0;230.0;89.0;192.0;2294.0;5877.0;3894.0;365.0;168.0;163.0;451.0;15.0;348.0;473.0;110.0;2849.0;1710.0;169.0;135.0;61.0;323.0;99.0;95.0;257.0;47.0;20156.0;11327.0;931.0;921.0;339.0;4590.0;793.0;378.0;877.0;;;;;;;;;;;3106.0;11026.0;6944.0;855.0;407.0;276.0;840.0;31.0;688.0;985.0;;;;;;;;;;;1987.0;8970.0;5528.0;625.0;391.0;234.0;792.0;22.0;523.0;855.0;;;;;;;;;;;5826.0;39662.0;23941.0;2860.0;2223.0;889.0;3853.0;140.0;2096.0;3660.0;13.0;818.0;446.0;53.0;16.0;13.0;63.0;140.0;16.0;71.0;;;;;;;;;;;19650.0;135494.0;73995.0;7907.0;5800.0;2781.0;28069.0;1882.0;5397.0;9663.0;73.0;43091.0;16747.0;1636.0;1252.0;428.0;19707.0;1341.0;554.0;1426.0;7.0;20015.0;3921.0;512.0;245.0;61.0;14514.0;318.0;87.0;357.0
LUBELSKIE;RADZYŃSKI;1154.0;390.0;234.0;5.0;0.0;130.0;3.0;0.0;17.0;1.0;529.0;365.0;244.0;23.0;12.0;62.0;8.0;0.0;13.0;3.0;579.0;863.0;588.0;103.0;34.0;35.0;45.0;3.0;26.0;29.0;2496.0;32740.0;17802.0;6858.0;2348.0;394.0;2377.0;93.0;617.0;2251.0;12.0;1628.0;715.0;487.0;39.0;94.0;200.0;22.0;42.0;29.0;588.0;1525.0;950.0;219.0;106.0;33.0;89.0;3.0;45.0;80.0;236.0;5875.0;3185.0;1195.0;432.0;63.0;480.0;29.0;95.0;396.0;57.0;30013.0;16556.0;6033.0;1479.0;266.0;3853.0;179.0;554.0;1093.0;;;;;;;;;;;884.0;3163.0;1907.0;564.0;186.0;56.0;171.0;7.0;82.0;190.0;;;;;;;;;;;1154.0;5211.0;2923.0;1025.0;342.0;83.0;388.0;13.0;145.0;292.0;;;;;;;;;;;5632.0;41090.0;23123.0;8254.0;2664.0;567.0;3059.0;109.0;944.0;2370.0;14.0;844.0;483.0;131.0;49.0;12.0;95.0;2.0;12.0;60.0;;;;;;;;;;;13343.0;143260.0;70551.0;25640.0;8028.0;1843.0;25627.0;1718.0;2846.0;7007.0;77.0;51194.0;19112.0;7263.0;1855.0;408.0;18912.0;1459.0;850.0;1335.0;8.0;19553.0;1841.0;743.0;337.0;48.0;14859.0;1258.0;254.0;213.0
LUBELSKIE;SIEDLECKI;664.0;197.0;137.0;4.0;1.0;37.0;0.0;0.0;17.0;1.0;541.0;382.0;293.0;15.0;13.0;23.0;7.0;1.0;24.0;6.0;826.0;1268.0;817.0;148.0;99.0;34.0;56.0;2.0;63.0;49.0;2398.0;32105.0;17630.0;4025.0;3861.0;248.0;3275.0;76.0;745.0;2245.0;18.0;2487.0;1298.0;366.0;186.0;59.0;192.0;312.0;29.0;45.0;795.0;2045.0;1226.0;263.0;198.0;15.0;125.0;3.0;88.0;127.0;439.0;11712.0;6266.0;1146.0;1588.0;120.0;1576.0;38.0;217.0;761.0;21.0;9283.0;4456.0;1049.0;980.0;89.0;1378.0;958.0;131.0;242.0;;;;;;;;;;;1217.0;4337.0;2465.0;675.0;424.0;44.0;237.0;6.0;190.0;296.0;;;;;;;;;;;1012.0;4580.0;2572.0;718.0;468.0;34.0;335.0;13.0;170.0;270.0;;;;;;;;;;;4086.0;29172.0;16062.0;4258.0;3342.0;173.0;2320.0;68.0;900.0;2049.0;46.0;2871.0;1530.0;308.0;403.0;37.0;311.0;34.0;61.0;187.0;;;;;;;;;;;12066.0;105291.0;55954.0;13641.0;11646.0;948.0;12167.0;1842.0;2777.0;6316.0;42.0;16622.0;6956.0;2081.0;1249.0;183.0;3925.0;1601.0;302.0;325.0;3.0;4852.0;1202.0;666.0;83.0;35.0;2355.0;331.0;142.0;38.0
LUBELSKIE;SOKOŁOWSKI;752.0;238.0;166.0;5.0;3.0;34.0;5.0;1.0;23.0;1.0;1145.0;766.0;614.0;19.0;14.0;65.0;22.0;0.0;26.0;6.0;974.0;1508.0;993.0;112.0;96.0;50.0;133.0;2.0;74.0;48.0;1716.0;23081.0;14332.0;1860.0;2053.0;263.0;2765.0;45.0;446.0;1317.0;10.0;1347.0;870.0;117.0;133.0;19.0;125.0;1.0;25.0;57.0;1093.0;2845.0;1875.0;245.0;163.0;46.0;275.0;4.0;107.0;130.0;338.0;9151.0;5596.0;651.0;909.0;124.0;1197.0;24.0;141.0;509.0;34.0;15879.0;9619.0;1037.0;923.0;165.0;2567.0;261.0;218.0;1089.0;;;;;;;;;;;1283.0;4598.0;3016.0;399.0;283.0;78.0;451.0;5.0;151.0;215.0;;;;;;;;;;;1062.0;4797.0;3087.0;440.0;319.0;58.0;482.0;8.0;140.0;263.0;;;;;;;;;;;3642.0;25705.0;16375.0;2234.0;1820.0;302.0;2794.0;40.0;649.0;1491.0;44.0;2873.0;1542.0;168.0;337.0;35.0;381.0;5.0;55.0;350.0;;;;;;;;;;;12099.0;104373.0;61688.0;7796.0;7257.0;1273.0;18010.0;572.0;2177.0;5600.0;50.0;28811.0;14092.0;1663.0;1260.0;218.0;9505.0;438.0;365.0;1270.0;6.0;11585.0;3603.0;509.0;204.0;34.0;6813.0;176.0;122.0;124.0
LUBELSKIE;TOMASZOWSKI;892.0;291.0;164.0;7.0;1.0;90.0;2.0;0.0;23.0;4.0;817.0;587.0;416.0;39.0;3.0;76.0;18.0;0.0;31.0;4.0;1341.0;2019.0;1472.0;178.0;22.0;110.0;106.0;4.0;97.0;30.0;997.0;12608.0;8834.0;1763.0;242.0;294.0;849.0;80.0;249.0;297.0;15.0;2088.0;1625.0;212.0;38.0;35.0;93.0;3.0;32.0;50.0;1183.0;3015.0;2118.0;331.0;57.0;115.0;154.0;14.0;135.0;91.0;100.0;2524.0;1862.0;336.0;33.0;56.0;113.0;19.0;46.0;59.0;67.0;27353.0;16844.0;3628.0;351.0;303.0;4937.0;555.0;427.0;308.0;;;;;;;;;;;3084.0;10985.0;7468.0;1633.0;132.0;323.0;583.0;49.0;416.0;381.0;;;;;;;;;;;1793.0;8113.0;5380.0;1180.0;143.0;256.0;532.0;32.0;282.0;308.0;;;;;;;;;;;4282.0;28715.0;19852.0;3848.0;559.0;737.0;1967.0;120.0;768.0;864.0;14.0;929.0;594.0;151.0;11.0;14.0;59.0;44.0;15.0;41.0;;;;;;;;;;;14589.0;111874.0;67572.0;13698.0;1605.0;2437.0;19684.0;1294.0;2696.0;2888.0;86.0;42088.0;19412.0;4232.0;402.0;366.0;15301.0;932.0;634.0;809.0;4.0;12647.0;943.0;392.0;13.0;28.0;10271.0;374.0;175.0;451.0
LUBELSKIE;WĘGROWSKI;789.0;257.0;223.0;3.0;1.0;15.0;0.0;0.0;14.0;1.0;599.0;418.0;339.0;17.0;13.0;15.0;5.0;1.0;19.0;9.0;723.0;1103.0;729.0;108.0;95.0;12.0;59.0;2.0;50.0;48.0;1851.0;24238.0;12333.0;2748.0;3585.0;175.0;2357.0;102.0;673.0;2265.0;15.0;2167.0;1402.0;226.0;100.0;29.0;149.0;122.0;43.0;96.0;783.0;2017.0;1251.0;211.0;229.0;14.0;103.0;4.0;80.0;125.0;281.0;7509.0;3883.0;701.0;1011.0;80.0;889.0;33.0;158.0;754.0;34.0;14929.0;8246.0;1347.0;1168.0;171.0;3220.0;421.0;231.0;125.0;;;;;;;;;;;1224.0;4377.0;2423.0;555.0;593.0;32.0;268.0;14.0;183.0;309.0;;;;;;;;;;;1422.0;6416.0;3380.0;912.0;831.0;35.0;435.0;9.0;296.0;518.0;;;;;;;;;;;4194.0;29680.0;15734.0;3626.0;4033.0;162.0;2436.0;75.0;1023.0;2591.0;20.0;1317.0;612.0;210.0;184.0;20.0;138.0;26.0;23.0;104.0;;;;;;;;;;;11939.0;108967.0;51663.0;10871.0;11947.0;764.0;22495.0;845.0;2841.0;7541.0;53.0;31635.0;10756.0;1780.0;1372.0;204.0;15805.0;579.0;322.0;817.0;4.0;14539.0;1108.0;207.0;104.0;4.0;12436.0;36.0;48.0;596.0
LUBELSKIE;WŁODAWSKI;278.0;72.0;37.0;3.0;0.0;19.0;1.0;0.0;12.0;0.0;337.0;249.0;181.0;23.0;5.0;22.0;6.0;0.0;9.0;3.0;834.0;1302.0;907.0;198.0;50.0;31.0;30.0;2.0;42.0;42.0;2353.0;31468.0;14292.0;7677.0;3497.0;266.0;2315.0;89.0;511.0;2821.0;26.0;3999.0;1957.0;585.0;327.0;59.0;459.0;258.0;38.0;316.0;1013.0;2643.0;1626.0;544.0;136.0;41.0;64.0;2.0;79.0;151.0;444.0;11763.0;5032.0;2629.0;1559.0;104.0;1019.0;71.0;155.0;1194.0;34.0;15938.0;6380.0;3132.0;941.0;152.0;1561.0;1955.0;123.0;1694.0;;;;;;;;;;;1514.0;5442.0;3054.0;1272.0;322.0;85.0;169.0;5.0;158.0;377.0;;;;;;;;;;;1156.0;5229.0;2776.0;1209.0;333.0;71.0;258.0;2.0;141.0;439.0;;;;;;;;;;;4521.0;32278.0;16222.0;7737.0;2674.0;328.0;1645.0;74.0;673.0;2925.0;34.0;2257.0;1220.0;364.0;244.0;27.0;99.0;65.0;46.0;192.0;;;;;;;;;;;12552.0;148734.0;55532.0;26359.0;10382.0;1238.0;36943.0;3178.0;2058.0;13044.0;68.0;56031.0;10185.0;4703.0;1562.0;244.0;31337.0;2868.0;232.0;4900.0;8.0;36094.0;1848.0;986.0;294.0;33.0;29317.0;655.0;71.0;2890.0
LUBELSKIE;ZAMOJSKI;1224.0;354.0;218.0;8.0;1.0;94.0;1.0;0.0;29.0;3.0;1682.0;1193.0;982.0;51.0;6.0;91.0;8.0;0.0;45.0;10.0;2263.0;3370.0;2563.0;338.0;46.0;101.0;79.0;4.0;148.0;91.0;1039.0;13205.0;8383.0;1910.0;440.0;383.0;886.0;29.0;398.0;776.0;27.0;4023.0;2769.0;538.0;82.0;47.0;272.0;61.0;66.0;188.0;1541.0;3925.0;2719.0;507.0;79.0;123.0;129.0;5.0;182.0;181.0;100.0;2737.0;1775.0;425.0;93.0;72.0;164.0;25.0;67.0;116.0;58.0;22544.0;14687.0;3095.0;602.0;269.0;2829.0;227.0;403.0;432.0;;;;;;;;;;;3676.0;13222.0;8638.0;1914.0;262.0;367.0;326.0;20.0;686.0;1009.0;;;;;;;;;;;2674.0;12100.0;7591.0;1744.0;427.0;377.0;495.0;25.0;607.0;834.0;;;;;;;;;;;5597.0;37381.0;23019.0;5496.0;1288.0;1065.0;2348.0;80.0;1539.0;2546.0;17.0;1101.0;696.0;147.0;10.0;21.0;175.0;4.0;17.0;31.0;;;;;;;;;;;19907.0;165738.0;76475.0;16963.0;3524.0;3031.0;53404.0;679.0;4376.0;7286.0;94.0;77150.0;19891.0;4423.0;872.0;337.0;48793.0;487.0;658.0;1689.0;9.0;50583.0;2435.0;790.0;188.0;21.0;45692.0;199.0;189.0;1069.0
LUBELSKIE;ŁUKOWSKI;1005.0;330.0;247.0;5.0;1.0;50.0;2.0;0.0;23.0;2.0;807.0;582.0;446.0;36.0;8.0;38.0;13.0;1.0;29.0;11.0;1321.0;2061.0;1452.0;174.0;84.0;53.0;79.0;4.0;93.0;122.0;3134.0;41409.0;23230.0;4467.0;4769.0;443.0;3394.0;235.0;1015.0;3856.0;11.0;1453.0;787.0;197.0;154.0;20.0;241.0;1.0;13.0;40.0;1334.0;3466.0;2255.0;369.0;202.0;56.0;177.0;11.0;152.0;244.0;437.0;11283.0;5993.0;1319.0;1338.0;157.0;1020.0;94.0;192.0;1170.0;31.0;16954.0;8814.0;1704.0;763.0;236.0;3932.0;923.0;256.0;326.0;;;;;;;;;;;1881.0;6748.0;4171.0;793.0;511.0;78.0;421.0;28.0;287.0;459.0;;;;;;;;;;;1714.0;7735.0;4527.0;912.0;640.0;93.0;604.0;40.0;315.0;604.0;;;;;;;;;;;7201.0;51313.0;29401.0;5988.0;5030.0;546.0;3976.0;268.0;1771.0;4333.0;23.0;1579.0;776.0;120.0;183.0;23.0;191.0;58.0;29.0;199.0;;;;;;;;;;;18906.0;169900.0;87461.0;17428.0;14801.0;1827.0;30346.0;2062.0;4370.0;11605.0;49.0;43394.0;14963.0;3245.0;2035.0;290.0;20469.0;1323.0;464.0;605.0;7.0;24987.0;5362.0;1344.0;1118.0;34.0;16296.0;399.0;195.0;239.0
LWOWSKIE;BRZOZOWSKI;1053.0;342.0;204.0;4.0;9.0;34.0;2.0;0.0;84.0;5.0;1653.0;1322.0;1001.0;30.0;60.0;40.0;11.0;1.0;155.0;24.0;4577.0;7159.0;5644.0;253.0;371.0;157.0;94.0;4.0;478.0;158.0;117.0;1574.0;942.0;136.0;168.0;37.0;171.0;2.0;54.0;64.0;19.0;2857.0;1392.0;208.0;137.0;23.0;1044.0;6.0;35.0;12.0;3320.0;8373.0;6440.0;362.0;576.0;182.0;190.0;6.0;380.0;237.0;35.0;1104.0;677.0;88.0;82.0;19.0;174.0;1.0;27.0;36.0;37.0;14315.0;4961.0;980.0;445.0;127.0;7546.0;24.0;81.0;151.0;;;;;;;;;;;1609.0;5647.0;4246.0;301.0;430.0;112.0;179.0;3.0;198.0;178.0;;;;;;;;;;;928.0;4140.0;3030.0;225.0;359.0;93.0;168.0;3.0;132.0;130.0;;;;;;;;;;;931.0;6015.0;4110.0;401.0;595.0;120.0;377.0;4.0;180.0;228.0;12.0;826.0;472.0;52.0;51.0;23.0;194.0;2.0;16.0;16.0;;;;;;;;;;;14293.0;55809.0;33378.0;3057.0;3289.0;974.0;11980.0;57.0;1827.0;1247.0;58.0;19307.0;6612.0;1205.0;588.0;157.0;10420.0;31.0;123.0;171.0;2.0;2135.0;259.0;17.0;6.0;7.0;1830.0;1.0;7.0;8.0
LWOWSKIE;BÓBRECKI;2023.0;604.0;323.0;12.0;1.0;136.0;1.0;2.0;128.0;1.0;1990.0;1532.0;1165.0;71.0;4.0;137.0;8.0;1.0;144.0;2.0;3649.0;5615.0;4457.0;490.0;37.0;273.0;48.0;1.0;298.0;11.0;139.0;1822.0;1297.0;219.0;107.0;40.0;97.0;0.0;31.0;31.0;10.0;1462.0;933.0;220.0;77.0;24.0;190.0;0.0;9.0;9.0;2080.0;5243.0;4043.0;638.0;80.0;192.0;91.0;1.0;179.0;19.0;49.0;1732.0;1208.0;252.0;59.0;29.0;135.0;5.0;13.0;31.0;49.0;21320.0;10318.0;2543.0;1233.0;146.0;6017.0;668.0;147.0;248.0;;;;;;;;;;;1149.0;4036.0;3023.0;547.0;89.0;132.0;102.0;3.0;113.0;27.0;;;;;;;;;;;720.0;3214.0;2454.0;444.0;69.0;78.0;92.0;0.0;60.0;17.0;;;;;;;;;;;887.0;5869.0;4332.0;832.0;179.0;132.0;232.0;3.0;110.0;49.0;14.0;923.0;625.0;135.0;46.0;13.0;90.0;2.0;7.0;5.0;;;;;;;;;;;12767.0;67631.0;35402.0;6782.0;2436.0;1363.0;19071.0;800.0;1250.0;527.0;67.0;37041.0;12475.0;3142.0;1765.0;201.0;18175.0;782.0;167.0;334.0;8.0;14259.0;1224.0;379.0;455.0;31.0;11968.0;114.0;11.0;77.0
LWOWSKIE;CIESZANOWSKI;1005.0;317.0;194.0;9.0;1.0;31.0;1.0;0.0;79.0;2.0;1548.0;1217.0;943.0;91.0;4.0;19.0;4.0;1.0;148.0;7.0;3663.0;5701.0;4407.0;675.0;49.0;37.0;44.0;3.0;413.0;73.0;136.0;1787.0;1137.0;240.0;118.0;12.0;134.0;1.0;49.0;96.0;10.0;1429.0;670.0;185.0;148.0;10.0;320.0;29.0;6.0;61.0;2748.0;6970.0;5132.0;1093.0;106.0;32.0;120.0;3.0;377.0;107.0;30.0;942.0;563.0;135.0;36.0;10.0;171.0;0.0;12.0;15.0;22.0;11392.0;3241.0;820.0;552.0;37.0;6528.0;27.0;57.0;130.0;;;;;;;;;;;1483.0;5221.0;3672.0;839.0;147.0;22.0;133.0;2.0;250.0;156.0;;;;;;;;;;;969.0;4321.0;2986.0;696.0;168.0;20.0;130.0;2.0;197.0;122.0;;;;;;;;;;;1042.0;6816.0;4432.0;1069.0;339.0;34.0;337.0;10.0;260.0;335.0;13.0;1042.0;545.0;176.0;142.0;9.0;119.0;1.0;17.0;33.0;;;;;;;;;;;12685.0;74655.0;30925.0;7181.0;2165.0;407.0;30618.0;228.0;1943.0;1188.0;48.0;40321.0;6914.0;2158.0;1055.0;181.0;29425.0;205.0;141.0;242.0;16.0;27500.0;3003.0;1153.0;355.0;134.0;22577.0;149.0;78.0;51.0
LWOWSKIE;DOBROMILSKI;819.0;244.0;122.0;3.0;3.0;50.0;0.0;0.0;63.0;3.0;980.0;758.0;600.0;12.0;20.0;36.0;4.0;0.0;81.0;5.0;2815.0;4459.0;3617.0;89.0;242.0;113.0;46.0;2.0;265.0;85.0;239.0;3017.0;1897.0;110.0;465.0;48.0;256.0;2.0;58.0;181.0;15.0;1841.0;910.0;81.0;168.0;11.0;574.0;9.0;10.0;78.0;2509.0;6385.0;5005.0;198.0;522.0;115.0;110.0;3.0;261.0;171.0;37.0;1244.0;651.0;68.0;110.0;31.0;318.0;0.0;14.0;52.0;42.0;15624.0;4188.0;580.0;533.0;84.0;9939.0;13.0;82.0;205.0;;;;;;;;;;;1460.0;5170.0;3882.0;173.0;514.0;92.0;151.0;0.0;169.0;189.0;;;;;;;;;;;1082.0;4833.0;3552.0;160.0;577.0;78.0;151.0;4.0;133.0;178.0;;;;;;;;;;;1331.0;8985.0;6143.0;388.0;1317.0;146.0;380.0;4.0;205.0;402.0;16.0;1044.0;595.0;58.0;182.0;10.0;120.0;0.0;12.0;67.0;;;;;;;;;;;11350.0;69327.0;31853.0;2008.0;4916.0;829.0;26584.0;37.0;1370.0;1730.0;62.0;33188.0;5789.0;749.0;964.0;110.0;25048.0;22.0;109.0;397.0;5.0;15723.0;691.0;88.0;263.0;15.0;14535.0;0.0;17.0;114.0
LWOWSKIE;DROHOBYCKI;3157.0;915.0;550.0;51.0;6.0;126.0;0.0;1.0;177.0;4.0;3637.0;2811.0;2029.0;413.0;23.0;83.0;2.0;2.0;245.0;14.0;5997.0;9094.0;6302.0;1911.0;153.0;164.0;20.0;3.0;480.0;61.0;287.0;3654.0;1938.0;942.0;474.0;65.0;78.0;4.0;50.0;103.0;8.0;1155.0;512.0;266.0;87.0;7.0;179.0;2.0;7.0;95.0;3056.0;7751.0;4935.0;1994.0;255.0;124.0;36.0;2.0;295.0;110.0;71.0;2269.0;1101.0;525.0;304.0;27.0;130.0;0.0;74.0;108.0;18.0;7303.0;2228.0;1385.0;437.0;62.0;3060.0;35.0;46.0;50.0;;;;;;;;;;;1394.0;4907.0;2861.0;1451.0;236.0;88.0;28.0;2.0;159.0;82.0;;;;;;;;;;;793.0;3562.0;2046.0;996.0;240.0;59.0;23.0;1.0;103.0;94.0;;;;;;;;;;;1069.0;7200.0;3804.0;1993.0;748.0;122.0;98.0;4.0;166.0;265.0;26.0;1833.0;800.0;434.0;218.0;51.0;270.0;1.0;20.0;39.0;;;;;;;;;;;19527.0;94848.0;30463.0;13259.0;3512.0;1025.0;43540.0;131.0;1847.0;1071.0;40.0;50852.0;4097.0;2549.0;855.0;116.0;42855.0;111.0;78.0;191.0;14.0;42394.0;1357.0;898.0;331.0;47.0;39616.0;74.0;25.0;46.0
LWOWSKIE;GRÓDECKI;1394.0;416.0;248.0;6.0;0.0;65.0;0.0;1.0;93.0;3.0;1593.0;1243.0;973.0;74.0;8.0;52.0;4.0;4.0;118.0;10.0;3006.0;4674.0;3672.0;481.0;24.0;132.0;39.0;20.0;251.0;55.0;188.0;2392.0;1712.0;379.0;60.0;29.0;115.0;1.0;40.0;56.0;10.0;1233.0;716.0;240.0;29.0;15.0;169.0;11.0;16.0;37.0;2141.0;5430.0;4110.0;750.0;49.0;107.0;97.0;12.0;191.0;114.0;37.0;1044.0;640.0;179.0;52.0;16.0;111.0;1.0;13.0;32.0;35.0;15030.0;5731.0;2335.0;330.0;80.0;5226.0;1160.0;74.0;94.0;;;;;;;;;;;1227.0;4341.0;3223.0;632.0;58.0;77.0;110.0;12.0;136.0;93.0;;;;;;;;;;;837.0;3756.0;2772.0;543.0;39.0;61.0;103.0;14.0;119.0;105.0;;;;;;;;;;;1118.0;7474.0;5432.0;1193.0;146.0;112.0;204.0;18.0;190.0;179.0;24.0;1703.0;1070.0;274.0;76.0;24.0;139.0;64.0;20.0;36.0;;;;;;;;;;;11620.0;67642.0;31447.0;7269.0;1057.0;786.0;23107.0;1858.0;1270.0;848.0;55.0;35169.0;7595.0;2758.0;545.0;111.0;22185.0;1711.0;99.0;165.0;10.0;18906.0;1148.0;183.0;186.0;16.0;16790.0;540.0;9.0;34.0
LWOWSKIE;JAROSŁAWSKI;2251.0;722.0;426.0;11.0;2.0;102.0;1.0;1.0;174.0;5.0;3001.0;2341.0;1858.0;77.0;10.0;105.0;2.0;2.0;276.0;11.0;6313.0;9773.0;8091.0;572.0;96.0;255.0;14.0;10.0;656.0;79.0;184.0;2355.0;1793.0;261.0;89.0;52.0;25.0;3.0;66.0;66.0;19.0;3001.0;2352.0;308.0;134.0;39.0;88.0;11.0;29.0;40.0;4081.0;10266.0;8215.0;966.0;154.0;237.0;22.0;5.0;548.0;119.0;66.0;1900.0;1300.0;277.0;134.0;24.0;74.0;1.0;34.0;56.0;66.0;24881.0;13488.0;2543.0;1006.0;228.0;7006.0;122.0;243.0;245.0;;;;;;;;;;;1946.0;6830.0;5399.0;748.0;111.0;140.0;27.0;2.0;306.0;97.0;;;;;;;;;;;1428.0;6374.0;4846.0;838.0;153.0;109.0;30.0;6.0;281.0;111.0;;;;;;;;;;;1324.0;8610.0;6587.0;1070.0;248.0;164.0;68.0;7.0;308.0;158.0;20.0;1340.0;845.0;233.0;100.0;27.0;87.0;2.0;14.0;32.0;;;;;;;;;;;20704.0;96300.0;55402.0;8413.0;2263.0;1484.0;24317.0;327.0;3054.0;1040.0;90.0;45789.0;16042.0;3360.0;1166.0;269.0;23967.0;288.0;391.0;306.0;5.0;17907.0;202.0;509.0;26.0;2.0;16873.0;155.0;119.0;21.0
LWOWSKIE;JAWOROWSKI;967.0;313.0;207.0;8.0;1.0;26.0;0.0;1.0;67.0;3.0;1531.0;1160.0;919.0;73.0;3.0;22.0;5.0;0.0;132.0;6.0;3856.0;5908.0;4720.0;598.0;66.0;45.0;36.0;2.0;393.0;48.0;201.0;2507.0;1582.0;409.0;117.0;26.0;230.0;9.0;61.0;73.0;20.0;2580.0;1295.0;373.0;160.0;12.0;662.0;13.0;24.0;41.0;2867.0;7248.0;5492.0;956.0;170.0;47.0;103.0;5.0;367.0;108.0;59.0;1841.0;1030.0;319.0;174.0;20.0;212.0;15.0;28.0;43.0;29.0;12931.0;3687.0;922.0;601.0;54.0;7251.0;39.0;54.0;323.0;;;;;;;;;;;1460.0;5162.0;3795.0;718.0;192.0;29.0;123.0;4.0;195.0;106.0;;;;;;;;;;;1019.0;4563.0;3246.0;664.0;190.0;35.0;130.0;6.0;177.0;115.0;;;;;;;;;;;1260.0;8387.0;5752.0;1206.0;427.0;67.0;418.0;15.0;240.0;262.0;24.0;1637.0;844.0;275.0;151.0;20.0;246.0;9.0;16.0;76.0;;;;;;;;;;;13299.0;67029.0;34609.0;7340.0;2317.0;428.0;18734.0;578.0;1776.0;1247.0;55.0;28303.0;7022.0;2114.0;826.0;91.0;17231.0;512.0;100.0;407.0;6.0;12792.0;2040.0;819.0;65.0;25.0;9318.0;460.0;22.0;43.0
LWOWSKIE;KOLBUSZOWSKI;723.0;220.0;124.0;4.0;5.0;22.0;0.0;1.0;62.0;2.0;759.0;582.0;446.0;23.0;20.0;7.0;2.0;0.0;76.0;8.0;1961.0;2998.0;2210.0;231.0;228.0;10.0;21.0;0.0;247.0;51.0;334.0;4065.0;2181.0;505.0;597.0;19.0;337.0;3.0;172.0;251.0;9.0;1298.0;624.0;103.0;70.0;14.0;435.0;2.0;10.0;40.0;2010.0;5152.0;3430.0;544.0;595.0;11.0;75.0;5.0;341.0;151.0;20.0;580.0;291.0;89.0;76.0;10.0;91.0;0.0;17.0;6.0;21.0;11663.0;1401.0;345.0;129.0;19.0;9661.0;22.0;34.0;52.0;;;;;;;;;;;1738.0;6173.0;3846.0;731.0;851.0;9.0;140.0;4.0;352.0;240.0;;;;;;;;;;;1531.0;6868.0;4065.0;870.0;950.0;13.0;217.0;6.0;426.0;321.0;;;;;;;;;;;2961.0;19920.0;11201.0;2649.0;2923.0;70.0;873.0;43.0;1024.0;1137.0;12.0;727.0;196.0;90.0;89.0;6.0;322.0;1.0;10.0;13.0;;;;;;;;;;;12085.0;71629.0;30356.0;6638.0;6644.0;221.0;22588.0;105.0;2788.0;2289.0;36.0;24344.0;2366.0;902.0;310.0;44.0;20510.0;42.0;61.0;109.0;6.0;11383.0;341.0;454.0;111.0;11.0;10414.0;18.0;17.0;17.0
LWOWSKIE;KROŚNIEŃSKI;1093.0;334.0;207.0;6.0;12.0;42.0;0.0;1.0;63.0;3.0;1484.0;1229.0;934.0;37.0;77.0;57.0;4.0;0.0;107.0;13.0;3781.0;5828.0;4495.0;264.0;487.0;180.0;54.0;2.0;271.0;75.0;307.0;4043.0;1655.0;417.0;1191.0;31.0;267.0;3.0;44.0;435.0;8.0;1150.0;431.0;118.0;45.0;18.0;477.0;3.0;37.0;21.0;3092.0;7849.0;5666.0;518.0;856.0;207.0;158.0;4.0;263.0;177.0;41.0;1176.0;611.0;133.0;184.0;23.0;117.0;1.0;14.0;93.0;20.0;8206.0;2320.0;627.0;198.0;81.0;4812.0;6.0;64.0;98.0;;;;;;;;;;;1678.0;5914.0;4054.0;451.0;735.0;145.0;187.0;2.0;163.0;177.0;;;;;;;;;;;1054.0;4690.0;3067.0;408.0;666.0;104.0;178.0;1.0;110.0;156.0;;;;;;;;;;;1420.0;9448.0;5286.0;888.0;1891.0;148.0;515.0;3.0;166.0;551.0;14.0;936.0;392.0;113.0;174.0;10.0;176.0;3.0;4.0;64.0;;;;;;;;;;;13995.0;56054.0;29562.0;4120.0;6645.0;1052.0;11446.0;29.0;1309.0;1891.0;31.0;14607.0;3195.0;885.0;372.0;105.0;9790.0;9.0;104.0;147.0;3.0;5251.0;444.0;140.0;129.0;6.0;4501.0;0.0;3.0;28.0
LWOWSKIE;LESKI;514.0;153.0;86.0;2.0;4.0;20.0;0.0;0.0;40.0;1.0;562.0;440.0;343.0;7.0;20.0;13.0;0.0;0.0;50.0;7.0;2017.0;3223.0;2564.0;89.0;248.0;42.0;17.0;0.0;200.0;63.0;1063.0;13580.0;7776.0;1328.0;2597.0;93.0;493.0;0.0;172.0;1121.0;37.0;5513.0;1846.0;390.0;563.0;31.0;2507.0;10.0;30.0;136.0;2238.0;5779.0;4364.0;256.0;661.0;48.0;59.0;0.0;240.0;151.0;127.0;3646.0;1843.0;350.0;755.0;28.0;459.0;15.0;35.0;161.0;71.0;30293.0;7014.0;1154.0;2510.0;117.0;18875.0;28.0;109.0;486.0;;;;;;;;;;;1810.0;6448.0;4654.0;329.0;906.0;51.0;72.0;0.0;199.0;237.0;;;;;;;;;;;1820.0;8198.0;5779.0;498.0;1232.0;56.0;133.0;0.0;202.0;298.0;;;;;;;;;;;3567.0;25161.0;16009.0;1944.0;4460.0;178.0;685.0;0.0;452.0;1433.0;50.0;3585.0;1614.0;280.0;599.0;22.0;849.0;0.0;23.0;198.0;;;;;;;;;;;13890.0;143898.0;55740.0;7733.0;15909.0;709.0;57494.0;73.0;1783.0;4457.0;122.0;73685.0;10708.0;2650.0;4427.0;158.0;54727.0;58.0;170.0;787.0;14.0;37879.0;1848.0;1106.0;1354.0;10.0;33345.0;20.0;31.0;165.0
LWOWSKIE;LWOWSKI;3992.0;1086.0;407.0;22.0;2.0;331.0;4.0;3.0;312.0;5.0;2861.0;2237.0;1576.0;155.0;20.0;200.0;9.0;14.0;252.0;11.0;5326.0;8174.0;5901.0;994.0;115.0;396.0;65.0;79.0;537.0;87.0;405.0;5342.0;3729.0;969.0;126.0;124.0;177.0;28.0;119.0;70.0;26.0;3685.0;2269.0;455.0;98.0;57.0;727.0;2.0;34.0;43.0;3696.0;9372.0;6556.0;1445.0;228.0;345.0;147.0;94.0;439.0;118.0;98.0;3031.0;1886.0;587.0;148.0;90.0;150.0;32.0;46.0;92.0;62.0;25487.0;8763.0;3525.0;966.0;232.0;11344.0;190.0;269.0;198.0;;;;;;;;;;;2267.0;8028.0;5398.0;1455.0;222.0;256.0;152.0;112.0;326.0;107.0;;;;;;;;;;;1510.0;6788.0;4623.0;1227.0;215.0;175.0;126.0;80.0;261.0;81.0;;;;;;;;;;;2145.0;14141.0;9504.0;2673.0;482.0;371.0;348.0;159.0;414.0;190.0;41.0;2792.0;1752.0;500.0;194.0;71.0;146.0;9.0;57.0;63.0;;;;;;;;;;;22434.0;99833.0;52761.0;14432.0;2841.0;2664.0;22170.0;818.0;3072.0;1075.0;93.0;38842.0;11429.0;4405.0;1089.0;305.0;20846.0;208.0;309.0;251.0;5.0;9670.0;397.0;425.0;25.0;16.0;8775.0;16.0;6.0;10.0
LWOWSKIE;LWÓW (MIASTO);574.0;104.0;28.0;1.0;1.0;62.0;0.0;0.0;10.0;2.0;113.0;83.0;36.0;3.0;2.0;37.0;1.0;0.0;3.0;1.0;63.0;90.0;41.0;5.0;4.0;35.0;1.0;0.0;1.0;3.0;9.0;130.0;62.0;19.0;22.0;17.0;3.0;2.0;2.0;3.0;0.0;0.0;0.0;0.0;0.0;0.0;0.0;0.0;0.0;0.0;31.0;74.0;31.0;7.0;7.0;25.0;0.0;0.0;3.0;1.0;9.0;261.0;139.0;36.0;51.0;27.0;0.0;0.0;6.0;2.0;0.0;0.0;0.0;0.0;0.0;0.0;0.0;0.0;0.0;0.0;;;;;;;;;;;18.0;63.0;29.0;7.0;6.0;13.0;6.0;0.0;1.0;1.0;;;;;;;;;;;8.0;36.0;16.0;4.0;1.0;12.0;0.0;0.0;3.0;0.0;;;;;;;;;;;10.0;75.0;53.0;7.0;3.0;7.0;0.0;0.0;0.0;5.0;3.0;211.0;49.0;3.0;11.0;2.0;144.0;0.0;1.0;1.0;;;;;;;;;;;838.0;1127.0;484.0;92.0;108.0;237.0;155.0;2.0;30.0;19.0;0.0;0.0;0.0;0.0;0.0;0.0;0.0;0.0;0.0;0.0;0.0;0.0;0.0;0.0;0.0;0.0;0.0;0.0;0.0;0.0
LWOWSKIE;MOŚCISKI;1512.0;479.0;322.0;6.0;1.0;48.0;1.0;0.0;99.0;2.0;2204.0;1723.0;1409.0;60.0;6.0;68.0;3.0;1.0;174.0;2.0;4813.0;7391.0;6211.0;430.0;50.0;178.0;58.0;3.0;446.0;15.0;88.0;1120.0;769.0;109.0;48.0;22.0;126.0;1.0;28.0;17.0;21.0;3168.0;2106.0;250.0;89.0;41.0;641.0;4.0;24.0;13.0;2717.0;6834.0;5589.0;543.0;79.0;145.0;136.0;3.0;303.0;36.0;42.0;1340.0;912.0;123.0;52.0;21.0;197.0;0.0;17.0;18.0;36.0;13853.0;7564.0;1447.0;409.0;148.0;4112.0;20.0;124.0;29.0;;;;;;;;;;;1293.0;4543.0;3618.0;424.0;72.0;88.0;137.0;2.0;179.0;23.0;;;;;;;;;;;648.0;2879.0;2286.0;276.0;57.0;54.0;92.0;3.0;94.0;17.0;;;;;;;;;;;655.0;4215.0;3204.0;441.0;92.0;85.0;229.0;1.0;131.0;32.0;23.0;1640.0;1049.0;182.0;132.0;15.0;155.0;5.0;19.0;83.0;;;;;;;;;;;14056.0;54155.0;36215.0;4980.0;1141.0;919.0;8751.0;204.0;1658.0;287.0;61.0;21991.0;10846.0;2386.0;552.0;195.0;7617.0;185.0;168.0;42.0;4.0;4970.0;1176.0;689.0;54.0;6.0;2864.0;161.0;20.0;0.0
LWOWSKIE;NIŻAŃSKI;712.0;233.0;159.0;4.0;1.0;12.0;1.0;0.0;54.0;2.0;999.0;788.0;634.0;38.0;11.0;7.0;1.0;0.0;92.0;5.0;2150.0;3351.0;2656.0;317.0;63.0;12.0;12.0;2.0;229.0;60.0;227.0;2766.0;1418.0;483.0;360.0;15.0;226.0;8.0;103.0;153.0;0.0;0.0;0.0;0.0;0.0;0.0;0.0;0.0;0.0;0.0;1745.0;4470.0;3230.0;641.0;179.0;12.0;29.0;3.0;252.0;124.0;20.0;592.0;241.0;115.0;67.0;12.0;98.0;14.0;10.0;35.0;3.0;2201.0;190.0;103.0;45.0;3.0;1780.0;3.0;28.0;49.0;;;;;;;;;;;1240.0;4391.0;2995.0;714.0;271.0;10.0;48.0;5.0;218.0;130.0;;;;;;;;;;;1206.0;5424.0;3539.0;947.0;382.0;14.0;78.0;6.0;265.0;193.0;;;;;;;;;;;1961.0;13214.0;7888.0;2301.0;1254.0;37.0;432.0;39.0;563.0;700.0;2.0;123.0;12.0;13.0;11.0;0.0;75.0;0.0;0.0;12.0;;;;;;;;;;;10278.0;73906.0;24212.0;7999.0;3320.0;189.0;34542.0;110.0;1852.0;1682.0;16.0;38554.0;1440.0;2426.0;721.0;58.0;33542.0;33.0;66.0;268.0;13.0;36353.0;1250.0;2323.0;676.0;55.0;31762.0;30.0;38.0;219.0
LWOWSKIE;PRZEMYSKI;2790.0;827.0;488.0;7.0;7.0;136.0;1.0;1.0;184.0;3.0;3170.0;2488.0;1968.0;46.0;41.0;143.0;8.0;1.0;264.0;17.0;5598.0;8552.0;7060.0;272.0;228.0;340.0;58.0;6.0;520.0;68.0;129.0;1689.0;1185.0;111.0;125.0;45.0;158.0;4.0;38.0;23.0;24.0;3491.0;2556.0;206.0;130.0;44.0;445.0;3.0;58.0;49.0;2883.0;7247.0;5787.0;357.0;313.0;269.0;127.0;5.0;296.0;93.0;52.0;1560.0;1083.0;126.0;91.0;40.0;132.0;4.0;25.0;59.0;52.0;21850.0;9333.0;1214.0;465.0;243.0;10222.0;61.0;115.0;197.0;;;;;;;;;;;1258.0;4420.0;3444.0;259.0;227.0;144.0;120.0;7.0;147.0;72.0;;;;;;;;;;;726.0;3245.0;2452.0;224.0;189.0;106.0;115.0;2.0;99.0;58.0;;;;;;;;;;;860.0;5625.0;4185.0;382.0;339.0;152.0;314.0;4.0;132.0;117.0;30.0;1968.0;1358.0;214.0;181.0;29.0;103.0;2.0;25.0;56.0;;;;;;;;;;;17577.0;73750.0;41659.0;3768.0;2492.0;1717.0;21256.0;107.0;1916.0;835.0;81.0;36129.0;12649.0;1770.0;751.0;313.0;20120.0;71.0;186.0;269.0;5.0;10788.0;760.0;350.0;156.0;26.0;9453.0;7.0;13.0;23.0
LWOWSKIE;PRZEWORSKI;1374.0;424.0;229.0;7.0;3.0;65.0;1.0;0.0;114.0;5.0;1558.0;1230.0;954.0;52.0;16.0;52.0;4.0;1.0;134.0;17.0;2821.0;4311.0;3449.0;276.0;92.0;121.0;26.0;4.0;262.0;81.0;105.0;1389.0;1021.0;167.0;61.0;27.0;21.0;3.0;39.0;50.0;12.0;1806.0;1487.0;180.0;13.0;16.0;84.0;2.0;19.0;5.0;1764.0;4436.0;3405.0;405.0;146.0;115.0;51.0;3.0;190.0;121.0;20.0;612.0;441.0;65.0;28.0;10.0;26.0;1.0;30.0;11.0;15.0;6164.0;3632.0;401.0;122.0;38.0;1859.0;16.0;83.0;13.0;;;;;;;;;;;826.0;2921.0;2219.0;302.0;98.0;68.0;41.0;2.0;104.0;87.0;;;;;;;;;;;561.0;2498.0;1880.0;274.0;92.0;61.0;42.0;4.0;78.0;67.0;;;;;;;;;;;725.0;4821.0;3578.0;596.0;186.0;108.0;81.0;8.0;138.0;126.0;5.0;370.0;288.0;29.0;13.0;8.0;21.0;1.0;10.0;0.0;;;;;;;;;;;9787.0;31994.0;22594.0;2780.0;870.0;689.0;3232.0;45.0;1201.0;583.0;28.0;8982.0;5130.0;607.0;135.0;54.0;2918.0;18.0;102.0;18.0;1.0;1012.0;11.0;26.0;0.0;0.0;975.0;0.0;0.0;0.0
LWOWSKIE;RAWSKI (RAWA RUSKA);2357.0;786.0;494.0;38.0;1.0;71.0;2.0;4.0;174.0;2.0;3781.0;2979.0;2161.0;361.0;8.0;86.0;10.0;9.0;331.0;13.0;5953.0;9024.0;6764.0;1288.0;56.0;167.0;81.0;19.0;573.0;76.0;125.0;1637.0;1041.0;267.0;85.0;26.0;94.0;5.0;32.0;87.0;5.0;639.0;314.0;45.0;21.0;4.0;238.0;0.0;3.0;14.0;2551.0;6407.0;4740.0;958.0;93.0;102.0;109.0;14.0;279.0;112.0;57.0;1687.0;1046.0;259.0;130.0;18.0;128.0;3.0;17.0;86.0;44.0;22780.0;10256.0;2846.0;803.0;132.0;8365.0;21.0;145.0;212.0;;;;;;;;;;;946.0;3315.0;2440.0;472.0;53.0;50.0;98.0;16.0;114.0;72.0;;;;;;;;;;;596.0;2650.0;1944.0;385.0;51.0;41.0;70.0;12.0;70.0;77.0;;;;;;;;;;;680.0;4483.0;3244.0;585.0;135.0;54.0;188.0;23.0;113.0;141.0;19.0;1249.0;638.0;308.0;54.0;16.0;183.0;0.0;10.0;40.0;;;;;;;;;;;17125.0;79637.0;39900.0;9319.0;1925.0;853.0;24448.0;147.0;1971.0;1074.0;60.0;45420.0;15388.0;4398.0;1259.0;222.0;23485.0;42.0;258.0;368.0;11.0;22001.0;4818.0;1507.0;435.0;86.0;14882.0;21.0;110.0;142.0
LWOWSKIE;RUDECKI;1778.0;565.0;330.0;9.0;1.0;83.0;0.0;0.0;137.0;5.0;2301.0;1829.0;1399.0;97.0;11.0;105.0;2.0;2.0;207.0;6.0;4150.0;6365.0;4960.0;688.0;39.0;222.0;8.0;11.0;412.0;25.0;99.0;1279.0;876.0;285.0;14.0;37.0;30.0;1.0;29.0;7.0;6.0;801.0;493.0;101.0;17.0;17.0;144.0;2.0;20.0;7.0;2058.0;5176.0;3868.0;846.0;36.0;160.0;7.0;11.0;224.0;24.0;33.0;933.0;652.0;191.0;24.0;19.0;16.0;1.0;14.0;16.0;26.0;12782.0;4319.0;3508.0;572.0;106.0;2862.0;1062.0;57.0;296.0;;;;;;;;;;;995.0;3478.0;2566.0;624.0;24.0;108.0;7.0;10.0;120.0;19.0;;;;;;;;;;;534.0;2394.0;1724.0;484.0;19.0;63.0;10.0;6.0;66.0;22.0;;;;;;;;;;;530.0;3474.0;2451.0;747.0;79.0;68.0;21.0;12.0;56.0;40.0;12.0;850.0;552.0;167.0;15.0;10.0;39.0;0.0;10.0;57.0;;;;;;;;;;;12528.0;48032.0;25936.0;9283.0;1352.0;1034.0;7246.0;1185.0;1384.0;612.0;38.0;21689.0;6558.0;5145.0;1090.0;159.0;7106.0;1131.0;109.0;391.0;6.0;8106.0;1746.0;1536.0;501.0;36.0;4100.0;67.0;32.0;88.0
LWOWSKIE;RZESZOWSKI;2271.0;705.0;397.0;17.0;18.0;97.0;1.0;1.0;169.0;5.0;2760.0;2184.0;1630.0;83.0;93.0;78.0;12.0;2.0;256.0;30.0;6471.0;9946.0;7529.0;513.0;589.0;228.0;170.0;9.0;711.0;197.0;244.0;3123.0;1922.0;314.0;238.0;70.0;325.0;7.0;113.0;134.0;11.0;1687.0;1151.0;169.0;51.0;16.0;243.0;2.0;32.0;23.0;4620.0;11647.0;8400.0;844.0;880.0;217.0;335.0;9.0;642.0;320.0;35.0;1012.0;481.0;161.0;75.0;36.0;193.0;5.0;29.0;32.0;33.0;15673.0;5254.0;1101.0;414.0;82.0;8565.0;31.0;143.0;83.0;;;;;;;;;;;2605.0;9200.0;6372.0;758.0;785.0;144.0;372.0;10.0;447.0;312.0;;;;;;;;;;;1599.0;7149.0;4831.0;644.0;633.0;121.0;337.0;4.0;346.0;233.0;;;;;;;;;;;1949.0;12841.0;8291.0;1228.0;1208.0;228.0;783.0;17.0;558.0;528.0;17.0;1147.0;763.0;80.0;42.0;12.0;225.0;0.0;10.0;15.0;;;;;;;;;;;22618.0;80542.0;47452.0;6031.0;5104.0;1335.0;15065.0;101.0;3491.0;1963.0;47.0;21588.0;6836.0;1389.0;543.0;104.0;12312.0;37.0;210.0;157.0;3.0;4228.0;431.0;119.0;78.0;6.0;3504.0;4.0;35.0;51.0
LWOWSKIE;SAMBORSKI;1894.0;607.0;403.0;23.0;2.0;65.0;0.0;1.0;111.0;2.0;2895.0;2280.0;1763.0;216.0;13.0;64.0;5.0;1.0;213.0;5.0;5730.0;8707.0;6701.0;1157.0;66.0;173.0;64.0;2.0;512.0;32.0;203.0;2544.0;1554.0;533.0;144.0;43.0;156.0;1.0;47.0;66.0;12.0;1779.0;883.0;251.0;124.0;20.0;459.0;5.0;27.0;10.0;2865.0;7170.0;5273.0;1175.0;123.0;123.0;116.0;1.0;301.0;58.0;43.0;1304.0;751.0;239.0;101.0;29.0;122.0;1.0;14.0;47.0;36.0;15892.0;5383.0;1934.0;564.0;158.0;7226.0;365.0;86.0;176.0;;;;;;;;;;;1340.0;4702.0;3314.0;811.0;121.0;96.0;141.0;1.0;164.0;54.0;;;;;;;;;;;782.0;3478.0;2433.0;619.0;107.0;52.0;109.0;2.0;110.0;46.0;;;;;;;;;;;944.0;6282.0;4126.0;1220.0;274.0;107.0;289.0;2.0;155.0;109.0;22.0;1437.0;874.0;242.0;84.0;24.0;104.0;56.0;20.0;33.0;;;;;;;;;;;16769.0;59865.0;34300.0;8926.0;1833.0;976.0;10969.0;444.0;1779.0;638.0;51.0;21354.0;7108.0;2691.0;798.0;200.0;9863.0;376.0;132.0;186.0;3.0;3683.0;842.0;506.0;110.0;22.0;2178.0;6.0;19.0;0.0
LWOWSKIE;SANOCKI;1398.0;398.0;189.0;7.0;4.0;74.0;1.0;0.0;113.0;10.0;1319.0;1053.0;806.0;28.0;29.0;54.0;5.0;0.0;119.0;12.0;3767.0;5904.0;4736.0;233.0;286.0;161.0;30.0;1.0;362.0;95.0;366.0;4571.0;2712.0;353.0;716.0;37.0;154.0;0.0;49.0;550.0;25.0;3816.0;1547.0;366.0;225.0;22.0;1600.0;3.0;19.0;34.0;2994.0;7633.0;5897.0;432.0;610.0;157.0;49.0;3.0;303.0;182.0;67.0;2013.0;1106.0;145.0;284.0;36.0;174.0;3.0;33.0;232.0;45.0;19180.0;4504.0;1421.0;600.0;109.0;12223.0;15.0;106.0;202.0;;;;;;;;;;;2005.0;7072.0;5140.0;534.0;758.0;126.0;72.0;3.0;209.0;230.0;;;;;;;;;;;1408.0;6332.0;4496.0;505.0;745.0;94.0;86.0;2.0;166.0;238.0;;;;;;;;;;;2331.0;15608.0;10046.0;1404.0;2355.0;154.0;434.0;7.0;288.0;920.0;24.0;1586.0;745.0;164.0;174.0;16.0;288.0;7.0;20.0;172.0;;;;;;;;;;;15751.0;79524.0;41934.0;5606.0;6803.0;1042.0;19341.0;46.0;1789.0;2963.0;72.0;27354.0;6061.0;1801.0;842.0;133.0;18048.0;20.0;127.0;322.0;2.0;4358.0;10.0;14.0;17.0;2.0;4225.0;2.0;2.0;86.0
LWOWSKIE;SOKALSKI;2327.0;648.0;269.0;12.0;0.0;223.0;1.0;1.0;140.0;2.0;1827.0;1420.0;1024.0;115.0;2.0;153.0;2.0;0.0;122.0;2.0;3494.0;5424.0;4037.0;814.0;7.0;280.0;7.0;1.0;271.0;7.0;304.0;3979.0;3113.0;583.0;55.0;84.0;92.0;2.0;44.0;6.0;17.0;2697.0;2009.0;377.0;20.0;61.0;176.0;11.0;34.0;9.0;2495.0;6378.0;4766.0;1107.0;18.0;253.0;11.0;2.0;204.0;17.0;69.0;2021.0;1554.0;245.0;29.0;39.0;122.0;1.0;18.0;13.0;59.0;27764.0;18719.0;2892.0;555.0;229.0;4941.0;51.0;213.0;164.0;;;;;;;;;;;1656.0;5826.0;4331.0;1049.0;37.0;210.0;22.0;2.0;151.0;24.0;;;;;;;;;;;1133.0;5094.0;3862.0;873.0;41.0;153.0;44.0;2.0;102.0;17.0;;;;;;;;;;;1663.0;11162.0;8590.0;1839.0;95.0;296.0;107.0;3.0;163.0;69.0;18.0;1232.0;809.0;247.0;56.0;18.0;76.0;3.0;23.0;0.0;;;;;;;;;;;15075.0;96032.0;56802.0;11449.0;1144.0;2070.0;22398.0;211.0;1533.0;425.0;89.0;52848.0;24447.0;4565.0;804.0;361.0;21914.0;194.0;295.0;268.0;13.0;22387.0;3719.0;1296.0;229.0;71.0;16797.0;132.0;48.0;95.0
LWOWSKIE;STAROSAMBORSKI;817.0;252.0;167.0;8.0;2.0;19.0;0.0;0.0;54.0;2.0;1151.0;882.0;706.0;31.0;36.0;21.0;3.0;1.0;75.0;9.0;2354.0;3638.0;2854.0;173.0;287.0;59.0;27.0;0.0;174.0;64.0;191.0;2464.0;1455.0;184.0;354.0;22.0;222.0;0.0;31.0;196.0;10.0;1293.0;635.0;55.0;199.0;15.0;337.0;2.0;9.0;41.0;1654.0;4237.0;3073.0;293.0;478.0;49.0;63.0;1.0;161.0;119.0;34.0;1044.0;515.0;99.0;149.0;26.0;140.0;0.0;10.0;105.0;18.0;7878.0;1392.0;334.0;287.0;42.0;5729.0;5.0;24.0;65.0;;;;;;;;;;;1007.0;3552.0;2413.0;266.0;490.0;39.0;83.0;0.0;101.0;160.0;;;;;;;;;;;670.0;3014.0;1962.0;242.0;469.0;25.0;85.0;1.0;91.0;139.0;;;;;;;;;;;1168.0;7919.0;4925.0;611.0;1236.0;57.0;371.0;1.0;177.0;541.0;20.0;1227.0;490.0;80.0;211.0;13.0;346.0;2.0;7.0;78.0;;;;;;;;;;;9096.0;42013.0;20622.0;2377.0;4245.0;387.0;11930.0;13.0;919.0;1520.0;30.0;13784.0;2062.0;390.0;533.0;57.0;10590.0;7.0;38.0;107.0;2.0;4613.0;35.0;1.0;47.0;0.0;4524.0;0.0;5.0;1.0
LWOWSKIE;STRZYŻOWSKI;638.0;180.0;101.0;2.0;7.0;20.0;1.0;0.0;44.0;5.0;717.0;562.0;426.0;7.0;32.0;18.0;6.0;0.0;62.0;11.0;2296.0;3596.0;2770.0;60.0;264.0;75.0;103.0;3.0;234.0;87.0;169.0;2123.0;1244.0;87.0;192.0;26.0;450.0;3.0;46.0;75.0;13.0;1867.0;1004.0;62.0;106.0;11.0;650.0;1.0;20.0;13.0;2234.0;5656.0;4182.0;135.0;480.0;102.0;310.0;4.0;277.0;166.0;36.0;1066.0;573.0;55.0;55.0;13.0;290.0;18.0;29.0;33.0;18.0;8660.0;3143.0;280.0;231.0;49.0;4823.0;3.0;65.0;66.0;;;;;;;;;;;1447.0;5100.0;3626.0;171.0;462.0;85.0;420.0;5.0;178.0;153.0;;;;;;;;;;;1055.0;4729.0;3278.0;178.0;449.0;65.0;435.0;4.0;156.0;164.0;;;;;;;;;;;1421.0;9308.0;5912.0;364.0;949.0;129.0;1273.0;7.0;272.0;402.0;19.0;1330.0;638.0;59.0;47.0;13.0;534.0;2.0;15.0;22.0;;;;;;;;;;;10063.0;44177.0;26897.0;1460.0;3274.0;606.0;9295.0;50.0;1398.0;1197.0;31.0;10527.0;4147.0;342.0;337.0;60.0;5473.0;4.0;85.0;79.0;0.0;0.0;0.0;0.0;0.0;0.0;0.0;0.0;0.0;0.0
LWOWSKIE;TARNOBRZESKI;1502.0;476.0;314.0;8.0;0.0;35.0;1.0;0.0;116.0;2.0;1975.0;1595.0;1306.0;81.0;2.0;27.0;0.0;0.0;176.0;3.0;4213.0;6590.0;5403.0;654.0;10.0;77.0;5.0;2.0;416.0;23.0;65.0;817.0;480.0;229.0;31.0;14.0;24.0;1.0;17.0;21.0;9.0;1233.0;759.0;174.0;59.0;6.0;215.0;0.0;8.0;12.0;2506.0;6342.0;4895.0;1047.0;21.0;49.0;7.0;3.0;274.0;46.0;9.0;237.0;129.0;38.0;4.0;38.0;9.0;7.0;8.0;4.0;22.0;9469.0;4346.0;833.0;519.0;85.0;3525.0;15.0;66.0;80.0;;;;;;;;;;;1144.0;4012.0;3031.0;707.0;27.0;31.0;10.0;3.0;151.0;52.0;;;;;;;;;;;672.0;3010.0;2141.0;634.0;40.0;26.0;9.0;3.0;96.0;61.0;;;;;;;;;;;636.0;4183.0;2764.0;930.0;137.0;46.0;55.0;6.0;124.0;121.0;5.0;412.0;257.0;64.0;9.0;1.0;63.0;10.0;7.0;1.0;;;;;;;;;;;12772.0;72324.0;27411.0;9732.0;1165.0;491.0;30885.0;212.0;1529.0;899.0;45.0;44650.0;6691.0;5340.0;884.0;147.0;30702.0;177.0;144.0;565.0;14.0;33948.0;1586.0;4333.0;306.0;56.0;26962.0;162.0;70.0;473.0
LWOWSKIE;ŁAŃCUCKI;1595.0;493.0;281.0;7.0;9.0;79.0;1.0;0.0;105.0;11.0;1999.0;1572.0;1198.0;57.0;44.0;64.0;15.0;2.0;155.0;37.0;4681.0;7237.0;5596.0;421.0;282.0;144.0;138.0;11.0;434.0;211.0;115.0;1395.0;904.0;152.0;79.0;26.0;111.0;3.0;35.0;85.0;5.0;704.0;347.0;47.0;10.0;6.0;272.0;0.0;6.0;16.0;3362.0;8500.0;6146.0;681.0;460.0;119.0;311.0;18.0;407.0;358.0;8.0;232.0;148.0;33.0;16.0;4.0;18.0;1.0;5.0;7.0;23.0;9814.0;2763.0;656.0;191.0;45.0;6012.0;11.0;66.0;70.0;;;;;;;;;;;1843.0;6480.0;4476.0;558.0;399.0;82.0;379.0;10.0;267.0;309.0;;;;;;;;;;;1173.0;5247.0;3515.0;496.0;334.0;75.0;314.0;13.0;209.0;291.0;;;;;;;;;;;1360.0;8961.0;5592.0;924.0;641.0;127.0;759.0;18.0;319.0;581.0;4.0;280.0;177.0;11.0;19.0;4.0;38.0;0.0;5.0;26.0;;;;;;;;;;;16171.0;57303.0;31437.0;4098.0;2507.0;781.0;14368.0;93.0;2017.0;2002.0;31.0;16906.0;3404.0;758.0;224.0;57.0;12284.0;17.0;76.0;86.0;3.0;6388.0;294.0;55.0;23.0;6.0;6000.0;6.0;4.0;0.0
LWOWSKIE;ŻÓŁKIEWSKI;2008.0;623.0;287.0;26.0;1.0;128.0;1.0;1.0;173.0;6.0;2239.0;1792.0;1246.0;235.0;8.0;90.0;2.0;1.0;206.0;4.0;4384.0;6834.0;4768.0;1332.0;73.0;179.0;13.0;4.0;443.0;22.0;290.0;3717.0;2131.0;877.0;287.0;69.0;198.0;6.0;61.0;88.0;16.0;2356.0;1239.0;550.0;78.0;33.0;332.0;77.0;29.0;18.0;2702.0;6901.0;4574.0;1687.0;113.0;147.0;34.0;10.0;300.0;36.0;78.0;2220.0;1131.0;515.0;240.0;29.0;190.0;6.0;48.0;61.0;37.0;18072.0;6151.0;3314.0;549.0;144.0;7297.0;77.0;244.0;296.0;;;;;;;;;;;1428.0;5001.0;3201.0;1294.0;138.0;111.0;53.0;8.0;168.0;28.0;;;;;;;;;;;845.0;3786.0;2417.0;985.0;115.0;78.0;43.0;4.0;109.0;35.0;;;;;;;;;;;1313.0;8907.0;5428.0;2260.0;481.0;174.0;252.0;23.0;188.0;101.0;15.0;948.0;536.0;199.0;44.0;14.0;113.0;3.0;12.0;27.0;;;;;;;;;;;15362.0;75424.0;34415.0;14271.0;2293.0;1226.0;20205.0;281.0;2005.0;728.0;60.0;34695.0;8696.0;4861.0;793.0;207.0;19306.0;215.0;297.0;320.0;7.0;14267.0;1306.0;997.0;166.0;30.0;11677.0;61.0;24.0;6.0
M. ST. WARSZAWA;M. ST. WARSZAWA;2263.0;409.0;156.0;15.0;5.0;185.0;1.0;1.0;35.0;11.0;412.0;296.0;123.0;10.0;2.0;141.0;1.0;0.0;12.0;7.0;393.0;546.0;220.0;40.0;6.0;230.0;1.0;6.0;24.0;19.0;43.0;629.0;253.0;104.0;14.0;185.0;4.0;21.0;13.0;35.0;2.0;292.0;69.0;33.0;28.0;135.0;0.0;16.0;8.0;3.0;170.0;422.0;218.0;40.0;8.0;127.0;0.0;1.0;11.0;17.0;26.0;737.0;305.0;147.0;104.0;154.0;0.0;0.0;21.0;6.0;1.0;269.0;0.0;224.0;21.0;3.0;0.0;0.0;0.0;21.0;;;;;;;;;;;91.0;318.0;172.0;43.0;14.0;75.0;0.0;2.0;5.0;7.0;;;;;;;;;;;69.0;312.0;177.0;42.0;8.0;71.0;1.0;0.0;9.0;4.0;;;;;;;;;;;133.0;896.0;461.0;149.0;51.0;138.0;7.0;5.0;26.0;59.0;9.0;610.0;275.0;159.0;55.0;3.0;4.0;15.0;38.0;61.0;;;;;;;;;;;3612.0;5736.0;2429.0;1006.0;316.0;1447.0;19.0;67.0;202.0;250.0;3.0;561.0;69.0;257.0;49.0;138.0;0.0;16.0;8.0;24.0;0.0;0.0;0.0;0.0;0.0;0.0;0.0;0.0;0.0;0.0
NOWOGRÓDZKIE;BARANOWICKI;642.0;179.0;78.0;4.0;1.0;54.0;1.0;0.0;40.0;1.0;325.0;249.0;154.0;40.0;4.0;23.0;0.0;0.0;22.0;6.0;1580.0;2362.0;1645.0;372.0;52.0;61.0;11.0;1.0;134.0;86.0;1155.0;15200.0;9369.0;2205.0;1104.0;140.0;425.0;23.0;357.0;1577.0;;;;;;;;;;;2223.0;5584.0;3826.0;967.0;143.0;103.0;41.0;2.0;209.0;293.0;193.0;5464.0;2716.0;756.0;520.0;63.0;519.0;0.0;121.0;769.0;;;;;;;;;;;;;;;;;;;;;2435.0;8550.0;5740.0;1359.0;381.0;120.0;70.0;3.0;326.0;551.0;;;;;;;;;;;1857.0;8475.0;5637.0;1385.0;380.0;122.0;76.0;8.0;287.0;580.0;;;;;;;;;;;4291.0;29726.0;19724.0;4597.0;1478.0;345.0;430.0;16.0;848.0;2288.0;50.0;3418.0;1540.0;468.0;273.0;54.0;401.0;5.0;70.0;607.0;;;;;;;;;;;14876.0;189843.0;74913.0;22632.0;10490.0;1482.0;61145.0;187.0;3193.0;15801.0;125.0;110636.0;24484.0;10479.0;6154.0;397.0;59171.0;129.0;779.0;9043.0;;;;;;;;;;
NOWOGRÓDZKIE;BRASŁAWSKI;429.0;126.0;38.0;1.0;1.0;65.0;0.0;1.0;19.0;1.0;181.0;141.0;61.0;14.0;0.0;42.0;0.0;0.0;18.0;6.0;594.0;879.0;445.0;144.0;18.0;111.0;4.0;1.0;64.0;92.0;2006.0;26943.0;12281.0;5528.0;1866.0;807.0;649.0;273.0;716.0;4823.0;;;;;;;;;;;982.0;2443.0;1250.0;474.0;77.0;158.0;21.0;8.0;152.0;303.0;713.0;20653.0;8631.0;3905.0;1678.0;544.0;1223.0;330.0;423.0;3919.0;;;;;;;;;;;;;;;;;;;;;1239.0;4299.0;2210.0;828.0;164.0;239.0;53.0;15.0;222.0;568.0;;;;;;;;;;;1039.0;4729.0;2364.0;907.0;199.0;212.0;58.0;17.0;214.0;758.0;;;;;;;;;;;3841.0;27661.0;13235.0;5813.0;1465.0;1088.0;457.0;217.0;1015.0;4371.0;133.0;9255.0;3503.0;1532.0;990.0;188.0;825.0;168.0;193.0;1856.0;;;;;;;;;;;11283.0;143279.0;55361.0;24754.0;9404.0;3993.0;10991.0;13807.0;3359.0;21610.0;126.0;46150.0;11343.0;5608.0;2946.0;539.0;7701.0;12777.0;323.0;4913.0;;;;;;;;;;
NOWOGRÓDZKIE;DUNIŁOWICKI;846.0;234.0;88.0;4.0;1.0;91.0;0.0;0.0;48.0;2.0;244.0;181.0;72.0;15.0;4.0;60.0;1.0;1.0;20.0;8.0;1171.0;1850.0;812.0;345.0;78.0;171.0;21.0;3.0;168.0;252.0;3241.0;42987.0;16564.0;10161.0;4063.0;1108.0;1499.0;168.0;1584.0;7840.0;;;;;;;;;;;1696.0;4371.0;1827.0;917.0;236.0;260.0;88.0;18.0;314.0;711.0;1166.0;33593.0;9740.0;6668.0;4554.0;580.0;3273.0;265.0;1043.0;7470.0;;;;;;;;;;;;;;;;;;;;;2358.0;8319.0;3403.0;1808.0;565.0;412.0;161.0;19.0;479.0;1472.0;;;;;;;;;;;1946.0;8810.0;3605.0;1979.0;605.0;377.0;215.0;21.0;468.0;1540.0;;;;;;;;;;;6773.0;47583.0;19102.0;11429.0;3741.0;1685.0;980.0;158.0;2252.0;8236.0;217.0;14497.0;3564.0;2249.0;1792.0;183.0;2687.0;120.0;262.0;3640.0;;;;;;;;;;;19916.0;300885.0;82094.0;51169.0;33564.0;5634.0;61686.0;2678.0;7817.0;56243.0;258.0;138460.0;23317.0;15594.0;17925.0;707.0;52761.0;1905.0;1179.0;25072.0;;;;;;;;;;
NOWOGRÓDZKIE;DZIŚNIEŃSKI;1045.0;253.0;49.0;4.0;1.0;143.0;1.0;0.0;54.0;1.0;363.0;274.0;102.0;28.0;2.0;92.0;2.0;0.0;38.0;10.0;1863.0;2864.0;1436.0;478.0;60.0;362.0;31.0;8.0;252.0;237.0;4410.0;59556.0;28323.0;11727.0;4175.0;2398.0;2653.0;479.0;2031.0;7770.0;;;;;;;;;;;2667.0;6778.0;3420.0;1273.0;221.0;538.0;96.0;31.0;489.0;710.0;1873.0;55005.0;21544.0;10067.0;6219.0;1603.0;5252.0;721.0;1541.0;8058.0;;;;;;;;;;;;;;;;;;;;;3630.0;12643.0;6418.0;2505.0;481.0;829.0;124.0;48.0;802.0;1436.0;;;;;;;;;;;2977.0;13459.0;6709.0;2718.0;531.0;879.0;190.0;75.0;782.0;1575.0;;;;;;;;;;;9695.0;68678.0;34311.0;13926.0;3466.0;3537.0;1282.0;406.0;3094.0;8656.0;425.0;29430.0;10205.0;4695.0;3352.0;628.0;4541.0;432.0;684.0;4893.0;;;;;;;;;;;29379.0;430572.0;145373.0;63554.0;28171.0;12509.0;75190.0;10767.0;11038.0;83970.0;431.0;181632.0;32856.0;16133.0;9663.0;1500.0;61018.0;8567.0;1271.0;50624.0;;;;;;;;;;
NOWOGRÓDZKIE;LIDZKI;1248.0;361.0;159.0;5.0;2.0;147.0;0.0;0.0;45.0;3.0;576.0;437.0;228.0;52.0;8.0;69.0;6.0;1.0;62.0;11.0;2063.0;3118.0;1762.0;459.0;151.0;155.0;43.0;6.0;258.0;284.0;4240.0;57751.0;27150.0;9179.0;6961.0;941.0;3478.0;149.0;1702.0;8191.0;;;;;;;;;;;3120.0;7680.0;4135.0;1302.0;502.0;267.0;158.0;9.0;512.0;795.0;1627.0;47713.0;20136.0;6064.0;6689.0;678.0;4821.0;249.0;1151.0;7925.0;;;;;;;;;;;;;;;;;;;;;4003.0;13760.0;7354.0;2364.0;1077.0;345.0;359.0;20.0;748.0;1493.0;;;;;;;;;;;3888.0;17501.0;9287.0;3108.0;1495.0;420.0;483.0;18.0;836.0;1854.0;;;;;;;;;;;9763.0;69217.0;35418.0;12002.0;6721.0;1369.0;2545.0;98.0;2582.0;8482.0;285.0;19250.0;7996.0;2494.0;2531.0;235.0;2410.0;212.0;348.0;3024.0;;;;;;;;;;;31145.0;369204.0;151907.0;51821.0;35843.0;5484.0;70997.0;1322.0;10639.0;41191.0;332.0;132416.0;38282.0;14792.0;9706.0;858.0;56694.0;560.0;2395.0;9129.0;;;;;;;;;;
NOWOGRÓDZKIE;NIEŚWIESKI;513.0;132.0;48.0;2.0;0.0;60.0;0.0;0.0;22.0;0.0;213.0;161.0;91.0;12.0;2.0;32.0;0.0;0.0;19.0;5.0;1298.0;1992.0;1281.0;252.0;83.0;116.0;9.0;2.0;173.0;76.0;2393.0;31285.0;19501.0;4001.0;1545.0;452.0;877.0;14.0;928.0;3967.0;;;;;;;;;;;2008.0;5133.0;3316.0;681.0;238.0;179.0;42.0;4.0;340.0;333.0;424.0;11865.0;6796.0;1473.0;770.0;182.0;609.0;18.0;308.0;1709.0;;;;;;;;;;;;;;;;;;;;;2596.0;9127.0;5860.0;1302.0;433.0;258.0;73.0;8.0;514.0;679.0;;;;;;;;;;;1860.0;8412.0;5435.0;1274.0;392.0;188.0;86.0;4.0;374.0;659.0;;;;;;;;;;;5949.0;40929.0;26270.0;5872.0;2015.0;811.0;635.0;22.0;1514.0;3790.0;86.0;6098.0;3052.0;793.0;623.0;95.0;618.0;5.0;121.0;791.0;;;;;;;;;;;17485.0;180360.0;95964.0;25553.0;9605.0;3013.0;25099.0;253.0;5492.0;15381.0;145.0;65226.0;24314.0;9891.0;3504.0;640.0;22150.0;176.0;1179.0;3372.0;;;;;;;;;;
NOWOGRÓDZKIE;NOWOGRÓDZKI;460.0;131.0;50.0;3.0;0.0;56.0;0.0;0.0;20.0;2.0;326.0;254.0;135.0;35.0;1.0;34.0;2.0;0.0;34.0;13.0;1788.0;2672.0;1665.0;450.0;23.0;121.0;30.0;2.0;186.0;195.0;1815.0;24202.0;11660.0;3155.0;1263.0;273.0;2070.0;34.0;682.0;5065.0;;;;;;;;;;;2670.0;6645.0;3944.0;1295.0;79.0;208.0;128.0;6.0;339.0;646.0;417.0;11688.0;4727.0;1262.0;914.0;159.0;1580.0;29.0;337.0;2680.0;;;;;;;;;;;;;;;;;;;;;2924.0;10243.0;6039.0;1768.0;204.0;248.0;258.0;9.0;465.0;1252.0;;;;;;;;;;;2211.0;10038.0;5780.0;1858.0;173.0;226.0;339.0;4.0;374.0;1284.0;;;;;;;;;;;5025.0;34895.0;19429.0;5394.0;1040.0;612.0;1614.0;22.0;1097.0;5687.0;73.0;4954.0;2259.0;605.0;482.0;62.0;683.0;10.0;89.0;764.0;;;;;;;;;;;17908.0;195765.0;83960.0;26738.0;8829.0;2555.0;43860.0;1011.0;4302.0;24510.0;199.0;90043.0;28272.0;10913.0;4650.0;556.0;37156.0;895.0;679.0;6922.0;;;;;;;;;;
NOWOGRÓDZKIE;STOŁPECKI;339.0;95.0;37.0;1.0;0.0;37.0;0.0;0.0;19.0;1.0;142.0;107.0;53.0;7.0;0.0;25.0;1.0;0.0;18.0;3.0;615.0;913.0;547.0;98.0;18.0;58.0;15.0;1.0;84.0;92.0;1998.0;26532.0;12606.0;3014.0;1452.0;472.0;2242.0;45.0;1038.0;5663.0;;;;;;;;;;;877.0;2219.0;1231.0;294.0;53.0;81.0;72.0;5.0;169.0;314.0;504.0;14273.0;5847.0;1399.0;1164.0;185.0;1804.0;53.0;441.0;3380.0;;;;;;;;;;;;;;;;;;;;;1355.0;4775.0;2559.0;658.0;148.0;153.0;187.0;13.0;316.0;741.0;;;;;;;;;;;1163.0;5254.0;2868.0;661.0;170.0;149.0;211.0;15.0;312.0;868.0;;;;;;;;;;;4203.0;29802.0;15492.0;3938.0;1118.0;665.0;1638.0;55.0;1486.0;5410.0;103.0;7251.0;2993.0;854.0;655.0;73.0;1097.0;36.0;152.0;1391.0;;;;;;;;;;;11438.0;157747.0;60291.0;15942.0;7200.0;2163.0;44329.0;322.0;4595.0;22905.0;139.0;66526.0;16058.0;5018.0;2422.0;265.0;37062.0;99.0;560.0;5042.0;;;;;;;;;;
NOWOGRÓDZKIE;SŁONIMSKI;754.0;198.0;72.0;4.0;1.0;85.0;0.0;0.0;35.0;1.0;350.0;270.0;141.0;34.0;4.0;36.0;0.0;0.0;37.0;18.0;1380.0;2058.0;1191.0;291.0;97.0;87.0;36.0;6.0;131.0;219.0;2648.0;35271.0;19084.0;4986.0;2246.0;496.0;1673.0;99.0;715.0;5972.0;;;;;;;;;;;2020.0;5036.0;2823.0;736.0;292.0;124.0;112.0;12.0;246.0;691.0;529.0;14691.0;7082.0;1736.0;1211.0;161.0;1419.0;57.0;259.0;2766.0;;;;;;;;;;;;;;;;;;;;;2654.0;9290.0;5070.0;1382.0;553.0;225.0;218.0;21.0;391.0;1430.0;;;;;;;;;;;2328.0;10578.0;5737.0;1532.0;774.0;189.0;238.0;23.0;394.0;1691.0;;;;;;;;;;;6860.0;49868.0;27770.0;7326.0;3164.0;832.0;1430.0;114.0;1315.0;7917.0;69.0;4760.0;2055.0;507.0;505.0;42.0;815.0;15.0;73.0;748.0;;;;;;;;;;;19764.0;265600.0;104819.0;37035.0;14368.0;2737.0;72150.0;818.0;4356.0;29317.0;172.0;133580.0;33794.0;18501.0;5521.0;460.0;66209.0;471.0;760.0;7864.0;;;;;;;;;;
NOWOGRÓDZKIE;WILEJSKI;995.0;282.0;73.0;8.0;1.0;131.0;0.0;0.0;65.0;4.0;455.0;357.0;169.0;40.0;9.0;69.0;1.0;0.0;55.0;14.0;1757.0;2577.0;1411.0;378.0;72.0;241.0;59.0;1.0;223.0;192.0;2516.0;33501.0;13476.0;4684.0;3825.0;630.0;2369.0;49.0;1025.0;7443.0;;;;;;;;;;;2139.0;5361.0;2765.0;944.0;271.0;231.0;137.0;3.0;380.0;630.0;705.0;20482.0;7072.0;2573.0;2911.0;300.0;2272.0;88.0;584.0;4682.0;;;;;;;;;;;;;;;;;;;;;2801.0;9765.0;4916.0;1623.0;526.0;372.0;369.0;11.0;572.0;1376.0;;;;;;;;;;;2236.0;10106.0;4966.0;1703.0;612.0;302.0;402.0;8.0;506.0;1607.0;;;;;;;;;;;6345.0;44468.0;20134.0;7111.0;3643.0;1132.0;2202.0;51.0;1745.0;8450.0;152.0;10432.0;3485.0;1165.0;1574.0;124.0;1610.0;18.0;226.0;2230.0;;;;;;;;;;;20317.0;259364.0;86280.0;31745.0;26942.0;4169.0;60752.0;773.0;6633.0;42070.0;216.0;122033.0;27813.0;11516.0;13498.0;637.0;51331.0;544.0;1252.0;15442.0;;;;;;;;;;
NOWOGRÓDZKIE;WOŁOŻYŃSKI;599.0;176.0;65.0;2.0;0.0;68.0;0.0;0.0;41.0;0.0;489.0;402.0;195.0;60.0;10.0;61.0;1.0;1.0;63.0;11.0;1847.0;2854.0;1589.0;527.0;62.0;190.0;27.0;2.0;259.0;198.0;1777.0;23466.0;10813.0;4689.0;1601.0;482.0;1638.0;29.0;836.0;3378.0;;;;;;;;;;;2655.0;6628.0;3643.0;1337.0;232.0;317.0;84.0;3.0;480.0;532.0;478.0;13888.0;5281.0;2056.0;1422.0;199.0;2052.0;40.0;405.0;2433.0;;;;;;;;;;;;;;;;;;;;;3587.0;12409.0;6837.0;2318.0;491.0;512.0;239.0;4.0;799.0;1209.0;;;;;;;;;;;2775.0;12582.0;6872.0;2364.0;581.0;429.0;281.0;6.0;690.0;1359.0;;;;;;;;;;;6580.0;46298.0;23783.0;9131.0;2694.0;1238.0;1648.0;43.0;2072.0;5689.0;102.0;7224.0;2305.0;992.0;958.0;66.0;1127.0;22.0;165.0;1589.0;;;;;;;;;;;21037.0;274961.0;84025.0;44761.0;13693.0;3925.0;96567.0;542.0;6504.0;24944.0;148.0;149034.0;22642.0;21285.0;5642.0;363.0;89470.0;392.0;694.0;8546.0;;;;;;;;;;
POLESKIE;BRZESKI (BRZEŚĆ N.BUG.);387.0;121.0;71.0;2.0;1.0;35.0;0.0;1.0;10.0;1.0;246.0;193.0;119.0;33.0;4.0;18.0;1.0;1.0;13.0;4.0;973.0;1445.0;939.0;228.0;77.0;61.0;12.0;3.0;70.0;55.0;3445.0;48023.0;25639.0;8530.0;4039.0;511.0;1981.0;87.0;864.0;6372.0;;;;;;;;;;;1402.0;3467.0;2100.0;639.0;203.0;89.0;34.0;10.0;142.0;250.0;855.0;23896.0;10684.0;3706.0;3118.0;255.0;1937.0;24.0;309.0;3863.0;;;;;;;;;;;;;;;;;;;;;1691.0;5852.0;3510.0;1084.0;374.0;105.0;74.0;9.0;190.0;506.0;;;;;;;;;;;1743.0;7875.0;4629.0;1438.0;509.0;137.0;119.0;14.0;258.0;771.0;;;;;;;;;;;5885.0;43309.0;24864.0;8022.0;3024.0;574.0;946.0;77.0;1062.0;4740.0;70.0;4707.0;2187.0;619.0;379.0;44.0;712.0;12.0;75.0;679.0;;;;;;;;;;;16838.0;224218.0;100384.0;35902.0;17649.0;2242.0;39018.0;2669.0;3505.0;22849.0;141.0;85330.0;25642.0;11601.0;5921.0;413.0;33202.0;2431.0;512.0;5608.0;;;;;;;;;;
POLESKIE;DROHICKI;341.0;98.0;44.0;1.0;1.0;33.0;0.0;0.0;18.0;1.0;241.0;185.0;117.0;15.0;4.0;26.0;0.0;0.0;19.0;4.0;816.0;1210.0;746.0;206.0;57.0;63.0;2.0;0.0;90.0;46.0;1657.0;22421.0;8531.0;5988.0;3234.0;300.0;1082.0;3.0;449.0;2834.0;;;;;;;;;;;1281.0;3176.0;1804.0;753.0;231.0;94.0;14.0;1.0;142.0;137.0;528.0;15365.0;4017.0;3529.0;2985.0;140.0;2389.0;20.0;206.0;2079.0;;;;;;;;;;;;;;;;;;;;;1498.0;5186.0;2638.0;1349.0;510.0;135.0;32.0;1.0;229.0;292.0;;;;;;;;;;;1639.0;7555.0;3866.0;2066.0;724.0;189.0;47.0;2.0;273.0;388.0;;;;;;;;;;;4105.0;29638.0;13763.0;8620.0;3189.0;548.0;373.0;9.0;836.0;2300.0;70.0;4744.0;1407.0;1161.0;830.0;100.0;687.0;2.0;87.0;470.0;;;;;;;;;;;12258.0;160284.0;50024.0;39434.0;20148.0;1939.0;24255.0;1976.0;2862.0;19646.0;82.0;70706.0;13091.0;15746.0;8383.0;311.0;19629.0;1938.0;513.0;11095.0;;;;;;;;;;
POLESKIE;KOBRYŃSKI;349.0;98.0;38.0;1.0;0.0;37.0;0.0;0.0;21.0;1.0;207.0;162.0;91.0;27.0;4.0;20.0;1.0;0.0;18.0;1.0;731.0;1083.0;695.0;190.0;42.0;48.0;5.0;0.0;75.0;28.0;2255.0;31581.0;11955.0;8040.0;5111.0;347.0;1299.0;34.0;613.0;4182.0;;;;;;;;;;;915.0;2272.0;1333.0;482.0;184.0;62.0;14.0;1.0;117.0;79.0;1102.0;31982.0;9163.0;7579.0;6667.0;234.0;2542.0;47.0;453.0;5297.0;;;;;;;;;;;;;;;;;;;;;1059.0;3678.0;2055.0;865.0;336.0;80.0;25.0;3.0;150.0;164.0;;;;;;;;;;;1022.0;4718.0;2692.0;1094.0;439.0;83.0;26.0;2.0;149.0;233.0;;;;;;;;;;;3338.0;24483.0;11841.0;6076.0;3206.0;326.0;358.0;12.0;625.0;2039.0;163.0;10696.0;2774.0;2515.0;2250.0;76.0;839.0;16.0;159.0;2067.0;;;;;;;;;;;11294.0;181522.0;60584.0;48608.0;23894.0;1804.0;22684.0;578.0;2980.0;20390.0;153.0;70769.0;17947.0;21739.0;5655.0;491.0;17575.0;463.0;600.0;6299.0;;;;;;;;;;
POLESKIE;KOSOWSKI (KOSÓW POLESKI);426.0;122.0;62.0;2.0;0.0;32.0;0.0;0.0;25.0;1.0;249.0;195.0;127.0;27.0;2.0;19.0;0.0;0.0;16.0;4.0;897.0;1383.0;910.0;244.0;69.0;51.0;2.0;0.0;73.0;34.0;1052.0;14130.0;7698.0;3363.0;1274.0;147.0;324.0;12.0;232.0;1080.0;;;;;;;;;;;1188.0;2871.0;1810.0;619.0;137.0;61.0;8.0;1.0;122.0;113.0;176.0;4942.0;2404.0;943.0;511.0;36.0;411.0;0.0;72.0;565.0;;;;;;;;;;;;;;;;;;;;;1207.0;4203.0;2539.0;1002.0;195.0;84.0;14.0;3.0;154.0;212.0;;;;;;;;;;;1073.0;4890.0;2807.0;1200.0;307.0;67.0;15.0;2.0;157.0;335.0;;;;;;;;;;;2572.0;18329.0;10459.0;4685.0;1124.0;233.0;182.0;3.0;427.0;1216.0;22.0;1505.0;627.0;336.0;153.0;9.0;144.0;0.0;20.0;216.0;;;;;;;;;;;8907.0;181599.0;37584.0;34262.0;6293.0;856.0;64610.0;4877.0;1847.0;31270.0;45.0;129029.0;8141.0;21841.0;2521.0;117.0;63510.0;4856.0;549.0;27494.0;;;;;;;;;;
POLESKIE;KOSZYRSKI;109.0;35.0;17.0;2.0;0.0;10.0;0.0;0.0;5.0;1.0;152.0;121.0;58.0;34.0;0.0;14.0;0.0;0.0;15.0;0.0;793.0;1182.0;625.0;312.0;36.0;75.0;7.0;1.0;87.0;39.0;2090.0;29028.0;9406.0;7852.0;2109.0;647.0;1244.0;24.0;532.0;7214.0;;;;;;;;;;;1150.0;2877.0;1432.0;887.0;83.0;142.0;24.0;2.0;130.0;177.0;654.0;18483.0;4090.0;4439.0;1972.0;304.0;1402.0;34.0;248.0;5994.0;;;;;;;;;;;;;;;;;;;;;1068.0;3672.0;1684.0;1130.0;126.0;196.0;43.0;1.0;148.0;344.0;;;;;;;;;;;1317.0;6028.0;2799.0;1811.0;200.0;233.0;76.0;1.0;199.0;709.0;;;;;;;;;;;3611.0;26557.0;10855.0;8064.0;1028.0;793.0;643.0;7.0;639.0;4528.0;42.0;2663.0;605.0;714.0;262.0;55.0;310.0;20.0;24.0;673.0;;;;;;;;;;;11061.0;170554.0;44553.0;37717.0;9946.0;2692.0;39600.0;1637.0;2279.0;32130.0;75.0;79908.0;12982.0;12472.0;4130.0;223.0;35851.0;1547.0;252.0;12451.0;;;;;;;;;;
POLESKIE;PIŃSKI;905.0;224.0;78.0;7.0;1.0;89.0;0.0;0.0;48.0;1.0;577.0;476.0;283.0;107.0;9.0;28.0;1.0;1.0;35.0;12.0;2126.0;3206.0;1852.0;789.0;92.0;113.0;19.0;5.0;175.0;161.0;2746.0;37055.0;15312.0;10626.0;3602.0;295.0;1323.0;73.0;510.0;5314.0;;;;;;;;;;;2623.0;6549.0;3486.0;1924.0;260.0;145.0;48.0;17.0;268.0;401.0;818.0;24353.0;9182.0;4438.0;4149.0;122.0;2211.0;41.0;201.0;4009.0;;;;;;;;;;;;;;;;;;;;;2861.0;10040.0;5061.0;3084.0;506.0;181.0;108.0;22.0;326.0;752.0;;;;;;;;;;;2297.0;10396.0;5160.0;3114.0;638.0;179.0;117.0;8.0;313.0;867.0;;;;;;;;;;;6831.0;48448.0;22514.0;14833.0;3273.0;593.0;877.0;89.0;1025.0;5244.0;165.0;11209.0;4640.0;1430.0;1500.0;43.0;1978.0;119.0;59.0;1440.0;;;;;;;;;;;22120.0;377421.0;98662.0;69060.0;29856.0;2228.0;109880.0;4521.0;3901.0;59313.0;171.0;225465.0;31094.0;28708.0;15826.0;440.0;103198.0;4146.0;941.0;41112.0;;;;;;;;;;
POLESKIE;PRUŻAŃSKI;339.0;102.0;50.0;1.0;0.0;34.0;0.0;0.0;16.0;1.0;212.0;163.0;93.0;25.0;4.0;17.0;0.0;0.0;22.0;2.0;775.0;1120.0;742.0;168.0;54.0;45.0;3.0;0.0;70.0;38.0;1990.0;27209.0;12124.0;5899.0;3967.0;234.0;1215.0;21.0;451.0;3298.0;;;;;;;;;;;903.0;2246.0;1272.0;465.0;190.0;50.0;20.0;1.0;112.0;136.0;528.0;14637.0;5438.0;2854.0;2259.0;133.0;1159.0;18.0;212.0;2564.0;;;;;;;;;;;;;;;;;;;;;1235.0;4314.0;2387.0;974.0;358.0;71.0;46.0;1.0;166.0;311.0;;;;;;;;;;;1154.0;5202.0;2709.0;1174.0;506.0;71.0;93.0;2.0;182.0;465.0;;;;;;;;;;;4055.0;29754.0;15039.0;6715.0;3331.0;360.0;653.0;12.0;740.0;2904.0;68.0;4513.0;1536.0;934.0;492.0;26.0;492.0;22.0;44.0;967.0;;;;;;;;;;;11346.0;130188.0;56773.0;27274.0;14467.0;1257.0;13475.0;96.0;2401.0;14445.0;87.0;40928.0;15383.0;8065.0;3306.0;216.0;9794.0;19.0;386.0;3759.0;;;;;;;;;;
POLESKIE;SARNEŃSKI;1108.0;283.0;58.0;5.0;2.0;132.0;1.0;1.0;82.0;2.0;541.0;430.0;200.0;92.0;7.0;71.0;2.0;1.0;46.0;11.0;2025.0;3044.0;1825.0;687.0;45.0;171.0;10.0;1.0;184.0;121.0;2841.0;37639.0;16079.0;10192.0;2623.0;568.0;1988.0;80.0;550.0;5559.0;;;;;;;;;;;2717.0;6783.0;3982.0;1769.0;127.0;232.0;39.0;5.0;284.0;345.0;513.0;14217.0;4379.0;3022.0;1370.0;181.0;1838.0;61.0;151.0;3215.0;;;;;;;;;;;;;;;;;;;;;3115.0;10956.0;6193.0;3090.0;175.0;340.0;111.0;6.0;366.0;675.0;;;;;;;;;;;2490.0;11346.0;6203.0;3278.0;269.0;290.0;146.0;14.0;287.0;859.0;;;;;;;;;;;7215.0;50836.0;25723.0;15098.0;1793.0;1127.0;1140.0;66.0;1049.0;4840.0;39.0;2668.0;794.0;492.0;211.0;49.0;324.0;40.0;53.0;705.0;;;;;;;;;;;22707.0;512489.0;85586.0;75371.0;15575.0;3584.0;238476.0;1888.0;4391.0;87618.0;103.0;374287.0;20150.0;37646.0;8953.0;423.0;232877.0;1613.0;1339.0;71286.0;;;;;;;;;;
POLESKIE;ŁUNINIECKI;959.0;298.0;136.0;19.0;2.0;74.0;0.0;1.0;61.0;5.0;852.0;672.0;360.0;149.0;9.0;54.0;1.0;1.0;72.0;26.0;3093.0;4558.0;2652.0;1160.0;90.0;164.0;16.0;2.0;313.0;161.0;3582.0;49773.0;19164.0;15296.0;4312.0;345.0;2790.0;138.0;894.0;6834.0;;;;;;;;;;;3182.0;7827.0;4450.0;2328.0;186.0;143.0;35.0;5.0;401.0;279.0;1529.0;44589.0;11039.0;10665.0;6452.0;156.0;5973.0;310.0;480.0;9514.0;;;;;;;;;;;;;;;;;;;;;3120.0;10834.0;5891.0;3272.0;429.0;148.0;66.0;9.0;469.0;550.0;;;;;;;;;;;2391.0;10854.0;5783.0;3320.0;521.0;131.0;111.0;14.0;361.0;613.0;;;;;;;;;;;6863.0;48963.0;23232.0;15942.0;2838.0;508.0;954.0;59.0;1270.0;4160.0;190.0;12187.0;2554.0;2415.0;1814.0;45.0;2173.0;62.0;97.0;3027.0;;;;;;;;;;;25912.0;900036.0;98752.0;157399.0;40978.0;3031.0;297475.0;3457.0;6138.0;292806.0;151.0;709481.0;23491.0;102833.0;24325.0;1263.0;285356.0;2856.0;1720.0;267637.0;;;;;;;;;;
POMORSKIE;BRODNICKI;1173.0;350.0;258.0;5.0;0.0;57.0;0.0;1.0;28.0;1.0;533.0;419.0;347.0;13.0;1.0;25.0;0.0;1.0;31.0;1.0;707.0;1089.0;900.0;71.0;2.0;26.0;0.0;5.0;80.0;5.0;1232.0;17606.0;14074.0;1370.0;480.0;206.0;106.0;389.0;492.0;489.0;29.0;3986.0;3138.0;302.0;76.0;21.0;44.0;284.0;64.0;57.0;467.0;1187.0;972.0;84.0;9.0;31.0;1.0;10.0;69.0;11.0;570.0;16461.0;12527.0;1362.0;619.0;134.0;232.0;605.0;367.0;615.0;;;;;;;;;;;15.0;3642.0;2873.0;228.0;25.0;27.0;55.0;347.0;52.0;35.0;357.0;1276.0;1050.0;81.0;14.0;24.0;1.0;20.0;72.0;14.0;12.0;4123.0;3598.0;229.0;123.0;33.0;49.0;19.0;41.0;31.0;365.0;1672.0;1351.0;130.0;30.0;29.0;2.0;24.0;83.0;23.0;6.0;2543.0;1809.0;116.0;17.0;10.0;512.0;42.0;16.0;21.0;1139.0;8326.0;6655.0;617.0;165.0;131.0;23.0;222.0;346.0;167.0;85.0;5519.0;3770.0;575.0;185.0;33.0;55.0;551.0;93.0;257.0;16.0;9626.0;7398.0;924.0;353.0;62.0;516.0;113.0;99.0;161.0;6714.0;102021.0;65172.0;6886.0;2350.0;879.0;18619.0;3870.0;2005.0;2240.0;86.0;48116.0;23268.0;2578.0;845.0;183.0;18199.0;2042.0;344.0;657.0;8.0;24196.0;4452.0;779.0;251.0;30.0;17023.0;1237.0;72.0;352.0
POMORSKIE;CHEŁMIŃSKI;1038.0;338.0;284.0;3.0;1.0;34.0;0.0;0.0;15.0;1.0;320.0;247.0;189.0;12.0;2.0;18.0;0.0;0.0;21.0;5.0;467.0;720.0;505.0;80.0;24.0;28.0;0.0;2.0;50.0;31.0;698.0;10007.0;7471.0;997.0;429.0;190.0;67.0;115.0;297.0;441.0;30.0;4263.0;3318.0;262.0;166.0;33.0;167.0;70.0;52.0;195.0;311.0;791.0;542.0;100.0;30.0;24.0;1.0;5.0;47.0;42.0;296.0;8624.0;6193.0;1014.0;448.0;137.0;96.0;134.0;225.0;377.0;;;;;;;;;;;10.0;2631.0;2213.0;77.0;56.0;16.0;53.0;30.0;48.0;138.0;218.0;776.0;501.0;123.0;40.0;25.0;3.0;6.0;44.0;34.0;14.0;4880.0;4007.0;212.0;64.0;40.0;351.0;89.0;65.0;52.0;208.0;942.0;594.0;147.0;75.0;23.0;5.0;7.0;52.0;39.0;3.0;1353.0;1235.0;30.0;39.0;2.0;2.0;21.0;24.0;0.0;656.0;4668.0;3204.0;592.0;292.0;111.0;12.0;45.0;199.0;213.0;79.0;5385.0;4098.0;536.0;177.0;60.0;109.0;84.0;105.0;216.0;23.0;15422.0;12449.0;839.0;246.0;137.0;1174.0;274.0;242.0;61.0;4376.0;68564.0;49868.0;5394.0;2217.0;891.0;5821.0;907.0;1587.0;1879.0;85.0;36066.0;26287.0;1790.0;699.0;241.0;5528.0;509.0;532.0;480.0;5.0;7517.0;3065.0;370.0;128.0;13.0;3781.0;25.0;101.0;34.0
POMORSKIE;CHOJNICKI;1058.0;305.0;207.0;5.0;1.0;61.0;0.0;1.0;28.0;2.0;459.0;365.0;282.0;21.0;2.0;24.0;0.0;1.0;33.0;2.0;688.0;1049.0;786.0;104.0;13.0;39.0;5.0;7.0;71.0;24.0;1269.0;18375.0;11565.0;1571.0;1521.0;170.0;970.0;401.0;430.0;1747.0;89.0;11460.0;5240.0;418.0;1423.0;95.0;2094.0;380.0;107.0;1703.0;405.0;1040.0;750.0;142.0;27.0;26.0;6.0;12.0;47.0;30.0;1068.0;32567.0;16580.0;2077.0;4152.0;240.0;3172.0;683.0;519.0;5144.0;;;;;;;;;;;13.0;3131.0;1231.0;122.0;311.0;8.0;677.0;217.0;27.0;538.0;331.0;1181.0;819.0;140.0;53.0;23.0;25.0;18.0;53.0;50.0;11.0;3740.0;1834.0;235.0;243.0;21.0;786.0;372.0;38.0;211.0;288.0;1313.0;895.0;167.0;55.0;17.0;26.0;19.0;46.0;88.0;6.0;2630.0;1652.0;133.0;22.0;12.0;684.0;59.0;21.0;47.0;909.0;6708.0;4424.0;725.0;525.0;60.0;214.0;131.0;182.0;447.0;315.0;21285.0;10918.0;1070.0;2655.0;89.0;2928.0;569.0;237.0;2819.0;14.0;9329.0;5730.0;654.0;351.0;48.0;2099.0;96.0;110.0;241.0;6934.0;177748.0;66389.0;9002.0;11536.0;974.0;64970.0;8152.0;2693.0;14032.0;144.0;93560.0;19163.0;2980.0;2532.0;225.0;57624.0;6310.0;1047.0;3679.0;11.0;63270.0;3476.0;1418.0;182.0;41.0;51284.0;5186.0;744.0;939.0
POMORSKIE;DZIAŁDOWSKI;303.0;106.0;87.0;5.0;0.0;8.0;0.0;0.0;5.0;1.0;127.0;101.0;72.0;16.0;0.0;6.0;0.0;0.0;6.0;1.0;193.0;295.0;215.0;54.0;3.0;6.0;1.0;1.0;14.0;1.0;439.0;6336.0;4748.0;690.0;366.0;46.0;71.0;74.0;163.0;178.0;23.0;3138.0;2250.0;365.0;207.0;13.0;126.0;57.0;39.0;81.0;119.0;302.0;242.0;39.0;2.0;6.0;0.0;0.0;12.0;1.0;287.0;8549.0;6090.0;1013.0;592.0;55.0;207.0;203.0;169.0;220.0;;;;;;;;;;;9.0;2213.0;1580.0;313.0;165.0;14.0;63.0;39.0;26.0;13.0;104.0;371.0;274.0;54.0;11.0;5.0;3.0;8.0;13.0;3.0;3.0;1093.0;806.0;188.0;45.0;3.0;34.0;3.0;9.0;5.0;65.0;295.0;225.0;41.0;6.0;2.0;1.0;3.0;16.0;1.0;3.0;1348.0;1139.0;79.0;7.0;5.0;19.0;30.0;20.0;49.0;373.0;2805.0;2175.0;322.0;120.0;20.0;13.0;50.0;82.0;23.0;89.0;6042.0;4205.0;673.0;524.0;30.0;254.0;88.0;90.0;178.0;7.0;4499.0;3046.0;490.0;337.0;13.0;235.0;296.0;50.0;32.0;2151.0;47713.0;31371.0;5953.0;2779.0;267.0;4399.0;1231.0;788.0;925.0;52.0;22511.0;13038.0;3046.0;1155.0;83.0;3849.0;804.0;218.0;318.0;7.0;10220.0;4217.0;1611.0;394.0;35.0;3372.0;379.0;74.0;138.0
POMORSKIE;GNIEWSKI;734.0;223.0;175.0;2.0;0.0;34.0;0.0;0.0;12.0;0.0;261.0;205.0;155.0;7.0;1.0;17.0;1.0;1.0;22.0;1.0;348.0;530.0;401.0;48.0;4.0;25.0;1.0;6.0;41.0;4.0;170.0;2381.0;1774.0;262.0;141.0;33.0;37.0;39.0;51.0;44.0;36.0;5061.0;4051.0;397.0;277.0;45.0;82.0;38.0;122.0;49.0;197.0;489.0;370.0;59.0;5.0;16.0;1.0;8.0;26.0;4.0;125.0;3899.0;2991.0;375.0;170.0;39.0;10.0;96.0;76.0;142.0;;;;;;;;;;;15.0;3468.0;2991.0;168.0;116.0;20.0;44.0;32.0;77.0;20.0;95.0;335.0;243.0;50.0;10.0;8.0;1.0;4.0;14.0;5.0;7.0;2405.0;1915.0;171.0;73.0;61.0;34.0;64.0;45.0;42.0;91.0;410.0;306.0;45.0;15.0;8.0;1.0;9.0;19.0;7.0;0.0;0.0;0.0;0.0;0.0;0.0;0.0;0.0;0.0;0.0;289.0;2031.0;1469.0;247.0;76.0;39.0;15.0;32.0;65.0;88.0;48.0;3560.0;2810.0;327.0;133.0;30.0;39.0;37.0;95.0;89.0;10.0;6605.0;4428.0;557.0;152.0;48.0;1113.0;152.0;82.0;73.0;2430.0;43181.0;25398.0;2912.0;1284.0;450.0;10927.0;582.0;791.0;837.0;72.0;29118.0;14704.0;1490.0;729.0;201.0;10821.0;350.0;370.0;453.0;4.0;11579.0;1319.0;197.0;111.0;27.0;9548.0;64.0;44.0;269.0
POMORSKIE;GRUDZIĄDZ (MIASTO);101.0;22.0;11.0;0.0;0.0;10.0;0.0;0.0;1.0;0.0;18.0;13.0;9.0;0.0;0.0;3.0;0.0;0.0;1.0;0.0;8.0;11.0;8.0;1.0;1.0;1.0;0.0;0.0;0.0;0.0;4.0;53.0;41.0;12.0;0.0;0.0;0.0;0.0;0.0;0.0;0.0;0.0;0.0;0.0;0.0;0.0;0.0;0.0;0.0;0.0;5.0;13.0;7.0;2.0;0.0;4.0;0.0;0.0;0.0;0.0;5.0;160.0;109.0;36.0;5.0;2.0;0.0;0.0;0.0;8.0;;;;;;;;;;;0.0;0.0;0.0;0.0;0.0;0.0;0.0;0.0;0.0;0.0;5.0;18.0;8.0;2.0;0.0;5.0;0.0;0.0;3.0;0.0;0.0;0.0;0.0;0.0;0.0;0.0;0.0;0.0;0.0;0.0;1.0;5.0;0.0;0.0;0.0;4.0;0.0;0.0;0.0;1.0;0.0;0.0;0.0;0.0;0.0;0.0;0.0;0.0;0.0;0.0;5.0;31.0;21.0;8.0;0.0;1.0;0.0;0.0;0.0;1.0;0.0;0.0;0.0;0.0;0.0;0.0;0.0;0.0;0.0;0.0;0.0;0.0;0.0;0.0;0.0;0.0;0.0;0.0;0.0;0.0;152.0;326.0;214.0;61.0;6.0;30.0;0.0;0.0;5.0;10.0;0.0;0.0;0.0;0.0;0.0;0.0;0.0;0.0;0.0;0.0;0.0;0.0;0.0;0.0;0.0;0.0;0.0;0.0;0.0;0.0
POMORSKIE;GRUDZIĄDZKI;1318.0;464.0;404.0;9.0;0.0;32.0;0.0;0.0;19.0;0.0;623.0;469.0;385.0;13.0;2.0;31.0;0.0;1.0;34.0;3.0;553.0;833.0;652.0;63.0;12.0;33.0;0.0;2.0;62.0;9.0;637.0;9303.0;7432.0;739.0;273.0;182.0;59.0;100.0;297.0;221.0;48.0;6296.0;4872.0;370.0;210.0;46.0;92.0;371.0;103.0;232.0;273.0;692.0;517.0;78.0;21.0;20.0;1.0;3.0;44.0;8.0;474.0;14321.0;11457.0;1098.0;573.0;194.0;116.0;237.0;330.0;316.0;;;;;;;;;;;10.0;2469.0;1828.0;139.0;46.0;13.0;111.0;307.0;21.0;4.0;233.0;823.0;622.0;83.0;27.0;29.0;1.0;5.0;41.0;15.0;11.0;3773.0;3099.0;211.0;74.0;34.0;200.0;70.0;72.0;13.0;164.0;746.0;553.0;84.0;31.0;18.0;2.0;6.0;37.0;15.0;9.0;3957.0;3263.0;311.0;45.0;27.0;136.0;83.0;58.0;34.0;495.0;3581.0;2741.0;354.0;111.0;86.0;19.0;38.0;149.0;83.0;105.0;7436.0;5965.0;502.0;257.0;66.0;167.0;212.0;102.0;165.0;23.0;14927.0;11269.0;835.0;301.0;164.0;1300.0;708.0;149.0;201.0;4978.0;75343.0;56191.0;5011.0;2011.0;991.0;6047.0;2171.0;1541.0;1380.0;103.0;36675.0;25463.0;1988.0;704.0;300.0;5682.0;1567.0;426.0;545.0;2.0;5253.0;1132.0;122.0;28.0;16.0;3843.0;28.0;23.0;61.0
POMORSKIE;KARTUSKI;1267.0;451.0;407.0;2.0;1.0;33.0;0.0;0.0;8.0;0.0;669.0;554.0;485.0;25.0;9.0;14.0;0.0;2.0;17.0;2.0;831.0;1244.0;969.0;144.0;52.0;13.0;2.0;8.0;44.0;12.0;1959.0;27522.0;17783.0;1574.0;3745.0;164.0;495.0;1092.0;822.0;1847.0;39.0;5138.0;2656.0;279.0;540.0;16.0;628.0;440.0;57.0;522.0;392.0;987.0;732.0;84.0;76.0;9.0;1.0;17.0;49.0;19.0;862.0;24748.0;14462.0;1267.0;3701.0;154.0;1179.0;1049.0;573.0;2363.0;;;;;;;;;;;9.0;2290.0;1186.0;100.0;187.0;7.0;137.0;612.0;27.0;34.0;331.0;1183.0;830.0;92.0;116.0;8.0;4.0;33.0;59.0;41.0;7.0;2429.0;1848.0;129.0;24.0;23.0;197.0;169.0;24.0;15.0;310.0;1423.0;1014.0;113.0;147.0;8.0;7.0;37.0;56.0;41.0;4.0;1756.0;1108.0;173.0;130.0;2.0;189.0;103.0;31.0;20.0;1634.0;12108.0;8104.0;744.0;1478.0;71.0;115.0;454.0;468.0;674.0;163.0;10981.0;5604.0;446.0;1604.0;38.0;966.0;955.0;164.0;1204.0;12.0;7655.0;5523.0;541.0;218.0;29.0;929.0;163.0;145.0;107.0;8495.0;126702.0;65288.0;6201.0;12129.0;609.0;26511.0;5761.0;2596.0;7607.0;77.0;45501.0;14898.0;1710.0;1200.0;97.0;23742.0;2114.0;336.0;1404.0;6.0;26233.0;2577.0;488.0;101.0;20.0;21662.0;627.0;52.0;706.0
POMORSKIE;KOŚCIERSKI;754.0;220.0;168.0;4.0;0.0;24.0;0.0;0.0;23.0;1.0;313.0;249.0;192.0;20.0;1.0;14.0;0.0;5.0;16.0;1.0;361.0;553.0;421.0;59.0;8.0;16.0;0.0;9.0;37.0;3.0;1235.0;18086.0;13059.0;1304.0;1116.0;173.0;487.0;480.0;470.0;997.0;49.0;6468.0;2947.0;314.0;752.0;28.0;733.0;1045.0;60.0;589.0;250.0;633.0;487.0;63.0;14.0;14.0;1.0;10.0;35.0;9.0;786.0;23024.0;14568.0;1364.0;1942.0;160.0;1398.0;1053.0;480.0;2059.0;;;;;;;;;;;14.0;3575.0;2406.0;334.0;199.0;9.0;175.0;183.0;32.0;237.0;166.0;589.0;458.0;54.0;14.0;8.0;2.0;10.0;29.0;14.0;9.0;3061.0;2112.0;340.0;111.0;17.0;285.0;88.0;47.0;61.0;165.0;756.0;576.0;69.0;24.0;11.0;9.0;16.0;33.0;18.0;5.0;2385.0;1661.0;305.0;76.0;14.0;70.0;152.0;42.0;65.0;825.0;6189.0;4646.0;446.0;301.0;78.0;88.0;170.0;224.0;236.0;179.0;11955.0;6301.0;700.0;1378.0;54.0;1407.0;636.0;221.0;1258.0;10.0;7206.0;4274.0;536.0;160.0;9.0;1481.0;454.0;63.0;229.0;5126.0;116508.0;55239.0;6329.0;6133.0;648.0;32052.0;8242.0;1999.0;5866.0;92.0;54254.0;14363.0;2246.0;1335.0;96.0;28660.0;5853.0;431.0;1270.0;5.0;31559.0;963.0;417.0;37.0;19.0;25916.0;3931.0;187.0;89.0
POMORSKIE;LUBAWSKI;874.0;307.0;238.0;2.0;0.0;42.0;0.0;0.0;24.0;1.0;541.0;434.0;340.0;15.0;0.0;47.0;0.0;0.0;31.0;1.0;557.0;857.0;701.0;55.0;8.0;21.0;1.0;5.0;62.0;4.0;1154.0;16828.0;13628.0;1230.0;572.0;160.0;55.0;311.0;517.0;355.0;40.0;5574.0;4243.0;320.0;163.0;34.0;293.0;268.0;81.0;172.0;423.0;1070.0;880.0;75.0;13.0;17.0;0.0;7.0;65.0;13.0;658.0;19617.0;14920.0;1502.0;944.0;174.0;171.0;609.0;461.0;836.0;;;;;;;;;;;10.0;2444.0;1946.0;171.0;156.0;14.0;25.0;66.0;31.0;35.0;392.0;1396.0;1144.0;87.0;24.0;20.0;1.0;16.0;78.0;26.0;12.0;4038.0;2941.0;494.0;152.0;26.0;99.0;81.0;109.0;136.0;301.0;1376.0;1112.0;105.0;34.0;18.0;2.0;21.0;68.0;16.0;5.0;2259.0;1653.0;224.0;9.0;31.0;101.0;60.0;15.0;166.0;1070.0;7750.0;6287.0;519.0;219.0;86.0;16.0;140.0;315.0;168.0;131.0;8780.0;6443.0;607.0;418.0;57.0;240.0;565.0;166.0;284.0;13.0;8478.0;5996.0;653.0;231.0;75.0;833.0;415.0;134.0;141.0;6185.0;96007.0;63529.0;6329.0;3000.0;830.0;14015.0;3525.0;2246.0;2533.0;84.0;37592.0;17836.0;2132.0;768.0;188.0;13529.0;1851.0;459.0;829.0;4.0;14799.0;1057.0;270.0;57.0;8.0;12178.0;961.0;89.0;179.0
POMORSKIE;PUCKI;694.0;190.0;135.0;15.0;7.0;10.0;0.0;0.0;21.0;2.0;307.0;243.0;196.0;22.0;2.0;5.0;0.0;5.0;11.0;2.0;240.0;366.0;230.0;86.0;12.0;7.0;1.0;11.0;17.0;2.0;324.0;4653.0;2701.0;772.0;539.0;37.0;96.0;165.0;102.0;241.0;17.0;2254.0;1295.0;179.0;244.0;10.0;177.0;84.0;19.0;246.0;160.0;405.0;246.0;95.0;16.0;4.0;0.0;19.0;16.0;9.0;232.0;7048.0;3891.0;1018.0;850.0;57.0;228.0;360.0;129.0;515.0;;;;;;;;;;;8.0;1933.0;1360.0;212.0;171.0;9.0;142.0;1.0;14.0;24.0;158.0;558.0;350.0;106.0;42.0;4.0;3.0;19.0;20.0;14.0;11.0;3815.0;2268.0;731.0;442.0;8.0;309.0;10.0;34.0;13.0;135.0;611.0;398.0;97.0;46.0;7.0;2.0;16.0;21.0;24.0;3.0;1296.0;954.0;60.0;159.0;5.0;98.0;3.0;17.0;0.0;480.0;3433.0;2144.0;525.0;341.0;29.0;35.0;141.0;91.0;127.0;78.0;5436.0;2737.0;671.0;797.0;24.0;195.0;187.0;70.0;755.0;11.0;7444.0;3725.0;946.0;771.0;23.0;1406.0;178.0;83.0;312.0;2862.0;50501.0;23536.0;5928.0;4602.0;245.0;10385.0;2672.0;687.0;2446.0;54.0;27558.0;10508.0;2521.0;1950.0;61.0;9825.0;1749.0;189.0;755.0;4.0;10816.0;906.0;393.0;163.0;6.0;7693.0;1473.0;22.0;160.0
POMORSKIE;STAROGARDZKI;1099.0;355.0;259.0;4.0;0.0;48.0;0.0;0.0;44.0;0.0;434.0;342.0;266.0;13.0;3.0;16.0;1.0;0.0;40.0;3.0;666.0;1006.0;753.0;105.0;17.0;27.0;1.0;6.0;79.0;18.0;853.0;12226.0;8131.0;1122.0;727.0;129.0;406.0;266.0;367.0;1078.0;32.0;4392.0;3419.0;280.0;182.0;32.0;99.0;233.0;60.0;87.0;455.0;1146.0;834.0;134.0;33.0;19.0;3.0;14.0;69.0;40.0;480.0;13857.0;8791.0;1207.0;984.0;101.0;617.0;481.0;332.0;1344.0;;;;;;;;;;;8.0;1872.0;1345.0;121.0;44.0;10.0;38.0;224.0;11.0;79.0;298.0;1039.0;731.0;128.0;42.0;15.0;9.0;13.0;51.0;50.0;3.0;986.0;775.0;45.0;47.0;18.0;10.0;25.0;52.0;14.0;268.0;1220.0;849.0;144.0;53.0;11.0;13.0;23.0;57.0;70.0;4.0;1756.0;1501.0;68.0;36.0;11.0;81.0;36.0;23.0;0.0;877.0;6338.0;4334.0;686.0;336.0;65.0;142.0;116.0;240.0;419.0;91.0;6322.0;4461.0;478.0;338.0;36.0;201.0;164.0;111.0;533.0;16.0;11544.0;8263.0;925.0;331.0;46.0;812.0;932.0;136.0;99.0;5594.0;105164.0;48013.0;6232.0;3413.0;625.0;35318.0;4667.0;2392.0;4504.0;73.0;61313.0;18604.0;2211.0;880.0;158.0;33925.0;3584.0;1002.0;949.0;10.0;40763.0;3301.0;772.0;240.0;41.0;32885.0;2134.0;720.0;670.0
POMORSKIE;SĘPOLEŃSKI;604.0;174.0;117.0;6.0;0.0;36.0;0.0;1.0;14.0;0.0;221.0;172.0;112.0;19.0;0.0;24.0;0.0;2.0;14.0;1.0;312.0;485.0;368.0;50.0;7.0;21.0;0.0;10.0;28.0;1.0;575.0;8201.0;6439.0;745.0;417.0;87.0;66.0;155.0;154.0;138.0;31.0;4091.0;2972.0;289.0;186.0;19.0;107.0;286.0;45.0;187.0;183.0;465.0;353.0;55.0;11.0;13.0;2.0;8.0;20.0;3.0;440.0;13573.0;10368.0;1167.0;829.0;107.0;230.0;300.0;187.0;385.0;;;;;;;;;;;4.0;992.0;666.0;83.0;0.0;5.0;8.0;226.0;4.0;0.0;123.0;439.0;325.0;54.0;9.0;11.0;1.0;16.0;15.0;8.0;4.0;1418.0;1064.0;127.0;26.0;5.0;165.0;4.0;23.0;4.0;110.0;508.0;387.0;52.0;24.0;8.0;0.0;12.0;17.0;8.0;4.0;1645.0;1280.0;113.0;19.0;27.0;141.0;17.0;22.0;26.0;594.0;4421.0;3451.0;428.0;207.0;62.0;9.0;83.0;112.0;69.0;139.0;9288.0;7086.0;748.0;507.0;61.0;229.0;136.0;112.0;409.0;2.0;1154.0;750.0;107.0;62.0;8.0;190.0;27.0;5.0;5.0;3351.0;60022.0;39701.0;4880.0;2388.0;502.0;8252.0;2131.0;820.0;1348.0;50.0;22296.0;10695.0;1556.0;377.0;72.0;7715.0;1408.0;147.0;326.0;5.0;12996.0;3963.0;837.0;84.0;8.0;7104.0;848.0;48.0;104.0
POMORSKIE;TCZEWSKI;1544.0;435.0;335.0;1.0;0.0;84.0;0.0;0.0;15.0;0.0;236.0;172.0;138.0;4.0;0.0;21.0;0.0;0.0;9.0;0.0;59.0;84.0;68.0;8.0;0.0;5.0;0.0;0.0;3.0;0.0;139.0;2143.0;1695.0;247.0;73.0;31.0;3.0;18.0;59.0;17.0;24.0;3275.0;2664.0;429.0;84.0;24.0;7.0;13.0;44.0;10.0;28.0;68.0;54.0;6.0;2.0;3.0;0.0;0.0;2.0;1.0;85.0;2516.0;1899.0;386.0;108.0;29.0;4.0;36.0;35.0;19.0;;;;;;;;;;;14.0;3365.0;2686.0;358.0;64.0;27.0;117.0;25.0;67.0;21.0;14.0;50.0;38.0;8.0;1.0;1.0;0.0;0.0;2.0;0.0;7.0;2409.0;1871.0;164.0;65.0;12.0;160.0;96.0;27.0;14.0;16.0;73.0;59.0;8.0;2.0;1.0;0.0;1.0;2.0;0.0;8.0;3562.0;2908.0;244.0;78.0;20.0;42.0;133.0;31.0;106.0;44.0;312.0;191.0;82.0;7.0;14.0;1.0;3.0;14.0;0.0;59.0;4296.0;3549.0;432.0;133.0;29.0;4.0;38.0;63.0;48.0;6.0;3825.0;3261.0;250.0;48.0;49.0;91.0;17.0;90.0;19.0;2286.0;31737.0;24550.0;2904.0;784.0;393.0;1788.0;510.0;519.0;289.0;62.0;21588.0;16524.0;1722.0;458.0;175.0;1776.0;414.0;315.0;204.0;3.0;5152.0;3134.0;277.0;119.0;43.0;1359.0;130.0;56.0;34.0
POMORSKIE;TORUŃ (MIASTO);147.0;35.0;14.0;1.0;0.0;16.0;0.0;0.0;4.0;0.0;40.0;31.0;16.0;4.0;0.0;8.0;0.0;0.0;3.0;0.0;32.0;46.0;22.0;7.0;0.0;12.0;0.0;0.0;4.0;1.0;7.0;100.0;54.0;10.0;15.0;12.0;0.0;0.0;2.0;7.0;0.0;0.0;0.0;0.0;0.0;0.0;0.0;0.0;0.0;0.0;27.0;69.0;36.0;12.0;2.0;11.0;0.0;0.0;7.0;1.0;1.0;25.0;25.0;0.0;0.0;0.0;0.0;0.0;0.0;0.0;;;;;;;;;;;0.0;0.0;0.0;0.0;0.0;0.0;0.0;0.0;0.0;0.0;10.0;37.0;21.0;4.0;3.0;2.0;1.0;0.0;1.0;5.0;0.0;0.0;0.0;0.0;0.0;0.0;0.0;0.0;0.0;0.0;11.0;49.0;19.0;16.0;3.0;6.0;0.0;0.0;2.0;3.0;0.0;0.0;0.0;0.0;0.0;0.0;0.0;0.0;0.0;0.0;22.0;164.0;91.0;28.0;17.0;7.0;0.0;0.0;2.0;19.0;0.0;0.0;0.0;0.0;0.0;0.0;0.0;0.0;0.0;0.0;0.0;0.0;0.0;0.0;0.0;0.0;0.0;0.0;0.0;0.0;297.0;556.0;298.0;82.0;40.0;74.0;1.0;0.0;25.0;36.0;0.0;0.0;0.0;0.0;0.0;0.0;0.0;0.0;0.0;0.0;0.0;0.0;0.0;0.0;0.0;0.0;0.0;0.0;0.0;0.0
POMORSKIE;TORUŃSKI;1498.0;481.0;405.0;3.0;0.0;51.0;0.0;0.0;20.0;2.0;546.0;425.0;350.0;24.0;2.0;15.0;2.0;0.0;28.0;4.0;555.0;834.0;610.0;78.0;11.0;41.0;4.0;1.0;65.0;24.0;716.0;10412.0;7939.0;828.0;367.0;170.0;270.0;61.0;287.0;490.0;31.0;4174.0;3021.0;292.0;189.0;34.0;233.0;70.0;74.0;261.0;296.0;753.0;534.0;91.0;19.0;27.0;3.0;1.0;49.0;29.0;415.0;12769.0;8041.0;1540.0;681.0;175.0;890.0;165.0;316.0;961.0;;;;;;;;;;;15.0;3880.0;3122.0;208.0;80.0;27.0;128.0;22.0;47.0;246.0;195.0;693.0;488.0;82.0;25.0;19.0;15.0;2.0;37.0;25.0;14.0;4925.0;4106.0;84.0;107.0;48.0;265.0;21.0;88.0;206.0;200.0;915.0;653.0;115.0;30.0;26.0;9.0;2.0;46.0;34.0;8.0;3553.0;2833.0;154.0;58.0;27.0;257.0;24.0;70.0;130.0;603.0;4365.0;3011.0;551.0;187.0;93.0;109.0;14.0;188.0;212.0;82.0;5456.0;3617.0;603.0;396.0;68.0;346.0;64.0;116.0;246.0;16.0;11491.0;7772.0;236.0;80.0;127.0;2785.0;196.0;223.0;72.0;5198.0;79118.0;50948.0;5137.0;2369.0;986.0;13731.0;678.0;1886.0;3488.0;92.0;42015.0;25300.0;1222.0;651.0;301.0;12083.0;368.0;684.0;1406.0;8.0;13992.0;4446.0;248.0;137.0;38.0;8415.0;35.0;182.0;491.0
POMORSKIE;TUCHOLSKI;545.0;153.0;87.0;5.0;0.0;36.0;0.0;0.0;24.0;1.0;223.0;171.0;126.0;10.0;0.0;14.0;0.0;0.0;19.0;2.0;368.0;556.0;418.0;67.0;6.0;15.0;1.0;2.0;40.0;7.0;721.0;10305.0;7391.0;1001.0;478.0;114.0;285.0;159.0;302.0;575.0;23.0;3186.0;2302.0;221.0;96.0;25.0;212.0;191.0;44.0;95.0;280.0;694.0;501.0;94.0;9.0;16.0;5.0;7.0;42.0;20.0;399.0;11361.0;7943.0;918.0;626.0;114.0;590.0;330.0;231.0;609.0;;;;;;;;;;;11.0;2569.0;1846.0;140.0;64.0;15.0;112.0;351.0;23.0;18.0;176.0;622.0;435.0;80.0;15.0;7.0;4.0;5.0;34.0;42.0;3.0;1093.0;839.0;69.0;33.0;12.0;60.0;64.0;13.0;3.0;170.0;760.0;514.0;100.0;32.0;9.0;10.0;12.0;35.0;48.0;2.0;978.0;698.0;110.0;59.0;6.0;10.0;80.0;5.0;10.0;626.0;4429.0;3124.0;443.0;184.0;44.0;67.0;44.0;178.0;345.0;94.0;6307.0;4542.0;304.0;257.0;39.0;449.0;237.0;104.0;375.0;6.0;3998.0;2446.0;312.0;161.0;17.0;863.0;147.0;32.0;20.0;3655.0;77544.0;35463.0;4482.0;2222.0;507.0;28761.0;2213.0;1450.0;2446.0;53.0;42186.0;10382.0;1460.0;615.0;99.0;27350.0;1417.0;441.0;422.0;8.0;30362.0;2251.0;608.0;202.0;24.0;26093.0;584.0;324.0;276.0
POMORSKIE;WEJHEROWSKI;769.0;223.0;180.0;7.0;1.0;20.0;0.0;0.0;15.0;0.0;426.0;350.0;274.0;50.0;1.0;13.0;0.0;0.0;12.0;0.0;576.0;855.0;669.0;147.0;5.0;10.0;0.0;1.0;22.0;1.0;954.0;13676.0;8660.0;1153.0;1628.0;114.0;557.0;400.0;419.0;745.0;24.0;3403.0;1787.0;317.0;430.0;20.0;348.0;244.0;54.0;203.0;239.0;588.0;399.0;110.0;21.0;8.0;5.0;6.0;26.0;13.0;459.0;12981.0;7300.0;1057.0;1944.0;76.0;924.0;378.0;300.0;1002.0;;;;;;;;;;;17.0;4088.0;2361.0;356.0;480.0;12.0;588.0;128.0;47.0;116.0;147.0;520.0;358.0;88.0;30.0;8.0;3.0;5.0;22.0;6.0;10.0;3541.0;2251.0;337.0;263.0;13.0;367.0;29.0;39.0;242.0;118.0;541.0;386.0;72.0;28.0;10.0;4.0;9.0;21.0;11.0;3.0;1348.0;753.0;183.0;76.0;26.0;283.0;2.0;25.0;0.0;655.0;4864.0;3230.0;519.0;454.0;57.0;64.0;140.0;196.0;204.0;63.0;4160.0;2301.0;330.0;588.0;16.0;358.0;209.0;71.0;287.0;6.0;3455.0;1878.0;535.0;195.0;20.0;600.0;143.0;53.0;31.0;4473.0;81441.0;34985.0;5793.0;6310.0;441.0;27717.0;1804.0;1432.0;2959.0;67.0;42683.0;11228.0;2260.0;1610.0;109.0;25802.0;656.0;328.0;690.0;7.0;26848.0;2198.0;532.0;166.0;18.0;23616.0;110.0;110.0;98.0
POMORSKIE;WĄBRZESKI;610.0;190.0;148.0;2.0;0.0;30.0;0.0;0.0;10.0;0.0;307.0;250.0;187.0;12.0;2.0;24.0;0.0;1.0;22.0;2.0;583.0;882.0;712.0;63.0;11.0;27.0;0.0;5.0;61.0;3.0;1036.0;14960.0;12368.0;1168.0;442.0;241.0;16.0;203.0;280.0;242.0;25.0;3611.0;2967.0;257.0;76.0;32.0;20.0;138.0;45.0;76.0;422.0;1069.0;868.0;89.0;15.0;25.0;0.0;12.0;55.0;5.0;392.0;11082.0;8777.0;850.0;445.0;119.0;27.0;302.0;222.0;340.0;;;;;;;;;;;9.0;2208.0;1746.0;189.0;92.0;14.0;48.0;49.0;23.0;47.0;326.0;1158.0;901.0;149.0;18.0;29.0;2.0;9.0;48.0;2.0;6.0;2057.0;1587.0;188.0;38.0;13.0;65.0;29.0;47.0;90.0;245.0;1116.0;905.0;95.0;18.0;22.0;0.0;21.0;45.0;10.0;5.0;2266.0;1626.0;142.0;172.0;20.0;89.0;129.0;31.0;57.0;824.0;5975.0;4853.0;500.0;156.0;99.0;2.0;105.0;197.0;63.0;60.0;3817.0;3013.0;344.0;143.0;34.0;29.0;122.0;57.0;75.0;12.0;8029.0;5909.0;432.0;49.0;50.0;943.0;406.0;103.0;137.0;4867.0;71736.0;48754.0;4805.0;1944.0;791.0;11100.0;1760.0;1344.0;1238.0;62.0;31237.0;16022.0;1533.0;694.0;141.0;11024.0;980.0;347.0;496.0;5.0;13066.0;2187.0;325.0;267.0;12.0;9859.0;229.0;98.0;89.0
POMORSKIE;ŚWIECKI;1748.0;617.0;440.0;15.0;1.0;116.0;1.0;0.0;40.0;4.0;688.0;538.0;364.0;47.0;2.0;56.0;0.0;1.0;60.0;8.0;1186.0;1818.0;1333.0;216.0;18.0;86.0;4.0;5.0;124.0;32.0;1634.0;23438.0;17337.0;2318.0;1067.0;449.0;402.0;238.0;558.0;1069.0;31.0;4173.0;2497.0;335.0;211.0;30.0;358.0;443.0;68.0;231.0;856.0;2162.0;1544.0;310.0;42.0;74.0;15.0;9.0;107.0;61.0;747.0;21859.0;14666.0;2357.0;1182.0;302.0;837.0;519.0;485.0;1511.0;;;;;;;;;;;8.0;2078.0;1400.0;154.0;105.0;22.0;89.0;271.0;20.0;17.0;596.0;2113.0;1451.0;340.0;58.0;64.0;22.0;15.0;96.0;67.0;9.0;3269.0;2587.0;209.0;106.0;23.0;163.0;82.0;68.0;31.0;438.0;1974.0;1384.0;304.0;56.0;47.0;10.0;14.0;79.0;80.0;8.0;3604.0;3125.0;171.0;11.0;12.0;88.0;66.0;47.0;84.0;1568.0;11427.0;8149.0;1471.0;438.0;231.0;146.0;131.0;332.0;529.0;128.0;8114.0;5285.0;930.0;468.0;99.0;489.0;182.0;157.0;504.0;23.0;15103.0;10267.0;805.0;367.0;75.0;2904.0;304.0;203.0;178.0;9682.0;163743.0;76317.0;11403.0;4395.0;1774.0;58709.0;3531.0;2895.0;4719.0;93.0;89683.0;24364.0;3095.0;1063.0;250.0;56783.0;2417.0;857.0;854.0;14.0;61456.0;4488.0;1421.0;263.0;88.0;53181.0;1251.0;451.0;313.0
POZNAŃSKIE;BYDGOSKI;831.0;245.0;172.0;4.0;0.0;42.0;0.0;0.0;26.0;1.0;370.0;291.0;217.0;16.0;2.0;21.0;1.0;0.0;30.0;4.0;633.0;964.0;701.0;101.0;15.0;45.0;1.0;2.0;74.0;25.0;1045.0;14883.0;11118.0;1681.0;600.0;241.0;127.0;146.0;362.0;608.0;49.0;6604.0;4942.0;400.0;157.0;35.0;158.0;378.0;113.0;421.0;459.0;1158.0;839.0;133.0;24.0;43.0;6.0;5.0;64.0;44.0;596.0;18484.0;13772.0;1872.0;754.0;220.0;395.0;305.0;379.0;787.0;;;;;;;;;;;15.0;3506.0;2824.0;121.0;65.0;21.0;145.0;14.0;32.0;284.0;335.0;1190.0;796.0;184.0;37.0;31.0;8.0;10.0;57.0;67.0;13.0;4646.0;3525.0;306.0;75.0;96.0;355.0;78.0;63.0;148.0;285.0;1303.0;910.0;197.0;48.0;34.0;4.0;8.0;53.0;49.0;9.0;3940.0;3596.0;100.0;2.0;14.0;73.0;55.0;47.0;53.0;940.0;6864.0;4843.0;961.0;275.0;137.0;48.0;82.0;225.0;293.0;140.0;9825.0;7537.0;730.0;270.0;90.0;354.0;212.0;157.0;475.0;13.0;8955.0;6295.0;450.0;312.0;24.0;1223.0;198.0;187.0;266.0;5743.0;129207.0;64091.0;8094.0;2784.0;1121.0;45034.0;1785.0;2145.0;4153.0;109.0;74000.0;23186.0;2215.0;759.0;217.0;44090.0;1015.0;718.0;1800.0;10.0;46349.0;2004.0;838.0;148.0;27.0;42136.0;292.0;276.0;628.0
POZNAŃSKIE;BYDGOSZCZ (MIASTO);1815.0;400.0;152.0;2.0;1.0;170.0;0.0;1.0;65.0;9.0;381.0;284.0;181.0;4.0;0.0;59.0;0.0;1.0;30.0;9.0;242.0;353.0;240.0;15.0;3.0;51.0;3.0;1.0;29.0;11.0;33.0;473.0;348.0;39.0;13.0;19.0;9.0;0.0;13.0;32.0;0.0;0.0;0.0;0.0;0.0;0.0;0.0;0.0;0.0;0.0;106.0;267.0;194.0;16.0;1.0;29.0;0.0;1.0;13.0;13.0;17.0;517.0;335.0;32.0;10.0;9.0;44.0;14.0;27.0;46.0;;;;;;;;;;;0.0;0.0;0.0;0.0;0.0;0.0;0.0;0.0;0.0;0.0;58.0;208.0;150.0;14.0;4.0;20.0;1.0;1.0;11.0;7.0;0.0;0.0;0.0;0.0;0.0;0.0;0.0;0.0;0.0;0.0;40.0;180.0;134.0;12.0;6.0;19.0;1.0;0.0;6.0;2.0;0.0;0.0;0.0;0.0;0.0;0.0;0.0;0.0;0.0;0.0;65.0;450.0;344.0;34.0;6.0;22.0;6.0;0.0;20.0;18.0;6.0;437.0;266.0;57.0;9.0;4.0;25.0;0.0;6.0;70.0;0.0;0.0;0.0;0.0;0.0;0.0;0.0;0.0;0.0;0.0;2763.0;3569.0;2344.0;225.0;53.0;402.0;89.0;19.0;220.0;217.0;0.0;0.0;0.0;0.0;0.0;0.0;0.0;0.0;0.0;0.0;0.0;0.0;0.0;0.0;0.0;0.0;0.0;0.0;0.0;0.0
POZNAŃSKIE;CHODZIESKI;1080.0;273.0;161.0;6.0;0.0;66.0;0.0;1.0;38.0;1.0;293.0;243.0;127.0;58.0;3.0;25.0;1.0;4.0;22.0;3.0;339.0;516.0;299.0;126.0;12.0;23.0;1.0;13.0;36.0;6.0;817.0;11723.0;7522.0;2271.0;639.0;115.0;165.0;404.0;326.0;281.0;18.0;2584.0;1780.0;188.0;116.0;15.0;280.0;42.0;38.0;125.0;251.0;643.0;337.0;190.0;24.0;16.0;7.0;26.0;33.0;10.0;579.0;17238.0;11494.0;2376.0;1060.0;166.0;887.0;333.0;269.0;653.0;;;;;;;;;;;7.0;1596.0;1035.0;193.0;54.0;14.0;232.0;9.0;14.0;45.0;190.0;682.0;350.0;198.0;24.0;16.0;6.0;43.0;28.0;17.0;5.0;1858.0;1297.0;213.0;53.0;8.0;161.0;18.0;17.0;91.0;231.0;1060.0;517.0;334.0;52.0;15.0;5.0;81.0;40.0;16.0;0.0;0.0;0.0;0.0;0.0;0.0;0.0;0.0;0.0;0.0;869.0;6450.0;3394.0;1759.0;341.0;74.0;52.0;403.0;252.0;175.0;83.0;5511.0;3735.0;434.0;376.0;48.0;480.0;116.0;67.0;255.0;9.0;6240.0;4500.0;485.0;218.0;49.0;721.0;59.0;92.0;116.0;4780.0;84382.0;42824.0;10387.0;3491.0;727.0;21277.0;2040.0;1606.0;2030.0;48.0;40043.0;14888.0;2635.0;960.0;163.0;19673.0;616.0;495.0;613.0;9.0;27765.0;6276.0;1556.0;519.0;77.0;18279.0;488.0;334.0;236.0
POZNAŃSKIE;CZARNKOWSKI;906.0;276.0;192.0;14.0;0.0;54.0;0.0;0.0;15.0;1.0;424.0;348.0;266.0;39.0;2.0;17.0;0.0;2.0;19.0;3.0;514.0;780.0;578.0;104.0;8.0;21.0;11.0;6.0;43.0;9.0;735.0;10582.0;7215.0;1340.0;408.0;104.0;706.0;105.0;243.0;461.0;15.0;2169.0;974.0;202.0;111.0;19.0;441.0;168.0;44.0;210.0;315.0;790.0;536.0;117.0;15.0;20.0;20.0;12.0;42.0;28.0;353.0;9935.0;5667.0;1329.0;473.0;78.0;1395.0;149.0;186.0;658.0;;;;;;;;;;;3.0;794.0;587.0;42.0;12.0;2.0;129.0;0.0;10.0;12.0;214.0;764.0;513.0;117.0;29.0;14.0;17.0;9.0;31.0;34.0;6.0;1969.0;1188.0;167.0;19.0;13.0;427.0;23.0;31.0;101.0;178.0;809.0;544.0;110.0;27.0;14.0;23.0;13.0;33.0;45.0;3.0;1466.0;1039.0;149.0;24.0;9.0;216.0;1.0;10.0;18.0;686.0;5020.0;3273.0;678.0;217.0;68.0;293.0;91.0;156.0;244.0;43.0;2908.0;1502.0;360.0;116.0;12.0;633.0;28.0;32.0;225.0;2.0;1184.0;508.0;110.0;32.0;6.0;502.0;4.0;12.0;10.0;4405.0;76688.0;28691.0;5868.0;1759.0;501.0;34838.0;1158.0;1078.0;2795.0;37.0;44476.0;8405.0;1660.0;464.0;99.0;31740.0;743.0;278.0;1087.0;8.0;36894.0;4109.0;990.0;266.0;50.0;30025.0;547.0;171.0;736.0
POZNAŃSKIE;GNIEŹNIEŃSKI;1094.0;294.0;162.0;5.0;0.0;89.0;0.0;1.0;37.0;0.0;197.0;159.0;111.0;5.0;0.0;19.0;0.0;0.0;22.0;2.0;199.0;294.0;220.0;21.0;1.0;24.0;0.0;0.0;27.0;1.0;968.0;14405.0;12428.0;850.0;240.0;314.0;38.0;61.0;399.0;75.0;16.0;2070.0;1701.0;102.0;34.0;23.0;8.0;155.0;31.0;16.0;124.0;305.0;236.0;23.0;3.0;19.0;0.0;2.0;20.0;2.0;461.0;12801.0;11018.0;742.0;280.0;214.0;53.0;91.0;281.0;122.0;;;;;;;;;;;12.0;3013.0;2411.0;233.0;66.0;17.0;89.0;104.0;77.0;16.0;54.0;191.0;155.0;13.0;3.0;7.0;0.0;1.0;9.0;3.0;2.0;696.0;544.0;71.0;28.0;3.0;23.0;13.0;14.0;0.0;51.0;233.0;192.0;14.0;3.0;9.0;0.0;0.0;14.0;1.0;3.0;1296.0;1079.0;75.0;13.0;5.0;95.0;6.0;15.0;8.0;295.0;2223.0;1861.0;151.0;28.0;52.0;3.0;14.0;89.0;25.0;45.0;3046.0;2448.0;176.0;83.0;39.0;47.0;170.0;56.0;27.0;9.0;5239.0;3477.0;301.0;142.0;30.0;1019.0;169.0;91.0;10.0;3533.0;55466.0;44849.0;3123.0;1316.0;1007.0;2178.0;1311.0;1374.0;308.0;45.0;21515.0;16018.0;1123.0;675.0;221.0;2037.0;971.0;420.0;50.0;3.0;9201.0;6806.0;341.0;392.0;143.0;803.0;524.0;192.0;0.0
POZNAŃSKIE;GOSTYŃSKI;1328.0;427.0;288.0;5.0;0.0;80.0;0.0;0.0;53.0;1.0;391.0;304.0;223.0;16.0;1.0;24.0;0.0;0.0;39.0;1.0;460.0;695.0;570.0;32.0;6.0;23.0;0.0;2.0;59.0;3.0;727.0;9663.0;8360.0;633.0;179.0;99.0;62.0;14.0;250.0;66.0;3.0;512.0;466.0;24.0;2.0;1.0;0.0;0.0;9.0;10.0;312.0;800.0;683.0;36.0;8.0;21.0;0.0;0.0;49.0;3.0;82.0;2162.0;1814.0;147.0;25.0;37.0;76.0;4.0;46.0;13.0;;;;;;;;;;;12.0;3015.0;2390.0;216.0;37.0;19.0;287.0;3.0;54.0;9.0;233.0;826.0;722.0;42.0;5.0;13.0;0.0;4.0;38.0;2.0;18.0;6277.0;4958.0;490.0;51.0;36.0;552.0;17.0;139.0;34.0;222.0;1027.0;916.0;40.0;8.0;16.0;0.0;0.0;44.0;3.0;11.0;4965.0;3472.0;301.0;35.0;43.0;852.0;25.0;214.0;23.0;929.0;7135.0;6339.0;349.0;67.0;81.0;22.0;23.0;226.0;28.0;12.0;858.0;753.0;42.0;21.0;7.0;3.0;1.0;16.0;15.0;21.0;15175.0;10186.0;1487.0;348.0;75.0;2721.0;33.0;244.0;81.0;4765.0;60331.0;46795.0;4101.0;815.0;608.0;6002.0;139.0;1579.0;292.0;69.0;36434.0;26127.0;2759.0;495.0;207.0;5839.0;91.0;759.0;157.0;4.0;6490.0;4655.0;241.0;22.0;33.0;1427.0;13.0;99.0;0.0
POZNAŃSKIE;GRODZISKI;1522.0;486.0;355.0;2.0;0.0;106.0;0.0;0.0;23.0;0.0;323.0;252.0;205.0;5.0;1.0;16.0;0.0;0.0;24.0;1.0;325.0;465.0;384.0;16.0;1.0;26.0;2.0;0.0;35.0;1.0;504.0;7261.0;6228.0;325.0;109.0;100.0;206.0;15.0;193.0;85.0;4.0;580.0;540.0;15.0;10.0;4.0;0.0;0.0;10.0;1.0;181.0;453.0;381.0;18.0;4.0;19.0;2.0;0.0;24.0;5.0;133.0;3603.0;3087.0;222.0;49.0;37.0;105.0;10.0;73.0;20.0;;;;;;;;;;;2.0;550.0;447.0;51.0;33.0;2.0;0.0;0.0;6.0;11.0;106.0;379.0;313.0;21.0;4.0;8.0;7.0;1.0;20.0;5.0;3.0;1119.0;961.0;59.0;38.0;3.0;7.0;3.0;23.0;25.0;93.0;419.0;350.0;23.0;4.0;13.0;8.0;0.0;17.0;4.0;4.0;1868.0;1515.0;82.0;19.0;13.0;154.0;69.0;12.0;4.0;330.0;2397.0;2063.0;85.0;26.0;32.0;65.0;2.0;90.0;34.0;6.0;435.0;359.0;58.0;10.0;2.0;0.0;1.0;3.0;2.0;12.0;9339.0;6319.0;604.0;154.0;37.0;1776.0;291.0;149.0;9.0;3557.0;41973.0;31108.0;2173.0;609.0;464.0;5995.0;473.0;905.0;246.0;34.0;25823.0;17383.0;1398.0;401.0;105.0;5600.0;444.0;403.0;89.0;9.0;12367.0;7601.0;587.0;147.0;46.0;3663.0;81.0;203.0;39.0
POZNAŃSKIE;INOWROCŁAWSKI;1967.0;695.0;574.0;3.0;1.0;92.0;0.0;0.0;25.0;0.0;759.0;520.0;433.0;10.0;0.0;54.0;0.0;0.0;21.0;2.0;331.0;512.0;366.0;49.0;4.0;38.0;0.0;3.0;47.0;5.0;960.0;14058.0;11209.0;1265.0;604.0;229.0;112.0;72.0;347.0;220.0;30.0;4367.0;3758.0;202.0;125.0;41.0;20.0;79.0;107.0;35.0;243.0;618.0;463.0;45.0;13.0;40.0;1.0;3.0;42.0;11.0;437.0;12820.0;9865.0;1243.0;825.0;139.0;196.0;45.0;289.0;218.0;;;;;;;;;;;34.0;8537.0;7362.0;392.0;240.0;61.0;71.0;58.0;202.0;151.0;181.0;635.0;443.0;47.0;24.0;63.0;7.0;3.0;34.0;14.0;24.0;8134.0;6331.0;697.0;300.0;68.0;431.0;79.0;142.0;86.0;121.0;550.0;397.0;59.0;30.0;10.0;5.0;4.0;28.0;17.0;11.0;4863.0;3873.0;308.0;115.0;46.0;134.0;236.0;94.0;57.0;613.0;4480.0;3272.0;454.0;300.0;84.0;45.0;17.0;188.0;120.0;63.0;4107.0;3237.0;229.0;215.0;28.0;130.0;49.0;107.0;112.0;25.0;17141.0;13509.0;1171.0;831.0;123.0;424.0;446.0;410.0;227.0;5804.0;102957.0;66886.0;6495.0;3686.0;1121.0;19334.0;1141.0;2153.0;2141.0;129.0;63962.0;36627.0;3091.0;1670.0;344.0;18838.0;945.0;1025.0;1422.0;5.0;20920.0;1794.0;321.0;59.0;5.0;17758.0;47.0;70.0;866.0
POZNAŃSKIE;JAROCIŃSKI;1579.0;503.0;360.0;5.0;0.0;101.0;0.0;0.0;36.0;1.0;507.0;395.0;304.0;14.0;1.0;34.0;0.0;0.0;41.0;1.0;526.0;798.0;643.0;47.0;16.0;28.0;2.0;1.0;57.0;4.0;688.0;9384.0;7736.0;489.0;443.0;124.0;137.0;15.0;263.0;177.0;9.0;1150.0;1004.0;72.0;16.0;5.0;9.0;3.0;32.0;9.0;285.0;725.0;588.0;49.0;24.0;16.0;3.0;0.0;42.0;3.0;157.0;4233.0;3421.0;218.0;191.0;56.0;149.0;4.0;104.0;90.0;;;;;;;;;;;6.0;1642.0;1425.0;66.0;35.0;8.0;38.0;6.0;46.0;18.0;176.0;623.0;507.0;35.0;27.0;14.0;2.0;0.0;31.0;7.0;9.0;3151.0;2667.0;272.0;35.0;13.0;87.0;8.0;52.0;17.0;187.0;854.0;709.0;44.0;34.0;14.0;5.0;1.0;40.0;7.0;13.0;5863.0;4866.0;364.0;87.0;18.0;337.0;17.0;162.0;12.0;758.0;5684.0;4721.0;269.0;261.0;78.0;38.0;4.0;232.0;81.0;15.0;1037.0;908.0;57.0;27.0;10.0;6.0;3.0;15.0;11.0;24.0;17731.0;12784.0;1037.0;384.0;131.0;2675.0;63.0;333.0;324.0;4949.0;71096.0;51149.0;3841.0;1999.0;839.0;10396.0;232.0;1789.0;851.0;71.0;46860.0;31252.0;2614.0;975.0;364.0;10054.0;204.0;928.0;469.0;10.0;17323.0;8506.0;803.0;418.0;189.0;6908.0;107.0;303.0;89.0
POZNAŃSKIE;KOŚCIAŃSKI;1489.0;435.0;301.0;9.0;0.0;88.0;0.0;0.0;37.0;0.0;298.0;230.0;164.0;17.0;5.0;18.0;0.0;0.0;25.0;1.0;387.0;591.0;438.0;62.0;22.0;20.0;1.0;1.0;41.0;6.0;686.0;9850.0;7773.0;970.0;531.0;91.0;44.0;73.0;239.0;129.0;14.0;1814.0;1342.0;193.0;56.0;5.0;46.0;144.0;20.0;8.0;249.0;630.0;455.0;81.0;37.0;15.0;2.0;2.0;33.0;5.0;256.0;6687.0;5163.0;698.0;345.0;50.0;106.0;45.0;137.0;143.0;;;;;;;;;;;13.0;3398.0;2572.0;353.0;70.0;18.0;187.0;32.0;47.0;119.0;209.0;746.0;555.0;81.0;56.0;8.0;6.0;3.0;29.0;8.0;10.0;3621.0;2740.0;480.0;67.0;46.0;150.0;47.0;64.0;27.0;139.0;635.0;477.0;55.0;56.0;6.0;1.0;4.0;25.0;11.0;11.0;4919.0;3712.0;659.0;45.0;19.0;229.0;132.0;95.0;28.0;497.0;3638.0;2843.0;322.0;234.0;45.0;14.0;20.0;110.0;50.0;18.0;1179.0;955.0;134.0;29.0;8.0;23.0;4.0;18.0;8.0;23.0;16234.0;9976.0;2170.0;614.0;171.0;2803.0;75.0;323.0;102.0;4303.0;59489.0;42179.0;6915.0;2257.0;628.0;4942.0;594.0;1326.0;648.0;75.0;34868.0;23055.0;4486.0;942.0;279.0;4745.0;442.0;632.0;287.0;4.0;4882.0;2713.0;631.0;90.0;20.0;1330.0;12.0;83.0;3.0
POZNAŃSKIE;KOŹMIŃSKI;1634.0;529.0;410.0;3.0;0.0;75.0;0.0;0.0;41.0;0.0;281.0;210.0;158.0;6.0;0.0;16.0;0.0;0.0;30.0;0.0;287.0;416.0;344.0;13.0;1.0;18.0;0.0;0.0;39.0;1.0;749.0;10298.0;9352.0;298.0;82.0;148.0;74.0;3.0;302.0;39.0;3.0;379.0;349.0;12.0;4.0;3.0;1.0;0.0;6.0;4.0;152.0;386.0;339.0;12.0;2.0;10.0;1.0;0.0;22.0;0.0;121.0;3214.0;2847.0;124.0;39.0;42.0;62.0;1.0;82.0;17.0;;;;;;;;;;;9.0;2162.0;1717.0;64.0;40.0;7.0;304.0;4.0;20.0;6.0;150.0;525.0;466.0;11.0;3.0;11.0;2.0;0.0;31.0;1.0;8.0;2862.0;2373.0;162.0;38.0;15.0;165.0;4.0;101.0;4.0;137.0;623.0;563.0;13.0;2.0;13.0;0.0;0.0;31.0;1.0;12.0;5420.0;4194.0;227.0;271.0;19.0;597.0;4.0;83.0;25.0;629.0;4784.0;4338.0;119.0;26.0;78.0;20.0;1.0;183.0;19.0;8.0;564.0;511.0;20.0;1.0;7.0;5.0;1.0;19.0;0.0;10.0;7638.0;5853.0;281.0;116.0;29.0;1113.0;66.0;136.0;44.0;4193.0;45376.0;37059.0;1505.0;638.0;499.0;4183.0;86.0;1227.0;179.0;45.0;23827.0;17731.0;886.0;482.0;81.0;4019.0;80.0;447.0;101.0;3.0;5366.0;3245.0;140.0;13.0;8.0;1839.0;2.0;101.0;18.0
POZNAŃSKIE;KROTOSZYŃSKI;1268.0;364.0;205.0;3.0;0.0;94.0;1.0;0.0;60.0;1.0;334.0;258.0;186.0;8.0;1.0;31.0;0.0;1.0;30.0;1.0;448.0;671.0;560.0;27.0;7.0;23.0;3.0;0.0;47.0;4.0;846.0;11647.0;9977.0;633.0;259.0;141.0;57.0;6.0;436.0;138.0;3.0;409.0;180.0;27.0;31.0;1.0;162.0;0.0;8.0;0.0;299.0;750.0;638.0;35.0;12.0;13.0;1.0;0.0;47.0;4.0;118.0;3140.0;2606.0;215.0;81.0;55.0;13.0;7.0;119.0;44.0;;;;;;;;;;;5.0;1376.0;1190.0;67.0;32.0;4.0;12.0;1.0;34.0;36.0;271.0;959.0;819.0;45.0;20.0;15.0;3.0;1.0;51.0;5.0;13.0;4305.0;3886.0;178.0;49.0;14.0;3.0;15.0;86.0;74.0;171.0;774.0;665.0;41.0;16.0;9.0;2.0;0.0;34.0;7.0;4.0;1710.0;1355.0;58.0;36.0;6.0;205.0;1.0;47.0;2.0;799.0;5908.0;5106.0;268.0;125.0;70.0;6.0;3.0;254.0;76.0;11.0;775.0;655.0;51.0;28.0;5.0;9.0;1.0;12.0;14.0;10.0;5784.0;4139.0;394.0;142.0;43.0;923.0;9.0;107.0;27.0;4603.0;47657.0;33358.0;2302.0;884.0;531.0;8484.0;216.0;1440.0;442.0;38.0;22411.0;11941.0;976.0;335.0;75.0;8389.0;197.0;350.0;148.0;3.0;8827.0;1191.0;252.0;45.0;7.0;7084.0;171.0;68.0;9.0
POZNAŃSKIE;KĘPIŃSKI;867.0;278.0;222.0;4.0;0.0;33.0;0.0;0.0;19.0;0.0;429.0;346.0;282.0;24.0;3.0;8.0;0.0;0.0;28.0;1.0;826.0;1276.0;1032.0;117.0;26.0;23.0;2.0;1.0;70.0;5.0;753.0;10230.0;7745.0;1372.0;495.0;64.0;181.0;8.0;240.0;125.0;8.0;1226.0;985.0;43.0;11.0;5.0;137.0;3.0;27.0;15.0;573.0;1449.0;1132.0;166.0;54.0;17.0;3.0;1.0;66.0;10.0;177.0;4616.0;3376.0;745.0;178.0;36.0;110.0;25.0;91.0;55.0;;;;;;;;;;;9.0;2272.0;1983.0;123.0;53.0;10.0;56.0;1.0;20.0;26.0;411.0;1456.0;1125.0;183.0;66.0;12.0;4.0;1.0;55.0;10.0;20.0;6783.0;5313.0;388.0;134.0;36.0;631.0;28.0;132.0;121.0;376.0;1706.0;1317.0;221.0;71.0;16.0;8.0;6.0;55.0;12.0;5.0;2200.0;1810.0;239.0;47.0;13.0;16.0;8.0;56.0;11.0;1388.0;9983.0;7724.0;1266.0;470.0;70.0;83.0;6.0;293.0;71.0;12.0;805.0;662.0;87.0;15.0;5.0;12.0;0.0;8.0;16.0;16.0;11376.0;7342.0;1517.0;234.0;30.0;2048.0;13.0;99.0;93.0;5878.0;69976.0;46783.0;7367.0;2057.0;418.0;11187.0;113.0;1410.0;641.0;66.0;37831.0;22166.0;3182.0;679.0;134.0;10784.0;65.0;485.0;336.0;8.0;13974.0;4733.0;872.0;200.0;40.0;7896.0;12.0;151.0;70.0
POZNAŃSKIE;LESZCZYŃSKI;1463.0;408.0;259.0;15.0;0.0;89.0;0.0;0.0;44.0;1.0;390.0;300.0;214.0;19.0;0.0;27.0;1.0;0.0;39.0;0.0;442.0;652.0;510.0;50.0;3.0;28.0;4.0;1.0;51.0;5.0;895.0;12688.0;9954.0;1190.0;230.0;149.0;577.0;20.0;383.0;185.0;14.0;1984.0;1582.0;142.0;33.0;6.0;173.0;1.0;29.0;18.0;260.0;653.0;517.0;60.0;6.0;20.0;4.0;1.0;41.0;4.0;306.0;8430.0;6084.0;975.0;142.0;85.0;664.0;25.0;230.0;225.0;;;;;;;;;;;6.0;1562.0;1347.0;82.0;12.0;10.0;46.0;2.0;49.0;14.0;203.0;718.0;565.0;75.0;8.0;18.0;9.0;1.0;33.0;9.0;8.0;2775.0;2238.0;250.0;22.0;21.0;136.0;7.0;89.0;12.0;170.0;774.0;620.0;82.0;12.0;11.0;1.0;4.0;37.0;7.0;7.0;3199.0;2540.0;245.0;4.0;21.0;276.0;65.0;37.0;11.0;803.0;5852.0;4809.0;523.0;70.0;70.0;114.0;11.0;211.0;44.0;24.0;1585.0;1099.0;220.0;30.0;34.0;89.0;19.0;29.0;65.0;20.0;13014.0;8647.0;1618.0;348.0;57.0;1892.0;171.0;209.0;72.0;5020.0;69365.0;45899.0;7125.0;1073.0;685.0;10717.0;1501.0;1670.0;695.0;64.0;37305.0;21268.0;3916.0;572.0;154.0;9254.0;1419.0;572.0;150.0;9.0;14771.0;4914.0;1579.0;153.0;39.0;6731.0;1173.0;159.0;23.0
POZNAŃSKIE;MIĘDZYCHODZKI;1161.0;335.0;229.0;5.0;0.0;79.0;1.0;0.0;20.0;1.0;175.0;137.0;96.0;10.0;2.0;12.0;0.0;0.0;14.0;3.0;182.0;274.0;199.0;25.0;1.0;15.0;5.0;2.0;22.0;5.0;505.0;7532.0;5662.0;740.0;173.0;108.0;406.0;41.0;172.0;230.0;22.0;2945.0;1841.0;226.0;108.0;15.0;462.0;134.0;30.0;129.0;132.0;331.0;232.0;43.0;4.0;11.0;9.0;1.0;19.0;12.0;448.0;13179.0;9348.0;963.0;505.0;130.0;1276.0;190.0;245.0;522.0;;;;;;;;;;;3.0;690.0;538.0;48.0;61.0;1.0;6.0;28.0;3.0;5.0;87.0;308.0;226.0;33.0;3.0;6.0;7.0;1.0;14.0;18.0;1.0;362.0;343.0;13.0;0.0;1.0;0.0;0.0;5.0;0.0;52.0;235.0;163.0;23.0;7.0;11.0;13.0;0.0;8.0;10.0;4.0;1724.0;789.0;94.0;41.0;10.0;606.0;170.0;14.0;0.0;216.0;1606.0;1182.0;150.0;30.0;26.0;74.0;13.0;54.0;77.0;81.0;5174.0;3216.0;357.0;200.0;40.0;813.0;276.0;56.0;216.0;18.0;13372.0;7644.0;812.0;209.0;71.0;3378.0;1031.0;171.0;56.0;3096.0;79669.0;36571.0;4334.0;1600.0;596.0;30641.0;3156.0;1127.0;1644.0;57.0;50558.0;16018.0;1985.0;675.0;158.0;28037.0;2632.0;503.0;550.0;9.0;31465.0;4863.0;792.0;256.0;60.0;23585.0;1269.0;280.0;360.0
POZNAŃSKIE;MOGILEŃSKI;1335.0;410.0;296.0;4.0;1.0;87.0;1.0;0.0;21.0;0.0;265.0;204.0;140.0;14.0;1.0;29.0;0.0;1.0;19.0;0.0;322.0;482.0;377.0;43.0;0.0;28.0;2.0;1.0;30.0;1.0;832.0;12327.0;10710.0;689.0;138.0;222.0;18.0;103.0;294.0;153.0;55.0;7210.0;5456.0;427.0;142.0;49.0;364.0;564.0;97.0;111.0;193.0;487.0;386.0;41.0;1.0;27.0;0.0;2.0;25.0;5.0;576.0;16825.0;14191.0;1107.0;358.0;194.0;59.0;236.0;347.0;333.0;;;;;;;;;;;17.0;4252.0;3409.0;205.0;48.0;34.0;8.0;466.0;62.0;20.0;132.0;467.0;359.0;59.0;4.0;14.0;1.0;7.0;21.0;2.0;8.0;2747.0;2186.0;79.0;41.0;22.0;7.0;346.0;42.0;24.0;92.0;418.0;341.0;39.0;3.0;14.0;0.0;5.0;15.0;1.0;8.0;3579.0;2700.0;193.0;60.0;20.0;171.0;371.0;53.0;11.0;396.0;2951.0;2473.0;229.0;37.0;59.0;1.0;30.0;93.0;29.0;130.0;8906.0;7412.0;617.0;196.0;69.0;36.0;330.0;137.0;109.0;13.0;8604.0;7015.0;385.0;167.0;50.0;351.0;481.0;122.0;33.0;4375.0;73468.0;57571.0;4143.0;1197.0;920.0;4325.0;3033.0;1396.0;883.0;102.0;29991.0;20886.0;1301.0;458.0;177.0;4207.0;2318.0;394.0;250.0;1.0;3599.0;120.0;12.0;0.0;2.0;3306.0;90.0;18.0;51.0
POZNAŃSKIE;NOWOTOMYSKI;1566.0;486.0;332.0;7.0;0.0;103.0;0.0;0.0;43.0;1.0;513.0;394.0;300.0;14.0;1.0;32.0;2.0;1.0;43.0;1.0;624.0;927.0;730.0;59.0;7.0;41.0;10.0;1.0;73.0;6.0;1076.0;15451.0;11001.0;1327.0;392.0;301.0;1647.0;56.0;441.0;286.0;7.0;893.0;508.0;59.0;25.0;5.0;188.0;14.0;5.0;89.0;377.0;960.0;742.0;70.0;8.0;30.0;25.0;1.0;67.0;17.0;633.0;17156.0;10716.0;1517.0;634.0;265.0;3038.0;98.0;371.0;517.0;;;;;;;;;;;0.0;0.0;0.0;0.0;0.0;0.0;0.0;0.0;0.0;0.0;261.0;919.0;689.0;82.0;10.0;31.0;36.0;3.0;53.0;15.0;2.0;681.0;481.0;66.0;66.0;1.0;5.0;31.0;9.0;22.0;240.0;1086.0;840.0;96.0;16.0;29.0;38.0;3.0;54.0;10.0;1.0;418.0;54.0;1.0;3.0;0.0;360.0;0.0;0.0;0.0;882.0;6484.0;4793.0;564.0;136.0;166.0;431.0;21.0;262.0;111.0;29.0;1769.0;991.0;100.0;50.0;18.0;463.0;40.0;31.0;76.0;10.0;7036.0;4190.0;309.0;114.0;65.0;2187.0;23.0;124.0;24.0;6234.0;82835.0;46042.0;5442.0;1735.0;1137.0;24800.0;565.0;1857.0;1257.0;33.0;37203.0;14908.0;1606.0;481.0;121.0;19110.0;341.0;419.0;217.0;13.0;28175.0;9675.0;1171.0;273.0;50.0;16370.0;273.0;281.0;82.0
POZNAŃSKIE;OBORNICKI;1840.0;543.0;375.0;3.0;0.0;125.0;0.0;0.0;40.0;0.0;359.0;275.0;209.0;11.0;1.0;23.0;0.0;0.0;30.0;1.0;498.0;756.0;581.0;69.0;4.0;36.0;4.0;0.0;56.0;6.0;1071.0;16238.0;13275.0;1409.0;379.0;273.0;253.0;45.0;418.0;186.0;35.0;4704.0;3481.0;354.0;199.0;29.0;255.0;220.0;56.0;110.0;295.0;737.0;568.0;82.0;7.0;23.0;8.0;1.0;40.0;8.0;709.0;20362.0;15989.0;1449.0;909.0;236.0;688.0;135.0;410.0;546.0;;;;;;;;;;;10.0;2524.0;1857.0;171.0;46.0;28.0;303.0;13.0;52.0;54.0;178.0;628.0;484.0;58.0;15.0;20.0;7.0;1.0;30.0;13.0;5.0;1739.0;1458.0;116.0;18.0;10.0;81.0;33.0;15.0;8.0;139.0;635.0;509.0;60.0;9.0;15.0;6.0;1.0;24.0;11.0;8.0;3681.0;2618.0;316.0;16.0;19.0;493.0;172.0;37.0;10.0;498.0;3704.0;2843.0;435.0;116.0;63.0;54.0;21.0;114.0;58.0;85.0;5788.0;4527.0;413.0;252.0;55.0;295.0;22.0;101.0;123.0;19.0;14658.0;11081.0;858.0;192.0;56.0;1892.0;338.0;159.0;82.0;5759.0;106018.0;65396.0;6841.0;2658.0;1045.0;25457.0;1296.0;1895.0;1430.0;87.0;56352.0;26036.0;2852.0;966.0;176.0;24142.0;1070.0;632.0;478.0;10.0;29046.0;5541.0;1037.0;495.0;34.0;21118.0;294.0;313.0;214.0
POZNAŃSKIE;ODOLANOWSKI;631.0;223.0;164.0;10.0;1.0;20.0;0.0;0.0;27.0;1.0;533.0;436.0;331.0;43.0;8.0;8.0;2.0;0.0;43.0;1.0;897.0;1368.0;985.0;194.0;62.0;15.0;7.0;1.0;97.0;7.0;849.0;11444.0;7764.0;2061.0;674.0;103.0;322.0;13.0;333.0;174.0;4.0;590.0;410.0;127.0;29.0;2.0;6.0;0.0;6.0;10.0;739.0;1868.0;1255.0;368.0;112.0;14.0;14.0;0.0;94.0;11.0;148.0;3937.0;2566.0;678.0;226.0;31.0;246.0;8.0;103.0;79.0;;;;;;;;;;;7.0;1753.0;1406.0;256.0;13.0;8.0;0.0;35.0;27.0;8.0;602.0;2140.0;1447.0;407.0;142.0;13.0;20.0;1.0;99.0;11.0;5.0;1849.0;1421.0;327.0;26.0;11.0;8.0;2.0;50.0;4.0;463.0;2110.0;1395.0;432.0;136.0;13.0;23.0;0.0;92.0;19.0;1.0;405.0;331.0;51.0;13.0;2.0;0.0;1.0;7.0;0.0;1345.0;9504.0;6154.0;2015.0;638.0;63.0;164.0;3.0;358.0;109.0;8.0;520.0;414.0;77.0;9.0;4.0;8.0;0.0;6.0;2.0;5.0;2984.0;879.0;188.0;47.0;24.0;1778.0;12.0;34.0;22.0;6245.0;58653.0;27714.0;7810.0;2216.0;347.0;17622.0;118.0;1623.0;1203.0;30.0;25103.0;5239.0;1525.0;208.0;63.0;16816.0;92.0;371.0;789.0;8.0;17522.0;792.0;576.0;80.0;16.0;15024.0;42.0;247.0;745.0
POZNAŃSKIE;OSTROWSKI (OSTRÓW WIELKOPOLSKI);1693.0;490.0;313.0;10.0;1.0;123.0;0.0;0.0;43.0;0.0;401.0;317.0;248.0;12.0;4.0;21.0;0.0;0.0;31.0;1.0;502.0;756.0;571.0;67.0;31.0;24.0;0.0;1.0;52.0;10.0;542.0;7335.0;5389.0;872.0;433.0;99.0;114.0;13.0;191.0;224.0;1.0;101.0;3.0;85.0;13.0;0.0;0.0;0.0;0.0;0.0;291.0;732.0;544.0;79.0;41.0;12.0;3.0;0.0;44.0;9.0;68.0;1778.0;1170.0;286.0;154.0;24.0;56.0;3.0;41.0;44.0;;;;;;;;;;;7.0;1800.0;1520.0;128.0;17.0;10.0;96.0;4.0;19.0;6.0;225.0;801.0;585.0;97.0;48.0;13.0;4.0;2.0;41.0;11.0;6.0;2098.0;1759.0;114.0;8.0;18.0;151.0;5.0;34.0;9.0;176.0;809.0;594.0;92.0;48.0;13.0;6.0;2.0;42.0;12.0;7.0;3082.0;2648.0;104.0;69.0;43.0;119.0;4.0;80.0;15.0;600.0;4463.0;3311.0;528.0;250.0;77.0;40.0;5.0;181.0;71.0;6.0;375.0;223.0;52.0;47.0;4.0;12.0;0.0;8.0;29.0;5.0;3264.0;2079.0;186.0;36.0;19.0;824.0;4.0;73.0;43.0;4539.0;42523.0;24728.0;3561.0;1547.0;554.0;9682.0;848.0;1108.0;495.0;35.0;24667.0;11780.0;1466.0;490.0;144.0;9447.0;822.0;434.0;84.0;9.0;14322.0;3771.0;849.0;347.0;54.0;8257.0;805.0;228.0;11.0
POZNAŃSKIE;OSTRZESZOWSKI;709.0;231.0;178.0;4.0;6.0;21.0;1.0;0.0;19.0;2.0;329.0;266.0;204.0;18.0;12.0;9.0;1.0;0.0;20.0;2.0;567.0;861.0;623.0;78.0;72.0;13.0;10.0;0.0;52.0;13.0;958.0;12990.0;8203.0;1501.0;1317.0;99.0;768.0;37.0;488.0;577.0;13.0;1715.0;1092.0;137.0;151.0;15.0;189.0;15.0;33.0;83.0;465.0;1173.0;792.0;125.0;122.0;15.0;19.0;1.0;74.0;25.0;166.0;4320.0;2377.0;509.0;412.0;33.0;536.0;23.0;125.0;305.0;;;;;;;;;;;6.0;1319.0;809.0;181.0;35.0;7.0;222.0;7.0;41.0;17.0;348.0;1230.0;828.0;132.0;123.0;13.0;27.0;1.0;72.0;34.0;6.0;2199.0;1335.0;118.0;20.0;9.0;622.0;5.0;21.0;69.0;325.0;1474.0;984.0;143.0;163.0;13.0;40.0;2.0;71.0;58.0;4.0;1799.0;1322.0;107.0;124.0;3.0;183.0;15.0;42.0;3.0;1255.0;9114.0;6015.0;915.0;898.0;66.0;381.0;12.0;448.0;379.0;12.0;888.0;625.0;85.0;40.0;8.0;50.0;8.0;19.0;53.0;7.0;4356.0;1855.0;255.0;199.0;16.0;1545.0;290.0;42.0;154.0;5172.0;51375.0;27941.0;4456.0;3814.0;341.0;10794.0;595.0;1651.0;1783.0;38.0;18828.0;7112.0;946.0;649.0;51.0;8961.0;511.0;263.0;335.0;2.0;7440.0;699.0;148.0;120.0;1.0;6200.0;179.0;84.0;9.0
POZNAŃSKIE;PLESZEWSKI;984.0;310.0;228.0;1.0;0.0;58.0;0.0;0.0;22.0;1.0;272.0;207.0;169.0;5.0;1.0;9.0;0.0;0.0;22.0;1.0;332.0;490.0;414.0;22.0;5.0;13.0;0.0;0.0;35.0;1.0;561.0;7841.0;6723.0;459.0;215.0;120.0;45.0;7.0;212.0;60.0;7.0;997.0;860.0;94.0;7.0;5.0;1.0;0.0;15.0;15.0;184.0;463.0;394.0;26.0;9.0;8.0;0.0;1.0;24.0;1.0;164.0;4305.0;3579.0;305.0;165.0;66.0;16.0;11.0;94.0;69.0;;;;;;;;;;;6.0;1631.0;1486.0;83.0;1.0;6.0;0.0;1.0;40.0;14.0;131.0;471.0;397.0;31.0;10.0;9.0;0.0;1.0;22.0;1.0;10.0;3477.0;2675.0;130.0;48.0;14.0;527.0;2.0;74.0;7.0;126.0;579.0;489.0;43.0;15.0;6.0;1.0;0.0;22.0;3.0;10.0;4573.0;3800.0;283.0;87.0;17.0;248.0;14.0;83.0;41.0;572.0;4278.0;3674.0;262.0;91.0;69.0;10.0;6.0;144.0;22.0;12.0;844.0;719.0;22.0;42.0;9.0;19.0;1.0;19.0;13.0;11.0;8386.0;5869.0;305.0;52.0;48.0;1933.0;52.0;113.0;14.0;3388.0;47647.0;37517.0;2648.0;984.0;536.0;4445.0;102.0;1053.0;362.0;50.0;27859.0;20731.0;1472.0;431.0;169.0;4354.0;75.0;437.0;190.0;6.0;8795.0;6041.0;577.0;236.0;79.0;1645.0;6.0;112.0;99.0
POZNAŃSKIE;POZNAŃ (MIASTO);339.0;63.0;13.0;1.0;0.0;42.0;0.0;0.0;7.0;0.0;32.0;25.0;8.0;1.0;0.0;13.0;0.0;0.0;3.0;0.0;16.0;24.0;11.0;1.0;1.0;9.0;0.0;0.0;1.0;1.0;11.0;184.0;163.0;12.0;4.0;2.0;0.0;0.0;3.0;0.0;0.0;0.0;0.0;0.0;0.0;0.0;0.0;0.0;0.0;0.0;9.0;23.0;12.0;2.0;1.0;7.0;0.0;0.0;1.0;0.0;11.0;343.0;313.0;19.0;5.0;2.0;0.0;0.0;3.0;1.0;;;;;;;;;;;0.0;0.0;0.0;0.0;0.0;0.0;0.0;0.0;0.0;0.0;8.0;30.0;16.0;3.0;1.0;6.0;4.0;0.0;0.0;0.0;0.0;0.0;0.0;0.0;0.0;0.0;0.0;0.0;0.0;0.0;4.0;18.0;12.0;1.0;0.0;1.0;0.0;0.0;0.0;4.0;0.0;0.0;0.0;0.0;0.0;0.0;0.0;0.0;0.0;0.0;16.0;122.0;97.0;8.0;3.0;8.0;0.0;0.0;6.0;0.0;0.0;0.0;0.0;0.0;0.0;0.0;0.0;0.0;0.0;0.0;0.0;0.0;0.0;0.0;0.0;0.0;0.0;0.0;0.0;0.0;446.0;832.0;645.0;48.0;15.0;90.0;4.0;0.0;24.0;6.0;0.0;0.0;0.0;0.0;0.0;0.0;0.0;0.0;0.0;0.0;0.0;0.0;0.0;0.0;0.0;0.0;0.0;0.0;0.0;0.0
POZNAŃSKIE;POZNAŃSKI WSCHODNI;1376.0;388.0;296.0;3.0;0.0;70.0;0.0;0.0;19.0;0.0;269.0;204.0;133.0;7.0;1.0;27.0;0.0;0.0;35.0;1.0;234.0;351.0;262.0;22.0;3.0;29.0;1.0;2.0;29.0;3.0;632.0;9544.0;8151.0;633.0;152.0;211.0;34.0;34.0;234.0;95.0;26.0;3603.0;3017.0;178.0;76.0;28.0;93.0;64.0;54.0;93.0;121.0;308.0;246.0;20.0;4.0;16.0;0.0;2.0;18.0;2.0;362.0;10160.0;8414.0;547.0;279.0;167.0;118.0;82.0;221.0;332.0;;;;;;;;;;;9.0;2113.0;1773.0;126.0;24.0;18.0;69.0;12.0;45.0;46.0;70.0;253.0;191.0;20.0;8.0;15.0;3.0;0.0;13.0;3.0;7.0;2536.0;1964.0;169.0;102.0;21.0;57.0;165.0;47.0;11.0;61.0;273.0;216.0;20.0;2.0;17.0;0.0;0.0;16.0;2.0;4.0;1740.0;1293.0;132.0;49.0;16.0;157.0;27.0;31.0;35.0;189.0;1410.0;1161.0;82.0;28.0;50.0;7.0;4.0;51.0;27.0;68.0;4758.0;3689.0;317.0;194.0;64.0;184.0;119.0;69.0;122.0;16.0;11256.0;7010.0;716.0;628.0;141.0;2182.0;184.0;275.0;120.0;3448.0;55389.0;40449.0;3270.0;1802.0;930.0;5897.0;767.0;1230.0;1044.0;66.0;27740.0;17690.0;1599.0;1131.0;264.0;5550.0;524.0;525.0;457.0;4.0;6492.0;2633.0;278.0;252.0;40.0;2992.0;72.0;73.0;152.0
POZNAŃSKIE;POZNAŃSKI ZACHODNI;1935.0;579.0;378.0;3.0;0.0;150.0;0.0;0.0;47.0;1.0;534.0;405.0;292.0;13.0;1.0;40.0;0.0;1.0;57.0;1.0;363.0;528.0;423.0;30.0;2.0;29.0;0.0;0.0;41.0;3.0;663.0;9868.0;8530.0;530.0;210.0;143.0;22.0;44.0;267.0;122.0;18.0;2647.0;1898.0;125.0;38.0;25.0;70.0;232.0;95.0;164.0;134.0;334.0;267.0;23.0;6.0;13.0;0.0;1.0;21.0;3.0;325.0;8802.0;7563.0;375.0;200.0;117.0;54.0;106.0;224.0;163.0;;;;;;;;;;;5.0;1185.0;971.0;53.0;13.0;24.0;33.0;73.0;17.0;1.0;99.0;349.0;290.0;22.0;3.0;11.0;0.0;1.0;17.0;5.0;5.0;1754.0;1501.0;152.0;18.0;9.0;16.0;29.0;27.0;2.0;75.0;345.0;295.0;18.0;6.0;10.0;0.0;1.0;13.0;2.0;3.0;1386.0;1179.0;88.0;0.0;5.0;68.0;14.0;15.0;17.0;300.0;2241.0;1920.0;107.0;47.0;43.0;5.0;14.0;75.0;30.0;34.0;2349.0;1748.0;183.0;72.0;25.0;115.0;103.0;40.0;63.0;20.0;13862.0;10972.0;506.0;292.0;73.0;1147.0;286.0;360.0;226.0;4524.0;59923.0;46550.0;2816.0;1086.0;776.0;4494.0;1674.0;1696.0;831.0;62.0;34123.0;24844.0;1512.0;539.0;195.0;4298.0;1403.0;894.0;438.0;11.0;13289.0;8323.0;588.0;178.0;59.0;2964.0;769.0;380.0;28.0
POZNAŃSKIE;RAWICKI;1275.0;404.0;295.0;6.0;1.0;66.0;0.0;0.0;36.0;0.0;464.0;364.0;274.0;23.0;5.0;23.0;1.0;0.0;36.0;2.0;524.0;788.0;594.0;83.0;34.0;24.0;1.0;0.0;49.0;3.0;762.0;10215.0;7800.0;1358.0;449.0;133.0;67.0;15.0;301.0;92.0;13.0;2032.0;1395.0;125.0;47.0;16.0;377.0;12.0;55.0;5.0;437.0;1120.0;848.0;122.0;71.0;21.0;2.0;1.0;51.0;4.0;117.0;3207.0;2419.0;437.0;119.0;37.0;55.0;5.0;86.0;49.0;;;;;;;;;;;9.0;2310.0;1572.0;172.0;89.0;27.0;391.0;9.0;37.0;13.0;367.0;1297.0;998.0;138.0;72.0;23.0;5.0;1.0;53.0;7.0;9.0;3109.0;2480.0;239.0;39.0;46.0;225.0;9.0;58.0;13.0;319.0;1448.0;1101.0;180.0;78.0;19.0;5.0;0.0;55.0;10.0;9.0;4121.0;2869.0;296.0;44.0;34.0;707.0;14.0;148.0;9.0;994.0;7317.0;5517.0;949.0;393.0;96.0;40.0;8.0;257.0;57.0;11.0;772.0;554.0;108.0;11.0;42.0;9.0;1.0;14.0;33.0;8.0;5203.0;3560.0;410.0;80.0;13.0;961.0;9.0;141.0;29.0;5323.0;53035.0;34502.0;5284.0;1735.0;643.0;8794.0;87.0;1646.0;344.0;53.0;26103.0;14102.0;1880.0;502.0;159.0;8609.0;56.0;708.0;87.0;5.0;9328.0;2226.0;638.0;203.0;23.0;5948.0;3.0;269.0;18.0
POZNAŃSKIE;STRZELNEŃSKI;1222.0;423.0;358.0;4.0;0.0;41.0;0.0;0.0;19.0;1.0;593.0;415.0;341.0;8.0;0.0;42.0;0.0;0.0;24.0;0.0;390.0;584.0;374.0;39.0;118.0;19.0;1.0;1.0;32.0;0.0;478.0;7154.0;6281.0;394.0;110.0;106.0;10.0;29.0;173.0;51.0;19.0;2559.0;2312.0;112.0;37.0;16.0;6.0;23.0;40.0;13.0;122.0;308.0;256.0;11.0;6.0;14.0;0.0;2.0;18.0;1.0;304.0;9132.0;8049.0;393.0;196.0;75.0;38.0;44.0;212.0;125.0;;;;;;;;;;;15.0;3690.0;3089.0;139.0;164.0;24.0;22.0;151.0;85.0;16.0;60.0;213.0;186.0;8.0;0.0;5.0;1.0;1.0;11.0;1.0;11.0;3757.0;3139.0;205.0;86.0;21.0;121.0;85.0;70.0;30.0;69.0;318.0;276.0;14.0;0.0;7.0;1.0;1.0;14.0;5.0;12.0;5356.0;3666.0;370.0;145.0;49.0;242.0;755.0;100.0;29.0;209.0;1562.0;1362.0;62.0;16.0;37.0;2.0;6.0;62.0;15.0;66.0;4383.0;3657.0;342.0;125.0;34.0;59.0;55.0;80.0;31.0;15.0;10233.0;7547.0;560.0;444.0;85.0;234.0;849.0;277.0;237.0;3590.0;61429.0;44713.0;3006.0;1492.0;604.0;6690.0;3008.0;1315.0;601.0;77.0;36937.0;23573.0;1731.0;921.0;224.0;6578.0;2869.0;670.0;371.0;5.0;11342.0;3820.0;345.0;45.0;29.0;5953.0;1006.0;98.0;46.0
POZNAŃSKIE;SZAMOTULSKI;2750.0;853.0;574.0;5.0;0.0;213.0;1.0;0.0;59.0;1.0;515.0;407.0;300.0;18.0;1.0;37.0;1.0;1.0;48.0;1.0;488.0;724.0;562.0;50.0;3.0;35.0;6.0;1.0;60.0;7.0;906.0;13209.0;10905.0;870.0;208.0;224.0;270.0;66.0;340.0;326.0;14.0;1825.0;1534.0;154.0;13.0;22.0;11.0;7.0;25.0;59.0;248.0;622.0;472.0;53.0;9.0;29.0;8.0;1.0;40.0;10.0;368.0;10104.0;7954.0;582.0;283.0;122.0;585.0;66.0;173.0;339.0;;;;;;;;;;;9.0;2292.0;1968.0;116.0;48.0;14.0;56.0;16.0;39.0;35.0;151.0;542.0;431.0;39.0;6.0;17.0;10.0;1.0;27.0;11.0;12.0;4165.0;2959.0;204.0;50.0;28.0;400.0;397.0;66.0;61.0;133.0;602.0;484.0;32.0;9.0;11.0;20.0;2.0;23.0;21.0;9.0;4029.0;3346.0;196.0;149.0;38.0;83.0;129.0;50.0;38.0;510.0;3745.0;3029.0;233.0;75.0;75.0;81.0;15.0;146.0;91.0;24.0;1621.0;1032.0;92.0;50.0;9.0;248.0;81.0;21.0;88.0;37.0;24766.0;18583.0;1677.0;263.0;195.0;3016.0;425.0;476.0;131.0;6186.0;100282.0;63669.0;5306.0;1346.0;1152.0;23859.0;1575.0;2036.0;1339.0;93.0;67853.0;37926.0;3332.0;702.0;380.0;22629.0;1341.0;1099.0;444.0;12.0;30776.0;9536.0;985.0;179.0;83.0;19063.0;367.0;443.0;120.0
POZNAŃSKIE;SZUBIŃSKI;992.0;307.0;240.0;5.0;0.0;50.0;0.0;0.0;12.0;0.0;193.0;146.0;105.0;16.0;2.0;11.0;0.0;1.0;10.0;1.0;340.0;506.0;334.0;86.0;14.0;22.0;1.0;13.0;36.0;0.0;1048.0;15282.0;11367.0;2029.0;689.0;191.0;127.0;283.0;342.0;254.0;37.0;5037.0;3484.0;578.0;294.0;29.0;225.0;230.0;66.0;131.0;263.0;667.0;448.0;112.0;29.0;14.0;1.0;21.0;36.0;6.0;435.0;12430.0;9000.0;1621.0;628.0;101.0;351.0;190.0;230.0;309.0;;;;;;;;;;;4.0;1043.0;530.0;141.0;37.0;1.0;41.0;271.0;5.0;17.0;230.0;817.0;530.0;141.0;49.0;11.0;1.0;33.0;42.0;10.0;7.0;2481.0;2087.0;160.0;47.0;19.0;9.0;48.0;65.0;46.0;226.0;1036.0;671.0;176.0;69.0;13.0;5.0;50.0;43.0;9.0;8.0;3455.0;2780.0;228.0;99.0;23.0;216.0;19.0;63.0;27.0;823.0;5952.0;4008.0;945.0;396.0;70.0;21.0;224.0;195.0;93.0;69.0;4609.0;3133.0;539.0;258.0;30.0;266.0;147.0;61.0;175.0;20.0;14268.0;9577.0;1621.0;452.0;127.0;1815.0;216.0;347.0;113.0;4703.0;85836.0;52993.0;9089.0;3417.0;778.0;14669.0;1884.0;1717.0;1289.0;84.0;44084.0;23157.0;3419.0;1283.0;265.0;13896.0;922.0;710.0;432.0;8.0;17800.0;4699.0;691.0;354.0;66.0;11590.0;138.0;164.0;98.0
POZNAŃSKIE;WITKOWSKI;840.0;276.0;232.0;1.0;0.0;36.0;0.0;0.0;7.0;0.0;208.0;149.0;125.0;3.0;0.0;12.0;0.0;0.0;9.0;0.0;188.0;284.0;230.0;14.0;1.0;13.0;0.0;1.0;23.0;2.0;651.0;9510.0;8394.0;427.0;232.0;143.0;22.0;36.0;218.0;38.0;15.0;2044.0;1512.0;176.0;53.0;19.0;4.0;199.0;35.0;46.0;132.0;337.0;278.0;20.0;3.0;14.0;0.0;2.0;17.0;3.0;416.0;11782.0;9969.0;655.0;474.0;142.0;98.0;103.0;214.0;127.0;;;;;;;;;;;13.0;3109.0;2581.0;126.0;33.0;27.0;11.0;237.0;83.0;11.0;95.0;335.0;294.0;11.0;6.0;6.0;0.0;1.0;13.0;4.0;12.0;4221.0;3863.0;187.0;35.0;27.0;12.0;6.0;81.0;10.0;74.0;336.0;284.0;23.0;8.0;6.0;0.0;1.0;13.0;1.0;3.0;1273.0;1198.0;43.0;5.0;6.0;3.0;2.0;13.0;3.0;341.0;2512.0;2181.0;132.0;53.0;33.0;2.0;21.0;79.0;11.0;53.0;3557.0;3052.0;270.0;71.0;26.0;27.0;28.0;55.0;28.0;7.0;4671.0;4213.0;222.0;62.0;19.0;32.0;6.0;86.0;31.0;3052.0;56121.0;40591.0;2606.0;1167.0;557.0;8355.0;1455.0;994.0;396.0;54.0;27043.0;15552.0;1050.0;319.0;126.0;8206.0;1262.0;346.0;182.0;4.0;11725.0;2185.0;296.0;131.0;28.0;8144.0;812.0;48.0;81.0
POZNAŃSKIE;WOLSZTYŃSKI;856.0;282.0;179.0;4.0;0.0;45.0;0.0;0.0;53.0;1.0;580.0;451.0;338.0;28.0;3.0;21.0;2.0;0.0;57.0;2.0;835.0;1255.0;994.0;97.0;13.0;33.0;10.0;1.0;99.0;8.0;1183.0;16684.0;11680.0;2287.0;331.0;198.0;1364.0;61.0;398.0;365.0;7.0;941.0;518.0;80.0;17.0;4.0;153.0;126.0;16.0;27.0;555.0;1397.0;1061.0;172.0;23.0;23.0;21.0;2.0;83.0;12.0;321.0;8406.0;5324.0;1143.0;191.0;91.0;1151.0;47.0;149.0;310.0;;;;;;;;;;;2.0;474.0;388.0;68.0;10.0;2.0;0.0;1.0;4.0;1.0;429.0;1506.0;1105.0;227.0;29.0;20.0;33.0;3.0;69.0;20.0;5.0;1735.0;1256.0;117.0;39.0;5.0;119.0;143.0;13.0;43.0;364.0;1651.0;1217.0;243.0;44.0;21.0;40.0;2.0;62.0;22.0;0.0;0.0;0.0;0.0;0.0;0.0;0.0;0.0;0.0;0.0;1175.0;8464.0;6090.0;1290.0;206.0;105.0;333.0;25.0;290.0;125.0;9.0;594.0;421.0;74.0;24.0;4.0;49.0;2.0;6.0;14.0;9.0;6800.0;3802.0;541.0;191.0;21.0;1275.0;814.0;110.0;46.0;6339.0;70464.0;39840.0;9602.0;1357.0;620.0;14184.0;2216.0;1595.0;1050.0;32.0;29774.0;11431.0;4037.0;493.0;59.0;11181.0;2073.0;329.0;171.0;9.0;19824.0;5467.0;3231.0;236.0;27.0;9634.0;989.0;186.0;54.0
POZNAŃSKIE;WRZESIŃSKI;1099.0;360.0;277.0;3.0;0.0;59.0;0.0;0.0;21.0;0.0;376.0;264.0;220.0;2.0;0.0;21.0;0.0;0.0;20.0;1.0;230.0;343.0;291.0;8.0;2.0;14.0;1.0;0.0;25.0;2.0;658.0;9821.0;8611.0;382.0;234.0;121.0;28.0;16.0;302.0;127.0;18.0;2356.0;2179.0;58.0;29.0;16.0;4.0;3.0;56.0;11.0;122.0;305.0;246.0;14.0;6.0;9.0;1.0;1.0;27.0;1.0;322.0;9018.0;7903.0;282.0;230.0;91.0;57.0;61.0;261.0;133.0;;;;;;;;;;;13.0;3205.0;2919.0;95.0;55.0;18.0;27.0;5.0;77.0;9.0;61.0;216.0;178.0;7.0;4.0;6.0;2.0;1.0;15.0;3.0;17.0;5924.0;5233.0;259.0;84.0;52.0;127.0;32.0;83.0;54.0;60.0;270.0;234.0;10.0;6.0;5.0;0.0;0.0;10.0;5.0;9.0;4148.0;3370.0;295.0;61.0;31.0;297.0;14.0;74.0;6.0;287.0;2174.0;1857.0;94.0;59.0;30.0;11.0;9.0;87.0;27.0;35.0;2406.0;2101.0;68.0;101.0;20.0;10.0;2.0;70.0;34.0;14.0;9320.0;8174.0;319.0;84.0;58.0;476.0;9.0;152.0;48.0;3323.0;56831.0;44580.0;2145.0;1042.0;557.0;6204.0;291.0;1489.0;523.0;73.0;31654.0;22662.0;1275.0;400.0;181.0;6094.0;201.0;651.0;190.0;2.0;6701.0;787.0;249.0;87.0;6.0;5163.0;138.0;209.0;62.0
POZNAŃSKIE;WYRZYSKI;2126.0;623.0;466.0;26.0;1.0;107.0;0.0;1.0;21.0;1.0;482.0;372.0;256.0;53.0;1.0;39.0;0.0;1.0;22.0;0.0;461.0;695.0;421.0;177.0;10.0;37.0;0.0;8.0;38.0;4.0;1155.0;17095.0;12313.0;3016.0;586.0;243.0;46.0;371.0;359.0;161.0;65.0;8894.0;6532.0;1016.0;243.0;97.0;311.0;492.0;90.0;113.0;285.0;722.0;430.0;198.0;14.0;26.0;1.0;15.0;34.0;4.0;611.0;17636.0;13639.0;2207.0;619.0;175.0;156.0;337.0;277.0;226.0;;;;;;;;;;;15.0;3625.0;3035.0;237.0;187.0;22.0;33.0;18.0;47.0;46.0;192.0;685.0;412.0;169.0;20.0;25.0;0.0;26.0;26.0;7.0;17.0;5806.0;4435.0;393.0;69.0;51.0;331.0;416.0;61.0;50.0;193.0;875.0;476.0;260.0;38.0;19.0;1.0;36.0;34.0;11.0;7.0;3270.0;2909.0;147.0;14.0;10.0;85.0;55.0;33.0;17.0;718.0;5256.0;3138.0;1312.0;221.0;75.0;16.0;261.0;164.0;69.0;109.0;7450.0;5736.0;694.0;192.0;157.0;120.0;246.0;141.0;164.0;30.0;21067.0;15352.0;2081.0;571.0;196.0;2114.0;326.0;288.0;139.0;6477.0;115741.0;78613.0;12989.0;2891.0;1407.0;13168.0;3553.0;2093.0;1027.0;145.0;64332.0;41326.0;4877.0;1189.0;504.0;12828.0;2251.0;977.0;380.0;11.0;21670.0;9063.0;1003.0;105.0;128.0;9954.0;944.0;458.0;15.0
POZNAŃSKIE;WĄGROWIECKI;1653.0;530.0;409.0;7.0;1.0;87.0;0.0;0.0;26.0;0.0;354.0;269.0;196.0;13.0;7.0;32.0;0.0;0.0;19.0;2.0;346.0;507.0;387.0;36.0;16.0;32.0;0.0;1.0;32.0;3.0;1227.0;18329.0;15146.0;1297.0;588.0;308.0;158.0;112.0;465.0;255.0;39.0;5358.0;4225.0;335.0;166.0;42.0;288.0;84.0;84.0;134.0;184.0;456.0;352.0;52.0;4.0;21.0;0.0;2.0;22.0;3.0;769.0;21306.0;17169.0;1479.0;922.0;252.0;424.0;225.0;450.0;385.0;;;;;;;;;;;12.0;2931.0;2160.0;190.0;77.0;21.0;206.0;193.0;52.0;32.0;91.0;319.0;243.0;32.0;8.0;12.0;4.0;1.0;15.0;4.0;12.0;4247.0;3103.0;132.0;95.0;25.0;778.0;35.0;38.0;41.0;82.0;374.0;296.0;34.0;12.0;10.0;0.0;2.0;16.0;4.0;13.0;5765.0;4487.0;281.0;182.0;60.0;441.0;92.0;113.0;109.0;455.0;3451.0;2816.0;251.0;105.0;83.0;12.0;25.0;122.0;37.0;88.0;6191.0;4822.0;388.0;271.0;45.0;331.0;103.0;85.0;146.0;24.0;15888.0;11324.0;1083.0;414.0;76.0;1378.0;959.0;429.0;225.0;5357.0;101252.0;73405.0;6401.0;3221.0;1139.0;11173.0;2387.0;2049.0;1477.0;108.0;49520.0;31569.0;2812.0;1287.0;257.0;10244.0;1916.0;797.0;638.0;8.0;15331.0;6270.0;791.0;353.0;33.0;7153.0;553.0;81.0;97.0
POZNAŃSKIE;ŚMIGIELSKI;1292.0;414.0;324.0;1.0;0.0;60.0;0.0;0.0;28.0;1.0;301.0;241.0;181.0;16.0;9.0;11.0;0.0;1.0;23.0;0.0;435.0;660.0;507.0;75.0;13.0;19.0;0.0;1.0;42.0;3.0;859.0;12012.0;9470.0;1537.0;348.0;138.0;103.0;38.0;271.0;107.0;8.0;1135.0;924.0;85.0;9.0;5.0;96.0;3.0;9.0;4.0;316.0;801.0;619.0;93.0;30.0;15.0;1.0;2.0;37.0;4.0;140.0;3585.0;2763.0;454.0;115.0;43.0;76.0;10.0;65.0;59.0;;;;;;;;;;;6.0;1705.0;944.0;135.0;18.0;10.0;420.0;126.0;30.0;22.0;251.0;890.0;691.0;117.0;30.0;10.0;3.0;2.0;32.0;5.0;7.0;2447.0;1903.0;279.0;44.0;13.0;92.0;4.0;80.0;32.0;222.0;1014.0;771.0;128.0;52.0;13.0;4.0;6.0;31.0;9.0;3.0;1256.0;845.0;116.0;54.0;7.0;206.0;2.0;14.0;12.0;693.0;5089.0;4063.0;573.0;179.0;53.0;27.0;20.0;128.0;46.0;11.0;692.0;437.0;48.0;27.0;4.0;82.0;80.0;7.0;7.0;21.0;14873.0;7875.0;2452.0;204.0;119.0;3427.0;415.0;360.0;21.0;4569.0;55074.0;35770.0;8350.0;1460.0;540.0;6472.0;727.0;1295.0;460.0;49.0;29676.0;15944.0;5308.0;657.0;174.0;6176.0;567.0;631.0;219.0;4.0;8260.0;3453.0;2241.0;328.0;20.0;1935.0;17.0;138.0;128.0
POZNAŃSKIE;ŚREDZKI;1317.0;404.0;259.0;3.0;0.0;118.0;0.0;0.0;23.0;1.0;213.0;164.0;116.0;10.0;1.0;17.0;0.0;0.0;19.0;1.0;308.0;461.0;350.0;36.0;9.0;22.0;2.0;3.0;35.0;4.0;816.0;12235.0;10247.0;632.0;615.0;185.0;72.0;73.0;245.0;166.0;23.0;2987.0;2561.0;177.0;66.0;19.0;107.0;4.0;40.0;13.0;178.0;454.0;349.0;38.0;12.0;17.0;2.0;2.0;28.0;6.0;424.0;11393.0;9563.0;574.0;439.0;162.0;149.0;55.0;256.0;195.0;;;;;;;;;;;16.0;3957.0;3614.0;183.0;14.0;25.0;26.0;16.0;68.0;11.0;104.0;366.0;275.0;33.0;15.0;14.0;1.0;1.0;19.0;8.0;24.0;8464.0;7239.0;445.0;264.0;51.0;183.0;25.0;162.0;95.0;86.0;393.0;297.0;33.0;22.0;7.0;3.0;2.0;18.0;11.0;13.0;5762.0;4749.0;297.0;176.0;33.0;375.0;13.0;109.0;10.0;362.0;2700.0;2154.0;176.0;147.0;42.0;15.0;8.0;106.0;52.0;24.0;1644.0;1351.0;139.0;55.0;21.0;14.0;7.0;42.0;15.0;25.0;17475.0;12251.0;1108.0;563.0;93.0;2659.0;327.0;211.0;263.0;3938.0;78637.0;60476.0;4448.0;2504.0;892.0;7153.0;603.0;1707.0;854.0;106.0;48423.0;35515.0;2774.0;1189.0;287.0;6895.0;452.0;916.0;395.0;5.0;9778.0;5101.0;564.0;106.0;66.0;3545.0;67.0;326.0;3.0
POZNAŃSKIE;ŚREMSKI;2187.0;665.0;374.0;20.0;1.0;204.0;0.0;0.0;56.0;10.0;427.0;333.0;235.0;11.0;1.0;50.0;0.0;0.0;34.0;2.0;464.0;691.0;535.0;50.0;9.0;35.0;1.0;1.0;54.0;6.0;825.0;12071.0;9711.0;804.0;532.0;272.0;255.0;72.0;171.0;254.0;12.0;1676.0;1372.0;95.0;27.0;9.0;47.0;54.0;38.0;34.0;266.0;669.0;540.0;50.0;11.0;18.0;4.0;2.0;37.0;7.0;569.0;16388.0;12190.0;1010.0;1284.0;245.0;852.0;211.0;217.0;379.0;;;;;;;;;;;18.0;4468.0;3502.0;250.0;125.0;51.0;162.0;285.0;72.0;21.0;171.0;604.0;475.0;47.0;22.0;14.0;5.0;5.0;25.0;11.0;17.0;5814.0;4614.0;442.0;265.0;24.0;164.0;176.0;87.0;42.0;137.0;624.0;528.0;44.0;16.0;10.0;2.0;1.0;20.0;3.0;11.0;4972.0;3621.0;407.0;257.0;41.0;477.0;58.0;52.0;59.0;561.0;4166.0;3383.0;285.0;136.0;50.0;55.0;30.0;105.0;122.0;41.0;2675.0;1845.0;218.0;173.0;18.0;190.0;91.0;37.0;103.0;20.0;13737.0;8775.0;902.0;679.0;62.0;2708.0;223.0;206.0;182.0;5736.0;89657.0;58508.0;5804.0;3884.0;1150.0;16315.0;1317.0;1403.0;1276.0;88.0;50771.0;28692.0;3265.0;1699.0;234.0;14951.0;904.0;647.0;379.0;10.0;20104.0;6808.0;1169.0;346.0;47.0;11393.0;108.0;192.0;41.0
POZNAŃSKIE;ŻNIŃSKI;714.0;224.0;177.0;4.0;0.0;33.0;0.0;0.0;10.0;0.0;209.0;164.0;120.0;8.0;1.0;20.0;0.0;1.0;14.0;0.0;225.0;348.0;271.0;25.0;1.0;18.0;1.0;2.0;29.0;1.0;941.0;13983.0;12039.0;875.0;276.0;241.0;29.0;89.0;352.0;82.0;35.0;4594.0;3406.0;210.0;107.0;34.0;195.0;545.0;58.0;39.0;137.0;345.0;282.0;24.0;4.0;9.0;0.0;3.0;21.0;2.0;549.0;16661.0;13922.0;1092.0;586.0;211.0;102.0;244.0;333.0;171.0;;;;;;;;;;;13.0;3137.0;2245.0;217.0;42.0;24.0;40.0;528.0;36.0;5.0;119.0;408.0;341.0;24.0;8.0;9.0;0.0;1.0;21.0;4.0;14.0;4824.0;3749.0;209.0;72.0;37.0;45.0;604.0;88.0;20.0;71.0;317.0;251.0;27.0;10.0;6.0;1.0;4.0;16.0;2.0;6.0;2579.0;1860.0;137.0;20.0;8.0;1.0;495.0;39.0;19.0;303.0;2302.0;1938.0;146.0;44.0;38.0;6.0;27.0;88.0;15.0;110.0;7300.0;6108.0;507.0;168.0;68.0;61.0;114.0;113.0;161.0;8.0;5660.0;4616.0;394.0;60.0;42.0;319.0;129.0;62.0;38.0;3457.0;71376.0;53652.0;4089.0;1399.0;815.0;5885.0;3583.0;1342.0;611.0;79.0;29324.0;18203.0;1357.0;301.0;162.0;5685.0;3098.0;345.0;173.0;3.0;8530.0;2327.0;190.0;0.0;17.0;5085.0;797.0;62.0;52.0
STANISŁAWOWSKIE;BOHORODCZAŃSKI;2066.0;681.0;378.0;40.0;3.0;70.0;15.0;1.0;170.0;4.0;2636.0;2092.0;1273.0;360.0;22.0;90.0;94.0;3.0;238.0;12.0;3719.0;5649.0;3310.0;1308.0;114.0;173.0;364.0;2.0;348.0;30.0;116.0;1494.0;781.0;301.0;92.0;24.0;265.0;0.0;16.0;15.0;3.0;366.0;193.0;102.0;32.0;4.0;27.0;0.0;6.0;2.0;1707.0;4338.0;2445.0;1117.0;133.0;93.0;361.0;1.0;168.0;20.0;41.0;1261.0;557.0;306.0;169.0;15.0;117.0;3.0;23.0;71.0;4.0;1748.0;209.0;20.0;51.0;5.0;1459.0;0.0;3.0;1.0;;;;;;;;;;;740.0;2593.0;1434.0;586.0;98.0;67.0;315.0;0.0;82.0;11.0;;;;;;;;;;;460.0;2066.0;1133.0;501.0;91.0;46.0;228.0;0.0;53.0;14.0;;;;;;;;;;;531.0;3605.0;1850.0;811.0;234.0;79.0;545.0;0.0;61.0;25.0;17.0;1130.0;430.0;285.0;138.0;18.0;231.0;0.0;6.0;22.0;;;;;;;;;;;12047.0;59365.0;15494.0;6204.0;1406.0;701.0;33281.0;135.0;1202.0;942.0;14.0;34456.0;1903.0;589.0;312.0;26.0;30746.0;125.0;37.0;718.0;7.0;32342.0;1501.0;467.0;229.0;17.0;29260.0;125.0;28.0;715.0
STANISŁAWOWSKIE;DOLIŃSKI;3406.0;966.0;497.0;79.0;3.0;136.0;3.0;2.0;240.0;6.0;4205.0;3284.0;1949.0;781.0;18.0;126.0;45.0;3.0;347.0;15.0;5187.0;7815.0;4187.0;2627.0;108.0;236.0;141.0;3.0;475.0;38.0;151.0;1951.0;810.0;600.0;212.0;43.0;179.0;6.0;48.0;53.0;3.0;449.0;180.0;99.0;64.0;5.0;37.0;0.0;18.0;46.0;1996.0;5096.0;2555.0;1833.0;141.0;133.0;152.0;4.0;232.0;46.0;62.0;1806.0;606.0;722.0;194.0;32.0;96.0;29.0;56.0;71.0;7.0;2040.0;457.0;90.0;166.0;18.0;851.0;288.0;24.0;146.0;;;;;;;;;;;936.0;3249.0;1517.0;1183.0;139.0;78.0;163.0;10.0;125.0;34.0;;;;;;;;;;;549.0;2463.0;1132.0;909.0;117.0;69.0;107.0;1.0;88.0;40.0;;;;;;;;;;;702.0;4774.0;2138.0;1670.0;349.0;113.0;248.0;21.0;126.0;109.0;11.0;772.0;233.0;269.0;146.0;18.0;66.0;0.0;7.0;33.0;;;;;;;;;;;17229.0;152113.0;17094.0;13006.0;5134.0;1064.0;111072.0;401.0;2118.0;2224.0;24.0;119937.0;1470.0;2333.0;3707.0;80.0;109872.0;322.0;374.0;1779.0;14.0;117448.0;833.0;2144.0;3477.0;57.0;108984.0;34.0;332.0;1587.0
STANISŁAWOWSKIE;HORODEŃSKI;2618.0;760.0;325.0;1.0;1.0;241.0;1.0;1.0;189.0;1.0;2791.0;2181.0;1713.0;12.0;4.0;244.0;3.0;2.0;199.0;4.0;5051.0;7843.0;6748.0;82.0;31.0;524.0;18.0;6.0;410.0;24.0;196.0;2541.0;2083.0;85.0;40.0;56.0;219.0;11.0;26.0;21.0;13.0;1935.0;1503.0;82.0;99.0;24.0;164.0;7.0;22.0;34.0;2387.0;5998.0;5265.0;89.0;38.0;325.0;25.0;6.0;208.0;42.0;53.0;1509.0;1183.0;56.0;62.0;23.0;162.0;3.0;11.0;9.0;44.0;20305.0;14143.0;736.0;809.0;225.0;3596.0;74.0;207.0;515.0;;;;;;;;;;;1496.0;5198.0;4663.0;83.0;41.0;213.0;27.0;8.0;134.0;29.0;;;;;;;;;;;824.0;3690.0;3341.0;73.0;29.0;126.0;17.0;6.0;72.0;26.0;;;;;;;;;;;910.0;6145.0;5434.0;142.0;78.0;164.0;159.0;17.0;88.0;63.0;29.0;2008.0;1650.0;33.0;74.0;24.0;119.0;0.0;12.0;96.0;;;;;;;;;;;16415.0;64074.0;50561.0;1564.0;1414.0;2233.0;5609.0;160.0;1604.0;929.0;60.0;26201.0;18156.0;908.0;1016.0;293.0;4859.0;100.0;255.0;614.0;3.0;3961.0;2510.0;90.0;108.0;44.0;1099.0;19.0;26.0;65.0
STANISŁAWOWSKIE;KAŁUSKI;3079.0;950.0;442.0;31.0;3.0;211.0;7.0;2.0;251.0;3.0;3071.0;2402.0;1486.0;318.0;41.0;229.0;54.0;1.0;254.0;19.0;4651.0;7078.0;4311.0;1360.0;206.0;421.0;310.0;2.0;428.0;40.0;262.0;3468.0;1776.0;712.0;304.0;82.0;467.0;2.0;55.0;70.0;4.0;560.0;241.0;79.0;188.0;7.0;30.0;1.0;3.0;11.0;2423.0;6170.0;3588.0;1307.0;266.0;265.0;438.0;2.0;239.0;65.0;44.0;1321.0;519.0;306.0;223.0;31.0;161.0;2.0;15.0;64.0;13.0;5497.0;2080.0;270.0;721.0;54.0;2191.0;75.0;30.0;76.0;;;;;;;;;;;1190.0;4175.0;2352.0;939.0;230.0;163.0;311.0;1.0;128.0;51.0;;;;;;;;;;;735.0;3314.0;1879.0;727.0;185.0;115.0;275.0;0.0;85.0;48.0;;;;;;;;;;;1100.0;7564.0;4150.0;1441.0;672.0;229.0;747.0;4.0;163.0;158.0;18.0;1218.0;540.0;321.0;167.0;25.0;119.0;1.0;12.0;33.0;;;;;;;;;;;16598.0;78787.0;24356.0;8219.0;4669.0;1873.0;36249.0;100.0;1734.0;1587.0;25.0;41127.0;3313.0;757.0;2372.0;102.0;33360.0;83.0;104.0;1036.0;8.0;35070.0;992.0;408.0;1463.0;41.0;31139.0;7.0;71.0;949.0
STANISŁAWOWSKIE;KOSOWSKI (KOSÓW HUCULSKI);4101.0;1182.0;496.0;136.0;35.0;188.0;9.0;2.0;298.0;18.0;2889.0;2244.0;1022.0;598.0;176.0;119.0;41.0;1.0;234.0;53.0;3627.0;5459.0;1831.0;2021.0;770.0;157.0;169.0;4.0;299.0;208.0;491.0;6670.0;436.0;2489.0;2834.0;42.0;398.0;1.0;46.0;424.0;17.0;2386.0;236.0;304.0;1708.0;2.0;72.0;0.0;3.0;61.0;1830.0;4658.0;1203.0;1889.0;908.0;89.0;163.0;6.0;170.0;230.0;227.0;6639.0;436.0;1980.0;3179.0;41.0;475.0;3.0;41.0;292.0;24.0;7745.0;296.0;411.0;4662.0;7.0;2044.0;22.0;56.0;247.0;;;;;;;;;;;846.0;2956.0;587.0;1188.0;750.0;34.0;127.0;4.0;82.0;184.0;;;;;;;;;;;604.0;2720.0;459.0;1143.0;737.0;31.0;113.0;3.0;55.0;179.0;;;;;;;;;;;1108.0;7706.0;894.0;3125.0;2599.0;78.0;383.0;4.0;108.0;515.0;44.0;3025.0;119.0;571.0;1675.0;9.0;351.0;0.0;8.0;484.0;;;;;;;;;;;15815.0;112993.0;8223.0;16155.0;22103.0;810.0;60847.0;50.0;1410.0;3395.0;48.0;69734.0;740.0;1015.0;8440.0;22.0;58618.0;22.0;69.0;808.0;7.0;59603.0;208.0;300.0;2070.0;13.0;56502.0;0.0;10.0;500.0
STANISŁAWOWSKIE;KOŁOMYJSKI;4552.0;1357.0;696.0;27.0;5.0;279.0;5.0;2.0;337.0;6.0;3926.0;3054.0;2173.0;177.0;37.0;293.0;60.0;2.0;297.0;15.0;5297.0;7961.0;5721.0;772.0;184.0;468.0;326.0;4.0;447.0;39.0;155.0;2078.0;1340.0;229.0;139.0;48.0;249.0;0.0;42.0;31.0;15.0;2110.0;1265.0;227.0;167.0;11.0;376.0;12.0;24.0;28.0;2403.0;6020.0;4165.0;691.0;199.0;285.0;421.0;4.0;213.0;42.0;51.0;1573.0;1047.0;217.0;95.0;28.0;129.0;5.0;17.0;35.0;37.0;14567.0;9003.0;822.0;455.0;168.0;3843.0;34.0;97.0;145.0;;;;;;;;;;;1025.0;3596.0;2388.0;431.0;150.0;135.0;367.0;1.0;93.0;31.0;;;;;;;;;;;562.0;2503.0;1680.0;299.0;143.0;78.0;211.0;1.0;55.0;36.0;;;;;;;;;;;690.0;4567.0;2962.0;502.0;314.0;126.0;541.0;2.0;88.0;32.0;21.0;1496.0;1074.0;136.0;91.0;18.0;103.0;6.0;17.0;51.0;;;;;;;;;;;18736.0;55268.0;34074.0;4871.0;2396.0;1951.0;9626.0;73.0;1740.0;537.0;54.0;21063.0;10828.0;1390.0;1039.0;193.0;7214.0;46.0;134.0;219.0;2.0;4386.0;560.0;341.0;417.0;14.0;2995.0;0.0;13.0;46.0
STANISŁAWOWSKIE;NADWÓRNIAŃSKI;4120.0;1197.0;597.0;174.0;17.0;90.0;19.0;1.0;295.0;4.0;3297.0;2551.0;1229.0;765.0;70.0;79.0;136.0;1.0;261.0;10.0;3948.0;5908.0;2677.0;1920.0;282.0;147.0;525.0;4.0;319.0;34.0;204.0;2700.0;677.0;799.0;731.0;29.0;307.0;2.0;34.0;121.0;9.0;1217.0;195.0;199.0;446.0;9.0;339.0;1.0;6.0;22.0;1748.0;4435.0;1943.0;1389.0;290.0;84.0;525.0;3.0;145.0;56.0;80.0;2416.0;459.0;687.0;779.0;40.0;286.0;5.0;19.0;141.0;11.0;3697.0;922.0;441.0;1109.0;30.0;1142.0;2.0;38.0;13.0;;;;;;;;;;;805.0;2834.0;1275.0;767.0;232.0;53.0;385.0;3.0;78.0;41.0;;;;;;;;;;;485.0;2196.0;930.0;629.0;255.0;35.0;241.0;1.0;63.0;42.0;;;;;;;;;;;782.0;5395.0;2088.0;1477.0;944.0;74.0;534.0;4.0;110.0;164.0;22.0;1498.0;337.0;251.0;392.0;9.0;398.0;0.0;7.0;104.0;;;;;;;;;;;15523.0;141670.0;13918.0;10098.0;9089.0;716.0;103045.0;36.0;1411.0;3357.0;32.0;110540.0;1706.0;1240.0;5097.0;76.0;99689.0;12.0;80.0;2640.0;12.0;105626.0;589.0;600.0;3542.0;37.0;98208.0;9.0;36.0;2605.0
STANISŁAWOWSKIE;PECZENIŻYŃSKI;2348.0;741.0;400.0;93.0;9.0;18.0;1.0;1.0;210.0;9.0;2199.0;1749.0;827.0;599.0;50.0;14.0;12.0;1.0;212.0;34.0;2590.0;3943.0;1551.0;1717.0;198.0;37.0;63.0;1.0;257.0;119.0;65.0;832.0;120.0;344.0;241.0;7.0;42.0;0.0;7.0;71.0;2.0;298.0;22.0;113.0;108.0;1.0;4.0;0.0;1.0;49.0;1061.0;2700.0;891.0;1306.0;199.0;19.0;72.0;3.0;104.0;106.0;16.0;488.0;64.0;180.0;180.0;1.0;17.0;0.0;2.0;44.0;0.0;0.0;0.0;0.0;0.0;0.0;0.0;0.0;0.0;0.0;;;;;;;;;;;462.0;1602.0;464.0;758.0;175.0;10.0;68.0;0.0;46.0;81.0;;;;;;;;;;;269.0;1206.0;333.0;567.0;148.0;14.0;56.0;0.0;28.0;60.0;;;;;;;;;;;322.0;2129.0;476.0;1007.0;373.0;12.0;99.0;0.0;34.0;128.0;5.0;303.0;16.0;105.0;163.0;0.0;13.0;0.0;1.0;5.0;;;;;;;;;;;9342.0;29061.0;5196.0;6976.0;2518.0;141.0;12590.0;6.0;904.0;730.0;5.0;13368.0;54.0;300.0;782.0;9.0;12147.0;0.0;3.0;73.0;3.0;13070.0;32.0;187.0;674.0;8.0;12143.0;0.0;2.0;24.0
STANISŁAWOWSKIE;ROHATYŃSKI;3436.0;1096.0;550.0;18.0;1.0;256.0;5.0;2.0;262.0;2.0;3883.0;3024.0;2248.0;135.0;9.0;301.0;26.0;1.0;299.0;5.0;6067.0;9151.0;7188.0;717.0;85.0;510.0;139.0;2.0;490.0;20.0;194.0;2525.0;1679.0;424.0;107.0;46.0;221.0;3.0;31.0;14.0;27.0;4052.0;2584.0;481.0;140.0;38.0;519.0;177.0;19.0;94.0;2766.0;6941.0;5233.0;829.0;109.0;286.0;226.0;2.0;230.0;26.0;75.0;2444.0;1489.0;388.0;137.0;48.0;305.0;0.0;19.0;58.0;50.0;22255.0;10585.0;3153.0;1377.0;178.0;6261.0;330.0;126.0;245.0;;;;;;;;;;;1234.0;4315.0;3131.0;563.0;127.0;147.0;211.0;0.0;116.0;20.0;;;;;;;;;;;691.0;3090.0;2240.0;390.0;98.0;92.0;182.0;1.0;73.0;14.0;;;;;;;;;;;978.0;6530.0;4448.0;967.0;287.0;159.0;486.0;6.0;120.0;57.0;21.0;1523.0;837.0;222.0;162.0;25.0;140.0;58.0;11.0;68.0;;;;;;;;;;;19430.0;77688.0;43874.0;9547.0;3152.0;2101.0;15876.0;606.0;1851.0;681.0;85.0;37049.0;14831.0;4894.0;2030.0;231.0;13935.0;531.0;200.0;397.0;8.0;10742.0;1662.0;1260.0;513.0;15.0;7155.0;24.0;55.0;58.0
STANISŁAWOWSKIE;SKOLSKI;967.0;258.0;126.0;28.0;3.0;38.0;0.0;0.0;61.0;2.0;732.0;574.0;289.0;154.0;30.0;26.0;1.0;0.0;61.0;13.0;1530.0;2385.0;1099.0;770.0;239.0;51.0;9.0;0.0;137.0;80.0;416.0;5505.0;1728.0;1580.0;1336.0;41.0;314.0;0.0;64.0;442.0;5.0;562.0;301.0;95.0;79.0;1.0;57.0;0.0;0.0;29.0;1175.0;3044.0;1278.0;1109.0;338.0;44.0;26.0;0.0;111.0;138.0;108.0;2953.0;712.0;927.0;761.0;30.0;235.0;0.0;22.0;266.0;4.0;1811.0;118.0;203.0;122.0;1.0;1109.0;0.0;3.0;255.0;;;;;;;;;;;937.0;3279.0;1296.0;1139.0;457.0;39.0;43.0;0.0;96.0;209.0;;;;;;;;;;;833.0;3757.0;1418.0;1217.0;649.0;56.0;81.0;1.0;90.0;245.0;;;;;;;;;;;1459.0;10073.0;3548.0;3261.0;1950.0;114.0;303.0;1.0;185.0;711.0;20.0;1387.0;353.0;312.0;286.0;11.0;292.0;0.0;9.0;124.0;;;;;;;;;;;8192.0;86858.0;13285.0;12728.0;7544.0;473.0;49298.0;69.0;885.0;2576.0;15.0;53643.0;1438.0;2231.0;1495.0;23.0;47994.0;67.0;49.0;346.0;6.0;51270.0;1019.0;1933.0;1294.0;21.0;46828.0;67.0;46.0;62.0
STANISŁAWOWSKIE;STANISŁAWOWSKI;4177.0;1102.0;566.0;16.0;5.0;234.0;18.0;1.0;253.0;9.0;3355.0;2590.0;1939.0;138.0;26.0;136.0;104.0;1.0;230.0;16.0;4903.0;7398.0;5513.0;606.0;119.0;233.0;503.0;6.0;373.0;45.0;149.0;1983.0;1288.0;180.0;79.0;35.0;314.0;4.0;37.0;46.0;10.0;1655.0;768.0;403.0;181.0;13.0;249.0;6.0;12.0;23.0;2311.0;5852.0;4084.0;699.0;130.0;145.0;541.0;2.0;205.0;46.0;59.0;1749.0;1012.0;328.0;91.0;30.0;162.0;1.0;18.0;107.0;31.0;14122.0;5502.0;1171.0;711.0;175.0;6243.0;116.0;72.0;132.0;;;;;;;;;;;948.0;3336.0;2291.0;410.0;64.0;83.0;374.0;2.0;94.0;18.0;;;;;;;;;;;552.0;2477.0;1691.0;284.0;68.0;58.0;291.0;4.0;59.0;22.0;;;;;;;;;;;667.0;4438.0;2976.0;523.0;141.0;99.0;571.0;6.0;85.0;37.0;24.0;1605.0;965.0;228.0;92.0;47.0;159.0;0.0;32.0;82.0;;;;;;;;;;;17189.0;52950.0;29463.0;5199.0;2066.0;1304.0;12672.0;149.0;1484.0;613.0;44.0;20420.0;7138.0;1787.0;1251.0;204.0;9635.0;122.0;98.0;185.0;3.0;4643.0;868.0;213.0;359.0;16.0;3143.0;0.0;14.0;30.0
STANISŁAWOWSKIE;STRYJSKI;1870.0;480.0;283.0;15.0;2.0;92.0;1.0;0.0;84.0;3.0;1712.0;1315.0;982.0;139.0;4.0;72.0;3.0;1.0;107.0;7.0;2289.0;3471.0;2484.0;633.0;23.0;130.0;19.0;2.0;163.0;17.0;125.0;1663.0;904.0;453.0;90.0;48.0;89.0;2.0;23.0;54.0;12.0;1720.0;710.0;432.0;183.0;21.0;324.0;5.0;15.0;30.0;1063.0;2692.0;1756.0;672.0;30.0;69.0;56.0;0.0;88.0;21.0;35.0;1031.0;508.0;287.0;99.0;18.0;65.0;0.0;19.0;35.0;26.0;12942.0;3824.0;1989.0;1511.0;97.0;5181.0;65.0;71.0;204.0;;;;;;;;;;;457.0;1612.0;1009.0;426.0;28.0;35.0;57.0;0.0;38.0;19.0;;;;;;;;;;;283.0;1268.0;758.0;320.0;55.0;26.0;59.0;2.0;32.0;16.0;;;;;;;;;;;459.0;3199.0;1897.0;832.0;158.0;66.0;139.0;4.0;63.0;40.0;19.0;1217.0;565.0;332.0;142.0;14.0;69.0;0.0;18.0;77.0;;;;;;;;;;;8356.0;39583.0;16785.0;7252.0;3038.0;737.0;10231.0;177.0;756.0;607.0;44.0;21635.0;5639.0;3143.0;2407.0;167.0;9674.0;166.0;121.0;318.0;6.0;6973.0;1105.0;722.0;713.0;49.0;4169.0;96.0;35.0;84.0
STANISŁAWOWSKIE;TURCZAŃSKI;465.0;144.0;87.0;4.0;2.0;20.0;0.0;0.0;31.0;0.0;861.0;646.0;492.0;37.0;39.0;17.0;1.0;0.0;55.0;5.0;2590.0;4009.0;2952.0;370.0;399.0;46.0;21.0;2.0;179.0;40.0;478.0;6169.0;3538.0;674.0;1354.0;87.0;221.0;4.0;76.0;215.0;26.0;3571.0;1231.0;590.0;1177.0;6.0;415.0;0.0;13.0;139.0;2346.0;6028.0;4197.0;553.0;901.0;74.0;37.0;4.0;181.0;81.0;121.0;3456.0;1810.0;383.0;751.0;27.0;354.0;1.0;33.0;97.0;17.0;7149.0;1200.0;637.0;687.0;6.0;4543.0;0.0;8.0;68.0;;;;;;;;;;;1624.0;5769.0;3895.0;505.0;988.0;60.0;68.0;2.0;123.0;128.0;;;;;;;;;;;1313.0;5916.0;3867.0;538.0;1130.0;63.0;73.0;1.0;117.0;127.0;;;;;;;;;;;2276.0;15587.0;9842.0;1449.0;3160.0;160.0;334.0;6.0;203.0;433.0;35.0;2376.0;1028.0;393.0;605.0;8.0;185.0;0.0;11.0;146.0;;;;;;;;;;;12163.0;90074.0;34550.0;6680.0;11965.0;576.0;33323.0;150.0;1050.0;1780.0;54.0;39974.0;2842.0;1774.0;2636.0;14.0;32029.0;130.0;41.0;508.0;11.0;29254.0;411.0;547.0;772.0;2.0;27071.0;130.0;20.0;301.0
STANISŁAWOWSKIE;TŁUMACKI;3915.0;1181.0;617.0;16.0;4.0;261.0;11.0;1.0;264.0;7.0;4205.0;3267.0;2382.0;79.0;14.0;382.0;69.0;2.0;322.0;17.0;6145.0;9270.0;7215.0;415.0;81.0;616.0;368.0;7.0;515.0;53.0;176.0;2323.0;1570.0;224.0;164.0;50.0;234.0;3.0;41.0;37.0;12.0;1737.0;986.0;103.0;236.0;25.0;316.0;1.0;30.0;40.0;2755.0;6935.0;5169.0;475.0;130.0;359.0;482.0;7.0;261.0;52.0;75.0;2217.0;1304.0;347.0;174.0;64.0;252.0;6.0;25.0;45.0;39.0;18653.0;7538.0;1446.0;1124.0;125.0;8014.0;88.0;88.0;230.0;;;;;;;;;;;1090.0;3838.0;2793.0;296.0;96.0;177.0;322.0;5.0;114.0;35.0;;;;;;;;;;;686.0;3058.0;2184.0;265.0;102.0;118.0;277.0;1.0;84.0;27.0;;;;;;;;;;;864.0;5795.0;4104.0;507.0;236.0;171.0;592.0;5.0;123.0;57.0;23.0;1514.0;961.0;171.0;133.0;17.0;161.0;0.0;15.0;56.0;;;;;;;;;;;19990.0;65960.0;38884.0;4692.0;2810.0;2388.0;14281.0;202.0;1917.0;786.0;56.0;26562.0;10585.0;1897.0;1676.0;173.0;11513.0;165.0;153.0;400.0;5.0;6172.0;2061.0;348.0;316.0;23.0;3183.0;76.0;35.0;130.0
STANISŁAWOWSKIE;ŚNIATYŃSKI;3832.0;1214.0;662.0;10.0;2.0;187.0;4.0;1.0;338.0;10.0;3791.0;2992.0;2367.0;52.0;20.0;175.0;21.0;3.0;335.0;19.0;4943.0;7449.0;6270.0;203.0;60.0;306.0;79.0;5.0;461.0;65.0;104.0;1372.0;1117.0;97.0;56.0;36.0;25.0;1.0;20.0;20.0;4.0;685.0;581.0;36.0;13.0;12.0;18.0;2.0;7.0;16.0;2080.0;5223.0;4386.0;231.0;94.0;166.0;81.0;2.0;202.0;61.0;43.0;1289.0;980.0;127.0;38.0;22.0;48.0;3.0;16.0;55.0;23.0;10763.0;6667.0;896.0;747.0;108.0;1994.0;16.0;81.0;254.0;;;;;;;;;;;795.0;2777.0;2337.0;155.0;47.0;77.0;51.0;2.0;76.0;32.0;;;;;;;;;;;460.0;2053.0;1740.0;106.0;34.0;55.0;39.0;5.0;50.0;24.0;;;;;;;;;;;523.0;3460.0;2934.0;186.0;77.0;86.0;60.0;4.0;61.0;52.0;12.0;813.0;549.0;90.0;89.0;9.0;29.0;0.0;10.0;37.0;;;;;;;;;;;16610.0;40090.0;30590.0;2189.0;1277.0;1239.0;2449.0;44.0;1657.0;645.0;27.0;11448.0;7248.0;932.0;760.0;120.0;2012.0;18.0;88.0;270.0;0.0;0.0;0.0;0.0;0.0;0.0;0.0;0.0;0.0;0.0
STANISŁAWOWSKIE;ŻYDACZOWSKI;2383.0;730.0;398.0;21.0;2.0;122.0;1.0;1.0;180.0;5.0;2575.0;2003.0;1415.0;199.0;15.0;140.0;4.0;1.0;218.0;11.0;3970.0;6057.0;4261.0;991.0;92.0;253.0;28.0;2.0;365.0;65.0;206.0;2782.0;1837.0;518.0;131.0;53.0;146.0;2.0;37.0;58.0;5.0;773.0;425.0;200.0;119.0;8.0;6.0;1.0;10.0;4.0;1943.0;4928.0;3342.0;1021.0;102.0;149.0;54.0;1.0;197.0;62.0;73.0;2265.0;1217.0;635.0;134.0;53.0;131.0;1.0;34.0;60.0;36.0;20164.0;5548.0;3507.0;3905.0;129.0;6475.0;201.0;92.0;307.0;;;;;;;;;;;860.0;3019.0;1972.0;669.0;99.0;75.0;60.0;4.0;91.0;49.0;;;;;;;;;;;585.0;2612.0;1705.0;581.0;90.0;66.0;58.0;1.0;72.0;39.0;;;;;;;;;;;706.0;4729.0;2953.0;1015.0;237.0;95.0;216.0;3.0;94.0;116.0;13.0;830.0;449.0;187.0;133.0;15.0;11.0;1.0;11.0;23.0;;;;;;;;;;;13363.0;66198.0;27176.0;10286.0;6689.0;1231.0;18080.0;290.0;1434.0;1012.0;49.0;36243.0;7627.0;4449.0;5654.0;210.0;17371.0;273.0;135.0;524.0;8.0;15306.0;1654.0;742.0;1630.0;73.0;10890.0;71.0;33.0;213.0
TARNOPOLSKIE;BORSZCZOWSKI;2474.0;792.0;321.0;1.0;0.0;245.0;1.0;1.0;221.0;2.0;3039.0;2421.0;1810.0;5.0;1.0;316.0;2.0;1.0;278.0;8.0;6182.0;9554.0;8156.0;13.0;4.0;727.0;9.0;4.0;621.0;20.0;157.0;2053.0;1846.0;13.0;27.0;72.0;40.0;7.0;25.0;23.0;11.0;1768.0;1628.0;15.0;53.0;7.0;24.0;4.0;14.0;23.0;3116.0;7815.0;6908.0;24.0;5.0;502.0;23.0;3.0;331.0;19.0;53.0;1734.0;1509.0;27.0;42.0;58.0;44.0;4.0;13.0;37.0;53.0;26321.0;19843.0;661.0;675.0;206.0;4323.0;67.0;167.0;379.0;;;;;;;;;;;1793.0;6209.0;5647.0;18.0;4.0;295.0;28.0;1.0;192.0;24.0;;;;;;;;;;;930.0;4148.0;3804.0;10.0;1.0;189.0;22.0;0.0;112.0;10.0;;;;;;;;;;;875.0;5667.0;5178.0;28.0;16.0;239.0;66.0;4.0;112.0;24.0;15.0;1018.0;870.0;30.0;10.0;16.0;64.0;1.0;13.0;14.0;;;;;;;;;;;18706.0;83400.0;62779.0;987.0;1057.0;2932.0;12644.0;101.0;2171.0;729.0;72.0;41989.0;26730.0;818.0;947.0;273.0;12345.0;75.0;253.0;548.0;8.0;13900.0;5259.0;142.0;219.0;60.0;7998.0;4.0;72.0;146.0
TARNOPOLSKIE;BRODZKI;1326.0;403.0;158.0;8.0;1.0;124.0;1.0;1.0;108.0;2.0;1566.0;1233.0;878.0;65.0;3.0;148.0;3.0;1.0;127.0;8.0;3170.0;4940.0;3806.0;471.0;15.0;318.0;4.0;7.0;293.0;26.0;222.0;2936.0;2403.0;355.0;37.0;39.0;43.0;0.0;32.0;27.0;5.0;658.0;447.0;92.0;2.0;5.0;96.0;0.0;2.0;14.0;2367.0;6007.0;4633.0;742.0;23.0;297.0;20.0;10.0;231.0;51.0;56.0;1818.0;1304.0;310.0;49.0;51.0;61.0;0.0;14.0;29.0;23.0;10787.0;4467.0;1178.0;225.0;145.0;4459.0;129.0;88.0;96.0;;;;;;;;;;;1381.0;4858.0;3742.0;686.0;19.0;189.0;27.0;4.0;137.0;54.0;;;;;;;;;;;850.0;3804.0;2915.0;570.0;22.0;131.0;22.0;9.0;90.0;45.0;;;;;;;;;;;1259.0;8439.0;6436.0;1366.0;64.0;216.0;119.0;9.0;158.0;71.0;11.0;801.0;542.0;211.0;11.0;15.0;2.0;0.0;3.0;17.0;;;;;;;;;;;12247.0;72814.0;35395.0;7474.0;745.0;1742.0;24860.0;821.0;1321.0;456.0;39.0;37575.0;8578.0;2690.0;501.0;214.0;24558.0;780.0;128.0;126.0;11.0;26130.0;3664.0;1420.0;274.0;64.0;20003.0;651.0;38.0;16.0
TARNOPOLSKIE;BRZEŻAŃSKI;2230.0;661.0;270.0;4.0;2.0;221.0;1.0;1.0;160.0;2.0;2206.0;1699.0;1269.0;36.0;7.0;236.0;3.0;1.0;143.0;4.0;4323.0;6694.0;5618.0;209.0;43.0;453.0;32.0;1.0;295.0;43.0;248.0;3257.0;2866.0;126.0;44.0;77.0;51.0;0.0;36.0;57.0;18.0;2556.0;2046.0;277.0;90.0;45.0;56.0;2.0;16.0;24.0;2540.0;6420.0;5435.0;254.0;71.0;334.0;49.0;1.0;191.0;85.0;66.0;1980.0;1567.0;118.0;130.0;33.0;61.0;1.0;20.0;50.0;51.0;21196.0;14669.0;2216.0;421.0;102.0;3041.0;339.0;84.0;324.0;;;;;;;;;;;1451.0;5086.0;4376.0;200.0;41.0;234.0;56.0;1.0;121.0;57.0;;;;;;;;;;;957.0;4291.0;3731.0;161.0;35.0;173.0;48.0;0.0;88.0;55.0;;;;;;;;;;;1203.0;8050.0;7074.0;326.0;92.0;246.0;96.0;0.0;123.0;93.0;22.0;1566.0;1234.0;137.0;65.0;28.0;41.0;0.0;9.0;52.0;;;;;;;;;;;15327.0;83227.0;53386.0;4241.0;1076.0;2208.0;19794.0;348.0;1300.0;874.0;81.0;43523.0;19946.0;2670.0;546.0;173.0;19356.0;342.0;114.0;376.0;12.0;19771.0;3231.0;177.0;35.0;26.0;16259.0;1.0;14.0;28.0
TARNOPOLSKIE;BUCZACKI;3284.0;1003.0;466.0;5.0;1.0;283.0;4.0;1.0;242.0;1.0;3348.0;2640.0;1969.0;24.0;4.0;328.0;32.0;1.0;267.0;15.0;5615.0;8530.0;7004.0;165.0;22.0;617.0;175.0;2.0;504.0;41.0;779.0;10139.0;8859.0;300.0;137.0;224.0;382.0;26.0;80.0;131.0;12.0;1849.0;1207.0;59.0;51.0;10.0;495.0;0.0;10.0;17.0;2938.0;7439.0;6178.0;235.0;36.0;401.0;252.0;2.0;276.0;59.0;101.0;2866.0;2230.0;163.0;63.0;58.0;249.0;9.0;18.0;76.0;39.0;21806.0;11605.0;797.0;505.0;191.0;8205.0;74.0;100.0;329.0;;;;;;;;;;;1548.0;5403.0;4604.0;164.0;23.0;229.0;188.0;1.0;148.0;46.0;;;;;;;;;;;1015.0;4576.0;3886.0;173.0;30.0;176.0;158.0;1.0;97.0;55.0;;;;;;;;;;;3010.0;22121.0;17998.0;903.0;562.0;863.0;635.0;60.0;292.0;808.0;25.0;1828.0;1257.0;186.0;72.0;17.0;269.0;0.0;15.0;12.0;;;;;;;;;;;21727.0;110202.0;77146.0;3984.0;1961.0;3690.0;19086.0;306.0;2138.0;1891.0;64.0;43657.0;22695.0;1666.0;1011.0;494.0;16742.0;203.0;199.0;647.0;13.0;20002.0;9883.0;810.0;455.0;293.0;8042.0;129.0;89.0;301.0
TARNOPOLSKIE;CZORTKOWSKI;2007.0;622.0;270.0;1.0;1.0;184.0;1.0;1.0;161.0;3.0;2111.0;1658.0;1268.0;3.0;1.0;201.0;3.0;1.0;178.0;3.0;3766.0;5792.0;4978.0;11.0;4.0;432.0;6.0;3.0;346.0;12.0;131.0;1719.0;1523.0;33.0;13.0;58.0;50.0;1.0;29.0;12.0;9.0;1280.0;940.0;85.0;14.0;3.0;220.0;4.0;13.0;1.0;1666.0;4197.0;3760.0;8.0;7.0;234.0;20.0;1.0;159.0;8.0;41.0;1183.0;1057.0;35.0;25.0;23.0;12.0;0.0;12.0;19.0;33.0;16738.0;11891.0;418.0;370.0;136.0;3409.0;58.0;145.0;311.0;;;;;;;;;;;1056.0;3660.0;3341.0;25.0;3.0;159.0;28.0;1.0;97.0;6.0;;;;;;;;;;;594.0;2672.0;2440.0;15.0;2.0;113.0;32.0;2.0;65.0;3.0;;;;;;;;;;;620.0;4117.0;3737.0;60.0;19.0;133.0;71.0;4.0;77.0;16.0;21.0;1411.0;1233.0;67.0;32.0;12.0;44.0;0.0;7.0;16.0;;;;;;;;;;;12062.0;54411.0;40758.0;1026.0;645.0;1762.0;8284.0;107.0;1345.0;484.0;49.0;27380.0;17151.0;768.0;538.0;213.0;8017.0;93.0;214.0;386.0;7.0;9362.0;4320.0;265.0;154.0;74.0;4388.0;31.0;56.0;74.0
TARNOPOLSKIE;HUSIATYŃSKI;1843.0;591.0;289.0;2.0;0.0;164.0;1.0;1.0;133.0;1.0;2525.0;1993.0;1591.0;6.0;1.0;197.0;2.0;0.0;195.0;1.0;4752.0;7336.0;6407.0;31.0;4.0;462.0;6.0;1.0;419.0;6.0;344.0;4260.0;3931.0;86.0;31.0;82.0;80.0;1.0;46.0;3.0;7.0;1127.0;1005.0;46.0;13.0;8.0;29.0;7.0;5.0;14.0;2501.0;6303.0;5715.0;38.0;5.0;297.0;5.0;1.0;236.0;6.0;42.0;1188.0;1008.0;40.0;39.0;18.0;45.0;0.0;10.0;28.0;41.0;22766.0;17139.0;1266.0;484.0;172.0;2752.0;330.0;199.0;424.0;;;;;;;;;;;1498.0;5194.0;4784.0;38.0;4.0;202.0;13.0;0.0;148.0;5.0;;;;;;;;;;;838.0;3782.0;3513.0;43.0;6.0;119.0;10.0;0.0;87.0;4.0;;;;;;;;;;;1846.0;13504.0;12812.0;123.0;25.0;282.0;51.0;2.0;196.0;13.0;23.0;1659.0;1380.0;49.0;90.0;24.0;61.0;0.0;12.0;43.0;;;;;;;;;;;16271.0;85644.0;66797.0;2293.0;975.0;2129.0;10516.0;456.0;1824.0;654.0;59.0;39834.0;25367.0;1837.0;770.0;282.0;10242.0;450.0;342.0;544.0;11.0;15941.0;7223.0;525.0;273.0;102.0;7461.0;113.0;138.0;106.0
TARNOPOLSKIE;KAMIONECKI;1802.0;546.0;245.0;15.0;1.0;145.0;1.0;1.0;137.0;1.0;1682.0;1340.0;898.0;161.0;2.0;129.0;2.0;1.0;144.0;3.0;3266.0;5049.0;3455.0;929.0;18.0;277.0;26.0;8.0;309.0;27.0;201.0;2660.0;1792.0;508.0;94.0;47.0;161.0;7.0;35.0;16.0;6.0;886.0;678.0;70.0;50.0;13.0;65.0;2.0;5.0;3.0;1901.0;4817.0;3242.0;1100.0;17.0;180.0;52.0;4.0;190.0;32.0;41.0;1166.0;680.0;259.0;45.0;16.0;121.0;0.0;8.0;37.0;28.0;13707.0;5568.0;2466.0;274.0;91.0;4931.0;99.0;103.0;175.0;;;;;;;;;;;1172.0;4081.0;2660.0;1022.0;44.0;132.0;65.0;4.0;125.0;29.0;;;;;;;;;;;687.0;3099.0;2010.0;771.0;30.0;95.0;102.0;3.0;73.0;15.0;;;;;;;;;;;990.0;6619.0;4215.0;1658.0;150.0;164.0;239.0;16.0;117.0;60.0;18.0;1180.0;522.0;503.0;33.0;9.0;72.0;0.0;6.0;35.0;;;;;;;;;;;11804.0;68002.0;28987.0;11569.0;922.0;1345.0;23113.0;209.0;1271.0;586.0;44.0;37445.0;9268.0;4643.0;488.0;151.0;22272.0;165.0;127.0;331.0;10.0;22852.0;3022.0;2107.0;164.0;47.0;17276.0;64.0;19.0;153.0
TARNOPOLSKIE;PODHAJECKI;1893.0;593.0;254.0;2.0;0.0;184.0;5.0;1.0;144.0;3.0;2329.0;1856.0;1374.0;19.0;1.0;238.0;22.0;1.0;199.0;2.0;4251.0;6577.0;5374.0;135.0;23.0;477.0;170.0;2.0;390.0;6.0;552.0;7111.0;6180.0;311.0;126.0;133.0;228.0;4.0;89.0;40.0;14.0;2017.0;1513.0;99.0;90.0;17.0;287.0;4.0;4.0;3.0;2542.0;6460.0;5406.0;162.0;43.0;356.0;233.0;2.0;246.0;12.0;121.0;3331.0;2873.0;179.0;90.0;56.0;104.0;7.0;19.0;3.0;35.0;16658.0;9873.0;740.0;511.0;145.0;4565.0;408.0;112.0;304.0;;;;;;;;;;;1430.0;5005.0;4214.0;145.0;34.0;226.0;233.0;1.0;144.0;8.0;;;;;;;;;;;880.0;3947.0;3372.0;126.0;40.0;163.0;141.0;1.0;97.0;7.0;;;;;;;;;;;1731.0;12024.0;10358.0;434.0;109.0;353.0;531.0;4.0;211.0;24.0;35.0;2430.0;1878.0;206.0;122.0;15.0;113.0;67.0;9.0;20.0;;;;;;;;;;;15825.0;83054.0;60903.0;3424.0;1611.0;2429.0;11509.0;955.0;1718.0;505.0;61.0;33720.0;19620.0;1705.0;1023.0;228.0;9729.0;865.0;170.0;380.0;12.0;15045.0;8234.0;866.0;422.0;66.0;4877.0;453.0;54.0;73.0
TARNOPOLSKIE;PRZEMYŚLAŃSKI;2069.0;649.0;281.0;7.0;3.0;185.0;2.0;1.0;166.0;4.0;2035.0;1608.0;1165.0;56.0;6.0;190.0;6.0;1.0;181.0;3.0;3689.0;5696.0;4426.0;400.0;37.0;377.0;88.0;2.0;346.0;20.0;255.0;3322.0;2434.0;373.0;196.0;74.0;167.0;2.0;43.0;33.0;13.0;1947.0;1393.0;168.0;143.0;23.0;199.0;0.0;12.0;9.0;2185.0;5502.0;4222.0;558.0;71.0;276.0;132.0;2.0;214.0;27.0;98.0;3067.0;2022.0;330.0;243.0;59.0;332.0;6.0;30.0;45.0;45.0;19105.0;8016.0;1844.0;741.0;147.0;8071.0;19.0;140.0;127.0;;;;;;;;;;;1380.0;4807.0;3623.0;582.0;91.0;191.0;152.0;4.0;140.0;24.0;;;;;;;;;;;787.0;3524.0;2692.0;427.0;66.0;121.0;113.0;1.0;85.0;19.0;;;;;;;;;;;1245.0;8461.0;6302.0;1028.0;328.0;232.0;322.0;3.0;152.0;94.0;29.0;2131.0;1405.0;130.0;102.0;27.0;426.0;6.0;23.0;12.0;;;;;;;;;;;13834.0;68990.0;38545.0;6053.0;2190.0;1921.0;18262.0;56.0;1540.0;423.0;62.0;30223.0;9973.0;2162.0;1047.0;189.0;16522.0;28.0;160.0;142.0;4.0;9171.0;564.0;150.0;163.0;19.0;8252.0;9.0;8.0;6.0
TARNOPOLSKIE;RADZIECHOWSKI;1373.0;417.0;156.0;16.0;1.0;131.0;0.0;1.0;111.0;1.0;1261.0;1007.0;636.0;134.0;3.0;112.0;1.0;3.0;114.0;4.0;2477.0;3848.0;2477.0;863.0;16.0;221.0;8.0;14.0;231.0;18.0;457.0;5973.0;4569.0;869.0;93.0;119.0;119.0;67.0;67.0;70.0;11.0;1496.0;782.0;222.0;39.0;21.0;319.0;21.0;44.0;48.0;1560.0;3993.0;2537.0;1047.0;12.0;169.0;15.0;21.0;159.0;33.0;90.0;2610.0;1922.0;301.0;84.0;36.0;134.0;16.0;22.0;95.0;24.0;11847.0;6753.0;1554.0;336.0;91.0;2647.0;173.0;69.0;224.0;;;;;;;;;;;1285.0;4475.0;2849.0;1216.0;26.0;154.0;34.0;33.0;130.0;33.0;;;;;;;;;;;828.0;3734.0;2475.0;936.0;22.0;118.0;32.0;35.0;86.0;30.0;;;;;;;;;;;1616.0;10923.0;7713.0;2222.0;101.0;304.0;174.0;110.0;178.0;121.0;26.0;1975.0;1088.0;264.0;92.0;16.0;426.0;6.0;14.0;69.0;;;;;;;;;;;11024.0;81936.0;39653.0;11829.0;1294.0;1529.0;24713.0;616.0;1338.0;964.0;51.0;42981.0;13231.0;3961.0;844.0;149.0;23770.0;310.0;226.0;490.0;16.0;29638.0;5696.0;2185.0;469.0;37.0;20804.0;116.0;113.0;218.0
TARNOPOLSKIE;SKAŁACKI;1540.0;464.0;236.0;3.0;0.0;116.0;1.0;0.0;107.0;1.0;1852.0;1423.0;1210.0;5.0;0.0;95.0;0.0;0.0;112.0;1.0;3635.0;5631.0;5046.0;26.0;2.0;260.0;10.0;1.0;283.0;3.0;266.0;3475.0;3105.0;78.0;17.0;55.0;134.0;1.0;37.0;48.0;11.0;1593.0;979.0;34.0;3.0;14.0;242.0;298.0;21.0;2.0;2381.0;6048.0;5551.0;59.0;7.0;189.0;36.0;1.0;196.0;9.0;65.0;1990.0;1743.0;98.0;21.0;33.0;38.0;16.0;22.0;19.0;33.0;16287.0;11052.0;868.0;141.0;147.0;3623.0;111.0;91.0;254.0;;;;;;;;;;;1728.0;6060.0;5633.0;43.0;1.0;172.0;47.0;1.0;157.0;6.0;;;;;;;;;;;1114.0;4995.0;4619.0;43.0;4.0;123.0;78.0;0.0;115.0;13.0;;;;;;;;;;;1579.0;10672.0;9870.0;170.0;12.0;208.0;193.0;1.0;187.0;31.0;22.0;1594.0;1401.0;128.0;7.0;20.0;29.0;0.0;7.0;2.0;;;;;;;;;;;14234.0;69643.0;55919.0;1790.0;571.0;1527.0;7545.0;464.0;1414.0;413.0;52.0;27291.0;17505.0;1137.0;500.0;256.0;6979.0;443.0;191.0;280.0;8.0;9411.0;5474.0;235.0;356.0;95.0;3114.0;34.0;79.0;24.0
TARNOPOLSKIE;TARNOPOLSKI;2325.0;695.0;329.0;1.0;1.0;193.0;3.0;0.0;164.0;4.0;2195.0;1698.0;1361.0;7.0;2.0;156.0;4.0;2.0;154.0;12.0;4005.0;6162.0;5404.0;44.0;4.0;310.0;33.0;3.0;326.0;38.0;718.0;8709.0;8095.0;141.0;65.0;116.0;88.0;9.0;83.0;112.0;18.0;2699.0;2077.0;280.0;7.0;23.0;232.0;27.0;16.0;37.0;2433.0;6144.0;5581.0;45.0;8.0;217.0;45.0;3.0;199.0;46.0;110.0;3348.0;2954.0;116.0;93.0;38.0;62.0;0.0;25.0;60.0;62.0;30338.0;22744.0;1878.0;636.0;284.0;4019.0;374.0;178.0;225.0;;;;;;;;;;;1674.0;5807.0;5344.0;50.0;5.0;180.0;36.0;0.0;151.0;41.0;;;;;;;;;;;1092.0;4903.0;4535.0;52.0;8.0;119.0;38.0;3.0;108.0;40.0;;;;;;;;;;;3863.0;28610.0;27328.0;244.0;25.0;404.0;131.0;6.0;331.0;141.0;35.0;2416.0;2227.0;60.0;13.0;13.0;54.0;2.0;12.0;35.0;;;;;;;;;;;18535.0;109031.0;92369.0;3132.0;991.0;2095.0;7347.0;509.0;1785.0;803.0;85.0;40539.0;29211.0;2372.0;767.0;349.0;6853.0;481.0;232.0;274.0;5.0;7502.0;4390.0;214.0;124.0;42.0;2602.0;80.0;38.0;12.0
TARNOPOLSKIE;TREMBOWELSKI;1883.0;601.0;226.0;1.0;1.0;202.0;1.0;1.0;166.0;3.0;1831.0;1446.0;1068.0;4.0;0.0;206.0;1.0;1.0;162.0;4.0;3949.0;6120.0;5214.0;45.0;3.0;470.0;4.0;7.0;365.0;12.0;143.0;1797.0;1565.0;107.0;35.0;40.0;5.0;5.0;20.0;20.0;10.0;1481.0;1171.0;74.0;26.0;15.0;123.0;23.0;15.0;34.0;2239.0;5608.0;4979.0;43.0;8.0;321.0;5.0;6.0;224.0;22.0;29.0;855.0;604.0;95.0;23.0;14.0;28.0;9.0;9.0;73.0;35.0;16981.0;12393.0;1054.0;539.0;128.0;2299.0;97.0;157.0;314.0;;;;;;;;;;;1494.0;5191.0;4722.0;47.0;9.0;233.0;10.0;5.0;143.0;22.0;;;;;;;;;;;864.0;3876.0;3576.0;42.0;7.0;137.0;7.0;10.0;83.0;14.0;;;;;;;;;;;967.0;6429.0;5901.0;128.0;33.0;182.0;14.0;14.0;103.0;54.0;13.0;925.0;661.0;36.0;25.0;6.0;5.0;9.0;3.0;180.0;;;;;;;;;;;13461.0;57454.0;43644.0;1906.0;747.0;1973.0;6786.0;187.0;1459.0;752.0;49.0;24606.0;15128.0;1358.0;603.0;162.0;6706.0;120.0;181.0;348.0;4.0;6144.0;1564.0;230.0;38.0;19.0;4284.0;0.0;9.0;0.0
TARNOPOLSKIE;ZALESZCZYCKI;2195.0;653.0;338.0;0.0;1.0;191.0;1.0;1.0;119.0;2.0;2818.0;2209.0;1754.0;4.0;0.0;283.0;2.0;1.0;158.0;7.0;4756.0;7233.0;6248.0;10.0;4.0;602.0;13.0;2.0;327.0;27.0;72.0;954.0;865.0;6.0;1.0;36.0;25.0;0.0;12.0;9.0;9.0;1379.0;1157.0;59.0;5.0;15.0;111.0;4.0;14.0;14.0;1809.0;4501.0;4014.0;8.0;7.0;295.0;24.0;1.0;131.0;21.0;32.0;982.0;852.0;23.0;20.0;7.0;64.0;0.0;3.0;13.0;44.0;23622.0;16390.0;249.0;651.0;160.0;5522.0;50.0;131.0;469.0;;;;;;;;;;;787.0;2732.0;2487.0;10.0;6.0;133.0;21.0;1.0;60.0;14.0;;;;;;;;;;;353.0;1580.0;1430.0;7.0;5.0;80.0;14.0;0.0;30.0;14.0;;;;;;;;;;;366.0;2488.0;2285.0;20.0;7.0;91.0;27.0;0.0;35.0;23.0;12.0;835.0;743.0;7.0;6.0;3.0;62.0;0.0;2.0;12.0;;;;;;;;;;;13258.0;55764.0;41960.0;430.0;1121.0;1908.0;8412.0;66.0;1055.0;812.0;58.0;31597.0;20944.0;335.0;1064.0;187.0;8159.0;60.0;178.0;670.0;5.0;6596.0;3397.0;27.0;408.0;12.0;2526.0;6.0;33.0;187.0
TARNOPOLSKIE;ZBARASKI;1220.0;315.0;134.0;1.0;0.0;101.0;2.0;1.0;75.0;1.0;1075.0;845.0;675.0;7.0;0.0;80.0;6.0;0.0;74.0;3.0;2493.0;3921.0;3455.0;36.0;2.0;196.0;42.0;1.0;187.0;2.0;342.0;4444.0;3942.0;184.0;18.0;72.0;154.0;24.0;43.0;7.0;11.0;1689.0;1148.0;196.0;32.0;19.0;247.0;2.0;19.0;26.0;1863.0;4758.0;4253.0;87.0;4.0;179.0;89.0;0.0;144.0;2.0;60.0;1761.0;1572.0;63.0;22.0;27.0;35.0;6.0;19.0;17.0;34.0;14523.0;11618.0;750.0;120.0;180.0;1393.0;213.0;159.0;90.0;;;;;;;;;;;1494.0;5238.0;4724.0;104.0;7.0;161.0;114.0;2.0;123.0;3.0;;;;;;;;;;;1067.0;4780.0;4340.0;98.0;6.0;128.0;112.0;2.0;87.0;7.0;;;;;;;;;;;1649.0;11186.0;10053.0;298.0;33.0;253.0;379.0;5.0;151.0;14.0;19.0;1325.0;1020.0;105.0;4.0;21.0;93.0;67.0;7.0;8.0;;;;;;;;;;;11328.0;56387.0;47719.0;1943.0;250.0;1423.0;3449.0;323.0;1095.0;185.0;46.0;17814.0;13551.0;960.0;154.0;205.0;2423.0;215.0;185.0;121.0;1.0;1602.0;785.0;14.0;2.0;6.0;783.0;0.0;7.0;5.0
TARNOPOLSKIE;ZBOROWSKI;1255.0;381.0;147.0;4.0;1.0;137.0;0.0;0.0;91.0;1.0;1462.0;1138.0;841.0;20.0;1.0;153.0;7.0;0.0;114.0;2.0;3239.0;5049.0;4159.0;143.0;7.0;377.0;38.0;3.0;300.0;22.0;480.0;6169.0;5232.0;343.0;86.0;127.0;205.0;1.0;79.0;96.0;11.0;1595.0;1262.0;154.0;6.0;18.0;142.0;0.0;8.0;5.0;2436.0;6190.0;5118.0;294.0;28.0;356.0;104.0;2.0;241.0;47.0;110.0;3245.0;2559.0;264.0;94.0;48.0;120.0;14.0;28.0;118.0;27.0;12639.0;7547.0;1037.0;357.0;108.0;3164.0;297.0;52.0;77.0;;;;;;;;;;;1776.0;6265.0;5265.0;306.0;27.0;288.0;132.0;3.0;187.0;57.0;;;;;;;;;;;1236.0;5545.0;4689.0;263.0;37.0;209.0;140.0;0.0;138.0;69.0;;;;;;;;;;;2103.0;14586.0;12481.0;727.0;94.0;438.0;379.0;12.0;237.0;218.0;29.0;2100.0;1622.0;215.0;28.0;29.0;137.0;30.0;16.0;23.0;;;;;;;;;;;14171.0;76710.0;56449.0;4524.0;1018.0;2327.0;9437.0;669.0;1530.0;756.0;45.0;26042.0;14336.0;1945.0;615.0;165.0;8175.0;604.0;99.0;103.0;7.0;11808.0;5527.0;754.0;252.0;39.0;4869.0;307.0;39.0;21.0
TARNOPOLSKIE;ZŁOCZOWSKI;2578.0;796.0;410.0;18.0;2.0;188.0;1.0;0.0;175.0;2.0;3278.0;2567.0;1818.0;237.0;5.0;255.0;6.0;1.0;239.0;6.0;5463.0;8368.0;6084.0;1158.0;37.0;516.0;85.0;2.0;465.0;21.0;218.0;2920.0;2044.0;441.0;90.0;66.0;176.0;4.0;41.0;58.0;15.0;2268.0;1200.0;374.0;96.0;13.0;534.0;0.0;17.0;34.0;2790.0;7034.0;4923.0;1243.0;61.0;372.0;145.0;1.0;258.0;31.0;68.0;2050.0;1238.0;329.0;113.0;34.0;262.0;8.0;21.0;45.0;37.0;18460.0;10031.0;2249.0;1168.0;164.0;4541.0;60.0;101.0;146.0;;;;;;;;;;;1325.0;4631.0;3183.0;875.0;64.0;209.0;149.0;2.0;130.0;19.0;;;;;;;;;;;846.0;3784.0;2632.0;711.0;49.0;150.0;123.0;1.0;97.0;21.0;;;;;;;;;;;1045.0;7028.0;4877.0;1282.0;152.0;221.0;324.0;1.0;114.0;57.0;27.0;1864.0;1062.0;389.0;161.0;25.0;167.0;1.0;8.0;51.0;;;;;;;;;;;17699.0;78932.0;41352.0;10607.0;2536.0;2304.0;19695.0;89.0;1690.0;659.0;61.0;37890.0;13081.0;3924.0;1802.0;268.0;18257.0;68.0;142.0;348.0;9.0;17162.0;1850.0;1301.0;538.0;91.0;13182.0;8.0;24.0;168.0
WARSZAWSKIE;BŁOŃSKI;1344.0;414.0;271.0;4.0;1.0;77.0;4.0;1.0;53.0;3.0;865.0;595.0;456.0;17.0;5.0;61.0;10.0;0.0;40.0;6.0;899.0;1333.0;978.0;111.0;43.0;68.0;21.0;2.0;90.0;20.0;1505.0;19906.0;13789.0;1985.0;1528.0;245.0;413.0;77.0;755.0;1114.0;48.0;7628.0;5640.0;658.0;465.0;159.0;284.0;48.0;199.0;175.0;813.0;2071.0;1487.0;243.0;115.0;47.0;13.0;2.0;115.0;49.0;188.0;5069.0;3407.0;433.0;347.0;134.0;215.0;69.0;146.0;318.0;62.0;20696.0;14557.0;1673.0;861.0;356.0;2152.0;299.0;565.0;233.0;;;;;;;;;;;1086.0;3872.0;2701.0;402.0;286.0;69.0;36.0;10.0;234.0;134.0;;;;;;;;;;;917.0;4156.0;2891.0;476.0;317.0;41.0;34.0;7.0;225.0;165.0;;;;;;;;;;;3374.0;24121.0;16747.0;2562.0;1900.0;278.0;348.0;51.0;1117.0;1118.0;32.0;2065.0;1397.0;166.0;103.0;107.0;105.0;58.0;54.0;75.0;;;;;;;;;;;11138.0;100423.0;65949.0;8933.0;6083.0;1672.0;10016.0;659.0;3671.0;3440.0;115.0;36821.0;21825.0;2534.0;1438.0;545.0;8817.0;382.0;842.0;438.0;5.0;8497.0;1628.0;203.0;112.0;30.0;6381.0;35.0;78.0;30.0
WARSZAWSKIE;CIECHANOWSKI;1008.0;358.0;303.0;2.0;0.0;32.0;0.0;0.0;20.0;1.0;557.0;369.0;322.0;6.0;6.0;17.0;0.0;0.0;15.0;3.0;404.0;605.0;439.0;44.0;43.0;19.0;7.0;2.0;35.0;16.0;1852.0;25701.0;17430.0;1263.0;3253.0;147.0;673.0;123.0;883.0;1929.0;53.0;7490.0;5513.0;458.0;562.0;87.0;229.0;40.0;166.0;435.0;440.0;1128.0;805.0;64.0;133.0;14.0;18.0;3.0;53.0;38.0;747.0;21146.0;14969.0;1003.0;2538.0;138.0;412.0;138.0;547.0;1401.0;81.0;28984.0;20279.0;1980.0;2341.0;319.0;2263.0;185.0;726.0;891.0;;;;;;;;;;;520.0;1852.0;1247.0;108.0;226.0;27.0;50.0;6.0;75.0;113.0;;;;;;;;;;;434.0;1968.0;1273.0;99.0;296.0;12.0;61.0;3.0;69.0;155.0;;;;;;;;;;;1768.0;13104.0;8482.0;756.0;1817.0;72.0;324.0;59.0;467.0;1127.0;94.0;6099.0;4231.0;374.0;591.0;49.0;248.0;34.0;125.0;447.0;;;;;;;;;;;7959.0;112578.0;75357.0;6189.0;11806.0;938.0;7900.0;594.0;3230.0;6564.0;135.0;40248.0;25856.0;2470.0;2903.0;411.0;6107.0;226.0;941.0;1334.0;1.0;3774.0;64.0;32.0;0.0;5.0;3615.0;1.0;49.0;8.0
WARSZAWSKIE;GOSTYNIŃSKI;989.0;316.0;246.0;4.0;0.0;33.0;0.0;0.0;30.0;3.0;1032.0;696.0;598.0;14.0;4.0;41.0;0.0;1.0;31.0;7.0;687.0;1038.0;753.0;55.0;74.0;29.0;4.0;3.0;65.0;55.0;1950.0;25974.0;17890.0;1248.0;2257.0;341.0;396.0;336.0;1011.0;2495.0;15.0;2331.0;1371.0;323.0;115.0;24.0;142.0;172.0;38.0;146.0;627.0;1591.0;1192.0;72.0;89.0;27.0;3.0;8.0;80.0;120.0;236.0;6177.0;3818.0;464.0;589.0;94.0;279.0;179.0;191.0;563.0;42.0;19604.0;12158.0;1820.0;758.0;237.0;3132.0;497.0;481.0;521.0;;;;;;;;;;;908.0;3219.0;2244.0;178.0;257.0;49.0;9.0;21.0;186.0;275.0;;;;;;;;;;;714.0;3214.0;2174.0;144.0;278.0;44.0;12.0;23.0;153.0;386.0;;;;;;;;;;;3322.0;24075.0;16894.0;973.0;1977.0;284.0;191.0;215.0;1100.0;2441.0;21.0;1288.0;632.0;65.0;116.0;14.0;125.0;71.0;57.0;208.0;;;;;;;;;;;10552.0;114902.0;63430.0;6431.0;6808.0;1275.0;22917.0;2410.0;3641.0;7990.0;66.0;47314.0;16989.0;3214.0;1167.0;319.0;21898.0;1553.0;737.0;1437.0;9.0;25379.0;3460.0;1071.0;294.0;58.0;18624.0;884.0;218.0;770.0
WARSZAWSKIE;GRÓJECKI;1179.0;409.0;362.0;3.0;1.0;26.0;1.0;0.0;15.0;1.0;834.0;596.0;474.0;18.0;18.0;49.0;4.0;1.0;27.0;5.0;1009.0;1538.0;1126.0;82.0;129.0;51.0;16.0;2.0;86.0;46.0;2618.0;34934.0;26117.0;1565.0;2248.0;525.0;629.0;93.0;885.0;2872.0;42.0;6442.0;4614.0;258.0;390.0;199.0;616.0;91.0;153.0;121.0;974.0;2499.0;1821.0;178.0;168.0;67.0;34.0;4.0;104.0;123.0;448.0;11816.0;8858.0;545.0;628.0;272.0;264.0;79.0;278.0;892.0;104.0;49625.0;28872.0;2729.0;2421.0;730.0;12437.0;689.0;1033.0;714.0;;;;;;;;;;;1102.0;4002.0;2929.0;350.0;261.0;85.0;51.0;11.0;164.0;151.0;;;;;;;;;;;1102.0;4947.0;3547.0;324.0;372.0;70.0;66.0;13.0;208.0;347.0;;;;;;;;;;;4835.0;34737.0;25424.0;1945.0;2289.0;465.0;559.0;93.0;1184.0;2778.0;41.0;2901.0;1822.0;233.0;106.0;155.0;306.0;31.0;62.0;186.0;;;;;;;;;;;14288.0;154446.0;105966.0;8230.0;9031.0;2694.0;14983.0;1107.0;4199.0;8236.0;146.0;56067.0;33486.0;2987.0;2811.0;929.0;13053.0;780.0;1186.0;835.0;0.0;0.0;0.0;0.0;0.0;0.0;0.0;0.0;0.0;0.0
WARSZAWSKIE;KUTNOWSKI;2023.0;578.0;467.0;3.0;0.0;85.0;0.0;0.0;22.0;1.0;1692.0;1112.0;1008.0;11.0;4.0;63.0;1.0;0.0;24.0;1.0;736.0;1120.0;918.0;47.0;31.0;35.0;0.0;2.0;81.0;6.0;1242.0;16145.0;13395.0;786.0;569.0;197.0;30.0;103.0;683.0;382.0;32.0;4854.0;4148.0;156.0;115.0;118.0;104.0;21.0;149.0;43.0;547.0;1371.0;1146.0;40.0;45.0;32.0;1.0;3.0;91.0;13.0;140.0;3792.0;2983.0;267.0;178.0;54.0;7.0;34.0;180.0;89.0;84.0;36194.0;27787.0;1825.0;1351.0;531.0;3026.0;198.0;975.0;501.0;;;;;;;;;;;885.0;3121.0;2604.0;91.0;119.0;43.0;1.0;14.0;206.0;43.0;;;;;;;;;;;418.0;1908.0;1579.0;78.0;70.0;29.0;0.0;10.0;110.0;32.0;;;;;;;;;;;2173.0;15335.0;12658.0;707.0;547.0;177.0;26.0;89.0;777.0;354.0;15.0;982.0;770.0;80.0;41.0;14.0;0.0;8.0;41.0;28.0;;;;;;;;;;;9989.0;88655.0;71106.0;4140.0;3086.0;1397.0;3521.0;525.0;3353.0;1527.0;118.0;43191.0;33578.0;2030.0;1482.0;668.0;3455.0;262.0;1138.0;578.0;2.0;2143.0;1643.0;49.0;16.0;19.0;325.0;43.0;14.0;34.0
WARSZAWSKIE;LIPNOWSKI;1225.0;362.0;289.0;2.0;0.0;38.0;0.0;1.0;30.0;2.0;953.0;669.0;578.0;15.0;0.0;31.0;1.0;1.0;36.0;7.0;940.0;1443.0;1108.0;97.0;21.0;55.0;7.0;8.0;94.0;53.0;2047.0;28516.0;18554.0;2224.0;2568.0;306.0;929.0;454.0;835.0;2646.0;41.0;5850.0;3841.0;299.0;268.0;60.0;509.0;279.0;101.0;493.0;779.0;1984.0;1491.0;152.0;52.0;38.0;29.0;12.0;98.0;112.0;704.0;19841.0;11495.0;1534.0;2022.0;214.0;1311.0;347.0;457.0;2461.0;86.0;35285.0;23532.0;2098.0;2120.0;379.0;3636.0;1392.0;741.0;1387.0;;;;;;;;;;;901.0;3178.0;2313.0;230.0;130.0;58.0;44.0;32.0;146.0;225.0;;;;;;;;;;;681.0;3089.0;2209.0;254.0;156.0;47.0;40.0;33.0;115.0;235.0;;;;;;;;;;;2643.0;18853.0;12766.0;1540.0;1365.0;217.0;410.0;292.0;630.0;1633.0;75.0;4860.0;2836.0;290.0;378.0;56.0;472.0;263.0;102.0;463.0;;;;;;;;;;;11084.0;147371.0;83916.0;9406.0;9223.0;1566.0;25460.0;3600.0;3559.0;10641.0;136.0;64576.0;30277.0;3068.0;2531.0;506.0;22217.0;2157.0;1016.0;2804.0;9.0;23441.0;2904.0;671.0;143.0;67.0;18072.0;486.0;174.0;924.0
WARSZAWSKIE;MAKOWSKI (MAKÓW MAZOWIECKI);351.0;128.0;99.0;1.0;0.0;19.0;0.0;0.0;8.0;1.0;270.0;195.0;150.0;10.0;3.0;9.0;1.0;0.0;19.0;3.0;416.0;625.0;429.0;54.0;39.0;8.0;17.0;1.0;45.0;32.0;2200.0;30360.0;16621.0;2769.0;3993.0;102.0;1984.0;87.0;808.0;3996.0;12.0;1636.0;833.0;147.0;110.0;14.0;372.0;34.0;28.0;98.0;395.0;1008.0;632.0;97.0;87.0;6.0;37.0;2.0;53.0;94.0;734.0;20167.0;10927.0;1823.0;2760.0;82.0;1207.0;74.0;389.0;2905.0;22.0;8991.0;5241.0;904.0;405.0;74.0;1963.0;128.0;96.0;180.0;;;;;;;;;;;416.0;1495.0;881.0;151.0;146.0;14.0;59.0;2.0;74.0;168.0;;;;;;;;;;;419.0;1896.0;1065.0;217.0;237.0;7.0;84.0;2.0;78.0;206.0;;;;;;;;;;;2177.0;16037.0;8770.0;1715.0;2075.0;71.0;767.0;34.0;557.0;2048.0;49.0;3080.0;1639.0;242.0;357.0;7.0;435.0;11.0;42.0;347.0;;;;;;;;;;;7464.0;95719.0;47381.0;8486.0;10246.0;415.0;16433.0;385.0;2285.0;10088.0;37.0;20728.0;6168.0;1407.0;549.0;90.0;11842.0;172.0;212.0;288.0;3.0;10101.0;94.0;356.0;34.0;2.0;9507.0;10.0;88.0;10.0
WARSZAWSKIE;MIŃSKI;639.0;213.0;132.0;4.0;1.0;37.0;1.0;0.0;36.0;2.0;564.0;406.0;311.0;26.0;8.0;20.0;3.0;0.0;30.0;8.0;942.0;1434.0;982.0;155.0;64.0;18.0;39.0;5.0;86.0;85.0;1714.0;22223.0;11450.0;1720.0;3347.0;178.0;1794.0;81.0;715.0;2938.0;20.0;2947.0;1739.0;274.0;329.0;46.0;388.0;35.0;47.0;89.0;977.0;2536.0;1614.0;280.0;168.0;22.0;78.0;4.0;124.0;246.0;268.0;7149.0;3550.0;590.0;1033.0;148.0;749.0;84.0;192.0;803.0;37.0;13749.0;7259.0;1573.0;1228.0;188.0;2237.0;348.0;242.0;674.0;;;;;;;;;;;1386.0;4966.0;2982.0;508.0;456.0;21.0;188.0;15.0;263.0;533.0;;;;;;;;;;;1316.0;5943.0;3437.0;583.0;658.0;33.0;288.0;12.0;291.0;641.0;;;;;;;;;;;4668.0;33233.0;18288.0;2827.0;4326.0;210.0;2214.0;86.0;1392.0;3890.0;27.0;1650.0;873.0;133.0;168.0;41.0;155.0;22.0;38.0;220.0;;;;;;;;;;;12566.0;108761.0;54653.0;9226.0;13034.0;988.0;15792.0;872.0;3544.0;10652.0;65.0;29008.0;11034.0;2400.0;2805.0;260.0;10283.0;563.0;377.0;1286.0;8.0;12312.0;2036.0;553.0;1248.0;26.0;7658.0;180.0;88.0;523.0
WARSZAWSKIE;MŁAWSKI;394.0;121.0;82.0;1.0;0.0;19.0;0.0;3.0;15.0;1.0;343.0;246.0;181.0;11.0;5.0;16.0;2.0;4.0;25.0;2.0;760.0;1185.0;891.0;109.0;57.0;30.0;8.0;6.0;68.0;16.0;2420.0;33900.0;20308.0;3458.0;5187.0;112.0;1335.0;388.0;740.0;2372.0;49.0;7211.0;4612.0;756.0;786.0;51.0;461.0;57.0;111.0;377.0;638.0;1638.0;1098.0;196.0;190.0;16.0;22.0;12.0;69.0;35.0;731.0;19902.0;10906.0;1829.0;3263.0;79.0;1153.0;190.0;390.0;2092.0;76.0;31884.0;20828.0;3636.0;2297.0;232.0;3037.0;421.0;376.0;1057.0;;;;;;;;;;;835.0;2986.0;1961.0;303.0;432.0;21.0;35.0;26.0;111.0;97.0;;;;;;;;;;;614.0;2776.0;1774.0;426.0;315.0;15.0;38.0;47.0;77.0;84.0;;;;;;;;;;;2713.0;19953.0;12515.0;2258.0;2775.0;65.0;589.0;230.0;530.0;991.0;105.0;6783.0;3982.0;658.0;869.0;58.0;505.0;73.0;90.0;548.0;;;;;;;;;;;9681.0;132499.0;80654.0;14230.0;16265.0;740.0;8734.0;1493.0;2647.0;7736.0;128.0;43009.0;26956.0;4981.0;3172.0;309.0;5047.0;514.0;532.0;1498.0;3.0;3914.0;1516.0;589.0;89.0;26.0;1549.0;36.0;45.0;64.0
WARSZAWSKIE;NIESZAWSKI;1000.0;289.0;192.0;2.0;0.0;35.0;0.0;1.0;54.0;5.0;625.0;444.0;369.0;18.0;1.0;17.0;0.0;0.0;32.0;7.0;827.0;1269.0;1013.0;62.0;25.0;40.0;1.0;9.0;88.0;31.0;2019.0;27954.0;21552.0;1517.0;1860.0;271.0;156.0;422.0;796.0;1380.0;24.0;3616.0;2991.0;152.0;149.0;55.0;13.0;150.0;66.0;40.0;610.0;1567.0;1228.0;71.0;69.0;27.0;2.0;21.0;90.0;59.0;761.0;21178.0;15910.0;1154.0;1562.0;246.0;145.0;321.0;590.0;1250.0;85.0;33005.0;26064.0;1814.0;1171.0;425.0;1571.0;459.0;846.0;655.0;;;;;;;;;;;749.0;2653.0;2037.0;130.0;115.0;47.0;8.0;22.0;137.0;157.0;;;;;;;;;;;472.0;2138.0;1672.0;88.0;93.0;26.0;3.0;37.0;93.0;126.0;;;;;;;;;;;2648.0;18981.0;14884.0;942.0;973.0;196.0;51.0;256.0;715.0;964.0;59.0;3821.0;2900.0;170.0;332.0;44.0;57.0;58.0;94.0;166.0;;;;;;;;;;;9880.0;118129.0;91585.0;6244.0;6423.0;1433.0;2225.0;1764.0;3608.0;4847.0;110.0;37835.0;29828.0;2090.0;1393.0;484.0;1802.0;617.0;919.0;702.0;1.0;1214.0;773.0;124.0;73.0;4.0;218.0;8.0;7.0;7.0
WARSZAWSKIE;PRZASNYCKI;233.0;69.0;44.0;1.0;0.0;12.0;0.0;0.0;12.0;0.0;238.0;169.0;111.0;14.0;2.0;18.0;1.0;0.0;19.0;4.0;414.0;621.0;406.0;58.0;35.0;7.0;9.0;0.0;42.0;64.0;1985.0;27247.0;13212.0;3890.0;4194.0;78.0;1071.0;60.0;691.0;4051.0;23.0;3413.0;1666.0;169.0;289.0;18.0;942.0;5.0;35.0;289.0;495.0;1261.0;754.0;205.0;92.0;13.0;26.0;0.0;63.0;108.0;732.0;20635.0;10188.0;1928.0;3072.0;74.0;1191.0;73.0;361.0;3748.0;33.0;12604.0;7895.0;903.0;876.0;83.0;2089.0;71.0;171.0;516.0;;;;;;;;;;;498.0;1771.0;1035.0;265.0;170.0;12.0;40.0;4.0;72.0;173.0;;;;;;;;;;;525.0;2359.0;1350.0;391.0;248.0;9.0;57.0;1.0;75.0;228.0;;;;;;;;;;;1975.0;14676.0;7534.0;2455.0;1857.0;49.0;402.0;19.0;442.0;1918.0;66.0;4468.0;2169.0;346.0;523.0;16.0;515.0;55.0;61.0;783.0;;;;;;;;;;;7220.0;105591.0;46792.0;11540.0;11358.0;389.0;21252.0;288.0;2090.0;11882.0;59.0;32315.0;9989.0;1987.0;1165.0;101.0;17940.0;76.0;252.0;805.0;3.0;16298.0;428.0;915.0;0.0;0.0;14909.0;0.0;46.0;0.0
WARSZAWSKIE;PUŁTUSKI;536.0;158.0;102.0;1.0;0.0;26.0;0.0;0.0;26.0;3.0;636.0;434.0;363.0;9.0;2.0;26.0;1.0;0.0;26.0;7.0;647.0;979.0;740.0;73.0;28.0;32.0;7.0;2.0;63.0;34.0;2462.0;32805.0;21288.0;2975.0;3802.0;276.0;823.0;103.0;1133.0;2405.0;27.0;3744.0;2770.0;263.0;257.0;58.0;179.0;14.0;66.0;137.0;658.0;1713.0;1196.0;160.0;111.0;19.0;18.0;5.0;103.0;101.0;556.0;14628.0;9680.0;1041.0;1787.0;175.0;514.0;64.0;382.0;985.0;59.0;22927.0;15938.0;1386.0;1549.0;319.0;2441.0;132.0;442.0;720.0;;;;;;;;;;;871.0;3092.0;2063.0;291.0;222.0;39.0;43.0;18.0;173.0;243.0;;;;;;;;;;;763.0;3435.0;2271.0;318.0;300.0;28.0;50.0;13.0;194.0;261.0;;;;;;;;;;;3654.0;26693.0;17188.0;2543.0;2687.0;198.0;534.0;110.0;1239.0;2194.0;61.0;4118.0;2779.0;317.0;406.0;55.0;142.0;24.0;111.0;284.0;;;;;;;;;;;10938.0;142381.0;80023.0;9829.0;12438.0;1294.0;25523.0;587.0;4106.0;8581.0;94.0;54326.0;22353.0;2101.0;3093.0;420.0;23391.0;248.0;656.0;2064.0;8.0;27655.0;3645.0;452.0;1287.0;43.0;20771.0;102.0;148.0;1207.0
WARSZAWSKIE;PŁOCKI;946.0;260.0;195.0;1.0;0.0;41.0;0.0;0.0;21.0;2.0;771.0;536.0;460.0;2.0;3.0;41.0;1.0;0.0;25.0;4.0;633.0;958.0;751.0;37.0;23.0;46.0;2.0;3.0;71.0;25.0;1767.0;24863.0;19140.0;1118.0;1691.0;323.0;240.0;109.0;837.0;1405.0;76.0;11481.0;9388.0;497.0;580.0;136.0;310.0;74.0;220.0;276.0;639.0;1624.0;1280.0;65.0;70.0;38.0;6.0;3.0;103.0;59.0;739.0;19655.0;14996.0;763.0;1410.0;294.0;277.0;127.0;578.0;1210.0;131.0;46337.0;36388.0;2325.0;2278.0;455.0;2934.0;231.0;972.0;754.0;;;;;;;;;;;763.0;2701.0;2129.0;117.0;120.0;42.0;21.0;9.0;159.0;104.0;;;;;;;;;;;595.0;2697.0;2116.0;106.0;171.0;42.0;15.0;7.0;138.0;102.0;;;;;;;;;;;2253.0;16356.0;12583.0;673.0;1121.0;199.0;127.0;52.0;718.0;883.0;92.0;6332.0;4948.0;222.0;537.0;74.0;113.0;47.0;144.0;247.0;;;;;;;;;;;9407.0;135881.0;105309.0;5965.0;8073.0;1739.0;4977.0;663.0;4006.0;5149.0;209.0;59899.0;46711.0;2861.0;2927.0;599.0;4175.0;306.0;1212.0;1108.0;2.0;2081.0;935.0;39.0;69.0;8.0;931.0;1.0;20.0;78.0
WARSZAWSKIE;PŁOŃSKI;858.0;250.0;223.0;0.0;0.0;19.0;0.0;0.0;7.0;1.0;346.0;225.0;202.0;2.0;0.0;10.0;0.0;0.0;10.0;1.0;410.0;628.0;490.0;26.0;20.0;15.0;3.0;1.0;46.0;27.0;1928.0;27381.0;20540.0;1051.0;1635.0;198.0;400.0;123.0;1006.0;2428.0;45.0;6165.0;4616.0;265.0;356.0;63.0;286.0;110.0;128.0;341.0;507.0;1298.0;1002.0;43.0;49.0;20.0;8.0;3.0;87.0;86.0;782.0;21785.0;16398.0;864.0;1341.0;186.0;483.0;101.0;627.0;1785.0;98.0;34941.0;26302.0;1768.0;1758.0;397.0;3055.0;204.0;748.0;709.0;;;;;;;;;;;565.0;2022.0;1508.0;73.0;87.0;38.0;18.0;5.0;131.0;162.0;;;;;;;;;;;423.0;1896.0;1408.0;83.0;94.0;27.0;11.0;10.0;112.0;151.0;;;;;;;;;;;1922.0;14043.0;10308.0;586.0;801.0;87.0;136.0;65.0;686.0;1374.0;80.0;5532.0;4046.0;224.0;379.0;62.0;160.0;42.0;137.0;482.0;;;;;;;;;;;7967.0;119238.0;88830.0;5108.0;6520.0;1139.0;5666.0;672.0;3756.0;7547.0;146.0;44178.0;32705.0;2156.0;2114.0;477.0;4447.0;322.0;907.0;1050.0;3.0;3072.0;1787.0;123.0;0.0;17.0;1106.0;8.0;31.0;0.0
WARSZAWSKIE;RADZYMIŃSKI;406.0;128.0;67.0;1.0;0.0;31.0;5.0;0.0;22.0;2.0;381.0;266.0;188.0;6.0;6.0;24.0;9.0;1.0;21.0;11.0;633.0;963.0;577.0;105.0;59.0;36.0;46.0;2.0;66.0;72.0;1818.0;24266.0;10223.0;2429.0;4728.0;140.0;2207.0;103.0;843.0;3593.0;20.0;2873.0;1321.0;260.0;325.0;62.0;336.0;128.0;85.0;356.0;638.0;1644.0;900.0;192.0;181.0;24.0;81.0;4.0;84.0;178.0;327.0;8554.0;3157.0;851.0;1737.0;63.0;987.0;80.0;225.0;1454.0;21.0;7474.0;3617.0;490.0;483.0;118.0;2064.0;204.0;101.0;397.0;;;;;;;;;;;975.0;3475.0;1862.0;389.0;412.0;33.0;218.0;6.0;167.0;388.0;;;;;;;;;;;859.0;3878.0;1971.0;419.0;583.0;17.0;270.0;9.0;193.0;416.0;;;;;;;;;;;3485.0;25111.0;11812.0;2519.0;4155.0;120.0;1970.0;90.0;1046.0;3399.0;30.0;2022.0;767.0;203.0;290.0;44.0;336.0;45.0;48.0;289.0;;;;;;;;;;;9594.0;85464.0;36526.0;7864.0;12959.0;712.0;12743.0;728.0;2929.0;11003.0;42.0;15157.0;5002.0;750.0;808.0;180.0;6614.0;388.0;214.0;1201.0;1.0;4810.0;64.0;0.0;0.0;0.0;4214.0;56.0;28.0;448.0
WARSZAWSKIE;RAWSKI (RAWA MAZOWIECKA);606.0;202.0;173.0;1.0;0.0;16.0;0.0;0.0;10.0;2.0;526.0;376.0;315.0;10.0;9.0;7.0;5.0;0.0;17.0;13.0;839.0;1299.0;1015.0;67.0;27.0;16.0;36.0;1.0;54.0;83.0;1781.0;23577.0;16488.0;1400.0;1490.0;180.0;803.0;132.0;564.0;2520.0;20.0;3080.0;2326.0;188.0;107.0;43.0;178.0;52.0;62.0;124.0;844.0;2154.0;1588.0;135.0;85.0;25.0;65.0;7.0;78.0;171.0;227.0;5886.0;3962.0;317.0;449.0;59.0;279.0;102.0;105.0;613.0;53.0;22129.0;14261.0;1407.0;948.0;238.0;4282.0;422.0;268.0;303.0;;;;;;;;;;;1053.0;3748.0;2758.0;243.0;162.0;28.0;110.0;9.0;135.0;303.0;;;;;;;;;;;1239.0;5563.0;4009.0;342.0;258.0;38.0;162.0;16.0;199.0;539.0;;;;;;;;;;;4134.0;29796.0;21178.0;2004.0;1604.0;194.0;911.0;109.0;867.0;2929.0;16.0;1072.0;693.0;60.0;59.0;24.0;90.0;28.0;17.0;101.0;;;;;;;;;;;11346.0;122448.0;74093.0;6670.0;5456.0;946.0;23975.0;999.0;2496.0;7813.0;81.0;48775.0;21914.0;2091.0;1313.0;359.0;21514.0;595.0;450.0;539.0;8.0;23566.0;5327.0;496.0;258.0;78.0;17054.0;121.0;120.0;112.0
WARSZAWSKIE;RYPIŃSKI;510.0;140.0;118.0;1.0;0.0;12.0;0.0;0.0;8.0;1.0;541.0;374.0;334.0;7.0;1.0;11.0;0.0;1.0;17.0;3.0;563.0;878.0;662.0;106.0;16.0;27.0;0.0;6.0;47.0;14.0;2058.0;28320.0;18649.0;2776.0;3277.0;208.0;381.0;495.0;575.0;1959.0;37.0;5286.0;3525.0;454.0;396.0;78.0;155.0;175.0;75.0;428.0;492.0;1263.0;929.0;145.0;53.0;18.0;4.0;17.0;54.0;43.0;505.0;13491.0;8880.0;1312.0;1384.0;124.0;305.0;332.0;250.0;904.0;79.0;33975.0;22797.0;2812.0;1392.0;415.0;3484.0;1395.0;536.0;1144.0;;;;;;;;;;;800.0;2830.0;1984.0;311.0;212.0;39.0;4.0;47.0;110.0;123.0;;;;;;;;;;;583.0;2640.0;1821.0;281.0;223.0;26.0;6.0;53.0;92.0;138.0;;;;;;;;;;;2296.0;16664.0;11070.0;1889.0;1664.0;125.0;117.0;365.0;431.0;1003.0;57.0;3923.0;2564.0;405.0;238.0;46.0;108.0;297.0;76.0;189.0;;;;;;;;;;;8526.0;120549.0;74718.0;11000.0;8904.0;1162.0;13029.0;3423.0;2312.0;6001.0;121.0;50026.0;27707.0;3767.0;1836.0;526.0;12104.0;1810.0;652.0;1624.0;5.0;10765.0;1385.0;501.0;48.0;33.0;8465.0;240.0;41.0;52.0
WARSZAWSKIE;SIERPECKI;406.0;121.0;82.0;2.0;0.0;20.0;1.0;0.0;15.0;1.0;559.0;365.0;331.0;8.0;2.0;11.0;2.0;0.0;10.0;1.0;485.0;749.0;541.0;65.0;53.0;18.0;18.0;1.0;38.0;15.0;1974.0;27892.0;16938.0;2988.0;4503.0;104.0;621.0;322.0;576.0;1840.0;47.0;6948.0;4440.0;494.0;670.0;51.0;413.0;72.0;115.0;693.0;426.0;1086.0;736.0;126.0;99.0;22.0;20.0;4.0;49.0;30.0;689.0;18933.0;11027.0;1745.0;3120.0;90.0;786.0;229.0;343.0;1593.0;54.0;20870.0;12725.0;1934.0;2286.0;138.0;2459.0;265.0;298.0;765.0;;;;;;;;;;;530.0;1874.0;1258.0;187.0;206.0;29.0;39.0;7.0;70.0;78.0;;;;;;;;;;;401.0;1811.0;1172.0;212.0;241.0;11.0;37.0;9.0;57.0;72.0;;;;;;;;;;;2180.0;15920.0;10187.0;1780.0;2245.0;74.0;291.0;128.0;406.0;809.0;90.0;6213.0;3852.0;388.0;800.0;29.0;354.0;70.0;117.0;603.0;;;;;;;;;;;7841.0;102782.0;63289.0;9929.0;14225.0;597.0;5041.0;1107.0;2094.0;6500.0;101.0;27818.0;17165.0;2428.0;2956.0;189.0;2872.0;337.0;413.0;1458.0;0.0;0.0;0.0;0.0;0.0;0.0;0.0;0.0;0.0;0.0
WARSZAWSKIE;SKIERNIEWICKI;422.0;114.0;76.0;1.0;0.0;25.0;0.0;0.0;11.0;1.0;324.0;217.0;188.0;2.0;1.0;15.0;1.0;0.0;9.0;1.0;356.0;538.0;420.0;17.0;15.0;20.0;6.0;2.0;37.0;21.0;1404.0;18366.0;13713.0;967.0;988.0;231.0;293.0;56.0;662.0;1456.0;19.0;2612.0;1902.0;229.0;108.0;52.0;173.0;21.0;44.0;83.0;345.0;894.0;686.0;47.0;24.0;22.0;5.0;2.0;49.0;59.0;155.0;4088.0;3045.0;190.0;209.0;59.0;108.0;29.0;131.0;317.0;26.0;9164.0;6289.0;500.0;140.0;112.0;1562.0;143.0;143.0;275.0;;;;;;;;;;;500.0;1803.0;1348.0;109.0;66.0;29.0;11.0;6.0;99.0;135.0;;;;;;;;;;;541.0;2456.0;1839.0;141.0;86.0;40.0;32.0;8.0;128.0;182.0;;;;;;;;;;;3298.0;22926.0;16718.0;1424.0;1198.0;319.0;283.0;65.0;1064.0;1855.0;19.0;1342.0;1014.0;50.0;26.0;36.0;119.0;5.0;38.0;54.0;;;;;;;;;;;7412.0;74389.0;48834.0;3808.0;2868.0;981.0;10471.0;367.0;2467.0;4593.0;48.0;21645.0;9787.0;860.0;255.0;185.0;9613.0;194.0;239.0;512.0;3.0;9869.0;1596.0;131.0;7.0;21.0;7878.0;30.0;52.0;154.0
WARSZAWSKIE;SOCHACZEWSKI;448.0;165.0;140.0;0.0;1.0;12.0;0.0;0.0;11.0;1.0;297.0;210.0;156.0;12.0;5.0;14.0;0.0;0.0;17.0;6.0;489.0;768.0;501.0;76.0;60.0;13.0;2.0;2.0;51.0;63.0;1649.0;21783.0;13380.0;2486.0;2638.0;278.0;305.0;120.0;725.0;1851.0;10.0;1459.0;836.0;119.0;49.0;10.0;174.0;13.0;29.0;229.0;484.0;1254.0;770.0;147.0;129.0;12.0;4.0;3.0;74.0;115.0;255.0;6619.0;3686.0;1050.0;813.0;137.0;146.0;58.0;187.0;542.0;41.0;19044.0;13979.0;1255.0;456.0;279.0;1868.0;138.0;462.0;607.0;;;;;;;;;;;871.0;3088.0;1909.0;321.0;344.0;33.0;10.0;11.0;177.0;283.0;;;;;;;;;;;668.0;3011.0;1686.0;426.0;382.0;35.0;20.0;19.0;144.0;299.0;;;;;;;;;;;2980.0;21282.0;13344.0;2375.0;2292.0;222.0;184.0;65.0;931.0;1869.0;13.0;864.0;475.0;62.0;85.0;76.0;18.0;20.0;47.0;81.0;;;;;;;;;;;8210.0;94842.0;54067.0;8586.0;7341.0;1145.0;14296.0;457.0;2944.0;6006.0;56.0;35798.0;18020.0;1631.0;592.0;313.0;13607.0;159.0;580.0;896.0;5.0;15295.0;3205.0;257.0;87.0;24.0;11565.0;8.0;89.0;60.0
WARSZAWSKIE;WARSZAWSKI;1725.0;471.0;253.0;7.0;1.0;98.0;9.0;1.0;88.0;14.0;1347.0;954.0;654.0;49.0;13.0;79.0;35.0;0.0;92.0;32.0;1911.0;2831.0;1810.0;274.0;103.0;130.0;99.0;7.0;194.0;214.0;1902.0;25603.0;14559.0;2913.0;2479.0;714.0;957.0;200.0;953.0;2828.0;32.0;4320.0;2276.0;285.0;294.0;253.0;756.0;115.0;93.0;248.0;1319.0;3354.0;2073.0;398.0;176.0;102.0;85.0;5.0;202.0;313.0;402.0;10792.0;5699.0;1180.0;1068.0;476.0;604.0;94.0;344.0;1327.0;52.0;22030.0;8298.0;2073.0;1534.0;484.0;7068.0;719.0;464.0;1390.0;;;;;;;;;;;1629.0;5762.0;3447.0;707.0;361.0;160.0;144.0;12.0;332.0;599.0;;;;;;;;;;;1380.0;6217.0;3675.0;759.0;482.0;105.0;149.0;30.0;319.0;698.0;;;;;;;;;;;4095.0;28590.0;16412.0;3416.0;2564.0;576.0;850.0;180.0;1253.0;3339.0;69.0;4752.0;2403.0;502.0;363.0;420.0;257.0;89.0;210.0;508.0;;;;;;;;;;;15873.0;143015.0;63275.0;13070.0;10304.0;3710.0;34237.0;1506.0;4777.0;12136.0;94.0;53689.0;12290.0;2865.0;2694.0;850.0;31048.0;888.0;790.0;2264.0;10.0;27339.0;1716.0;507.0;866.0;113.0;23224.0;54.0;233.0;626.0
WARSZAWSKIE;WŁOCŁAWSKI;1148.0;340.0;248.0;3.0;0.0;57.0;0.0;0.0;31.0;1.0;953.0;645.0;566.0;11.0;0.0;37.0;0.0;1.0;26.0;4.0;580.0;874.0;692.0;56.0;9.0;38.0;1.0;4.0;59.0;15.0;1382.0;19126.0;14223.0;1531.0;928.0;169.0;208.0;300.0;514.0;1253.0;44.0;6693.0;5274.0;398.0;232.0;75.0;127.0;224.0;154.0;209.0;559.0;1430.0;1176.0;78.0;29.0;31.0;1.0;7.0;65.0;43.0;477.0;13317.0;9083.0;892.0;827.0;128.0;530.0;474.0;335.0;1048.0;100.0;37811.0;27179.0;2176.0;1375.0;429.0;3496.0;950.0;794.0;1412.0;;;;;;;;;;;645.0;2283.0;1807.0;156.0;79.0;32.0;4.0;15.0;93.0;97.0;;;;;;;;;;;443.0;2031.0;1584.0;114.0;110.0;32.0;2.0;7.0;74.0;108.0;;;;;;;;;;;2007.0;14362.0;10985.0;1023.0;689.0;124.0;71.0;150.0;478.0;842.0;67.0;4471.0;3218.0;241.0;273.0;69.0;170.0;149.0;115.0;236.0;;;;;;;;;;;8410.0;122327.0;78186.0;7281.0;4944.0;1299.0;19664.0;2305.0;2927.0;5721.0;149.0;63448.0;34604.0;3176.0;2000.0;582.0;18677.0;1198.0;1137.0;2074.0;5.0;18944.0;2151.0;602.0;393.0;78.0;15054.0;24.0;189.0;453.0
WARSZAWSKIE;ŁOWICKI;560.0;149.0;96.0;2.0;3.0;24.0;0.0;0.0;23.0;1.0;576.0;390.0;326.0;7.0;9.0;20.0;0.0;0.0;23.0;5.0;537.0;791.0;598.0;51.0;35.0;18.0;1.0;5.0;42.0;41.0;2773.0;35450.0;24954.0;2200.0;3037.0;266.0;224.0;98.0;1421.0;3250.0;7.0;1154.0;751.0;73.0;185.0;21.0;34.0;4.0;20.0;66.0;392.0;1022.0;730.0;60.0;77.0;17.0;6.0;1.0;51.0;80.0;215.0;5319.0;3369.0;391.0;588.0;44.0;114.0;34.0;163.0;616.0;30.0;12989.0;6844.0;1237.0;1209.0;97.0;1920.0;981.0;206.0;495.0;;;;;;;;;;;703.0;2485.0;1772.0;126.0;193.0;34.0;19.0;4.0;118.0;219.0;;;;;;;;;;;814.0;3660.0;2507.0;202.0;304.0;23.0;18.0;5.0;160.0;441.0;;;;;;;;;;;5269.0;36841.0;25469.0;2054.0;3315.0;263.0;218.0;80.0;1833.0;3609.0;10.0;696.0;488.0;53.0;29.0;13.0;38.0;6.0;17.0;52.0;;;;;;;;;;;11888.0;105634.0;67904.0;6477.0;9053.0;841.0;7033.0;1239.0;4078.0;9009.0;39.0;18831.0;7595.0;1331.0;1463.0;119.0;6395.0;1006.0;227.0;695.0;2.0;4688.0;0.0;21.0;69.0;1.0;4441.0;21.0;1.0;134.0
WOŁYŃSKIE;DUBIEŃSKI;1063.0;311.0;84.0;2.0;1.0;168.0;0.0;0.0;55.0;1.0;744.0;561.0;279.0;28.0;4.0;178.0;8.0;0.0;57.0;7.0;2514.0;3744.0;2710.0;279.0;28.0;402.0;71.0;3.0;191.0;60.0;4179.0;55276.0;40581.0;5295.0;847.0;1672.0;4584.0;84.0;816.0;1397.0;;;;;;;;;;;3734.0;9396.0;7039.0;877.0;107.0;640.0;220.0;5.0;326.0;182.0;603.0;16448.0;11700.0;1241.0;265.0;486.0;2056.0;43.0;238.0;419.0;;;;;;;;;;;;;;;;;;;;;4592.0;16260.0;12218.0;1566.0;227.0;944.0;467.0;5.0;458.0;375.0;;;;;;;;;;;4289.0;19410.0;14514.0;2098.0;253.0;1001.0;595.0;7.0;463.0;479.0;;;;;;;;;;;12700.0;90430.0;67674.0;9473.0;1256.0;3718.0;4293.0;51.0;1721.0;2244.0;83.0;5672.0;3749.0;517.0;57.0;195.0;806.0;79.0;49.0;220.0;;;;;;;;;;;34642.0;322815.0;201931.0;28551.0;7332.0;10127.0;59764.0;1246.0;5462.0;8402.0;141.0;105307.0;41383.0;7175.0;4287.0;723.0;46664.0;969.0;1088.0;3018.0;;;;;;;;;;
WOŁYŃSKIE;HOROCHOWSKI;350.0;118.0;42.0;1.0;1.0;59.0;0.0;0.0;15.0;0.0;229.0;171.0;91.0;9.0;1.0;52.0;1.0;0.0;15.0;2.0;933.0;1392.0;1021.0;102.0;6.0;132.0;18.0;1.0;73.0;39.0;1831.0;23969.0;17635.0;2432.0;494.0;589.0;1022.0;37.0;420.0;1340.0;;;;;;;;;;;1334.0;3382.0;2529.0;350.0;16.0;185.0;42.0;1.0;131.0;128.0;238.0;6377.0;4592.0;682.0;83.0;132.0;410.0;52.0;69.0;357.0;;;;;;;;;;;;;;;;;;;;;1632.0;5731.0;4234.0;668.0;43.0;253.0;85.0;3.0;179.0;266.0;;;;;;;;;;;1667.0;7569.0;5638.0;854.0;42.0;290.0;147.0;10.0;202.0;386.0;;;;;;;;;;;5513.0;39161.0;29026.0;4115.0;530.0;1228.0;1088.0;54.0;895.0;2225.0;35.0;2285.0;1517.0;258.0;40.0;34.0;256.0;1.0;30.0;149.0;;;;;;;;;;;13826.0;127243.0;81971.0;12490.0;2035.0;3254.0;17982.0;645.0;2336.0;6530.0;64.0;37088.0;15646.0;3019.0;779.0;300.0;14913.0;486.0;307.0;1638.0;;;;;;;;;;
WOŁYŃSKIE;KOWELSKI;819.0;227.0;70.0;7.0;0.0;102.0;0.0;1.0;46.0;1.0;477.0;365.0;184.0;86.0;4.0;61.0;1.0;0.0;18.0;11.0;1896.0;2723.0;1667.0;568.0;53.0;131.0;23.0;4.0;133.0;144.0;4993.0;68411.0;33082.0;18068.0;3198.0;1432.0;4008.0;255.0;893.0;7475.0;;;;;;;;;;;2726.0;6675.0;3806.0;1723.0;156.0;212.0;70.0;3.0;228.0;477.0;1006.0;27169.0;13138.0;6537.0;1386.0;471.0;2297.0;74.0;251.0;3015.0;;;;;;;;;;;;;;;;;;;;;2801.0;9627.0;5312.0;2502.0;276.0;305.0;163.0;9.0;266.0;794.0;;;;;;;;;;;3302.0;14970.0;7883.0;4136.0;437.0;437.0;272.0;19.0;373.0;1413.0;;;;;;;;;;;9540.0;70576.0;35935.0;19413.0;2421.0;1784.0;2392.0;171.0;1234.0;7226.0;76.0;4921.0;2761.0;1064.0;103.0;65.0;517.0;17.0;36.0;358.0;;;;;;;;;;;27771.0;298636.0;127266.0;67051.0;12631.0;5517.0;52668.0;1449.0;4118.0;27936.0;135.0;92972.0;23428.0;12947.0;4597.0;517.0;42925.0;896.0;640.0;7022.0;;;;;;;;;;
WOŁYŃSKIE;KRZEMIENIECKI;1580.0;503.0;119.0;3.0;2.0;270.0;1.0;0.0;105.0;3.0;1264.0;983.0;458.0;38.0;7.0;352.0;8.0;0.0;114.0;6.0;4482.0;6970.0;4986.0;388.0;25.0;1030.0;58.0;3.0;414.0;66.0;1869.0;24194.0;19283.0;1766.0;362.0;932.0;825.0;72.0;294.0;660.0;;;;;;;;;;;6233.0;16207.0;12447.0;1046.0;72.0;1485.0;146.0;8.0;729.0;274.0;338.0;10264.0;7707.0;759.0;142.0;381.0;622.0;109.0;120.0;424.0;;;;;;;;;;;;;;;;;;;;;6209.0;22091.0;17696.0;1370.0;154.0;1680.0;241.0;12.0;694.0;244.0;;;;;;;;;;;5101.0;23218.0;18761.0;1556.0;187.0;1513.0;296.0;14.0;598.0;293.0;;;;;;;;;;;10283.0;70032.0;57049.0;4791.0;667.0;3792.0;1244.0;48.0;1357.0;1084.0;76.0;4951.0;3608.0;346.0;57.0;146.0;475.0;87.0;67.0;165.0;;;;;;;;;;;37605.0;257157.0;185384.0;17172.0;2782.0;12549.0;24133.0;3079.0;5829.0;6229.0;170.0;77744.0;43270.0;5109.0;1107.0;968.0;20217.0;2726.0;1337.0;3010.0;;;;;;;;;;
WOŁYŃSKIE;LUBOMELSKI;163.0;52.0;19.0;2.0;0.0;17.0;0.0;0.0;11.0;3.0;224.0;174.0;99.0;30.0;1.0;17.0;0.0;0.0;22.0;5.0;1050.0;1562.0;935.0;322.0;30.0;67.0;2.0;1.0;115.0;90.0;819.0;10912.0;5983.0;2391.0;555.0;250.0;233.0;10.0;218.0;1272.0;;;;;;;;;;;1571.0;3890.0;2195.0;907.0;116.0;154.0;6.0;1.0;217.0;294.0;109.0;2866.0;1538.0;669.0;196.0;46.0;64.0;4.0;43.0;306.0;;;;;;;;;;;;;;;;;;;;;1931.0;6755.0;3652.0;1570.0;285.0;220.0;31.0;3.0;306.0;688.0;;;;;;;;;;;1836.0;8315.0;4366.0;2070.0;311.0;273.0;45.0;5.0;324.0;921.0;;;;;;;;;;;3455.0;24765.0;13140.0;5830.0;1287.0;685.0;200.0;22.0;694.0;2907.0;28.0;2044.0;955.0;450.0;120.0;59.0;197.0;2.0;20.0;241.0;;;;;;;;;;;11252.0;94962.0;39930.0;19118.0;6052.0;2003.0;10737.0;5747.0;2119.0;9256.0;66.0;33627.0;7048.0;4877.0;3151.0;215.0;9959.0;5699.0;149.0;2529.0;;;;;;;;;;
WOŁYŃSKIE;OSTROGSKI;478.0;132.0;11.0;2.0;0.0;83.0;0.0;0.0;35.0;1.0;266.0;207.0;63.0;22.0;1.0;90.0;2.0;0.0;26.0;3.0;695.0;1087.0;635.0;159.0;4.0;173.0;12.0;2.0;70.0;32.0;476.0;6237.0;4170.0;652.0;62.0;329.0;419.0;19.0;127.0;459.0;;;;;;;;;;;1125.0;3077.0;1923.0;535.0;7.0;264.0;51.0;1.0;116.0;180.0;72.0;2278.0;1466.0;242.0;34.0;95.0;216.0;8.0;46.0;171.0;;;;;;;;;;;;;;;;;;;;;1322.0;4687.0;3188.0;640.0;16.0;362.0;89.0;6.0;174.0;212.0;;;;;;;;;;;1008.0;4549.0;3086.0;619.0;22.0;339.0;103.0;7.0;145.0;228.0;;;;;;;;;;;2472.0;17052.0;11765.0;2150.0;77.0;1128.0;545.0;16.0;423.0;948.0;16.0;1080.0;775.0;127.0;2.0;39.0;83.0;1.0;17.0;36.0;;;;;;;;;;;7975.0;58795.0;35322.0;7078.0;442.0;3108.0;8344.0;357.0;1364.0;2780.0;45.0;18409.0;8240.0;1930.0;217.0;206.0;6824.0;297.0;185.0;510.0;;;;;;;;;;
WOŁYŃSKIE;RÓWIEŃSKI;2374.0;628.0;106.0;8.0;1.0;362.0;1.0;1.0;147.0;2.0;1152.0;905.0;415.0;96.0;4.0;271.0;6.0;1.0;102.0;10.0;4251.0;6529.0;4215.0;945.0;36.0;673.0;74.0;7.0;407.0;172.0;5666.0;75099.0;43324.0;13292.0;3428.0;2272.0;4583.0;223.0;1718.0;6259.0;;;;;;;;;;;5912.0;14979.0;10025.0;2415.0;146.0;980.0;195.0;19.0;695.0;504.0;904.0;24368.0;13134.0;3901.0;1183.0;620.0;2625.0;206.0;495.0;2204.0;;;;;;;;;;;;;;;;;;;;;6744.0;23723.0;16228.0;3861.0;268.0;1210.0;342.0;33.0;887.0;894.0;;;;;;;;;;;5789.0;26304.0;17680.0;4510.0;405.0;1297.0;487.0;34.0;826.0;1065.0;;;;;;;;;;;15909.0;112476.0;72923.0;19354.0;2738.0;4648.0;3489.0;162.0;2928.0;6234.0;77.0;4993.0;2801.0;684.0;189.0;180.0;624.0;40.0;135.0;340.0;;;;;;;;;;;48988.0;561808.0;246314.0;69973.0;17771.0;13587.0;156421.0;1883.0;10197.0;45662.0;210.0;271804.0;65463.0;20907.0;9373.0;1074.0;143995.0;1157.0;1857.0;27978.0;;;;;;;;;;
WOŁYŃSKIE;WŁODZIMIERSKI;546.0;158.0;45.0;2.0;0.0;88.0;0.0;0.0;23.0;0.0;430.0;318.0;149.0;25.0;0.0;126.0;0.0;0.0;17.0;1.0;1018.0;1499.0;1079.0;166.0;5.0;169.0;6.0;0.0;57.0;17.0;2116.0;27525.0;18297.0;4972.0;714.0;718.0;1196.0;22.0;364.0;1242.0;;;;;;;;;;;1588.0;4008.0;3021.0;535.0;19.0;212.0;36.0;1.0;113.0;71.0;307.0;8555.0;5513.0;1302.0;394.0;199.0;573.0;23.0;119.0;432.0;;;;;;;;;;;;;;;;;;;;;2161.0;7608.0;5487.0;1221.0;59.0;358.0;92.0;2.0;199.0;190.0;;;;;;;;;;;2244.0;10199.0;7263.0;1797.0;103.0;435.0;132.0;6.0;213.0;250.0;;;;;;;;;;;6479.0;46294.0;32835.0;8038.0;581.0;1607.0;1009.0;15.0;805.0;1404.0;37.0;2516.0;1602.0;558.0;74.0;59.0;133.0;3.0;27.0;60.0;;;;;;;;;;;17031.0;178022.0;103209.0;27038.0;2940.0;4547.0;30647.0;482.0;2446.0;6713.0;105.0;69342.0;27918.0;8422.0;991.0;576.0;27470.0;410.0;509.0;3046.0;;;;;;;;;;
WOŁYŃSKIE;ŁUCKI;915.0;248.0;55.0;6.0;1.0;130.0;0.0;0.0;55.0;1.0;458.0;349.0;153.0;50.0;1.0;99.0;1.0;1.0;39.0;5.0;1919.0;2806.0;1779.0;416.0;30.0;325.0;21.0;1.0;177.0;57.0;4703.0;64101.0;39097.0;13291.0;2390.0;1707.0;1753.0;77.0;1247.0;4539.0;;;;;;;;;;;2406.0;5985.0;3980.0;1077.0;68.0;385.0;48.0;4.0;288.0;135.0;941.0;25552.0;14122.0;4579.0;1355.0;631.0;1294.0;146.0;386.0;3039.0;;;;;;;;;;;;;;;;;;;;;3174.0;11052.0;7254.0;2200.0;162.0;586.0;123.0;5.0;406.0;316.0;;;;;;;;;;;3226.0;14691.0;9711.0;2931.0;236.0;660.0;189.0;13.0;478.0;473.0;;;;;;;;;;;10548.0;76508.0;50272.0;15301.0;1737.0;2747.0;1293.0;81.0;1849.0;3228.0;85.0;5853.0;2973.0;912.0;314.0;117.0;444.0;129.0;55.0;909.0;;;;;;;;;;;28525.0;331155.0;157507.0;49874.0;12161.0;8133.0;73054.0;1373.0;6171.0;22882.0;150.0;124010.0;28111.0;9111.0;5867.0;746.0;67888.0;916.0;1191.0;10180.0;;;;;;;;;;
ŁÓDZKIE;BRZEZIŃSKI;990.0;290.0;191.0;3.0;3.0;45.0;1.0;0.0;43.0;4.0;883.0;621.0;538.0;15.0;4.0;20.0;2.0;0.0;36.0;6.0;1122.0;1685.0;1376.0;53.0;33.0;39.0;10.0;1.0;124.0;49.0;1629.0;21492.0;16598.0;732.0;1078.0;371.0;366.0;147.0;960.0;1240.0;24.0;3554.0;2353.0;165.0;207.0;113.0;450.0;28.0;105.0;133.0;997.0;2542.0;2047.0;86.0;76.0;47.0;19.0;3.0;159.0;105.0;208.0;5458.0;4066.0;287.0;249.0;137.0;181.0;58.0;218.0;262.0;32.0;12990.0;7941.0;753.0;428.0;223.0;2612.0;280.0;295.0;458.0;;;;;;;;;;;1257.0;4457.0;3385.0;223.0;196.0;68.0;41.0;6.0;315.0;223.0;;;;;;;;;;;1333.0;5980.0;4593.0;211.0;262.0;100.0;41.0;9.0;416.0;348.0;;;;;;;;;;;4226.0;29893.0;23009.0;1133.0;1443.0;448.0;390.0;71.0;1693.0;1706.0;15.0;1002.0;676.0;90.0;36.0;38.0;54.0;22.0;39.0;47.0;;;;;;;;;;;12721.0;100967.0;68218.0;3910.0;4047.0;1656.0;13167.0;645.0;4553.0;4771.0;61.0;27547.0;11739.0;1077.0;667.0;343.0;12062.0;328.0;550.0;781.0;5.0;11003.0;1445.0;159.0;32.0;7.0;9000.0;20.0;150.0;190.0
ŁÓDZKIE;KALISKI;1322.0;375.0;197.0;2.0;3.0;90.0;1.0;1.0;78.0;3.0;1112.0;811.0;655.0;9.0;7.0;65.0;5.0;2.0;63.0;5.0;1569.0;2393.0;1843.0;102.0;101.0;87.0;32.0;3.0;178.0;47.0;2347.0;31040.0;19997.0;1979.0;3200.0;418.0;1682.0;173.0;1240.0;2351.0;22.0;3497.0;2783.0;190.0;156.0;76.0;149.0;21.0;102.0;20.0;1020.0;2576.0;1914.0;120.0;180.0;53.0;52.0;5.0;157.0;95.0;296.0;7424.0;4444.0;546.0;708.0;113.0;604.0;93.0;237.0;679.0;64.0;28117.0;18244.0;1397.0;1089.0;357.0;5658.0;180.0;670.0;522.0;;;;;;;;;;;1310.0;4634.0;3291.0;205.0;407.0;73.0;91.0;10.0;284.0;273.0;;;;;;;;;;;1507.0;6725.0;4591.0;357.0;688.0;96.0;145.0;41.0;396.0;411.0;;;;;;;;;;;4193.0;30632.0;20726.0;1627.0;3136.0;402.0;1096.0;160.0;1518.0;1967.0;18.0;1233.0;714.0;88.0;67.0;51.0;146.0;25.0;41.0;101.0;;;;;;;;;;;14788.0;136658.0;82584.0;7311.0;10415.0;1913.0;20953.0;902.0;5070.0;7510.0;94.0;48815.0;24212.0;2276.0;1918.0;465.0;17099.0;389.0;878.0;1578.0;8.0;17201.0;3185.0;689.0;673.0;32.0;11292.0;188.0;106.0;1036.0
ŁÓDZKIE;KOLSKI;821.0;231.0;172.0;5.0;1.0;28.0;0.0;0.0;24.0;1.0;943.0;668.0;585.0;17.0;4.0;25.0;0.0;1.0;32.0;4.0;1091.0;1640.0;1279.0;106.0;54.0;31.0;0.0;9.0;114.0;47.0;2005.0;27351.0;18178.0;2501.0;2959.0;203.0;228.0;489.0;969.0;1824.0;25.0;3765.0;2509.0;223.0;288.0;27.0;315.0;205.0;77.0;121.0;853.0;2167.0;1612.0;166.0;135.0;25.0;5.0;22.0;127.0;75.0;527.0;14057.0;9293.0;1268.0;1572.0;136.0;203.0;367.0;423.0;795.0;67.0;26806.0;18558.0;1609.0;1507.0;394.0;2717.0;938.0;576.0;507.0;;;;;;;;;;;1114.0;3942.0;2826.0;284.0;299.0;34.0;14.0;47.0;222.0;216.0;;;;;;;;;;;1011.0;4529.0;3176.0;324.0;400.0;32.0;18.0;52.0;235.0;292.0;;;;;;;;;;;3198.0;23067.0;15705.0;1945.0;2139.0;159.0;148.0;346.0;1029.0;1596.0;37.0;2452.0;1481.0;411.0;192.0;24.0;44.0;124.0;49.0;127.0;;;;;;;;;;;11695.0;119929.0;76386.0;8959.0;9662.0;1143.0;11490.0;2693.0;3980.0;5616.0;95.0;39825.0;22079.0;1932.0;1907.0;446.0;10830.0;1236.0;756.0;639.0;3.0;9254.0;1012.0;100.0;112.0;25.0;7798.0;93.0;103.0;11.0
ŁÓDZKIE;KONIŃSKI;703.0;219.0;152.0;2.0;0.0;26.0;0.0;0.0;36.0;3.0;628.0;452.0;371.0;16.0;6.0;16.0;0.0;1.0;35.0;7.0;954.0;1453.0;1105.0;98.0;92.0;21.0;3.0;6.0;83.0;45.0;2050.0;27780.0;16299.0;2918.0;3917.0;205.0;731.0;472.0;786.0;2452.0;11.0;1578.0;866.0;82.0;58.0;23.0;220.0;167.0;27.0;135.0;857.0;2164.0;1536.0;191.0;168.0;29.0;10.0;16.0;107.0;107.0;403.0;10720.0;6028.0;1321.0;1489.0;90.0;423.0;256.0;257.0;856.0;22.0;12048.0;6180.0;915.0;979.0;72.0;2316.0;899.0;277.0;410.0;;;;;;;;;;;923.0;3289.0;2204.0;297.0;359.0;36.0;20.0;28.0;148.0;197.0;;;;;;;;;;;1030.0;4630.0;3064.0;374.0;484.0;41.0;65.0;44.0;197.0;361.0;;;;;;;;;;;3388.0;24520.0;15334.0;2171.0;3050.0;187.0;506.0;312.0;805.0;2155.0;30.0;1881.0;1156.0;151.0;218.0;27.0;66.0;25.0;60.0;178.0;;;;;;;;;;;11005.0;101534.0;57678.0;9171.0;11392.0;841.0;9875.0;2374.0;3045.0;7158.0;39.0;24426.0;10429.0;1632.0;1609.0;163.0;8051.0;1214.0;531.0;797.0;6.0;10800.0;3383.0;635.0;572.0;68.0;5515.0;148.0;227.0;252.0
ŁÓDZKIE;PIOTRKOWSKI;1002.0;277.0;170.0;4.0;1.0;64.0;2.0;1.0;32.0;3.0;1043.0;775.0;612.0;26.0;7.0;43.0;8.0;2.0;54.0;23.0;2297.0;3502.0;2675.0;186.0;104.0;45.0;63.0;9.0;193.0;227.0;2471.0;31773.0;19383.0;2323.0;2606.0;325.0;2189.0;290.0;1105.0;3552.0;25.0;3980.0;2328.0;304.0;239.0;58.0;613.0;54.0;89.0;295.0;2001.0;5090.0;3599.0;368.0;234.0;45.0;158.0;17.0;257.0;412.0;210.0;5420.0;3043.0;448.0;442.0;74.0;476.0;121.0;152.0;664.0;60.0;24526.0;12762.0;1990.0;1008.0;264.0;7094.0;278.0;482.0;648.0;;;;;;;;;;;2721.0;9739.0;6535.0;733.0;552.0;98.0;381.0;41.0;485.0;914.0;;;;;;;;;;;2471.0;11091.0;7202.0;796.0;717.0;76.0;496.0;63.0;584.0;1157.0;;;;;;;;;;;7842.0;55030.0;34945.0;4082.0;4252.0;465.0;2939.0;350.0;2375.0;5622.0;18.0;1363.0;792.0;152.0;104.0;21.0;143.0;33.0;25.0;93.0;;;;;;;;;;;22169.0;184727.0;96681.0;11944.0;10713.0;1626.0;42525.0;1394.0;6072.0;13772.0;93.0;60667.0;17725.0;2826.0;1694.0;370.0;35670.0;467.0;810.0;1105.0;8.0;32161.0;2635.0;532.0;447.0;48.0;27963.0;135.0;239.0;162.0
ŁÓDZKIE;RADOMSZCZAŃSKI;1221.0;364.0;278.0;5.0;1.0;37.0;1.0;0.0;39.0;3.0;1689.0;1216.0;1025.0;43.0;6.0;62.0;8.0;1.0;60.0;11.0;3039.0;4628.0;3654.0;374.0;94.0;39.0;74.0;6.0;246.0;141.0;1603.0;20307.0;11338.0;2151.0;1897.0;170.0;2009.0;151.0;599.0;1992.0;25.0;3563.0;1922.0;463.0;255.0;49.0;638.0;46.0;99.0;91.0;2864.0;7322.0;5272.0;822.0;254.0;37.0;202.0;17.0;361.0;357.0;125.0;3391.0;1719.0;367.0;261.0;46.0;386.0;101.0;83.0;428.0;72.0;34413.0;14583.0;2556.0;2142.0;223.0;13016.0;525.0;649.0;719.0;;;;;;;;;;;3443.0;12275.0;8105.0;1697.0;611.0;60.0;419.0;44.0;611.0;728.0;;;;;;;;;;;2689.0;12170.0;7650.0;1591.0;706.0;58.0;648.0;62.0;583.0;872.0;;;;;;;;;;;7121.0;48767.0;29012.0;5693.0;3601.0;263.0;3906.0;303.0;1888.0;4101.0;23.0;1610.0;709.0;246.0;147.0;26.0;173.0;121.0;25.0;163.0;;;;;;;;;;;23934.0;184445.0;91665.0;17909.0;11143.0;1176.0;45173.0;1696.0;5760.0;9923.0;117.0;72395.0;22903.0;4920.0;3565.0;378.0;37347.0;890.0;1265.0;1127.0;20.0;34419.0;6398.0;1901.0;1168.0;106.0;23693.0;319.0;517.0;317.0
ŁÓDZKIE;SIERADZKI;1012.0;302.0;203.0;3.0;2.0;43.0;1.0;1.0;47.0;2.0;1209.0;879.0;735.0;23.0;11.0;43.0;1.0;1.0;57.0;8.0;1970.0;3023.0;2328.0;195.0;143.0;61.0;15.0;4.0;175.0;102.0;2053.0;26519.0;15953.0;2397.0;3202.0;242.0;1056.0;191.0;818.0;2660.0;27.0;3993.0;2392.0;144.0;421.0;61.0;746.0;30.0;92.0;107.0;1592.0;4078.0;2880.0;280.0;334.0;60.0;44.0;10.0;207.0;263.0;192.0;5099.0;2833.0;449.0;541.0;116.0;451.0;99.0;142.0;468.0;52.0;24292.0;11055.0;1238.0;1420.0;236.0;8878.0;200.0;339.0;926.0;;;;;;;;;;;1996.0;7105.0;4806.0;634.0;647.0;75.0;81.0;23.0;345.0;494.0;;;;;;;;;;;2008.0;8991.0;5973.0;697.0;953.0;81.0;132.0;29.0;424.0;702.0;;;;;;;;;;;6041.0;42375.0;27027.0;3660.0;4906.0;340.0;860.0;168.0;1620.0;3794.0;24.0;1661.0;816.0;165.0;220.0;62.0;220.0;37.0;45.0;96.0;;;;;;;;;;;18183.0;144944.0;77830.0;9998.0;12938.0;1490.0;27592.0;888.0;4465.0;9743.0;86.0;44912.0;14276.0;1495.0;1979.0;367.0;24731.0;325.0;585.0;1154.0;7.0;16627.0;829.0;113.0;138.0;70.0;15107.0;95.0;154.0;121.0
ŁÓDZKIE;SŁUPECKI;659.0;196.0;133.0;3.0;0.0;32.0;0.0;1.0;26.0;1.0;720.0;529.0;433.0;17.0;2.0;35.0;1.0;0.0;36.0;5.0;975.0;1484.0;1161.0;121.0;37.0;27.0;7.0;5.0;87.0;39.0;1867.0;25213.0;17564.0;1960.0;2096.0;218.0;918.0;252.0;868.0;1337.0;27.0;4138.0;2879.0;265.0;173.0;48.0;207.0;233.0;79.0;254.0;694.0;1770.0;1295.0;165.0;89.0;22.0;18.0;8.0;100.0;73.0;334.0;9110.0;6584.0;654.0;689.0;85.0;276.0;141.0;272.0;409.0;48.0;21078.0;14054.0;1360.0;876.0;152.0;2333.0;1339.0;471.0;493.0;;;;;;;;;;;881.0;3129.0;2152.0;306.0;182.0;29.0;90.0;17.0;178.0;175.0;;;;;;;;;;;774.0;3496.0;2465.0;277.0;258.0;28.0;85.0;18.0;191.0;174.0;;;;;;;;;;;2730.0;19808.0;13846.0;1502.0;1587.0;154.0;589.0;139.0;857.0;1134.0;24.0;1590.0;1135.0;108.0;86.0;19.0;17.0;53.0;41.0;131.0;;;;;;;;;;;9741.0;108139.0;67416.0;7579.0;6794.0;922.0;14446.0;2877.0;3449.0;4656.0;83.0;41814.0;20648.0;2466.0;1768.0;273.0;12445.0;2243.0;793.0;1178.0;8.0;16598.0;3715.0;841.0;719.0;73.0;9905.0;671.0;243.0;431.0
ŁÓDZKIE;TURECKI;755.0;223.0;153.0;2.0;1.0;35.0;0.0;0.0;32.0;0.0;1099.0;746.0;663.0;17.0;9.0;17.0;0.0;1.0;34.0;5.0;964.0;1495.0;1127.0;124.0;64.0;28.0;11.0;5.0;96.0;40.0;2463.0;32543.0;20512.0;3092.0;3854.0;303.0;903.0;362.0;1130.0;2387.0;16.0;2259.0;1601.0;148.0;144.0;31.0;89.0;48.0;64.0;134.0;823.0;2100.0;1477.0;160.0;185.0;27.0;22.0;20.0;116.0;93.0;334.0;8419.0;4862.0;1066.0;1028.0;116.0;403.0;150.0;251.0;543.0;30.0;10260.0;6127.0;829.0;837.0;108.0;1672.0;128.0;285.0;274.0;;;;;;;;;;;1078.0;3827.0;2557.0;307.0;392.0;44.0;38.0;30.0;212.0;247.0;;;;;;;;;;;1348.0;6002.0;3933.0;452.0;676.0;59.0;118.0;34.0;303.0;427.0;;;;;;;;;;;4030.0;29360.0;18979.0;2367.0;3485.0;265.0;637.0;230.0;1276.0;2121.0;18.0;1212.0;615.0;53.0;110.0;13.0;286.0;9.0;40.0;86.0;;;;;;;;;;;12973.0;115934.0;68565.0;9613.0;11821.0;1160.0;12521.0;1212.0;4325.0;6717.0;61.0;30007.0;13687.0;1973.0;2017.0;253.0;10103.0;371.0;835.0;768.0;15.0;17488.0;5959.0;996.0;1036.0;114.0;8342.0;195.0;486.0;360.0
ŁÓDZKIE;WIELUŃSKI;963.0;290.0;230.0;5.0;3.0;18.0;1.0;0.0;31.0;2.0;1585.0;1181.0;1014.0;46.0;16.0;14.0;6.0;1.0;70.0;14.0;3263.0;4920.0;3856.0;336.0;195.0;39.0;73.0;7.0;270.0;144.0;2248.0;28985.0;15342.0;2582.0;2891.0;193.0;3332.0;138.0;943.0;3564.0;17.0;2531.0;1250.0;242.0;204.0;23.0;521.0;32.0;60.0;199.0;2266.0;5792.0;4113.0;501.0;333.0;33.0;177.0;11.0;329.0;295.0;190.0;4915.0;2223.0;406.0;478.0;76.0;663.0;75.0;135.0;859.0;46.0;21153.0;9310.0;1454.0;1047.0;170.0;8194.0;119.0;338.0;521.0;;;;;;;;;;;3134.0;11194.0;7535.0;1011.0;831.0;72.0;368.0;25.0;651.0;701.0;;;;;;;;;;;2578.0;11681.0;7530.0;1113.0;996.0;68.0;522.0;28.0;645.0;779.0;;;;;;;;;;;8220.0;56910.0;34697.0;5070.0;5539.0;444.0;3444.0;197.0;2640.0;4879.0;17.0;1113.0;577.0;115.0;61.0;9.0;201.0;31.0;12.0;107.0;;;;;;;;;;;24538.0;180728.0;91026.0;13880.0;12928.0;1206.0;41660.0;979.0;6372.0;12677.0;74.0;53747.0;13909.0;2695.0;1585.0;240.0;32873.0;466.0;646.0;1333.0;11.0;30063.0;3349.0;999.0;334.0;47.0;24158.0;315.0;248.0;613.0
ŁÓDZKIE;ŁASKI;1207.0;314.0;173.0;4.0;1.0;61.0;1.0;0.0;71.0;3.0;920.0;673.0;554.0;15.0;4.0;40.0;3.0;1.0;48.0;8.0;1698.0;2630.0;2084.0;135.0;61.0;36.0;29.0;4.0;157.0;124.0;1679.0;21821.0;13340.0;1593.0;2296.0;247.0;1083.0;173.0;807.0;2282.0;22.0;3350.0;1845.0;229.0;286.0;82.0;404.0;72.0;60.0;372.0;1477.0;3755.0;2759.0;272.0;169.0;54.0;54.0;9.0;197.0;241.0;176.0;4670.0;2634.0;407.0;451.0;84.0;440.0;72.0;139.0;443.0;48.0;18427.0;8292.0;1233.0;1625.0;215.0;5113.0;336.0;329.0;1284.0;;;;;;;;;;;1686.0;6031.0;4141.0;464.0;373.0;57.0;142.0;24.0;311.0;519.0;;;;;;;;;;;1890.0;8420.0;5537.0;619.0;704.0;63.0;194.0;24.0;472.0;807.0;;;;;;;;;;;4832.0;34055.0;21389.0;2526.0;3203.0;310.0;1344.0;189.0;1528.0;3566.0;26.0;1876.0;1071.0;168.0;144.0;47.0;229.0;68.0;41.0;108.0;;;;;;;;;;;15667.0;126040.0;66420.0;8100.0;10120.0;1391.0;24881.0;1029.0;4219.0;9880.0;76.0;41795.0;12738.0;1897.0;2714.0;392.0;21362.0;465.0;448.0;1779.0;6.0;20018.0;2601.0;435.0;803.0;95.0;15845.0;57.0;59.0;123.0
ŁÓDZKIE;ŁÓDZKI;1664.0;411.0;177.0;3.0;1.0;116.0;1.0;1.0;110.0;2.0;816.0;593.0;474.0;10.0;14.0;43.0;5.0;1.0;43.0;3.0;940.0;1381.0;1060.0;56.0;72.0;57.0;19.0;2.0;89.0;26.0;1313.0;17143.0;11799.0;1081.0;1291.0;349.0;491.0;112.0;724.0;1296.0;12.0;1768.0;1005.0;259.0;112.0;32.0;221.0;14.0;38.0;87.0;712.0;1826.0;1408.0;91.0;70.0;42.0;11.0;2.0;121.0;81.0;153.0;3933.0;2412.0;274.0;364.0;70.0;269.0;84.0;130.0;330.0;22.0;9432.0;4785.0;715.0;260.0;157.0;2707.0;391.0;176.0;241.0;;;;;;;;;;;1003.0;3569.0;2644.0;196.0;184.0;70.0;33.0;9.0;222.0;211.0;;;;;;;;;;;1182.0;5319.0;3748.0;371.0;344.0;79.0;43.0;23.0;336.0;375.0;;;;;;;;;;;3581.0;25612.0;17678.0;1708.0;1806.0;437.0;435.0;92.0;1398.0;2058.0;11.0;823.0;477.0;77.0;52.0;26.0;49.0;55.0;41.0;46.0;;;;;;;;;;;11412.0;75984.0;48665.0;5085.0;4669.0;1498.0;6908.0;895.0;3481.0;4783.0;37.0;15374.0;6788.0;1218.0;471.0;209.0;5552.0;514.0;267.0;355.0;3.0;4174.0;998.0;244.0;99.0;20.0;2624.0;109.0;53.0;27.0
ŁÓDZKIE;ŁÓDŹ (MIASTO);644.0;94.0;36.0;1.0;0.0;50.0;0.0;0.0;6.0;1.0;90.0;62.0;44.0;2.0;0.0;12.0;0.0;0.0;3.0;1.0;92.0;137.0;99.0;7.0;3.0;19.0;1.0;1.0;6.0;1.0;19.0;249.0;149.0;12.0;11.0;24.0;0.0;1.0;16.0;36.0;0.0;0.0;0.0;0.0;0.0;0.0;0.0;0.0;0.0;0.0;58.0;149.0;110.0;10.0;4.0;18.0;1.0;1.0;4.0;1.0;6.0;168.0;117.0;7.0;12.0;9.0;1.0;14.0;3.0;5.0;0.0;0.0;0.0;0.0;0.0;0.0;0.0;0.0;0.0;0.0;;;;;;;;;;;75.0;268.0;191.0;24.0;14.0;16.0;0.0;3.0;12.0;8.0;;;;;;;;;;;27.0;118.0;78.0;9.0;4.0;16.0;0.0;1.0;4.0;6.0;;;;;;;;;;;66.0;453.0;305.0;35.0;31.0;35.0;3.0;4.0;20.0;20.0;1.0;79.0;73.0;0.0;2.0;0.0;0.0;3.0;1.0;0.0;;;;;;;;;;;1078.0;1777.0;1202.0;107.0;81.0;199.0;6.0;28.0;75.0;79.0;0.0;0.0;0.0;0.0;0.0;0.0;0.0;0.0;0.0;0.0;0.0;0.0;0.0;0.0;0.0;0.0;0.0;0.0;0.0;0.0
ŁÓDZKIE;ŁĘCZYCKI;988.0;300.0;235.0;7.0;1.0;30.0;0.0;1.0;25.0;1.0;1257.0;868.0;768.0;26.0;9.0;29.0;0.0;1.0;33.0;2.0;944.0;1408.0;1009.0;123.0;76.0;52.0;2.0;7.0;116.0;23.0;2415.0;31695.0;21447.0;2428.0;3076.0;396.0;441.0;621.0;1438.0;1848.0;43.0;6591.0;5117.0;483.0;366.0;67.0;115.0;143.0;185.0;115.0;717.0;1827.0;1330.0;129.0;135.0;38.0;5.0;16.0;131.0;43.0;349.0;9360.0;6391.0;740.0;803.0;150.0;201.0;222.0;359.0;494.0;65.0;26514.0;16981.0;2405.0;1661.0;270.0;3985.0;234.0;575.0;403.0;;;;;;;;;;;1055.0;3733.0;2649.0;282.0;300.0;51.0;13.0;42.0;265.0;131.0;;;;;;;;;;;855.0;3818.0;2704.0;257.0;372.0;37.0;20.0;29.0;237.0;162.0;;;;;;;;;;;4187.0;30572.0;21032.0;2288.0;3082.0;285.0;205.0;379.0;1660.0;1641.0;25.0;1605.0;990.0;175.0;122.0;41.0;78.0;101.0;45.0;53.0;;;;;;;;;;;12903.0;124527.0;81702.0;9602.0;10114.0;1459.0;9614.0;1838.0;5270.0;4928.0;111.0;39341.0;23147.0;3147.0;2138.0;350.0;8649.0;419.0;961.0;530.0;3.0;6236.0;1049.0;259.0;111.0;13.0;4549.0;42.0;201.0;12.0
ŚLĄSKIE;BIELSKI (BIELSKO);2702.0;721.0;477.0;17.0;25.0;104.0;2.0;0.0;93.0;3.0;1195.0;908.0;624.0;66.0;66.0;67.0;7.0;0.0;73.0;5.0;1704.0;2614.0;1843.0;204.0;251.0;125.0;24.0;4.0;141.0;22.0;768.0;10678.0;5568.0;868.0;2777.0;191.0;900.0;49.0;158.0;167.0;18.0;2501.0;1546.0;165.0;282.0;30.0;71.0;326.0;38.0;43.0;1327.0;3310.0;2332.0;282.0;366.0;131.0;46.0;1.0;138.0;14.0;303.0;8324.0;4438.0;564.0;1773.0;160.0;945.0;94.0;102.0;248.0;20.0;7229.0;2897.0;500.0;625.0;32.0;1753.0;1125.0;166.0;131.0;;;;;;;;;;;856.0;2988.0;2017.0;242.0;438.0;100.0;70.0;6.0;96.0;19.0;;;;;;;;;;;537.0;2408.0;1552.0;223.0;385.0;69.0;89.0;2.0;64.0;24.0;;;;;;;;;;;1281.0;8943.0;5160.0;779.0;2007.0;180.0;495.0;45.0;194.0;83.0;23.0;1673.0;658.0;88.0;370.0;14.0;340.0;102.0;19.0;82.0;;;;;;;;;;;;;;;;;;;;;46.0;29097.0;4721.0;767.0;1377.0;79.0;20187.0;1458.0;231.0;277.0;8.0;19367.0;278.0;102.0;470.0;17.0;18363.0;7.0;27.0;103.0
ŚLĄSKIE;BIELSKO (MIASTO);;;;;;;;;;;;;;;;;;;;;;;;;;;;;;;;;;;;;;;;;;;;;;;;;;;;;;;;;;;;;;;;;;;;;;;;;;;;;;;;;;;;;;;;;;;;;;;;;;;;;;;;;;;;;;;;;;;;;;;;;;;;;;;;;;;;;;;;;;;;;;;;;;;;;;;;;;;;;;;;;;;;;;;;;;;;;;;;;;;;;;;;;;;;;;
ŚLĄSKIE;CIESZYŃSKI;939.0;255.0;149.0;3.0;7.0;45.0;1.0;0.0;46.0;4.0;507.0;386.0;284.0;11.0;25.0;27.0;4.0;0.0;32.0;3.0;811.0;1243.0;943.0;38.0;113.0;55.0;22.0;1.0;66.0;5.0;221.0;3057.0;2072.0;140.0;377.0;68.0;257.0;9.0;81.0;53.0;10.0;1464.0;726.0;164.0;230.0;80.0;139.0;76.0;24.0;25.0;514.0;1285.0;935.0;37.0;147.0;45.0;62.0;1.0;52.0;6.0;108.0;3016.0;1905.0;160.0;419.0;81.0;289.0;5.0;94.0;63.0;7.0;3173.0;1163.0;118.0;125.0;9.0;1614.0;97.0;20.0;27.0;;;;;;;;;;;330.0;1160.0;784.0;42.0;152.0;40.0;97.0;2.0;36.0;7.0;;;;;;;;;;;230.0;1043.0;704.0;39.0;131.0;25.0;95.0;1.0;42.0;6.0;;;;;;;;;;;467.0;3220.0;2093.0;166.0;436.0;92.0;309.0;2.0;93.0;29.0;13.0;902.0;550.0;37.0;126.0;12.0;143.0;4.0;20.0;10.0;;;;;;;;;;;;;;;;;;;;;18.0;8759.0;1902.0;291.0;456.0;90.0;5700.0;173.0;45.0;102.0;1.0;4122.0;13.0;9.0;101.0;1.0;3947.0;0.0;1.0;50.0
