Region;District;Spis powszechny 1921/Wykształcenie ludności w wieku 10 lat i więcej/Liczba ludności w wieku 10 lat i więcej/Miasta/r;Spis powszechny 1921/Wykształcenie ludności w wieku 10 lat i więcej/Liczba ludności w wieku 10 lat i więcej/Ogółem/r;Spis powszechny 1921/Wykształcenie ludności w wieku 10 lat i więcej/Liczba ludności w wieku 10 lat i więcej/Wieś/r;Spis powszechny 1921/Wykształcenie ludności w wieku 10 lat i więcej/Liczba ludności w wieku 10 lat i więcej/Miasta/m;Spis powszechny 1921/Wykształcenie ludności w wieku 10 lat i więcej/Liczba ludności w wieku 10 lat i więcej/Ogółem/m;Spis powszechny 1921/Wykształcenie ludności w wieku 10 lat i więcej/Liczba ludności w wieku 10 lat i więcej/Wieś/m;Spis powszechny 1921/Wykształcenie ludności w wieku 10 lat i więcej/Liczba ludności w wieku 10 lat i więcej/Miasta/k;Spis powszechny 1921/Wykształcenie ludności w wieku 10 lat i więcej/Liczba ludności w wieku 10 lat i więcej/Ogółem/k;Spis powszechny 1921/Wykształcenie ludności w wieku 10 lat i więcej/Liczba ludności w wieku 10 lat i więcej/Wieś/k;Spis powszechny 1921/Wykształcenie ludności w wieku 10 lat i więcej/Domowe/Miasta/r;Spis powszechny 1921/Wykształcenie ludności w wieku 10 lat i więcej/Domowe/Ogółem/r;Spis powszechny 1921/Wykształcenie ludności w wieku 10 lat i więcej/Domowe/Wieś/r;Spis powszechny 1921/Wykształcenie ludności w wieku 10 lat i więcej/Domowe/Miasta/m;Spis powszechny 1921/Wykształcenie ludności w wieku 10 lat i więcej/Domowe/Ogółem/m;Spis powszechny 1921/Wykształcenie ludności w wieku 10 lat i więcej/Domowe/Wieś/m;Spis powszechny 1921/Wykształcenie ludności w wieku 10 lat i więcej/Domowe/Miasta/k;Spis powszechny 1921/Wykształcenie ludności w wieku 10 lat i więcej/Domowe/Ogółem/k;Spis powszechny 1921/Wykształcenie ludności w wieku 10 lat i więcej/Domowe/Wieś/k;Spis powszechny 1921/Wykształcenie ludności w wieku 10 lat i więcej/Początkowe/Miasta/r;Spis powszechny 1921/Wykształcenie ludności w wieku 10 lat i więcej/Początkowe/Ogółem/r;Spis powszechny 1921/Wykształcenie ludności w wieku 10 lat i więcej/Początkowe/Wieś/r;Spis powszechny 1921/Wykształcenie ludności w wieku 10 lat i więcej/Początkowe/Miasta/m;Spis powszechny 1921/Wykształcenie ludności w wieku 10 lat i więcej/Początkowe/Ogółem/m;Spis powszechny 1921/Wykształcenie ludności w wieku 10 lat i więcej/Początkowe/Wieś/m;Spis powszechny 1921/Wykształcenie ludności w wieku 10 lat i więcej/Początkowe/Miasta/k;Spis powszechny 1921/Wykształcenie ludności w wieku 10 lat i więcej/Początkowe/Ogółem/k;Spis powszechny 1921/Wykształcenie ludności w wieku 10 lat i więcej/Początkowe/Wieś/k;Spis powszechny 1921/Wykształcenie ludności w wieku 10 lat i więcej/Średnie/Miasta/r;Spis powszechny 1921/Wykształcenie ludności w wieku 10 lat i więcej/Średnie/Ogółem/r;Spis powszechny 1921/Wykształcenie ludności w wieku 10 lat i więcej/Średnie/Wieś/r;Spis powszechny 1921/Wykształcenie ludności w wieku 10 lat i więcej/Średnie/Miasta/m;Spis powszechny 1921/Wykształcenie ludności w wieku 10 lat i więcej/Średnie/Ogółem/m;Spis powszechny 1921/Wykształcenie ludności w wieku 10 lat i więcej/Średnie/Wieś/m;Spis powszechny 1921/Wykształcenie ludności w wieku 10 lat i więcej/Średnie/Miasta/k;Spis powszechny 1921/Wykształcenie ludności w wieku 10 lat i więcej/Średnie/Ogółem/k;Spis powszechny 1921/Wykształcenie ludności w wieku 10 lat i więcej/Średnie/Wieś/k;Spis powszechny 1921/Wykształcenie ludności w wieku 10 lat i więcej/Zawodowe średnie i niższe/Miasta/r;Spis powszechny 1921/Wykształcenie ludności w wieku 10 lat i więcej/Zawodowe średnie i niższe/Ogółem/r;Spis powszechny 1921/Wykształcenie ludności w wieku 10 lat i więcej/Zawodowe średnie i niższe/Wieś/r;Spis powszechny 1921/Wykształcenie ludności w wieku 10 lat i więcej/Zawodowe średnie i niższe/Miasta/m;Spis powszechny 1921/Wykształcenie ludności w wieku 10 lat i więcej/Zawodowe średnie i niższe/Ogółem/m;Spis powszechny 1921/Wykształcenie ludności w wieku 10 lat i więcej/Zawodowe średnie i niższe/Wieś/m;Spis powszechny 1921/Wykształcenie ludności w wieku 10 lat i więcej/Zawodowe średnie i niższe/Miasta/k;Spis powszechny 1921/Wykształcenie ludności w wieku 10 lat i więcej/Zawodowe średnie i niższe/Ogółem/k;Spis powszechny 1921/Wykształcenie ludności w wieku 10 lat i więcej/Zawodowe średnie i niższe/Wieś/k;Spis powszechny 1921/Wykształcenie ludności w wieku 10 lat i więcej/Wyższe/Miasta/r;Spis powszechny 1921/Wykształcenie ludności w wieku 10 lat i więcej/Wyższe/Ogółem/r;Spis powszechny 1921/Wykształcenie ludności w wieku 10 lat i więcej/Wyższe/Wieś/r;Spis powszechny 1921/Wykształcenie ludności w wieku 10 lat i więcej/Wyższe/Miasta/m;Spis powszechny 1921/Wykształcenie ludności w wieku 10 lat i więcej/Wyższe/Ogółem/m;Spis powszechny 1921/Wykształcenie ludności w wieku 10 lat i więcej/Wyższe/Wieś/m;Spis powszechny 1921/Wykształcenie ludności w wieku 10 lat i więcej/Wyższe/Miasta/k;Spis powszechny 1921/Wykształcenie ludności w wieku 10 lat i więcej/Wyższe/Ogółem/k;Spis powszechny 1921/Wykształcenie ludności w wieku 10 lat i więcej/Wyższe/Wieś/k;Spis powszechny 1921/Wykształcenie ludności w wieku 10 lat i więcej/Niewiadome/Miasta/r;Spis powszechny 1921/Wykształcenie ludności w wieku 10 lat i więcej/Niewiadome/Ogółem/r;Spis powszechny 1921/Wykształcenie ludności w wieku 10 lat i więcej/Niewiadome/Wieś/r;Spis powszechny 1921/Wykształcenie ludności w wieku 10 lat i więcej/Niewiadome/Miasta/m;Spis powszechny 1921/Wykształcenie ludności w wieku 10 lat i więcej/Niewiadome/Ogółem/m;Spis powszechny 1921/Wykształcenie ludności w wieku 10 lat i więcej/Niewiadome/Wieś/m;Spis powszechny 1921/Wykształcenie ludności w wieku 10 lat i więcej/Niewiadome/Miasta/k;Spis powszechny 1921/Wykształcenie ludności w wieku 10 lat i więcej/Niewiadome/Ogółem/k;Spis powszechny 1921/Wykształcenie ludności w wieku 10 lat i więcej/Niewiadome/Wieś/k;Spis powszechny 1921/Wykształcenie ludności w wieku 10 lat i więcej/Nie umiało czytać/Miasta/r;Spis powszechny 1921/Wykształcenie ludności w wieku 10 lat i więcej/Nie umiało czytać/Ogółem/r;Spis powszechny 1921/Wykształcenie ludności w wieku 10 lat i więcej/Nie umiało czytać/Wieś/r;Spis powszechny 1921/Wykształcenie ludności w wieku 10 lat i więcej/Nie umiało czytać/Miasta/m;Spis powszechny 1921/Wykształcenie ludności w wieku 10 lat i więcej/Nie umiało czytać/Ogółem/m;Spis powszechny 1921/Wykształcenie ludności w wieku 10 lat i więcej/Nie umiało czytać/Wieś/m;Spis powszechny 1921/Wykształcenie ludności w wieku 10 lat i więcej/Nie umiało czytać/Miasta/k;Spis powszechny 1921/Wykształcenie ludności w wieku 10 lat i więcej/Nie umiało czytać/Ogółem/k;Spis powszechny 1921/Wykształcenie ludności w wieku 10 lat i więcej/Nie umiało czytać/Wieś/k;Spis powszechny 1921/Wykształcenie ludności w wieku 10 lat i więcej/Umiejętność czytania niewiadoma/Miasta/r;Spis powszechny 1921/Wykształcenie ludności w wieku 10 lat i więcej/Umiejętność czytania niewiadoma/Ogółem/r;Spis powszechny 1921/Wykształcenie ludności w wieku 10 lat i więcej/Umiejętność czytania niewiadoma/Wieś/r;Spis powszechny 1921/Wykształcenie ludności w wieku 10 lat i więcej/Umiejętność czytania niewiadoma/Miasta/m;Spis powszechny 1921/Wykształcenie ludności w wieku 10 lat i więcej/Umiejętność czytania niewiadoma/Ogółem/m;Spis powszechny 1921/Wykształcenie ludności w wieku 10 lat i więcej/Umiejętność czytania niewiadoma/Wieś/m;Spis powszechny 1921/Wykształcenie ludności w wieku 10 lat i więcej/Umiejętność czytania niewiadoma/Miasta/k;Spis powszechny 1921/Wykształcenie ludności w wieku 10 lat i więcej/Umiejętność czytania niewiadoma/Ogółem/k;Spis powszechny 1921/Wykształcenie ludności w wieku 10 lat i więcej/Umiejętność czytania niewiadoma/Wieś/k
BIAŁOSTOCKIE;AUGUSTOWSKI;6976.0;49102.0;42126.0;3147.0;22818.0;19671.0;3829.0;26284.0;22455.0;1919.0;16039.0;14120.0;779.0;7269.0;6490.0;1140.0;8770.0;7630.0;2520.0;11173.0;8653.0;1320.0;6351.0;5031.0;1200.0;4822.0;3622.0;294.0;530.0;236.0;124.0;256.0;132.0;170.0;274.0;104.0;66.0;171.0;105.0;56.0;144.0;88.0;10.0;27.0;17.0;51.0;81.0;30.0;46.0;74.0;28.0;5.0;7.0;2.0;380.0;3829.0;3449.0;165.0;1672.0;1507.0;215.0;2157.0;1942.0;1592.0;15581.0;13989.0;618.0;6438.0;5820.0;974.0;9143.0;8169.0;154.0;1698.0;1544.0;39.0;614.0;575.0;115.0;1084.0;969.0
BIAŁOSTOCKIE;BIAŁOSTOCKI;80428.0;149987.0;69559.0;36565.0;69583.0;33018.0;43863.0;80404.0;36541.0;21320.0;42813.0;21493.0;9594.0;19695.0;10101.0;11726.0;23118.0;11392.0;22192.0;32929.0;10737.0;11416.0;17572.0;6156.0;10776.0;15357.0;4581.0;7276.0;7752.0;476.0;3133.0;3384.0;251.0;4143.0;4368.0;225.0;881.0;1007.0;126.0;621.0;735.0;114.0;260.0;272.0;12.0;711.0;775.0;64.0;543.0;599.0;56.0;168.0;176.0;8.0;8001.0;21292.0;13291.0;3595.0;9745.0;6150.0;4406.0;11547.0;7141.0;13798.0;30776.0;16978.0;5441.0;13143.0;7702.0;8357.0;17633.0;9276.0;6249.0;12643.0;6394.0;2222.0;4710.0;2488.0;4027.0;7933.0;3906.0
BIAŁOSTOCKIE;BIAŁOWIESKI;0.0;13731.0;13731.0;0.0;6776.0;6776.0;0.0;6955.0;6955.0;0.0;2092.0;2092.0;0.0;1307.0;1307.0;0.0;785.0;785.0;0.0;2377.0;2377.0;0.0;1680.0;1680.0;0.0;697.0;697.0;0.0;276.0;276.0;0.0;150.0;150.0;0.0;126.0;126.0;0.0;84.0;84.0;0.0;69.0;69.0;0.0;15.0;15.0;0.0;59.0;59.0;0.0;58.0;58.0;0.0;1.0;1.0;0.0;762.0;762.0;0.0;528.0;528.0;0.0;234.0;234.0;0.0;6222.0;6222.0;0.0;2340.0;2340.0;0.0;3882.0;3882.0;0.0;1859.0;1859.0;0.0;644.0;644.0;0.0;1215.0;1215.0
BIAŁOSTOCKIE;BIELSKI (BIELSK PODLASKI);19662.0;102397.0;82735.0;9194.0;48839.0;39645.0;10468.0;53558.0;43090.0;6072.0;28427.0;22355.0;2843.0;13974.0;11131.0;3229.0;14453.0;11224.0;4863.0;24622.0;19759.0;2588.0;14575.0;11987.0;2275.0;10047.0;7772.0;609.0;1297.0;688.0;271.0;643.0;372.0;338.0;654.0;316.0;138.0;296.0;158.0;100.0;237.0;137.0;38.0;59.0;21.0;75.0;163.0;88.0;55.0;131.0;76.0;20.0;32.0;12.0;1702.0;7257.0;5555.0;833.0;3544.0;2711.0;869.0;3713.0;2844.0;4934.0;34969.0;30035.0;2019.0;13850.0;11831.0;2915.0;21119.0;18204.0;1269.0;5366.0;4097.0;485.0;1885.0;1400.0;784.0;3481.0;2697.0
BIAŁOSTOCKIE;GRODZIEŃSKI;37755.0;119701.0;81946.0;17380.0;56576.0;39196.0;20375.0;63125.0;42750.0;12135.0;35546.0;23411.0;5572.0;17951.0;12379.0;6563.0;17595.0;11032.0;7870.0;18798.0;10928.0;4299.0;11476.0;7177.0;3571.0;7322.0;3751.0;3913.0;4477.0;564.0;1677.0;1975.0;298.0;2236.0;2502.0;266.0;544.0;690.0;146.0;431.0;562.0;131.0;113.0;128.0;15.0;440.0;498.0;58.0;367.0;414.0;47.0;73.0;84.0;11.0;2245.0;12207.0;9962.0;1018.0;6278.0;5260.0;1227.0;5929.0;4702.0;8702.0;37084.0;28382.0;3313.0;14296.0;10983.0;5389.0;22788.0;17399.0;1906.0;10401.0;8495.0;703.0;3624.0;2921.0;1203.0;6777.0;5574.0
BIAŁOSTOCKIE;KOLNEŃSKI;5890.0;50195.0;44305.0;2682.0;23844.0;21162.0;3208.0;26351.0;23143.0;765.0;10072.0;9307.0;380.0;5186.0;4806.0;385.0;4886.0;4501.0;2343.0;13131.0;10788.0;1121.0;7231.0;6110.0;1222.0;5900.0;4678.0;162.0;441.0;279.0;81.0;243.0;162.0;81.0;198.0;117.0;39.0;98.0;59.0;29.0;76.0;47.0;10.0;22.0;12.0;18.0;54.0;36.0;17.0;48.0;31.0;1.0;6.0;5.0;164.0;2315.0;2151.0;78.0;1021.0;943.0;86.0;1294.0;1208.0;2184.0;21581.0;19397.0;897.0;9125.0;8228.0;1287.0;12456.0;11169.0;215.0;2503.0;2288.0;79.0;914.0;835.0;136.0;1589.0;1453.0
BIAŁOSTOCKIE;OSTROWSKI (OSTRÓW MAZOWIECKA);12512.0;72314.0;59802.0;5636.0;33815.0;28179.0;6876.0;38499.0;31623.0;2546.0;17821.0;15275.0;1136.0;8219.0;7083.0;1410.0;9602.0;8192.0;3435.0;15555.0;12120.0;1680.0;8687.0;7007.0;1755.0;6868.0;5113.0;577.0;1016.0;439.0;294.0;519.0;225.0;283.0;497.0;214.0;128.0;234.0;106.0;82.0;160.0;78.0;46.0;74.0;28.0;57.0;114.0;57.0;44.0;97.0;53.0;13.0;17.0;4.0;972.0;8403.0;7431.0;444.0;3798.0;3354.0;528.0;4605.0;4077.0;4020.0;25039.0;21019.0;1661.0;10719.0;9058.0;2359.0;14320.0;11961.0;777.0;4132.0;3355.0;295.0;1616.0;1321.0;482.0;2516.0;2034.0
BIAŁOSTOCKIE;OSTROŁĘCKI;7243.0;57451.0;50208.0;3401.0;27260.0;23859.0;3842.0;30191.0;26349.0;1659.0;13166.0;11507.0;772.0;6449.0;5677.0;887.0;6717.0;5830.0;2061.0;12288.0;10227.0;1100.0;6779.0;5679.0;961.0;5509.0;4548.0;248.0;612.0;364.0;112.0;304.0;192.0;136.0;308.0;172.0;89.0;203.0;114.0;70.0;168.0;98.0;19.0;35.0;16.0;44.0;79.0;35.0;40.0;69.0;29.0;4.0;10.0;6.0;651.0;7594.0;6943.0;292.0;3391.0;3099.0;359.0;4203.0;3844.0;2207.0;19357.0;17150.0;920.0;8497.0;7577.0;1287.0;10860.0;9573.0;284.0;4152.0;3868.0;95.0;1603.0;1508.0;189.0;2549.0;2360.0
BIAŁOSTOCKIE;SEJNEŃSKI;1808.0;15265.0;13457.0;697.0;6806.0;6109.0;1111.0;8459.0;7348.0;362.0;4573.0;4211.0;127.0;2031.0;1904.0;235.0;2542.0;2307.0;619.0;2580.0;1961.0;264.0;1461.0;1197.0;355.0;1119.0;764.0;68.0;161.0;93.0;30.0;89.0;59.0;38.0;72.0;34.0;19.0;43.0;24.0;14.0;34.0;20.0;5.0;9.0;4.0;12.0;27.0;15.0;10.0;23.0;13.0;2.0;4.0;2.0;213.0;1782.0;1569.0;77.0;789.0;712.0;136.0;993.0;857.0;323.0;5082.0;4759.0;114.0;2015.0;1901.0;209.0;3067.0;2858.0;192.0;1017.0;825.0;61.0;364.0;303.0;131.0;653.0;522.0
BIAŁOSTOCKIE;SOKÓLSKI;11416.0;71647.0;60231.0;5165.0;33477.0;28312.0;6251.0;38170.0;31919.0;3440.0;21270.0;17830.0;1525.0;10009.0;8484.0;1915.0;11261.0;9346.0;1892.0;8091.0;6199.0;1001.0;4608.0;3607.0;891.0;3483.0;2592.0;268.0;521.0;253.0;112.0;244.0;132.0;156.0;277.0;121.0;62.0;159.0;97.0;49.0;134.0;85.0;13.0;25.0;12.0;44.0;93.0;49.0;39.0;80.0;41.0;5.0;13.0;8.0;2108.0;18498.0;16390.0;918.0;8323.0;7405.0;1190.0;10175.0;8985.0;3017.0;18102.0;15085.0;1323.0;8195.0;6872.0;1694.0;9907.0;8213.0;585.0;4913.0;4328.0;198.0;1884.0;1686.0;387.0;3029.0;2642.0
BIAŁOSTOCKIE;SUWALSKI;13544.0;54921.0;41377.0;5890.0;24933.0;19043.0;7654.0;29988.0;22334.0;3432.0;15166.0;11734.0;1412.0;6908.0;5496.0;2020.0;8258.0;6238.0;4130.0;11413.0;7283.0;2153.0;6286.0;4133.0;1977.0;5127.0;3150.0;1391.0;1546.0;155.0;613.0;698.0;85.0;778.0;848.0;70.0;152.0;208.0;56.0;103.0;152.0;49.0;49.0;56.0;7.0;178.0;197.0;19.0;141.0;158.0;17.0;37.0;39.0;2.0;646.0;5577.0;4931.0;255.0;2508.0;2253.0;391.0;3069.0;2678.0;3021.0;18235.0;15214.0;1042.0;7302.0;6260.0;1979.0;10933.0;8954.0;594.0;2579.0;1985.0;171.0;921.0;750.0;423.0;1658.0;1235.0
BIAŁOSTOCKIE;SZCZUCZYŃSKI (WOJ. BIAŁOSTOCKIE);11100.0;45244.0;34144.0;4934.0;20943.0;16009.0;6166.0;24301.0;18135.0;2869.0;10203.0;7334.0;1266.0;4623.0;3357.0;1603.0;5580.0;3977.0;3640.0;12339.0;8699.0;1748.0;6701.0;4953.0;1892.0;5638.0;3746.0;347.0;526.0;179.0;163.0;258.0;95.0;184.0;268.0;84.0;54.0;111.0;57.0;48.0;97.0;49.0;6.0;14.0;8.0;51.0;82.0;31.0;45.0;74.0;29.0;6.0;8.0;2.0;593.0;4344.0;3751.0;274.0;1978.0;1704.0;319.0;2366.0;2047.0;3155.0;15993.0;12838.0;1267.0;6624.0;5357.0;1888.0;9369.0;7481.0;391.0;1646.0;1255.0;123.0;588.0;465.0;268.0;1058.0;790.0
BIAŁOSTOCKIE;WOŁKOWYSKI;12993.0;91224.0;78231.0;6208.0;43463.0;37255.0;6785.0;47761.0;40976.0;5354.0;29764.0;24410.0;2501.0;15110.0;12609.0;2853.0;14654.0;11801.0;3466.0;12695.0;9229.0;1950.0;8425.0;6475.0;1516.0;4270.0;2754.0;895.0;1444.0;549.0;396.0;663.0;267.0;499.0;781.0;282.0;165.0;301.0;136.0;141.0;255.0;114.0;24.0;46.0;22.0;106.0;185.0;79.0;89.0;156.0;67.0;17.0;29.0;12.0;499.0;6299.0;5800.0;217.0;3149.0;2932.0;282.0;3150.0;2868.0;1919.0;33898.0;31979.0;702.0;13366.0;12664.0;1217.0;20532.0;19315.0;589.0;6638.0;6049.0;212.0;2339.0;2127.0;377.0;4299.0;3922.0
BIAŁOSTOCKIE;WYSOKOMAZOWIECKI;6673.0;56189.0;49516.0;3062.0;26863.0;23801.0;3611.0;29326.0;25715.0;1443.0;12606.0;11163.0;673.0;5545.0;4872.0;770.0;7061.0;6291.0;1482.0;15078.0;13596.0;711.0;8532.0;7821.0;771.0;6546.0;5775.0;156.0;634.0;478.0;81.0;329.0;248.0;75.0;305.0;230.0;36.0;223.0;187.0;28.0;190.0;162.0;8.0;33.0;25.0;21.0;79.0;58.0;19.0;65.0;46.0;2.0;14.0;12.0;1095.0;7927.0;6832.0;520.0;3662.0;3142.0;575.0;4265.0;3690.0;1974.0;16170.0;14196.0;873.0;7218.0;6345.0;1101.0;8952.0;7851.0;466.0;3472.0;3006.0;157.0;1322.0;1165.0;309.0;2150.0;1841.0
BIAŁOSTOCKIE;ŁOMŻYŃSKI;22838.0;80418.0;57580.0;10528.0;37993.0;27465.0;12310.0;42425.0;30115.0;5800.0;20852.0;15052.0;2271.0;9048.0;6777.0;3529.0;11804.0;8275.0;7424.0;23839.0;16415.0;3920.0;13066.0;9146.0;3504.0;10773.0;7269.0;2301.0;2790.0;489.0;1146.0;1431.0;285.0;1155.0;1359.0;204.0;356.0;485.0;129.0;306.0;402.0;96.0;50.0;83.0;33.0;241.0;319.0;78.0;202.0;271.0;69.0;39.0;48.0;9.0;1622.0;6647.0;5025.0;761.0;3165.0;2404.0;861.0;3482.0;2621.0;4359.0;21555.0;17196.0;1651.0;9157.0;7506.0;2708.0;12398.0;9690.0;735.0;3931.0;3196.0;271.0;1453.0;1182.0;464.0;2478.0;2014.0
KIELECKIE;BĘDZIŃSKI;156977.0;297525.0;140548.0;74295.0;141904.0;67609.0;82682.0;155621.0;72939.0;21964.0;36923.0;14959.0;10330.0;17352.0;7022.0;11634.0;19571.0;7937.0;75486.0;137908.0;62422.0;38164.0;70942.0;32778.0;37322.0;66966.0;29644.0;10856.0;13852.0;2996.0;4934.0;6499.0;1565.0;5922.0;7353.0;1431.0;1144.0;1726.0;582.0;904.0;1380.0;476.0;240.0;346.0;106.0;1018.0;1261.0;243.0;851.0;1062.0;211.0;167.0;199.0;32.0;9233.0;22451.0;13218.0;4344.0;10518.0;6174.0;4889.0;11933.0;7044.0;30675.0;69437.0;38762.0;12316.0;28873.0;16557.0;18359.0;40564.0;22205.0;6601.0;13967.0;7366.0;2452.0;5278.0;2826.0;4149.0;8689.0;4540.0
KIELECKIE;CZĘSTOCHOWSKI;70346.0;175634.0;105288.0;30999.0;81538.0;50539.0;39347.0;94096.0;54749.0;9627.0;25590.0;15963.0;3945.0;11080.0;7135.0;5682.0;14510.0;8828.0;32133.0;76836.0;44703.0;15502.0;39139.0;23637.0;16631.0;37697.0;21066.0;7089.0;8497.0;1408.0;2968.0;3637.0;669.0;4121.0;4860.0;739.0;735.0;983.0;248.0;519.0;684.0;165.0;216.0;299.0;83.0;584.0;695.0;111.0;468.0;565.0;97.0;116.0;130.0;14.0;3228.0;5860.0;2632.0;1324.0;2590.0;1266.0;1904.0;3270.0;1366.0;14985.0;52810.0;37825.0;5624.0;22200.0;16576.0;9361.0;30610.0;21249.0;1965.0;4363.0;2398.0;649.0;1643.0;994.0;1316.0;2720.0;1404.0
KIELECKIE;IŁŻECKI;4210.0;102030.0;97820.0;1991.0;49022.0;47031.0;2219.0;53008.0;50789.0;959.0;20508.0;19549.0;478.0;9848.0;9370.0;481.0;10660.0;10179.0;1580.0;22732.0;21152.0;776.0;12481.0;11705.0;804.0;10251.0;9447.0;129.0;976.0;847.0;75.0;565.0;490.0;54.0;411.0;357.0;37.0;193.0;156.0;29.0;154.0;125.0;8.0;39.0;31.0;29.0;137.0;108.0;22.0;119.0;97.0;7.0;18.0;11.0;149.0;6194.0;6045.0;69.0;3022.0;2953.0;80.0;3172.0;3092.0;737.0;45993.0;45256.0;309.0;20700.0;20391.0;428.0;25293.0;24865.0;590.0;5297.0;4707.0;233.0;2133.0;1900.0;357.0;3164.0;2807.0
KIELECKIE;JĘDRZEJOWSKI;8956.0;73855.0;64899.0;4182.0;35279.0;31097.0;4774.0;38576.0;33802.0;2003.0;12683.0;10680.0;960.0;6149.0;5189.0;1043.0;6534.0;5491.0;2965.0;21975.0;19010.0;1451.0;11953.0;10502.0;1514.0;10022.0;8508.0;775.0;1318.0;543.0;419.0;722.0;303.0;356.0;596.0;240.0;53.0;177.0;124.0;31.0;136.0;105.0;22.0;41.0;19.0;44.0;118.0;74.0;39.0;100.0;61.0;5.0;18.0;13.0;172.0;2225.0;2053.0;87.0;1078.0;991.0;85.0;1147.0;1062.0;2490.0;31123.0;28633.0;1036.0;13564.0;12528.0;1454.0;17559.0;16105.0;454.0;4236.0;3782.0;159.0;1577.0;1418.0;295.0;2659.0;2364.0
KIELECKIE;KIELECKI;36267.0;135473.0;99206.0;16562.0;63746.0;47184.0;19705.0;71727.0;52022.0;7756.0;25220.0;17464.0;3343.0;11459.0;8116.0;4413.0;13761.0;9348.0;10400.0;32406.0;22006.0;5279.0;17617.0;12338.0;5121.0;14789.0;9668.0;4288.0;5220.0;932.0;1872.0;2376.0;504.0;2416.0;2844.0;428.0;413.0;601.0;188.0;330.0;492.0;162.0;83.0;109.0;26.0;557.0;649.0;92.0;479.0;553.0;74.0;78.0;96.0;18.0;2359.0;10997.0;8638.0;1132.0;5260.0;4128.0;1227.0;5737.0;4510.0;9058.0;52142.0;43084.0;3550.0;22678.0;19128.0;5508.0;29464.0;23956.0;1436.0;8238.0;6802.0;577.0;3311.0;2734.0;859.0;4927.0;4068.0
KIELECKIE;KONECKI;22472.0;108064.0;85592.0;10336.0;50765.0;40429.0;12136.0;57299.0;45163.0;3130.0;16925.0;13795.0;1560.0;7895.0;6335.0;1570.0;9030.0;7460.0;7176.0;24924.0;17748.0;3314.0;12972.0;9658.0;3862.0;11952.0;8090.0;1062.0;1726.0;664.0;488.0;875.0;387.0;574.0;851.0;277.0;194.0;345.0;151.0;159.0;276.0;117.0;35.0;69.0;34.0;103.0;180.0;77.0;90.0;156.0;66.0;13.0;24.0;11.0;2074.0;14054.0;11980.0;1041.0;6719.0;5678.0;1033.0;7335.0;6302.0;7151.0;43063.0;35912.0;3070.0;19142.0;16072.0;4081.0;23921.0;19840.0;1582.0;6847.0;5265.0;614.0;2730.0;2116.0;968.0;4117.0;3149.0
KIELECKIE;KOZIENICKI;5387.0;92731.0;87344.0;2544.0;44193.0;41649.0;2843.0;48538.0;45695.0;855.0;26271.0;25416.0;428.0;12412.0;11984.0;427.0;13859.0;13432.0;1738.0;20900.0;19162.0;789.0;11188.0;10399.0;949.0;9712.0;8763.0;242.0;854.0;612.0;141.0;491.0;350.0;101.0;363.0;262.0;50.0;251.0;201.0;40.0;201.0;161.0;10.0;50.0;40.0;29.0;99.0;70.0;24.0;86.0;62.0;5.0;13.0;8.0;95.0;2873.0;2778.0;60.0;1393.0;1333.0;35.0;1480.0;1445.0;2357.0;40722.0;38365.0;1053.0;18128.0;17075.0;1304.0;22594.0;21290.0;21.0;761.0;740.0;9.0;294.0;285.0;12.0;467.0;455.0
KIELECKIE;MIECHOWSKI;10589.0;110029.0;99440.0;4950.0;52322.0;47372.0;5639.0;57707.0;52068.0;1261.0;10368.0;9107.0;618.0;4315.0;3697.0;643.0;6053.0;5410.0;5033.0;55341.0;50308.0;2423.0;29261.0;26838.0;2610.0;26080.0;23470.0;588.0;1448.0;860.0;346.0;784.0;438.0;242.0;664.0;422.0;48.0;307.0;259.0;39.0;237.0;198.0;9.0;70.0;61.0;78.0;224.0;146.0;67.0;194.0;127.0;11.0;30.0;19.0;456.0;6299.0;5843.0;217.0;2660.0;2443.0;239.0;3639.0;3400.0;2798.0;31854.0;29056.0;1123.0;13346.0;12223.0;1675.0;18508.0;16833.0;327.0;4188.0;3861.0;117.0;1525.0;1408.0;210.0;2663.0;2453.0
KIELECKIE;OLKUSKI;5160.0;101836.0;96676.0;2350.0;48122.0;45772.0;2810.0;53714.0;50904.0;1063.0;18318.0;17255.0;501.0;8601.0;8100.0;562.0;9717.0;9155.0;1875.0;29914.0;28039.0;849.0;15752.0;14903.0;1026.0;14162.0;13136.0;406.0;1225.0;819.0;168.0;597.0;429.0;238.0;628.0;390.0;121.0;328.0;207.0;108.0;262.0;154.0;13.0;66.0;53.0;55.0;186.0;131.0;50.0;164.0;114.0;5.0;22.0;17.0;181.0;9853.0;9672.0;74.0;4477.0;4403.0;107.0;5376.0;5269.0;1316.0;37854.0;36538.0;551.0;16649.0;16098.0;765.0;21205.0;20440.0;143.0;4158.0;4015.0;49.0;1620.0;1571.0;94.0;2538.0;2444.0
KIELECKIE;OPATOWSKI;22122.0;122892.0;100770.0;9958.0;57556.0;47598.0;12164.0;65336.0;53172.0;3264.0;24643.0;21379.0;1550.0;11456.0;9906.0;1714.0;13187.0;11473.0;5889.0;32487.0;26598.0;2845.0;16809.0;13964.0;3044.0;15678.0;12634.0;1107.0;2107.0;1000.0;588.0;1160.0;572.0;519.0;947.0;428.0;99.0;298.0;199.0;63.0;224.0;161.0;36.0;74.0;38.0;85.0;208.0;123.0;69.0;179.0;110.0;16.0;29.0;13.0;2790.0;7511.0;4721.0;1307.0;3423.0;2116.0;1483.0;4088.0;2605.0;6646.0;51494.0;44848.0;2675.0;22690.0;20015.0;3971.0;28804.0;24833.0;2242.0;4144.0;1902.0;861.0;1615.0;754.0;1381.0;2529.0;1148.0
KIELECKIE;OPOCZYŃSKI;5453.0;90992.0;85539.0;2504.0;43593.0;41089.0;2949.0;47399.0;44450.0;1043.0;13522.0;12479.0;506.0;6878.0;6372.0;537.0;6644.0;6107.0;1908.0;14713.0;12805.0;886.0;8040.0;7154.0;1022.0;6673.0;5651.0;221.0;777.0;556.0;105.0;384.0;279.0;116.0;393.0;277.0;30.0;161.0;131.0;25.0;103.0;78.0;5.0;58.0;53.0;41.0;104.0;63.0;36.0;93.0;57.0;5.0;11.0;6.0;300.0;8837.0;8537.0;141.0;4485.0;4344.0;159.0;4352.0;4193.0;1695.0;47490.0;45795.0;726.0;21425.0;20699.0;969.0;26065.0;25096.0;215.0;5388.0;5173.0;79.0;2185.0;2106.0;136.0;3203.0;3067.0
KIELECKIE;PIŃCZOWSKI;11061.0;91135.0;80074.0;5090.0;42696.0;37606.0;5971.0;48439.0;42468.0;2157.0;12671.0;10514.0;1117.0;5855.0;4738.0;1040.0;6816.0;5776.0;3408.0;34729.0;31321.0;1572.0;18541.0;16969.0;1836.0;16188.0;14352.0;473.0;1055.0;582.0;248.0;568.0;320.0;225.0;487.0;262.0;33.0;199.0;166.0;27.0;156.0;129.0;6.0;43.0;37.0;52.0;150.0;98.0;42.0;133.0;91.0;10.0;17.0;7.0;724.0;5479.0;4755.0;372.0;2571.0;2199.0;352.0;2908.0;2556.0;3596.0;32493.0;28897.0;1472.0;13258.0;11786.0;2124.0;19235.0;17111.0;618.0;4359.0;3741.0;240.0;1614.0;1374.0;378.0;2745.0;2367.0
KIELECKIE;RADOMSKI;51241.0;146186.0;94945.0;23458.0;69172.0;45714.0;27783.0;77014.0;49231.0;9637.0;28700.0;19063.0;4426.0;14138.0;9712.0;5211.0;14562.0;9351.0;15997.0;33064.0;17067.0;7880.0;17179.0;9299.0;8117.0;15885.0;7768.0;5235.0;5778.0;543.0;2406.0;2678.0;272.0;2829.0;3100.0;271.0;632.0;781.0;149.0;534.0;657.0;123.0;98.0;124.0;26.0;534.0;621.0;87.0;432.0;502.0;70.0;102.0;119.0;17.0;3255.0;11056.0;7801.0;1607.0;5446.0;3839.0;1648.0;5610.0;3962.0;13157.0;58153.0;44996.0;5130.0;25381.0;20251.0;8027.0;32772.0;24745.0;2794.0;8033.0;5239.0;1043.0;3191.0;2148.0;1751.0;4842.0;3091.0
KIELECKIE;SANDOMIERSKI;11792.0;84947.0;73155.0;5410.0;40073.0;34663.0;6382.0;44874.0;38492.0;2034.0;19720.0;17686.0;901.0;8578.0;7677.0;1133.0;11142.0;10009.0;4047.0;21475.0;17428.0;1985.0;11509.0;9524.0;2062.0;9966.0;7904.0;736.0;1273.0;537.0;382.0;671.0;289.0;354.0;602.0;248.0;68.0;205.0;137.0;53.0;159.0;106.0;15.0;46.0;31.0;110.0;196.0;86.0;99.0;173.0;74.0;11.0;23.0;12.0;664.0;6073.0;5409.0;316.0;2745.0;2429.0;348.0;3328.0;2980.0;3611.0;32570.0;28959.0;1464.0;14785.0;13321.0;2147.0;17785.0;15638.0;522.0;3435.0;2913.0;210.0;1453.0;1243.0;312.0;1982.0;1670.0
KIELECKIE;STOPNICKI;8777.0;105817.0;97040.0;4095.0;49734.0;45639.0;4682.0;56083.0;51401.0;1422.0;17334.0;15912.0;790.0;8069.0;7279.0;632.0;9265.0;8633.0;2329.0;28014.0;25685.0;1092.0;15340.0;14248.0;1237.0;12674.0;11437.0;178.0;706.0;528.0;88.0;379.0;291.0;90.0;327.0;237.0;50.0;180.0;130.0;41.0;146.0;105.0;9.0;34.0;25.0;34.0;114.0;80.0;33.0;104.0;71.0;1.0;10.0;9.0;946.0;11629.0;10683.0;496.0;5432.0;4936.0;450.0;6197.0;5747.0;3268.0;41356.0;38088.0;1362.0;17796.0;16434.0;1906.0;23560.0;21654.0;550.0;6484.0;5934.0;193.0;2468.0;2275.0;357.0;4016.0;3659.0
KIELECKIE;WŁOSZCZOWSKI;8177.0;67128.0;58951.0;3854.0;32330.0;28476.0;4323.0;34798.0;30475.0;1418.0;11148.0;9730.0;695.0;5375.0;4680.0;723.0;5773.0;5050.0;2614.0;18323.0;15709.0;1312.0;10243.0;8931.0;1302.0;8080.0;6778.0;223.0;617.0;394.0;134.0;367.0;233.0;89.0;250.0;161.0;35.0;113.0;78.0;25.0;95.0;70.0;10.0;18.0;8.0;27.0;92.0;65.0;24.0;81.0;57.0;3.0;11.0;8.0;679.0;7208.0;6529.0;305.0;3333.0;3028.0;374.0;3875.0;3501.0;2949.0;27547.0;24598.0;1269.0;11998.0;10729.0;1680.0;15549.0;13869.0;232.0;2080.0;1848.0;90.0;838.0;748.0;142.0;1242.0;1100.0
KRAKOWSKIE;BIALSKI (BIAŁA KRAKOWSKA);12918.0;64917.0;51999.0;5563.0;29139.0;23576.0;7355.0;35778.0;28423.0;189.0;2310.0;2121.0;109.0;970.0;861.0;80.0;1340.0;1260.0;9890.0;50016.0;40126.0;4069.0;22505.0;18436.0;5821.0;27511.0;21690.0;723.0;1201.0;478.0;368.0;663.0;295.0;355.0;538.0;183.0;627.0;956.0;329.0;397.0;616.0;219.0;230.0;340.0;110.0;190.0;285.0;95.0;176.0;266.0;90.0;14.0;19.0;5.0;242.0;2638.0;2396.0;86.0;1086.0;1000.0;156.0;1552.0;1396.0;934.0;6971.0;6037.0;311.0;2811.0;2500.0;623.0;4160.0;3537.0;123.0;540.0;417.0;47.0;222.0;175.0;76.0;318.0;242.0
KRAKOWSKIE;BOCHEŃSKI;15342.0;84037.0;68695.0;6892.0;38631.0;31739.0;8450.0;45406.0;36956.0;687.0;3290.0;2603.0;399.0;1563.0;1164.0;288.0;1727.0;1439.0;11268.0;63041.0;51773.0;4846.0;29023.0;24177.0;6422.0;34018.0;27596.0;910.0;1321.0;411.0;504.0;685.0;181.0;406.0;636.0;230.0;197.0;322.0;125.0;129.0;229.0;100.0;68.0;93.0;25.0;243.0;338.0;95.0;226.0;314.0;88.0;17.0;24.0;7.0;361.0;1796.0;1435.0;174.0;822.0;648.0;187.0;974.0;787.0;1494.0;13258.0;11764.0;542.0;5714.0;5172.0;952.0;7544.0;6592.0;182.0;671.0;489.0;72.0;281.0;209.0;110.0;390.0;280.0
KRAKOWSKIE;BRZESKI (BRZESKO);4117.0;75257.0;71140.0;1836.0;34414.0;32578.0;2281.0;40843.0;38562.0;185.0;4494.0;4309.0;107.0;2086.0;1979.0;78.0;2408.0;2330.0;3057.0;53260.0;50203.0;1321.0;24509.0;23188.0;1736.0;28751.0;27015.0;185.0;738.0;553.0;91.0;387.0;296.0;94.0;351.0;257.0;36.0;226.0;190.0;22.0;159.0;137.0;14.0;67.0;53.0;55.0;184.0;129.0;51.0;165.0;114.0;4.0;19.0;15.0;47.0;1695.0;1648.0;33.0;757.0;724.0;14.0;938.0;924.0;521.0;13986.0;13465.0;199.0;6055.0;5856.0;322.0;7931.0;7609.0;31.0;674.0;643.0;12.0;296.0;284.0;19.0;378.0;359.0
KRAKOWSKIE;CHRZANOWSKI;24056.0;89692.0;65636.0;11642.0;42639.0;30997.0;12414.0;47053.0;34639.0;689.0;1839.0;1150.0;448.0;985.0;537.0;241.0;854.0;613.0;18512.0;67239.0;48727.0;8871.0;32139.0;23268.0;9641.0;35100.0;25459.0;551.0;1305.0;754.0;314.0;701.0;387.0;237.0;604.0;367.0;236.0;735.0;499.0;193.0;564.0;371.0;43.0;171.0;128.0;174.0;396.0;222.0;161.0;365.0;204.0;13.0;31.0;18.0;741.0;4067.0;3326.0;366.0;1792.0;1426.0;375.0;2275.0;1900.0;2853.0;12586.0;9733.0;1150.0;5413.0;4263.0;1703.0;7173.0;5470.0;300.0;1525.0;1225.0;139.0;680.0;541.0;161.0;845.0;684.0
KRAKOWSKIE;DĄBROWSKI;3191.0;51088.0;47897.0;1503.0;24042.0;22539.0;1688.0;27046.0;25358.0;385.0;3598.0;3213.0;230.0;1728.0;1498.0;155.0;1870.0;1715.0;1835.0;34834.0;32999.0;810.0;16464.0;15654.0;1025.0;18370.0;17345.0;61.0;355.0;294.0;31.0;167.0;136.0;30.0;188.0;158.0;16.0;97.0;81.0;7.0;68.0;61.0;9.0;29.0;20.0;25.0;88.0;63.0;25.0;81.0;56.0;0.0;7.0;7.0;107.0;1635.0;1528.0;63.0;711.0;648.0;44.0;924.0;880.0;646.0;9315.0;8669.0;293.0;4318.0;4025.0;353.0;4997.0;4644.0;116.0;1166.0;1050.0;44.0;505.0;461.0;72.0;661.0;589.0
KRAKOWSKIE;GORLICKI;7663.0;62604.0;54941.0;3517.0;29288.0;25771.0;4146.0;33316.0;29170.0;348.0;3248.0;2900.0;210.0;1577.0;1367.0;138.0;1671.0;1533.0;5237.0;36972.0;31735.0;2324.0;17312.0;14988.0;2913.0;19660.0;16747.0;387.0;820.0;433.0;185.0;411.0;226.0;202.0;409.0;207.0;90.0;257.0;167.0;58.0;176.0;118.0;32.0;81.0;49.0;115.0;240.0;125.0;106.0;217.0;111.0;9.0;23.0;14.0;242.0;2798.0;2556.0;136.0;1305.0;1169.0;106.0;1493.0;1387.0;1087.0;17057.0;15970.0;435.0;7769.0;7334.0;652.0;9288.0;8636.0;157.0;1212.0;1055.0;63.0;521.0;458.0;94.0;691.0;597.0
KRAKOWSKIE;GRYBOWSKI;3918.0;40922.0;37004.0;1740.0;18940.0;17200.0;2178.0;21982.0;19804.0;14.0;1315.0;1301.0;6.0;649.0;643.0;8.0;666.0;658.0;2788.0;25454.0;22666.0;1240.0;11690.0;10450.0;1548.0;13764.0;12216.0;140.0;354.0;214.0;69.0;174.0;105.0;71.0;180.0;109.0;40.0;100.0;60.0;34.0;80.0;46.0;6.0;20.0;14.0;46.0;100.0;54.0;43.0;96.0;53.0;3.0;4.0;1.0;266.0;1506.0;1240.0;113.0;696.0;583.0;153.0;810.0;657.0;543.0;10602.0;10059.0;195.0;4877.0;4682.0;348.0;5725.0;5377.0;81.0;1491.0;1410.0;40.0;678.0;638.0;41.0;813.0;772.0
KRAKOWSKIE;JASIELSKI;8799.0;68521.0;59722.0;3646.0;31479.0;27833.0;5153.0;37042.0;31889.0;148.0;4781.0;4633.0;76.0;2082.0;2006.0;72.0;2699.0;2627.0;6305.0;41530.0;35225.0;2408.0;18901.0;16493.0;3897.0;22629.0;18732.0;965.0;1362.0;397.0;543.0;781.0;238.0;422.0;581.0;159.0;191.0;299.0;108.0;140.0;228.0;88.0;51.0;71.0;20.0;267.0;367.0;100.0;213.0;306.0;93.0;54.0;61.0;7.0;134.0;2129.0;1995.0;29.0;952.0;923.0;105.0;1177.0;1072.0;585.0;16468.0;15883.0;176.0;7527.0;7351.0;409.0;8941.0;8532.0;204.0;1585.0;1381.0;61.0;702.0;641.0;143.0;883.0;740.0
KRAKOWSKIE;KRAKOWSKI;0.0;51645.0;51645.0;0.0;24029.0;24029.0;0.0;27616.0;27616.0;0.0;524.0;524.0;0.0;222.0;222.0;0.0;302.0;302.0;0.0;41899.0;41899.0;0.0;19408.0;19408.0;0.0;22491.0;22491.0;0.0;653.0;653.0;0.0;322.0;322.0;0.0;331.0;331.0;0.0;328.0;328.0;0.0;245.0;245.0;0.0;83.0;83.0;0.0;202.0;202.0;0.0;178.0;178.0;0.0;24.0;24.0;0.0;520.0;520.0;0.0;219.0;219.0;0.0;301.0;301.0;0.0;7433.0;7433.0;0.0;3401.0;3401.0;0.0;4032.0;4032.0;0.0;86.0;86.0;0.0;34.0;34.0;0.0;52.0;52.0
KRAKOWSKIE;KRAKÓW (MIASTO);154656.0;154656.0;0.0;68660.0;68660.0;0.0;85996.0;85996.0;0.0;9415.0;9415.0;0.0;4101.0;4101.0;0.0;5314.0;5314.0;0.0;99778.0;99778.0;0.0;41328.0;41328.0;0.0;58450.0;58450.0;0.0;15471.0;15471.0;0.0;8011.0;8011.0;0.0;7460.0;7460.0;0.0;8488.0;8488.0;0.0;4147.0;4147.0;0.0;4341.0;4341.0;0.0;7973.0;7973.0;0.0;6825.0;6825.0;0.0;1148.0;1148.0;0.0;173.0;173.0;0.0;87.0;87.0;0.0;86.0;86.0;0.0;13283.0;13283.0;0.0;4113.0;4113.0;0.0;9170.0;9170.0;0.0;75.0;75.0;0.0;48.0;48.0;0.0;27.0;27.0;0.0
KRAKOWSKIE;LIMANOWSKI;1662.0;60720.0;59058.0;770.0;28449.0;27679.0;892.0;32271.0;31379.0;188.0;2047.0;1859.0;132.0;969.0;837.0;56.0;1078.0;1022.0;1098.0;37975.0;36877.0;449.0;17746.0;17297.0;649.0;20229.0;19580.0;73.0;453.0;380.0;38.0;192.0;154.0;35.0;261.0;226.0;13.0;124.0;111.0;11.0;101.0;90.0;2.0;23.0;21.0;25.0;124.0;99.0;20.0;111.0;91.0;5.0;13.0;8.0;18.0;3515.0;3497.0;10.0;1507.0;1497.0;8.0;2008.0;2000.0;218.0;15967.0;15749.0;101.0;7606.0;7505.0;117.0;8361.0;8244.0;29.0;515.0;486.0;9.0;217.0;208.0;20.0;298.0;278.0
KRAKOWSKIE;MIELECKI;6526.0;57942.0;51416.0;2982.0;27705.0;24723.0;3544.0;30237.0;26693.0;250.0;2734.0;2484.0;151.0;1293.0;1142.0;99.0;1441.0;1342.0;4726.0;38743.0;34017.0;2098.0;18375.0;16277.0;2628.0;20368.0;17740.0;366.0;766.0;400.0;182.0;388.0;206.0;184.0;378.0;194.0;58.0;167.0;109.0;46.0;134.0;88.0;12.0;33.0;21.0;91.0;162.0;71.0;85.0;149.0;64.0;6.0;13.0;7.0;98.0;1778.0;1680.0;44.0;850.0;806.0;54.0;928.0;874.0;735.0;12929.0;12194.0;290.0;6236.0;5946.0;445.0;6693.0;6248.0;202.0;663.0;461.0;86.0;280.0;194.0;116.0;383.0;267.0
KRAKOWSKIE;MYŚLENICKI;6376.0;70318.0;63942.0;2849.0;32231.0;29382.0;3527.0;38087.0;34560.0;51.0;4187.0;4136.0;21.0;1765.0;1744.0;30.0;2422.0;2392.0;4597.0;46815.0;42218.0;2017.0;21321.0;19304.0;2580.0;25494.0;22914.0;309.0;669.0;360.0;174.0;325.0;151.0;135.0;344.0;209.0;86.0;196.0;110.0;59.0;146.0;87.0;27.0;50.0;23.0;108.0;211.0;103.0;99.0;191.0;92.0;9.0;20.0;11.0;263.0;1949.0;1686.0;96.0;784.0;688.0;167.0;1165.0;998.0;799.0;15434.0;14635.0;326.0;7326.0;7000.0;473.0;8108.0;7635.0;163.0;857.0;694.0;57.0;373.0;316.0;106.0;484.0;378.0
KRAKOWSKIE;NOWOSĄDECKI;32003.0;103040.0;71037.0;14429.0;48444.0;34015.0;17574.0;54596.0;37022.0;1512.0;3650.0;2138.0;885.0;1846.0;961.0;627.0;1804.0;1177.0;20492.0;58391.0;37899.0;8753.0;26789.0;18036.0;11739.0;31602.0;19863.0;2377.0;2808.0;431.0;1131.0;1367.0;236.0;1246.0;1441.0;195.0;579.0;717.0;138.0;439.0;540.0;101.0;140.0;177.0;37.0;688.0;802.0;114.0;584.0;691.0;107.0;104.0;111.0;7.0;793.0;4217.0;3424.0;375.0;1974.0;1599.0;418.0;2243.0;1825.0;4458.0;27977.0;23519.0;1820.0;13219.0;11399.0;2638.0;14758.0;12120.0;1104.0;4478.0;3374.0;442.0;2018.0;1576.0;662.0;2460.0;1798.0
KRAKOWSKIE;NOWOTARSKI;13694.0;63198.0;49504.0;6038.0;29569.0;23531.0;7656.0;33629.0;25973.0;254.0;1317.0;1063.0;78.0;525.0;447.0;176.0;792.0;616.0;8792.0;39936.0;31144.0;3784.0;18543.0;14759.0;5008.0;21393.0;16385.0;1252.0;1578.0;326.0;445.0;589.0;144.0;807.0;989.0;182.0;304.0;384.0;80.0;207.0;269.0;62.0;97.0;115.0;18.0;525.0;658.0;133.0;410.0;528.0;118.0;115.0;130.0;15.0;839.0;2304.0;1465.0;350.0;997.0;647.0;489.0;1307.0;818.0;1476.0;15217.0;13741.0;665.0;7333.0;6668.0;811.0;7884.0;7073.0;252.0;1804.0;1552.0;99.0;785.0;686.0;153.0;1019.0;866.0
KRAKOWSKIE;OŚWIĘCIMSKI;11251.0;40519.0;29268.0;5422.0;19119.0;13697.0;5829.0;21400.0;15571.0;545.0;2230.0;1685.0;369.0;1087.0;718.0;176.0;1143.0;967.0;8005.0;29568.0;21563.0;3738.0;14011.0;10273.0;4267.0;15557.0;11290.0;352.0;715.0;363.0;184.0;398.0;214.0;168.0;317.0;149.0;273.0;453.0;180.0;203.0;342.0;139.0;70.0;111.0;41.0;133.0;213.0;80.0;129.0;203.0;74.0;4.0;10.0;6.0;725.0;2166.0;1441.0;325.0;923.0;598.0;400.0;1243.0;843.0;774.0;4253.0;3479.0;294.0;1792.0;1498.0;480.0;2461.0;1981.0;444.0;921.0;477.0;180.0;363.0;183.0;264.0;558.0;294.0
KRAKOWSKIE;PILZNEŃSKI;3857.0;37574.0;33717.0;1674.0;17589.0;15915.0;2183.0;19985.0;17802.0;131.0;1826.0;1695.0;62.0;621.0;559.0;69.0;1205.0;1136.0;2814.0;22365.0;19551.0;1204.0;10324.0;9120.0;1610.0;12041.0;10431.0;125.0;254.0;129.0;52.0;121.0;69.0;73.0;133.0;60.0;30.0;77.0;47.0;21.0;61.0;40.0;9.0;16.0;7.0;49.0;83.0;34.0;48.0;79.0;31.0;1.0;4.0;3.0;80.0;2071.0;1991.0;26.0;948.0;922.0;54.0;1123.0;1069.0;573.0;9787.0;9214.0;242.0;4973.0;4731.0;331.0;4814.0;4483.0;55.0;1111.0;1056.0;19.0;462.0;443.0;36.0;649.0;613.0
KRAKOWSKIE;PODGÓRSKI;1897.0;30807.0;28910.0;857.0;14473.0;13616.0;1040.0;16334.0;15294.0;3.0;845.0;842.0;1.0;382.0;381.0;2.0;463.0;461.0;1619.0;22208.0;20589.0;706.0;10429.0;9723.0;913.0;11779.0;10866.0;105.0;449.0;344.0;59.0;225.0;166.0;46.0;224.0;178.0;63.0;308.0;245.0;44.0;232.0;188.0;19.0;76.0;57.0;28.0;162.0;134.0;22.0;117.0;95.0;6.0;45.0;39.0;7.0;713.0;706.0;3.0;242.0;239.0;4.0;471.0;467.0;72.0;5424.0;5352.0;22.0;2438.0;2416.0;50.0;2986.0;2936.0;0.0;698.0;698.0;0.0;408.0;408.0;0.0;290.0;290.0
KRAKOWSKIE;ROPCZYCKI;7158.0;60408.0;53250.0;3263.0;28519.0;25256.0;3895.0;31889.0;27994.0;323.0;4337.0;4014.0;214.0;1928.0;1714.0;109.0;2409.0;2300.0;4997.0;33835.0;28838.0;2159.0;15864.0;13705.0;2838.0;17971.0;15133.0;375.0;667.0;292.0;211.0;367.0;156.0;164.0;300.0;136.0;89.0;170.0;81.0;58.0;116.0;58.0;31.0;54.0;23.0;118.0;180.0;62.0;111.0;169.0;58.0;7.0;11.0;4.0;107.0;2102.0;1995.0;42.0;919.0;877.0;65.0;1183.0;1118.0;841.0;17553.0;16712.0;346.0;8455.0;8109.0;495.0;9098.0;8603.0;308.0;1564.0;1256.0;122.0;701.0;579.0;186.0;863.0;677.0
KRAKOWSKIE;SPISKO-ORAWSKI;0.0;18371.0;18371.0;0.0;8841.0;8841.0;0.0;9530.0;9530.0;0.0;149.0;149.0;0.0;76.0;76.0;0.0;73.0;73.0;0.0;14088.0;14088.0;0.0;6776.0;6776.0;0.0;7312.0;7312.0;0.0;97.0;97.0;0.0;53.0;53.0;0.0;44.0;44.0;0.0;32.0;32.0;0.0;26.0;26.0;0.0;6.0;6.0;0.0;34.0;34.0;0.0;32.0;32.0;0.0;2.0;2.0;0.0;509.0;509.0;0.0;234.0;234.0;0.0;275.0;275.0;0.0;3146.0;3146.0;0.0;1500.0;1500.0;0.0;1646.0;1646.0;0.0;316.0;316.0;0.0;144.0;144.0;0.0;172.0;172.0
KRAKOWSKIE;TARNOWSKI;31208.0;87883.0;56675.0;13878.0;40223.0;26345.0;17330.0;47660.0;30330.0;1981.0;4181.0;2200.0;1113.0;1996.0;883.0;868.0;2185.0;1317.0;18209.0;54759.0;36550.0;7471.0;24374.0;16903.0;10738.0;30385.0;19647.0;3098.0;3481.0;383.0;1543.0;1730.0;187.0;1555.0;1751.0;196.0;829.0;967.0;138.0;485.0;583.0;98.0;344.0;384.0;40.0;819.0;896.0;77.0;717.0;784.0;67.0;102.0;112.0;10.0;1498.0;3638.0;2140.0;678.0;1600.0;922.0;820.0;2038.0;1218.0;3928.0;17929.0;14001.0;1549.0;8300.0;6751.0;2379.0;9629.0;7250.0;846.0;2032.0;1186.0;322.0;856.0;534.0;524.0;1176.0;652.0
KRAKOWSKIE;WADOWICKI;10429.0;69519.0;59090.0;4643.0;31708.0;27065.0;5786.0;37811.0;32025.0;296.0;4181.0;3885.0;109.0;1681.0;1572.0;187.0;2500.0;2313.0;7566.0;50277.0;42711.0;3200.0;22722.0;19522.0;4366.0;27555.0;23189.0;595.0;1095.0;500.0;324.0;597.0;273.0;271.0;498.0;227.0;226.0;365.0;139.0;169.0;275.0;106.0;57.0;90.0;33.0;265.0;389.0;124.0;245.0;362.0;117.0;20.0;27.0;7.0;353.0;2682.0;2329.0;154.0;1140.0;986.0;199.0;1542.0;1343.0;826.0;8970.0;8144.0;326.0;4216.0;3890.0;500.0;4754.0;4254.0;302.0;1560.0;1258.0;116.0;715.0;599.0;186.0;845.0;659.0
KRAKOWSKIE;WIELICKI;8206.0;52415.0;44209.0;3665.0;24334.0;20669.0;4541.0;28081.0;23540.0;232.0;2370.0;2138.0;121.0;1052.0;931.0;111.0;1318.0;1207.0;5900.0;36048.0;30148.0;2648.0;16895.0;14247.0;3252.0;19153.0;15901.0;630.0;997.0;367.0;210.0;391.0;181.0;420.0;606.0;186.0;259.0;404.0;145.0;187.0;287.0;100.0;72.0;117.0;45.0;156.0;235.0;79.0;140.0;207.0;67.0;16.0;28.0;12.0;169.0;1358.0;1189.0;50.0;563.0;513.0;119.0;795.0;676.0;756.0;9740.0;8984.0;275.0;4402.0;4127.0;481.0;5338.0;4857.0;104.0;1263.0;1159.0;34.0;537.0;503.0;70.0;726.0;656.0
KRAKOWSKIE;ŻYWIECKI;8380.0;85769.0;77389.0;3824.0;39294.0;35470.0;4556.0;46475.0;41919.0;336.0;5604.0;5268.0;151.0;2540.0;2389.0;185.0;3064.0;2879.0;5868.0;48365.0;42497.0;2648.0;22822.0;20174.0;3220.0;25543.0;22323.0;429.0;1017.0;588.0;253.0;599.0;346.0;176.0;418.0;242.0;154.0;412.0;258.0;103.0;288.0;185.0;51.0;124.0;73.0;119.0;249.0;130.0;110.0;230.0;120.0;9.0;19.0;10.0;300.0;5479.0;5179.0;119.0;2359.0;2240.0;181.0;3120.0;2939.0;940.0;22023.0;21083.0;349.0;9363.0;9014.0;591.0;12660.0;12069.0;234.0;2620.0;2386.0;91.0;1093.0;1002.0;143.0;1527.0;1384.0
LUBELSKIE;BIALSKI (BIAŁA PODLASKA);11929.0;47409.0;35480.0;5357.0;22242.0;16885.0;6572.0;25167.0;18595.0;2954.0;11778.0;8824.0;1347.0;5926.0;4579.0;1607.0;5852.0;4245.0;2267.0;10134.0;7867.0;1172.0;5983.0;4811.0;1095.0;4151.0;3056.0;593.0;895.0;302.0;281.0;443.0;162.0;312.0;452.0;140.0;98.0;171.0;73.0;76.0;135.0;59.0;22.0;36.0;14.0;78.0;109.0;31.0;65.0;94.0;29.0;13.0;15.0;2.0;1175.0;4240.0;3065.0;516.0;1990.0;1474.0;659.0;2250.0;1591.0;4058.0;16966.0;12908.0;1638.0;6574.0;4936.0;2420.0;10392.0;7972.0;706.0;3116.0;2410.0;262.0;1097.0;835.0;444.0;2019.0;1575.0
LUBELSKIE;BIŁGORAJSKI;4394.0;70714.0;66320.0;2018.0;33265.0;31247.0;2376.0;37449.0;35073.0;1515.0;15535.0;14020.0;801.0;7832.0;7031.0;714.0;7703.0;6989.0;770.0;11301.0;10531.0;325.0;6261.0;5936.0;445.0;5040.0;4595.0;161.0;453.0;292.0;83.0;218.0;135.0;78.0;235.0;157.0;32.0;107.0;75.0;21.0;77.0;56.0;11.0;30.0;19.0;25.0;56.0;31.0;24.0;52.0;28.0;1.0;4.0;3.0;100.0;1756.0;1656.0;51.0;850.0;799.0;49.0;906.0;857.0;1744.0;40310.0;38566.0;692.0;17491.0;16799.0;1052.0;22819.0;21767.0;47.0;1196.0;1149.0;21.0;484.0;463.0;26.0;712.0;686.0
LUBELSKIE;CHEŁMSKI;18122.0;93551.0;75429.0;8191.0;44745.0;36554.0;9931.0;48806.0;38875.0;4029.0;17689.0;13660.0;1874.0;8796.0;6922.0;2155.0;8893.0;6738.0;3976.0;21376.0;17400.0;2003.0;11922.0;9919.0;1973.0;9454.0;7481.0;1416.0;2063.0;647.0;622.0;975.0;353.0;794.0;1088.0;294.0;352.0;550.0;198.0;280.0;448.0;168.0;72.0;102.0;30.0;166.0;261.0;95.0;144.0;225.0;81.0;22.0;36.0;14.0;1362.0;8232.0;6870.0;677.0;4207.0;3530.0;685.0;4025.0;3340.0;5179.0;36694.0;31515.0;1996.0;15686.0;13690.0;3183.0;21008.0;17825.0;1642.0;6686.0;5044.0;595.0;2486.0;1891.0;1047.0;4200.0;3153.0
LUBELSKIE;GARWOLIŃSKI;9272.0;103106.0;93834.0;4393.0;49027.0;44634.0;4879.0;54079.0;49200.0;1440.0;28212.0;26772.0;709.0;13106.0;12397.0;731.0;15106.0;14375.0;2356.0;26761.0;24405.0;1168.0;14461.0;13293.0;1188.0;12300.0;11112.0;241.0;1048.0;807.0;114.0;520.0;406.0;127.0;528.0;401.0;48.0;359.0;311.0;37.0;277.0;240.0;11.0;82.0;71.0;39.0;133.0;94.0;34.0;117.0;83.0;5.0;16.0;11.0;722.0;8052.0;7330.0;392.0;3690.0;3298.0;330.0;4362.0;4032.0;4134.0;35171.0;31037.0;1836.0;15537.0;13701.0;2298.0;19634.0;17336.0;292.0;3370.0;3078.0;103.0;1319.0;1216.0;189.0;2051.0;1862.0
LUBELSKIE;HRUBIESZOWSKI;10183.0;81797.0;71614.0;4697.0;38897.0;34200.0;5486.0;42900.0;37414.0;1988.0;10834.0;8846.0;969.0;5479.0;4510.0;1019.0;5355.0;4336.0;2517.0;23573.0;21056.0;1326.0;13960.0;12634.0;1191.0;9613.0;8422.0;428.0;1204.0;776.0;218.0;628.0;410.0;210.0;576.0;366.0;72.0;250.0;178.0;57.0;201.0;144.0;15.0;49.0;34.0;64.0;135.0;71.0;56.0;121.0;65.0;8.0;14.0;6.0;709.0;5003.0;4294.0;339.0;2651.0;2312.0;370.0;2352.0;1982.0;3723.0;34215.0;30492.0;1487.0;13548.0;12061.0;2236.0;20667.0;18431.0;682.0;6583.0;5901.0;245.0;2309.0;2064.0;437.0;4274.0;3837.0
LUBELSKIE;JANOWSKI;11332.0;100128.0;88796.0;5217.0;46951.0;41734.0;6115.0;53177.0;47062.0;2017.0;21926.0;19909.0;953.0;10126.0;9173.0;1064.0;11800.0;10736.0;2721.0;20443.0;17722.0;1341.0;10740.0;9399.0;1380.0;9703.0;8323.0;373.0;1035.0;662.0;207.0;563.0;356.0;166.0;472.0;306.0;40.0;175.0;135.0;29.0;136.0;107.0;11.0;39.0;28.0;42.0;100.0;58.0;38.0;90.0;52.0;4.0;10.0;6.0;1260.0;8903.0;7643.0;609.0;4041.0;3432.0;651.0;4862.0;4211.0;4026.0;41067.0;37041.0;1715.0;18723.0;17008.0;2311.0;22344.0;20033.0;853.0;6479.0;5626.0;325.0;2532.0;2207.0;528.0;3947.0;3419.0
LUBELSKIE;KONSTANTYNOWSKI;5670.0;51013.0;45343.0;2688.0;24201.0;21513.0;2982.0;26812.0;23830.0;858.0;15744.0;14886.0;365.0;7373.0;7008.0;493.0;8371.0;7878.0;1260.0;11518.0;10258.0;657.0;6598.0;5941.0;603.0;4920.0;4317.0;82.0;665.0;583.0;42.0;400.0;358.0;40.0;265.0;225.0;96.0;204.0;108.0;88.0;182.0;94.0;8.0;22.0;14.0;33.0;90.0;57.0;27.0;74.0;47.0;6.0;16.0;10.0;750.0;4412.0;3662.0;360.0;1938.0;1578.0;390.0;2474.0;2084.0;2045.0;17031.0;14986.0;900.0;7095.0;6195.0;1145.0;9936.0;8791.0;546.0;1349.0;803.0;249.0;541.0;292.0;297.0;808.0;511.0
LUBELSKIE;KRASNOSTAWSKI;6927.0;89146.0;82219.0;3321.0;42657.0;39336.0;3606.0;46489.0;42883.0;1478.0;21282.0;19804.0;648.0;10048.0;9400.0;830.0;11234.0;10404.0;2303.0;20531.0;18228.0;1241.0;11340.0;10099.0;1062.0;9191.0;8129.0;356.0;926.0;570.0;182.0;458.0;276.0;174.0;468.0;294.0;43.0;166.0;123.0;33.0;136.0;103.0;10.0;30.0;20.0;41.0;129.0;88.0;40.0;118.0;78.0;1.0;11.0;10.0;426.0;8196.0;7770.0;178.0;3840.0;3662.0;248.0;4356.0;4108.0;1829.0;31535.0;29706.0;809.0;14188.0;13379.0;1020.0;17347.0;16327.0;451.0;6381.0;5930.0;190.0;2529.0;2339.0;261.0;3852.0;3591.0
LUBELSKIE;LUBARTOWSKI;7229.0;72764.0;65535.0;3357.0;34765.0;31408.0;3872.0;37999.0;34127.0;1500.0;24026.0;22526.0;726.0;11172.0;10446.0;774.0;12854.0;12080.0;2090.0;22715.0;20625.0;991.0;12168.0;11177.0;1099.0;10547.0;9448.0;315.0;685.0;370.0;181.0;360.0;179.0;134.0;325.0;191.0;45.0;171.0;126.0;32.0;128.0;96.0;13.0;43.0;30.0;34.0;80.0;46.0;31.0;71.0;40.0;3.0;9.0;6.0;11.0;336.0;325.0;6.0;161.0;155.0;5.0;175.0;170.0;3232.0;24694.0;21462.0;1389.0;10681.0;9292.0;1843.0;14013.0;12170.0;2.0;57.0;55.0;1.0;24.0;23.0;1.0;33.0;32.0
LUBELSKIE;LUBELSKI;0.0;105380.0;105380.0;0.0;50695.0;50695.0;0.0;54685.0;54685.0;0.0;26372.0;26372.0;0.0;12658.0;12658.0;0.0;13714.0;13714.0;0.0;24565.0;24565.0;0.0;12931.0;12931.0;0.0;11634.0;11634.0;0.0;904.0;904.0;0.0;435.0;435.0;0.0;469.0;469.0;0.0;252.0;252.0;0.0;207.0;207.0;0.0;45.0;45.0;0.0;134.0;134.0;0.0;110.0;110.0;0.0;24.0;24.0;0.0;11673.0;11673.0;0.0;5457.0;5457.0;0.0;6216.0;6216.0;0.0;35068.0;35068.0;0.0;16375.0;16375.0;0.0;18693.0;18693.0;0.0;6412.0;6412.0;0.0;2522.0;2522.0;0.0;3890.0;3890.0
LUBELSKIE;LUBLIN (MIASTO);76112.0;76112.0;0.0;34169.0;34169.0;0.0;41943.0;41943.0;0.0;17646.0;17646.0;0.0;7440.0;7440.0;0.0;10206.0;10206.0;0.0;19028.0;19028.0;0.0;9593.0;9593.0;0.0;9435.0;9435.0;0.0;8847.0;8847.0;0.0;3897.0;3897.0;0.0;4950.0;4950.0;0.0;1551.0;1551.0;0.0;1182.0;1182.0;0.0;369.0;369.0;0.0;1331.0;1331.0;0.0;1058.0;1058.0;0.0;273.0;273.0;0.0;7186.0;7186.0;0.0;3135.0;3135.0;0.0;4051.0;4051.0;0.0;16926.0;16926.0;0.0;6530.0;6530.0;0.0;10396.0;10396.0;0.0;3597.0;3597.0;0.0;1334.0;1334.0;0.0;2263.0;2263.0;0.0
LUBELSKIE;PUŁAWSKI;5679.0;112291.0;106612.0;2530.0;53351.0;50821.0;3149.0;58940.0;55791.0;1772.0;32812.0;31040.0;833.0;15743.0;14910.0;939.0;17069.0;16130.0;1403.0;27262.0;25859.0;682.0;14281.0;13599.0;721.0;12981.0;12260.0;410.0;1611.0;1201.0;168.0;771.0;603.0;242.0;840.0;598.0;77.0;475.0;398.0;61.0;348.0;287.0;16.0;127.0;111.0;102.0;270.0;168.0;85.0;232.0;147.0;17.0;38.0;21.0;179.0;6954.0;6775.0;69.0;3113.0;3044.0;110.0;3841.0;3731.0;1614.0;38157.0;36543.0;590.0;17108.0;16518.0;1024.0;21049.0;20025.0;122.0;4750.0;4628.0;42.0;1755.0;1713.0;80.0;2995.0;2915.0
LUBELSKIE;RADZYŃSKI;13834.0;69239.0;55405.0;6261.0;32567.0;26306.0;7573.0;36672.0;29099.0;3202.0;20397.0;17195.0;1483.0;9558.0;8075.0;1719.0;10839.0;9120.0;1882.0;13281.0;11399.0;964.0;7500.0;6536.0;918.0;5781.0;4863.0;312.0;684.0;372.0;144.0;330.0;186.0;168.0;354.0;186.0;57.0;205.0;148.0;45.0;155.0;110.0;12.0;50.0;38.0;39.0;84.0;45.0;34.0;72.0;38.0;5.0;12.0;7.0;4557.0;14465.0;9908.0;2171.0;6706.0;4535.0;2386.0;7759.0;5373.0;3101.0;16266.0;13165.0;1182.0;6806.0;5624.0;1919.0;9460.0;7541.0;684.0;3857.0;3173.0;238.0;1440.0;1202.0;446.0;2417.0;1971.0
LUBELSKIE;SIEDLECKI;26698.0;76124.0;49426.0;12153.0;36091.0;23938.0;14545.0;40033.0;25488.0;5844.0;17906.0;12062.0;2592.0;8021.0;5429.0;3252.0;9885.0;6633.0;6972.0;20035.0;13063.0;3413.0;10944.0;7531.0;3559.0;9091.0;5532.0;2443.0;2828.0;385.0;1133.0;1334.0;201.0;1310.0;1494.0;184.0;411.0;533.0;122.0;339.0;437.0;98.0;72.0;96.0;24.0;280.0;318.0;38.0;222.0;255.0;33.0;58.0;63.0;5.0;2920.0;9756.0;6836.0;1357.0;4397.0;3040.0;1563.0;5359.0;3796.0;6594.0;20795.0;14201.0;2606.0;9132.0;6526.0;3988.0;11663.0;7675.0;1234.0;3953.0;2719.0;491.0;1571.0;1080.0;743.0;2382.0;1639.0
LUBELSKIE;SOKOŁOWSKI;6281.0;58732.0;52451.0;2951.0;27954.0;25003.0;3330.0;30778.0;27448.0;1574.0;22491.0;20917.0;833.0;10420.0;9587.0;741.0;12071.0;11330.0;1024.0;14845.0;13821.0;468.0;7957.0;7489.0;556.0;6888.0;6332.0;254.0;761.0;507.0;136.0;366.0;230.0;118.0;395.0;277.0;18.0;119.0;101.0;14.0;92.0;78.0;4.0;27.0;23.0;27.0;97.0;70.0;25.0;77.0;52.0;2.0;20.0;18.0;170.0;3268.0;3098.0;90.0;1224.0;1134.0;80.0;2044.0;1964.0;3091.0;14675.0;11584.0;1345.0;6839.0;5494.0;1746.0;7836.0;6090.0;123.0;2476.0;2353.0;40.0;979.0;939.0;83.0;1497.0;1414.0
LUBELSKIE;TOMASZOWSKI;5508.0;71652.0;66144.0;2530.0;33944.0;31414.0;2978.0;37708.0;34730.0;872.0;8644.0;7772.0;449.0;4483.0;4034.0;423.0;4161.0;3738.0;1997.0;20531.0;18534.0;981.0;11451.0;10470.0;1016.0;9080.0;8064.0;193.0;797.0;604.0;101.0;417.0;316.0;92.0;380.0;288.0;14.0;111.0;97.0;12.0;88.0;76.0;2.0;23.0;21.0;27.0;84.0;57.0;26.0;79.0;53.0;1.0;5.0;4.0;418.0;6180.0;5762.0;203.0;3103.0;2900.0;215.0;3077.0;2862.0;1623.0;27889.0;26266.0;630.0;11616.0;10986.0;993.0;16273.0;15280.0;364.0;7416.0;7052.0;128.0;2707.0;2579.0;236.0;4709.0;4473.0
LUBELSKIE;WĘGROWSKI;6539.0;62766.0;56227.0;3057.0;29817.0;26760.0;3482.0;32949.0;29467.0;1329.0;16721.0;15392.0;634.0;7978.0;7344.0;695.0;8743.0;8048.0;1147.0;11368.0;10221.0;585.0;6015.0;5430.0;562.0;5353.0;4791.0;120.0;523.0;403.0;58.0;251.0;193.0;62.0;272.0;210.0;25.0;143.0;118.0;17.0;114.0;97.0;8.0;29.0;21.0;20.0;67.0;47.0;19.0;60.0;41.0;1.0;7.0;6.0;696.0;11280.0;10584.0;356.0;5188.0;4832.0;340.0;6092.0;5752.0;2655.0;19676.0;17021.0;1220.0;8991.0;7771.0;1435.0;10685.0;9250.0;547.0;2988.0;2441.0;168.0;1220.0;1052.0;379.0;1768.0;1389.0
LUBELSKIE;WŁODAWSKI;13931.0;60552.0;46621.0;6527.0;28759.0;22232.0;7404.0;31793.0;24389.0;4217.0;11108.0;6891.0;2194.0;5875.0;3681.0;2023.0;5233.0;3210.0;1994.0;9304.0;7310.0;1055.0;5624.0;4569.0;939.0;3680.0;2741.0;248.0;551.0;303.0;124.0;278.0;154.0;124.0;273.0;149.0;46.0;118.0;72.0;40.0;100.0;60.0;6.0;18.0;12.0;39.0;79.0;40.0;33.0;68.0;35.0;6.0;11.0;5.0;936.0;7782.0;6846.0;407.0;4174.0;3767.0;529.0;3608.0;3079.0;5723.0;26435.0;20712.0;2357.0;10717.0;8360.0;3366.0;15718.0;12352.0;728.0;5175.0;4447.0;317.0;1923.0;1606.0;411.0;3252.0;2841.0
LUBELSKIE;ZAMOJSKI;19975.0;109299.0;89324.0;9203.0;51852.0;42649.0;10772.0;57447.0;46675.0;6335.0;28085.0;21750.0;2831.0;13120.0;10289.0;3504.0;14965.0;11461.0;5215.0;23143.0;17928.0;2738.0;12761.0;10023.0;2477.0;10382.0;7905.0;1229.0;2036.0;807.0;599.0;1038.0;439.0;630.0;998.0;368.0;169.0;341.0;172.0;142.0;276.0;134.0;27.0;65.0;38.0;155.0;259.0;104.0;127.0;213.0;86.0;28.0;46.0;18.0;438.0;6966.0;6528.0;197.0;3244.0;3047.0;241.0;3722.0;3481.0;5638.0;43232.0;37594.0;2265.0;19217.0;16952.0;3373.0;24015.0;20642.0;796.0;5237.0;4441.0;304.0;1983.0;1679.0;492.0;3254.0;2762.0
LUBELSKIE;ŁUKOWSKI;14715.0;92420.0;77705.0;6814.0;44072.0;37258.0;7901.0;48348.0;40447.0;3345.0;22568.0;19223.0;1554.0;10892.0;9338.0;1791.0;11676.0;9885.0;3192.0;16059.0;12867.0;1580.0;8709.0;7129.0;1612.0;7350.0;5738.0;650.0;1053.0;403.0;339.0;541.0;202.0;311.0;512.0;201.0;90.0;218.0;128.0;65.0;164.0;99.0;25.0;54.0;29.0;56.0;113.0;57.0;53.0;96.0;43.0;3.0;17.0;14.0;2136.0;22805.0;20669.0;986.0;10632.0;9646.0;1150.0;12173.0;11023.0;4508.0;26743.0;22235.0;1942.0;11910.0;9968.0;2566.0;14833.0;12267.0;738.0;2861.0;2123.0;295.0;1128.0;833.0;443.0;1733.0;1290.0
LWOWSKIE;BRZOZOWSKI;3385.0;63028.0;59643.0;1590.0;28927.0;27337.0;1795.0;34101.0;32306.0;249.0;1483.0;1234.0;178.0;774.0;596.0;71.0;709.0;638.0;2499.0;43950.0;41451.0;1086.0;19769.0;18683.0;1413.0;24181.0;22768.0;184.0;615.0;431.0;111.0;346.0;235.0;73.0;269.0;196.0;22.0;127.0;105.0;15.0;83.0;68.0;7.0;44.0;37.0;49.0;160.0;111.0;48.0;155.0;107.0;1.0;5.0;4.0;24.0;966.0;942.0;11.0;438.0;427.0;13.0;528.0;515.0;278.0;12865.0;12587.0;112.0;6111.0;5999.0;166.0;6754.0;6588.0;80.0;2862.0;2782.0;29.0;1251.0;1222.0;51.0;1611.0;1560.0
LWOWSKIE;BÓBRECKI;6916.0;65234.0;58318.0;3242.0;31459.0;28217.0;3674.0;33775.0;30101.0;90.0;604.0;514.0;51.0;371.0;320.0;39.0;233.0;194.0;4668.0;39248.0;34580.0;2180.0;19485.0;17305.0;2488.0;19763.0;17275.0;189.0;529.0;340.0;111.0;283.0;172.0;78.0;246.0;168.0;57.0;166.0;109.0;40.0;114.0;74.0;17.0;52.0;35.0;56.0;164.0;108.0;52.0;154.0;102.0;4.0;10.0;6.0;322.0;1460.0;1138.0;160.0;738.0;578.0;162.0;722.0;560.0;1337.0;18699.0;17362.0;565.0;8455.0;7890.0;772.0;10244.0;9472.0;197.0;4364.0;4167.0;83.0;1859.0;1776.0;114.0;2505.0;2391.0
LWOWSKIE;CIESZANOWSKI;6042.0;63685.0;57643.0;2829.0;30581.0;27752.0;3213.0;33104.0;29891.0;304.0;889.0;585.0;218.0;547.0;329.0;86.0;342.0;256.0;3818.0;30542.0;26724.0;1742.0;14977.0;13235.0;2076.0;15565.0;13489.0;165.0;502.0;337.0;90.0;261.0;171.0;75.0;241.0;166.0;22.0;102.0;80.0;15.0;79.0;64.0;7.0;23.0;16.0;53.0;144.0;91.0;50.0;135.0;85.0;3.0;9.0;6.0;57.0;2178.0;2121.0;29.0;1092.0;1063.0;28.0;1086.0;1058.0;1135.0;20004.0;18869.0;518.0;9504.0;8986.0;617.0;10500.0;9883.0;488.0;9324.0;8836.0;167.0;3986.0;3819.0;321.0;5338.0;5017.0
LWOWSKIE;DOBROMILSKI;2812.0;54863.0;52051.0;1277.0;26023.0;24746.0;1535.0;28840.0;27305.0;187.0;959.0;772.0;143.0;591.0;448.0;44.0;368.0;324.0;1824.0;19519.0;17695.0;767.0;9391.0;8624.0;1057.0;10128.0;9071.0;76.0;381.0;305.0;35.0;172.0;137.0;41.0;209.0;168.0;10.0;84.0;74.0;9.0;77.0;68.0;1.0;7.0;6.0;32.0;127.0;95.0;32.0;122.0;90.0;0.0;5.0;5.0;61.0;1985.0;1924.0;27.0;976.0;949.0;34.0;1009.0;975.0;377.0;28594.0;28217.0;162.0;13265.0;13103.0;215.0;15329.0;15114.0;245.0;3214.0;2969.0;102.0;1429.0;1327.0;143.0;1785.0;1642.0
LWOWSKIE;DROHOBYCKI;46593.0;130714.0;84121.0;23738.0;64927.0;41189.0;22855.0;65787.0;42932.0;1644.0;2643.0;999.0;993.0;1618.0;625.0;651.0;1025.0;374.0;28285.0;60938.0;32653.0;14542.0;32894.0;18352.0;13743.0;28044.0;14301.0;2908.0;3657.0;749.0;1610.0;1998.0;388.0;1298.0;1659.0;361.0;1014.0;1218.0;204.0;753.0;922.0;169.0;261.0;296.0;35.0;900.0;1139.0;239.0;789.0;1004.0;215.0;111.0;135.0;24.0;1616.0;4198.0;2582.0;809.0;2245.0;1436.0;807.0;1953.0;1146.0;7300.0;45402.0;38102.0;3032.0;19700.0;16668.0;4268.0;25702.0;21434.0;2926.0;11519.0;8593.0;1210.0;4546.0;3336.0;1716.0;6973.0;5257.0
LWOWSKIE;GRÓDECKI;10048.0;56599.0;46551.0;4670.0;27125.0;22455.0;5378.0;29474.0;24096.0;267.0;674.0;407.0;170.0;456.0;286.0;97.0;218.0;121.0;6693.0;25499.0;18806.0;3113.0;13051.0;9938.0;3580.0;12448.0;8868.0;308.0;555.0;247.0;168.0;280.0;112.0;140.0;275.0;135.0;41.0;101.0;60.0;35.0;87.0;52.0;6.0;14.0;8.0;88.0;180.0;92.0;83.0;171.0;88.0;5.0;9.0;4.0;68.0;1634.0;1566.0;36.0;887.0;851.0;32.0;747.0;715.0;1915.0;24554.0;22639.0;788.0;10844.0;10056.0;1127.0;13710.0;12583.0;668.0;3402.0;2734.0;277.0;1349.0;1072.0;391.0;2053.0;1662.0
LWOWSKIE;JAROSŁAWSKI;19731.0;108474.0;88743.0;8809.0;51408.0;42599.0;10922.0;57066.0;46144.0;764.0;1917.0;1153.0;408.0;1011.0;603.0;356.0;906.0;550.0;12667.0;66441.0;53774.0;5436.0;31904.0;26468.0;7231.0;34537.0;27306.0;1494.0;1996.0;502.0;791.0;1026.0;235.0;703.0;970.0;267.0;292.0;442.0;150.0;190.0;308.0;118.0;102.0;134.0;32.0;382.0;551.0;169.0;336.0;492.0;156.0;46.0;59.0;13.0;686.0;2508.0;1822.0;312.0;1194.0;882.0;374.0;1314.0;940.0;2382.0;28224.0;25842.0;939.0;12830.0;11891.0;1443.0;15394.0;13951.0;1064.0;6395.0;5331.0;397.0;2643.0;2246.0;667.0;3752.0;3085.0
LWOWSKIE;JAWOROWSKI;8349.0;63117.0;54768.0;3838.0;29763.0;25925.0;4511.0;33354.0;28843.0;232.0;591.0;359.0;148.0;356.0;208.0;84.0;235.0;151.0;4679.0;21829.0;17150.0;2184.0;11311.0;9127.0;2495.0;10518.0;8023.0;472.0;712.0;240.0;172.0;274.0;102.0;300.0;438.0;138.0;56.0;102.0;46.0;45.0;80.0;35.0;11.0;22.0;11.0;80.0;175.0;95.0;75.0;159.0;84.0;5.0;16.0;11.0;150.0;796.0;646.0;89.0;449.0;360.0;61.0;347.0;286.0;2328.0;32353.0;30025.0;973.0;14414.0;13441.0;1355.0;17939.0;16584.0;352.0;6559.0;6207.0;152.0;2720.0;2568.0;200.0;3839.0;3639.0
LWOWSKIE;KOLBUSZOWSKI;5224.0;52988.0;47764.0;2378.0;25106.0;22728.0;2846.0;27882.0;25036.0;254.0;3719.0;3465.0;166.0;1796.0;1630.0;88.0;1923.0;1835.0;3810.0;32737.0;28927.0;1691.0;15504.0;13813.0;2119.0;17233.0;15114.0;122.0;267.0;145.0;67.0;138.0;71.0;55.0;129.0;74.0;24.0;50.0;26.0;16.0;36.0;20.0;8.0;14.0;6.0;43.0;79.0;36.0;38.0;70.0;32.0;5.0;9.0;4.0;56.0;393.0;337.0;35.0;180.0;145.0;21.0;213.0;192.0;855.0;15567.0;14712.0;344.0;7301.0;6957.0;511.0;8266.0;7755.0;60.0;176.0;116.0;21.0;81.0;60.0;39.0;95.0;56.0
LWOWSKIE;KROŚNIEŃSKI;6887.0;64845.0;57958.0;3142.0;28692.0;25550.0;3745.0;36153.0;32408.0;433.0;4933.0;4500.0;285.0;2142.0;1857.0;148.0;2791.0;2643.0;4572.0;39812.0;35240.0;1940.0;17628.0;15688.0;2632.0;22184.0;19552.0;588.0;1221.0;633.0;300.0;677.0;377.0;288.0;544.0;256.0;88.0;332.0;244.0;67.0;279.0;212.0;21.0;53.0;32.0;197.0;353.0;156.0;172.0;319.0;147.0;25.0;34.0;9.0;57.0;2510.0;2453.0;20.0;955.0;935.0;37.0;1555.0;1518.0;724.0;13315.0;12591.0;283.0;5703.0;5420.0;441.0;7612.0;7171.0;228.0;2369.0;2141.0;75.0;989.0;914.0;153.0;1380.0;1227.0
LWOWSKIE;LESKI;5730.0;73118.0;67388.0;2580.0;34700.0;32120.0;3150.0;38418.0;35268.0;394.0;2169.0;1775.0;262.0;1300.0;1038.0;132.0;869.0;737.0;3247.0;16803.0;13556.0;1419.0;8329.0;6910.0;1828.0;8474.0;6646.0;181.0;516.0;335.0;94.0;241.0;147.0;87.0;275.0;188.0;22.0;87.0;65.0;16.0;70.0;54.0;6.0;17.0;11.0;60.0;192.0;132.0;56.0;179.0;123.0;4.0;13.0;9.0;173.0;1126.0;953.0;82.0;598.0;516.0;91.0;528.0;437.0;1455.0;39159.0;37704.0;574.0;18069.0;17495.0;881.0;21090.0;20209.0;198.0;13066.0;12868.0;77.0;5914.0;5837.0;121.0;7152.0;7031.0
LWOWSKIE;LWOWSKI;2550.0;119224.0;116674.0;1185.0;56317.0;55132.0;1365.0;62907.0;61542.0;64.0;1092.0;1028.0;37.0;571.0;534.0;27.0;521.0;494.0;1937.0;84733.0;82796.0;906.0;40867.0;39961.0;1031.0;43866.0;42835.0;34.0;1848.0;1814.0;13.0;968.0;955.0;21.0;880.0;859.0;4.0;697.0;693.0;3.0;438.0;435.0;1.0;259.0;258.0;12.0;476.0;464.0;10.0;428.0;418.0;2.0;48.0;46.0;25.0;2851.0;2826.0;14.0;1304.0;1290.0;11.0;1547.0;1536.0;290.0;20944.0;20654.0;129.0;8981.0;8852.0;161.0;11963.0;11802.0;184.0;6583.0;6399.0;73.0;2760.0;2687.0;111.0;3823.0;3712.0
LWOWSKIE;LWÓW (MIASTO);188754.0;188754.0;0.0;83685.0;83685.0;0.0;105069.0;105069.0;0.0;8636.0;8636.0;0.0;3361.0;3361.0;0.0;5275.0;5275.0;0.0;110777.0;110777.0;0.0;45789.0;45789.0;0.0;64988.0;64988.0;0.0;25065.0;25065.0;0.0;11794.0;11794.0;0.0;13271.0;13271.0;0.0;8772.0;8772.0;0.0;4871.0;4871.0;0.0;3901.0;3901.0;0.0;12828.0;12828.0;0.0;10822.0;10822.0;0.0;2006.0;2006.0;0.0;1948.0;1948.0;0.0;678.0;678.0;0.0;1270.0;1270.0;0.0;19166.0;19166.0;0.0;5818.0;5818.0;0.0;13348.0;13348.0;0.0;1562.0;1562.0;0.0;552.0;552.0;0.0;1010.0;1010.0;0.0
LWOWSKIE;MOŚCISKI;7369.0;65963.0;58594.0;3335.0;31230.0;27895.0;4034.0;34733.0;30699.0;230.0;1583.0;1353.0;142.0;901.0;759.0;88.0;682.0;594.0;4776.0;32059.0;27283.0;2074.0;15726.0;13652.0;2702.0;16333.0;13631.0;192.0;447.0;255.0;88.0;213.0;125.0;104.0;234.0;130.0;47.0;132.0;85.0;35.0;105.0;70.0;12.0;27.0;15.0;77.0;159.0;82.0;70.0;147.0;77.0;7.0;12.0;5.0;249.0;1219.0;970.0;152.0;637.0;485.0;97.0;582.0;485.0;1362.0;24367.0;23005.0;592.0;10980.0;10388.0;770.0;13387.0;12617.0;436.0;5997.0;5561.0;182.0;2521.0;2339.0;254.0;3476.0;3222.0
LWOWSKIE;NIŻAŃSKI;8056.0;48627.0;40571.0;3794.0;23169.0;19375.0;4262.0;25458.0;21196.0;219.0;3181.0;2962.0;135.0;1599.0;1464.0;84.0;1582.0;1498.0;5310.0;30454.0;25144.0;2474.0;14513.0;12039.0;2836.0;15941.0;13105.0;412.0;657.0;245.0;245.0;392.0;147.0;167.0;265.0;98.0;58.0;107.0;49.0;33.0;74.0;41.0;25.0;33.0;8.0;73.0;125.0;52.0;71.0;116.0;45.0;2.0;9.0;7.0;341.0;1184.0;843.0;162.0;566.0;404.0;179.0;618.0;439.0;1117.0;11024.0;9907.0;503.0;5121.0;4618.0;614.0;5903.0;5289.0;526.0;1895.0;1369.0;171.0;788.0;617.0;355.0;1107.0;752.0
LWOWSKIE;PRZEMYSKI;42185.0;118603.0;76418.0;18937.0;55349.0;36412.0;23248.0;63254.0;40006.0;2556.0;3418.0;862.0;1397.0;1891.0;494.0;1159.0;1527.0;368.0;25356.0;62315.0;36959.0;10790.0;28988.0;18198.0;14566.0;33327.0;18761.0;4111.0;4726.0;615.0;1971.0;2261.0;290.0;2140.0;2465.0;325.0;1587.0;1781.0;194.0;1035.0;1182.0;147.0;552.0;599.0;47.0;1207.0;1371.0;164.0;1062.0;1215.0;153.0;145.0;156.0;11.0;1161.0;3053.0;1892.0;591.0;1555.0;964.0;570.0;1498.0;928.0;5314.0;35024.0;29710.0;1808.0;15540.0;13732.0;3506.0;19484.0;15978.0;893.0;6915.0;6022.0;283.0;2717.0;2434.0;610.0;4198.0;3588.0
LWOWSKIE;PRZEWORSKI;4655.0;44611.0;39956.0;2059.0;20845.0;18786.0;2596.0;23766.0;21170.0;318.0;1244.0;926.0;234.0;686.0;452.0;84.0;558.0;474.0;3293.0;31572.0;28279.0;1319.0;14664.0;13345.0;1974.0;16908.0;14934.0;141.0;404.0;263.0;61.0;180.0;119.0;80.0;224.0;144.0;60.0;117.0;57.0;35.0;83.0;48.0;25.0;34.0;9.0;60.0;131.0;71.0;58.0;117.0;59.0;2.0;14.0;12.0;64.0;1764.0;1700.0;42.0;784.0;742.0;22.0;980.0;958.0;644.0;7778.0;7134.0;281.0;3660.0;3379.0;363.0;4118.0;3755.0;75.0;1601.0;1526.0;29.0;671.0;642.0;46.0;930.0;884.0
LWOWSKIE;RAWSKI (RAWA RUSKA);12299.0;83475.0;71176.0;5680.0;39366.0;33686.0;6619.0;44109.0;37490.0;497.0;1548.0;1051.0;334.0;990.0;656.0;163.0;558.0;395.0;6307.0;26259.0;19952.0;2793.0;13490.0;10697.0;3514.0;12769.0;9255.0;310.0;643.0;333.0;182.0;350.0;168.0;128.0;293.0;165.0;86.0;156.0;70.0;56.0;113.0;57.0;30.0;43.0;13.0;106.0;207.0;101.0;93.0;187.0;94.0;13.0;20.0;7.0;677.0;3017.0;2340.0;364.0;1636.0;1272.0;313.0;1381.0;1068.0;3204.0;33482.0;30278.0;1370.0;15107.0;13737.0;1834.0;18375.0;16541.0;1112.0;18163.0;17051.0;488.0;7493.0;7005.0;624.0;10670.0;10046.0
LWOWSKIE;RUDECKI;6933.0;57744.0;50811.0;3203.0;27611.0;24408.0;3730.0;30133.0;26403.0;173.0;682.0;509.0;108.0;408.0;300.0;65.0;274.0;209.0;4478.0;27411.0;22933.0;2081.0;13953.0;11872.0;2397.0;13458.0;11061.0;203.0;495.0;292.0;86.0;227.0;141.0;117.0;268.0;151.0;32.0;103.0;71.0;23.0;81.0;58.0;9.0;22.0;13.0;57.0;124.0;67.0;53.0;114.0;61.0;4.0;10.0;6.0;385.0;2045.0;1660.0;199.0;1117.0;918.0;186.0;928.0;742.0;893.0;23170.0;22277.0;369.0;10251.0;9882.0;524.0;12919.0;12395.0;712.0;3714.0;3002.0;284.0;1460.0;1176.0;428.0;2254.0;1826.0
LWOWSKIE;RZESZOWSKI;29035.0;112842.0;83807.0;13064.0;52012.0;38948.0;15971.0;60830.0;44859.0;1920.0;8424.0;6504.0;1047.0;3861.0;2814.0;873.0;4563.0;3690.0;19013.0;73698.0;54685.0;8021.0;33493.0;25472.0;10992.0;40205.0;29213.0;1973.0;2539.0;566.0;1070.0;1379.0;309.0;903.0;1160.0;257.0;341.0;508.0;167.0;254.0;398.0;144.0;87.0;110.0;23.0;551.0;641.0;90.0;504.0;584.0;80.0;47.0;57.0;10.0;625.0;1939.0;1314.0;325.0;871.0;546.0;300.0;1068.0;768.0;3962.0;23917.0;19955.0;1625.0;10981.0;9356.0;2337.0;12936.0;10599.0;650.0;1176.0;526.0;218.0;445.0;227.0;432.0;731.0;299.0
LWOWSKIE;SAMBORSKI;16147.0;83550.0;67403.0;7341.0;40195.0;32854.0;8806.0;43355.0;34549.0;705.0;1131.0;426.0;372.0;653.0;281.0;333.0;478.0;145.0;10147.0;44607.0;34460.0;4386.0;22309.0;17923.0;5761.0;22298.0;16537.0;1707.0;2185.0;478.0;875.0;1151.0;276.0;832.0;1034.0;202.0;451.0;531.0;80.0;302.0;369.0;67.0;149.0;162.0;13.0;428.0;526.0;98.0;380.0;471.0;91.0;48.0;55.0;7.0;179.0;1372.0;1193.0;95.0;713.0;618.0;84.0;659.0;575.0;1979.0;26317.0;24338.0;765.0;11943.0;11178.0;1214.0;14374.0;13160.0;551.0;6881.0;6330.0;166.0;2586.0;2420.0;385.0;4295.0;3910.0
LWOWSKIE;SANOCKI;10847.0;81616.0;70769.0;4875.0;37906.0;33031.0;5972.0;43710.0;37738.0;554.0;1397.0;843.0;343.0;789.0;446.0;211.0;608.0;397.0;7384.0;45324.0;37940.0;3138.0;21335.0;18197.0;4246.0;23989.0;19743.0;869.0;1519.0;650.0;435.0;727.0;292.0;434.0;792.0;358.0;124.0;260.0;136.0;95.0;213.0;118.0;29.0;47.0;18.0;261.0;417.0;156.0;244.0;391.0;147.0;17.0;26.0;9.0;188.0;2255.0;2067.0;73.0;1100.0;1027.0;115.0;1155.0;1040.0;1017.0;24068.0;23051.0;404.0;10741.0;10337.0;613.0;13327.0;12714.0;450.0;6376.0;5926.0;143.0;2610.0;2467.0;307.0;3766.0;3459.0
LWOWSKIE;SOKALSKI;12108.0;80952.0;68844.0;5718.0;38297.0;32579.0;6390.0;42655.0;36265.0;717.0;1495.0;778.0;517.0;989.0;472.0;200.0;506.0;306.0;6902.0;48785.0;41883.0;3048.0;23762.0;20714.0;3854.0;25023.0;21169.0;683.0;1142.0;459.0;349.0;603.0;254.0;334.0;539.0;205.0;36.0;125.0;89.0;27.0;100.0;73.0;9.0;25.0;16.0;123.0;237.0;114.0;111.0;223.0;112.0;12.0;14.0;2.0;348.0;1682.0;1334.0;169.0;853.0;684.0;179.0;829.0;650.0;2643.0;23192.0;20549.0;1225.0;10009.0;8784.0;1418.0;13183.0;11765.0;656.0;4294.0;3638.0;272.0;1758.0;1486.0;384.0;2536.0;2152.0
LWOWSKIE;STAROSAMBORSKI;6647.0;43512.0;36865.0;2944.0;20790.0;17846.0;3703.0;22722.0;19019.0;200.0;749.0;549.0;115.0;479.0;364.0;85.0;270.0;185.0;4116.0;15911.0;11795.0;1778.0;8093.0;6315.0;2338.0;7818.0;5480.0;265.0;670.0;405.0;140.0;425.0;285.0;125.0;245.0;120.0;60.0;102.0;42.0;38.0;70.0;32.0;22.0;32.0;10.0;54.0;151.0;97.0;53.0;147.0;94.0;1.0;4.0;3.0;181.0;781.0;600.0;99.0;462.0;363.0;82.0;319.0;237.0;1424.0;19337.0;17913.0;574.0;8809.0;8235.0;850.0;10528.0;9678.0;347.0;5811.0;5464.0;147.0;2305.0;2158.0;200.0;3506.0;3306.0
LWOWSKIE;STRZYŻOWSKI;1797.0;45293.0;43496.0;806.0;21315.0;20509.0;991.0;23978.0;22987.0;53.0;2217.0;2164.0;26.0;966.0;940.0;27.0;1251.0;1224.0;1270.0;28009.0;26739.0;545.0;13051.0;12506.0;725.0;14958.0;14233.0;100.0;372.0;272.0;58.0;215.0;157.0;42.0;157.0;115.0;16.0;83.0;67.0;11.0;70.0;59.0;5.0;13.0;8.0;25.0;91.0;66.0;21.0;80.0;59.0;4.0;11.0;7.0;104.0;2023.0;1919.0;66.0;928.0;862.0;38.0;1095.0;1057.0;151.0;11006.0;10855.0;52.0;5289.0;5237.0;99.0;5717.0;5618.0;78.0;1492.0;1414.0;27.0;716.0;689.0;51.0;776.0;725.0
LWOWSKIE;TARNOBRZESKI;6333.0;56390.0;50057.0;2893.0;26465.0;23572.0;3440.0;29925.0;26485.0;759.0;1906.0;1147.0;489.0;1013.0;524.0;270.0;893.0;623.0;3811.0;39370.0;35559.0;1585.0;18553.0;16968.0;2226.0;20817.0;18591.0;278.0;707.0;429.0;149.0;393.0;244.0;129.0;314.0;185.0;107.0;219.0;112.0;83.0;175.0;92.0;24.0;44.0;20.0;86.0;149.0;63.0;78.0;133.0;55.0;8.0;16.0;8.0;57.0;2356.0;2299.0;34.0;1091.0;1057.0;23.0;1265.0;1242.0;770.0;9118.0;8348.0;318.0;4076.0;3758.0;452.0;5042.0;4590.0;465.0;2565.0;2100.0;157.0;1031.0;874.0;308.0;1534.0;1226.0
LWOWSKIE;ŁAŃCUCKI;7910.0;71409.0;63499.0;3533.0;33193.0;29660.0;4377.0;38216.0;33839.0;287.0;6396.0;6109.0;161.0;3021.0;2860.0;126.0;3375.0;3249.0;5694.0;41603.0;35909.0;2429.0;19532.0;17103.0;3265.0;22071.0;18806.0;637.0;1040.0;403.0;307.0;528.0;221.0;330.0;512.0;182.0;130.0;266.0;136.0;95.0;184.0;89.0;35.0;82.0;47.0;142.0;246.0;104.0;130.0;228.0;98.0;12.0;18.0;6.0;140.0;3238.0;3098.0;50.0;1412.0;1362.0;90.0;1826.0;1736.0;741.0;14226.0;13485.0;305.0;6623.0;6318.0;436.0;7603.0;7167.0;139.0;4394.0;4255.0;56.0;1665.0;1609.0;83.0;2729.0;2646.0
LWOWSKIE;ŻÓŁKIEWSKI;12059.0;72911.0;60852.0;5452.0;34468.0;29016.0;6607.0;38443.0;31836.0;252.0;1737.0;1485.0;158.0;948.0;790.0;94.0;789.0;695.0;7387.0;34751.0;27364.0;3348.0;17329.0;13981.0;4039.0;17422.0;13383.0;399.0;720.0;321.0;224.0;387.0;163.0;175.0;333.0;158.0;76.0;131.0;55.0;51.0;89.0;38.0;25.0;42.0;17.0;140.0;247.0;107.0;131.0;231.0;100.0;9.0;16.0;7.0;228.0;2063.0;1835.0;126.0;1086.0;960.0;102.0;977.0;875.0;2905.0;30273.0;27368.0;1169.0;13288.0;12119.0;1736.0;16985.0;15249.0;672.0;2989.0;2317.0;245.0;1110.0;865.0;427.0;1879.0;1452.0
M. ST. WARSZAWA;M. ST. WARSZAWA;936713.0;936713.0;0.0;422203.0;422203.0;0.0;514510.0;514510.0;0.0;146876.0;146876.0;0.0;58650.0;58650.0;0.0;88226.0;88226.0;0.0;263765.0;263765.0;0.0;125378.0;125378.0;0.0;138387.0;138387.0;0.0;133133.0;133133.0;0.0;53795.0;53795.0;0.0;79338.0;79338.0;0.0;24604.0;24604.0;0.0;18941.0;18941.0;0.0;5663.0;5663.0;0.0;29172.0;29172.0;0.0;22030.0;22030.0;0.0;7142.0;7142.0;0.0;71760.0;71760.0;0.0;29908.0;29908.0;0.0;41852.0;41852.0;0.0;240030.0;240030.0;0.0;102739.0;102739.0;0.0;137291.0;137291.0;0.0;27373.0;27373.0;0.0;10762.0;10762.0;0.0;16611.0;16611.0;0.0
NOWOGRÓDZKIE;BARANOWICKI;24837.0;82506.0;57669.0;11766.0;39496.0;27730.0;13071.0;43010.0;29939.0;5961.0;16227.0;10266.0;2993.0;9268.0;6275.0;2968.0;6959.0;3991.0;3267.0;9722.0;6455.0;1973.0;6389.0;4416.0;1294.0;3333.0;2039.0;1379.0;1681.0;302.0;600.0;757.0;157.0;779.0;924.0;145.0;235.0;361.0;126.0;197.0;307.0;110.0;38.0;54.0;16.0;182.0;247.0;65.0;159.0;212.0;53.0;23.0;35.0;12.0;1288.0;3548.0;2260.0;659.0;2071.0;1412.0;629.0;1477.0;848.0;12454.0;50627.0;38173.0;5151.0;20451.0;15300.0;7303.0;30176.0;22873.0;71.0;93.0;22.0;34.0;41.0;7.0;37.0;52.0;15.0
NOWOGRÓDZKIE;BRASŁAWSKI;0.0;49135.0;49135.0;0.0;23457.0;23457.0;0.0;25678.0;25678.0;0.0;12277.0;12277.0;0.0;5720.0;5720.0;0.0;6557.0;6557.0;0.0;4154.0;4154.0;0.0;2446.0;2446.0;0.0;1708.0;1708.0;0.0;331.0;331.0;0.0;162.0;162.0;0.0;169.0;169.0;0.0;97.0;97.0;0.0;89.0;89.0;0.0;8.0;8.0;0.0;58.0;58.0;0.0;46.0;46.0;0.0;12.0;12.0;0.0;5112.0;5112.0;0.0;2578.0;2578.0;0.0;2534.0;2534.0;0.0;27091.0;27091.0;0.0;12407.0;12407.0;0.0;14684.0;14684.0;0.0;15.0;15.0;0.0;9.0;9.0;0.0;6.0;6.0
NOWOGRÓDZKIE;DUNIŁOWICKI;2472.0;88633.0;86161.0;1129.0;42246.0;41117.0;1343.0;46387.0;45044.0;963.0;23307.0;22344.0;520.0;12691.0;12171.0;443.0;10616.0;10173.0;235.0;6569.0;6334.0;109.0;4207.0;4098.0;126.0;2362.0;2236.0;173.0;614.0;441.0;69.0;314.0;245.0;104.0;300.0;196.0;15.0;193.0;178.0;13.0;170.0;157.0;2.0;23.0;21.0;12.0;66.0;54.0;11.0;58.0;47.0;1.0;8.0;7.0;130.0;7793.0;7663.0;66.0;4498.0;4432.0;64.0;3295.0;3231.0;920.0;49807.0;48887.0;331.0;20154.0;19823.0;589.0;29653.0;29064.0;24.0;284.0;260.0;10.0;154.0;144.0;14.0;130.0;116.0
NOWOGRÓDZKIE;DZIŚNIEŃSKI;9262.0;133857.0;124595.0;4250.0;64196.0;59946.0;5012.0;69661.0;64649.0;2504.0;31975.0;29471.0;1242.0;17812.0;16570.0;1262.0;14163.0;12901.0;1539.0;12163.0;10624.0;823.0;7295.0;6472.0;716.0;4868.0;4152.0;344.0;1085.0;741.0;137.0;516.0;379.0;207.0;569.0;362.0;54.0;323.0;269.0;40.0;247.0;207.0;14.0;76.0;62.0;42.0;114.0;72.0;35.0;95.0;60.0;7.0;19.0;12.0;978.0;10175.0;9197.0;455.0;6359.0;5904.0;523.0;3816.0;3293.0;3779.0;77959.0;74180.0;1506.0;31835.0;30329.0;2273.0;46124.0;43851.0;22.0;63.0;41.0;12.0;37.0;25.0;10.0;26.0;16.0
NOWOGRÓDZKIE;LIDZKI;12674.0;151633.0;138959.0;5935.0;72080.0;66145.0;6739.0;79553.0;72814.0;3719.0;44187.0;40468.0;1717.0;22287.0;20570.0;2002.0;21900.0;19898.0;2411.0;11229.0;8818.0;1374.0;7133.0;5759.0;1037.0;4096.0;3059.0;1015.0;1787.0;772.0;447.0;826.0;379.0;568.0;961.0;393.0;177.0;430.0;253.0;140.0;346.0;206.0;37.0;84.0;47.0;155.0;326.0;171.0;134.0;282.0;148.0;21.0;44.0;23.0;1402.0;25801.0;24399.0;654.0;12502.0;11848.0;748.0;13299.0;12551.0;3746.0;67417.0;63671.0;1448.0;28522.0;27074.0;2298.0;38895.0;36597.0;49.0;456.0;407.0;21.0;182.0;161.0;28.0;274.0;246.0
NOWOGRÓDZKIE;NIEŚWIESKI;13362.0;89050.0;75688.0;6381.0;42866.0;36485.0;6981.0;46184.0;39203.0;4660.0;16651.0;11991.0;2309.0;10313.0;8004.0;2351.0;6338.0;3987.0;3297.0;13850.0;10553.0;1873.0;9282.0;7409.0;1424.0;4568.0;3144.0;1281.0;2061.0;780.0;521.0;903.0;382.0;760.0;1158.0;398.0;171.0;368.0;197.0;121.0;275.0;154.0;50.0;93.0;43.0;106.0;205.0;99.0;84.0;163.0;79.0;22.0;42.0;20.0;595.0;6406.0;5811.0;295.0;4060.0;3765.0;300.0;2346.0;2046.0;3249.0;49479.0;46230.0;1178.0;17866.0;16688.0;2071.0;31613.0;29542.0;3.0;30.0;27.0;0.0;4.0;4.0;3.0;26.0;23.0
NOWOGRÓDZKIE;NOWOGRÓDZKI;5346.0;80215.0;74869.0;2522.0;37559.0;35037.0;2824.0;42656.0;39832.0;1654.0;12416.0;10762.0;740.0;7481.0;6741.0;914.0;4935.0;4021.0;1157.0;9309.0;8152.0;709.0;6553.0;5844.0;448.0;2756.0;2308.0;646.0;1314.0;668.0;281.0;615.0;334.0;365.0;699.0;334.0;96.0;281.0;185.0;76.0;231.0;155.0;20.0;50.0;30.0;103.0;201.0;98.0;89.0;174.0;85.0;14.0;27.0;13.0;399.0;7539.0;7140.0;178.0;4609.0;4431.0;221.0;2930.0;2709.0;1279.0;49042.0;47763.0;443.0;17851.0;17408.0;836.0;31191.0;30355.0;12.0;113.0;101.0;6.0;45.0;39.0;6.0;68.0;62.0
NOWOGRÓDZKIE;STOŁPECKI;6898.0;57739.0;50841.0;3261.0;27808.0;24547.0;3637.0;29931.0;26294.0;2024.0;10673.0;8649.0;948.0;5894.0;4946.0;1076.0;4779.0;3703.0;1350.0;7874.0;6524.0;752.0;5114.0;4362.0;598.0;2760.0;2162.0;314.0;738.0;424.0;144.0;368.0;224.0;170.0;370.0;200.0;66.0;169.0;103.0;54.0;142.0;88.0;12.0;27.0;15.0;38.0;91.0;53.0;31.0;76.0;45.0;7.0;15.0;8.0;1244.0;7324.0;6080.0;589.0;3918.0;3329.0;655.0;3406.0;2751.0;1859.0;30863.0;29004.0;742.0;12294.0;11552.0;1117.0;18569.0;17452.0;3.0;7.0;4.0;1.0;2.0;1.0;2.0;5.0;3.0
NOWOGRÓDZKIE;SŁONIMSKI;12206.0;91998.0;79792.0;5496.0;42940.0;37444.0;6710.0;49058.0;42348.0;3344.0;10456.0;7112.0;1531.0;5933.0;4402.0;1813.0;4523.0;2710.0;2098.0;12544.0;10446.0;1177.0;8746.0;7569.0;921.0;3798.0;2877.0;754.0;1253.0;499.0;285.0;514.0;229.0;469.0;739.0;270.0;82.0;236.0;154.0;67.0;198.0;131.0;15.0;38.0;23.0;53.0;119.0;66.0;44.0;101.0;57.0;9.0;18.0;9.0;1682.0;7047.0;5365.0;774.0;4214.0;3440.0;908.0;2833.0;1925.0;4157.0;60181.0;56024.0;1599.0;23164.0;21565.0;2558.0;37017.0;34459.0;36.0;162.0;126.0;19.0;70.0;51.0;17.0;92.0;75.0
NOWOGRÓDZKIE;WILEJSKI;4741.0;98220.0;93479.0;2234.0;46967.0;44733.0;2507.0;51253.0;48746.0;1063.0;17775.0;16712.0;551.0;10882.0;10331.0;512.0;6893.0;6381.0;904.0;9408.0;8504.0;533.0;5911.0;5378.0;371.0;3497.0;3126.0;326.0;1053.0;727.0;128.0;492.0;364.0;198.0;561.0;363.0;58.0;271.0;213.0;46.0;225.0;179.0;12.0;46.0;34.0;45.0;146.0;101.0;36.0;126.0;90.0;9.0;20.0;11.0;657.0;8690.0;8033.0;321.0;5688.0;5367.0;336.0;3002.0;2666.0;1673.0;60605.0;58932.0;611.0;23524.0;22913.0;1062.0;37081.0;36019.0;15.0;272.0;257.0;8.0;119.0;111.0;7.0;153.0;146.0
NOWOGRÓDZKIE;WOŁOŻYŃSKI;4315.0;92740.0;88425.0;1979.0;43552.0;41573.0;2336.0;49188.0;46852.0;1407.0;28636.0;27229.0;714.0;15240.0;14526.0;693.0;13396.0;12703.0;713.0;6008.0;5295.0;385.0;4020.0;3635.0;328.0;1988.0;1660.0;113.0;478.0;365.0;48.0;251.0;203.0;65.0;227.0;162.0;29.0;205.0;176.0;24.0;173.0;149.0;5.0;32.0;27.0;11.0;70.0;59.0;10.0;65.0;55.0;1.0;5.0;4.0;261.0;11405.0;11144.0;115.0;5395.0;5280.0;146.0;6010.0;5864.0;1718.0;45195.0;43477.0;660.0;18124.0;17464.0;1058.0;27071.0;26013.0;63.0;743.0;680.0;23.0;284.0;261.0;40.0;459.0;419.0
POLESKIE;BRZESKI (BRZEŚĆ N.BUG.);27383.0;93402.0;66019.0;13004.0;44342.0;31338.0;14379.0;49060.0;34681.0;6160.0;13263.0;7103.0;3033.0;7331.0;4298.0;3127.0;5932.0;2805.0;5400.0;18603.0;13203.0;2969.0;12298.0;9329.0;2431.0;6305.0;3874.0;2573.0;3137.0;564.0;1247.0;1564.0;317.0;1326.0;1573.0;247.0;339.0;496.0;157.0;269.0;405.0;136.0;70.0;91.0;21.0;361.0;422.0;61.0;314.0;363.0;49.0;47.0;59.0;12.0;4044.0;10104.0;6060.0;2016.0;5922.0;3906.0;2028.0;4182.0;2154.0;8458.0;47268.0;38810.0;3147.0;16403.0;13256.0;5311.0;30865.0;25554.0;48.0;109.0;61.0;9.0;56.0;47.0;39.0;53.0;14.0
POLESKIE;DROHICKI;5796.0;49686.0;43890.0;2772.0;23312.0;20540.0;3024.0;26374.0;23350.0;1419.0;5197.0;3778.0;853.0;3542.0;2689.0;566.0;1655.0;1089.0;761.0;5222.0;4461.0;465.0;3992.0;3527.0;296.0;1230.0;934.0;54.0;337.0;283.0;33.0;175.0;142.0;21.0;162.0;141.0;23.0;122.0;99.0;21.0;104.0;83.0;2.0;18.0;16.0;16.0;73.0;57.0;14.0;64.0;50.0;2.0;9.0;7.0;291.0;1822.0;1531.0;189.0;1350.0;1161.0;102.0;472.0;370.0;3226.0;36890.0;33664.0;1193.0;14072.0;12879.0;2033.0;22818.0;20785.0;6.0;23.0;17.0;4.0;13.0;9.0;2.0;10.0;8.0
POLESKIE;KOBRYŃSKI;10126.0;51506.0;41380.0;4624.0;24105.0;19481.0;5502.0;27401.0;21899.0;3502.0;7403.0;3901.0;1700.0;4285.0;2585.0;1802.0;3118.0;1316.0;2009.0;9013.0;7004.0;1091.0;6369.0;5278.0;918.0;2644.0;1726.0;466.0;830.0;364.0;169.0;375.0;206.0;297.0;455.0;158.0;76.0;175.0;99.0;58.0;135.0;77.0;18.0;40.0;22.0;59.0;109.0;50.0;47.0;92.0;45.0;12.0;17.0;5.0;456.0;2801.0;2345.0;257.0;1940.0;1683.0;199.0;861.0;662.0;3556.0;31165.0;27609.0;1301.0;10905.0;9604.0;2255.0;20260.0;18005.0;2.0;10.0;8.0;1.0;4.0;3.0;1.0;6.0;5.0
POLESKIE;KOSOWSKI (KOSÓW POLESKI);4932.0;38653.0;33721.0;2259.0;18180.0;15921.0;2673.0;20473.0;17800.0;2272.0;4664.0;2392.0;1047.0;2730.0;1683.0;1225.0;1934.0;709.0;687.0;3640.0;2953.0;409.0;2776.0;2367.0;278.0;864.0;586.0;105.0;276.0;171.0;45.0;131.0;86.0;60.0;145.0;85.0;29.0;95.0;66.0;22.0;83.0;61.0;7.0;12.0;5.0;19.0;42.0;23.0;16.0;39.0;23.0;3.0;3.0;0.0;166.0;1004.0;838.0;63.0;721.0;658.0;103.0;283.0;180.0;1646.0;28924.0;27278.0;652.0;11695.0;11043.0;994.0;17229.0;16235.0;8.0;8.0;0.0;5.0;5.0;0.0;3.0;3.0;0.0
POLESKIE;KOSZYRSKI;0.0;45025.0;45025.0;0.0;21474.0;21474.0;0.0;23551.0;23551.0;0.0;2160.0;2160.0;0.0;1584.0;1584.0;0.0;576.0;576.0;0.0;1278.0;1278.0;0.0;1098.0;1098.0;0.0;180.0;180.0;0.0;123.0;123.0;0.0;67.0;67.0;0.0;56.0;56.0;0.0;63.0;63.0;0.0;58.0;58.0;0.0;5.0;5.0;0.0;29.0;29.0;0.0;26.0;26.0;0.0;3.0;3.0;0.0;507.0;507.0;0.0;390.0;390.0;0.0;117.0;117.0;0.0;40862.0;40862.0;0.0;18250.0;18250.0;0.0;22612.0;22612.0;0.0;3.0;3.0;0.0;1.0;1.0;0.0;2.0;2.0
POLESKIE;PIŃSKI;22795.0;108910.0;86115.0;10420.0;51700.0;41280.0;12375.0;57210.0;44835.0;7544.0;13044.0;5500.0;3823.0;8332.0;4509.0;3721.0;4712.0;991.0;4287.0;9132.0;4845.0;2291.0;6301.0;4010.0;1996.0;2831.0;835.0;1560.0;1933.0;373.0;496.0;684.0;188.0;1064.0;1249.0;185.0;236.0;368.0;132.0;140.0;256.0;116.0;96.0;112.0;16.0;174.0;234.0;60.0;143.0;197.0;54.0;31.0;37.0;6.0;2131.0;4454.0;2323.0;1040.0;2954.0;1914.0;1091.0;1500.0;409.0;6203.0;79054.0;72851.0;2243.0;32714.0;30471.0;3960.0;46340.0;42380.0;660.0;691.0;31.0;244.0;262.0;18.0;416.0;429.0;13.0
POLESKIE;PRUŻAŃSKI;10643.0;51494.0;40851.0;4933.0;24052.0;19119.0;5710.0;27442.0;21732.0;2383.0;7266.0;4883.0;1171.0;4511.0;3340.0;1212.0;2755.0;1543.0;2786.0;8927.0;6141.0;1503.0;6067.0;4564.0;1283.0;2860.0;1577.0;415.0;688.0;273.0;170.0;327.0;157.0;245.0;361.0;116.0;70.0;133.0;63.0;61.0;117.0;56.0;9.0;16.0;7.0;54.0;102.0;48.0;46.0;89.0;43.0;8.0;13.0;5.0;1028.0;3478.0;2450.0;473.0;2048.0;1575.0;555.0;1430.0;875.0;3903.0;30879.0;26976.0;1507.0;10883.0;9376.0;2396.0;19996.0;17600.0;4.0;21.0;17.0;2.0;10.0;8.0;2.0;11.0;9.0
POLESKIE;SARNEŃSKI;13111.0;109062.0;95951.0;6254.0;53724.0;47470.0;6857.0;55338.0;48481.0;4169.0;11136.0;6967.0;2200.0;6671.0;4471.0;1969.0;4465.0;2496.0;2546.0;7870.0;5324.0;1521.0;5827.0;4306.0;1025.0;2043.0;1018.0;414.0;815.0;401.0;208.0;428.0;220.0;206.0;387.0;181.0;90.0;261.0;171.0;76.0;225.0;149.0;14.0;36.0;22.0;70.0;149.0;79.0;64.0;129.0;65.0;6.0;20.0;14.0;737.0;3475.0;2738.0;378.0;2249.0;1871.0;359.0;1226.0;867.0;5081.0;85342.0;80261.0;1807.0;38191.0;36384.0;3274.0;47151.0;43877.0;4.0;14.0;10.0;0.0;4.0;4.0;4.0;10.0;6.0
POLESKIE;ŁUNINIECKI;24437.0;135525.0;111088.0;11705.0;66689.0;54984.0;12732.0;68836.0;56104.0;5435.0;13754.0;8319.0;3003.0;9044.0;6041.0;2432.0;4710.0;2278.0;3947.0;10985.0;7038.0;2416.0;8189.0;5773.0;1531.0;2796.0;1265.0;657.0;1199.0;542.0;318.0;631.0;313.0;339.0;568.0;229.0;154.0;353.0;199.0;129.0;319.0;190.0;25.0;34.0;9.0;82.0;141.0;59.0;63.0;118.0;55.0;19.0;23.0;4.0;1260.0;4129.0;2869.0;770.0;3040.0;2270.0;490.0;1089.0;599.0;12886.0;104929.0;92043.0;4997.0;45325.0;40328.0;7889.0;59604.0;51715.0;16.0;35.0;19.0;9.0;23.0;14.0;7.0;12.0;5.0
POMORSKIE;BRODNICKI;9240.0;46556.0;37316.0;4369.0;22132.0;17763.0;4871.0;24424.0;19553.0;119.0;373.0;254.0;54.0;172.0;118.0;65.0;201.0;136.0;6347.0;34262.0;27915.0;3031.0;16349.0;13318.0;3316.0;17913.0;14597.0;576.0;1009.0;433.0;290.0;526.0;236.0;286.0;483.0;197.0;67.0;140.0;73.0;50.0;105.0;55.0;17.0;35.0;18.0;67.0;130.0;63.0;58.0;109.0;51.0;9.0;21.0;12.0;999.0;4540.0;3541.0;446.0;2097.0;1651.0;553.0;2443.0;1890.0;598.0;3716.0;3118.0;245.0;1783.0;1538.0;353.0;1933.0;1580.0;467.0;2386.0;1919.0;195.0;991.0;796.0;272.0;1395.0;1123.0
POMORSKIE;CHEŁMIŃSKI;7960.0;36174.0;28214.0;3340.0;16441.0;13101.0;4620.0;19733.0;15113.0;35.0;325.0;290.0;10.0;153.0;143.0;25.0;172.0;147.0;5940.0;24892.0;18952.0;2549.0;11512.0;8963.0;3391.0;13380.0;9989.0;834.0;1340.0;506.0;340.0;611.0;271.0;494.0;729.0;235.0;48.0;107.0;59.0;38.0;84.0;46.0;10.0;23.0;13.0;85.0;137.0;52.0;63.0;107.0;44.0;22.0;30.0;8.0;423.0;4077.0;3654.0;105.0;1802.0;1697.0;318.0;2275.0;1957.0;360.0;2035.0;1675.0;150.0;942.0;792.0;210.0;1093.0;883.0;235.0;3261.0;3026.0;85.0;1230.0;1145.0;150.0;2031.0;1881.0
POMORSKIE;CHOJNICKI;8134.0;53111.0;44977.0;3965.0;25050.0;21085.0;4169.0;28061.0;23892.0;45.0;403.0;358.0;19.0;197.0;178.0;26.0;206.0;180.0;5560.0;35280.0;29720.0;2698.0;16861.0;14163.0;2862.0;18419.0;15557.0;770.0;1283.0;513.0;389.0;695.0;306.0;381.0;588.0;207.0;95.0;161.0;66.0;64.0;124.0;60.0;31.0;37.0;6.0;78.0;146.0;68.0;69.0;130.0;61.0;9.0;16.0;7.0;938.0;8102.0;7164.0;433.0;3862.0;3429.0;505.0;4240.0;3735.0;287.0;2226.0;1939.0;146.0;1070.0;924.0;141.0;1156.0;1015.0;361.0;5510.0;5149.0;147.0;2111.0;1964.0;214.0;3399.0;3185.0
POMORSKIE;DZIAŁDOWSKI;2679.0;17829.0;15150.0;1285.0;8512.0;7227.0;1394.0;9317.0;7923.0;59.0;245.0;186.0;24.0;97.0;73.0;35.0;148.0;113.0;1042.0;11702.0;10660.0;497.0;5620.0;5123.0;545.0;6082.0;5537.0;160.0;341.0;181.0;86.0;184.0;98.0;74.0;157.0;83.0;33.0;75.0;42.0;28.0;62.0;34.0;5.0;13.0;8.0;30.0;57.0;27.0;24.0;46.0;22.0;6.0;11.0;5.0;915.0;2283.0;1368.0;446.0;1085.0;639.0;469.0;1198.0;729.0;130.0;1795.0;1665.0;57.0;896.0;839.0;73.0;899.0;826.0;310.0;1331.0;1021.0;123.0;522.0;399.0;187.0;809.0;622.0
POMORSKIE;GNIEWSKI;2528.0;20854.0;18326.0;1095.0;9631.0;8536.0;1433.0;11223.0;9790.0;3.0;298.0;295.0;1.0;146.0;145.0;2.0;152.0;150.0;1931.0;16228.0;14297.0;815.0;7589.0;6774.0;1116.0;8639.0;7523.0;171.0;486.0;315.0;78.0;241.0;163.0;93.0;245.0;152.0;23.0;74.0;51.0;18.0;56.0;38.0;5.0;18.0;13.0;28.0;59.0;31.0;21.0;48.0;27.0;7.0;11.0;4.0;194.0;1408.0;1214.0;86.0;628.0;542.0;108.0;780.0;672.0;61.0;836.0;775.0;30.0;375.0;345.0;31.0;461.0;430.0;117.0;1465.0;1348.0;46.0;548.0;502.0;71.0;917.0;846.0
POMORSKIE;GRUDZIĄDZ (MIASTO);26149.0;26149.0;0.0;12325.0;12325.0;0.0;13824.0;13824.0;0.0;330.0;330.0;0.0;119.0;119.0;0.0;211.0;211.0;0.0;14774.0;14774.0;0.0;6953.0;6953.0;0.0;7821.0;7821.0;0.0;3349.0;3349.0;0.0;1672.0;1672.0;0.0;1677.0;1677.0;0.0;485.0;485.0;0.0;386.0;386.0;0.0;99.0;99.0;0.0;463.0;463.0;0.0;414.0;414.0;0.0;49.0;49.0;0.0;4196.0;4196.0;0.0;1853.0;1853.0;0.0;2343.0;2343.0;0.0;720.0;720.0;0.0;312.0;312.0;0.0;408.0;408.0;0.0;1832.0;1832.0;0.0;616.0;616.0;0.0;1216.0;1216.0;0.0
POMORSKIE;GRUDZIĄDZKI;2985.0;33562.0;30577.0;1382.0;15874.0;14492.0;1603.0;17688.0;16085.0;132.0;481.0;349.0;55.0;213.0;158.0;77.0;268.0;191.0;1575.0;25842.0;24267.0;710.0;12207.0;11497.0;865.0;13635.0;12770.0;68.0;620.0;552.0;36.0;342.0;306.0;32.0;278.0;246.0;5.0;69.0;64.0;4.0;53.0;49.0;1.0;16.0;15.0;10.0;68.0;58.0;9.0;57.0;48.0;1.0;11.0;10.0;752.0;2760.0;2008.0;384.0;1282.0;898.0;368.0;1478.0;1110.0;212.0;2424.0;2212.0;92.0;1153.0;1061.0;120.0;1271.0;1151.0;231.0;1298.0;1067.0;92.0;567.0;475.0;139.0;731.0;592.0
POMORSKIE;KARTUSKI;2824.0;47713.0;44889.0;1296.0;22906.0;21610.0;1528.0;24807.0;23279.0;3.0;310.0;307.0;1.0;162.0;161.0;2.0;148.0;146.0;2150.0;36581.0;34431.0;995.0;17655.0;16660.0;1155.0;18926.0;17771.0;136.0;449.0;313.0;103.0;286.0;183.0;33.0;163.0;130.0;64.0;125.0;61.0;9.0;61.0;52.0;55.0;64.0;9.0;20.0;48.0;28.0;17.0;45.0;28.0;3.0;3.0;0.0;247.0;4379.0;4132.0;85.0;2066.0;1981.0;162.0;2313.0;2151.0;75.0;2563.0;2488.0;33.0;1302.0;1269.0;42.0;1261.0;1219.0;129.0;3258.0;3129.0;53.0;1329.0;1276.0;76.0;1929.0;1853.0
POMORSKIE;KOŚCIERSKI;6945.0;38014.0;31069.0;3296.0;18112.0;14816.0;3649.0;19902.0;16253.0;53.0;219.0;166.0;26.0;118.0;92.0;27.0;101.0;74.0;4982.0;29543.0;24561.0;2342.0;14077.0;11735.0;2640.0;15466.0;12826.0;650.0;949.0;299.0;357.0;540.0;183.0;293.0;409.0;116.0;64.0;125.0;61.0;48.0;92.0;44.0;16.0;33.0;17.0;57.0;94.0;37.0;44.0;77.0;33.0;13.0;17.0;4.0;301.0;3114.0;2813.0;122.0;1404.0;1282.0;179.0;1710.0;1531.0;483.0;1930.0;1447.0;214.0;922.0;708.0;269.0;1008.0;739.0;355.0;2040.0;1685.0;143.0;882.0;739.0;212.0;1158.0;946.0
POMORSKIE;LUBAWSKI;6481.0;44009.0;37528.0;2951.0;20747.0;17796.0;3530.0;23262.0;19732.0;9.0;555.0;546.0;5.0;280.0;275.0;4.0;275.0;271.0;5131.0;31885.0;26754.0;2280.0;15121.0;12841.0;2851.0;16764.0;13913.0;556.0;926.0;370.0;312.0;533.0;221.0;244.0;393.0;149.0;45.0;110.0;65.0;31.0;79.0;48.0;14.0;31.0;17.0;44.0;113.0;69.0;38.0;99.0;61.0;6.0;14.0;8.0;196.0;3708.0;3512.0;83.0;1678.0;1595.0;113.0;2030.0;1917.0;313.0;3066.0;2753.0;126.0;1567.0;1441.0;187.0;1499.0;1312.0;187.0;3646.0;3459.0;76.0;1390.0;1314.0;111.0;2256.0;2145.0
POMORSKIE;PUCKI;2177.0;21365.0;19188.0;1010.0;10393.0;9383.0;1167.0;10972.0;9805.0;29.0;68.0;39.0;15.0;34.0;19.0;14.0;34.0;20.0;1026.0;16443.0;15417.0;469.0;8078.0;7609.0;557.0;8365.0;7808.0;172.0;431.0;259.0;86.0;234.0;148.0;86.0;197.0;111.0;33.0;80.0;47.0;30.0;68.0;38.0;3.0;12.0;9.0;38.0;67.0;29.0;31.0;54.0;23.0;7.0;13.0;6.0;600.0;2319.0;1719.0;264.0;1105.0;841.0;336.0;1214.0;878.0;52.0;605.0;553.0;26.0;310.0;284.0;26.0;295.0;269.0;227.0;1352.0;1125.0;89.0;510.0;421.0;138.0;842.0;704.0
POMORSKIE;STAROGARDZKI;8342.0;47529.0;39187.0;3892.0;22146.0;18254.0;4450.0;25383.0;20933.0;51.0;412.0;361.0;21.0;181.0;160.0;30.0;231.0;201.0;6010.0;36329.0;30319.0;2765.0;16954.0;14189.0;3245.0;19375.0;16130.0;660.0;1133.0;473.0;307.0;580.0;273.0;353.0;553.0;200.0;47.0;126.0;79.0;35.0;94.0;59.0;12.0;32.0;20.0;78.0;130.0;52.0;71.0;120.0;49.0;7.0;10.0;3.0;1078.0;4171.0;3093.0;526.0;1995.0;1469.0;552.0;2176.0;1624.0;208.0;1799.0;1591.0;81.0;824.0;743.0;127.0;975.0;848.0;210.0;3429.0;3219.0;86.0;1398.0;1312.0;124.0;2031.0;1907.0
POMORSKIE;SĘPOLEŃSKI;5904.0;22058.0;16154.0;2604.0;10306.0;7702.0;3300.0;11752.0;8452.0;43.0;57.0;14.0;18.0;25.0;7.0;25.0;32.0;7.0;3501.0;18099.0;14598.0;1527.0;8486.0;6959.0;1974.0;9613.0;7639.0;219.0;372.0;153.0;98.0;188.0;90.0;121.0;184.0;63.0;55.0;87.0;32.0;13.0;42.0;29.0;42.0;45.0;3.0;30.0;48.0;18.0;27.0;44.0;17.0;3.0;4.0;1.0;1319.0;2009.0;690.0;606.0;910.0;304.0;713.0;1099.0;386.0;160.0;500.0;340.0;71.0;238.0;167.0;89.0;262.0;173.0;577.0;886.0;309.0;244.0;373.0;129.0;333.0;513.0;180.0
POMORSKIE;TCZEWSKI;12330.0;27475.0;15145.0;6101.0;13408.0;7307.0;6229.0;14067.0;7838.0;60.0;103.0;43.0;29.0;48.0;19.0;31.0;55.0;24.0;8077.0;20321.0;12244.0;4099.0;9929.0;5830.0;3978.0;10392.0;6414.0;864.0;1334.0;470.0;446.0;708.0;262.0;418.0;626.0;208.0;118.0;304.0;186.0;101.0;264.0;163.0;17.0;40.0;23.0;89.0;156.0;67.0;84.0;143.0;59.0;5.0;13.0;8.0;1841.0;2728.0;887.0;899.0;1296.0;397.0;942.0;1432.0;490.0;355.0;996.0;641.0;148.0;481.0;333.0;207.0;515.0;308.0;926.0;1533.0;607.0;295.0;539.0;244.0;631.0;994.0;363.0
POMORSKIE;TORUŃ (MIASTO);31326.0;31326.0;0.0;14274.0;14274.0;0.0;17052.0;17052.0;0.0;303.0;303.0;0.0;83.0;83.0;0.0;220.0;220.0;0.0;19747.0;19747.0;0.0;9036.0;9036.0;0.0;10711.0;10711.0;0.0;4641.0;4641.0;0.0;2029.0;2029.0;0.0;2612.0;2612.0;0.0;530.0;530.0;0.0;362.0;362.0;0.0;168.0;168.0;0.0;582.0;582.0;0.0;515.0;515.0;0.0;67.0;67.0;0.0;3408.0;3408.0;0.0;1488.0;1488.0;0.0;1920.0;1920.0;0.0;990.0;990.0;0.0;392.0;392.0;0.0;598.0;598.0;0.0;1125.0;1125.0;0.0;369.0;369.0;0.0;756.0;756.0;0.0
POMORSKIE;TORUŃSKI;10598.0;41271.0;30673.0;4973.0;19353.0;14380.0;5625.0;21918.0;16293.0;86.0;197.0;111.0;40.0;87.0;47.0;46.0;110.0;64.0;6977.0;30142.0;23165.0;3314.0;14286.0;10972.0;3663.0;15856.0;12193.0;451.0;953.0;502.0;222.0;499.0;277.0;229.0;454.0;225.0;32.0;134.0;102.0;24.0;99.0;75.0;8.0;35.0;27.0;73.0;140.0;67.0;65.0;119.0;54.0;8.0;21.0;13.0;1446.0;3665.0;2219.0;665.0;1664.0;999.0;781.0;2001.0;1220.0;551.0;2833.0;2282.0;251.0;1388.0;1137.0;300.0;1445.0;1145.0;982.0;3207.0;2225.0;392.0;1211.0;819.0;590.0;1996.0;1406.0
POMORSKIE;TUCHOLSKI;3511.0;26045.0;22534.0;1526.0;12230.0;10704.0;1985.0;13815.0;11830.0;42.0;90.0;48.0;5.0;27.0;22.0;37.0;63.0;26.0;2509.0;22395.0;19886.0;1125.0;10570.0;9445.0;1384.0;11825.0;10441.0;544.0;835.0;291.0;201.0;365.0;164.0;343.0;470.0;127.0;37.0;91.0;54.0;26.0;71.0;45.0;11.0;20.0;9.0;28.0;55.0;27.0;24.0;48.0;24.0;4.0;7.0;3.0;181.0;965.0;784.0;73.0;420.0;347.0;108.0;545.0;437.0;96.0;933.0;837.0;37.0;424.0;387.0;59.0;509.0;450.0;74.0;681.0;607.0;35.0;305.0;270.0;39.0;376.0;337.0
POMORSKIE;WEJHEROWSKI;6903.0;32928.0;26025.0;3134.0;15814.0;12680.0;3769.0;17114.0;13345.0;113.0;491.0;378.0;45.0;223.0;178.0;68.0;268.0;200.0;4096.0;25461.0;21365.0;1897.0;12324.0;10427.0;2199.0;13137.0;10938.0;638.0;1015.0;377.0;299.0;503.0;204.0;339.0;512.0;173.0;105.0;165.0;60.0;66.0;114.0;48.0;39.0;51.0;12.0;67.0;136.0;69.0;57.0;116.0;59.0;10.0;20.0;10.0;1173.0;2777.0;1604.0;495.0;1234.0;739.0;678.0;1543.0;865.0;255.0;1502.0;1247.0;103.0;708.0;605.0;152.0;794.0;642.0;456.0;1381.0;925.0;172.0;592.0;420.0;284.0;789.0;505.0
POMORSKIE;WĄBRZESKI;9909.0;36313.0;26404.0;4519.0;16958.0;12439.0;5390.0;19355.0;13965.0;56.0;487.0;431.0;17.0;227.0;210.0;39.0;260.0;221.0;6606.0;25200.0;18594.0;3050.0;11802.0;8752.0;3556.0;13398.0;9842.0;483.0;910.0;427.0;233.0;440.0;207.0;250.0;470.0;220.0;38.0;80.0;42.0;23.0;56.0;33.0;15.0;24.0;9.0;42.0;80.0;38.0;41.0;70.0;29.0;1.0;10.0;9.0;1416.0;5281.0;3865.0;641.0;2437.0;1796.0;775.0;2844.0;2069.0;459.0;2194.0;1735.0;197.0;1051.0;854.0;262.0;1143.0;881.0;809.0;2081.0;1272.0;317.0;875.0;558.0;492.0;1206.0;714.0
POMORSKIE;ŚWIECKI;8395.0;63733.0;55338.0;3799.0;29631.0;25832.0;4596.0;34102.0;29506.0;28.0;284.0;256.0;14.0;143.0;129.0;14.0;141.0;127.0;4826.0;46978.0;42152.0;2210.0;22232.0;20022.0;2616.0;24746.0;22130.0;491.0;1260.0;769.0;227.0;662.0;435.0;264.0;598.0;334.0;50.0;178.0;128.0;41.0;140.0;99.0;9.0;38.0;29.0;50.0;126.0;76.0;44.0;113.0;69.0;6.0;13.0;7.0;1595.0;6409.0;4814.0;767.0;2927.0;2160.0;828.0;3482.0;2654.0;358.0;2983.0;2625.0;159.0;1384.0;1225.0;199.0;1599.0;1400.0;997.0;5515.0;4518.0;337.0;2030.0;1693.0;660.0;3485.0;2825.0
POZNAŃSKIE;BYDGOSKI;7966.0;40944.0;32978.0;3735.0;19271.0;15536.0;4231.0;21673.0;17442.0;42.0;331.0;289.0;19.0;178.0;159.0;23.0;153.0;130.0;6261.0;31073.0;24812.0;2947.0;14712.0;11765.0;3314.0;16361.0;13047.0;289.0;866.0;577.0;123.0;405.0;282.0;166.0;461.0;295.0;31.0;103.0;72.0;19.0;68.0;49.0;12.0;35.0;23.0;34.0;106.0;72.0;33.0;99.0;66.0;1.0;7.0;6.0;722.0;4626.0;3904.0;339.0;2199.0;1860.0;383.0;2427.0;2044.0;283.0;1660.0;1377.0;133.0;778.0;645.0;150.0;882.0;732.0;304.0;2179.0;1875.0;122.0;832.0;710.0;182.0;1347.0;1165.0
POZNAŃSKIE;BYDGOSZCZ (MIASTO);70292.0;70292.0;0.0;32056.0;32056.0;0.0;38236.0;38236.0;0.0;646.0;646.0;0.0;200.0;200.0;0.0;446.0;446.0;0.0;51262.0;51262.0;0.0;23295.0;23295.0;0.0;27967.0;27967.0;0.0;9893.0;9893.0;0.0;4520.0;4520.0;0.0;5373.0;5373.0;0.0;1159.0;1159.0;0.0;722.0;722.0;0.0;437.0;437.0;0.0;1027.0;1027.0;0.0;881.0;881.0;0.0;146.0;146.0;0.0;3970.0;3970.0;0.0;1616.0;1616.0;0.0;2354.0;2354.0;0.0;1615.0;1615.0;0.0;599.0;599.0;0.0;1016.0;1016.0;0.0;720.0;720.0;0.0;223.0;223.0;0.0;497.0;497.0;0.0
POZNAŃSKIE;CHODZIESKI;10139.0;33138.0;22999.0;4547.0;15502.0;10955.0;5592.0;17636.0;12044.0;24.0;318.0;294.0;12.0;154.0;142.0;12.0;164.0;152.0;7363.0;24517.0;17154.0;3358.0;11564.0;8206.0;4005.0;12953.0;8948.0;397.0;630.0;233.0;173.0;304.0;131.0;224.0;326.0;102.0;39.0;60.0;21.0;29.0;46.0;17.0;10.0;14.0;4.0;29.0;53.0;24.0;26.0;44.0;18.0;3.0;9.0;6.0;1614.0;5194.0;3580.0;717.0;2393.0;1676.0;897.0;2801.0;1904.0;226.0;980.0;754.0;90.0;467.0;377.0;136.0;513.0;377.0;447.0;1386.0;939.0;142.0;530.0;388.0;305.0;856.0;551.0
POZNAŃSKIE;CZARNKOWSKI;5409.0;27512.0;22103.0;2390.0;12791.0;10401.0;3019.0;14721.0;11702.0;40.0;253.0;213.0;18.0;126.0;108.0;22.0;127.0;105.0;3239.0;18791.0;15552.0;1418.0;8836.0;7418.0;1821.0;9955.0;8134.0;274.0;440.0;166.0;142.0;248.0;106.0;132.0;192.0;60.0;43.0;86.0;43.0;35.0;65.0;30.0;8.0;21.0;13.0;29.0;60.0;31.0;23.0;47.0;24.0;6.0;13.0;7.0;1272.0;5077.0;3805.0;548.0;2335.0;1787.0;724.0;2742.0;2018.0;195.0;769.0;574.0;76.0;337.0;261.0;119.0;432.0;313.0;317.0;2036.0;1719.0;130.0;797.0;667.0;187.0;1239.0;1052.0
POZNAŃSKIE;GNIEŹNIEŃSKI;21324.0;43502.0;22178.0;9646.0;20080.0;10434.0;11678.0;23422.0;11744.0;183.0;254.0;71.0;52.0;88.0;36.0;131.0;166.0;35.0;16349.0;31528.0;15179.0;7446.0;14779.0;7333.0;8903.0;16749.0;7846.0;1535.0;1765.0;230.0;691.0;818.0;127.0;844.0;947.0;103.0;462.0;517.0;55.0;268.0;311.0;43.0;194.0;206.0;12.0;201.0;237.0;36.0;179.0;205.0;26.0;22.0;32.0;10.0;1339.0;4357.0;3018.0;544.0;1916.0;1372.0;795.0;2441.0;1646.0;850.0;1866.0;1016.0;309.0;779.0;470.0;541.0;1087.0;546.0;405.0;2978.0;2573.0;157.0;1184.0;1027.0;248.0;1794.0;1546.0
POZNAŃSKIE;GOSTYŃSKI;9322.0;37435.0;28113.0;4073.0;16678.0;12605.0;5249.0;20757.0;15508.0;36.0;110.0;74.0;13.0;51.0;38.0;23.0;59.0;36.0;6900.0;31692.0;24792.0;3021.0;14259.0;11238.0;3879.0;17433.0;13554.0;260.0;484.0;224.0;125.0;240.0;115.0;135.0;244.0;109.0;43.0;96.0;53.0;30.0;75.0;45.0;13.0;21.0;8.0;56.0;104.0;48.0;41.0;76.0;35.0;15.0;28.0;13.0;1336.0;2907.0;1571.0;582.0;1212.0;630.0;754.0;1695.0;941.0;240.0;1061.0;821.0;101.0;437.0;336.0;139.0;624.0;485.0;451.0;981.0;530.0;160.0;328.0;168.0;291.0;653.0;362.0
POZNAŃSKIE;GRODZISKI;9498.0;27333.0;17835.0;4248.0;12410.0;8162.0;5250.0;14923.0;9673.0;49.0;351.0;302.0;24.0;156.0;132.0;25.0;195.0;170.0;7244.0;21739.0;14495.0;3293.0;10165.0;6872.0;3951.0;11574.0;7623.0;344.0;496.0;152.0;157.0;241.0;84.0;187.0;255.0;68.0;54.0;82.0;28.0;31.0;53.0;22.0;23.0;29.0;6.0;43.0;54.0;11.0;35.0;46.0;11.0;8.0;8.0;0.0;1035.0;2156.0;1121.0;442.0;878.0;436.0;593.0;1278.0;685.0;274.0;797.0;523.0;92.0;305.0;213.0;182.0;492.0;310.0;455.0;1658.0;1203.0;174.0;566.0;392.0;281.0;1092.0;811.0
POZNAŃSKIE;INOWROCŁAWSKI;21289.0;58196.0;36907.0;9494.0;26646.0;17152.0;11795.0;31550.0;19755.0;223.0;466.0;243.0;85.0;204.0;119.0;138.0;262.0;124.0;15527.0;41815.0;26288.0;7182.0;19602.0;12420.0;8345.0;22213.0;13868.0;1482.0;2027.0;545.0;599.0;897.0;298.0;883.0;1130.0;247.0;257.0;391.0;134.0;149.0;245.0;96.0;108.0;146.0;38.0;156.0;257.0;101.0;128.0;212.0;84.0;28.0;45.0;17.0;1890.0;6272.0;4382.0;799.0;2754.0;1955.0;1091.0;3518.0;2427.0;876.0;3697.0;2821.0;300.0;1559.0;1259.0;576.0;2138.0;1562.0;878.0;3271.0;2393.0;252.0;1173.0;921.0;626.0;2098.0;1472.0
POZNAŃSKIE;JAROCIŃSKI;7715.0;40711.0;32996.0;3558.0;18622.0;15064.0;4157.0;22089.0;17932.0;54.0;190.0;136.0;20.0;80.0;60.0;34.0;110.0;76.0;5853.0;32402.0;26549.0;2723.0;14923.0;12200.0;3130.0;17479.0;14349.0;300.0;610.0;310.0;173.0;347.0;174.0;127.0;263.0;136.0;60.0;140.0;80.0;45.0;100.0;55.0;15.0;40.0;25.0;44.0;96.0;52.0;40.0;81.0;41.0;4.0;15.0;11.0;710.0;3476.0;2766.0;309.0;1576.0;1267.0;401.0;1900.0;1499.0;340.0;1775.0;1435.0;131.0;776.0;645.0;209.0;999.0;790.0;354.0;2022.0;1668.0;117.0;739.0;622.0;237.0;1283.0;1046.0
POZNAŃSKIE;KOŚCIAŃSKI;9128.0;37053.0;27925.0;3959.0;16646.0;12687.0;5169.0;20407.0;15238.0;60.0;126.0;66.0;25.0;49.0;24.0;35.0;77.0;42.0;6930.0;29632.0;22702.0;3021.0;13332.0;10311.0;3909.0;16300.0;12391.0;402.0;675.0;273.0;177.0;327.0;150.0;225.0;348.0;123.0;41.0;98.0;57.0;33.0;81.0;48.0;8.0;17.0;9.0;54.0;93.0;39.0;46.0;76.0;30.0;8.0;17.0;9.0;1014.0;4023.0;3009.0;421.0;1795.0;1374.0;593.0;2228.0;1635.0;160.0;994.0;834.0;69.0;452.0;383.0;91.0;542.0;451.0;467.0;1412.0;945.0;167.0;534.0;367.0;300.0;878.0;578.0
POZNAŃSKIE;KOŹMIŃSKI;6862.0;26719.0;19857.0;3073.0;12028.0;8955.0;3789.0;14691.0;10902.0;14.0;64.0;50.0;4.0;20.0;16.0;10.0;44.0;34.0;5950.0;23452.0;17502.0;2648.0;10530.0;7882.0;3302.0;12922.0;9620.0;221.0;393.0;172.0;111.0;205.0;94.0;110.0;188.0;78.0;66.0;111.0;45.0;54.0;91.0;37.0;12.0;20.0;8.0;23.0;55.0;32.0;23.0;48.0;25.0;0.0;7.0;7.0;216.0;1380.0;1164.0;86.0;603.0;517.0;130.0;777.0;647.0;229.0;849.0;620.0;89.0;377.0;288.0;140.0;472.0;332.0;143.0;415.0;272.0;58.0;154.0;96.0;85.0;261.0;176.0
POZNAŃSKIE;KROTOSZYŃSKI;13380.0;34520.0;21140.0;5920.0;15683.0;9763.0;7460.0;18837.0;11377.0;86.0;119.0;33.0;37.0;49.0;12.0;49.0;70.0;21.0;10281.0;28441.0;18160.0;4524.0;12934.0;8410.0;5757.0;15507.0;9750.0;568.0;742.0;174.0;272.0;354.0;82.0;296.0;388.0;92.0;125.0;156.0;31.0;104.0;129.0;25.0;21.0;27.0;6.0;75.0;95.0;20.0;62.0;82.0;20.0;13.0;13.0;0.0;1552.0;2719.0;1167.0;659.0;1202.0;543.0;893.0;1517.0;624.0;365.0;1253.0;888.0;130.0;526.0;396.0;235.0;727.0;492.0;328.0;995.0;667.0;132.0;407.0;275.0;196.0;588.0;392.0
POZNAŃSKIE;KĘPIŃSKI;5556.0;39718.0;34162.0;2538.0;17881.0;15343.0;3018.0;21837.0;18819.0;110.0;390.0;280.0;48.0;165.0;117.0;62.0;225.0;163.0;4172.0;30036.0;25864.0;1886.0;13751.0;11865.0;2286.0;16285.0;13999.0;326.0;620.0;294.0;152.0;315.0;163.0;174.0;305.0;131.0;35.0;75.0;40.0;26.0;56.0;30.0;9.0;19.0;10.0;38.0;82.0;44.0;35.0;76.0;41.0;3.0;6.0;3.0;540.0;4656.0;4116.0;242.0;2012.0;1770.0;298.0;2644.0;2346.0;130.0;1224.0;1094.0;52.0;552.0;500.0;78.0;672.0;594.0;205.0;2635.0;2430.0;97.0;954.0;857.0;108.0;1681.0;1573.0
POZNAŃSKIE;LESZCZYŃSKI;15923.0;42327.0;26404.0;7065.0;18848.0;11783.0;8858.0;23479.0;14621.0;179.0;276.0;97.0;75.0;128.0;53.0;104.0;148.0;44.0;10495.0;32419.0;21924.0;4685.0;14644.0;9959.0;5810.0;17775.0;11965.0;1342.0;1588.0;246.0;606.0;737.0;131.0;736.0;851.0;115.0;171.0;237.0;66.0;111.0;162.0;51.0;60.0;75.0;15.0;141.0;173.0;32.0;114.0;139.0;25.0;27.0;34.0;7.0;2548.0;4544.0;1996.0;1103.0;1963.0;860.0;1445.0;2581.0;1136.0;325.0;1098.0;773.0;112.0;419.0;307.0;213.0;679.0;466.0;722.0;1992.0;1270.0;259.0;656.0;397.0;463.0;1336.0;873.0
POZNAŃSKIE;MIĘDZYCHODZKI;5330.0;23600.0;18270.0;2390.0;10811.0;8421.0;2940.0;12789.0;9849.0;13.0;314.0;301.0;7.0;145.0;138.0;6.0;169.0;163.0;4233.0;17517.0;13284.0;1879.0;8020.0;6141.0;2354.0;9497.0;7143.0;164.0;334.0;170.0;74.0;174.0;100.0;90.0;160.0;70.0;34.0;69.0;35.0;23.0;55.0;32.0;11.0;14.0;3.0;19.0;43.0;24.0;19.0;38.0;19.0;0.0;5.0;5.0;464.0;3498.0;3034.0;219.0;1638.0;1419.0;245.0;1860.0;1615.0;115.0;681.0;566.0;50.0;321.0;271.0;65.0;360.0;295.0;288.0;1144.0;856.0;119.0;420.0;301.0;169.0;724.0;555.0
POZNAŃSKIE;MOGILEŃSKI;10704.0;37272.0;26568.0;4763.0;17093.0;12330.0;5941.0;20179.0;14238.0;92.0;407.0;315.0;29.0;187.0;158.0;63.0;220.0;157.0;8415.0;29050.0;20635.0;3803.0;13441.0;9638.0;4612.0;15609.0;10997.0;482.0;838.0;356.0;234.0;419.0;185.0;248.0;419.0;171.0;62.0;116.0;54.0;34.0;74.0;40.0;28.0;42.0;14.0;58.0;101.0;43.0;51.0;89.0;38.0;7.0;12.0;5.0;702.0;2457.0;1755.0;282.0;1138.0;856.0;420.0;1319.0;899.0;552.0;2146.0;1594.0;212.0;942.0;730.0;340.0;1204.0;864.0;341.0;2157.0;1816.0;118.0;803.0;685.0;223.0;1354.0;1131.0
POZNAŃSKIE;NOWOTOMYSKI;7197.0;39185.0;31988.0;3254.0;17815.0;14561.0;3943.0;21370.0;17427.0;22.0;320.0;298.0;9.0;146.0;137.0;13.0;174.0;161.0;4847.0;30447.0;25600.0;2209.0;13985.0;11776.0;2638.0;16462.0;13824.0;292.0;491.0;199.0;138.0;233.0;95.0;154.0;258.0;104.0;50.0;89.0;39.0;30.0;56.0;26.0;20.0;33.0;13.0;29.0;52.0;23.0;28.0;50.0;22.0;1.0;2.0;1.0;1371.0;5257.0;3886.0;602.0;2320.0;1718.0;769.0;2937.0;2168.0;126.0;773.0;647.0;52.0;350.0;298.0;74.0;423.0;349.0;460.0;1756.0;1296.0;186.0;675.0;489.0;274.0;1081.0;807.0
POZNAŃSKIE;OBORNICKI;9687.0;42637.0;32950.0;4435.0;19622.0;15187.0;5252.0;23015.0;17763.0;22.0;146.0;124.0;10.0;76.0;66.0;12.0;70.0;58.0;7096.0;32185.0;25089.0;3166.0;14975.0;11809.0;3930.0;17210.0;13280.0;627.0;1049.0;422.0;383.0;616.0;233.0;244.0;433.0;189.0;73.0;112.0;39.0;57.0;87.0;30.0;16.0;25.0;9.0;61.0;118.0;57.0;53.0;102.0;49.0;8.0;16.0;8.0;1211.0;4356.0;3145.0;529.0;1974.0;1445.0;682.0;2382.0;1700.0;344.0;1598.0;1254.0;131.0;676.0;545.0;213.0;922.0;709.0;253.0;3073.0;2820.0;106.0;1116.0;1010.0;147.0;1957.0;1810.0
POZNAŃSKIE;ODOLANOWSKI;5124.0;33242.0;28118.0;2291.0;15398.0;13107.0;2833.0;17844.0;15011.0;6.0;122.0;116.0;5.0;69.0;64.0;1.0;53.0;52.0;3991.0;25359.0;21368.0;1846.0;11951.0;10105.0;2145.0;13408.0;11263.0;80.0;241.0;161.0;32.0;114.0;82.0;48.0;127.0;79.0;35.0;85.0;50.0;23.0;61.0;38.0;12.0;24.0;12.0;16.0;36.0;20.0;15.0;31.0;16.0;1.0;5.0;4.0;301.0;3879.0;3578.0;131.0;1815.0;1684.0;170.0;2064.0;1894.0;136.0;720.0;584.0;58.0;317.0;259.0;78.0;403.0;325.0;559.0;2800.0;2241.0;181.0;1040.0;859.0;378.0;1760.0;1382.0
POZNAŃSKIE;OSTROWSKI (OSTRÓW WIELKOPOLSKI);12777.0;36691.0;23914.0;6056.0;17198.0;11142.0;6721.0;19493.0;12772.0;66.0;126.0;60.0;19.0;41.0;22.0;47.0;85.0;38.0;9701.0;29807.0;20106.0;4598.0;14018.0;9420.0;5103.0;15789.0;10686.0;970.0;1224.0;254.0;432.0;562.0;130.0;538.0;662.0;124.0;146.0;205.0;59.0;115.0;161.0;46.0;31.0;44.0;13.0;138.0;189.0;51.0;123.0;170.0;47.0;15.0;19.0;4.0;1108.0;2451.0;1343.0;516.0;1083.0;567.0;592.0;1368.0;776.0;353.0;1239.0;886.0;143.0;586.0;443.0;210.0;653.0;443.0;295.0;1450.0;1155.0;110.0;577.0;467.0;185.0;873.0;688.0
POZNAŃSKIE;OSTRZESZOWSKI;6718.0;30340.0;23622.0;3064.0;14046.0;10982.0;3654.0;16294.0;12640.0;22.0;106.0;84.0;9.0;48.0;39.0;13.0;58.0;45.0;5598.0;21340.0;15742.0;2570.0;10018.0;7448.0;3028.0;11322.0;8294.0;199.0;332.0;133.0;116.0;181.0;65.0;83.0;151.0;68.0;47.0;72.0;25.0;32.0;49.0;17.0;15.0;23.0;8.0;28.0;50.0;22.0;23.0;43.0;20.0;5.0;7.0;2.0;351.0;4304.0;3953.0;147.0;2021.0;1874.0;204.0;2283.0;2079.0;228.0;1476.0;1248.0;96.0;677.0;581.0;132.0;799.0;667.0;245.0;2660.0;2415.0;71.0;1009.0;938.0;174.0;1651.0;1477.0
POZNAŃSKIE;PLESZEWSKI;5939.0;29301.0;23362.0;2599.0;13315.0;10716.0;3340.0;15986.0;12646.0;35.0;162.0;127.0;12.0;66.0;54.0;23.0;96.0;73.0;4011.0;23168.0;19157.0;1792.0;10540.0;8748.0;2219.0;12628.0;10409.0;257.0;469.0;212.0;121.0;237.0;116.0;136.0;232.0;96.0;76.0;126.0;50.0;16.0;59.0;43.0;60.0;67.0;7.0;46.0;81.0;35.0;38.0;68.0;30.0;8.0;13.0;5.0;699.0;2372.0;1673.0;301.0;1075.0;774.0;398.0;1297.0;899.0;283.0;1614.0;1331.0;117.0;758.0;641.0;166.0;856.0;690.0;532.0;1309.0;777.0;202.0;512.0;310.0;330.0;797.0;467.0
POZNAŃSKIE;POZNAŃ (MIASTO);136983.0;136983.0;0.0;60850.0;60850.0;0.0;76133.0;76133.0;0.0;1243.0;1243.0;0.0;458.0;458.0;0.0;785.0;785.0;0.0;82211.0;82211.0;0.0;36477.0;36477.0;0.0;45734.0;45734.0;0.0;17802.0;17802.0;0.0;8046.0;8046.0;0.0;9756.0;9756.0;0.0;3282.0;3282.0;0.0;2064.0;2064.0;0.0;1218.0;1218.0;0.0;3731.0;3731.0;0.0;3065.0;3065.0;0.0;666.0;666.0;0.0;18976.0;18976.0;0.0;7667.0;7667.0;0.0;11309.0;11309.0;0.0;2556.0;2556.0;0.0;836.0;836.0;0.0;1720.0;1720.0;0.0;7182.0;7182.0;0.0;2237.0;2237.0;0.0;4945.0;4945.0;0.0
POZNAŃSKIE;POZNAŃSKI WSCHODNI;5243.0;39469.0;34226.0;2424.0;18599.0;16175.0;2819.0;20870.0;18051.0;91.0;349.0;258.0;45.0;151.0;106.0;46.0;198.0;152.0;3502.0;28246.0;24744.0;1624.0;13337.0;11713.0;1878.0;14909.0;13031.0;221.0;977.0;756.0;101.0;549.0;448.0;120.0;428.0;308.0;26.0;203.0;177.0;23.0;161.0;138.0;3.0;42.0;39.0;27.0;177.0;150.0;22.0;136.0;114.0;5.0;41.0;36.0;850.0;5089.0;4239.0;394.0;2431.0;2037.0;456.0;2658.0;2202.0;274.0;1863.0;1589.0;106.0;817.0;711.0;168.0;1046.0;878.0;252.0;2565.0;2313.0;109.0;1017.0;908.0;143.0;1548.0;1405.0
POZNAŃSKIE;POZNAŃSKI ZACHODNI;1452.0;34006.0;32554.0;661.0;15757.0;15096.0;791.0;18249.0;17458.0;30.0;217.0;187.0;13.0;86.0;73.0;17.0;131.0;114.0;1090.0;28076.0;26986.0;510.0;13111.0;12601.0;580.0;14965.0;14385.0;26.0;493.0;467.0;15.0;242.0;227.0;11.0;251.0;240.0;8.0;124.0;116.0;5.0;74.0;69.0;3.0;50.0;47.0;2.0;93.0;91.0;2.0;64.0;62.0;0.0;29.0;29.0;211.0;2645.0;2434.0;88.0;1195.0;1107.0;123.0;1450.0;1327.0;47.0;1512.0;1465.0;15.0;660.0;645.0;32.0;852.0;820.0;38.0;846.0;808.0;13.0;325.0;312.0;25.0;521.0;496.0
POZNAŃSKIE;RAWICKI;12993.0;37533.0;24540.0;5841.0;16897.0;11056.0;7152.0;20636.0;13484.0;176.0;520.0;344.0;70.0;230.0;160.0;106.0;290.0;184.0;8725.0;29436.0;20711.0;3857.0;13116.0;9259.0;4868.0;16320.0;11452.0;814.0;1007.0;193.0;391.0;500.0;109.0;423.0;507.0;84.0;86.0;132.0;46.0;60.0;99.0;39.0;26.0;33.0;7.0;81.0;101.0;20.0;70.0;86.0;16.0;11.0;15.0;4.0;2416.0;4323.0;1907.0;1076.0;1982.0;906.0;1340.0;2341.0;1001.0;277.0;793.0;516.0;149.0;391.0;242.0;128.0;402.0;274.0;418.0;1221.0;803.0;168.0;493.0;325.0;250.0;728.0;478.0
POZNAŃSKIE;STRZELNEŃSKI;6127.0;30260.0;24133.0;2824.0;14063.0;11239.0;3303.0;16197.0;12894.0;62.0;339.0;277.0;20.0;142.0;122.0;42.0;197.0;155.0;4787.0;22463.0;17676.0;2214.0;10568.0;8354.0;2573.0;11895.0;9322.0;242.0;518.0;276.0;126.0;264.0;138.0;116.0;254.0;138.0;31.0;99.0;68.0;23.0;71.0;48.0;8.0;28.0;20.0;30.0;81.0;51.0;21.0;65.0;44.0;9.0;16.0;7.0;547.0;2674.0;2127.0;264.0;1218.0;954.0;283.0;1456.0;1173.0;318.0;2578.0;2260.0;115.0;1135.0;1020.0;203.0;1443.0;1240.0;110.0;1508.0;1398.0;41.0;600.0;559.0;69.0;908.0;839.0
POZNAŃSKIE;SZAMOTULSKI;13193.0;51034.0;37841.0;6069.0;23161.0;17092.0;7124.0;27873.0;20749.0;48.0;250.0;202.0;17.0;114.0;97.0;31.0;136.0;105.0;10863.0;41926.0;31063.0;5047.0;19197.0;14150.0;5816.0;22729.0;16913.0;599.0;965.0;366.0;252.0;422.0;170.0;347.0;543.0;196.0;111.0;171.0;60.0;81.0;133.0;52.0;30.0;38.0;8.0;75.0;143.0;68.0;68.0;123.0;55.0;7.0;20.0;13.0;689.0;3538.0;2849.0;304.0;1583.0;1279.0;385.0;1955.0;1570.0;485.0;1934.0;1449.0;186.0;835.0;649.0;299.0;1099.0;800.0;323.0;2107.0;1784.0;114.0;754.0;640.0;209.0;1353.0;1144.0
POZNAŃSKIE;SZUBIŃSKI;7948.0;35474.0;27526.0;3673.0;16529.0;12856.0;4275.0;18945.0;14670.0;46.0;302.0;256.0;16.0;149.0;133.0;30.0;153.0;123.0;6362.0;24360.0;17998.0;2908.0;11476.0;8568.0;3454.0;12884.0;9430.0;400.0;686.0;286.0;251.0;390.0;139.0;149.0;296.0;147.0;57.0;111.0;54.0;44.0;83.0;39.0;13.0;28.0;15.0;33.0;63.0;30.0;31.0;57.0;26.0;2.0;6.0;4.0;432.0;5265.0;4833.0;172.0;2454.0;2282.0;260.0;2811.0;2551.0;349.0;1629.0;1280.0;136.0;721.0;585.0;213.0;908.0;695.0;269.0;3058.0;2789.0;115.0;1199.0;1084.0;154.0;1859.0;1705.0
POZNAŃSKIE;WITKOWSKI;3256.0;23243.0;19987.0;1441.0;10767.0;9326.0;1815.0;12476.0;10661.0;30.0;234.0;204.0;10.0;99.0;89.0;20.0;135.0;115.0;2822.0;19042.0;16220.0;1262.0;8904.0;7642.0;1560.0;10138.0;8578.0;103.0;294.0;191.0;31.0;117.0;86.0;72.0;177.0;105.0;24.0;81.0;57.0;20.0;61.0;41.0;4.0;20.0;16.0;12.0;40.0;28.0;12.0;37.0;25.0;0.0;3.0;3.0;118.0;1697.0;1579.0;53.0;762.0;709.0;65.0;935.0;870.0;85.0;1122.0;1037.0;28.0;492.0;464.0;57.0;630.0;573.0;62.0;733.0;671.0;25.0;295.0;270.0;37.0;438.0;401.0
POZNAŃSKIE;WOLSZTYŃSKI;6165.0;38262.0;32097.0;2779.0;17464.0;14685.0;3386.0;20798.0;17412.0;46.0;201.0;155.0;16.0;93.0;77.0;30.0;108.0;78.0;4606.0;32214.0;27608.0;2024.0;14898.0;12874.0;2582.0;17316.0;14734.0;360.0;556.0;196.0;234.0;322.0;88.0;126.0;234.0;108.0;32.0;68.0;36.0;21.0;51.0;30.0;11.0;17.0;6.0;51.0;93.0;42.0;43.0;78.0;35.0;8.0;15.0;7.0;808.0;2851.0;2043.0;345.0;1218.0;873.0;463.0;1633.0;1170.0;92.0;531.0;439.0;34.0;247.0;213.0;58.0;284.0;226.0;170.0;1748.0;1578.0;62.0;557.0;495.0;108.0;1191.0;1083.0
POZNAŃSKIE;WRZESIŃSKI;7094.0;31490.0;24396.0;3168.0;14361.0;11193.0;3926.0;17129.0;13203.0;26.0;488.0;462.0;6.0;214.0;208.0;20.0;274.0;254.0;5727.0;25175.0;19448.0;2554.0;11494.0;8940.0;3173.0;13681.0;10508.0;337.0;644.0;307.0;171.0;337.0;166.0;166.0;307.0;141.0;61.0;127.0;66.0;45.0;94.0;49.0;16.0;33.0;17.0;43.0;99.0;56.0;37.0;83.0;46.0;6.0;16.0;10.0;463.0;2395.0;1932.0;203.0;1048.0;845.0;260.0;1347.0;1087.0;286.0;1612.0;1326.0;91.0;687.0;596.0;195.0;925.0;730.0;151.0;950.0;799.0;61.0;404.0;343.0;90.0;546.0;456.0
POZNAŃSKIE;WYRZYSKI;11737.0;48208.0;36471.0;5440.0;22489.0;17049.0;6297.0;25719.0;19422.0;123.0;859.0;736.0;60.0;411.0;351.0;63.0;448.0;385.0;8814.0;35393.0;26579.0;4053.0;16606.0;12553.0;4761.0;18787.0;14026.0;577.0;1100.0;523.0;290.0;551.0;261.0;287.0;549.0;262.0;50.0;110.0;60.0;40.0;88.0;48.0;10.0;22.0;12.0;77.0;138.0;61.0;65.0;115.0;50.0;12.0;23.0;11.0;1349.0;6212.0;4863.0;634.0;2882.0;2248.0;715.0;3330.0;2615.0;351.0;1781.0;1430.0;131.0;779.0;648.0;220.0;1002.0;782.0;396.0;2615.0;2219.0;167.0;1057.0;890.0;229.0;1558.0;1329.0
POZNAŃSKIE;WĄGROWIECKI;8484.0;41438.0;32954.0;3856.0;19380.0;15524.0;4628.0;22058.0;17430.0;35.0;196.0;161.0;14.0;94.0;80.0;21.0;102.0;81.0;6214.0;32002.0;25788.0;2755.0;15034.0;12279.0;3459.0;16968.0;13509.0;698.0;1100.0;402.0;399.0;615.0;216.0;299.0;485.0;186.0;50.0;130.0;80.0;46.0;109.0;63.0;4.0;21.0;17.0;76.0;151.0;75.0;64.0;131.0;67.0;12.0;20.0;8.0;861.0;3601.0;2740.0;366.0;1666.0;1300.0;495.0;1935.0;1440.0;286.0;1980.0;1694.0;106.0;893.0;787.0;180.0;1087.0;907.0;264.0;2278.0;2014.0;106.0;838.0;732.0;158.0;1440.0;1282.0
POZNAŃSKIE;ŚMIGIELSKI;4385.0;28943.0;24558.0;1931.0;13079.0;11148.0;2454.0;15864.0;13410.0;39.0;164.0;125.0;20.0;74.0;54.0;19.0;90.0;71.0;3527.0;24419.0;20892.0;1546.0;11164.0;9618.0;1981.0;13255.0;11274.0;133.0;315.0;182.0;62.0;155.0;93.0;71.0;160.0;89.0;18.0;43.0;25.0;12.0;37.0;25.0;6.0;6.0;0.0;10.0;44.0;34.0;9.0;35.0;26.0;1.0;9.0;8.0;446.0;1617.0;1171.0;198.0;694.0;496.0;248.0;923.0;675.0;107.0;810.0;703.0;45.0;360.0;315.0;62.0;450.0;388.0;105.0;1531.0;1426.0;39.0;560.0;521.0;66.0;971.0;905.0
POZNAŃSKIE;ŚREDZKI;9032.0;38424.0;29392.0;3984.0;17629.0;13645.0;5048.0;20795.0;15747.0;42.0;122.0;80.0;14.0;44.0;30.0;28.0;78.0;50.0;7167.0;30608.0;23441.0;3194.0;14232.0;11038.0;3973.0;16376.0;12403.0;351.0;624.0;273.0;160.0;302.0;142.0;191.0;322.0;131.0;69.0;139.0;70.0;51.0;111.0;60.0;18.0;28.0;10.0;59.0;132.0;73.0;49.0;106.0;57.0;10.0;26.0;16.0;548.0;3085.0;2537.0;236.0;1371.0;1135.0;312.0;1714.0;1402.0;358.0;1845.0;1487.0;142.0;829.0;687.0;216.0;1016.0;800.0;438.0;1869.0;1431.0;138.0;634.0;496.0;300.0;1235.0;935.0
POZNAŃSKIE;ŚREMSKI;11189.0;44334.0;33145.0;4940.0;20111.0;15171.0;6249.0;24223.0;17974.0;77.0;214.0;137.0;33.0;91.0;58.0;44.0;123.0;79.0;8888.0;35433.0;26545.0;3908.0;16177.0;12269.0;4980.0;19256.0;14276.0;527.0;928.0;401.0;274.0;469.0;195.0;253.0;459.0;206.0;78.0;121.0;43.0;57.0;89.0;32.0;21.0;32.0;11.0;72.0;168.0;96.0;59.0;120.0;61.0;13.0;48.0;35.0;628.0;2985.0;2357.0;264.0;1351.0;1087.0;364.0;1634.0;1270.0;561.0;2174.0;1613.0;207.0;938.0;731.0;354.0;1236.0;882.0;358.0;2311.0;1953.0;138.0;876.0;738.0;220.0;1435.0;1215.0
POZNAŃSKIE;ŻNIŃSKI;6513.0;31306.0;24793.0;2986.0;14536.0;11550.0;3527.0;16770.0;13243.0;44.0;205.0;161.0;13.0;98.0;85.0;31.0;107.0;76.0;4147.0;21118.0;16971.0;1973.0;10042.0;8069.0;2174.0;11076.0;8902.0;231.0;514.0;283.0;111.0;262.0;151.0;120.0;252.0;132.0;29.0;70.0;41.0;18.0;57.0;39.0;11.0;13.0;2.0;24.0;64.0;40.0;23.0;57.0;34.0;1.0;7.0;6.0;1019.0;4681.0;3662.0;461.0;2181.0;1720.0;558.0;2500.0;1942.0;201.0;1380.0;1179.0;72.0;576.0;504.0;129.0;804.0;675.0;818.0;3274.0;2456.0;315.0;1263.0;948.0;503.0;2011.0;1508.0
STANISŁAWOWSKIE;BOHORODCZAŃSKI;2100.0;44711.0;42611.0;989.0;21155.0;20166.0;1111.0;23556.0;22445.0;39.0;402.0;363.0;24.0;232.0;208.0;15.0;170.0;155.0;1390.0;11736.0;10346.0;680.0;6641.0;5961.0;710.0;5095.0;4385.0;55.0;247.0;192.0;32.0;117.0;85.0;23.0;130.0;107.0;18.0;77.0;59.0;12.0;62.0;50.0;6.0;15.0;9.0;26.0;116.0;90.0;25.0;107.0;82.0;1.0;9.0;8.0;12.0;317.0;305.0;5.0;170.0;165.0;7.0;147.0;140.0;438.0;26767.0;26329.0;161.0;11703.0;11542.0;277.0;15064.0;14787.0;122.0;5049.0;4927.0;50.0;2123.0;2073.0;72.0;2926.0;2854.0
STANISŁAWOWSKIE;DOLIŃSKI;12474.0;80152.0;67678.0;5737.0;38392.0;32655.0;6737.0;41760.0;35023.0;394.0;1052.0;658.0;230.0;632.0;402.0;164.0;420.0;256.0;7587.0;31632.0;24045.0;3564.0;16985.0;13421.0;4023.0;14647.0;10624.0;486.0;871.0;385.0;253.0;439.0;186.0;233.0;432.0;199.0;67.0;170.0;103.0;46.0;131.0;85.0;21.0;39.0;18.0;128.0;242.0;114.0;115.0;220.0;105.0;13.0;22.0;9.0;324.0;1640.0;1316.0;193.0;938.0;745.0;131.0;702.0;571.0;2303.0;32058.0;29755.0;920.0;14041.0;13121.0;1383.0;18017.0;16634.0;1185.0;12487.0;11302.0;416.0;5006.0;4590.0;769.0;7481.0;6712.0
STANISŁAWOWSKIE;HORODEŃSKI;8173.0;66837.0;58664.0;3758.0;30785.0;27027.0;4415.0;36052.0;31637.0;145.0;746.0;601.0;101.0;441.0;340.0;44.0;305.0;261.0;4188.0;20609.0;16421.0;2078.0;11473.0;9395.0;2110.0;9136.0;7026.0;239.0;547.0;308.0;119.0;252.0;133.0;120.0;295.0;175.0;47.0;104.0;57.0;31.0;79.0;48.0;16.0;25.0;9.0;61.0;147.0;86.0;52.0;135.0;83.0;9.0;12.0;3.0;46.0;789.0;743.0;26.0;458.0;432.0;20.0;331.0;311.0;3133.0;41442.0;38309.0;1241.0;17058.0;15817.0;1892.0;24384.0;22492.0;314.0;2453.0;2139.0;110.0;889.0;779.0;204.0;1564.0;1360.0
STANISŁAWOWSKIE;KAŁUSKI;5418.0;68711.0;63293.0;2460.0;32532.0;30072.0;2958.0;36179.0;33221.0;116.0;521.0;405.0;70.0;314.0;244.0;46.0;207.0;161.0;3619.0;27581.0;23962.0;1640.0;15195.0;13555.0;1979.0;12386.0;10407.0;229.0;554.0;325.0;128.0;290.0;162.0;101.0;264.0;163.0;50.0;102.0;52.0;36.0;80.0;44.0;14.0;22.0;8.0;74.0;161.0;87.0;69.0;152.0;83.0;5.0;9.0;4.0;75.0;1026.0;951.0;39.0;553.0;514.0;36.0;473.0;437.0;588.0;32412.0;31824.0;243.0;13500.0;13257.0;345.0;18912.0;18567.0;667.0;6354.0;5687.0;235.0;2448.0;2213.0;432.0;3906.0;3474.0
STANISŁAWOWSKIE;KOSOWSKI (KOSÓW HUCULSKI);8104.0;61506.0;53402.0;3672.0;29017.0;25345.0;4432.0;32489.0;28057.0;272.0;1019.0;747.0;154.0;625.0;471.0;118.0;394.0;276.0;5223.0;14912.0;9689.0;2448.0;8370.0;5922.0;2775.0;6542.0;3767.0;198.0;459.0;261.0;114.0;256.0;142.0;84.0;203.0;119.0;47.0;83.0;36.0;30.0;59.0;29.0;17.0;24.0;7.0;68.0;154.0;86.0;53.0;127.0;74.0;15.0;27.0;12.0;75.0;1142.0;1067.0;33.0;658.0;625.0;42.0;484.0;442.0;1805.0;38048.0;36243.0;693.0;16607.0;15914.0;1112.0;21441.0;20329.0;416.0;5689.0;5273.0;147.0;2315.0;2168.0;269.0;3374.0;3105.0
STANISŁAWOWSKIE;KOŁOMYJSKI;26405.0;87874.0;61469.0;11876.0;40844.0;28968.0;14529.0;47030.0;32501.0;1174.0;1626.0;452.0;612.0;868.0;256.0;562.0;758.0;196.0;16255.0;42468.0;26213.0;7403.0;22149.0;14746.0;8852.0;20319.0;11467.0;2188.0;2603.0;415.0;1058.0;1260.0;202.0;1130.0;1343.0;213.0;324.0;407.0;83.0;225.0;293.0;68.0;99.0;114.0;15.0;418.0;510.0;92.0;360.0;449.0;89.0;58.0;61.0;3.0;594.0;1219.0;625.0;300.0;619.0;319.0;294.0;600.0;306.0;4483.0;36265.0;31782.0;1551.0;14146.0;12595.0;2932.0;22119.0;19187.0;969.0;2776.0;1807.0;367.0;1060.0;693.0;602.0;1716.0;1114.0
STANISŁAWOWSKIE;NADWÓRNIAŃSKI;9511.0;60706.0;51195.0;4383.0;28673.0;24290.0;5128.0;32033.0;26905.0;180.0;886.0;706.0;103.0;512.0;409.0;77.0;374.0;297.0;4563.0;15523.0;10960.0;2214.0;8490.0;6276.0;2349.0;7033.0;4684.0;228.0;521.0;293.0;111.0;264.0;153.0;117.0;257.0;140.0;64.0;143.0;79.0;49.0;117.0;68.0;15.0;26.0;11.0;76.0;158.0;82.0;71.0;140.0;69.0;5.0;18.0;13.0;182.0;1305.0;1123.0;105.0;798.0;693.0;77.0;507.0;430.0;3258.0;35660.0;32402.0;1351.0;15706.0;14355.0;1907.0;19954.0;18047.0;960.0;6510.0;5550.0;379.0;2646.0;2267.0;581.0;3864.0;3283.0
STANISŁAWOWSKIE;PECZENIŻYŃSKI;4756.0;33768.0;29012.0;2155.0;15776.0;13621.0;2601.0;17992.0;15391.0;211.0;795.0;584.0;107.0;500.0;393.0;104.0;295.0;191.0;1833.0;9298.0;7465.0;949.0;5454.0;4505.0;884.0;3844.0;2960.0;54.0;191.0;137.0;24.0;97.0;73.0;30.0;94.0;64.0;16.0;33.0;17.0;8.0;24.0;16.0;8.0;9.0;1.0;23.0;62.0;39.0;20.0;55.0;35.0;3.0;7.0;4.0;109.0;473.0;364.0;55.0;284.0;229.0;54.0;189.0;135.0;1997.0;19422.0;17425.0;811.0;8067.0;7256.0;1186.0;11355.0;10169.0;513.0;3494.0;2981.0;181.0;1295.0;1114.0;332.0;2199.0;1867.0
STANISŁAWOWSKIE;ROHATYŃSKI;9501.0;86384.0;76883.0;4377.0;41043.0;36666.0;5124.0;45341.0;40217.0;270.0;1066.0;796.0;164.0;592.0;428.0;106.0;474.0;368.0;5089.0;41829.0;36740.0;2447.0;21712.0;19265.0;2642.0;20117.0;17475.0;333.0;839.0;506.0;174.0;429.0;255.0;159.0;410.0;251.0;41.0;134.0;93.0;25.0;96.0;71.0;16.0;38.0;22.0;117.0;264.0;147.0;98.0;231.0;133.0;19.0;33.0;14.0;112.0;1207.0;1095.0;61.0;602.0;541.0;51.0;605.0;554.0;2500.0;36942.0;34442.0;1007.0;15750.0;14743.0;1493.0;21192.0;19699.0;1039.0;4103.0;3064.0;401.0;1631.0;1230.0;638.0;2472.0;1834.0
STANISŁAWOWSKIE;SKOLSKI;4951.0;38144.0;33193.0;2308.0;18536.0;16228.0;2643.0;19608.0;16965.0;208.0;919.0;711.0;124.0;600.0;476.0;84.0;319.0;235.0;3280.0;16189.0;12909.0;1569.0;8964.0;7395.0;1711.0;7225.0;5514.0;184.0;402.0;218.0;93.0;204.0;111.0;91.0;198.0;107.0;35.0;93.0;58.0;28.0;72.0;44.0;7.0;21.0;14.0;54.0;125.0;71.0;49.0;113.0;64.0;5.0;12.0;7.0;52.0;397.0;345.0;30.0;222.0;192.0;22.0;175.0;153.0;919.0;17079.0;16160.0;346.0;7191.0;6845.0;573.0;9888.0;9315.0;219.0;2940.0;2721.0;69.0;1170.0;1101.0;150.0;1770.0;1620.0
STANISŁAWOWSKIE;STANISŁAWOWSKI;40664.0;107080.0;66416.0;18719.0;50099.0;31380.0;21945.0;56981.0;35036.0;1433.0;2067.0;634.0;718.0;1028.0;310.0;715.0;1039.0;324.0;25264.0;53313.0;28049.0;11460.0;26593.0;15133.0;13804.0;26720.0;12916.0;4329.0;5264.0;935.0;2313.0;2854.0;541.0;2016.0;2410.0;394.0;670.0;897.0;227.0;457.0;598.0;141.0;213.0;299.0;86.0;982.0;1091.0;109.0;869.0;972.0;103.0;113.0;119.0;6.0;934.0;3247.0;2313.0;452.0;1815.0;1363.0;482.0;1432.0;950.0;4943.0;31321.0;26378.0;1710.0;12563.0;10853.0;3233.0;18758.0;15525.0;2109.0;9880.0;7771.0;740.0;3676.0;2936.0;1369.0;6204.0;4835.0
STANISŁAWOWSKIE;STRYJSKI;22926.0;58079.0;35153.0;10668.0;27629.0;16961.0;12258.0;30450.0;18192.0;795.0;921.0;126.0;435.0;504.0;69.0;360.0;417.0;57.0;14423.0;30860.0;16437.0;6755.0;15583.0;8828.0;7668.0;15277.0;7609.0;2328.0;2581.0;253.0;1082.0;1212.0;130.0;1246.0;1369.0;123.0;451.0;532.0;81.0;293.0;357.0;64.0;158.0;175.0;17.0;496.0;574.0;78.0;432.0;499.0;67.0;64.0;75.0;11.0;804.0;3012.0;2208.0;381.0;1506.0;1125.0;423.0;1506.0;1083.0;2606.0;14757.0;12151.0;916.0;6019.0;5103.0;1690.0;8738.0;7048.0;1023.0;4842.0;3819.0;374.0;1949.0;1575.0;649.0;2893.0;2244.0
STANISŁAWOWSKIE;TURCZAŃSKI;8059.0;60476.0;52417.0;3969.0;29669.0;25700.0;4090.0;30807.0;26717.0;414.0;1027.0;613.0;242.0;656.0;414.0;172.0;371.0;199.0;3594.0;13250.0;9656.0;1793.0;7496.0;5703.0;1801.0;5754.0;3953.0;192.0;434.0;242.0;89.0;207.0;118.0;103.0;227.0;124.0;36.0;82.0;46.0;28.0;67.0;39.0;8.0;15.0;7.0;42.0;109.0;67.0;42.0;105.0;63.0;0.0;4.0;4.0;168.0;1405.0;1237.0;90.0;833.0;743.0;78.0;572.0;494.0;2989.0;35037.0;32048.0;1419.0;16236.0;14817.0;1570.0;18801.0;17231.0;624.0;9132.0;8508.0;266.0;4069.0;3803.0;358.0;5063.0;4705.0
STANISŁAWOWSKIE;TŁUMACKI;10377.0;82424.0;72047.0;4807.0;38678.0;33871.0;5570.0;43746.0;38176.0;287.0;800.0;513.0;171.0;498.0;327.0;116.0;302.0;186.0;5782.0;30025.0;24243.0;2722.0;16205.0;13483.0;3060.0;13820.0;10760.0;319.0;740.0;421.0;186.0;412.0;226.0;133.0;328.0;195.0;51.0;124.0;73.0;36.0;95.0;59.0;15.0;29.0;14.0;86.0;185.0;99.0;76.0;169.0;93.0;10.0;16.0;6.0;392.0;2336.0;1944.0;193.0;1299.0;1106.0;199.0;1037.0;838.0;2743.0;39348.0;36605.0;1147.0;16588.0;15441.0;1596.0;22760.0;21164.0;717.0;8866.0;8149.0;276.0;3412.0;3136.0;441.0;5454.0;5013.0
STANISŁAWOWSKIE;ŚNIATYŃSKI;11727.0;64521.0;52794.0;5382.0;30048.0;24666.0;6345.0;34473.0;28128.0;594.0;1426.0;832.0;345.0;842.0;497.0;249.0;584.0;335.0;6206.0;25060.0;18854.0;2960.0;13728.0;10768.0;3246.0;11332.0;8086.0;352.0;644.0;292.0;215.0;382.0;167.0;137.0;262.0;125.0;41.0;93.0;52.0;29.0;71.0;42.0;12.0;22.0;10.0;92.0;161.0;69.0;83.0;148.0;65.0;9.0;13.0;4.0;72.0;831.0;759.0;33.0;472.0;439.0;39.0;359.0;320.0;3893.0;33985.0;30092.0;1548.0;13595.0;12047.0;2345.0;20390.0;18045.0;477.0;2321.0;1844.0;169.0;810.0;641.0;308.0;1511.0;1203.0
STANISŁAWOWSKIE;ŻYDACZOWSKI;10254.0;60759.0;50505.0;4722.0;28952.0;24230.0;5532.0;31807.0;26275.0;191.0;423.0;232.0;117.0;253.0;136.0;74.0;170.0;96.0;6817.0;35591.0;28774.0;3228.0;18318.0;15090.0;3589.0;17273.0;13684.0;226.0;558.0;332.0;122.0;267.0;145.0;104.0;291.0;187.0;43.0;145.0;102.0;33.0;114.0;81.0;10.0;31.0;21.0;76.0;175.0;99.0;76.0;172.0;96.0;0.0;3.0;3.0;337.0;834.0;497.0;136.0;389.0;253.0;201.0;445.0;244.0;2275.0;18045.0;15770.0;906.0;7536.0;6630.0;1369.0;10509.0;9140.0;289.0;4988.0;4699.0;104.0;1903.0;1799.0;185.0;3085.0;2900.0
TARNOPOLSKIE;BORSZCZOWSKI;7387.0;76469.0;69082.0;3422.0;35483.0;32061.0;3965.0;40986.0;37021.0;695.0;1818.0;1123.0;400.0;1020.0;620.0;295.0;798.0;503.0;3643.0;26386.0;22743.0;1671.0;13626.0;11955.0;1972.0;12760.0;10788.0;345.0;829.0;484.0;198.0;493.0;295.0;147.0;336.0;189.0;46.0;153.0;107.0;37.0;131.0;94.0;9.0;22.0;13.0;63.0;185.0;122.0;56.0;169.0;113.0;7.0;16.0;9.0;36.0;1846.0;1810.0;20.0;955.0;935.0;16.0;891.0;875.0;2492.0;38915.0;36423.0;1019.0;16387.0;15368.0;1473.0;22528.0;21055.0;67.0;6337.0;6270.0;21.0;2702.0;2681.0;46.0;3635.0;3589.0
TARNOPOLSKIE;BRODZKI;9172.0;60405.0;51233.0;4062.0;28812.0;24750.0;5110.0;31593.0;26483.0;703.0;1484.0;781.0;384.0;811.0;427.0;319.0;673.0;354.0;4912.0;25526.0;20614.0;2181.0;13355.0;11174.0;2731.0;12171.0;9440.0;559.0;841.0;282.0;294.0;443.0;149.0;265.0;398.0;133.0;161.0;237.0;76.0;92.0;157.0;65.0;69.0;80.0;11.0;141.0;242.0;101.0;131.0;225.0;94.0;10.0;17.0;7.0;193.0;1200.0;1007.0;81.0;630.0;549.0;112.0;570.0;458.0;2192.0;25976.0;23784.0;789.0;11143.0;10354.0;1403.0;14833.0;13430.0;311.0;4899.0;4588.0;110.0;2048.0;1938.0;201.0;2851.0;2650.0
TARNOPOLSKIE;BRZEŻAŃSKI;12425.0;74619.0;62194.0;5661.0;35209.0;29548.0;6764.0;39410.0;32646.0;406.0;884.0;478.0;224.0;516.0;292.0;182.0;368.0;186.0;7579.0;29399.0;21820.0;3480.0;14985.0;11505.0;4099.0;14414.0;10315.0;840.0;1205.0;365.0;422.0;603.0;181.0;418.0;602.0;184.0;75.0;140.0;65.0;53.0;111.0;58.0;22.0;29.0;7.0;206.0;278.0;72.0;194.0;261.0;67.0;12.0;17.0;5.0;97.0;1969.0;1872.0;38.0;1048.0;1010.0;59.0;921.0;862.0;2577.0;33629.0;31052.0;1021.0;14649.0;13628.0;1556.0;18980.0;17424.0;645.0;7115.0;6470.0;229.0;3036.0;2807.0;416.0;4079.0;3663.0
TARNOPOLSKIE;BUCZACKI;14139.0;93219.0;79080.0;6460.0;43292.0;36832.0;7679.0;49927.0;42248.0;743.0;1848.0;1105.0;408.0;1077.0;669.0;335.0;771.0;436.0;8036.0;36373.0;28337.0;3759.0;18540.0;14781.0;4277.0;17833.0;13556.0;584.0;1052.0;468.0;294.0;543.0;249.0;290.0;509.0;219.0;71.0;150.0;79.0;51.0;117.0;66.0;20.0;33.0;13.0;132.0;239.0;107.0;118.0;222.0;104.0;14.0;17.0;3.0;485.0;2983.0;2498.0;255.0;1577.0;1322.0;230.0;1406.0;1176.0;3255.0;42493.0;39238.0;1250.0;17889.0;16639.0;2005.0;24604.0;22599.0;833.0;8081.0;7248.0;325.0;3327.0;3002.0;508.0;4754.0;4246.0
TARNOPOLSKIE;CZORTKOWSKI;6578.0;55735.0;49157.0;3070.0;25909.0;22839.0;3508.0;29826.0;26318.0;631.0;1516.0;885.0;338.0;810.0;472.0;293.0;706.0;413.0;3412.0;23763.0;20351.0;1568.0;12185.0;10617.0;1844.0;11578.0;9734.0;410.0;1160.0;750.0;215.0;634.0;419.0;195.0;526.0;331.0;58.0;185.0;127.0;41.0;144.0;103.0;17.0;41.0;24.0;133.0;218.0;85.0;122.0;200.0;78.0;11.0;18.0;7.0;222.0;1567.0;1345.0;119.0;799.0;680.0;103.0;768.0;665.0;1253.0;23428.0;22175.0;484.0;9614.0;9130.0;769.0;13814.0;13045.0;459.0;3898.0;3439.0;183.0;1523.0;1340.0;276.0;2375.0;2099.0
TARNOPOLSKIE;HUSIATYŃSKI;8250.0;69269.0;61019.0;3836.0;32055.0;28219.0;4414.0;37214.0;32800.0;680.0;1836.0;1156.0;412.0;1084.0;672.0;268.0;752.0;484.0;4041.0;31267.0;27226.0;1897.0;15476.0;13579.0;2144.0;15791.0;13647.0;267.0;670.0;403.0;152.0;406.0;254.0;115.0;264.0;149.0;44.0;115.0;71.0;39.0;102.0;63.0;5.0;13.0;8.0;50.0;145.0;95.0;47.0;135.0;88.0;3.0;10.0;7.0;47.0;1238.0;1191.0;26.0;602.0;576.0;21.0;636.0;615.0;2434.0;30049.0;27615.0;969.0;12586.0;11617.0;1465.0;17463.0;15998.0;687.0;3949.0;3262.0;294.0;1664.0;1370.0;393.0;2285.0;1892.0
TARNOPOLSKIE;KAMIONECKI;10509.0;55350.0;44841.0;4941.0;26497.0;21556.0;5568.0;28853.0;23285.0;194.0;692.0;498.0;102.0;365.0;263.0;92.0;327.0;235.0;6847.0;35122.0;28275.0;3217.0;17230.0;14013.0;3630.0;17892.0;14262.0;285.0;561.0;276.0;153.0;302.0;149.0;132.0;259.0;127.0;31.0;95.0;64.0;21.0;69.0;48.0;10.0;26.0;16.0;72.0;156.0;84.0;70.0;147.0;77.0;2.0;9.0;7.0;242.0;720.0;478.0;102.0;319.0;217.0;140.0;401.0;261.0;2120.0;15452.0;13332.0;957.0;6919.0;5962.0;1163.0;8533.0;7370.0;718.0;2552.0;1834.0;319.0;1146.0;827.0;399.0;1406.0;1007.0
TARNOPOLSKIE;PODHAJECKI;4019.0;65493.0;61474.0;1929.0;30830.0;28901.0;2090.0;34663.0;32573.0;278.0;964.0;686.0;145.0;518.0;373.0;133.0;446.0;313.0;2389.0;27712.0;25323.0;1155.0;14184.0;13029.0;1234.0;13528.0;12294.0;169.0;423.0;254.0;85.0;219.0;134.0;84.0;204.0;120.0;32.0;96.0;64.0;24.0;78.0;54.0;8.0;18.0;10.0;58.0;136.0;78.0;55.0;128.0;73.0;3.0;8.0;5.0;127.0;1833.0;1706.0;60.0;965.0;905.0;67.0;868.0;801.0;896.0;29756.0;28860.0;384.0;12801.0;12417.0;512.0;16955.0;16443.0;70.0;4573.0;4503.0;21.0;1937.0;1916.0;49.0;2636.0;2587.0
TARNOPOLSKIE;PRZEMYŚLAŃSKI;7058.0;62673.0;55615.0;3318.0;30198.0;26880.0;3740.0;32475.0;28735.0;137.0;416.0;279.0;82.0;244.0;162.0;55.0;172.0;117.0;3807.0;34256.0;30449.0;1879.0;17391.0;15512.0;1928.0;16865.0;14937.0;161.0;564.0;403.0;92.0;304.0;212.0;69.0;260.0;191.0;37.0;105.0;68.0;26.0;88.0;62.0;11.0;17.0;6.0;57.0;150.0;93.0;49.0;133.0;84.0;8.0;17.0;9.0;459.0;2440.0;1981.0;226.0;1233.0;1007.0;233.0;1207.0;974.0;1651.0;20322.0;18671.0;639.0;8894.0;8255.0;1012.0;11428.0;10416.0;749.0;4420.0;3671.0;325.0;1911.0;1586.0;424.0;2509.0;2085.0
TARNOPOLSKIE;RADZIECHOWSKI;6194.0;54991.0;48797.0;2930.0;26255.0;23325.0;3264.0;28736.0;25472.0;275.0;918.0;643.0;195.0;592.0;397.0;80.0;326.0;246.0;3469.0;30596.0;27127.0;1622.0;15575.0;13953.0;1847.0;15021.0;13174.0;173.0;458.0;285.0;87.0;243.0;156.0;86.0;215.0;129.0;20.0;98.0;78.0;16.0;79.0;63.0;4.0;19.0;15.0;33.0;121.0;88.0;31.0;118.0;87.0;2.0;3.0;1.0;280.0;1745.0;1465.0;157.0;925.0;768.0;123.0;820.0;697.0;1426.0;17775.0;16349.0;609.0;7389.0;6780.0;817.0;10386.0;9569.0;518.0;3280.0;2762.0;213.0;1334.0;1121.0;305.0;1946.0;1641.0
TARNOPOLSKIE;SKAŁACKI;10214.0;68540.0;58326.0;4793.0;32814.0;28021.0;5421.0;35726.0;30305.0;1547.0;2588.0;1041.0;852.0;1418.0;566.0;695.0;1170.0;475.0;4641.0;32410.0;27769.0;2154.0;17039.0;14885.0;2487.0;15371.0;12884.0;259.0;563.0;304.0;162.0;367.0;205.0;97.0;196.0;99.0;42.0;102.0;60.0;33.0;83.0;50.0;9.0;19.0;10.0;82.0;172.0;90.0;72.0;156.0;84.0;10.0;16.0;6.0;636.0;2515.0;1879.0;287.0;1313.0;1026.0;349.0;1202.0;853.0;2181.0;26714.0;24533.0;911.0;11015.0;10104.0;1270.0;15699.0;14429.0;826.0;3476.0;2650.0;322.0;1423.0;1101.0;504.0;2053.0;1549.0
TARNOPOLSKIE;TARNOPOLSKI;28852.0;102304.0;73452.0;13300.0;48150.0;34850.0;15552.0;54154.0;38602.0;1647.0;2328.0;681.0;876.0;1227.0;351.0;771.0;1101.0;330.0;16961.0;54026.0;37065.0;7732.0;26806.0;19074.0;9229.0;27220.0;17991.0;2691.0;3123.0;432.0;1416.0;1672.0;256.0;1275.0;1451.0;176.0;359.0;435.0;76.0;256.0;322.0;66.0;103.0;113.0;10.0;595.0;716.0;121.0;545.0;659.0;114.0;50.0;57.0;7.0;530.0;2472.0;1942.0;262.0;1277.0;1015.0;268.0;1195.0;927.0;4825.0;29599.0;24774.0;1801.0;12363.0;10562.0;3024.0;17236.0;14212.0;1244.0;9605.0;8361.0;412.0;3824.0;3412.0;832.0;5781.0;4949.0
TARNOPOLSKIE;TREMBOWELSKI;9611.0;58204.0;48593.0;4442.0;27545.0;23103.0;5169.0;30659.0;25490.0;359.0;1004.0;645.0;213.0;553.0;340.0;146.0;451.0;305.0;5394.0;28718.0;23324.0;2623.0;14570.0;11947.0;2771.0;14148.0;11377.0;316.0;613.0;297.0;159.0;327.0;168.0;157.0;286.0;129.0;37.0;89.0;52.0;28.0;72.0;44.0;9.0;17.0;8.0;85.0;150.0;65.0;77.0;138.0;61.0;8.0;12.0;4.0;130.0;2750.0;2620.0;49.0;1375.0;1326.0;81.0;1375.0;1294.0;2648.0;21571.0;18923.0;1029.0;9144.0;8115.0;1619.0;12427.0;10808.0;642.0;3309.0;2667.0;264.0;1366.0;1102.0;378.0;1943.0;1565.0
TARNOPOLSKIE;ZALESZCZYCKI;3345.0;53251.0;49906.0;1512.0;24424.0;22912.0;1833.0;28827.0;26994.0;98.0;433.0;335.0;44.0;220.0;176.0;54.0;213.0;159.0;1931.0;19080.0;17149.0;888.0;10122.0;9234.0;1043.0;8958.0;7915.0;272.0;661.0;389.0;133.0;351.0;218.0;139.0;310.0;171.0;37.0;116.0;79.0;21.0;89.0;68.0;16.0;27.0;11.0;41.0;135.0;94.0;35.0;124.0;89.0;6.0;11.0;5.0;200.0;1283.0;1083.0;101.0;673.0;572.0;99.0;610.0;511.0;471.0;24941.0;24470.0;167.0;10244.0;10077.0;304.0;14697.0;14393.0;295.0;6602.0;6307.0;123.0;2601.0;2478.0;172.0;4001.0;3829.0
TARNOPOLSKIE;ZBARASKI;6936.0;53436.0;46500.0;3210.0;25661.0;22451.0;3726.0;27775.0;24049.0;387.0;1860.0;1473.0;199.0;1026.0;827.0;188.0;834.0;646.0;3939.0;24113.0;20174.0;1842.0;12635.0;10793.0;2097.0;11478.0;9381.0;304.0;603.0;299.0;150.0;324.0;174.0;154.0;279.0;125.0;37.0;76.0;39.0;22.0;51.0;29.0;15.0;25.0;10.0;64.0;139.0;75.0;57.0;130.0;73.0;7.0;9.0;2.0;329.0;3047.0;2718.0;182.0;1572.0;1390.0;147.0;1475.0;1328.0;1722.0;19585.0;17863.0;706.0;8213.0;7507.0;1016.0;11372.0;10356.0;154.0;4013.0;3859.0;52.0;1710.0;1658.0;102.0;2303.0;2201.0
TARNOPOLSKIE;ZBOROWSKI;9780.0;58147.0;48367.0;4696.0;27976.0;23280.0;5084.0;30171.0;25087.0;90.0;475.0;385.0;58.0;214.0;156.0;32.0;261.0;229.0;5315.0;25262.0;19947.0;2752.0;13672.0;10920.0;2563.0;11590.0;9027.0;112.0;279.0;167.0;51.0;156.0;105.0;61.0;123.0;62.0;13.0;38.0;25.0;13.0;35.0;22.0;0.0;3.0;3.0;41.0;88.0;47.0;40.0;84.0;44.0;1.0;4.0;3.0;403.0;2334.0;1931.0;192.0;1239.0;1047.0;211.0;1095.0;884.0;3022.0;23212.0;20190.0;1274.0;9901.0;8627.0;1748.0;13311.0;11563.0;784.0;6459.0;5675.0;316.0;2675.0;2359.0;468.0;3784.0;3316.0
TARNOPOLSKIE;ZŁOCZOWSKI;14966.0;86828.0;71862.0;6895.0;41236.0;34341.0;8071.0;45592.0;37521.0;873.0;1789.0;916.0;528.0;1033.0;505.0;345.0;756.0;411.0;7956.0;45132.0;37176.0;3589.0;22444.0;18855.0;4367.0;22688.0;18321.0;960.0;1339.0;379.0;504.0;709.0;205.0;456.0;630.0;174.0;124.0;212.0;88.0;88.0;160.0;72.0;36.0;52.0;16.0;242.0;366.0;124.0;227.0;343.0;116.0;15.0;23.0;8.0;1175.0;3633.0;2458.0;574.0;1842.0;1268.0;601.0;1791.0;1190.0;2754.0;26843.0;24089.0;1061.0;11489.0;10428.0;1693.0;15354.0;13661.0;882.0;7514.0;6632.0;324.0;3216.0;2892.0;558.0;4298.0;3740.0
WARSZAWSKIE;BŁOŃSKI;34631.0;90726.0;56095.0;15210.0;41871.0;26661.0;19421.0;48855.0;29434.0;4614.0;13130.0;8516.0;1934.0;5597.0;3663.0;2680.0;7533.0;4853.0;14880.0;31124.0;16244.0;6873.0;15161.0;8288.0;8007.0;15963.0;7956.0;1966.0;3533.0;1567.0;838.0;1383.0;545.0;1128.0;2150.0;1022.0;365.0;724.0;359.0;312.0;585.0;273.0;53.0;139.0;86.0;156.0;499.0;343.0;122.0;407.0;285.0;34.0;92.0;58.0;2254.0;9358.0;7104.0;993.0;4191.0;3198.0;1261.0;5167.0;3906.0;8688.0;28908.0;20220.0;3526.0;13254.0;9728.0;5162.0;15654.0;10492.0;1708.0;3450.0;1742.0;612.0;1293.0;681.0;1096.0;2157.0;1061.0
WARSZAWSKIE;CIECHANOWSKI;9502.0;53082.0;43580.0;4214.0;24666.0;20452.0;5288.0;28416.0;23128.0;2115.0;13789.0;11674.0;877.0;5720.0;4843.0;1238.0;8069.0;6831.0;3522.0;15228.0;11706.0;1664.0;7759.0;6095.0;1858.0;7469.0;5611.0;781.0;1283.0;502.0;335.0;607.0;272.0;446.0;676.0;230.0;70.0;228.0;158.0;53.0;170.0;117.0;17.0;58.0;41.0;62.0;147.0;85.0;55.0;130.0;75.0;7.0;17.0;10.0;521.0;4807.0;4286.0;239.0;2045.0;1806.0;282.0;2762.0;2480.0;2074.0;15344.0;13270.0;859.0;7334.0;6475.0;1215.0;8010.0;6795.0;357.0;2256.0;1899.0;132.0;901.0;769.0;225.0;1355.0;1130.0
WARSZAWSKIE;GOSTYNIŃSKI;9841.0;63912.0;54071.0;4539.0;30202.0;25663.0;5302.0;33710.0;28408.0;1369.0;10653.0;9284.0;600.0;4680.0;4080.0;769.0;5973.0;5204.0;4509.0;23801.0;19292.0;2167.0;12343.0;10176.0;2342.0;11458.0;9116.0;595.0;1050.0;455.0;283.0;512.0;229.0;312.0;538.0;226.0;66.0;195.0;129.0;46.0;147.0;101.0;20.0;48.0;28.0;75.0;132.0;57.0;58.0;104.0;46.0;17.0;28.0;11.0;510.0;2822.0;2312.0;261.0;1343.0;1082.0;249.0;1479.0;1230.0;2388.0;22854.0;20466.0;981.0;10131.0;9150.0;1407.0;12723.0;11316.0;329.0;2405.0;2076.0;143.0;942.0;799.0;186.0;1463.0;1277.0
WARSZAWSKIE;GRÓJECKI;18066.0;96369.0;78303.0;8446.0;46051.0;37605.0;9620.0;50318.0;40698.0;2850.0;13258.0;10408.0;1424.0;6182.0;4758.0;1426.0;7076.0;5650.0;5030.0;24503.0;19473.0;2376.0;12732.0;10356.0;2654.0;11771.0;9117.0;528.0;1260.0;732.0;254.0;579.0;325.0;274.0;681.0;407.0;118.0;324.0;206.0;92.0;259.0;167.0;26.0;65.0;39.0;51.0;179.0;128.0;45.0;145.0;100.0;6.0;34.0;28.0;1589.0;17145.0;15556.0;791.0;8099.0;7308.0;798.0;9046.0;8248.0;6269.0;32334.0;26065.0;2820.0;15038.0;12218.0;3449.0;17296.0;13847.0;1631.0;7366.0;5735.0;644.0;3017.0;2373.0;987.0;4349.0;3362.0
WARSZAWSKIE;KUTNOWSKI;17959.0;75074.0;57115.0;8189.0;35644.0;27455.0;9770.0;39430.0;29660.0;2744.0;10553.0;7809.0;1260.0;4781.0;3521.0;1484.0;5772.0;4288.0;5924.0;28255.0;22331.0;2991.0;14832.0;11841.0;2933.0;13423.0;10490.0;1038.0;1893.0;855.0;449.0;863.0;414.0;589.0;1030.0;441.0;108.0;332.0;224.0;94.0;271.0;177.0;14.0;61.0;47.0;107.0;213.0;106.0;93.0;187.0;94.0;14.0;26.0;12.0;2012.0;5552.0;3540.0;914.0;2538.0;1624.0;1098.0;3014.0;1916.0;4939.0;25419.0;20480.0;1983.0;11076.0;9093.0;2956.0;14343.0;11387.0;1087.0;2857.0;1770.0;405.0;1096.0;691.0;682.0;1761.0;1079.0
WARSZAWSKIE;LIPNOWSKI;8647.0;69581.0;60934.0;3957.0;32545.0;28588.0;4690.0;37036.0;32346.0;1520.0;12807.0;11287.0;612.0;5285.0;4673.0;908.0;7522.0;6614.0;3967.0;21517.0;17550.0;1948.0;10999.0;9051.0;2019.0;10518.0;8499.0;518.0;1305.0;787.0;252.0;700.0;448.0;266.0;605.0;339.0;61.0;233.0;172.0;54.0;189.0;135.0;7.0;44.0;37.0;40.0;126.0;86.0;36.0;108.0;72.0;4.0;18.0;14.0;538.0;7104.0;6566.0;238.0;3145.0;2907.0;300.0;3959.0;3659.0;1634.0;23499.0;21865.0;697.0;11053.0;10356.0;937.0;12446.0;11509.0;369.0;2990.0;2621.0;120.0;1066.0;946.0;249.0;1924.0;1675.0
WARSZAWSKIE;MAKOWSKI (MAKÓW MAZOWIECKI);7397.0;45051.0;37654.0;3323.0;21132.0;17809.0;4074.0;23919.0;19845.0;1855.0;15260.0;13405.0;857.0;6783.0;5926.0;998.0;8477.0;7479.0;2873.0;13217.0;10344.0;1314.0;6808.0;5494.0;1559.0;6409.0;4850.0;236.0;488.0;252.0;121.0;250.0;129.0;115.0;238.0;123.0;42.0;141.0;99.0;33.0;108.0;75.0;9.0;33.0;24.0;20.0;49.0;29.0;18.0;44.0;26.0;2.0;5.0;3.0;530.0;2600.0;2070.0;229.0;1136.0;907.0;301.0;1464.0;1163.0;1590.0;11942.0;10352.0;656.0;5508.0;4852.0;934.0;6434.0;5500.0;251.0;1354.0;1103.0;95.0;495.0;400.0;156.0;859.0;703.0
WARSZAWSKIE;MIŃSKI;12787.0;73047.0;60260.0;5651.0;34377.0;28726.0;7136.0;38670.0;31534.0;1899.0;10359.0;8460.0;850.0;4784.0;3934.0;1049.0;5575.0;4526.0;2836.0;19901.0;17065.0;1400.0;10579.0;9179.0;1436.0;9322.0;7886.0;684.0;1378.0;694.0;242.0;639.0;397.0;442.0;739.0;297.0;121.0;297.0;176.0;87.0;218.0;131.0;34.0;79.0;45.0;67.0;154.0;87.0;47.0;111.0;64.0;20.0;43.0;23.0;1074.0;11674.0;10600.0;515.0;5510.0;4995.0;559.0;6164.0;5605.0;5098.0;25436.0;20338.0;2144.0;11052.0;8908.0;2954.0;14384.0;11430.0;1008.0;3848.0;2840.0;366.0;1484.0;1118.0;642.0;2364.0;1722.0
WARSZAWSKIE;MŁAWSKI;13503.0;67972.0;54469.0;6087.0;31440.0;25353.0;7416.0;36532.0;29116.0;2887.0;16582.0;13695.0;1245.0;7444.0;6199.0;1642.0;9138.0;7496.0;3948.0;15823.0;11875.0;1971.0;8037.0;6066.0;1977.0;7786.0;5809.0;1188.0;1640.0;452.0;537.0;772.0;235.0;651.0;868.0;217.0;64.0;179.0;115.0;51.0;137.0;86.0;13.0;42.0;29.0;85.0;125.0;40.0;68.0;106.0;38.0;17.0;19.0;2.0;2034.0;6751.0;4717.0;946.0;2942.0;1996.0;1088.0;3809.0;2721.0;2359.0;24800.0;22441.0;942.0;11251.0;10309.0;1417.0;13549.0;12132.0;938.0;2072.0;1134.0;327.0;751.0;424.0;611.0;1321.0;710.0
WARSZAWSKIE;NIESZAWSKI;12604.0;75937.0;63333.0;5548.0;35478.0;29930.0;7056.0;40459.0;33403.0;1027.0;6713.0;5686.0;336.0;2728.0;2392.0;691.0;3985.0;3294.0;5565.0;25944.0;20379.0;2674.0;13085.0;10411.0;2891.0;12859.0;9968.0;696.0;1361.0;665.0;367.0;689.0;322.0;329.0;672.0;343.0;260.0;424.0;164.0;121.0;247.0;126.0;139.0;177.0;38.0;92.0;169.0;77.0;74.0;142.0;68.0;18.0;27.0;9.0;1740.0;15106.0;13366.0;736.0;6694.0;5958.0;1004.0;8412.0;7408.0;2995.0;23791.0;20796.0;1161.0;10901.0;9740.0;1834.0;12890.0;11056.0;229.0;2429.0;2200.0;79.0;992.0;913.0;150.0;1437.0;1287.0
WARSZAWSKIE;PRZASNYCKI;6647.0;43851.0;37204.0;2980.0;20431.0;17451.0;3667.0;23420.0;19753.0;1615.0;9474.0;7859.0;750.0;4465.0;3715.0;865.0;5009.0;4144.0;2048.0;7524.0;5476.0;990.0;3942.0;2952.0;1058.0;3582.0;2524.0;180.0;432.0;252.0;78.0;207.0;129.0;102.0;225.0;123.0;35.0;101.0;66.0;29.0;85.0;56.0;6.0;16.0;10.0;27.0;64.0;37.0;24.0;57.0;33.0;3.0;7.0;4.0;492.0;7548.0;7056.0;186.0;3600.0;3414.0;306.0;3948.0;3642.0;2030.0;15460.0;13430.0;839.0;6918.0;6079.0;1191.0;8542.0;7351.0;220.0;3248.0;3028.0;84.0;1157.0;1073.0;136.0;2091.0;1955.0
WARSZAWSKIE;PUŁTUSKI;25067.0;81746.0;56679.0;11501.0;38329.0;26828.0;13566.0;43417.0;29851.0;3838.0;15458.0;11620.0;1718.0;6694.0;4976.0;2120.0;8764.0;6644.0;8246.0;23565.0;15319.0;4007.0;12357.0;8350.0;4239.0;11208.0;6969.0;1300.0;1827.0;527.0;662.0;923.0;261.0;638.0;904.0;266.0;131.0;337.0;206.0;103.0;262.0;159.0;28.0;75.0;47.0;102.0;198.0;96.0;81.0;162.0;81.0;21.0;36.0;15.0;3403.0;12869.0;9466.0;1641.0;5764.0;4123.0;1762.0;7105.0;5343.0;6359.0;23360.0;17001.0;2693.0;10639.0;7946.0;3666.0;12721.0;9055.0;1688.0;4132.0;2444.0;596.0;1528.0;932.0;1092.0;2604.0;1512.0
WARSZAWSKIE;PŁOCKI;24380.0;84632.0;60252.0;10824.0;39263.0;28439.0;13556.0;45369.0;31813.0;3999.0;14895.0;10896.0;1508.0;5921.0;4413.0;2491.0;8974.0;6483.0;8709.0;30352.0;21643.0;4213.0;15380.0;11167.0;4496.0;14972.0;10476.0;2955.0;3706.0;751.0;1255.0;1653.0;398.0;1700.0;2053.0;353.0;518.0;650.0;132.0;405.0;516.0;111.0;113.0;134.0;21.0;347.0;487.0;140.0;276.0;392.0;116.0;71.0;95.0;24.0;2438.0;7997.0;5559.0;1028.0;3490.0;2462.0;1410.0;4507.0;3097.0;4984.0;22508.0;17524.0;1970.0;10279.0;8309.0;3014.0;12229.0;9215.0;430.0;4037.0;3607.0;169.0;1632.0;1463.0;261.0;2405.0;2144.0
WARSZAWSKIE;PŁOŃSKI;7314.0;57197.0;49883.0;3355.0;27050.0;23695.0;3959.0;30147.0;26188.0;1417.0;15303.0;13886.0;654.0;6658.0;6004.0;763.0;8645.0;7882.0;2324.0;15693.0;13369.0;1097.0;7937.0;6840.0;1227.0;7756.0;6529.0;314.0;800.0;486.0;166.0;407.0;241.0;148.0;393.0;245.0;65.0;223.0;158.0;58.0;186.0;128.0;7.0;37.0;30.0;39.0;115.0;76.0;34.0;101.0;67.0;5.0;14.0;9.0;442.0;3379.0;2937.0;208.0;1516.0;1308.0;234.0;1863.0;1629.0;2471.0;19084.0;16613.0;1051.0;9204.0;8153.0;1420.0;9880.0;8460.0;242.0;2600.0;2358.0;87.0;1041.0;954.0;155.0;1559.0;1404.0
WARSZAWSKIE;RADZYMIŃSKI;8229.0;54248.0;46019.0;3745.0;25655.0;21910.0;4484.0;28593.0;24109.0;1308.0;6790.0;5482.0;620.0;3129.0;2509.0;688.0;3661.0;2973.0;1894.0;10074.0;8180.0;908.0;5482.0;4574.0;986.0;4592.0;3606.0;520.0;992.0;472.0;230.0;434.0;204.0;290.0;558.0;268.0;66.0;185.0;119.0;56.0;157.0;101.0;10.0;28.0;18.0;93.0;150.0;57.0;76.0;121.0;45.0;17.0;29.0;12.0;1730.0;16024.0;14294.0;799.0;7459.0;6660.0;931.0;8565.0;7634.0;2025.0;16142.0;14117.0;848.0;7473.0;6625.0;1177.0;8669.0;7492.0;593.0;3891.0;3298.0;208.0;1400.0;1192.0;385.0;2491.0;2106.0
WARSZAWSKIE;RAWSKI (RAWA MAZOWIECKA);8711.0;62155.0;53444.0;3952.0;29941.0;25989.0;4759.0;32214.0;27455.0;702.0;5709.0;5007.0;341.0;2886.0;2545.0;361.0;2823.0;2462.0;2804.0;17855.0;15051.0;1344.0;9950.0;8606.0;1460.0;7905.0;6445.0;344.0;701.0;357.0;154.0;330.0;176.0;190.0;371.0;181.0;64.0;181.0;117.0;55.0;140.0;85.0;9.0;41.0;32.0;42.0;118.0;76.0;36.0;99.0;63.0;6.0;19.0;13.0;929.0;6361.0;5432.0;475.0;3179.0;2704.0;454.0;3182.0;2728.0;3616.0;28417.0;24801.0;1463.0;12375.0;10912.0;2153.0;16042.0;13889.0;210.0;2813.0;2603.0;84.0;982.0;898.0;126.0;1831.0;1705.0
WARSZAWSKIE;RYPIŃSKI;8617.0;57811.0;49194.0;3891.0;27252.0;23361.0;4726.0;30559.0;25833.0;1363.0;9666.0;8303.0;615.0;4128.0;3513.0;748.0;5538.0;4790.0;3445.0;15176.0;11731.0;1701.0;7889.0;6188.0;1744.0;7287.0;5543.0;481.0;921.0;440.0;202.0;462.0;260.0;279.0;459.0;180.0;42.0;166.0;124.0;24.0;116.0;92.0;18.0;50.0;32.0;33.0;92.0;59.0;31.0;82.0;51.0;2.0;10.0;8.0;658.0;7707.0;7049.0;271.0;3391.0;3120.0;387.0;4316.0;3929.0;2226.0;19906.0;17680.0;919.0;9584.0;8665.0;1307.0;10322.0;9015.0;369.0;4177.0;3808.0;128.0;1600.0;1472.0;241.0;2577.0;2336.0
WARSZAWSKIE;SIERPECKI;8841.0;52590.0;43749.0;3989.0;24351.0;20362.0;4852.0;28239.0;23387.0;1043.0;10204.0;9161.0;441.0;4279.0;3838.0;602.0;5925.0;5323.0;2889.0;13184.0;10295.0;1349.0;6728.0;5379.0;1540.0;6456.0;4916.0;416.0;815.0;399.0;200.0;431.0;231.0;216.0;384.0;168.0;56.0;139.0;83.0;45.0;114.0;69.0;11.0;25.0;14.0;48.0;100.0;52.0;43.0;76.0;33.0;5.0;24.0;19.0;1590.0;7094.0;5504.0;734.0;3104.0;2370.0;856.0;3990.0;3134.0;2362.0;18932.0;16570.0;1012.0;8811.0;7799.0;1350.0;10121.0;8771.0;437.0;2122.0;1685.0;165.0;808.0;643.0;272.0;1314.0;1042.0
WARSZAWSKIE;SKIERNIEWICKI;12070.0;48739.0;36669.0;5452.0;23401.0;17949.0;6618.0;25338.0;18720.0;1681.0;5225.0;3544.0;740.0;2414.0;1674.0;941.0;2811.0;1870.0;4663.0;16380.0;11717.0;2279.0;8875.0;6596.0;2384.0;7505.0;5121.0;1339.0;1698.0;359.0;559.0;732.0;173.0;780.0;966.0;186.0;153.0;256.0;103.0;124.0;199.0;75.0;29.0;57.0;28.0;104.0;156.0;52.0;84.0;126.0;42.0;20.0;30.0;10.0;801.0;5335.0;4534.0;363.0;2586.0;2223.0;438.0;2749.0;2311.0;2849.0;17593.0;14744.0;1133.0;7713.0;6580.0;1716.0;9880.0;8164.0;480.0;2096.0;1616.0;170.0;756.0;586.0;310.0;1340.0;1030.0
WARSZAWSKIE;SOCHACZEWSKI;3907.0;49222.0;45315.0;1826.0;23405.0;21579.0;2081.0;25817.0;23736.0;1094.0;7569.0;6475.0;540.0;3560.0;3020.0;554.0;4009.0;3455.0;909.0;12618.0;11709.0;453.0;6443.0;5990.0;456.0;6175.0;5719.0;198.0;562.0;364.0;100.0;258.0;158.0;98.0;304.0;206.0;46.0;163.0;117.0;39.0;134.0;95.0;7.0;29.0;22.0;19.0;89.0;70.0;17.0;59.0;42.0;2.0;30.0;28.0;197.0;8562.0;8365.0;79.0;3869.0;3790.0;118.0;4693.0;4575.0;1009.0;15443.0;14434.0;437.0;7392.0;6955.0;572.0;8051.0;7479.0;435.0;4216.0;3781.0;161.0;1690.0;1529.0;274.0;2526.0;2252.0
WARSZAWSKIE;WARSZAWSKI;32962.0;140510.0;107548.0;14925.0;66027.0;51102.0;18037.0;74483.0;56446.0;5169.0;18707.0;13538.0;2195.0;8032.0;5837.0;2974.0;10675.0;7701.0;11372.0;49503.0;38131.0;5598.0;25149.0;19551.0;5774.0;24354.0;18580.0;2397.0;6410.0;4013.0;954.0;2763.0;1809.0;1443.0;3647.0;2204.0;539.0;1527.0;988.0;444.0;1205.0;761.0;95.0;322.0;227.0;293.0;1080.0;787.0;237.0;902.0;665.0;56.0;178.0;122.0;2667.0;15223.0;12556.0;1274.0;6989.0;5715.0;1393.0;8234.0;6841.0;9077.0;41486.0;32409.0;3702.0;18500.0;14798.0;5375.0;22986.0;17611.0;1448.0;6574.0;5126.0;521.0;2487.0;1966.0;927.0;4087.0;3160.0
WARSZAWSKIE;WŁOCŁAWSKI;45306.0;96365.0;51059.0;20414.0;44395.0;23981.0;24892.0;51970.0;27078.0;6810.0;14621.0;7811.0;2690.0;6135.0;3445.0;4120.0;8486.0;4366.0;19766.0;36009.0;16243.0;9812.0;18368.0;8556.0;9954.0;17641.0;7687.0;4378.0;5119.0;741.0;1818.0;2178.0;360.0;2560.0;2941.0;381.0;387.0;522.0;135.0;310.0;412.0;102.0;77.0;110.0;33.0;408.0;500.0;92.0;352.0;422.0;70.0;56.0;78.0;22.0;1778.0;7612.0;5834.0;780.0;3353.0;2573.0;998.0;4259.0;3261.0;10456.0;27625.0;17169.0;4146.0;11878.0;7732.0;6310.0;15747.0;9437.0;1323.0;4357.0;3034.0;506.0;1649.0;1143.0;817.0;2708.0;1891.0
WARSZAWSKIE;ŁOWICKI;12576.0;72896.0;60320.0;5820.0;35494.0;29674.0;6756.0;37402.0;30646.0;2012.0;13582.0;11570.0;913.0;6484.0;5571.0;1099.0;7098.0;5999.0;4333.0;24443.0;20110.0;2175.0;13663.0;11488.0;2158.0;10780.0;8622.0;1363.0;1768.0;405.0;697.0;882.0;185.0;666.0;886.0;220.0;108.0;202.0;94.0;95.0;160.0;65.0;13.0;42.0;29.0;105.0;145.0;40.0;91.0;125.0;34.0;14.0;20.0;6.0;889.0;5215.0;4326.0;387.0;2493.0;2106.0;502.0;2722.0;2220.0;3213.0;24580.0;21367.0;1278.0;10617.0;9339.0;1935.0;13963.0;12028.0;553.0;2961.0;2408.0;184.0;1070.0;886.0;369.0;1891.0;1522.0
WOŁYŃSKIE;DUBIEŃSKI;15460.0;168293.0;152833.0;7241.0;81478.0;74237.0;8219.0;86815.0;78596.0;2889.0;13517.0;10628.0;1518.0;8592.0;7074.0;1371.0;4925.0;3554.0;2703.0;24223.0;21520.0;1510.0;17068.0;15558.0;1193.0;7155.0;5962.0;873.0;1634.0;761.0;368.0;769.0;401.0;505.0;865.0;360.0;121.0;461.0;340.0;95.0;401.0;306.0;26.0;60.0;34.0;108.0;235.0;127.0;89.0;198.0;109.0;19.0;37.0;18.0;2315.0;11009.0;8694.0;1186.0;7113.0;5927.0;1129.0;3896.0;2767.0;6436.0;117125.0;110689.0;2468.0;47292.0;44824.0;3968.0;69833.0;65865.0;15.0;89.0;74.0;7.0;45.0;38.0;8.0;44.0;36.0
WOŁYŃSKIE;HOROCHOWSKI;3551.0;60498.0;56947.0;1648.0;29018.0;27370.0;1903.0;31480.0;29577.0;1201.0;6566.0;5365.0;605.0;3943.0;3338.0;596.0;2623.0;2027.0;564.0;7292.0;6728.0;307.0;5064.0;4757.0;257.0;2228.0;1971.0;62.0;311.0;249.0;32.0;177.0;145.0;30.0;134.0;104.0;13.0;108.0;95.0;10.0;91.0;81.0;3.0;17.0;14.0;19.0;56.0;37.0;16.0;51.0;35.0;3.0;5.0;2.0;30.0;2768.0;2738.0;14.0;1848.0;1834.0;16.0;920.0;904.0;1656.0;43380.0;41724.0;661.0;17839.0;17178.0;995.0;25541.0;24546.0;6.0;17.0;11.0;3.0;5.0;2.0;3.0;12.0;9.0
WOŁYŃSKIE;KOWELSKI;20669.0;131467.0;110798.0;9695.0;62994.0;53299.0;10974.0;68473.0;57499.0;7898.0;16540.0;8642.0;4176.0;10102.0;5926.0;3722.0;6438.0;2716.0;3062.0;13629.0;10567.0;1590.0;9776.0;8186.0;1472.0;3853.0;2381.0;1319.0;1876.0;557.0;573.0;886.0;313.0;746.0;990.0;244.0;174.0;379.0;205.0;125.0;313.0;188.0;49.0;66.0;17.0;186.0;274.0;88.0;143.0;220.0;77.0;43.0;54.0;11.0;731.0;2759.0;2028.0;386.0;1886.0;1500.0;345.0;873.0;528.0;7111.0;95786.0;88675.0;2542.0;39636.0;37094.0;4569.0;56150.0;51581.0;188.0;224.0;36.0;160.0;175.0;15.0;28.0;49.0;21.0
WOŁYŃSKIE;KRZEMIENIECKI;25167.0;170862.0;145695.0;11834.0;81996.0;70162.0;13333.0;88866.0;75533.0;5719.0;16852.0;11133.0;3001.0;11192.0;8191.0;2718.0;5660.0;2942.0;3974.0;16581.0;12607.0;2203.0;12215.0;10012.0;1771.0;4366.0;2595.0;1500.0;2197.0;697.0;675.0;1028.0;353.0;825.0;1169.0;344.0;329.0;689.0;360.0;282.0;618.0;336.0;47.0;71.0;24.0;249.0;336.0;87.0;203.0;281.0;78.0;46.0;55.0;9.0;3002.0;8420.0;5418.0;1679.0;5804.0;4125.0;1323.0;2616.0;1293.0;10360.0;125727.0;115367.0;3777.0;50834.0;47057.0;6583.0;74893.0;68310.0;34.0;60.0;26.0;14.0;24.0;10.0;20.0;36.0;16.0
WOŁYŃSKIE;LUBOMELSKI;2596.0;43249.0;40653.0;1193.0;21113.0;19920.0;1403.0;22136.0;20733.0;513.0;3427.0;2914.0;249.0;2304.0;2055.0;264.0;1123.0;859.0;132.0;3257.0;3125.0;66.0;2322.0;2256.0;66.0;935.0;869.0;46.0;266.0;220.0;23.0;142.0;119.0;23.0;124.0;101.0;5.0;93.0;88.0;4.0;74.0;70.0;1.0;19.0;18.0;3.0;44.0;41.0;3.0;40.0;37.0;0.0;4.0;4.0;252.0;1349.0;1097.0;137.0;941.0;804.0;115.0;408.0;293.0;1645.0;34792.0;33147.0;711.0;15282.0;14571.0;934.0;19510.0;18576.0;0.0;21.0;21.0;0.0;8.0;8.0;0.0;13.0;13.0
WOŁYŃSKIE;OSTROGSKI;10582.0;43810.0;33228.0;4880.0;20955.0;16075.0;5702.0;22855.0;17153.0;3106.0;5936.0;2830.0;1523.0;3539.0;2016.0;1583.0;2397.0;814.0;1694.0;6470.0;4776.0;935.0;4644.0;3709.0;759.0;1826.0;1067.0;1326.0;1575.0;249.0;619.0;751.0;132.0;707.0;824.0;117.0;120.0;206.0;86.0;97.0;177.0;80.0;23.0;29.0;6.0;151.0;185.0;34.0;117.0;148.0;31.0;34.0;37.0;3.0;483.0;1514.0;1031.0;232.0;991.0;759.0;251.0;523.0;272.0;3674.0;27873.0;24199.0;1341.0;10679.0;9338.0;2333.0;17194.0;14861.0;28.0;51.0;23.0;16.0;26.0;10.0;12.0;25.0;13.0
WOŁYŃSKIE;RÓWIEŃSKI;45136.0;257958.0;212822.0;20818.0;124993.0;104175.0;24318.0;132965.0;108647.0;14861.0;39122.0;24261.0;7341.0;22683.0;15342.0;7520.0;16439.0;8919.0;6481.0;32885.0;26404.0;3531.0;22415.0;18884.0;2950.0;10470.0;7520.0;3746.0;5177.0;1431.0;1647.0;2367.0;720.0;2099.0;2810.0;711.0;755.0;1306.0;551.0;585.0;1066.0;481.0;170.0;240.0;70.0;525.0;698.0;173.0;418.0;573.0;155.0;107.0;125.0;18.0;3442.0;15536.0;12094.0;1894.0;10380.0;8486.0;1548.0;5156.0;3608.0;15241.0;163138.0;147897.0;5361.0;65466.0;60105.0;9880.0;97672.0;87792.0;85.0;96.0;11.0;41.0;43.0;2.0;44.0;53.0;9.0
WOŁYŃSKIE;WŁODZIMIERSKI;13783.0;79724.0;65941.0;6543.0;38260.0;31717.0;7240.0;41464.0;34224.0;2626.0;7677.0;5051.0;1287.0;4512.0;3225.0;1339.0;3165.0;1826.0;2390.0;10773.0;8383.0;1329.0;7566.0;6237.0;1061.0;3207.0;2146.0;536.0;913.0;377.0;271.0;473.0;202.0;265.0;440.0;175.0;99.0;235.0;136.0;83.0;203.0;120.0;16.0;32.0;16.0;107.0;171.0;64.0;93.0;145.0;52.0;14.0;26.0;12.0;1463.0;5845.0;4382.0;767.0;3618.0;2851.0;696.0;2227.0;1531.0;6555.0;54093.0;47538.0;2710.0;21740.0;19030.0;3845.0;32353.0;28508.0;7.0;17.0;10.0;3.0;3.0;0.0;4.0;14.0;10.0
WOŁYŃSKIE;ŁUCKI;25744.0;151262.0;125518.0;12145.0;73708.0;61563.0;13599.0;77554.0;63955.0;8238.0;17528.0;9290.0;4076.0;9785.0;5709.0;4162.0;7743.0;3581.0;3891.0;18325.0;14434.0;2220.0;12286.0;10066.0;1671.0;6039.0;4368.0;1967.0;2717.0;750.0;904.0;1295.0;391.0;1063.0;1422.0;359.0;282.0;593.0;311.0;205.0;480.0;275.0;77.0;113.0;36.0;424.0;507.0;83.0;368.0;447.0;79.0;56.0;60.0;4.0;985.0;11996.0;11011.0;545.0;7592.0;7047.0;440.0;4404.0;3964.0;9821.0;99374.0;89553.0;3756.0;41726.0;37970.0;6065.0;57648.0;51583.0;136.0;222.0;86.0;71.0;97.0;26.0;65.0;125.0;60.0
ŁÓDZKIE;BRZEZIŃSKI;33903.0;96449.0;62546.0;15291.0;45622.0;30331.0;18612.0;50827.0;32215.0;4597.0;12316.0;7719.0;2157.0;5738.0;3581.0;2440.0;6578.0;4138.0;14178.0;43520.0;29342.0;6617.0;21883.0;15266.0;7561.0;21637.0;14076.0;1796.0;2685.0;889.0;800.0;1249.0;449.0;996.0;1436.0;440.0;144.0;316.0;172.0;99.0;233.0;134.0;45.0;83.0;38.0;160.0;223.0;63.0;123.0;178.0;55.0;37.0;45.0;8.0;1612.0;3178.0;1566.0;758.0;1482.0;724.0;854.0;1696.0;842.0;10459.0;32700.0;22241.0;4364.0;14255.0;9891.0;6095.0;18445.0;12350.0;957.0;1511.0;554.0;373.0;604.0;231.0;584.0;907.0;323.0
ŁÓDZKIE;KALISKI;40263.0;135705.0;95442.0;17820.0;62814.0;44994.0;22443.0;72891.0;50448.0;5320.0;19215.0;13895.0;2233.0;8186.0;5953.0;3087.0;11029.0;7942.0;16915.0;51188.0;34273.0;8113.0;25545.0;17432.0;8802.0;25643.0;16841.0;4435.0;5794.0;1359.0;1840.0;2511.0;671.0;2595.0;3283.0;688.0;184.0;373.0;189.0;143.0;290.0;147.0;41.0;83.0;42.0;388.0;529.0;141.0;325.0;438.0;113.0;63.0;91.0;28.0;2562.0;11242.0;8680.0;1122.0;4808.0;3686.0;1440.0;6434.0;4994.0;9140.0;40660.0;31520.0;3572.0;18422.0;14850.0;5568.0;22238.0;16670.0;1319.0;6704.0;5385.0;472.0;2614.0;2142.0;847.0;4090.0;3243.0
ŁÓDZKIE;KOLSKI;15102.0;87250.0;72148.0;6838.0;41066.0;34228.0;8264.0;46184.0;37920.0;2559.0;18175.0;15616.0;1209.0;8349.0;7140.0;1350.0;9826.0;8476.0;5992.0;29431.0;23439.0;2832.0;14865.0;12033.0;3160.0;14566.0;11406.0;1015.0;1682.0;667.0;404.0;720.0;316.0;611.0;962.0;351.0;53.0;226.0;173.0;39.0;149.0;110.0;14.0;77.0;63.0;67.0;130.0;63.0;57.0;109.0;52.0;10.0;21.0;11.0;977.0;6233.0;5256.0;442.0;2737.0;2295.0;535.0;3496.0;2961.0;4014.0;28940.0;24926.0;1706.0;13184.0;11478.0;2308.0;15756.0;13448.0;425.0;2433.0;2008.0;149.0;953.0;804.0;276.0;1480.0;1204.0
ŁÓDZKIE;KONIŃSKI;14942.0;74640.0;59698.0;6768.0;34762.0;27994.0;8174.0;39878.0;31704.0;2266.0;11454.0;9188.0;964.0;4846.0;3882.0;1302.0;6608.0;5306.0;6351.0;26358.0;20007.0;3040.0;13184.0;10144.0;3311.0;13174.0;9863.0;943.0;1386.0;443.0;422.0;687.0;265.0;521.0;699.0;178.0;86.0;172.0;86.0;67.0;138.0;71.0;19.0;34.0;15.0;77.0;124.0;47.0;63.0;103.0;40.0;14.0;21.0;7.0;1134.0;10449.0;9315.0;495.0;4611.0;4116.0;639.0;5838.0;5199.0;3720.0;20980.0;17260.0;1548.0;9601.0;8053.0;2172.0;11379.0;9207.0;365.0;3717.0;3352.0;169.0;1592.0;1423.0;196.0;2125.0;1929.0
ŁÓDZKIE;PIOTRKOWSKI;32299.0;148533.0;116234.0;14720.0;70542.0;55822.0;17579.0;77991.0;60412.0;3807.0;14459.0;10652.0;1696.0;6562.0;4866.0;2111.0;7897.0;5786.0;14826.0;58111.0;43285.0;7225.0;30114.0;22889.0;7601.0;27997.0;20396.0;3716.0;5043.0;1327.0;1577.0;2280.0;703.0;2139.0;2763.0;624.0;285.0;443.0;158.0;221.0;339.0;118.0;64.0;104.0;40.0;327.0;431.0;104.0;260.0;353.0;93.0;67.0;78.0;11.0;1350.0;16088.0;14738.0;572.0;7416.0;6844.0;778.0;8672.0;7894.0;6661.0;47900.0;41239.0;2672.0;21147.0;18475.0;3989.0;26753.0;22764.0;1327.0;6058.0;4731.0;497.0;2331.0;1834.0;830.0;3727.0;2897.0
ŁÓDZKIE;RADOMSZCZAŃSKI;14699.0;126117.0;111418.0;6754.0;60115.0;53361.0;7945.0;66002.0;58057.0;2212.0;14931.0;12719.0;975.0;6633.0;5658.0;1237.0;8298.0;7061.0;6430.0;50593.0;44163.0;3183.0;27077.0;23894.0;3247.0;23516.0;20269.0;1437.0;2247.0;810.0;677.0;962.0;285.0;760.0;1285.0;525.0;52.0;236.0;184.0;41.0;185.0;144.0;11.0;51.0;40.0;107.0;209.0;102.0;88.0;173.0;85.0;19.0;36.0;17.0;634.0;9282.0;8648.0;327.0;4302.0;3975.0;307.0;4980.0;4673.0;3701.0;44423.0;40722.0;1419.0;19209.0;17790.0;2282.0;25214.0;22932.0;126.0;4196.0;4070.0;44.0;1574.0;1530.0;82.0;2622.0;2540.0
ŁÓDZKIE;SIERADZKI;31660.0;117842.0;86182.0;14409.0;55919.0;41510.0;17251.0;61923.0;44672.0;6006.0;21791.0;15785.0;2821.0;10097.0;7276.0;3185.0;11694.0;8509.0;11809.0;38356.0;26547.0;5573.0;19647.0;14074.0;6236.0;18709.0;12473.0;1519.0;2060.0;541.0;663.0;916.0;253.0;856.0;1144.0;288.0;95.0;212.0;117.0;71.0;162.0;91.0;24.0;50.0;26.0;100.0;174.0;74.0;83.0;145.0;62.0;17.0;29.0;12.0;569.0;4882.0;4313.0;233.0;2222.0;1989.0;336.0;2660.0;2324.0;10618.0;46532.0;35914.0;4604.0;21280.0;16676.0;6014.0;25252.0;19238.0;944.0;3835.0;2891.0;361.0;1450.0;1089.0;583.0;2385.0;1802.0
ŁÓDZKIE;SŁUPECKI;12967.0;69765.0;56798.0;5673.0;31868.0;26195.0;7294.0;37897.0;30603.0;2073.0;10594.0;8521.0;836.0;4455.0;3619.0;1237.0;6139.0;4902.0;5999.0;24673.0;18674.0;2773.0;11795.0;9022.0;3226.0;12878.0;9652.0;538.0;940.0;402.0;205.0;424.0;219.0;333.0;516.0;183.0;49.0;134.0;85.0;37.0;96.0;59.0;12.0;38.0;26.0;56.0;107.0;51.0;41.0;85.0;44.0;15.0;22.0;7.0;792.0;8473.0;7681.0;325.0;3651.0;3326.0;467.0;4822.0;4355.0;3136.0;22177.0;19041.0;1337.0;10295.0;8958.0;1799.0;11882.0;10083.0;324.0;2667.0;2343.0;119.0;1067.0;948.0;205.0;1600.0;1395.0
ŁÓDZKIE;TURECKI;13041.0;76655.0;63614.0;6004.0;36720.0;30716.0;7037.0;39935.0;32898.0;2065.0;18422.0;16357.0;895.0;8192.0;7297.0;1170.0;10230.0;9060.0;5302.0;23013.0;17711.0;2512.0;11728.0;9216.0;2790.0;11285.0;8495.0;598.0;1004.0;406.0;295.0;506.0;211.0;303.0;498.0;195.0;53.0;133.0;80.0;44.0;102.0;58.0;9.0;31.0;22.0;43.0;79.0;36.0;40.0;72.0;32.0;3.0;7.0;4.0;733.0;4345.0;3612.0;323.0;2066.0;1743.0;410.0;2279.0;1869.0;4054.0;26794.0;22740.0;1827.0;12811.0;10984.0;2227.0;13983.0;11756.0;193.0;2865.0;2672.0;68.0;1243.0;1175.0;125.0;1622.0;1497.0
ŁÓDZKIE;WIELUŃSKI;15616.0;133082.0;117466.0;7293.0;64050.0;56757.0;8323.0;69032.0;60709.0;2501.0;19941.0;17440.0;1144.0;8992.0;7848.0;1357.0;10949.0;9592.0;7302.0;46928.0;39626.0;3579.0;25132.0;21553.0;3723.0;21796.0;18073.0;888.0;1503.0;615.0;389.0;703.0;314.0;499.0;800.0;301.0;79.0;217.0;138.0;66.0;184.0;118.0;13.0;33.0;20.0;72.0;130.0;58.0;60.0;112.0;52.0;12.0;18.0;6.0;667.0;10629.0;9962.0;298.0;4939.0;4641.0;369.0;5690.0;5321.0;3695.0;48746.0;45051.0;1589.0;22098.0;20509.0;2106.0;26648.0;24542.0;412.0;4988.0;4576.0;168.0;1890.0;1722.0;244.0;3098.0;2854.0
ŁÓDZKIE;ŁASKI;28193.0;115661.0;87468.0;12620.0;54741.0;42121.0;15573.0;60920.0;45347.0;3084.0;12372.0;9288.0;1264.0;5638.0;4374.0;1820.0;6734.0;4914.0;15996.0;47530.0;31534.0;7497.0;23572.0;16075.0;8499.0;23958.0;15459.0;1287.0;2274.0;987.0;578.0;1072.0;494.0;709.0;1202.0;493.0;221.0;385.0;164.0;157.0;289.0;132.0;64.0;96.0;32.0;120.0;215.0;95.0;98.0;169.0;71.0;22.0;46.0;24.0;926.0;10802.0;9876.0;425.0;5133.0;4708.0;501.0;5669.0;5168.0;5768.0;36482.0;30714.0;2291.0;16678.0;14387.0;3477.0;19804.0;16327.0;791.0;5601.0;4810.0;310.0;2190.0;1880.0;481.0;3411.0;2930.0
ŁÓDZKIE;ŁÓDZKI;35214.0;86797.0;51583.0;15867.0;41008.0;25141.0;19347.0;45789.0;26442.0;3204.0;7194.0;3990.0;1417.0;3224.0;1807.0;1787.0;3970.0;2183.0;18177.0;44178.0;26001.0;8616.0;21977.0;13361.0;9561.0;22201.0;12640.0;1502.0;2247.0;745.0;640.0;1048.0;408.0;862.0;1199.0;337.0;248.0;351.0;103.0;201.0;279.0;78.0;47.0;72.0;25.0;133.0;202.0;69.0;108.0;165.0;57.0;25.0;37.0;12.0;2928.0;6951.0;4023.0;1365.0;3267.0;1902.0;1563.0;3684.0;2121.0;8079.0;23036.0;14957.0;3178.0;9996.0;6818.0;4901.0;13040.0;8139.0;943.0;2638.0;1695.0;342.0;1052.0;710.0;601.0;1586.0;985.0
ŁÓDZKIE;ŁÓDŹ (MIASTO);372041.0;372041.0;0.0;164604.0;164604.0;0.0;207437.0;207437.0;0.0;54830.0;54830.0;0.0;23894.0;23894.0;0.0;30936.0;30936.0;0.0;173719.0;173719.0;0.0;83592.0;83592.0;0.0;90127.0;90127.0;0.0;34966.0;34966.0;0.0;15348.0;15348.0;0.0;19618.0;19618.0;0.0;2668.0;2668.0;0.0;2030.0;2030.0;0.0;638.0;638.0;0.0;3239.0;3239.0;0.0;2371.0;2371.0;0.0;868.0;868.0;0.0;17911.0;17911.0;0.0;7829.0;7829.0;0.0;10082.0;10082.0;0.0;74698.0;74698.0;0.0;26184.0;26184.0;0.0;48514.0;48514.0;0.0;10010.0;10010.0;0.0;3356.0;3356.0;0.0;6654.0;6654.0;0.0
ŁÓDZKIE;ŁĘCZYCKI;18205.0;93473.0;75268.0;8371.0;45169.0;36798.0;9834.0;48304.0;38470.0;2372.0;10332.0;7960.0;1187.0;4939.0;3752.0;1185.0;5393.0;4208.0;7861.0;36872.0;29011.0;3841.0;19639.0;15798.0;4020.0;17233.0;13213.0;976.0;1814.0;838.0;429.0;869.0;440.0;547.0;945.0;398.0;77.0;176.0;99.0;61.0;140.0;79.0;16.0;36.0;20.0;66.0;156.0;90.0;57.0;138.0;81.0;9.0;18.0;9.0;1082.0;7740.0;6658.0;507.0;3627.0;3120.0;575.0;4113.0;3538.0;5136.0;31574.0;26438.0;2066.0;13991.0;11925.0;3070.0;17583.0;14513.0;635.0;4809.0;4174.0;223.0;1826.0;1603.0;412.0;2983.0;2571.0
ŚLĄSKIE;BIELSKI (BIELSKO);1292.0;43233.0;41941.0;512.0;20701.0;20189.0;780.0;22532.0;21752.0;1.0;70.0;69.0;0.0;27.0;27.0;1.0;43.0;42.0;1156.0;39121.0;37965.0;456.0;18184.0;17728.0;700.0;20937.0;20237.0;39.0;598.0;559.0;19.0;427.0;408.0;20.0;171.0;151.0;40.0;731.0;691.0;14.0;544.0;530.0;26.0;187.0;161.0;11.0;189.0;178.0;11.0;173.0;162.0;0.0;16.0;16.0;6.0;585.0;579.0;2.0;265.0;263.0;4.0;320.0;316.0;30.0;1101.0;1071.0;6.0;501.0;495.0;24.0;600.0;576.0;9.0;838.0;829.0;4.0;580.0;576.0;5.0;258.0;253.0
ŚLĄSKIE;BIELSKO (MIASTO);17475.0;17475.0;0.0;7892.0;7892.0;0.0;9583.0;9583.0;0.0;145.0;145.0;0.0;76.0;76.0;0.0;69.0;69.0;0.0;13047.0;13047.0;0.0;5101.0;5101.0;0.0;7946.0;7946.0;0.0;1525.0;1525.0;0.0;916.0;916.0;0.0;609.0;609.0;0.0;1460.0;1460.0;0.0;1038.0;1038.0;0.0;422.0;422.0;0.0;459.0;459.0;0.0;438.0;438.0;0.0;21.0;21.0;0.0;281.0;281.0;0.0;145.0;145.0;0.0;136.0;136.0;0.0;459.0;459.0;0.0;144.0;144.0;0.0;315.0;315.0;0.0;99.0;99.0;0.0;34.0;34.0;0.0;65.0;65.0;0.0
ŚLĄSKIE;CIESZYŃSKI;19415.0;56633.0;37218.0;9268.0;26992.0;17724.0;10147.0;29641.0;19494.0;94.0;149.0;55.0;34.0;50.0;16.0;60.0;99.0;39.0;15556.0;50156.0;34600.0;6867.0;23116.0;16249.0;8689.0;27040.0;18351.0;1639.0;2047.0;408.0;1140.0;1460.0;320.0;499.0;587.0;88.0;865.0;1179.0;314.0;463.0;679.0;216.0;402.0;500.0;98.0;470.0;533.0;63.0;446.0;504.0;58.0;24.0;29.0;5.0;282.0;769.0;487.0;127.0;351.0;224.0;155.0;418.0;263.0;347.0;1424.0;1077.0;127.0;666.0;539.0;220.0;758.0;538.0;162.0;376.0;214.0;64.0;166.0;102.0;98.0;210.0;112.0
