District;Region;Large Land Estates/Number of estates/From 100 to 200;Large Land Estates/Total area/From 100 to 200;Large Land Estates/Arable land/From 100 to 200;Large Land Estates/Meadows/From 100 to 200;Large Land Estates/Permanent pastures, mountain meadows, and heaths/From 100 to 200;Large Land Estates/Orchards/From 100 to 200;Large Land Estates/Vegetable gardens/From 100 to 200;Large Land Estates/Parks/From 100 to 200;Large Land Estates/Land under forest use/From 100 to 200;Large Land Estates/Ponds and lakes/From 100 to 200;Large Land Estates/Under buildings and roads/From 100 to 200;Large Land Estates/Unproductive land/From 100 to 200;Large Land Estates/Number of estates/From 200 to 300;Large Land Estates/Total area/From 200 to 300;Large Land Estates/Arable land/From 200 to 300;Large Land Estates/Meadows/From 200 to 300;Large Land Estates/Permanent pastures, mountain meadows, and heaths/From 200 to 300;Large Land Estates/Orchards/From 200 to 300;Large Land Estates/Vegetable gardens/From 200 to 300;Large Land Estates/Parks/From 200 to 300;Large Land Estates/Land under forest use/From 200 to 300;Large Land Estates/Ponds and lakes/From 200 to 300;Large Land Estates/Under buildings and roads/From 200 to 300;Large Land Estates/Unproductive land/From 200 to 300;Large Land Estates/Number of estates/From 300 to 400;Large Land Estates/Total area/From 300 to 400;Large Land Estates/Arable land/From 300 to 400;Large Land Estates/Meadows/From 300 to 400;Large Land Estates/Permanent pastures, mountain meadows, and heaths/From 300 to 400;Large Land Estates/Orchards/From 300 to 400;Large Land Estates/Vegetable gardens/From 300 to 400;Large Land Estates/Parks/From 300 to 400;Large Land Estates/Land under forest use/From 300 to 400;Large Land Estates/Ponds and lakes/From 300 to 400;Large Land Estates/Under buildings and roads/From 300 to 400;Large Land Estates/Unproductive land/From 300 to 400;Large Land Estates/Number of estates/From 400 to 500;Large Land Estates/Total area/From 400 to 500;Large Land Estates/Arable land/From 400 to 500;Large Land Estates/Meadows/From 400 to 500;Large Land Estates/Permanent pastures, mountain meadows, and heaths/From 400 to 500;Large Land Estates/Orchards/From 400 to 500;Large Land Estates/Vegetable gardens/From 400 to 500;Large Land Estates/Parks/From 400 to 500;Large Land Estates/Land under forest use/From 400 to 500;Large Land Estates/Ponds and lakes/From 400 to 500;Large Land Estates/Under buildings and roads/From 400 to 500;Large Land Estates/Unproductive land/From 400 to 500;Large Land Estates/Number of estates/From 50 to 100;Large Land Estates/Total area/From 50 to 100;Large Land Estates/Arable land/From 50 to 100;Large Land Estates/Meadows/From 50 to 100;Large Land Estates/Permanent pastures, mountain meadows, and heaths/From 50 to 100;Large Land Estates/Orchards/From 50 to 100;Large Land Estates/Vegetable gardens/From 50 to 100;Large Land Estates/Parks/From 50 to 100;Large Land Estates/Land under forest use/From 50 to 100;Large Land Estates/Ponds and lakes/From 50 to 100;Large Land Estates/Under buildings and roads/From 50 to 100;Large Land Estates/Unproductive land/From 50 to 100;Large Land Estates/Number of estates/From 500 to 1000;Large Land Estates/Total area/From 500 to 1000;Large Land Estates/Arable land/From 500 to 1000;Large Land Estates/Meadows/From 500 to 1000;Large Land Estates/Permanent pastures, mountain meadows, and heaths/From 500 to 1000;Large Land Estates/Orchards/From 500 to 1000;Large Land Estates/Vegetable gardens/From 500 to 1000;Large Land Estates/Parks/From 500 to 1000;Large Land Estates/Land under forest use/From 500 to 1000;Large Land Estates/Ponds and lakes/From 500 to 1000;Large Land Estates/Under buildings and roads/From 500 to 1000;Large Land Estates/Unproductive land/From 500 to 1000;Large Land Estates/Number of estates/Over 1000;Large Land Estates/Total area/Over 1000;Large Land Estates/Arable land/Over 1000;Large Land Estates/Meadows/Over 1000;Large Land Estates/Permanent pastures, mountain meadows, and heaths/Over 1000;Large Land Estates/Orchards/Over 1000;Large Land Estates/Vegetable gardens/Over 1000;Large Land Estates/Parks/Over 1000;Large Land Estates/Land under forest use/Over 1000;Large Land Estates/Ponds and lakes/Over 1000;Large Land Estates/Under buildings and roads/Over 1000;Large Land Estates/Unproductive land/Over 1000;Large Land Estates/Number of estates/Together;Large Land Estates/Total area/Together;Large Land Estates/Arable land/Together;Large Land Estates/Meadows/Together;Large Land Estates/Permanent pastures, mountain meadows, and heaths/Together;Large Land Estates/Orchards/Together;Large Land Estates/Vegetable gardens/Together;Large Land Estates/Parks/Together;Large Land Estates/Land under forest use/Together;Large Land Estates/Ponds and lakes/Together;Large Land Estates/Under buildings and roads/Together;Large Land Estates/Unproductive land/Together
AUGUSTOWSKI;BIAŁOSTOCKIE;13.0;1924.0;1255.0;215.0;94.0;19.0;7.0;2.0;215.0;8.0;33.0;76.0;8.0;2003.0;1085.0;347.0;178.0;11.0;20.0;0.0;241.0;3.0;36.0;82.0;4.0;1377.0;743.0;148.0;248.0;5.0;14.0;0.0;140.0;30.0;25.0;24.0;1.0;466.0;418.0;21.0;6.0;3.0;2.0;0.0;0.0;1.0;9.0;6.0;9.0;556.0;344.0;78.0;54.0;8.0;3.0;1.0;12.0;2.0;16.0;38.0;6.0;4824.0;2701.0;557.0;171.0;27.0;14.0;10.0;944.0;294.0;47.0;59.0;1.0;1619.0;867.0;299.0;17.0;4.0;7.0;1.0;363.0;10.0;44.0;7.0;42.0;12769.0;7413.0;1665.0;768.0;77.0;67.0;14.0;1915.0;348.0;210.0;292.0
BIAŁOSTOCKI;BIAŁOSTOCKIE;33.0;4736.0;2243.0;633.0;461.0;61.0;46.0;25.0;741.0;28.0;100.0;398.0;8.0;1918.0;792.0;333.0;177.0;18.0;12.0;1.0;203.0;39.0;39.0;304.0;7.0;2363.0;901.0;483.0;450.0;12.0;5.0;4.0;259.0;4.0;33.0;212.0;3.0;1328.0;531.0;113.0;268.0;4.0;2.0;0.0;178.0;5.0;21.0;206.0;27.0;1781.0;754.0;205.0;309.0;32.0;21.0;0.0;226.0;10.0;69.0;155.0;6.0;4105.0;1444.0;634.0;632.0;17.0;16.0;2.0;951.0;13.0;37.0;359.0;12.0;44368.0;5628.0;5281.0;1077.0;49.0;70.0;40.0;27280.0;665.0;195.0;4083.0;96.0;60599.0;12293.0;7682.0;3374.0;193.0;172.0;72.0;29838.0;764.0;494.0;5717.0
BIELSKI (BIELSK PODLASKI);BIAŁOSTOCKIE;22.0;3105.0;1641.0;493.0;340.0;35.0;23.0;4.0;237.0;9.0;65.0;258.0;11.0;2604.0;1551.0;246.0;233.0;33.0;7.0;0.0;321.0;13.0;35.0;165.0;9.0;3176.0;1467.0;306.0;88.0;25.0;14.0;0.0;1045.0;9.0;46.0;176.0;8.0;3538.0;1689.0;406.0;283.0;17.0;35.0;1.0;967.0;14.0;44.0;82.0;40.0;2616.0;1212.0;317.0;344.0;19.0;25.0;2.0;291.0;5.0;47.0;354.0;16.0;11050.0;3451.0;1229.0;679.0;72.0;24.0;21.0;4721.0;121.0;175.0;557.0;6.0;13903.0;2520.0;994.0;962.0;31.0;17.0;36.0;8963.0;178.0;103.0;99.0;112.0;39992.0;13531.0;3991.0;2929.0;232.0;145.0;64.0;16545.0;349.0;515.0;1691.0
GRODZIEŃSKI;BIAŁOSTOCKIE;25.0;3370.0;1820.0;438.0;263.0;43.0;16.0;5.0;463.0;16.0;72.0;234.0;12.0;2930.0;1675.0;376.0;293.0;45.0;10.0;2.0;220.0;5.0;52.0;252.0;15.0;5289.0;2911.0;648.0;298.0;66.0;15.0;11.0;877.0;11.0;116.0;336.0;5.0;2158.0;1158.0;608.0;71.0;33.0;14.0;0.0;168.0;11.0;31.0;64.0;15.0;982.0;611.0;88.0;90.0;10.0;3.0;1.0;78.0;1.0;11.0;89.0;19.0;12003.0;5793.0;998.0;624.0;77.0;25.0;58.0;3737.0;37.0;190.0;464.0;19.0;36727.0;18062.0;3527.0;2490.0;103.0;101.0;49.0;10074.0;141.0;344.0;1836.0;110.0;63459.0;32030.0;6683.0;4129.0;377.0;184.0;126.0;15617.0;222.0;816.0;3275.0
KOLNEŃSKI;BIAŁOSTOCKIE;5.0;660.0;324.0;57.0;53.0;2.0;4.0;0.0;159.0;0.0;6.0;55.0;3.0;764.0;431.0;108.0;32.0;6.0;12.0;0.0;152.0;4.0;19.0;0.0;1.0;339.0;219.0;25.0;16.0;1.0;2.0;0.0;68.0;1.0;7.0;0.0;0.0;0.0;0.0;0.0;0.0;0.0;0.0;0.0;0.0;0.0;0.0;0.0;15.0;980.0;539.0;64.0;147.0;4.0;5.0;0.0;102.0;1.0;22.0;96.0;4.0;2962.0;1508.0;334.0;210.0;42.0;13.0;3.0;732.0;6.0;34.0;80.0;4.0;6140.0;2801.0;645.0;252.0;23.0;11.0;4.0;2165.0;69.0;27.0;143.0;32.0;11845.0;5822.0;1233.0;710.0;78.0;47.0;7.0;3378.0;81.0;115.0;374.0
OSTROWSKI (OSTRÓW MAZOWIECKA);BIAŁOSTOCKIE;25.0;3796.0;2637.0;249.0;213.0;50.0;21.0;11.0;298.0;26.0;84.0;207.0;7.0;1787.0;1320.0;58.0;120.0;8.0;1.0;3.0;115.0;6.0;38.0;118.0;5.0;1754.0;1133.0;132.0;76.0;20.0;11.0;1.0;177.0;10.0;44.0;150.0;3.0;1358.0;893.0;63.0;113.0;3.0;9.0;14.0;210.0;7.0;33.0;13.0;16.0;1104.0;702.0;107.0;87.0;23.0;7.0;0.0;86.0;10.0;17.0;65.0;2.0;1673.0;1035.0;131.0;100.0;5.0;4.0;1.0;368.0;3.0;10.0;16.0;0.0;0.0;0.0;0.0;0.0;0.0;0.0;0.0;0.0;0.0;0.0;0.0;58.0;11472.0;7720.0;740.0;709.0;109.0;53.0;30.0;1254.0;62.0;226.0;569.0
OSTROŁĘCKI;BIAŁOSTOCKIE;4.0;628.0;235.0;52.0;72.0;6.0;5.0;2.0;219.0;6.0;3.0;28.0;0.0;0.0;0.0;0.0;0.0;0.0;0.0;0.0;0.0;0.0;0.0;0.0;3.0;932.0;603.0;134.0;95.0;8.0;12.0;0.0;0.0;63.0;11.0;6.0;1.0;428.0;289.0;48.0;27.0;2.0;1.0;0.0;43.0;2.0;6.0;10.0;11.0;762.0;330.0;119.0;72.0;8.0;4.0;0.0;113.0;2.0;14.0;100.0;5.0;3465.0;1336.0;319.0;127.0;15.0;82.0;2.0;1432.0;27.0;44.0;81.0;3.0;6096.0;2176.0;443.0;129.0;26.0;23.0;7.0;2630.0;87.0;13.0;562.0;27.0;12311.0;4969.0;1115.0;522.0;65.0;127.0;11.0;4437.0;187.0;91.0;787.0
SEJNEŃSKI;BIAŁOSTOCKIE;8.0;1113.0;611.0;251.0;79.0;10.0;8.0;2.0;21.0;4.0;16.0;111.0;0.0;0.0;0.0;0.0;0.0;0.0;0.0;0.0;0.0;0.0;0.0;0.0;3.0;947.0;541.0;190.0;73.0;4.0;4.0;4.0;52.0;0.0;7.0;72.0;1.0;414.0;169.0;42.0;33.0;2.0;4.0;0.0;138.0;20.0;6.0;0.0;7.0;423.0;245.0;82.0;29.0;3.0;4.0;0.0;0.0;0.0;6.0;54.0;3.0;2052.0;954.0;305.0;69.0;2.0;7.0;0.0;168.0;493.0;5.0;49.0;1.0;1037.0;220.0;69.0;37.0;5.0;0.0;0.0;201.0;491.0;1.0;13.0;23.0;5986.0;2740.0;939.0;320.0;26.0;27.0;6.0;580.0;1008.0;41.0;299.0
SOKÓLSKI;BIAŁOSTOCKIE;16.0;2115.0;1067.0;249.0;220.0;26.0;11.0;1.0;306.0;4.0;44.0;187.0;10.0;2275.0;873.0;385.0;207.0;11.0;8.0;23.0;368.0;89.0;39.0;272.0;3.0;1092.0;570.0;184.0;72.0;11.0;5.0;0.0;219.0;1.0;14.0;16.0;1.0;436.0;272.0;38.0;0.0;9.0;0.0;8.0;109.0;0.0;0.0;0.0;20.0;1395.0;752.0;229.0;102.0;15.0;15.0;3.0;82.0;12.0;28.0;157.0;8.0;4749.0;2614.0;549.0;280.0;27.0;12.0;21.0;946.0;28.0;57.0;215.0;1.0;1726.0;1062.0;315.0;40.0;4.0;0.0;0.0;239.0;6.0;4.0;56.0;59.0;13788.0;7210.0;1949.0;921.0;103.0;51.0;56.0;2269.0;140.0;186.0;903.0
SUWALSKI;BIAŁOSTOCKIE;6.0;879.0;516.0;131.0;116.0;4.0;5.0;0.0;41.0;18.0;12.0;36.0;3.0;729.0;347.0;62.0;71.0;4.0;1.0;0.0;109.0;19.0;4.0;112.0;3.0;940.0;467.0;80.0;236.0;1.0;3.0;0.0;60.0;0.0;10.0;83.0;1.0;430.0;238.0;84.0;77.0;1.0;0.0;0.0;18.0;0.0;1.0;11.0;17.0;1215.0;769.0;227.0;94.0;13.0;12.0;1.0;20.0;3.0;18.0;58.0;2.0;1177.0;535.0;241.0;51.0;8.0;5.0;2.0;229.0;64.0;8.0;34.0;0.0;0.0;0.0;0.0;0.0;0.0;0.0;0.0;0.0;0.0;0.0;0.0;32.0;5370.0;2872.0;825.0;645.0;31.0;26.0;3.0;477.0;104.0;53.0;334.0
SZCZUCZYŃSKI (WOJ. BIAŁOSTOCKIE);BIAŁOSTOCKIE;20.0;2818.0;1040.0;259.0;566.0;14.0;13.0;0.0;253.0;4.0;41.0;628.0;8.0;1886.0;991.0;288.0;130.0;15.0;5.0;0.0;303.0;16.0;35.0;103.0;6.0;2084.0;1262.0;246.0;175.0;13.0;7.0;4.0;307.0;1.0;40.0;29.0;4.0;1750.0;910.0;262.0;166.0;9.0;8.0;0.0;288.0;58.0;16.0;33.0;45.0;3117.0;1136.0;365.0;569.0;27.0;22.0;0.0;443.0;11.0;50.0;494.0;9.0;5872.0;2522.0;1290.0;888.0;34.0;49.0;3.0;676.0;38.0;52.0;320.0;4.0;5309.0;1992.0;827.0;99.0;13.0;14.0;6.0;1973.0;91.0;11.0;283.0;96.0;22836.0;9853.0;3537.0;2593.0;125.0;118.0;13.0;4243.0;219.0;245.0;1890.0
WOŁKOWYSKI;BIAŁOSTOCKIE;35.0;5218.0;3092.0;457.0;337.0;37.0;20.0;2.0;762.0;7.0;93.0;411.0;17.0;4184.0;2584.0;369.0;220.0;45.0;13.0;9.0;500.0;25.0;73.0;346.0;16.0;5325.0;2872.0;482.0;355.0;25.0;20.0;1.0;1353.0;3.0;55.0;159.0;10.0;4381.0;2058.0;349.0;281.0;15.0;12.0;3.0;1022.0;24.0;51.0;566.0;38.0;2661.0;1647.0;247.0;121.0;14.0;13.0;5.0;284.0;7.0;52.0;271.0;25.0;17850.0;8672.0;1799.0;644.0;67.0;46.0;40.0;5397.0;49.0;252.0;884.0;20.0;52072.0;19654.0;3898.0;3172.0;130.0;143.0;77.0;21959.0;47.0;403.0;2589.0;161.0;91691.0;40579.0;7601.0;5130.0;333.0;267.0;137.0;31277.0;162.0;979.0;5226.0
WYSOKOMAZOWIECKI;BIAŁOSTOCKIE;18.0;2624.0;1658.0;260.0;230.0;32.0;15.0;1.0;295.0;21.0;45.0;67.0;11.0;2590.0;1479.0;279.0;261.0;29.0;3.0;0.0;271.0;24.0;44.0;200.0;7.0;2510.0;1634.0;256.0;180.0;19.0;9.0;4.0;337.0;22.0;28.0;21.0;2.0;892.0;384.0;47.0;36.0;9.0;4.0;0.0;374.0;6.0;24.0;8.0;21.0;1433.0;832.0;144.0;121.0;18.0;9.0;1.0;198.0;9.0;22.0;79.0;4.0;3247.0;1491.0;283.0;127.0;20.0;12.0;132.0;1049.0;37.0;49.0;47.0;4.0;6077.0;2146.0;284.0;200.0;41.0;25.0;11.0;3202.0;43.0;69.0;56.0;67.0;19373.0;9624.0;1553.0;1155.0;168.0;77.0;149.0;5726.0;162.0;281.0;478.0
ŁOMŻYŃSKI;BIAŁOSTOCKIE;10.0;1362.0;906.0;113.0;81.0;12.0;9.0;1.0;132.0;5.0;24.0;79.0;6.0;1414.0;699.0;279.0;193.0;12.0;4.0;1.0;64.0;1.0;17.0;144.0;4.0;1464.0;996.0;128.0;38.0;10.0;5.0;0.0;251.0;8.0;21.0;7.0;2.0;851.0;192.0;101.0;100.0;2.0;4.0;0.0;427.0;3.0;14.0;8.0;12.0;948.0;385.0;80.0;185.0;2.0;4.0;0.0;98.0;17.0;13.0;164.0;9.0;6358.0;2639.0;656.0;425.0;25.0;22.0;6.0;2238.0;43.0;33.0;271.0;7.0;10753.0;4078.0;2080.0;642.0;37.0;22.0;20.0;3651.0;101.0;68.0;54.0;50.0;23150.0;9895.0;3437.0;1664.0;100.0;70.0;28.0;6861.0;178.0;190.0;727.0
BĘDZIŃSKI;KIELECKIE;11.0;1741.0;675.0;91.0;100.0;9.0;4.0;4.0;525.0;49.0;34.0;250.0;3.0;691.0;245.0;41.0;;6.0;3.0;0.0;296.0;12.0;4.0;84.0;0.0;0.0;0.0;0.0;0.0;0.0;0.0;0.0;0.0;0.0;0.0;0.0;2.0;963.0;379.0;92.0;56.0;2.0;2.0;2.0;375.0;6.0;14.0;35.0;4.0;287.0;130.0;65.0;9.0;20.0;2.0;1.0;0.0;0.0;6.0;54.0;3.0;2002.0;432.0;135.0;147.0;3.0;3.0;6.0;976.0;1.0;211.0;88.0;7.0;10115.0;3301.0;633.0;386.0;16.0;36.0;30.0;5030.0;35.0;169.0;479.0;30.0;15799.0;5162.0;1057.0;698.0;56.0;50.0;43.0;7202.0;103.0;438.0;990.0
CZĘSTOCHOWSKI;KIELECKIE;13.0;1653.0;1073.0;118.0;176.0;22.0;10.0;2.0;119.0;9.0;42.0;82.0;6.0;1552.0;1064.0;50.0;84.0;5.0;2.0;1.0;250.0;11.0;39.0;46.0;6.0;2010.0;941.0;127.0;253.0;18.0;9.0;3.0;419.0;41.0;53.0;146.0;1.0;433.0;317.0;13.0;1.0;4.0;0.0;0.0;84.0;0.0;3.0;11.0;9.0;673.0;372.0;76.0;35.0;4.0;1.0;2.0;47.0;35.0;23.0;78.0;6.0;3922.0;1636.0;178.0;549.0;15.0;9.0;3.0;1430.0;9.0;33.0;60.0;4.0;12634.0;3486.0;704.0;132.0;26.0;31.0;13.0;7729.0;115.0;253.0;145.0;45.0;22877.0;8889.0;1266.0;1230.0;94.0;62.0;24.0;10078.0;220.0;446.0;568.0
IŁŻECKI;KIELECKIE;12.0;1761.0;1066.0;115.0;277.0;16.0;1.0;1.0;128.0;33.0;40.0;84.0;6.0;1667.0;1111.0;117.0;29.0;12.0;5.0;7.0;322.0;12.0;33.0;19.0;2.0;689.0;444.0;71.0;75.0;6.0;7.0;1.0;36.0;22.0;18.0;9.0;2.0;861.0;127.0;38.0;9.0;0.0;0.0;0.0;680.0;1.0;5.0;1.0;2.0;120.0;78.0;11.0;4.0;0.0;1.0;0.0;14.0;2.0;5.0;5.0;7.0;4446.0;2205.0;177.0;134.0;15.0;8.0;7.0;1756.0;54.0;62.0;28.0;4.0;27522.0;2884.0;150.0;214.0;10.0;5.0;25.0;23700.0;65.0;64.0;405.0;35.0;37066.0;7915.0;679.0;742.0;59.0;27.0;41.0;26636.0;189.0;227.0;551.0
JĘDRZEJOWSKI;KIELECKIE;15.0;2324.0;1726.0;81.0;133.0;15.0;17.0;4.0;233.0;7.0;63.0;45.0;6.0;1591.0;1069.0;157.0;46.0;35.0;2.0;6.0;182.0;45.0;42.0;7.0;10.0;3425.0;2460.0;181.0;207.0;30.0;44.0;17.0;186.0;92.0;79.0;129.0;6.0;2588.0;1681.0;94.0;165.0;15.0;7.0;6.0;403.0;81.0;37.0;99.0;7.0;535.0;351.0;17.0;4.0;11.0;2.0;9.0;38.0;52.0;19.0;32.0;11.0;7280.0;4910.0;439.0;167.0;35.0;10.0;17.0;1288.0;79.0;158.0;177.0;6.0;11496.0;3671.0;344.0;171.0;42.0;20.0;12.0;6764.0;207.0;128.0;137.0;61.0;29239.0;15868.0;1313.0;893.0;183.0;102.0;71.0;9094.0;563.0;526.0;626.0
KIELECKI;KIELECKIE;8.0;1136.0;685.0;87.0;97.0;9.0;1.0;1.0;120.0;17.0;17.0;102.0;4.0;1053.0;634.0;55.0;48.0;7.0;8.0;2.0;252.0;2.0;10.0;35.0;0.0;0.0;0.0;0.0;0.0;0.0;0.0;0.0;0.0;0.0;0.0;0.0;0.0;0.0;0.0;0.0;0.0;0.0;0.0;0.0;0.0;0.0;0.0;0.0;7.0;566.0;311.0;30.0;138.0;7.0;5.0;1.0;21.0;6.0;17.0;30.0;3.0;2339.0;1102.0;114.0;47.0;14.0;2.0;5.0;972.0;7.0;44.0;32.0;3.0;8654.0;637.0;112.0;82.0;10.0;1.0;1.0;7245.0;34.0;14.0;518.0;25.0;13748.0;3369.0;398.0;412.0;47.0;17.0;10.0;8610.0;66.0;102.0;717.0
KONECKI;KIELECKIE;3.0;476.0;149.0;28.0;54.0;5.0;1.0;1.0;105.0;91.0;5.0;37.0;5.0;1281.0;416.0;148.0;129.0;7.0;1.0;1.0;260.0;5.0;21.0;293.0;3.0;992.0;312.0;41.0;193.0;5.0;1.0;0.0;373.0;2.0;7.0;58.0;0.0;0.0;0.0;0.0;0.0;0.0;0.0;0.0;0.0;0.0;0.0;0.0;7.0;544.0;236.0;54.0;38.0;18.0;3.0;0.0;95.0;13.0;11.0;76.0;4.0;2662.0;745.0;95.0;1137.0;5.0;6.0;10.0;228.0;45.0;20.0;371.0;13.0;55627.0;3593.0;1408.0;1160.0;72.0;55.0;36.0;47099.0;767.0;473.0;964.0;35.0;61582.0;5451.0;1774.0;2711.0;112.0;67.0;48.0;48160.0;923.0;537.0;1799.0
KOZIENICKI;KIELECKIE;3.0;401.0;230.0;51.0;39.0;8.0;1.0;4.0;;2.0;8.0;58.0;7.0;1758.0;1148.0;132.0;128.0;39.0;12.0;17.0;180.0;30.0;36.0;36.0;2.0;776.0;286.0;0.0;39.0;2.0;3.0;0.0;398.0;17.0;19.0;12.0;2.0;891.0;228.0;166.0;62.0;4.0;4.0;0.0;314.0;58.0;8.0;47.0;5.0;384.0;246.0;40.0;18.0;18.0;2.0;3.0;19.0;13.0;7.0;18.0;7.0;4888.0;2166.0;339.0;535.0;67.0;16.0;8.0;873.0;174.0;77.0;633.0;5.0;11096.0;2870.0;362.0;258.0;48.0;33.0;17.0;6656.0;224.0;143.0;485.0;31.0;20194.0;7174.0;1090.0;1079.0;186.0;71.0;49.0;8440.0;518.0;298.0;1289.0
MIECHOWSKI;KIELECKIE;25.0;3798.0;2896.0;290.0;85.0;53.0;24.0;12.0;313.0;22.0;53.0;50.0;15.0;3671.0;2819.0;241.0;98.0;23.0;18.0;11.0;340.0;8.0;63.0;50.0;8.0;2689.0;1914.0;169.0;37.0;16.0;21.0;8.0;361.0;21.0;36.0;106.0;8.0;3539.0;2750.0;238.0;84.0;21.0;34.0;12.0;279.0;14.0;78.0;29.0;9.0;607.0;409.0;43.0;19.0;7.0;8.0;1.0;88.0;3.0;11.0;18.0;13.0;8705.0;5342.0;631.0;245.0;25.0;25.0;22.0;2129.0;16.0;108.0;162.0;5.0;8786.0;4205.0;157.0;22.0;21.0;26.0;3.0;4112.0;15.0;58.0;167.0;83.0;31795.0;20335.0;1769.0;590.0;166.0;156.0;69.0;7622.0;99.0;407.0;582.0
OLKUSKI;KIELECKIE;5.0;712.0;348.0;11.0;6.0;6.0;4.0;2.0;210.0;2.0;11.0;112.0;8.0;1908.0;838.0;43.0;10.0;18.0;9.0;3.0;850.0;1.0;14.0;122.0;2.0;676.0;526.0;0.0;10.0;2.0;4.0;2.0;109.0;0.0;19.0;4.0;0.0;0.0;0.0;0.0;0.0;0.0;0.0;0.0;0.0;0.0;0.0;0.0;6.0;422.0;253.0;9.0;67.0;5.0;2.0;2.0;39.0;4.0;8.0;33.0;4.0;2698.0;1073.0;83.0;158.0;9.0;6.0;8.0;992.0;17.0;58.0;294.0;7.0;9008.0;2398.0;121.0;208.0;17.0;39.0;29.0;5148.0;16.0;63.0;969.0;32.0;15424.0;5436.0;267.0;459.0;57.0;64.0;46.0;7348.0;40.0;173.0;1534.0
OPATOWSKI;KIELECKIE;17.0;2615.0;1945.0;175.0;74.0;33.0;14.0;4.0;244.0;14.0;48.0;64.0;16.0;3917.0;2483.0;147.0;115.0;38.0;11.0;4.0;791.0;12.0;78.0;238.0;9.0;3241.0;2005.0;126.0;95.0;19.0;11.0;7.0;618.0;21.0;75.0;264.0;5.0;2222.0;1627.0;135.0;98.0;17.0;7.0;3.0;240.0;9.0;57.0;29.0;14.0;1029.0;728.0;43.0;80.0;20.0;6.0;3.0;19.0;13.0;52.0;65.0;16.0;11067.0;6938.0;365.0;267.0;57.0;37.0;13.0;2992.0;14.0;195.0;189.0;11.0;22370.0;6964.0;672.0;528.0;86.0;32.0;20.0;13222.0;171.0;169.0;506.0;88.0;46461.0;22690.0;1663.0;1257.0;270.0;118.0;54.0;18126.0;254.0;674.0;1355.0
OPOCZYŃSKI;KIELECKIE;10.0;1582.0;881.0;148.0;102.0;27.0;7.0;10.0;227.0;96.0;52.0;32.0;8.0;2039.0;1065.0;203.0;145.0;26.0;8.0;6.0;352.0;91.0;65.0;78.0;7.0;2445.0;1093.0;104.0;282.0;23.0;4.0;14.0;596.0;35.0;47.0;247.0;2.0;838.0;496.0;39.0;30.0;12.0;2.0;1.0;208.0;14.0;34.0;2.0;11.0;750.0;456.0;66.0;78.0;11.0;5.0;1.0;57.0;23.0;17.0;36.0;15.0;10174.0;4174.0;768.0;326.0;96.0;24.0;28.0;4381.0;122.0;111.0;144.0;4.0;13190.0;2158.0;353.0;281.0;20.0;10.0;8.0;9658.0;43.0;143.0;516.0;57.0;31018.0;10323.0;1681.0;1244.0;215.0;60.0;68.0;15479.0;424.0;469.0;1055.0
PIŃCZOWSKI;KIELECKIE;25.0;3556.0;2727.0;338.0;180.0;34.0;18.0;20.0;77.0;29.0;82.0;51.0;14.0;3420.0;2298.0;274.0;161.0;37.0;22.0;6.0;487.0;11.0;60.0;64.0;12.0;4042.0;3058.0;380.0;166.0;28.0;18.0;13.0;178.0;15.0;100.0;86.0;4.0;1767.0;1324.0;155.0;86.0;8.0;11.0;6.0;102.0;20.0;51.0;4.0;8.0;525.0;371.0;61.0;18.0;5.0;3.0;0.0;6.0;10.0;22.0;29.0;9.0;6169.0;4242.0;721.0;248.0;38.0;27.0;34.0;445.0;37.0;164.0;213.0;5.0;13484.0;5226.0;973.0;403.0;79.0;24.0;27.0;6059.0;161.0;110.0;422.0;77.0;32963.0;19246.0;2902.0;1262.0;229.0;123.0;106.0;7354.0;283.0;589.0;869.0
RADOMSKI;KIELECKIE;14.0;2019.0;1297.0;188.0;97.0;45.0;9.0;1.0;195.0;91.0;34.0;62.0;11.0;2524.0;1496.0;180.0;173.0;41.0;14.0;0.0;261.0;32.0;53.0;274.0;8.0;2814.0;1737.0;281.0;191.0;28.0;12.0;4.0;282.0;159.0;25.0;95.0;7.0;3146.0;1787.0;353.0;103.0;61.0;26.0;22.0;476.0;122.0;105.0;91.0;12.0;780.0;408.0;123.0;119.0;13.0;3.0;0.0;43.0;20.0;20.0;31.0;15.0;11137.0;5085.0;1145.0;539.0;104.0;31.0;60.0;3547.0;259.0;161.0;206.0;1.0;2202.0;704.0;129.0;20.0;12.0;1.0;10.0;1223.0;10.0;67.0;26.0;68.0;24622.0;12514.0;2399.0;1242.0;304.0;96.0;97.0;6027.0;693.0;465.0;785.0
SANDOMIERSKI;KIELECKIE;22.0;3656.0;2760.0;266.0;150.0;81.0;22.0;12.0;143.0;34.0;84.0;104.0;8.0;1894.0;1458.0;89.0;21.0;23.0;21.0;3.0;186.0;10.0;33.0;50.0;4.0;1324.0;905.0;72.0;105.0;9.0;7.0;3.0;149.0;3.0;16.0;55.0;5.0;2167.0;1393.0;149.0;96.0;8.0;3.0;8.0;409.0;31.0;52.0;18.0;10.0;742.0;564.0;51.0;48.0;7.0;3.0;1.0;34.0;0.0;21.0;13.0;7.0;4891.0;2490.0;359.0;409.0;15.0;6.0;47.0;1232.0;106.0;94.0;133.0;4.0;19212.0;4310.0;403.0;468.0;60.0;22.0;15.0;12630.0;160.0;336.0;808.0;60.0;33886.0;13880.0;1389.0;1297.0;203.0;84.0;89.0;14783.0;344.0;636.0;1181.0
STOPNICKI;KIELECKIE;20.0;2720.0;1498.0;230.0;217.0;40.0;7.0;14.0;392.0;112.0;69.0;141.0;17.0;4145.0;2257.0;276.0;460.0;46.0;17.0;16.0;677.0;202.0;88.0;106.0;7.0;2244.0;1345.0;154.0;171.0;12.0;5.0;9.0;223.0;20.0;34.0;271.0;5.0;2266.0;1072.0;119.0;101.0;17.0;10.0;10.0;801.0;60.0;31.0;45.0;15.0;1043.0;595.0;121.0;69.0;26.0;2.0;12.0;37.0;92.0;27.0;62.0;5.0;3544.0;1147.0;103.0;172.0;12.0;6.0;6.0;1731.0;280.0;49.0;38.0;5.0;14376.0;4656.0;767.0;1434.0;37.0;64.0;31.0;6760.0;243.0;294.0;90.0;74.0;30338.0;12570.0;1770.0;2624.0;190.0;111.0;98.0;10621.0;1009.0;592.0;753.0
WŁOSZCZOWSKI;KIELECKIE;8.0;1232.0;528.0;96.0;64.0;13.0;2.0;1.0;407.0;6.0;15.0;100.0;6.0;1445.0;839.0;108.0;63.0;11.0;5.0;3.0;256.0;10.0;18.0;132.0;3.0;1082.0;412.0;111.0;59.0;4.0;3.0;2.0;430.0;5.0;12.0;44.0;3.0;1380.0;211.0;57.0;225.0;5.0;2.0;0.0;721.0;6.0;22.0;131.0;3.0;232.0;122.0;35.0;8.0;2.0;1.0;0.0;43.0;3.0;4.0;14.0;9.0;6127.0;1637.0;252.0;689.0;12.0;16.0;10.0;2982.0;141.0;64.0;324.0;13.0;35331.0;7193.0;1577.0;1608.0;83.0;70.0;25.0;22538.0;416.0;455.0;1366.0;45.0;46829.0;10942.0;2236.0;2716.0;130.0;99.0;41.0;27377.0;587.0;590.0;2111.0
BIALSKI (BIAŁA KRAKOWSKA);KRAKOWSKIE;6.0;882.0;467.0;28.0;31.0;4.0;3.0;1.0;158.0;152.0;21.0;17.0;2.0;450.0;248.0;8.0;87.0;2.0;0.0;0.0;61.0;37.0;3.0;4.0;0.0;0.0;0.0;0.0;0.0;0.0;0.0;0.0;0.0;0.0;0.0;0.0;0.0;0.0;0.0;0.0;0.0;0.0;0.0;0.0;0.0;0.0;0.0;0.0;4.0;227.0;154.0;8.0;10.0;1.0;1.0;0.0;28.0;20.0;3.0;2.0;2.0;1643.0;539.0;48.0;92.0;8.0;3.0;8.0;823.0;93.0;15.0;14.0;3.0;10769.0;1621.0;267.0;387.0;2.0;17.0;4.0;7273.0;993.0;167.0;38.0;17.0;13971.0;3029.0;359.0;607.0;17.0;24.0;13.0;8343.0;1295.0;209.0;75.0
BOCHEŃSKI;KRAKOWSKIE;9.0;1410.0;667.0;136.0;48.0;6.0;4.0;3.0;503.0;2.0;19.0;22.0;3.0;693.0;249.0;65.0;5.0;6.0;1.0;3.0;351.0;1.0;7.0;5.0;1.0;326.0;137.0;24.0;17.0;1.0;0.0;0.0;144.0;0.0;1.0;2.0;3.0;1322.0;714.0;32.0;21.0;7.0;3.0;1.0;510.0;5.0;29.0;0.0;7.0;561.0;308.0;41.0;30.0;8.0;2.0;1.0;136.0;8.0;13.0;14.0;3.0;2279.0;1167.0;109.0;55.0;19.0;6.0;9.0;865.0;15.0;9.0;25.0;1.0;1332.0;582.0;204.0;122.0;9.0;0.0;0.0;386.0;0.0;6.0;23.0;27.0;7923.0;3824.0;611.0;298.0;56.0;16.0;17.0;2895.0;31.0;84.0;91.0
BRZESKI (BRZESKO);KRAKOWSKIE;9.0;1366.0;737.0;90.0;55.0;7.0;3.0;14.0;406.0;6.0;15.0;33.0;5.0;1304.0;381.0;213.0;27.0;5.0;5.0;5.0;649.0;1.0;5.0;13.0;2.0;729.0;215.0;165.0;0.0;9.0;2.0;0.0;266.0;49.0;17.0;6.0;3.0;1387.0;591.0;54.0;60.0;4.0;2.0;6.0;609.0;2.0;15.0;44.0;4.0;319.0;201.0;11.0;9.0;7.0;1.0;1.0;49.0;12.0;3.0;25.0;2.0;1421.0;550.0;40.0;213.0;4.0;0.0;0.0;601.0;1.0;3.0;9.0;5.0;13356.0;2361.0;695.0;206.0;8.0;43.0;26.0;9556.0;13.0;106.0;342.0;30.0;19882.0;5036.0;1268.0;570.0;44.0;56.0;52.0;12136.0;84.0;164.0;472.0
CHRZANOWSKI;KRAKOWSKIE;5.0;772.0;327.0;70.0;53.0;5.0;3.0;1.0;244.0;1.0;7.0;61.0;1.0;203.0;93.0;0.0;5.0;3.0;2.0;3.0;93.0;2.0;2.0;0.0;1.0;400.0;180.0;3.0;51.0;2.0;1.0;12.0;139.0;2.0;3.0;7.0;1.0;416.0;121.0;35.0;15.0;1.0;0.0;0.0;209.0;30.0;1.0;4.0;2.0;136.0;77.0;4.0;27.0;1.0;4.0;0.0;22.0;0.0;1.0;0.0;6.0;4459.0;1139.0;418.0;148.0;22.0;5.0;22.0;2593.0;31.0;50.0;31.0;4.0;20876.0;1809.0;715.0;480.0;16.0;9.0;24.0;16744.0;82.0;409.0;588.0;20.0;27262.0;3746.0;1245.0;779.0;50.0;24.0;62.0;20044.0;148.0;473.0;691.0
DĄBROWSKI;KRAKOWSKIE;7.0;1034.0;405.0;90.0;86.0;7.0;3.0;2.0;412.0;3.0;6.0;20.0;5.0;1239.0;458.0;142.0;38.0;3.0;12.0;2.0;545.0;2.0;10.0;27.0;5.0;1871.0;647.0;439.0;86.0;12.0;9.0;7.0;577.0;14.0;20.0;60.0;3.0;1370.0;624.0;210.0;74.0;3.0;8.0;0.0;430.0;1.0;8.0;12.0;11.0;865.0;588.0;88.0;88.0;14.0;1.0;9.0;15.0;4.0;40.0;18.0;2.0;1444.0;618.0;144.0;118.0;1.0;3.0;3.0;510.0;4.0;18.0;25.0;3.0;5575.0;2793.0;1007.0;233.0;14.0;10.0;21.0;1419.0;11.0;31.0;36.0;36.0;13398.0;6133.0;2120.0;723.0;54.0;46.0;44.0;3908.0;39.0;133.0;198.0
GORLICKI;KRAKOWSKIE;9.0;1289.0;311.0;45.0;67.0;7.0;4.0;1.0;833.0;1.0;9.0;11.0;8.0;1975.0;665.0;54.0;69.0;6.0;2.0;2.0;1114.0;1.0;13.0;49.0;4.0;1428.0;117.0;31.0;39.0;5.0;1.0;0.0;1225.0;0.0;3.0;7.0;4.0;1756.0;481.0;63.0;20.0;5.0;2.0;4.0;1123.0;6.0;7.0;45.0;13.0;933.0;298.0;41.0;47.0;14.0;2.0;1.0;448.0;0.0;13.0;69.0;2.0;1232.0;240.0;29.0;22.0;5.0;5.0;9.0;811.0;102.0;9.0;0.0;2.0;2716.0;491.0;61.0;56.0;0.0;7.0;0.0;2088.0;0.0;7.0;6.0;42.0;11329.0;2603.0;324.0;320.0;42.0;23.0;17.0;7642.0;110.0;61.0;187.0
GRYBOWSKI;KRAKOWSKIE;8.0;1192.0;626.0;55.0;52.0;6.0;1.0;14.0;421.0;2.0;9.0;6.0;6.0;1583.0;786.0;43.0;90.0;7.0;5.0;3.0;602.0;1.0;16.0;30.0;1.0;342.0;130.0;9.0;6.0;2.0;2.0;0.0;191.0;0.0;1.0;1.0;1.0;444.0;193.0;8.0;11.0;2.0;0.0;0.0;224.0;0.0;4.0;2.0;9.0;705.0;335.0;21.0;27.0;6.0;2.0;0.0;282.0;0.0;10.0;22.0;0.0;0.0;0.0;0.0;0.0;0.0;0.0;0.0;0.0;0.0;0.0;0.0;1.0;1447.0;258.0;16.0;31.0;4.0;8.0;14.0;1071.0;12.0;11.0;22.0;26.0;5713.0;2328.0;152.0;217.0;27.0;18.0;31.0;2791.0;15.0;51.0;83.0
JASIELSKI;KRAKOWSKIE;12.0;2460.0;1103.0;180.0;55.0;17.0;7.0;19.0;1033.0;4.0;18.0;24.0;0.0;0.0;0.0;0.0;0.0;0.0;0.0;0.0;0.0;0.0;0.0;0.0;3.0;968.0;538.0;56.0;16.0;3.0;2.0;7.0;336.0;0.0;10.0;0.0;2.0;886.0;249.0;48.0;29.0;7.0;2.0;0.0;546.0;0.0;4.0;1.0;6.0;441.0;181.0;42.0;41.0;4.0;6.0;2.0;146.0;4.0;9.0;6.0;4.0;2547.0;813.0;101.0;81.0;8.0;6.0;35.0;1467.0;10.0;9.0;17.0;3.0;11147.0;4139.0;1516.0;807.0;171.0;7.0;9.0;4324.0;7.0;55.0;112.0;30.0;18449.0;7023.0;1943.0;1029.0;210.0;30.0;72.0;7852.0;25.0;105.0;160.0
KRAKOWSKI;KRAKOWSKIE;12.0;1856.0;1345.0;227.0;77.0;21.0;12.0;6.0;105.0;10.0;35.0;18.0;4.0;963.0;706.0;166.0;10.0;3.0;15.0;16.0;15.0;5.0;22.0;5.0;9.0;3122.0;2299.0;317.0;65.0;15.0;14.0;4.0;283.0;23.0;24.0;78.0;0.0;0.0;0.0;0.0;0.0;0.0;0.0;0.0;0.0;0.0;0.0;0.0;3.0;194.0;123.0;29.0;18.0;9.0;2.0;1.0;2.0;3.0;5.0;2.0;0.0;0.0;0.0;0.0;0.0;0.0;0.0;0.0;0.0;0.0;0.0;0.0;2.0;2909.0;1389.0;189.0;80.0;22.0;2.0;14.0;1162.0;6.0;29.0;16.0;30.0;9044.0;5862.0;928.0;250.0;70.0;45.0;41.0;1567.0;47.0;115.0;119.0
KRAKÓW (MIASTO);KRAKOWSKIE;1.0;191.0;142.0;44.0;0.0;0.0;0.0;0.0;0.0;0.0;5.0;0.0;0.0;0.0;0.0;0.0;0.0;0.0;0.0;0.0;0.0;0.0;0.0;0.0;0.0;0.0;0.0;0.0;0.0;0.0;0.0;0.0;0.0;0.0;0.0;0.0;0.0;0.0;0.0;0.0;0.0;0.0;0.0;0.0;0.0;0.0;0.0;0.0;0.0;0.0;0.0;0.0;0.0;0.0;0.0;0.0;0.0;0.0;0.0;0.0;0.0;0.0;0.0;0.0;0.0;0.0;0.0;0.0;0.0;0.0;0.0;0.0;0.0;0.0;0.0;0.0;0.0;0.0;0.0;0.0;0.0;0.0;0.0;0.0;1.0;191.0;142.0;44.0;0.0;0.0;0.0;0.0;0.0;0.0;5.0;0.0
LIMANOWSKI;KRAKOWSKIE;5.0;753.0;300.0;19.0;19.0;4.0;3.0;0.0;382.0;0.0;17.0;9.0;3.0;737.0;257.0;17.0;18.0;2.0;4.0;4.0;427.0;0.0;3.0;5.0;2.0;626.0;179.0;12.0;2.0;7.0;1.0;1.0;420.0;0.0;2.0;2.0;3.0;1398.0;453.0;51.0;41.0;8.0;2.0;1.0;799.0;3.0;14.0;26.0;2.0;137.0;57.0;9.0;9.0;7.0;0.0;0.0;48.0;2.0;2.0;3.0;1.0;647.0;44.0;1.0;13.0;0.0;1.0;2.0;527.0;1.0;0.0;58.0;4.0;11039.0;106.0;22.0;57.0;10.0;2.0;7.0;10557.0;0.0;121.0;157.0;20.0;15337.0;1396.0;131.0;159.0;38.0;13.0;15.0;13160.0;6.0;159.0;260.0
MIELECKI;KRAKOWSKIE;14.0;2015.0;1112.0;63.0;164.0;9.0;5.0;5.0;545.0;4.0;32.0;76.0;9.0;2228.0;1695.0;108.0;190.0;22.0;12.0;6.0;104.0;8.0;57.0;26.0;4.0;1408.0;436.0;107.0;65.0;5.0;0.0;0.0;732.0;2.0;9.0;52.0;1.0;411.0;268.0;119.0;17.0;0.0;1.0;0.0;0.0;0.0;2.0;4.0;9.0;626.0;394.0;47.0;46.0;3.0;0.0;2.0;107.0;9.0;11.0;7.0;8.0;5321.0;1267.0;366.0;86.0;4.0;2.0;1.0;3522.0;5.0;53.0;15.0;5.0;12932.0;1588.0;860.0;246.0;13.0;9.0;11.0;9797.0;100.0;194.0;114.0;50.0;24941.0;6760.0;1670.0;814.0;56.0;29.0;25.0;14807.0;128.0;358.0;294.0
MYŚLENICKI;KRAKOWSKIE;2.0;245.0;71.0;7.0;10.0;1.0;0.0;0.0;150.0;1.0;1.0;4.0;1.0;283.0;106.0;13.0;7.0;0.0;0.0;2.0;147.0;0.0;2.0;6.0;4.0;1415.0;324.0;33.0;122.0;5.0;3.0;2.0;905.0;1.0;5.0;15.0;2.0;896.0;306.0;16.0;2.0;7.0;0.0;0.0;551.0;0.0;5.0;9.0;3.0;222.0;111.0;17.0;45.0;2.0;0.0;0.0;46.0;0.0;1.0;0.0;2.0;1429.0;154.0;7.0;45.0;6.0;5.0;2.0;1199.0;1.0;7.0;3.0;2.0;12022.0;722.0;84.0;254.0;3.0;4.0;0.0;10509.0;0.0;64.0;382.0;16.0;16512.0;1794.0;177.0;485.0;24.0;12.0;6.0;13507.0;3.0;85.0;419.0
NOWOSĄDECKI;KRAKOWSKIE;7.0;1036.0;650.0;24.0;77.0;7.0;1.0;2.0;226.0;0.0;11.0;38.0;8.0;1932.0;808.0;52.0;110.0;13.0;1.0;1.0;889.0;1.0;9.0;48.0;1.0;305.0;53.0;6.0;0.0;1.0;1.0;0.0;243.0;0.0;1.0;0.0;1.0;499.0;212.0;2.0;8.0;1.0;0.0;1.0;267.0;0.0;2.0;6.0;13.0;1003.0;475.0;20.0;75.0;12.0;3.0;0.0;336.0;1.0;54.0;27.0;2.0;1612.0;231.0;20.0;16.0;1.0;0.0;1.0;1321.0;0.0;1.0;21.0;3.0;12781.0;1078.0;140.0;187.0;7.0;10.0;7.0;11297.0;0.0;42.0;13.0;35.0;19168.0;3507.0;264.0;473.0;42.0;16.0;12.0;14579.0;2.0;120.0;153.0
NOWOTARSKI;KRAKOWSKIE;2.0;271.0;47.0;13.0;7.0;0.0;1.0;1.0;196.0;0.0;3.0;3.0;2.0;476.0;25.0;1.0;2.0;1.0;1.0;0.0;435.0;2.0;4.0;5.0;1.0;346.0;239.0;33.0;74.0;0.0;0.0;0.0;0.0;0.0;0.0;0.0;1.0;443.0;63.0;19.0;51.0;0.0;0.0;0.0;308.0;0.0;0.0;2.0;1.0;74.0;14.0;14.0;9.0;5.0;0.0;0.0;31.0;0.0;1.0;0.0;4.0;2632.0;259.0;80.0;172.0;2.0;0.0;0.0;1966.0;0.0;3.0;150.0;3.0;11222.0;36.0;93.0;616.0;0.0;4.0;40.0;9957.0;41.0;41.0;394.0;14.0;15464.0;683.0;253.0;931.0;8.0;6.0;41.0;12893.0;43.0;52.0;554.0
OŚWIĘCIMSKI;KRAKOWSKIE;1.0;124.0;58.0;17.0;12.0;2.0;0.0;0.0;0.0;32.0;3.0;0.0;6.0;1595.0;821.0;107.0;55.0;10.0;6.0;1.0;207.0;336.0;23.0;29.0;1.0;373.0;196.0;11.0;27.0;1.0;2.0;0.0;27.0;59.0;4.0;46.0;1.0;453.0;238.0;26.0;10.0;6.0;2.0;0.0;123.0;45.0;3.0;0.0;0.0;0.0;0.0;0.0;0.0;0.0;0.0;0.0;0.0;0.0;0.0;0.0;3.0;1921.0;597.0;151.0;50.0;6.0;10.0;10.0;266.0;777.0;54.0;0.0;2.0;4320.0;1092.0;373.0;178.0;9.0;3.0;4.0;831.0;1740.0;39.0;51.0;14.0;8786.0;3002.0;685.0;332.0;34.0;23.0;15.0;1454.0;2989.0;126.0;126.0
PILZNEŃSKI;KRAKOWSKIE;7.0;980.0;510.0;41.0;28.0;6.0;2.0;3.0;359.0;5.0;13.0;13.0;7.0;1747.0;788.0;84.0;29.0;32.0;6.0;15.0;733.0;14.0;20.0;26.0;3.0;1054.0;394.0;24.0;29.0;2.0;4.0;0.0;591.0;1.0;4.0;5.0;4.0;1846.0;435.0;60.0;55.0;16.0;0.0;0.0;1249.0;0.0;5.0;26.0;6.0;390.0;211.0;12.0;26.0;4.0;1.0;0.0;122.0;4.0;8.0;2.0;3.0;2433.0;653.0;61.0;45.0;13.0;5.0;13.0;1594.0;4.0;10.0;35.0;2.0;3386.0;268.0;119.0;14.0;3.0;5.0;2.0;2884.0;23.0;4.0;64.0;32.0;11836.0;3259.0;401.0;226.0;76.0;23.0;33.0;7532.0;51.0;64.0;171.0
PODGÓRSKI;KRAKOWSKIE;16.0;2280.0;1510.0;231.0;87.0;52.0;16.0;28.0;264.0;21.0;35.0;36.0;3.0;633.0;322.0;49.0;9.0;18.0;2.0;3.0;222.0;1.0;4.0;3.0;1.0;349.0;2.0;0.0;0.0;0.0;0.0;0.0;347.0;0.0;0.0;0.0;1.0;406.0;206.0;21.0;22.0;3.0;3.0;2.0;141.0;1.0;1.0;6.0;11.0;777.0;471.0;130.0;59.0;12.0;12.0;2.0;65.0;3.0;18.0;5.0;0.0;0.0;0.0;0.0;0.0;0.0;0.0;0.0;0.0;0.0;0.0;0.0;0.0;0.0;0.0;0.0;0.0;0.0;0.0;0.0;0.0;0.0;0.0;0.0;32.0;4445.0;2511.0;431.0;177.0;85.0;33.0;35.0;1039.0;26.0;58.0;50.0
ROPCZYCKI;KRAKOWSKIE;5.0;779.0;537.0;61.0;42.0;12.0;1.0;1.0;88.0;8.0;14.0;15.0;6.0;1471.0;797.0;101.0;26.0;4.0;5.0;6.0;522.0;0.0;7.0;3.0;5.0;1695.0;825.0;42.0;120.0;10.0;3.0;4.0;629.0;2.0;8.0;52.0;1.0;447.0;251.0;18.0;16.0;3.0;0.0;0.0;156.0;0.0;1.0;2.0;7.0;551.0;300.0;22.0;8.0;4.0;2.0;4.0;151.0;3.0;13.0;44.0;3.0;2180.0;622.0;53.0;39.0;1.0;4.0;1.0;1412.0;0.0;25.0;23.0;3.0;6820.0;1719.0;214.0;151.0;16.0;34.0;23.0;4587.0;4.0;49.0;23.0;30.0;13943.0;5051.0;511.0;402.0;50.0;49.0;39.0;7545.0;17.0;117.0;162.0
SPISKO-ORAWSKI;KRAKOWSKIE;0.0;0.0;0.0;0.0;0.0;0.0;0.0;0.0;0.0;0.0;0.0;0.0;0.0;0.0;0.0;0.0;0.0;0.0;0.0;0.0;0.0;0.0;0.0;0.0;0.0;0.0;0.0;0.0;0.0;0.0;0.0;0.0;0.0;0.0;0.0;0.0;0.0;0.0;0.0;0.0;0.0;0.0;0.0;0.0;0.0;0.0;0.0;0.0;1.0;71.0;38.0;12.0;6.0;0.0;0.0;0.0;10.0;0.0;0.0;5.0;1.0;872.0;339.0;116.0;20.0;0.0;0.0;0.0;371.0;0.0;0.0;26.0;1.0;1883.0;609.0;114.0;123.0;0.0;40.0;0.0;917.0;0.0;0.0;80.0;3.0;2826.0;986.0;242.0;149.0;0.0;40.0;0.0;1298.0;0.0;0.0;111.0
TARNOWSKI;KRAKOWSKIE;9.0;1497.0;920.0;109.0;75.0;10.0;3.0;5.0;341.0;4.0;13.0;17.0;5.0;1175.0;578.0;82.0;52.0;14.0;5.0;11.0;385.0;12.0;9.0;27.0;1.0;371.0;116.0;23.0;5.0;5.0;2.0;1.0;203.0;6.0;6.0;4.0;3.0;1292.0;343.0;37.0;117.0;13.0;1.0;3.0;756.0;0.0;8.0;14.0;10.0;791.0;491.0;27.0;30.0;8.0;2.0;5.0;189.0;5.0;11.0;23.0;1.0;629.0;296.0;15.0;26.0;3.0;0.0;0.0;285.0;0.0;2.0;2.0;1.0;8524.0;3658.0;577.0;263.0;43.0;23.0;10.0;3490.0;177.0;125.0;158.0;30.0;14279.0;6402.0;870.0;568.0;96.0;36.0;35.0;5649.0;204.0;174.0;245.0
WADOWICKI;KRAKOWSKIE;9.0;1352.0;751.0;148.0;61.0;11.0;3.0;4.0;222.0;97.0;19.0;36.0;6.0;1453.0;821.0;65.0;58.0;12.0;6.0;10.0;416.0;33.0;17.0;15.0;6.0;2068.0;765.0;162.0;48.0;22.0;5.0;5.0;783.0;238.0;17.0;23.0;2.0;901.0;49.0;5.0;2.0;0.0;0.0;0.0;834.0;0.0;11.0;0.0;5.0;355.0;194.0;29.0;19.0;14.0;0.0;0.0;86.0;0.0;8.0;5.0;5.0;2841.0;1258.0;119.0;99.0;25.0;8.0;12.0;1264.0;16.0;31.0;9.0;2.0;5973.0;629.0;58.0;59.0;10.0;2.0;1.0;5140.0;15.0;40.0;19.0;35.0;14943.0;4467.0;586.0;346.0;94.0;24.0;32.0;8745.0;399.0;143.0;107.0
WIELICKI;KRAKOWSKIE;17.0;2506.0;1056.0;121.0;105.0;41.0;6.0;6.0;1119.0;4.0;28.0;20.0;5.0;1284.0;561.0;120.0;51.0;16.0;3.0;3.0;503.0;5.0;20.0;2.0;2.0;739.0;403.0;98.0;12.0;2.0;3.0;0.0;214.0;0.0;3.0;4.0;1.0;475.0;122.0;0.0;41.0;5.0;2.0;0.0;290.0;2.0;6.0;7.0;15.0;1059.0;581.0;84.0;59.0;30.0;12.0;5.0;239.0;3.0;18.0;28.0;3.0;1869.0;483.0;107.0;33.0;4.0;6.0;5.0;1206.0;12.0;7.0;6.0;0.0;0.0;0.0;0.0;0.0;0.0;0.0;0.0;0.0;0.0;0.0;0.0;43.0;7932.0;3206.0;530.0;301.0;98.0;32.0;19.0;3571.0;26.0;82.0;67.0
ŻYWIECKI;KRAKOWSKIE;0.0;0.0;0.0;0.0;0.0;0.0;0.0;0.0;0.0;0.0;0.0;0.0;0.0;0.0;0.0;0.0;0.0;0.0;0.0;0.0;0.0;0.0;0.0;0.0;0.0;0.0;0.0;0.0;0.0;0.0;0.0;0.0;0.0;0.0;0.0;0.0;1.0;409.0;218.0;46.0;13.0;1.0;0.0;3.0;122.0;2.0;3.0;1.0;0.0;0.0;0.0;0.0;0.0;0.0;0.0;0.0;0.0;0.0;0.0;0.0;0.0;0.0;0.0;0.0;0.0;0.0;0.0;0.0;0.0;0.0;0.0;0.0;4.0;39969.0;1935.0;363.0;465.0;16.0;26.0;12.0;36804.0;68.0;259.0;21.0;5.0;40378.0;2153.0;409.0;478.0;17.0;26.0;15.0;36926.0;70.0;262.0;22.0
BIALSKI (BIAŁA PODLASKA);LUBELSKIE;11.0;1504.0;662.0;210.0;169.0;10.0;5.0;0.0;313.0;9.0;17.0;109.0;11.0;2782.0;1460.0;580.0;376.0;14.0;20.0;5.0;149.0;6.0;17.0;155.0;3.0;997.0;452.0;134.0;124.0;7.0;7.0;1.0;226.0;4.0;9.0;33.0;3.0;1359.0;806.0;300.0;45.0;3.0;0.0;3.0;156.0;11.0;16.0;19.0;14.0;1027.0;509.0;185.0;107.0;13.0;4.0;2.0;55.0;0.0;14.0;138.0;6.0;3644.0;1880.0;626.0;29.0;15.0;12.0;157.0;818.0;19.0;22.0;66.0;2.0;5221.0;1629.0;458.0;179.0;10.0;18.0;0.0;2589.0;217.0;57.0;64.0;50.0;16534.0;7398.0;2493.0;1029.0;72.0;66.0;168.0;4306.0;266.0;152.0;584.0
BIŁGORAJSKI;LUBELSKIE;1.0;118.0;78.0;15.0;11.0;1.0;0.0;0.0;0.0;0.0;5.0;8.0;1.0;285.0;174.0;14.0;0.0;2.0;1.0;0.0;82.0;11.0;1.0;0.0;1.0;319.0;0.0;2.0;36.0;0.0;0.0;0.0;233.0;1.0;0.0;47.0;0.0;0.0;0.0;0.0;0.0;0.0;0.0;0.0;0.0;0.0;0.0;0.0;0.0;0.0;0.0;0.0;0.0;0.0;0.0;0.0;0.0;0.0;0.0;0.0;1.0;624.0;101.0;18.0;9.0;1.0;1.0;0.0;377.0;20.0;8.0;89.0;1.0;67456.0;8801.0;2276.0;1347.0;49.0;22.0;2.0;50550.0;167.0;151.0;4091.0;5.0;68802.0;9154.0;2325.0;1403.0;53.0;24.0;2.0;51242.0;199.0;165.0;4235.0
CHEŁMSKI;LUBELSKIE;5.0;724.0;535.0;103.0;25.0;5.0;4.0;;29.0;3.0;12.0;8.0;5.0;1135.0;612.0;181.0;49.0;13.0;8.0;16.0;30.0;8.0;21.0;197.0;2.0;723.0;560.0;57.0;;10.0;4.0;3.0;14.0;;37.0;38.0;5.0;2272.0;1758.0;126.0;125.0;19.0;7.0;7.0;184.0;13.0;28.0;5.0;6.0;432.0;257.0;78.0;13.0;4.0;3.0;;15.0;21.0;37.0;4.0;9.0;6146.0;3668.0;730.0;119.0;38.0;20.0;29.0;996.0;192.0;132.0;222.0;7.0;16186.0;4575.0;1851.0;698.0;41.0;63.0;23.0;8059.0;206.0;204.0;466.0;39.0;27618.0;11965.0;3126.0;1029.0;130.0;109.0;78.0;9327.0;443.0;471.0;940.0
GARWOLIŃSKI;LUBELSKIE;11.0;1538.0;861.0;173.0;99.0;52.0;13.0;3.0;145.0;35.0;35.0;122.0;9.0;2174.0;1164.0;102.0;109.0;31.0;24.0;9.0;568.0;33.0;46.0;88.0;3.0;999.0;644.0;66.0;40.0;10.0;1.0;8.0;190.0;11.0;9.0;20.0;5.0;2219.0;917.0;221.0;292.0;19.0;7.0;10.0;457.0;204.0;40.0;52.0;14.0;1062.0;571.0;72.0;113.0;17.0;14.0;2.0;168.0;7.0;26.0;72.0;7.0;4970.0;2053.0;407.0;334.0;42.0;10.0;21.0;1316.0;593.0;109.0;85.0;9.0;26713.0;4665.0;1245.0;682.0;73.0;46.0;50.0;18431.0;520.0;213.0;788.0;58.0;39675.0;10875.0;2286.0;1669.0;244.0;115.0;103.0;21275.0;1403.0;478.0;1227.0
HRUBIESZOWSKI;LUBELSKIE;6.0;922.0;774.0;86.0;11.0;12.0;6.0;1.0;6.0;1.0;10.0;15.0;4.0;933.0;734.0;92.0;29.0;13.0;5.0;7.0;38.0;0.0;12.0;3.0;8.0;2747.0;1802.0;266.0;0.0;31.0;32.0;11.0;525.0;27.0;36.0;17.0;1.0;430.0;208.0;59.0;0.0;6.0;7.0;0.0;132.0;1.0;4.0;13.0;11.0;760.0;610.0;66.0;3.0;11.0;11.0;0.0;22.0;7.0;15.0;15.0;20.0;14208.0;7859.0;1730.0;121.0;123.0;154.0;110.0;3542.0;106.0;218.0;245.0;16.0;25624.0;14627.0;3483.0;471.0;178.0;167.0;77.0;5847.0;106.0;190.0;478.0;66.0;45624.0;26614.0;5782.0;635.0;374.0;382.0;206.0;10112.0;248.0;485.0;786.0
JANOWSKI;LUBELSKIE;6.0;885.0;717.0;44.0;25.0;6.0;4.0;0.0;42.0;12.0;14.0;21.0;2.0;570.0;483.0;17.0;8.0;6.0;2.0;0.0;28.0;3.0;7.0;16.0;6.0;2057.0;1449.0;35.0;58.0;19.0;12.0;34.0;345.0;32.0;49.0;24.0;5.0;2297.0;1326.0;129.0;38.0;24.0;2.0;8.0;644.0;25.0;21.0;80.0;4.0;320.0;245.0;28.0;10.0;2.0;6.0;6.0;3.0;0.0;12.0;8.0;5.0;4284.0;2519.0;155.0;103.0;14.0;5.0;4.0;1021.0;278.0;75.0;110.0;7.0;44825.0;5834.0;625.0;725.0;38.0;18.0;6.0;34252.0;1977.0;204.0;1146.0;35.0;55238.0;12573.0;1033.0;967.0;109.0;49.0;58.0;36335.0;2327.0;382.0;1405.0
KONSTANTYNOWSKI;LUBELSKIE;17.0;2295.0;1420.0;244.0;154.0;23.0;13.0;0.0;289.0;19.0;30.0;103.0;4.0;1022.0;643.0;91.0;70.0;8.0;2.0;0.0;142.0;4.0;12.0;50.0;7.0;2444.0;1477.0;260.0;216.0;34.0;13.0;4.0;333.0;32.0;41.0;34.0;2.0;976.0;661.0;79.0;7.0;8.0;3.0;1.0;198.0;1.0;7.0;11.0;10.0;795.0;555.0;78.0;54.0;12.0;6.0;7.0;28.0;10.0;16.0;29.0;9.0;6257.0;3749.0;572.0;215.0;44.0;60.0;36.0;1306.0;95.0;99.0;81.0;11.0;21064.0;11099.0;1921.0;615.0;60.0;54.0;15.0;6732.0;81.0;210.0;277.0;60.0;34853.0;19604.0;3245.0;1331.0;189.0;151.0;63.0;9028.0;242.0;415.0;585.0
KRASNOSTAWSKI;LUBELSKIE;10.0;1563.0;1250.0;55.0;18.0;15.0;8.0;3.0;123.0;13.0;29.0;49.0;10.0;2572.0;1593.0;150.0;27.0;15.0;22.0;12.0;584.0;77.0;45.0;47.0;6.0;2125.0;1418.0;163.0;2.0;10.0;6.0;9.0;276.0;30.0;36.0;175.0;1.0;406.0;364.0;26.0;0.0;0.0;3.0;4.0;0.0;0.0;7.0;2.0;15.0;1030.0;776.0;25.0;94.0;7.0;11.0;1.0;53.0;4.0;17.0;42.0;13.0;9267.0;6481.0;455.0;91.0;54.0;31.0;25.0;1727.0;84.0;175.0;144.0;10.0;28122.0;11872.0;1632.0;338.0;85.0;83.0;15.0;13199.0;80.0;239.0;579.0;65.0;45085.0;23754.0;2506.0;570.0;186.0;164.0;69.0;15962.0;288.0;548.0;1038.0
LUBARTOWSKI;LUBELSKIE;6.0;911.0;554.0;167.0;61.0;9.0;6.0;1.0;59.0;18.0;13.0;23.0;3.0;726.0;198.0;127.0;50.0;9.0;2.0;0.0;39.0;284.0;8.0;9.0;1.0;375.0;218.0;112.0;0.0;1.0;1.0;0.0;0.0;42.0;1.0;0.0;0.0;0.0;0.0;0.0;0.0;0.0;0.0;0.0;0.0;0.0;0.0;0.0;5.0;334.0;209.0;38.0;52.0;3.0;2.0;0.0;1.0;1.0;5.0;23.0;4.0;2549.0;1326.0;265.0;123.0;11.0;28.0;7.0;409.0;200.0;44.0;136.0;7.0;19445.0;6875.0;1542.0;474.0;75.0;42.0;23.0;9535.0;297.0;149.0;433.0;26.0;24340.0;9380.0;2251.0;760.0;108.0;81.0;31.0;10043.0;842.0;220.0;624.0
LUBELSKI;LUBELSKIE;20.0;2681.0;2138.0;223.0;39.0;38.0;17.0;23.0;44.0;61.0;55.0;43.0;13.0;3264.0;2556.0;204.0;33.0;38.0;15.0;14.0;140.0;152.0;55.0;57.0;12.0;4423.0;3688.0;136.0;36.0;30.0;26.0;29.0;338.0;28.0;73.0;39.0;4.0;1865.0;1397.0;111.0;59.0;15.0;6.0;15.0;166.0;39.0;11.0;46.0;6.0;440.0;364.0;18.0;0.0;18.0;3.0;0.0;9.0;19.0;7.0;2.0;23.0;15656.0;11255.0;1005.0;202.0;98.0;68.0;60.0;2197.0;199.0;236.0;336.0;11.0;15761.0;10008.0;1570.0;182.0;124.0;27.0;30.0;3230.0;205.0;325.0;60.0;89.0;44090.0;31406.0;3267.0;551.0;361.0;162.0;171.0;6124.0;703.0;762.0;583.0
LUBLIN (MIASTO);LUBELSKIE;4.0;537.0;423.0;39.0;39.0;7.0;4.0;0.0;0.0;1.0;11.0;13.0;0.0;0.0;0.0;0.0;0.0;0.0;0.0;0.0;0.0;0.0;0.0;0.0;0.0;0.0;0.0;0.0;0.0;0.0;0.0;0.0;0.0;0.0;0.0;0.0;0.0;0.0;0.0;0.0;0.0;0.0;0.0;0.0;0.0;0.0;0.0;0.0;1.0;54.0;40.0;6.0;4.0;0.0;0.0;0.0;0.0;0.0;1.0;3.0;0.0;0.0;0.0;0.0;0.0;0.0;0.0;0.0;0.0;0.0;0.0;0.0;0.0;0.0;0.0;0.0;0.0;0.0;0.0;0.0;0.0;0.0;0.0;0.0;5.0;591.0;463.0;45.0;43.0;7.0;4.0;0.0;0.0;1.0;12.0;16.0
PUŁAWSKI;LUBELSKIE;12.0;1796.0;886.0;116.0;30.0;24.0;16.0;6.0;344.0;177.0;38.0;159.0;5.0;1243.0;793.0;71.0;15.0;10.0;5.0;2.0;185.0;31.0;19.0;112.0;6.0;2043.0;1451.0;104.0;169.0;16.0;6.0;6.0;203.0;13.0;70.0;5.0;6.0;2624.0;1755.0;101.0;6.0;168.0;17.0;21.0;428.0;42.0;43.0;43.0;4.0;241.0;123.0;27.0;27.0;3.0;4.0;0.0;30.0;8.0;7.0;12.0;9.0;6545.0;3580.0;305.0;184.0;29.0;14.0;17.0;1454.0;245.0;121.0;596.0;7.0;16468.0;5982.0;751.0;363.0;53.0;73.0;45.0;8003.0;652.0;235.0;311.0;49.0;30960.0;14570.0;1475.0;794.0;303.0;135.0;97.0;10647.0;1168.0;533.0;1238.0
RADZYŃSKI;LUBELSKIE;6.0;788.0;325.0;225.0;53.0;7.0;2.0;2.0;62.0;49.0;21.0;42.0;1.0;207.0;135.0;59.0;0.0;4.0;3.0;3.0;0.0;0.0;3.0;0.0;2.0;676.0;453.0;100.0;46.0;10.0;2.0;0.0;45.0;1.0;13.0;6.0;1.0;423.0;270.0;74.0;0.0;1.0;1.0;1.0;70.0;0.0;2.0;4.0;5.0;303.0;146.0;51.0;14.0;2.0;3.0;0.0;35.0;2.0;6.0;44.0;5.0;3321.0;1787.0;456.0;226.0;14.0;7.0;6.0;665.0;52.0;54.0;54.0;11.0;45435.0;16234.0;6214.0;2113.0;114.0;169.0;37.0;17704.0;854.0;918.0;1078.0;31.0;51153.0;19350.0;7179.0;2452.0;152.0;187.0;49.0;18581.0;958.0;1017.0;1228.0
SIEDLECKI;LUBELSKIE;13.0;1745.0;838.0;192.0;270.0;27.0;6.0;17.0;217.0;65.0;31.0;82.0;2.0;544.0;247.0;40.0;40.0;3.0;5.0;1.0;95.0;97.0;16.0;0.0;2.0;656.0;421.0;78.0;101.0;3.0;0.0;1.0;11.0;25.0;10.0;6.0;4.0;1841.0;1028.0;162.0;76.0;17.0;12.0;1.0;314.0;139.0;19.0;73.0;17.0;1163.0;562.0;117.0;149.0;6.0;7.0;1.0;154.0;8.0;31.0;128.0;6.0;4170.0;1794.0;573.0;447.0;11.0;11.0;8.0;1125.0;64.0;70.0;67.0;3.0;5258.0;1337.0;481.0;487.0;4.0;31.0;6.0;2426.0;222.0;101.0;163.0;47.0;15377.0;6227.0;1643.0;1570.0;71.0;72.0;35.0;4342.0;620.0;278.0;519.0
SOKOŁOWSKI;LUBELSKIE;9.0;1231.0;721.0;88.0;178.0;22.0;1.0;0.0;125.0;0.0;21.0;75.0;8.0;2082.0;1398.0;121.0;96.0;17.0;5.0;3.0;318.0;5.0;45.0;74.0;7.0;2441.0;1584.0;135.0;116.0;16.0;7.0;3.0;451.0;10.0;51.0;68.0;3.0;1356.0;914.0;63.0;67.0;21.0;0.0;5.0;226.0;7.0;25.0;28.0;17.0;1261.0;760.0;75.0;178.0;7.0;2.0;0.0;110.0;7.0;29.0;93.0;7.0;5110.0;2740.0;339.0;756.0;28.0;27.0;20.0;953.0;68.0;82.0;97.0;6.0;13131.0;5778.0;928.0;305.0;26.0;24.0;36.0;5361.0;196.0;319.0;158.0;57.0;26612.0;13895.0;1749.0;1696.0;137.0;66.0;67.0;7544.0;293.0;572.0;593.0
TOMASZOWSKI;LUBELSKIE;7.0;1018.0;584.0;192.0;22.0;16.0;6.0;3.0;114.0;19.0;12.0;50.0;11.0;2702.0;2068.0;320.0;32.0;22.0;13.0;5.0;141.0;25.0;39.0;37.0;5.0;1757.0;1086.0;206.0;93.0;15.0;14.0;1.0;290.0;9.0;22.0;21.0;4.0;1752.0;1137.0;309.0;47.0;14.0;8.0;7.0;144.0;35.0;31.0;20.0;9.0;703.0;489.0;80.0;27.0;5.0;6.0;0.0;19.0;26.0;11.0;40.0;12.0;8274.0;5268.0;1383.0;129.0;41.0;29.0;13.0;1040.0;93.0;117.0;161.0;9.0;20546.0;8799.0;1639.0;306.0;43.0;99.0;40.0;8405.0;647.0;374.0;194.0;57.0;36752.0;19431.0;4129.0;656.0;156.0;175.0;69.0;10153.0;854.0;606.0;523.0
WĘGROWSKI;LUBELSKIE;8.0;1066.0;652.0;109.0;70.0;24.0;9.0;1.0;134.0;6.0;17.0;44.0;5.0;1194.0;800.0;31.0;63.0;12.0;8.0;2.0;137.0;7.0;28.0;106.0;4.0;1556.0;677.0;167.0;140.0;14.0;3.0;1.0;272.0;233.0;44.0;5.0;1.0;414.0;202.0;17.0;0.0;2.0;0.0;0.0;129.0;50.0;3.0;11.0;11.0;745.0;389.0;72.0;59.0;12.0;4.0;2.0;95.0;21.0;24.0;67.0;3.0;2052.0;1128.0;170.0;24.0;140.0;0.0;0.0;487.0;53.0;17.0;33.0;7.0;25932.0;7531.0;1292.0;1192.0;51.0;22.0;13.0;14617.0;215.0;234.0;765.0;39.0;32959.0;11379.0;1858.0;1548.0;255.0;46.0;19.0;15871.0;585.0;367.0;1031.0
WŁODAWSKI;LUBELSKIE;15.0;2215.0;1003.0;510.0;264.0;11.0;12.0;10.0;164.0;76.0;18.0;147.0;6.0;1440.0;734.0;245.0;99.0;7.0;3.0;0.0;244.0;64.0;32.0;12.0;2.0;624.0;292.0;159.0;7.0;8.0;5.0;3.0;114.0;27.0;9.0;0.0;2.0;847.0;387.0;347.0;60.0;4.0;7.0;2.0;8.0;0.0;6.0;26.0;16.0;1126.0;455.0;137.0;279.0;3.0;3.0;0.0;108.0;8.0;23.0;110.0;7.0;4857.0;1403.0;1058.0;331.0;12.0;12.0;8.0;472.0;480.0;65.0;1016.0;8.0;28557.0;5983.0;2931.0;1491.0;98.0;55.0;30.0;15376.0;1254.0;131.0;1208.0;56.0;39666.0;10257.0;5387.0;2531.0;143.0;97.0;53.0;16486.0;1909.0;284.0;2519.0
ZAMOJSKI;LUBELSKIE;6.0;964.0;490.0;65.0;15.0;17.0;8.0;4.0;287.0;44.0;14.0;20.0;2.0;448.0;329.0;83.0;1.0;2.0;1.0;1.0;19.0;0.0;4.0;8.0;6.0;2034.0;1450.0;216.0;26.0;18.0;10.0;12.0;233.0;15.0;29.0;25.0;2.0;860.0;277.0;8.0;0.0;2.0;0.0;0.0;559.0;0.0;6.0;8.0;6.0;394.0;278.0;74.0;10.0;2.0;2.0;0.0;16.0;1.0;5.0;6.0;6.0;4068.0;1881.0;367.0;23.0;28.0;22.0;21.0;1572.0;70.0;42.0;42.0;6.0;69716.0;16800.0;3637.0;888.0;101.0;97.0;216.0;45567.0;609.0;656.0;1145.0;34.0;78484.0;21505.0;4450.0;963.0;170.0;140.0;254.0;48253.0;739.0;756.0;1254.0
ŁUKOWSKI;LUBELSKIE;5.0;645.0;327.0;75.0;98.0;4.0;6.0;0.0;74.0;0.0;8.0;53.0;4.0;1030.0;570.0;94.0;64.0;19.0;11.0;0.0;210.0;5.0;26.0;31.0;4.0;1462.0;859.0;140.0;121.0;25.0;2.0;1.0;249.0;21.0;37.0;7.0;4.0;1765.0;807.0;146.0;175.0;27.0;11.0;6.0;384.0;124.0;39.0;46.0;8.0;645.0;307.0;40.0;102.0;8.0;8.0;8.0;62.0;66.0;25.0;19.0;11.0;7999.0;3802.0;979.0;256.0;48.0;43.0;43.0;1887.0;676.0;159.0;106.0;7.0;14473.0;5678.0;1225.0;925.0;53.0;42.0;19.0;5122.0;530.0;247.0;632.0;43.0;28019.0;12350.0;2699.0;1741.0;184.0;123.0;77.0;7988.0;1422.0;541.0;894.0
BRZOZOWSKI;LWOWSKIE;7.0;1099.0;621.0;62.0;63.0;3.0;5.0;3.0;301.0;2.0;20.0;19.0;5.0;1338.0;717.0;64.0;49.0;6.0;2.0;1.0;490.0;1.0;6.0;2.0;3.0;1086.0;528.0;88.0;50.0;4.0;5.0;6.0;388.0;4.0;8.0;5.0;5.0;2220.0;810.0;124.0;93.0;29.0;15.0;2.0;1126.0;4.0;12.0;5.0;3.0;259.0;132.0;12.0;22.0;3.0;0.0;0.0;82.0;1.0;1.0;6.0;7.0;5107.0;1307.0;151.0;502.0;6.0;14.0;11.0;3004.0;4.0;14.0;94.0;4.0;5643.0;1969.0;469.0;188.0;22.0;10.0;25.0;2889.0;4.0;24.0;43.0;34.0;16752.0;6084.0;970.0;967.0;73.0;51.0;48.0;8280.0;20.0;85.0;174.0
BÓBRECKI;LWOWSKIE;5.0;620.0;456.0;52.0;62.0;5.0;5.0;1.0;10.0;0.0;8.0;21.0;5.0;1268.0;833.0;124.0;30.0;9.0;4.0;0.0;238.0;1.0;23.0;6.0;2.0;651.0;514.0;36.0;10.0;2.0;1.0;0.0;75.0;1.0;6.0;6.0;2.0;854.0;580.0;47.0;28.0;7.0;9.0;3.0;148.0;0.0;8.0;24.0;1.0;68.0;27.0;6.0;3.0;1.0;0.0;0.0;28.0;0.0;2.0;1.0;7.0;5094.0;2082.0;396.0;203.0;33.0;19.0;9.0;2251.0;24.0;29.0;48.0;7.0;22695.0;7031.0;1991.0;1293.0;49.0;51.0;28.0;11086.0;778.0;93.0;295.0;29.0;31250.0;11523.0;2652.0;1629.0;106.0;89.0;41.0;13836.0;804.0;169.0;401.0
DOBROMILSKI;LWOWSKIE;10.0;1491.0;547.0;42.0;80.0;9.0;3.0;3.0;765.0;1.0;12.0;29.0;6.0;1641.0;593.0;96.0;64.0;7.0;7.0;5.0;825.0;2.0;17.0;25.0;7.0;2394.0;588.0;41.0;91.0;6.0;5.0;4.0;1605.0;0.0;13.0;41.0;3.0;1336.0;430.0;44.0;45.0;4.0;1.0;3.0;796.0;1.0;9.0;3.0;3.0;205.0;113.0;10.0;13.0;3.0;2.0;0.0;48.0;1.0;4.0;11.0;5.0;3374.0;954.0;123.0;100.0;11.0;5.0;2.0;2136.0;1.0;8.0;34.0;4.0;6870.0;1816.0;245.0;390.0;21.0;10.0;4.0;4291.0;1.0;24.0;68.0;38.0;17311.0;5041.0;601.0;783.0;61.0;33.0;21.0;10466.0;7.0;87.0;211.0
DROHOBYCKI;LWOWSKIE;1.0;174.0;35.0;32.0;20.0;1.0;1.0;0.0;25.0;0.0;2.0;58.0;5.0;1133.0;321.0;219.0;56.0;9.0;7.0;3.0;499.0;0.0;10.0;9.0;0.0;0.0;0.0;0.0;0.0;0.0;0.0;0.0;0.0;0.0;0.0;0.0;0.0;0.0;0.0;0.0;0.0;0.0;0.0;0.0;0.0;0.0;0.0;0.0;3.0;174.0;75.0;61.0;33.0;0.0;2.0;0.0;0.0;0.0;3.0;0.0;3.0;2482.0;827.0;495.0;169.0;12.0;20.0;2.0;918.0;13.0;11.0;15.0;8.0;32883.0;1197.0;2265.0;1673.0;13.0;43.0;8.0;27443.0;86.0;110.0;45.0;20.0;36846.0;2455.0;3072.0;1951.0;35.0;73.0;13.0;28885.0;99.0;136.0;127.0
GRÓDECKI;LWOWSKIE;6.0;732.0;497.0;106.0;31.0;0.0;2.0;0.0;63.0;12.0;6.0;15.0;5.0;1256.0;599.0;195.0;103.0;5.0;8.0;2.0;329.0;3.0;10.0;2.0;5.0;1828.0;714.0;250.0;78.0;5.0;4.0;0.0;747.0;0.0;10.0;20.0;2.0;851.0;386.0;373.0;18.0;2.0;4.0;9.0;0.0;35.0;11.0;13.0;8.0;562.0;348.0;89.0;43.0;3.0;3.0;1.0;65.0;1.0;7.0;2.0;3.0;1933.0;942.0;376.0;41.0;1.0;7.0;4.0;550.0;1.0;10.0;1.0;8.0;22227.0;3056.0;906.0;495.0;2.0;28.0;4.0;16517.0;1136.0;29.0;54.0;37.0;29389.0;6542.0;2295.0;809.0;18.0;56.0;20.0;18271.0;1188.0;83.0;107.0
JAROSŁAWSKI;LWOWSKIE;13.0;1945.0;1395.0;282.0;68.0;15.0;16.0;6.0;117.0;4.0;17.0;25.0;8.0;2050.0;1457.0;265.0;87.0;17.0;10.0;13.0;160.0;6.0;26.0;9.0;9.0;3100.0;2128.0;292.0;54.0;24.0;8.0;2.0;535.0;8.0;19.0;30.0;3.0;1310.0;844.0;149.0;8.0;13.0;0.0;2.0;244.0;1.0;5.0;44.0;2.0;147.0;133.0;0.0;12.0;1.0;0.0;0.0;0.0;0.0;1.0;0.0;6.0;4410.0;1965.0;314.0;208.0;15.0;11.0;21.0;1763.0;13.0;56.0;44.0;7.0;33419.0;9387.0;2316.0;740.0;89.0;71.0;31.0;20135.0;216.0;241.0;193.0;48.0;46381.0;17309.0;3618.0;1177.0;174.0;116.0;75.0;22954.0;248.0;365.0;345.0
JAWOROWSKI;LWOWSKIE;13.0;1768.0;856.0;287.0;107.0;1.0;3.0;0.0;392.0;41.0;32.0;49.0;7.0;1845.0;685.0;164.0;120.0;9.0;9.0;4.0;784.0;13.0;15.0;42.0;5.0;1699.0;792.0;287.0;58.0;7.0;11.0;7.0;482.0;3.0;23.0;29.0;3.0;1411.0;360.0;75.0;58.0;1.0;4.0;0.0;841.0;0.0;8.0;64.0;4.0;242.0;98.0;74.0;48.0;6.0;0.0;0.0;7.0;6.0;3.0;0.0;9.0;6556.0;1506.0;706.0;174.0;9.0;6.0;21.0;4006.0;18.0;51.0;59.0;6.0;13857.0;2721.0;905.0;119.0;14.0;13.0;51.0;9453.0;461.0;32.0;88.0;47.0;27378.0;7018.0;2498.0;684.0;47.0;46.0;83.0;15965.0;542.0;164.0;331.0
KOLBUSZOWSKI;LWOWSKIE;3.0;426.0;213.0;47.0;26.0;4.0;0.0;3.0;105.0;1.0;7.0;20.0;2.0;552.0;84.0;46.0;12.0;2.0;1.0;0.0;406.0;0.0;1.0;0.0;1.0;393.0;5.0;3.0;4.0;0.0;1.0;0.0;379.0;0.0;1.0;0.0;1.0;493.0;81.0;15.0;20.0;3.0;0.0;0.0;365.0;0.0;6.0;3.0;2.0;108.0;0.0;0.0;0.0;0.0;0.0;0.0;108.0;0.0;0.0;0.0;6.0;4442.0;515.0;191.0;97.0;3.0;8.0;2.0;3606.0;2.0;15.0;3.0;6.0;17483.0;1729.0;626.0;204.0;18.0;14.0;9.0;14492.0;53.0;38.0;300.0;21.0;23897.0;2627.0;928.0;363.0;30.0;24.0;14.0;19461.0;56.0;68.0;326.0
KROŚNIEŃSKI;LWOWSKIE;6.0;979.0;442.0;128.0;49.0;5.0;6.0;0.0;315.0;2.0;14.0;18.0;3.0;637.0;229.0;136.0;11.0;2.0;3.0;17.0;208.0;5.0;19.0;7.0;5.0;1637.0;686.0;164.0;50.0;7.0;9.0;9.0;666.0;3.0;33.0;10.0;1.0;436.0;158.0;51.0;13.0;16.0;2.0;0.0;188.0;0.0;7.0;1.0;2.0;128.0;57.0;31.0;20.0;4.0;1.0;0.0;3.0;0.0;3.0;9.0;4.0;3315.0;1091.0;171.0;58.0;8.0;11.0;9.0;1927.0;2.0;18.0;20.0;3.0;4870.0;416.0;132.0;65.0;3.0;3.0;9.0;4208.0;2.0;5.0;27.0;24.0;12002.0;3079.0;813.0;266.0;45.0;35.0;44.0;7515.0;14.0;99.0;92.0
LESKI;LWOWSKIE;15.0;2371.0;663.0;128.0;254.0;16.0;8.0;0.0;1246.0;2.0;14.0;40.0;23.0;5671.0;1601.0;258.0;555.0;13.0;14.0;0.0;3119.0;5.0;37.0;69.0;15.0;5155.0;1583.0;178.0;535.0;9.0;4.0;3.0;2749.0;2.0;20.0;72.0;4.0;1751.0;496.0;85.0;166.0;1.0;6.0;0.0;966.0;1.0;19.0;11.0;15.0;1179.0;424.0;51.0;178.0;3.0;1.0;0.0;461.0;0.0;11.0;50.0;19.0;13592.0;3030.0;686.0;954.0;42.0;19.0;3.0;8670.0;52.0;42.0;94.0;11.0;33750.0;1796.0;1155.0;1083.0;2.0;10.0;3.0;29524.0;21.0;44.0;112.0;102.0;63469.0;9593.0;2541.0;3725.0;86.0;62.0;9.0;46735.0;83.0;187.0;448.0
LUBACZOWSKI;LWOWSKIE;2.0;245.0;127.0;41.0;18.0;0.0;0.0;0.0;34.0;4.0;9.0;12.0;0.0;0.0;0.0;0.0;0.0;0.0;0.0;0.0;0.0;0.0;0.0;0.0;0.0;0.0;0.0;0.0;0.0;0.0;0.0;0.0;0.0;0.0;0.0;0.0;0.0;0.0;0.0;0.0;0.0;0.0;0.0;0.0;0.0;0.0;0.0;0.0;2.0;191.0;137.0;8.0;9.0;2.0;2.0;0.0;20.0;1.0;6.0;6.0;4.0;3105.0;613.0;92.0;472.0;2.0;6.0;3.0;1837.0;12.0;16.0;52.0;12.0;29573.0;6344.0;1871.0;780.0;21.0;38.0;11.0;20040.0;242.0;92.0;134.0;20.0;33114.0;7221.0;2012.0;1279.0;25.0;46.0;14.0;21931.0;259.0;123.0;204.0
LWOWSKI;LWOWSKIE;15.0;2058.0;1371.0;238.0;89.0;22.0;14.0;5.0;280.0;3.0;28.0;8.0;6.0;1633.0;801.0;295.0;105.0;19.0;14.0;8.0;370.0;11.0;10.0;0.0;9.0;3354.0;1667.0;537.0;125.0;14.0;26.0;7.0;828.0;53.0;30.0;67.0;2.0;948.0;268.0;350.0;58.0;1.0;1.0;12.0;242.0;0.0;10.0;6.0;16.0;1108.0;660.0;189.0;42.0;19.0;12.0;15.0;93.0;6.0;27.0;45.0;3.0;1874.0;786.0;472.0;126.0;14.0;18.0;5.0;414.0;11.0;10.0;18.0;7.0;12249.0;3008.0;1146.0;214.0;43.0;22.0;9.0;7459.0;42.0;102.0;204.0;58.0;23224.0;8561.0;3227.0;759.0;132.0;107.0;61.0;9686.0;126.0;217.0;348.0
LWÓW (MIASTO);LWOWSKIE;;;;;;;;;;;;;;;;;;;;;;;;;;;;;;;;;;;;;;;;;;;;;;;;;;;;;;;;;;;;;;;;;;;;;;;;;;;;;;;;;;;;;;;;;;;;;;;;
MOŚCISKI;LWOWSKIE;14.0;2144.0;1381.0;231.0;120.0;28.0;9.0;3.0;299.0;8.0;43.0;22.0;7.0;1785.0;1126.0;228.0;35.0;20.0;9.0;13.0;313.0;2.0;18.0;21.0;8.0;2816.0;1634.0;281.0;58.0;25.0;10.0;9.0;765.0;8.0;14.0;12.0;1.0;447.0;325.0;29.0;0.0;6.0;3.0;6.0;75.0;1.0;2.0;0.0;5.0;380.0;243.0;54.0;31.0;3.0;3.0;2.0;29.0;1.0;5.0;9.0;6.0;4243.0;1837.0;250.0;241.0;25.0;24.0;21.0;1784.0;7.0;49.0;5.0;5.0;8854.0;3256.0;1193.0;337.0;21.0;24.0;79.0;3721.0;180.0;39.0;4.0;46.0;20669.0;9802.0;2266.0;822.0;128.0;82.0;133.0;6986.0;207.0;170.0;73.0
NIŻAŃSKI;LWOWSKIE;0.0;0.0;0.0;0.0;0.0;0.0;0.0;0.0;0.0;0.0;0.0;0.0;0.0;0.0;0.0;0.0;0.0;0.0;0.0;0.0;0.0;0.0;0.0;0.0;1.0;305.0;162.0;70.0;44.0;1.0;2.0;0.0;0.0;5.0;4.0;17.0;0.0;0.0;0.0;0.0;0.0;0.0;0.0;0.0;0.0;0.0;0.0;0.0;0.0;0.0;0.0;0.0;0.0;0.0;0.0;0.0;0.0;0.0;0.0;0.0;0.0;0.0;0.0;0.0;0.0;0.0;0.0;0.0;0.0;0.0;0.0;0.0;11.0;50173.0;1377.0;2771.0;246.0;6.0;39.0;5.0;45441.0;14.0;146.0;128.0;12.0;50478.0;1539.0;2841.0;290.0;7.0;41.0;5.0;45441.0;19.0;150.0;145.0
PRZEMYSKI;LWOWSKIE;9.0;1321.0;940.0;67.0;76.0;20.0;3.0;5.0;169.0;3.0;22.0;16.0;4.0;1055.0;535.0;63.0;38.0;10.0;7.0;5.0;373.0;16.0;7.0;1.0;5.0;1845.0;1026.0;156.0;100.0;9.0;13.0;7.0;498.0;3.0;15.0;18.0;3.0;1352.0;674.0;27.0;28.0;12.0;7.0;0.0;602.0;0.0;1.0;1.0;4.0;292.0;203.0;34.0;21.0;6.0;4.0;8.0;1.0;2.0;10.0;3.0;9.0;5790.0;2292.0;231.0;156.0;23.0;23.0;20.0;2912.0;22.0;36.0;75.0;10.0;14887.0;5916.0;1194.0;421.0;118.0;57.0;37.0;6889.0;25.0;70.0;160.0;44.0;26542.0;11586.0;1772.0;840.0;198.0;114.0;82.0;11444.0;71.0;161.0;274.0
PRZEWORSKI;LWOWSKIE;3.0;480.0;299.0;68.0;15.0;5.0;1.0;2.0;84.0;0.0;6.0;0.0;2.0;573.0;433.0;59.0;42.0;1.0;1.0;0.0;15.0;2.0;18.0;2.0;1.0;394.0;343.0;3.0;26.0;1.0;3.0;5.0;0.0;1.0;3.0;9.0;3.0;1437.0;440.0;34.0;31.0;3.0;5.0;1.0;914.0;1.0;4.0;4.0;1.0;81.0;65.0;12.0;0.0;1.0;1.0;1.0;1.0;0.0;0.0;0.0;3.0;1864.0;784.0;158.0;48.0;3.0;3.0;2.0;850.0;2.0;6.0;8.0;2.0;4274.0;2822.0;292.0;36.0;0.0;3.0;0.0;1054.0;5.0;55.0;7.0;15.0;9103.0;5186.0;626.0;198.0;14.0;17.0;11.0;2918.0;11.0;92.0;30.0
RAWSKI (RAWA RUSKA);LWOWSKIE;0.0;0.0;0.0;0.0;0.0;0.0;0.0;0.0;0.0;0.0;0.0;0.0;5.0;1259.0;281.0;113.0;316.0;2.0;9.0;0.0;499.0;9.0;5.0;25.0;3.0;1063.0;698.0;56.0;20.0;4.0;4.0;3.0;267.0;1.0;8.0;2.0;5.0;2227.0;1215.0;462.0;60.0;13.0;10.0;2.0;439.0;3.0;13.0;10.0;2.0;110.0;94.0;2.0;1.0;1.0;0.0;0.0;9.0;0.0;1.0;2.0;15.0;11024.0;5239.0;1355.0;290.0;40.0;36.0;16.0;3854.0;17.0;93.0;84.0;12.0;27092.0;6378.0;1917.0;526.0;24.0;60.0;18.0;17895.0;15.0;124.0;135.0;42.0;42775.0;13905.0;3905.0;1213.0;84.0;119.0;39.0;22963.0;45.0;244.0;258.0
RUDECKI;LWOWSKIE;6.0;871.0;551.0;101.0;25.0;7.0;8.0;4.0;150.0;2.0;22.0;1.0;3.0;697.0;330.0;289.0;24.0;8.0;3.0;1.0;37.0;0.0;2.0;3.0;4.0;1263.0;788.0;130.0;12.0;7.0;7.0;17.0;238.0;45.0;12.0;7.0;0.0;0.0;0.0;0.0;0.0;0.0;0.0;0.0;0.0;0.0;0.0;0.0;2.0;125.0;103.0;15.0;0.0;2.0;1.0;0.0;0.0;0.0;3.0;1.0;5.0;3245.0;1331.0;656.0;82.0;25.0;30.0;2.0;843.0;25.0;12.0;239.0;6.0;15926.0;4153.0;4137.0;863.0;5.0;50.0;4.0;5491.0;803.0;52.0;368.0;26.0;22127.0;7256.0;5328.0;1006.0;54.0;99.0;28.0;6759.0;875.0;103.0;619.0
RZESZOWSKI;LWOWSKIE;5.0;741.0;609.0;61.0;32.0;3.0;4.0;3.0;12.0;3.0;8.0;6.0;4.0;951.0;620.0;208.0;32.0;5.0;3.0;10.0;32.0;29.0;9.0;3.0;2.0;653.0;325.0;52.0;30.0;2.0;1.0;2.0;238.0;0.0;3.0;0.0;2.0;881.0;283.0;20.0;33.0;3.0;2.0;1.0;522.0;0.0;4.0;13.0;3.0;242.0;179.0;31.0;14.0;0.0;3.0;8.0;0.0;1.0;6.0;0.0;11.0;8414.0;3091.0;751.0;135.0;26.0;10.0;10.0;4308.0;13.0;48.0;22.0;3.0;4568.0;1028.0;160.0;122.0;10.0;3.0;12.0;3129.0;1.0;51.0;52.0;30.0;16450.0;6135.0;1283.0;398.0;49.0;26.0;46.0;8241.0;47.0;129.0;96.0
SAMBORSKI;LWOWSKIE;4.0;612.0;269.0;126.0;49.0;7.0;2.0;0.0;152.0;0.0;6.0;1.0;5.0;1211.0;297.0;106.0;37.0;6.0;4.0;7.0;744.0;0.0;7.0;3.0;9.0;2913.0;1208.0;308.0;164.0;11.0;4.0;11.0;1100.0;9.0;12.0;86.0;3.0;1390.0;93.0;771.0;64.0;3.0;2.0;2.0;447.0;0.0;2.0;6.0;4.0;271.0;126.0;48.0;20.0;3.0;2.0;5.0;65.0;0.0;2.0;0.0;11.0;7532.0;2843.0;646.0;232.0;56.0;41.0;26.0;3436.0;92.0;45.0;115.0;3.0;4965.0;1963.0;882.0;143.0;10.0;20.0;2.0;1848.0;16.0;42.0;39.0;39.0;18894.0;6799.0;2887.0;709.0;96.0;75.0;53.0;7792.0;117.0;116.0;250.0
SANOCKI;LWOWSKIE;10.0;1620.0;707.0;229.0;88.0;11.0;3.0;3.0;521.0;1.0;16.0;41.0;9.0;2261.0;1043.0;223.0;134.0;7.0;7.0;5.0;760.0;3.0;32.0;47.0;7.0;2403.0;839.0;107.0;63.0;9.0;10.0;8.0;1330.0;3.0;16.0;18.0;4.0;1804.0;927.0;170.0;97.0;6.0;6.0;6.0;557.0;3.0;10.0;22.0;8.0;599.0;269.0;33.0;21.0;2.0;4.0;8.0;239.0;2.0;5.0;16.0;9.0;6504.0;1503.0;572.0;131.0;41.0;16.0;4.0;4105.0;5.0;31.0;96.0;3.0;5186.0;774.0;399.0;121.0;11.0;0.0;0.0;3849.0;1.0;16.0;15.0;50.0;20377.0;6062.0;1733.0;655.0;87.0;46.0;34.0;11361.0;18.0;126.0;255.0
SOKALSKI;LWOWSKIE;6.0;936.0;770.0;92.0;0.0;7.0;7.0;1.0;38.0;1.0;14.0;6.0;4.0;1102.0;829.0;101.0;11.0;7.0;15.0;0.0;107.0;0.0;12.0;20.0;9.0;3208.0;2191.0;448.0;57.0;19.0;21.0;8.0;397.0;24.0;26.0;17.0;7.0;3167.0;2460.0;481.0;17.0;7.0;16.0;3.0;159.0;1.0;20.0;3.0;1.0;83.0;83.0;0.0;0.0;0.0;0.0;0.0;0.0;0.0;0.0;0.0;15.0;10879.0;7110.0;1038.0;179.0;47.0;65.0;17.0;2169.0;24.0;71.0;159.0;11.0;27178.0;9771.0;1859.0;162.0;72.0;101.0;26.0;14791.0;203.0;135.0;58.0;53.0;46553.0;23214.0;4019.0;426.0;159.0;225.0;55.0;17661.0;253.0;278.0;263.0
STAROSAMBORSKI;LWOWSKIE;7.0;945.0;535.0;48.0;198.0;8.0;4.0;9.0;99.0;4.0;9.0;31.0;3.0;842.0;306.0;50.0;34.0;0.0;3.0;0.0;438.0;1.0;8.0;2.0;2.0;685.0;93.0;3.0;87.0;0.0;1.0;0.0;492.0;0.0;3.0;6.0;2.0;859.0;104.0;9.0;0.0;0.0;1.0;0.0;741.0;1.0;2.0;1.0;1.0;72.0;6.0;0.0;9.0;0.0;0.0;0.0;57.0;0.0;0.0;0.0;3.0;1767.0;367.0;149.0;35.0;9.0;4.0;5.0;1187.0;4.0;6.0;1.0;3.0;5993.0;188.0;71.0;89.0;2.0;1.0;0.0;5625.0;0.0;3.0;14.0;21.0;11163.0;1599.0;330.0;452.0;19.0;14.0;14.0;8639.0;10.0;31.0;55.0
STRZYŻOWSKI;LWOWSKIE;3.0;475.0;210.0;15.0;11.0;2.0;2.0;2.0;208.0;9.0;7.0;9.0;2.0;499.0;208.0;14.0;33.0;1.0;0.0;1.0;222.0;0.0;3.0;17.0;3.0;1114.0;401.0;202.0;30.0;3.0;1.0;1.0;464.0;1.0;3.0;8.0;2.0;988.0;528.0;45.0;64.0;3.0;1.0;0.0;336.0;2.0;4.0;5.0;8.0;613.0;225.0;11.0;17.0;3.0;2.0;0.0;336.0;1.0;8.0;10.0;4.0;2725.0;943.0;62.0;32.0;4.0;5.0;7.0;1638.0;3.0;21.0;10.0;4.0;4701.0;2096.0;241.0;181.0;25.0;7.0;3.0;2086.0;1.0;47.0;14.0;26.0;11115.0;4611.0;590.0;368.0;41.0;18.0;14.0;5290.0;17.0;93.0;73.0
TARNOBRZESKI;LWOWSKIE;3.0;432.0;223.0;69.0;42.0;3.0;1.0;0.0;82.0;0.0;5.0;7.0;2.0;436.0;288.0;101.0;28.0;6.0;0.0;4.0;0.0;0.0;3.0;6.0;2.0;630.0;305.0;31.0;17.0;1.0;0.0;0.0;266.0;1.0;3.0;6.0;1.0;417.0;261.0;29.0;13.0;0.0;0.0;0.0;106.0;0.0;3.0;5.0;0.0;0.0;0.0;0.0;0.0;0.0;0.0;0.0;0.0;0.0;0.0;0.0;1.0;666.0;394.0;34.0;125.0;4.0;0.0;0.0;97.0;2.0;4.0;6.0;10.0;35284.0;4828.0;4828.0;619.0;98.0;32.0;40.0;24233.0;186.0;190.0;230.0;19.0;37865.0;6299.0;5092.0;844.0;112.0;33.0;44.0;24784.0;189.0;208.0;260.0
ŁAŃCUCKI;LWOWSKIE;0.0;0.0;0.0;0.0;0.0;0.0;0.0;0.0;0.0;0.0;0.0;0.0;1.0;210.0;82.0;27.0;2.0;0.0;2.0;2.0;93.0;0.0;2.0;0.0;0.0;0.0;0.0;0.0;0.0;0.0;0.0;0.0;0.0;0.0;0.0;0.0;1.0;500.0;96.0;7.0;0.0;3.0;0.0;0.0;392.0;0.0;1.0;1.0;0.0;0.0;0.0;0.0;0.0;0.0;0.0;0.0;0.0;0.0;0.0;0.0;0.0;0.0;0.0;0.0;0.0;0.0;0.0;0.0;0.0;0.0;0.0;0.0;2.0;25649.0;4431.0;984.0;400.0;40.0;39.0;30.0;19553.0;6.0;62.0;104.0;4.0;26359.0;4609.0;1018.0;402.0;43.0;41.0;32.0;20038.0;6.0;65.0;105.0
ŻÓŁKIEWSKI;LWOWSKIE;7.0;1064.0;407.0;344.0;24.0;7.0;7.0;7.0;167.0;73.0;16.0;12.0;8.0;1945.0;863.0;347.0;162.0;7.0;7.0;8.0;464.0;0.0;19.0;68.0;5.0;1821.0;865.0;323.0;87.0;6.0;15.0;0.0;479.0;0.0;16.0;30.0;2.0;908.0;197.0;300.0;32.0;8.0;8.0;2.0;345.0;2.0;6.0;8.0;3.0;216.0;52.0;6.0;12.0;1.0;2.0;0.0;124.0;0.0;4.0;15.0;10.0;7387.0;1917.0;1208.0;166.0;21.0;18.0;22.0;3792.0;4.0;49.0;190.0;8.0;16536.0;3359.0;1745.0;429.0;16.0;38.0;15.0;10746.0;106.0;45.0;37.0;43.0;29877.0;7660.0;4273.0;912.0;66.0;95.0;54.0;16117.0;185.0;155.0;360.0
M. ST. WARSZAWA;M. ST. WARSZAWA;;;;;;;;;;;;;;;;;;;;;;;;;;;;;;;;;;;;;;;;;;;;;;;;;;;;;;;;;;;;;;;;;;;;;;;;;;;;;;;;;;;;;;;;;;;;;;;;
BARANOWICKI;NOWOGRÓDZKIE;33.0;4518.0;2432.0;700.0;305.0;66.0;14.0;12.0;640.0;51.0;71.0;227.0;10.0;2555.0;1592.0;293.0;120.0;18.0;6.0;10.0;283.0;2.0;23.0;208.0;10.0;3387.0;1976.0;380.0;373.0;25.0;8.0;2.0;470.0;1.0;30.0;122.0;6.0;2624.0;851.0;291.0;376.0;7.0;4.0;1.0;832.0;3.0;23.0;236.0;21.0;1502.0;613.0;162.0;350.0;7.0;3.0;0.0;204.0;0.0;37.0;126.0;18.0;13231.0;5777.0;1485.0;885.0;57.0;16.0;59.0;3969.0;11.0;162.0;810.0;22.0;82567.0;14165.0;8140.0;4117.0;112.0;64.0;82.0;47922.0;59.0;323.0;7583.0;120.0;110384.0;27406.0;11451.0;6526.0;292.0;115.0;166.0;54320.0;127.0;669.0;9312.0
BRASŁAWSKI;NOWOGRÓDZKIE;40.0;5382.0;1887.0;918.0;516.0;88.0;44.0;4.0;609.0;160.0;89.0;1067.0;19.0;4683.0;1846.0;893.0;266.0;44.0;39.0;2.0;667.0;164.0;64.0;698.0;5.0;1604.0;451.0;293.0;109.0;13.0;9.0;6.0;356.0;24.0;26.0;317.0;8.0;3482.0;835.0;570.0;405.0;13.0;21.0;5.0;711.0;285.0;34.0;603.0;61.0;4164.0;1734.0;792.0;386.0;28.0;48.0;1.0;370.0;94.0;103.0;608.0;11.0;6760.0;2272.0;1172.0;398.0;47.0;36.0;10.0;1219.0;617.0;58.0;931.0;6.0;22887.0;4681.0;2111.0;820.0;62.0;95.0;8.0;2863.0;11280.0;50.0;917.0;150.0;48962.0;13706.0;6749.0;2900.0;295.0;292.0;36.0;6795.0;12624.0;424.0;5141.0
LIDZKI;NOWOGRÓDZKIE;102.0;14496.0;5865.0;2187.0;2080.0;93.0;78.0;9.0;2089.0;50.0;271.0;1774.0;45.0;10892.0;4610.0;1774.0;807.0;63.0;63.0;9.0;2264.0;38.0;169.0;1095.0;24.0;8336.0;3353.0;1106.0;1048.0;47.0;48.0;7.0;1821.0;35.0;129.0;742.0;17.0;7692.0;2668.0;1135.0;593.0;32.0;34.0;5.0;2438.0;28.0;93.0;666.0;152.0;10862.0;4605.0;1487.0;1563.0;59.0;98.0;8.0;1264.0;19.0;276.0;1483.0;33.0;21278.0;7337.0;3011.0;1053.0;81.0;66.0;12.0;7830.0;87.0;331.0;1470.0;20.0;50879.0;14213.0;5903.0;3249.0;74.0;80.0;87.0;22885.0;135.0;1006.0;3247.0;393.0;124435.0;42651.0;16603.0;10393.0;449.0;467.0;137.0;40591.0;392.0;2275.0;10477.0
NIEŚWIESKI;NOWOGRÓDZKIE;23.0;3115.0;1780.0;520.0;188.0;36.0;16.0;7.0;380.0;8.0;61.0;119.0;17.0;4194.0;2378.0;696.0;179.0;57.0;16.0;15.0;619.0;10.0;72.0;152.0;8.0;2804.0;1612.0;470.0;174.0;22.0;14.0;3.0;426.0;2.0;26.0;55.0;9.0;3904.0;2114.0;701.0;324.0;47.0;16.0;10.0;494.0;8.0;50.0;140.0;43.0;2990.0;1532.0;402.0;334.0;40.0;18.0;0.0;381.0;3.0;96.0;184.0;7.0;5319.0;2396.0;1003.0;418.0;38.0;30.0;63.0;905.0;49.0;53.0;364.0;5.0;39740.0;10557.0;5012.0;2036.0;113.0;73.0;200.0;19343.0;205.0;347.0;1854.0;112.0;62066.0;22369.0;8804.0;3653.0;353.0;183.0;298.0;22548.0;285.0;705.0;2868.0
NOWOGRÓDZKI;NOWOGRÓDZKIE;53.0;7470.0;3514.0;957.0;725.0;57.0;28.0;4.0;1421.0;19.0;128.0;617.0;32.0;7647.0;3762.0;1055.0;922.0;51.0;17.0;5.0;1282.0;38.0;116.0;399.0;14.0;4595.0;1939.0;745.0;206.0;25.0;11.0;7.0;1199.0;186.0;42.0;235.0;7.0;3159.0;1475.0;280.0;256.0;5.0;2.0;3.0;838.0;1.0;19.0;280.0;61.0;4158.0;1920.0;518.0;421.0;31.0;15.0;4.0;746.0;14.0;64.0;425.0;24.0;16454.0;7108.0;1733.0;1373.0;70.0;36.0;22.0;4317.0;82.0;241.0;1472.0;16.0;52693.0;10716.0;7470.0;1914.0;118.0;94.0;79.0;29345.0;496.0;180.0;2281.0;207.0;96176.0;30434.0;12758.0;5817.0;357.0;203.0;124.0;39148.0;836.0;790.0;5709.0
STOŁPECKI;NOWOGRÓDZKIE;31.0;4323.0;1646.0;409.0;492.0;17.0;16.0;1.0;906.0;14.0;106.0;716.0;15.0;3618.0;1432.0;317.0;346.0;26.0;9.0;9.0;826.0;9.0;71.0;573.0;11.0;3615.0;1304.0;329.0;279.0;8.0;16.0;27.0;1118.0;3.0;64.0;467.0;6.0;2581.0;993.0;237.0;136.0;13.0;15.0;0.0;1068.0;16.0;45.0;58.0;36.0;2618.0;1217.0;377.0;303.0;16.0;19.0;0.0;290.0;7.0;83.0;306.0;8.0;5620.0;1667.0;478.0;725.0;15.0;17.0;2.0;1998.0;13.0;43.0;662.0;11.0;32459.0;7565.0;2812.0;1553.0;58.0;51.0;27.0;17928.0;45.0;234.0;2186.0;118.0;54834.0;15824.0;4959.0;3834.0;153.0;143.0;66.0;24134.0;107.0;646.0;4968.0
SŁONIMSKI;NOWOGRÓDZKIE;40.0;5524.0;2293.0;655.0;694.0;24.0;26.0;1.0;1146.0;4.0;106.0;575.0;16.0;3734.0;1804.0;529.0;274.0;12.0;14.0;30.0;560.0;90.0;45.0;376.0;13.0;4378.0;1637.0;742.0;331.0;26.0;10.0;0.0;1462.0;15.0;43.0;112.0;17.0;7424.0;2787.0;1268.0;469.0;38.0;19.0;5.0;2227.0;72.0;74.0;465.0;33.0;2212.0;957.0;292.0;277.0;10.0;10.0;0.0;322.0;4.0;48.0;292.0;22.0;13904.0;4656.0;1318.0;1737.0;37.0;32.0;30.0;4498.0;105.0;147.0;1344.0;24.0;84133.0;17204.0;10031.0;2892.0;114.0;64.0;103.0;48234.0;220.0;557.0;4714.0;165.0;121309.0;31338.0;14835.0;6674.0;261.0;175.0;169.0;58449.0;510.0;1020.0;7878.0
WOŁOŻYŃSKI;NOWOGRÓDZKIE;28.0;3560.0;1150.0;591.0;247.0;19.0;17.0;1.0;770.0;5.0;82.0;678.0;24.0;5531.0;1877.0;770.0;865.0;28.0;17.0;6.0;929.0;65.0;71.0;903.0;9.0;3038.0;1065.0;446.0;608.0;24.0;11.0;1.0;545.0;18.0;45.0;275.0;5.0;2255.0;499.0;508.0;327.0;7.0;4.0;1.0;618.0;7.0;16.0;268.0;41.0;2861.0;1078.0;389.0;360.0;15.0;12.0;2.0;412.0;8.0;65.0;520.0;10.0;7207.0;2095.0;585.0;456.0;14.0;22.0;0.0;3437.0;22.0;52.0;524.0;13.0;94565.0;12073.0;12860.0;2644.0;63.0;76.0;20.0;63281.0;294.0;338.0;2916.0;130.0;119017.0;19837.0;16149.0;5507.0;170.0;159.0;31.0;69992.0;419.0;669.0;6084.0
BRZESKI (BRZEŚĆ N.BUG.);POLESKIE;23.0;3168.0;1616.0;572.0;104.0;38.0;17.0;11.0;501.0;23.0;59.0;227.0;19.0;4609.0;2104.0;783.0;196.0;31.0;29.0;5.0;953.0;20.0;63.0;425.0;14.0;4631.0;1997.0;494.0;542.0;32.0;11.0;16.0;1067.0;109.0;75.0;288.0;9.0;3818.0;2554.0;530.0;120.0;31.0;9.0;10.0;455.0;5.0;33.0;71.0;17.0;1252.0;644.0;210.0;96.0;12.0;9.0;2.0;101.0;1.0;23.0;154.0;15.0;10529.0;4252.0;2135.0;687.0;58.0;30.0;20.0;2666.0;24.0;67.0;590.0;17.0;49070.0;8068.0;8002.0;2050.0;39.0;31.0;546.0;24256.0;2162.0;400.0;3516.0;114.0;77077.0;21235.0;12726.0;3795.0;241.0;136.0;610.0;29999.0;2344.0;720.0;5271.0
DROHICKI;POLESKIE;17.0;2386.0;659.0;448.0;518.0;23.0;12.0;12.0;407.0;1.0;37.0;269.0;7.0;1685.0;600.0;364.0;306.0;20.0;5.0;2.0;298.0;0.0;17.0;73.0;2.0;676.0;191.0;139.0;65.0;2.0;1.0;1.0;209.0;0.0;3.0;65.0;4.0;1753.0;565.0;423.0;207.0;7.0;5.0;3.0;429.0;0.0;21.0;93.0;20.0;1394.0;304.0;335.0;196.0;8.0;12.0;4.0;322.0;2.0;27.0;184.0;9.0;5863.0;1857.0;1201.0;478.0;29.0;20.0;18.0;1627.0;1.0;65.0;567.0;13.0;51708.0;6633.0;10921.0;6099.0;59.0;81.0;85.0;15375.0;1916.0;221.0;10318.0;72.0;65465.0;10809.0;13831.0;7869.0;148.0;136.0;125.0;18667.0;1920.0;391.0;11569.0
KOBRYŃSKI;POLESKIE;39.0;5268.0;2167.0;1317.0;750.0;43.0;25.0;9.0;515.0;16.0;75.0;351.0;22.0;5189.0;2218.0;1234.0;559.0;36.0;16.0;14.0;577.0;3.0;47.0;485.0;17.0;5598.0;2087.0;1525.0;752.0;35.0;14.0;3.0;684.0;17.0;57.0;424.0;10.0;4285.0;1331.0;1092.0;929.0;21.0;9.0;5.0;568.0;3.0;32.0;295.0;60.0;4092.0;1527.0;958.0;710.0;37.0;26.0;23.0;362.0;2.0;71.0;376.0;17.0;11263.0;4021.0;2728.0;720.0;48.0;15.0;6.0;2305.0;10.0;118.0;1292.0;15.0;32008.0;5004.0;12879.0;2528.0;91.0;35.0;29.0;8880.0;85.0;190.0;2287.0;180.0;67703.0;18355.0;21733.0;6948.0;311.0;140.0;89.0;13891.0;136.0;590.0;5510.0
KOSOWSKI (KOSÓW POLESKI);POLESKIE;8.0;1118.0;386.0;152.0;233.0;2.0;1.0;0.0;198.0;2.0;12.0;132.0;4.0;971.0;367.0;119.0;48.0;2.0;1.0;4.0;413.0;9.0;7.0;1.0;1.0;361.0;94.0;70.0;15.0;0.0;1.0;0.0;174.0;0.0;7.0;0.0;0.0;0.0;0.0;0.0;0.0;0.0;0.0;0.0;0.0;0.0;0.0;0.0;6.0;409.0;137.0;74.0;55.0;1.0;1.0;0.0;51.0;1.0;8.0;81.0;4.0;2748.0;402.0;843.0;0.0;1.0;3.0;0.0;1092.0;8.0;38.0;361.0;12.0;118744.0;3929.0;20279.0;1908.0;15.0;45.0;8.0;59116.0;4809.0;131.0;28504.0;35.0;124351.0;5315.0;21537.0;2259.0;21.0;52.0;12.0;61044.0;4829.0;203.0;29079.0
KOSZYRSKI;POLESKIE;6.0;836.0;120.0;228.0;52.0;1.0;3.0;0.0;345.0;8.0;6.0;73.0;4.0;974.0;207.0;163.0;77.0;1.0;2.0;0.0;376.0;0.0;3.0;145.0;3.0;1090.0;485.0;283.0;0.0;2.0;6.0;0.0;120.0;0.0;1.0;193.0;4.0;1731.0;388.0;264.0;28.0;13.0;7.0;3.0;988.0;0.0;12.0;28.0;11.0;765.0;335.0;167.0;56.0;2.0;9.0;0.0;107.0;12.0;7.0;70.0;11.0;8159.0;1204.0;1653.0;964.0;5.0;8.0;279.0;2440.0;814.0;17.0;775.0;26.0;63539.0;9687.0;7522.0;2178.0;41.0;31.0;20.0;34785.0;569.0;181.0;8525.0;65.0;77094.0;12426.0;10280.0;3355.0;65.0;66.0;302.0;39161.0;1403.0;227.0;9809.0
PIŃSKI;POLESKIE;12.0;1854.0;524.0;250.0;214.0;10.0;7.0;6.0;460.0;1.0;25.0;357.0;4.0;923.0;198.0;117.0;65.0;2.0;3.0;0.0;314.0;0.0;17.0;207.0;2.0;654.0;302.0;48.0;71.0;4.0;0.0;0.0;120.0;0.0;0.0;109.0;4.0;1809.0;403.0;467.0;232.0;5.0;3.0;1.0;500.0;0.0;3.0;195.0;5.0;341.0;73.0;62.0;24.0;1.0;2.0;0.0;49.0;5.0;7.0;118.0;24.0;15328.0;3214.0;2978.0;1439.0;39.0;13.0;16.0;6352.0;23.0;136.0;1118.0;57.0;225931.0;21917.0;31137.0;8760.0;2598.0;134.0;92.0;111849.0;1721.0;752.0;46971.0;108.0;246840.0;26631.0;35059.0;10805.0;2659.0;162.0;115.0;119644.0;1750.0;940.0;49075.0
PRUŻAŃSKI;POLESKIE;22.0;2976.0;1020.0;683.0;509.0;17.0;6.0;0.0;342.0;0.0;38.0;361.0;12.0;2936.0;1254.0;613.0;287.0;31.0;12.0;3.0;426.0;1.0;30.0;279.0;5.0;1744.0;949.0;459.0;141.0;11.0;4.0;1.0;112.0;0.0;36.0;31.0;5.0;2178.0;1212.0;506.0;118.0;23.0;15.0;16.0;251.0;1.0;27.0;9.0;30.0;2149.0;848.0;469.0;318.0;18.0;10.0;0.0;189.0;0.0;44.0;253.0;14.0;9232.0;3922.0;2038.0;794.0;37.0;13.0;9.0;1829.0;23.0;67.0;500.0;10.0;18259.0;5914.0;2844.0;903.0;39.0;24.0;25.0;7103.0;3.0;122.0;1282.0;98.0;39474.0;15119.0;7612.0;3070.0;176.0;84.0;54.0;10252.0;28.0;364.0;2715.0
SARNEŃSKI;POLESKIE;5.0;737.0;130.0;146.0;221.0;2.0;4.0;1.0;173.0;3.0;6.0;51.0;3.0;726.0;78.0;141.0;0.0;0.0;2.0;0.0;360.0;0.0;4.0;141.0;5.0;1685.0;180.0;160.0;24.0;1.0;4.0;0.0;872.0;0.0;15.0;429.0;4.0;1921.0;187.0;108.0;226.0;1.0;3.0;0.0;1217.0;0.0;12.0;167.0;8.0;586.0;83.0;62.0;97.0;1.0;5.0;0.0;294.0;0.0;6.0;38.0;7.0;5509.0;864.0;412.0;625.0;12.0;9.0;7.0;2363.0;14.0;71.0;1132.0;47.0;275430.0;14946.0;26716.0;12766.0;120.0;132.0;75.0;159845.0;1182.0;853.0;58795.0;79.0;286594.0;16468.0;27745.0;13959.0;137.0;159.0;83.0;165124.0;1199.0;967.0;60753.0
STOLIŃSKI;POLESKIE;6.0;873.0;169.0;171.0;169.0;1.0;4.0;0.0;187.0;2.0;11.0;159.0;1.0;246.0;57.0;125.0;0.0;1.0;1.0;0.0;52.0;0.0;1.0;9.0;2.0;743.0;112.0;104.0;33.0;2.0;24.0;2.0;283.0;1.0;24.0;158.0;0.0;0.0;0.0;0.0;0.0;0.0;0.0;0.0;0.0;0.0;0.0;0.0;8.0;461.0;81.0;143.0;92.0;1.0;0.0;0.0;0.0;26.0;1.0;117.0;3.0;1974.0;326.0;798.0;464.0;4.0;4.0;0.0;265.0;34.0;22.0;57.0;24.0;262383.0;11092.0;18712.0;6787.0;46.0;34.0;477.0;112431.0;242.0;225.0;112337.0;44.0;266680.0;11837.0;20053.0;7545.0;55.0;67.0;479.0;113218.0;305.0;284.0;112837.0
ŁUNINIECKI;POLESKIE;4.0;545.0;127.0;72.0;113.0;3.0;1.0;0.0;129.0;1.0;8.0;91.0;5.0;1175.0;226.0;147.0;23.0;9.0;1.0;0.0;550.0;1.0;8.0;210.0;4.0;1363.0;325.0;454.0;138.0;3.0;2.0;0.0;369.0;0.0;12.0;60.0;1.0;414.0;13.0;0.0;0.0;0.0;0.0;0.0;218.0;0.0;0.0;183.0;15.0;1044.0;93.0;138.0;149.0;0.0;1.0;0.0;84.0;11.0;16.0;552.0;3.0;2050.0;87.0;763.0;402.0;1.0;1.0;0.0;606.0;1.0;3.0;186.0;29.0;400150.0;7919.0;66321.0;10837.0;54.0;85.0;21.0;170537.0;531.0;1245.0;142600.0;61.0;406741.0;8790.0;67895.0;11662.0;70.0;91.0;21.0;172493.0;545.0;1292.0;143882.0
BRODNICKI;POMORSKIE;12.0;1461.0;1100.0;111.0;75.0;8.0;5.0;6.0;26.0;48.0;21.0;61.0;7.0;1673.0;1343.0;117.0;40.0;8.0;6.0;9.0;13.0;56.0;21.0;60.0;7.0;2504.0;2104.0;184.0;72.0;12.0;40.0;4.0;27.0;14.0;35.0;12.0;3.0;1289.0;1025.0;89.0;5.0;3.0;1.0;7.0;91.0;23.0;26.0;19.0;58.0;3937.0;2864.0;397.0;223.0;19.0;8.0;7.0;73.0;61.0;79.0;206.0;15.0;9338.0;7255.0;692.0;309.0;52.0;38.0;14.0;517.0;199.0;112.0;150.0;5.0;24580.0;16658.0;1662.0;1699.0;5.0;72.0;33.0;2638.0;548.0;263.0;1002.0;107.0;44782.0;32349.0;3252.0;2423.0;107.0;170.0;80.0;3385.0;949.0;557.0;1510.0
CHEŁMIŃSKI;POMORSKIE;17.0;2514.0;2002.0;166.0;100.0;13.0;5.0;6.0;95.0;36.0;33.0;58.0;7.0;1758.0;1385.0;67.0;76.0;9.0;10.0;5.0;1.0;58.0;34.0;113.0;6.0;2060.0;1846.0;84.0;4.0;8.0;9.0;2.0;39.0;25.0;33.0;10.0;2.0;947.0;896.0;6.0;5.0;2.0;2.0;2.0;0.0;24.0;10.0;0.0;58.0;3956.0;2974.0;413.0;171.0;31.0;10.0;5.0;45.0;37.0;96.0;174.0;15.0;10588.0;8788.0;547.0;159.0;44.0;56.0;42.0;610.0;106.0;165.0;71.0;5.0;9917.0;4997.0;636.0;123.0;9.0;28.0;13.0;3834.0;47.0;158.0;72.0;110.0;31740.0;22888.0;1919.0;638.0;116.0;120.0;75.0;4624.0;333.0;529.0;498.0
CHOJNICKI;POMORSKIE;53.0;6961.0;2731.0;240.0;837.0;20.0;7.0;2.0;1209.0;75.0;106.0;1734.0;10.0;2388.0;998.0;76.0;150.0;4.0;2.0;4.0;439.0;30.0;16.0;669.0;4.0;1363.0;784.0;80.0;190.0;7.0;1.0;1.0;160.0;15.0;12.0;113.0;5.0;2181.0;1175.0;108.0;79.0;5.0;5.0;3.0;283.0;441.0;23.0;59.0;181.0;12775.0;6807.0;694.0;1769.0;39.0;21.0;1.0;1313.0;174.0;207.0;1750.0;9.0;6894.0;4316.0;422.0;582.0;20.0;10.0;18.0;1341.0;54.0;65.0;66.0;2.0;2432.0;1011.0;257.0;52.0;1.0;17.0;1.0;840.0;233.0;20.0;0.0;264.0;34994.0;17822.0;1877.0;3659.0;96.0;63.0;30.0;5585.0;1022.0;449.0;4391.0
DZIAŁDOWSKI;POMORSKIE;27.0;3641.0;2489.0;410.0;294.0;13.0;16.0;1.0;137.0;20.0;65.0;196.0;7.0;1809.0;1492.0;171.0;40.0;3.0;1.0;3.0;57.0;13.0;19.0;10.0;2.0;692.0;488.0;145.0;45.0;1.0;2.0;0.0;4.0;1.0;6.0;0.0;4.0;1854.0;1471.0;162.0;73.0;2.0;3.0;0.0;51.0;75.0;9.0;8.0;79.0;5348.0;3642.0;682.0;501.0;20.0;11.0;1.0;124.0;19.0;106.0;242.0;5.0;3400.0;2622.0;346.0;100.0;4.0;3.0;22.0;96.0;131.0;32.0;44.0;6.0;9161.0;4427.0;1396.0;585.0;21.0;14.0;8.0;2179.0;361.0;96.0;74.0;130.0;25905.0;16631.0;3312.0;1638.0;64.0;50.0;35.0;2648.0;620.0;333.0;574.0
GNIEWSKI;POMORSKIE;31.0;4405.0;3556.0;361.0;215.0;32.0;25.0;9.0;11.0;46.0;112.0;38.0;4.0;895.0;696.0;75.0;43.0;4.0;2.0;3.0;31.0;5.0;21.0;15.0;4.0;1369.0;1121.0;50.0;51.0;19.0;6.0;2.0;16.0;10.0;21.0;73.0;0.0;0.0;0.0;0.0;0.0;0.0;0.0;0.0;0.0;0.0;0.0;0.0;43.0;3334.0;2704.0;269.0;126.0;20.0;12.0;2.0;12.0;30.0;98.0;61.0;9.0;6063.0;4222.0;546.0;159.0;7.0;41.0;25.0;852.0;55.0;100.0;56.0;2.0;3023.0;1233.0;143.0;93.0;8.0;9.0;9.0;1457.0;6.0;22.0;43.0;93.0;19089.0;13532.0;1444.0;687.0;90.0;95.0;50.0;2379.0;152.0;374.0;286.0
GRUDZIĄDZ (MIASTO);POMORSKIE;0.0;0.0;0.0;0.0;0.0;0.0;0.0;0.0;0.0;0.0;0.0;0.0;0.0;0.0;0.0;0.0;0.0;0.0;0.0;0.0;0.0;0.0;0.0;0.0;0.0;0.0;0.0;0.0;0.0;0.0;0.0;0.0;0.0;0.0;0.0;0.0;0.0;0.0;0.0;0.0;0.0;0.0;0.0;0.0;0.0;0.0;0.0;0.0;0.0;0.0;0.0;0.0;0.0;0.0;0.0;0.0;0.0;0.0;0.0;0.0;0.0;0.0;0.0;0.0;0.0;0.0;0.0;0.0;0.0;0.0;0.0;0.0;0.0;0.0;0.0;0.0;0.0;0.0;0.0;0.0;0.0;0.0;0.0;0.0;0.0;0.0;0.0;0.0;0.0;0.0;0.0;0.0;0.0;0.0;0.0;0.0
GRUDZIĄDZKI;POMORSKIE;26.0;3465.0;2662.0;250.0;71.0;16.0;12.0;10.0;97.0;62.0;42.0;243.0;8.0;1914.0;1442.0;136.0;17.0;7.0;11.0;6.0;24.0;219.0;33.0;19.0;9.0;3060.0;2525.0;138.0;113.0;10.0;5.0;7.0;174.0;18.0;35.0;35.0;6.0;2798.0;2276.0;191.0;58.0;5.0;2.0;20.0;19.0;136.0;41.0;50.0;83.0;5815.0;4727.0;362.0;156.0;40.0;20.0;4.0;78.0;145.0;120.0;163.0;8.0;5582.0;4500.0;312.0;33.0;23.0;28.0;19.0;349.0;200.0;97.0;21.0;3.0;4038.0;2676.0;178.0;78.0;13.0;12.0;22.0;677.0;274.0;51.0;57.0;143.0;26672.0;20808.0;1567.0;526.0;114.0;90.0;88.0;1418.0;1054.0;419.0;588.0
KARTUSKI;POMORSKIE;33.0;4245.0;2093.0;230.0;628.0;10.0;3.0;9.0;332.0;119.0;65.0;756.0;10.0;2464.0;1333.0;140.0;156.0;7.0;4.0;5.0;154.0;505.0;28.0;132.0;6.0;2096.0;1513.0;74.0;12.0;7.0;3.0;5.0;155.0;301.0;20.0;6.0;1.0;454.0;167.0;15.0;25.0;0.0;1.0;1.0;7.0;225.0;9.0;4.0;88.0;6405.0;3177.0;210.0;1162.0;15.0;5.0;1.0;330.0;425.0;91.0;989.0;7.0;4271.0;3072.0;235.0;217.0;4.0;13.0;6.0;538.0;83.0;51.0;52.0;5.0;7061.0;3030.0;262.0;174.0;35.0;3.0;6.0;2090.0;1051.0;73.0;337.0;150.0;26996.0;14385.0;1166.0;2374.0;78.0;32.0;33.0;3606.0;2709.0;337.0;2276.0
KOŚCIERSKI;POMORSKIE;36.0;4824.0;2465.0;303.0;615.0;14.0;4.0;2.0;634.0;243.0;55.0;489.0;9.0;2178.0;1395.0;197.0;114.0;3.0;1.0;1.0;203.0;130.0;13.0;121.0;9.0;3061.0;1825.0;308.0;161.0;4.0;2.0;3.0;313.0;325.0;12.0;108.0;2.0;890.0;576.0;95.0;40.0;5.0;3.0;4.0;36.0;109.0;8.0;14.0;153.0;10719.0;5598.0;597.0;1323.0;43.0;16.0;4.0;907.0;379.0;213.0;1639.0;9.0;6654.0;4432.0;424.0;246.0;4.0;13.0;14.0;859.0;436.0;68.0;158.0;2.0;3069.0;1476.0;325.0;75.0;15.0;12.0;5.0;848.0;221.0;15.0;77.0;220.0;31395.0;17767.0;2249.0;2574.0;88.0;51.0;33.0;3800.0;1843.0;384.0;2606.0
LUBAWSKI;POMORSKIE;28.0;3940.0;3241.0;284.0;183.0;15.0;5.0;6.0;38.0;33.0;45.0;90.0;5.0;1248.0;980.0;115.0;44.0;4.0;3.0;3.0;27.0;38.0;9.0;25.0;7.0;2374.0;1721.0;355.0;125.0;5.0;18.0;9.0;44.0;9.0;34.0;54.0;3.0;1345.0;1060.0;98.0;3.0;3.0;6.0;1.0;86.0;56.0;16.0;16.0;106.0;7117.0;5451.0;628.0;340.0;41.0;21.0;3.0;62.0;76.0;132.0;363.0;11.0;7509.0;5097.0;685.0;158.0;44.0;32.0;15.0;932.0;298.0;114.0;134.0;1.0;1400.0;944.0;148.0;6.0;1.0;1.0;4.0;157.0;100.0;16.0;23.0;161.0;24933.0;18494.0;2313.0;859.0;113.0;86.0;41.0;1346.0;610.0;366.0;705.0
PUCKI;POMORSKIE;9.0;1096.0;554.0;112.0;237.0;4.0;1.0;0.0;78.0;8.0;16.0;86.0;3.0;712.0;445.0;81.0;94.0;1.0;0.0;21.0;52.0;0.0;8.0;10.0;2.0;782.0;408.0;238.0;85.0;0.0;1.0;1.0;31.0;0.0;10.0;8.0;1.0;403.0;222.0;84.0;69.0;2.0;0.0;0.0;16.0;1.0;2.0;7.0;54.0;3766.0;1915.0;439.0;661.0;10.0;6.0;1.0;59.0;1.0;56.0;618.0;5.0;4121.0;2115.0;546.0;332.0;4.0;5.0;4.0;680.0;39.0;54.0;342.0;3.0;6402.0;3271.0;535.0;488.0;20.0;4.0;15.0;1924.0;38.0;61.0;46.0;77.0;17282.0;8930.0;2035.0;1966.0;41.0;17.0;42.0;2840.0;87.0;207.0;1117.0
STAROGARDZKI;POMORSKIE;28.0;3971.0;3129.0;275.0;139.0;16.0;16.0;4.0;72.0;77.0;57.0;186.0;4.0;926.0;679.0;54.0;96.0;1.0;3.0;1.0;8.0;2.0;11.0;71.0;1.0;325.0;289.0;32.0;0.0;0.0;1.0;0.0;0.0;0.0;1.0;2.0;2.0;807.0;637.0;58.0;53.0;4.0;21.0;2.0;0.0;10.0;15.0;7.0;75.0;5218.0;3609.0;344.0;280.0;19.0;12.0;5.0;176.0;87.0;107.0;579.0;10.0;7522.0;5272.0;621.0;130.0;10.0;21.0;25.0;1019.0;220.0;98.0;106.0;2.0;3950.0;2010.0;132.0;71.0;3.0;75.0;12.0;1345.0;98.0;70.0;134.0;122.0;22719.0;15625.0;1516.0;769.0;53.0;149.0;49.0;2620.0;494.0;359.0;1085.0
SĘPOLEŃSKI;POMORSKIE;24.0;3086.0;2190.0;232.0;116.0;11.0;4.0;3.0;144.0;148.0;36.0;202.0;2.0;551.0;456.0;56.0;17.0;1.0;2.0;2.0;7.0;4.0;6.0;0.0;5.0;1820.0;1400.0;168.0;49.0;6.0;11.0;3.0;125.0;8.0;28.0;22.0;1.0;426.0;268.0;27.0;0.0;3.0;0.0;7.0;65.0;1.0;16.0;39.0;131.0;8784.0;6850.0;721.0;436.0;35.0;15.0;2.0;207.0;31.0;102.0;385.0;3.0;1636.0;1163.0;156.0;76.0;4.0;6.0;3.0;153.0;27.0;12.0;36.0;4.0;7719.0;3857.0;668.0;102.0;10.0;23.0;4.0;2577.0;207.0;59.0;212.0;170.0;24022.0;16184.0;2028.0;796.0;70.0;61.0;24.0;3278.0;426.0;259.0;896.0
TCZEWSKI;POMORSKIE;19.0;2520.0;2068.0;255.0;93.0;7.0;13.0;4.0;5.0;12.0;48.0;15.0;11.0;2881.0;2364.0;252.0;61.0;13.0;24.0;4.0;36.0;34.0;67.0;26.0;3.0;1086.0;957.0;28.0;11.0;4.0;4.0;2.0;22.0;34.0;16.0;8.0;5.0;2239.0;1836.0;147.0;92.0;3.0;5.0;9.0;41.0;27.0;33.0;46.0;53.0;3840.0;3263.0;326.0;82.0;20.0;10.0;1.0;7.0;17.0;63.0;51.0;5.0;2947.0;2324.0;196.0;128.0;11.0;26.0;7.0;100.0;78.0;57.0;20.0;3.0;4979.0;3035.0;416.0;146.0;6.0;4.0;6.0;1267.0;33.0;27.0;39.0;99.0;20492.0;15847.0;1620.0;613.0;64.0;86.0;33.0;1478.0;235.0;311.0;205.0
TORUŃ (MIASTO);POMORSKIE;0.0;0.0;0.0;0.0;0.0;0.0;0.0;0.0;0.0;0.0;0.0;0.0;0.0;0.0;0.0;0.0;0.0;0.0;0.0;0.0;0.0;0.0;0.0;0.0;0.0;0.0;0.0;0.0;0.0;0.0;0.0;0.0;0.0;0.0;0.0;0.0;0.0;0.0;0.0;0.0;0.0;0.0;0.0;0.0;0.0;0.0;0.0;0.0;0.0;0.0;0.0;0.0;0.0;0.0;0.0;0.0;0.0;0.0;0.0;0.0;0.0;0.0;0.0;0.0;0.0;0.0;0.0;0.0;0.0;0.0;0.0;0.0;0.0;0.0;0.0;0.0;0.0;0.0;0.0;0.0;0.0;0.0;0.0;0.0;0.0;0.0;0.0;0.0;0.0;0.0;0.0;0.0;0.0;0.0;0.0;0.0
TORUŃSKI;POMORSKIE;15.0;1933.0;1188.0;258.0;80.0;11.0;3.0;4.0;169.0;40.0;28.0;152.0;13.0;3353.0;2487.0;290.0;240.0;25.0;12.0;5.0;96.0;13.0;38.0;147.0;6.0;2167.0;1790.0;41.0;78.0;9.0;25.0;8.0;25.0;17.0;19.0;155.0;6.0;2642.0;2102.0;86.0;56.0;13.0;1.0;10.0;222.0;7.0;36.0;109.0;66.0;4629.0;3091.0;520.0;265.0;39.0;12.0;14.0;308.0;48.0;87.0;245.0;8.0;6257.0;5208.0;163.0;52.0;25.0;30.0;23.0;365.0;92.0;114.0;185.0;6.0;9040.0;6127.0;236.0;174.0;28.0;47.0;18.0;2119.0;32.0;155.0;104.0;120.0;30021.0;21993.0;1594.0;945.0;150.0;130.0;82.0;3304.0;249.0;477.0;1097.0
TUCHOLSKI;POMORSKIE;21.0;3049.0;2223.0;223.0;144.0;25.0;3.0;3.0;187.0;116.0;38.0;87.0;7.0;1699.0;1296.0;117.0;28.0;4.0;0.0;3.0;107.0;94.0;12.0;38.0;2.0;709.0;527.0;53.0;28.0;5.0;4.0;2.0;21.0;49.0;12.0;8.0;1.0;499.0;311.0;129.0;18.0;0.0;0.0;0.0;10.0;19.0;3.0;9.0;83.0;5851.0;4383.0;320.0;233.0;27.0;11.0;0.0;292.0;96.0;111.0;378.0;5.0;3406.0;2064.0;285.0;273.0;12.0;6.0;8.0;625.0;83.0;45.0;5.0;3.0;5964.0;2520.0;229.0;249.0;5.0;20.0;0.0;2577.0;89.0;65.0;210.0;122.0;21177.0;13324.0;1356.0;973.0;78.0;44.0;16.0;3819.0;546.0;286.0;735.0
WEJHEROWSKI;POMORSKIE;12.0;1617.0;952.0;137.0;150.0;8.0;7.0;1.0;182.0;27.0;22.0;131.0;11.0;2686.0;1502.0;166.0;310.0;4.0;2.0;2.0;428.0;55.0;13.0;204.0;7.0;2498.0;1488.0;151.0;300.0;6.0;2.0;2.0;274.0;23.0;33.0;219.0;1.0;462.0;276.0;28.0;10.0;0.0;0.0;0.0;140.0;0.0;8.0;0.0;32.0;2167.0;1321.0;241.0;269.0;11.0;5.0;2.0;105.0;10.0;46.0;157.0;3.0;1933.0;844.0;134.0;61.0;4.0;5.0;3.0;815.0;43.0;9.0;15.0;3.0;8003.0;2170.0;266.0;395.0;8.0;7.0;28.0;4632.0;117.0;110.0;270.0;69.0;19366.0;8553.0;1123.0;1495.0;41.0;28.0;38.0;6576.0;275.0;241.0;996.0
WĄBRZESKI;POMORSKIE;13.0;1960.0;1646.0;99.0;79.0;9.0;2.0;0.0;10.0;43.0;16.0;56.0;9.0;2197.0;1767.0;158.0;116.0;11.0;8.0;4.0;32.0;40.0;18.0;43.0;3.0;1160.0;874.0;90.0;146.0;4.0;9.0;4.0;5.0;2.0;10.0;16.0;4.0;1875.0;1501.0;99.0;19.0;8.0;9.0;4.0;77.0;105.0;46.0;7.0;37.0;2494.0;1925.0;229.0;166.0;20.0;11.0;2.0;26.0;9.0;42.0;64.0;5.0;3357.0;2641.0;150.0;42.0;9.0;20.0;12.0;174.0;225.0;60.0;24.0;4.0;4798.0;3244.0;299.0;139.0;8.0;23.0;5.0;642.0;195.0;90.0;153.0;75.0;17841.0;13598.0;1124.0;707.0;69.0;82.0;31.0;966.0;619.0;282.0;363.0
ŚWIECKI;POMORSKIE;18.0;2470.0;1531.0;219.0;134.0;15.0;5.0;13.0;78.0;225.0;30.0;220.0;7.0;1790.0;1260.0;128.0;121.0;7.0;5.0;0.0;185.0;26.0;15.0;43.0;4.0;1506.0;1086.0;98.0;66.0;8.0;5.0;2.0;118.0;89.0;24.0;10.0;5.0;2316.0;1840.0;101.0;47.0;4.0;4.0;6.0;222.0;22.0;30.0;40.0;72.0;4826.0;3113.0;523.0;238.0;49.0;13.0;6.0;219.0;20.0;90.0;555.0;13.0;9029.0;6650.0;510.0;219.0;35.0;63.0;25.0;1207.0;111.0;113.0;96.0;4.0;13131.0;5346.0;425.0;293.0;19.0;30.0;17.0;6369.0;470.0;41.0;121.0;123.0;35068.0;20826.0;2004.0;1118.0;137.0;125.0;69.0;8398.0;963.0;343.0;1085.0
BYDGOSKI;POZNAŃSKIE;37.0;4767.0;3726.0;235.0;217.0;23.0;11.0;2.0;120.0;182.0;70.0;181.0;9.0;2123.0;1773.0;93.0;57.0;12.0;8.0;4.0;37.0;12.0;25.0;102.0;4.0;1420.0;894.0;54.0;100.0;6.0;3.0;4.0;204.0;103.0;12.0;40.0;3.0;1253.0;1065.0;68.0;3.0;3.0;13.0;5.0;64.0;1.0;10.0;21.0;109.0;7787.0;5950.0;581.0;308.0;45.0;25.0;9.0;161.0;147.0;132.0;429.0;5.0;4176.0;3064.0;210.0;158.0;10.0;12.0;15.0;427.0;100.0;77.0;103.0;3.0;5767.0;2537.0;1082.0;115.0;9.0;42.0;11.0;1786.0;18.0;61.0;106.0;170.0;27293.0;19009.0;2323.0;958.0;108.0;114.0;50.0;2799.0;563.0;387.0;982.0
BYDGOSZCZ (MIASTO);POZNAŃSKIE;3.0;414.0;209.0;54.0;29.0;3.0;3.0;2.0;3.0;;9.0;102.0;0.0;0.0;0.0;0.0;;0.0;;;;;0.0;;0.0;0.0;;;;;;;;;;;0.0;0.0;;0.0;;0.0;;;0.0;;;;2.0;133.0;79.0;4.0;0.0;1.0;;0.0;15.0;0.0;4.0;30.0;1.0;730.0;300.0;34.0;32.0;2.0;1.0;;100.0;6.0;85.0;170.0;0.0;0.0;0.0;;0.0;;0.0;0.0;0.0;;0.0;;6.0;1277.0;588.0;92.0;61.0;6.0;4.0;2.0;118.0;6.0;98.0;302.0
CHODZIESKI;POZNAŃSKIE;13.0;1782.0;1208.0;134.0;64.0;6.0;20.0;2.0;161.0;50.0;27.0;110.0;5.0;1178.0;726.0;161.0;28.0;8.0;3.0;2.0;110.0;0.0;10.0;130.0;4.0;1432.0;917.0;172.0;32.0;5.0;0.0;1.0;277.0;8.0;5.0;15.0;0.0;0.0;0.0;0.0;0.0;0.0;0.0;0.0;0.0;0.0;0.0;0.0;71.0;4813.0;3230.0;373.0;373.0;27.0;12.0;9.0;474.0;22.0;65.0;228.0;1.0;507.0;177.0;41.0;39.0;1.0;1.0;0.0;240.0;2.0;6.0;0.0;9.0;17794.0;8781.0;1890.0;574.0;31.0;24.0;61.0;5836.0;102.0;316.0;179.0;103.0;27506.0;15039.0;2771.0;1110.0;78.0;60.0;75.0;7098.0;184.0;429.0;662.0
CZARNKOWSKI;POZNAŃSKIE;11.0;1611.0;847.0;153.0;77.0;3.0;5.0;3.0;326.0;42.0;16.0;139.0;2.0;583.0;443.0;21.0;8.0;1.0;1.0;1.0;101.0;0.0;7.0;0.0;4.0;1286.0;671.0;116.0;7.0;3.0;2.0;5.0;395.0;10.0;23.0;54.0;2.0;958.0;861.0;60.0;3.0;4.0;2.0;2.0;14.0;1.0;8.0;3.0;28.0;1845.0;890.0;231.0;98.0;4.0;4.0;0.0;339.0;10.0;14.0;255.0;1.0;606.0;234.0;78.0;26.0;0.0;0.0;0.0;260.0;2.0;3.0;3.0;4.0;15410.0;3233.0;547.0;69.0;27.0;24.0;28.0;10596.0;325.0;80.0;481.0;52.0;22299.0;7179.0;1206.0;288.0;42.0;38.0;39.0;12031.0;390.0;151.0;935.0
GNIEŹNIEŃSKI;POZNAŃSKIE;12.0;1734.0;1503.0;119.0;16.0;10.0;6.0;5.0;5.0;20.0;30.0;20.0;8.0;1978.0;1514.0;142.0;25.0;11.0;8.0;4.0;79.0;87.0;62.0;46.0;4.0;1435.0;1125.0;166.0;16.0;5.0;3.0;1.0;80.0;17.0;12.0;10.0;1.0;465.0;385.0;26.0;3.0;2.0;1.0;2.0;35.0;4.0;7.0;0.0;37.0;2593.0;2039.0;180.0;90.0;25.0;12.0;8.0;43.0;111.0;51.0;34.0;8.0;4664.0;3530.0;286.0;97.0;12.0;17.0;14.0;444.0;163.0;64.0;37.0;3.0;7667.0;5710.0;281.0;154.0;5.0;22.0;10.0;954.0;288.0;145.0;98.0;73.0;20536.0;15806.0;1200.0;401.0;70.0;69.0;44.0;1640.0;690.0;371.0;245.0
GOSTYŃSKI;POZNAŃSKIE;0.0;0.0;0.0;0.0;0.0;0.0;0.0;0.0;0.0;0.0;0.0;0.0;1.0;281.0;246.0;28.0;0.0;0.0;0.0;0.0;0.0;0.0;7.0;0.0;6.0;2077.0;1644.0;192.0;16.0;5.0;17.0;12.0;103.0;2.0;70.0;16.0;4.0;1795.0;1487.0;85.0;6.0;3.0;3.0;5.0;138.0;0.0;45.0;23.0;2.0;126.0;116.0;2.0;0.0;1.0;0.0;0.0;0.0;0.0;5.0;2.0;6.0;4612.0;3764.0;336.0;26.0;10.0;23.0;17.0;298.0;8.0;99.0;31.0;14.0;25910.0;17466.0;1974.0;274.0;47.0;82.0;69.0;5191.0;105.0;543.0;159.0;33.0;34801.0;24723.0;2617.0;322.0;66.0;125.0;103.0;5730.0;115.0;769.0;231.0
GRODZISKI;POZNAŃSKIE;3.0;457.0;420.0;9.0;14.0;4.0;0.0;1.0;0.0;0.0;8.0;1.0;0.0;0.0;0.0;0.0;0.0;0.0;0.0;0.0;0.0;0.0;0.0;0.0;0.0;0.0;0.0;0.0;0.0;0.0;0.0;0.0;0.0;0.0;0.0;0.0;2.0;977.0;713.0;45.0;27.0;0.0;1.0;3.0;108.0;65.0;15.0;0.0;5.0;382.0;297.0;59.0;14.0;3.0;1.0;0.0;1.0;2.0;4.0;1.0;5.0;3542.0;2595.0;214.0;102.0;8.0;8.0;5.0;527.0;16.0;61.0;6.0;8.0;16061.0;9683.0;833.0;126.0;90.0;41.0;92.0;4789.0;36.0;297.0;74.0;23.0;21419.0;13708.0;1160.0;283.0;105.0;51.0;101.0;5425.0;119.0;385.0;82.0
INOWROCŁAWSKI;POZNAŃSKIE;16.0;2402.0;2000.0;137.0;88.0;12.0;4.0;6.0;19.0;39.0;50.0;47.0;16.0;4129.0;3539.0;183.0;94.0;18.0;15.0;32.0;68.0;48.0;97.0;35.0;10.0;3540.0;2690.0;403.0;174.0;12.0;9.0;8.0;58.0;72.0;100.0;14.0;7.0;3086.0;2378.0;223.0;180.0;9.0;8.0;24.0;94.0;96.0;44.0;30.0;44.0;2900.0;2329.0;181.0;181.0;11.0;6.0;3.0;43.0;34.0;70.0;42.0;22.0;15114.0;12149.0;955.0;483.0;28.0;68.0;69.0;348.0;517.0;393.0;104.0;7.0;11488.0;8885.0;1134.0;652.0;19.0;45.0;32.0;209.0;110.0;189.0;213.0;122.0;42659.0;33970.0;3216.0;1852.0;109.0;155.0;174.0;839.0;916.0;943.0;485.0
JAROCIŃSKI;POZNAŃSKIE;2.0;209.0;157.0;24.0;2.0;1.0;0.0;0.0;0.0;0.0;17.0;8.0;2.0;466.0;185.0;13.0;2.0;0.0;1.0;5.0;257.0;0.0;2.0;1.0;7.0;2389.0;1971.0;124.0;50.0;10.0;9.0;11.0;142.0;12.0;47.0;13.0;2.0;919.0;739.0;24.0;7.0;4.0;2.0;4.0;101.0;1.0;9.0;28.0;10.0;697.0;555.0;54.0;39.0;7.0;1.0;1.0;7.0;3.0;20.0;10.0;6.0;5012.0;3169.0;314.0;265.0;11.0;22.0;32.0;1039.0;23.0;48.0;89.0;13.0;31969.0;20169.0;1602.0;509.0;135.0;131.0;135.0;8324.0;135.0;623.0;206.0;42.0;41661.0;26945.0;2155.0;874.0;168.0;166.0;188.0;9870.0;174.0;766.0;355.0
KOŚCIAŃSKI;POZNAŃSKIE;4.0;513.0;440.0;54.0;0.0;2.0;2.0;0.0;1.0;1.0;10.0;3.0;3.0;857.0;582.0;88.0;22.0;2.0;0.0;1.0;85.0;26.0;20.0;31.0;4.0;1503.0;1108.0;211.0;61.0;2.0;8.0;5.0;58.0;0.0;45.0;5.0;4.0;1814.0;1123.0;338.0;36.0;4.0;8.0;7.0;169.0;81.0;29.0;19.0;6.0;436.0;355.0;37.0;15.0;1.0;1.0;2.0;4.0;0.0;15.0;6.0;11.0;8244.0;6166.0;1120.0;178.0;15.0;29.0;33.0;436.0;26.0;114.0;127.0;8.0;14666.0;8422.0;2650.0;275.0;32.0;36.0;35.0;2678.0;152.0;274.0;112.0;40.0;28033.0;18196.0;4498.0;587.0;58.0;84.0;83.0;3431.0;286.0;507.0;303.0
KOŹMIŃSKI;POZNAŃSKIE;3.0;472.0;422.0;28.0;;4.0;1.0;2.0;1.0;;10.0;4.0;2.0;524.0;485.0;7.0;1.0;1.0;2.0;5.0;9.0;2.0;10.0;2.0;1.0;327.0;281.0;23.0;1.0;2.0;4.0;2.0;;0.0;14.0;;4.0;1763.0;1557.0;104.0;8.0;10.0;8.0;13.0;8.0;3.0;48.0;4.0;6.0;410.0;376.0;12.0;;3.0;1.0;;8.0;1.0;9.0;;6.0;5152.0;4175.0;282.0;61.0;9.0;9.0;24.0;379.0;4.0;170.0;39.0;5.0;14599.0;10484.0;554.0;312.0;34.0;39.0;35.0;2878.0;22.0;213.0;28.0;27.0;23247.0;17780.0;1010.0;383.0;63.0;64.0;81.0;3283.0;32.0;474.0;77.0
KROTOSZYŃSKI;POZNAŃSKIE;1.0;174.0;99.0;40.0;0.0;0.0;0.0;0.0;33.0;0.0;1.0;1.0;0.0;0.0;0.0;0.0;0.0;0.0;0.0;0.0;0.0;0.0;0.0;0.0;0.0;0.0;0.0;0.0;0.0;0.0;0.0;0.0;0.0;0.0;0.0;0.0;2.0;820.0;705.0;30.0;16.0;2.0;0.0;1.0;35.0;1.0;30.0;0.0;8.0;535.0;425.0;39.0;31.0;3.0;3.0;1.0;8.0;0.0;14.0;11.0;2.0;1050.0;738.0;56.0;0.0;1.0;3.0;6.0;213.0;0.0;33.0;0.0;4.0;18924.0;8300.0;586.0;69.0;9.0;42.0;34.0;9590.0;44.0;231.0;19.0;17.0;21503.0;10267.0;751.0;116.0;15.0;48.0;42.0;9879.0;45.0;309.0;31.0
KĘPIŃSKI;POZNAŃSKIE;5.0;774.0;539.0;38.0;24.0;8.0;3.0;3.0;143.0;3.0;8.0;5.0;6.0;1567.0;1351.0;132.0;17.0;5.0;3.0;2.0;21.0;2.0;21.0;13.0;7.0;2391.0;1897.0;173.0;26.0;7.0;4.0;7.0;129.0;3.0;39.0;106.0;2.0;821.0;702.0;69.0;2.0;4.0;6.0;1.0;13.0;2.0;18.0;4.0;7.0;504.0;403.0;57.0;6.0;1.0;1.0;0.0;15.0;0.0;13.0;8.0;5.0;3569.0;2475.0;190.0;72.0;4.0;9.0;10.0;602.0;6.0;55.0;146.0;8.0;22026.0;11558.0;2195.0;480.0;23.0;29.0;36.0;7171.0;34.0;256.0;244.0;40.0;31652.0;18925.0;2854.0;627.0;52.0;55.0;59.0;8094.0;50.0;410.0;526.0
LESZCZYŃSKI;POZNAŃSKIE;8.0;1053.0;737.0;89.0;12.0;3.0;2.0;2.0;160.0;1.0;14.0;33.0;3.0;774.0;606.0;84.0;18.0;3.0;4.0;2.0;11.0;2.0;30.0;14.0;5.0;1657.0;1345.0;178.0;33.0;4.0;6.0;3.0;44.0;6.0;15.0;23.0;3.0;1310.0;1159.0;28.0;;3.0;11.0;6.0;46.0;2.0;54.0;1.0;12.0;769.0;588.0;76.0;13.0;5.0;3.0;4.0;55.0;3.0;16.0;6.0;8.0;5831.0;3623.0;641.0;117.0;20.0;12.0;16.0;1152.0;111.0;136.0;3.0;7.0;20112.0;9252.0;1891.0;258.0;37.0;77.0;18.0;7199.0;1063.0;253.0;64.0;46.0;31506.0;17310.0;2987.0;451.0;75.0;115.0;51.0;8667.0;1188.0;518.0;144.0
MIĘDZYCHODZKI;POZNAŃSKIE;6.0;766.0;400.0;45.0;98.0;3.0;0.0;0.0;150.0;13.0;9.0;48.0;2.0;459.0;357.0;38.0;8.0;0.0;2.0;1.0;24.0;27.0;1.0;1.0;;0.0;;;;;;0.0;;0.0;;0.0;1.0;414.0;13.0;;;0.0;;0.0;0.0;401.0;;;27.0;1819.0;1108.0;170.0;95.0;9.0;10.0;0.0;238.0;29.0;29.0;131.0;8.0;6225.0;3182.0;453.0;74.0;7.0;18.0;22.0;1617.0;717.0;114.0;21.0;7.0;15722.0;8697.0;933.0;184.0;55.0;86.0;66.0;4377.0;1005.0;202.0;117.0;51.0;25405.0;13757.0;1639.0;459.0;74.0;116.0;89.0;6406.0;2192.0;355.0;318.0
MOGILEŃSKI;POZNAŃSKIE;41.0;5354.0;4461.0;381.0;112.0;24.0;12.0;8.0;12.0;162.0;90.0;92.0;12.0;2978.0;2413.0;186.0;37.0;16.0;12.0;6.0;12.0;151.0;66.0;79.0;7.0;2447.0;1959.0;182.0;31.0;6.0;17.0;7.0;8.0;187.0;31.0;19.0;7.0;3232.0;2651.0;134.0;65.0;3.0;5.0;28.0;73.0;222.0;34.0;17.0;120.0;8251.0;6888.0;634.0;193.0;49.0;21.0;3.0;33.0;97.0;152.0;181.0;9.0;6188.0;5001.0;216.0;140.0;22.0;32.0;14.0;320.0;277.0;113.0;53.0;1.0;1279.0;893.0;71.0;7.0;4.0;14.0;2.0;141.0;100.0;29.0;18.0;197.0;29729.0;24266.0;1804.0;585.0;124.0;113.0;68.0;599.0;1196.0;515.0;459.0
NOWOTOMYSKI;POZNAŃSKIE;5.0;687.0;305.0;41.0;14.0;3.0;2.0;0.0;277.0;5.0;2.0;38.0;1.0;286.0;260.0;21.0;0.0;0.0;0.0;0.0;3.0;0.0;2.0;0.0;0.0;0.0;0.0;0.0;0.0;0.0;0.0;0.0;0.0;0.0;0.0;0.0;1.0;442.0;70.0;1.0;3.0;0.0;0.0;1.0;367.0;0.0;0.0;0.0;26.0;1626.0;924.0;96.0;51.0;11.0;6.0;0.0;423.0;38.0;33.0;44.0;5.0;3520.0;1834.0;154.0;47.0;48.0;14.0;8.0;1295.0;8.0;97.0;15.0;11.0;26617.0;11329.0;1291.0;448.0;41.0;63.0;68.0;12377.0;255.0;396.0;349.0;49.0;33178.0;14722.0;1604.0;563.0;103.0;85.0;77.0;14742.0;306.0;530.0;446.0
OBORNICKI;POZNAŃSKIE;25.0;3444.0;2599.0;262.0;171.0;18.0;9.0;1.0;228.0;32.0;52.0;72.0;4.0;946.0;616.0;113.0;36.0;7.0;5.0;1.0;117.0;1.0;16.0;34.0;3.0;1079.0;789.0;54.0;28.0;4.0;3.0;2.0;108.0;45.0;15.0;31.0;3.0;1373.0;1200.0;121.0;20.0;3.0;2.0;3.0;1.0;2.0;21.0;;70.0;4736.0;3748.0;271.0;301.0;20.0;12.0;;158.0;34.0;77.0;115.0;12.0;9875.0;7759.0;664.0;235.0;18.0;22.0;42.0;823.0;118.0;164.0;30.0;7.0;9789.0;6941.0;617.0;272.0;36.0;57.0;41.0;1616.0;26.0;152.0;31.0;124.0;31242.0;23652.0;2102.0;1063.0;106.0;110.0;90.0;3051.0;258.0;497.0;313.0
ODOLANOWSKI;POZNAŃSKIE;0.0;0.0;0.0;0.0;0.0;0.0;0.0;0.0;0.0;0.0;0.0;0.0;0.0;0.0;0.0;;0.0;0.0;0.0;0.0;0.0;0.0;0.0;0.0;0.0;0.0;0.0;0.0;0.0;0.0;0.0;0.0;0.0;0.0;0.0;0.0;1.0;430.0;363.0;41.0;0.0;1.0;0.0;1.0;0.0;0.0;24.0;0.0;8.0;485.0;374.0;54.0;31.0;2.0;3.0;0.0;2.0;0.0;10.0;9.0;;0.0;0.0;0.0;0.0;0.0;0.0;0.0;0.0;0.0;0.0;0.0;4.0;22311.0;5070.0;1360.0;190.0;19.0;13.0;9.0;14498.0;47.0;321.0;784.0;13.0;23226.0;5807.0;1455.0;221.0;22.0;16.0;10.0;14500.0;47.0;355.0;793.0
OSTROWSKI (OSTRÓW WIELKOPOLSKI);POZNAŃSKIE;0.0;0.0;0.0;0.0;0.0;0.0;0.0;0.0;0.0;0.0;0.0;0.0;2.0;503.0;394.0;73.0;12.0;3.0;1.0;2.0;10.0;1.0;7.0;0.0;3.0;1079.0;898.0;47.0;0.0;12.0;3.0;3.0;97.0;1.0;18.0;0.0;7.0;3094.0;2621.0;152.0;41.0;14.0;23.0;14.0;137.0;6.0;68.0;18.0;3.0;214.0;122.0;23.0;29.0;1.0;1.0;0.0;2.0;3.0;7.0;26.0;7.0;4759.0;3365.0;325.0;49.0;19.0;23.0;27.0;829.0;8.0;98.0;16.0;5.0;13738.0;5718.0;1315.0;190.0;43.0;65.0;20.0;5170.0;890.0;318.0;9.0;27.0;23387.0;13118.0;1935.0;321.0;92.0;116.0;66.0;6245.0;909.0;516.0;69.0
OSTRZESZOWSKI;POZNAŃSKIE;13.0;1789.0;1071.0;127.0;137.0;8.0;8.0;1.0;319.0;13.0;30.0;75.0;4.0;917.0;632.0;102.0;45.0;5.0;3.0;3.0;50.0;8.0;22.0;47.0;2.0;756.0;551.0;67.0;30.0;3.0;2.0;2.0;69.0;13.0;10.0;9.0;2.0;910.0;678.0;44.0;101.0;2.0;2.0;0.0;45.0;1.0;23.0;14.0;7.0;498.0;352.0;40.0;25.0;4.0;2.0;0.0;33.0;4.0;12.0;26.0;6.0;3494.0;1711.0;181.0;180.0;8.0;6.0;8.0;975.0;185.0;51.0;189.0;1.0;1743.0;699.0;108.0;120.0;0.0;1.0;0.0;627.0;179.0;0.0;9.0;35.0;10107.0;5694.0;669.0;638.0;30.0;24.0;14.0;2118.0;403.0;148.0;369.0
PLESZEWSKI;POZNAŃSKIE;2.0;318.0;272.0;38.0;0.0;2.0;1.0;0.0;0.0;0.0;5.0;0.0;3.0;858.0;724.0;25.0;1.0;4.0;1.0;4.0;71.0;2.0;26.0;0.0;3.0;1020.0;862.0;29.0;47.0;0.0;1.0;3.0;49.0;2.0;22.0;5.0;5.0;2262.0;1880.0;127.0;54.0;11.0;6.0;15.0;112.0;6.0;43.0;8.0;7.0;566.0;451.0;24.0;38.0;4.0;2.0;1.0;28.0;0.0;11.0;7.0;8.0;5798.0;4946.0;270.0;66.0;10.0;30.0;12.0;313.0;15.0;119.0;17.0;9.0;16384.0;10806.0;1013.0;238.0;35.0;82.0;163.0;3666.0;19.0;298.0;64.0;37.0;27206.0;19941.0;1526.0;444.0;66.0;123.0;198.0;4239.0;44.0;524.0;101.0
POZNAŃ (MIASTO);POZNAŃSKIE;;;;;;;;;;;;;;;;;;;;;;;;;;;;;;;;;;;;;;;;;;;;;;;;;;;;;;;;;;;;;;;;;;;;;;;;;;;;;;;;;;;;;;;;;;;;;;;;
POZNAŃSKI WSCHODNI;POZNAŃSKIE;21.0;2938.0;2430.0;146.0;82.0;15.0;11.0;7.0;85.0;69.0;59.0;34.0;3.0;661.0;577.0;27.0;10.0;2.0;4.0;2.0;0.0;6.0;13.0;20.0;3.0;1083.0;857.0;74.0;1.0;9.0;7.0;8.0;21.0;88.0;14.0;4.0;2.0;892.0;697.0;66.0;32.0;2.0;2.0;1.0;68.0;1.0;16.0;7.0;45.0;3295.0;2640.0;203.0;132.0;20.0;20.0;5.0;94.0;32.0;61.0;88.0;9.0;6911.0;4799.0;468.0;190.0;33.0;11.0;34.0;1060.0;100.0;145.0;71.0;7.0;12556.0;7429.0;956.0;377.0;41.0;67.0;39.0;3158.0;107.0;180.0;202.0;90.0;28336.0;19429.0;1940.0;824.0;122.0;122.0;96.0;4486.0;403.0;488.0;426.0
POZNAŃSKI ZACHODNI;POZNAŃSKIE;10.0;1453.0;1266.0;70.0;13.0;8.0;7.0;3.0;14.0;26.0;28.0;18.0;3.0;798.0;561.0;60.0;14.0;5.0;6.0;6.0;35.0;95.0;7.0;9.0;1.0;364.0;314.0;21.0;0.0;1.0;0.0;2.0;16.0;0.0;10.0;0.0;4.0;1808.0;1232.0;135.0;49.0;3.0;10.0;3.0;103.0;246.0;14.0;13.0;16.0;1077.0;904.0;55.0;47.0;7.0;6.0;1.0;12.0;5.0;16.0;24.0;10.0;7750.0;6116.0;353.0;206.0;16.0;32.0;31.0;561.0;184.0;130.0;121.0;12.0;20081.0;13645.0;819.0;295.0;60.0;58.0;75.0;3694.0;804.0;568.0;63.0;56.0;33331.0;24038.0;1513.0;624.0;100.0;119.0;121.0;4435.0;1360.0;773.0;248.0
RAWICKI;POZNAŃSKIE;10.0;1514.0;1041.0;129.0;61.0;16.0;5.0;4.0;192.0;6.0;30.0;30.0;3.0;675.0;513.0;34.0;10.0;2.0;1.0;2.0;71.0;4.0;6.0;32.0;0.0;0.0;0.0;0.0;0.0;0.0;0.0;0.0;0.0;0.0;0.0;0.0;1.0;508.0;332.0;22.0;0.0;0.0;1.0;1.0;140.0;1.0;11.0;0.0;6.0;418.0;298.0;54.0;7.0;2.0;1.0;0.0;26.0;1.0;7.0;22.0;7.0;4989.0;3271.0;443.0;50.0;6.0;12.0;57.0;1005.0;24.0;120.0;1.0;6.0;11600.0;6347.0;1569.0;184.0;8.0;46.0;42.0;2827.0;26.0;396.0;155.0;33.0;19704.0;11802.0;2251.0;312.0;34.0;66.0;106.0;4261.0;62.0;570.0;240.0
STRZELNEŃSKI;POZNAŃSKIE;16.0;2232.0;1984.0;106.0;53.0;8.0;10.0;1.0;11.0;3.0;41.0;15.0;11.0;2722.0;2303.0;132.0;97.0;12.0;12.0;4.0;8.0;91.0;43.0;20.0;9.0;3072.0;2613.0;132.0;94.0;11.0;4.0;6.0;28.0;72.0;84.0;28.0;8.0;3718.0;2459.0;281.0;103.0;15.0;22.0;6.0;124.0;557.0;81.0;70.0;47.0;3078.0;2629.0;143.0;121.0;15.0;7.0;0.0;28.0;33.0;50.0;52.0;12.0;9030.0;6521.0;464.0;411.0;20.0;45.0;29.0;240.0;913.0;192.0;195.0;6.0;7994.0;6151.0;406.0;109.0;14.0;34.0;43.0;330.0;663.0;202.0;42.0;109.0;31846.0;24660.0;1664.0;988.0;95.0;134.0;89.0;769.0;2332.0;693.0;422.0
SZAMOTULSKI;POZNAŃSKIE;5.0;617.0;511.0;36.0;51.0;2.0;2.0;2.0;4.0;1.0;7.0;1.0;3.0;712.0;572.0;69.0;16.0;2.0;5.0;3.0;30.0;0.0;12.0;3.0;4.0;1392.0;1157.0;39.0;31.0;7.0;3.0;7.0;8.0;81.0;43.0;16.0;5.0;2396.0;1912.0;160.0;115.0;4.0;7.0;10.0;74.0;52.0;38.0;24.0;10.0;714.0;494.0;32.0;25.0;3.0;2.0;0.0;104.0;1.0;20.0;33.0;11.0;7969.0;6060.0;467.0;167.0;30.0;40.0;33.0;943.0;32.0;139.0;58.0;15.0;32711.0;20061.0;1852.0;533.0;117.0;124.0;104.0;8357.0;770.0;413.0;380.0;53.0;46511.0;30767.0;2655.0;938.0;165.0;183.0;159.0;9520.0;937.0;672.0;515.0
SZUBIŃSKI;POZNAŃSKIE;24.0;3336.0;2346.0;338.0;224.0;15.0;5.0;8.0;173.0;3.0;54.0;170.0;1.0;230.0;120.0;25.0;4.0;2.0;0.0;0.0;53.0;0.0;1.0;25.0;3.0;966.0;811.0;67.0;16.0;4.0;3.0;1.0;12.0;6.0;14.0;32.0;4.0;1752.0;1359.0;124.0;66.0;7.0;9.0;12.0;114.0;8.0;32.0;21.0;57.0;4003.0;2819.0;510.0;249.0;19.0;9.0;1.0;160.0;24.0;59.0;153.0;14.0;9385.0;6318.0;707.0;229.0;53.0;46.0;32.0;1480.0;191.0;222.0;107.0;8.0;20333.0;9338.0;2746.0;724.0;25.0;39.0;49.0;6858.0;161.0;167.0;226.0;111.0;40005.0;23111.0;4517.0;1512.0;125.0;111.0;103.0;8850.0;393.0;549.0;734.0
WITKOWSKI;POZNAŃSKIE;11.0;1611.0;1096.0;118.0;65.0;7.0;8.0;2.0;1.0;222.0;41.0;51.0;10.0;2495.0;2234.0;134.0;34.0;10.0;9.0;6.0;12.0;3.0;39.0;14.0;7.0;2439.0;2196.0;84.0;17.0;15.0;12.0;8.0;6.0;3.0;93.0;5.0;2.0;871.0;774.0;17.0;2.0;5.0;3.0;13.0;4.0;2.0;51.0;0.0;19.0;1265.0;1098.0;80.0;25.0;9.0;6.0;1.0;1.0;2.0;19.0;24.0;4.0;3017.0;2698.0;96.0;86.0;34.0;12.0;7.0;15.0;1.0;38.0;30.0;3.0;9511.0;5180.0;511.0;125.0;10.0;33.0;12.0;3452.0;16.0;136.0;36.0;56.0;21209.0;15276.0;1040.0;354.0;90.0;83.0;49.0;3491.0;249.0;417.0;160.0
WOLSZTYŃSKI;POZNAŃSKIE;5.0;747.0;489.0;56.0;21.0;3.0;0.0;1.0;139.0;0.0;12.0;26.0;0.0;0.0;0.0;0.0;0.0;0.0;0.0;0.0;0.0;0.0;0.0;0.0;2.0;678.0;406.0;41.0;18.0;2.0;1.0;1.0;58.0;135.0;11.0;5.0;0.0;0.0;0.0;0.0;0.0;0.0;0.0;0.0;0.0;0.0;0.0;0.0;7.0;465.0;301.0;78.0;8.0;2.0;0.0;0.0;39.0;10.0;19.0;8.0;3.0;2371.0;1357.0;94.0;69.0;1.0;2.0;2.0;780.0;12.0;42.0;12.0;9.0;19135.0;7711.0;3266.0;300.0;25.0;46.0;73.0;6244.0;1058.0;386.0;26.0;26.0;23396.0;10264.0;3535.0;416.0;33.0;49.0;77.0;7260.0;1215.0;470.0;77.0
WRZESIŃSKI;POZNAŃSKIE;11.0;1487.0;1363.0;29.0;35.0;7.0;5.0;3.0;1.0;1.0;32.0;11.0;10.0;2604.0;2387.0;89.0;12.0;11.0;11.0;13.0;20.0;2.0;58.0;1.0;7.0;2450.0;2158.0;72.0;40.0;15.0;16.0;6.0;50.0;10.0;56.0;27.0;3.0;1308.0;1069.0;81.0;19.0;4.0;4.0;12.0;63.0;2.0;54.0;0.0;26.0;1659.0;1463.0;51.0;63.0;11.0;8.0;2.0;2.0;1.0;42.0;16.0;11.0;7709.0;6687.0;293.0;72.0;19.0;23.0;49.0;310.0;6.0;207.0;43.0;3.0;9740.0;5508.0;350.0;147.0;11.0;29.0;56.0;3534.0;31.0;60.0;14.0;71.0;26957.0;20635.0;965.0;388.0;78.0;96.0;141.0;3980.0;53.0;509.0;112.0
WYRZYSKI;POZNAŃSKIE;36.0;5159.0;3831.0;711.0;141.0;47.0;9.0;4.0;217.0;33.0;76.0;90.0;6.0;1453.0;1114.0;137.0;35.0;3.0;3.0;1.0;26.0;89.0;13.0;32.0;7.0;2327.0;1976.0;162.0;11.0;24.0;11.0;5.0;71.0;7.0;55.0;5.0;7.0;3263.0;2791.0;195.0;89.0;6.0;6.0;2.0;39.0;53.0;35.0;47.0;94.0;6607.0;5197.0;648.0;252.0;47.0;19.0;8.0;112.0;66.0;103.0;155.0;8.0;5490.0;3914.0;548.0;172.0;17.0;30.0;15.0;564.0;110.0;63.0;57.0;13.0;29067.0;17071.0;3668.0;595.0;129.0;208.0;96.0;5893.0;936.0;353.0;118.0;171.0;53366.0;35894.0;6069.0;1295.0;273.0;286.0;131.0;6922.0;1294.0;698.0;504.0
WĄGROWIECKI;POZNAŃSKIE;32.0;4386.0;3507.0;309.0;123.0;17.0;9.0;9.0;217.0;20.0;76.0;99.0;6.0;1470.0;1181.0;72.0;45.0;6.0;4.0;1.0;23.0;98.0;30.0;10.0;5.0;1692.0;1346.0;122.0;38.0;1.0;9.0;5.0;121.0;4.0;35.0;11.0;8.0;3632.0;2813.0;259.0;74.0;12.0;12.0;16.0;111.0;108.0;77.0;150.0;73.0;5315.0;4266.0;390.0;217.0;24.0;13.0;2.0;164.0;24.0;94.0;121.0;19.0;13534.0;8938.0;1092.0;636.0;35.0;45.0;41.0;1653.0;779.0;181.0;134.0;8.0;14638.0;8429.0;882.0;384.0;30.0;14.0;23.0;4125.0;355.0;155.0;241.0;151.0;44667.0;30480.0;3126.0;1517.0;125.0;106.0;97.0;6414.0;1388.0;648.0;766.0
ŚMIGIELSKI;POZNAŃSKIE;4.0;538.0;419.0;29.0;6.0;5.0;3.0;0.0;57.0;1.0;11.0;7.0;3.0;850.0;542.0;122.0;3.0;2.0;6.0;6.0;17.0;127.0;18.0;7.0;1.0;325.0;294.0;28.0;0.0;0.0;0.0;0.0;0.0;0.0;3.0;0.0;3.0;1250.0;913.0;77.0;3.0;5.0;4.0;4.0;196.0;1.0;28.0;19.0;3.0;198.0;139.0;13.0;11.0;0.0;1.0;4.0;10.0;2.0;4.0;14.0;12.0;8368.0;5282.0;1254.0;197.0;31.0;34.0;39.0;1182.0;149.0;148.0;52.0;10.0;16625.0;8627.0;3841.0;328.0;50.0;30.0;45.0;2707.0;253.0;267.0;477.0;36.0;28154.0;16216.0;5364.0;548.0;93.0;78.0;98.0;4169.0;533.0;479.0;576.0
ŚREDZKI;POZNAŃSKIE;11.0;1394.0;1219.0;51.0;42.0;5.0;5.0;1.0;32.0;1.0;19.0;19.0;5.0;1301.0;1197.0;52.0;0.0;4.0;7.0;6.0;3.0;1.0;24.0;7.0;11.0;3796.0;3351.0;233.0;45.0;12.0;15.0;12.0;46.0;5.0;69.0;8.0;10.0;4260.0;3589.0;227.0;84.0;9.0;48.0;25.0;122.0;8.0;138.0;10.0;12.0;729.0;629.0;48.0;5.0;9.0;4.0;1.0;8.0;2.0;19.0;4.0;12.0;8286.0;6675.0;475.0;224.0;15.0;10.0;41.0;638.0;11.0;153.0;44.0;6.0;18920.0;12180.0;1398.0;487.0;46.0;24.0;39.0;3946.0;351.0;180.0;269.0;67.0;38686.0;28840.0;2484.0;887.0;100.0;113.0;125.0;4795.0;379.0;602.0;361.0
ŚREMSKI;POZNAŃSKIE;11.0;1559.0;1324.0;101.0;32.0;7.0;5.0;5.0;26.0;21.0;15.0;23.0;14.0;3575.0;2757.0;189.0;86.0;9.0;16.0;11.0;89.0;315.0;65.0;38.0;4.0;1395.0;1148.0;114.0;10.0;6.0;8.0;13.0;33.0;25.0;25.0;13.0;5.0;2270.0;1722.0;205.0;24.0;7.0;4.0;15.0;217.0;40.0;27.0;9.0;23.0;1531.0;1075.0;97.0;109.0;6.0;2.0;0.0;119.0;8.0;24.0;91.0;13.0;9374.0;6133.0;821.0;327.0;22.0;45.0;24.0;1509.0;182.0;196.0;115.0;12.0;26487.0;13652.0;1921.0;760.0;48.0;71.0;83.0;8777.0;713.0;360.0;102.0;82.0;46191.0;27811.0;3448.0;1348.0;105.0;151.0;151.0;10770.0;1304.0;712.0;391.0
ŻNIŃSKI;POZNAŃSKIE;26.0;3636.0;2602.0;194.0;74.0;18.0;13.0;3.0;41.0;564.0;55.0;72.0;9.0;2165.0;1645.0;147.0;47.0;9.0;6.0;5.0;7.0;234.0;46.0;19.0;10.0;3531.0;2989.0;185.0;38.0;10.0;9.0;10.0;56.0;162.0;70.0;2.0;4.0;1699.0;1552.0;90.0;4.0;7.0;4.0;5.0;0.0;3.0;34.0;0.0;80.0;5261.0;4397.0;320.0;182.0;29.0;18.0;1.0;31.0;50.0;89.0;144.0;6.0;4217.0;3460.0;355.0;96.0;12.0;8.0;17.0;118.0;97.0;53.0;1.0;2.0;2397.0;1839.0;77.0;45.0;4.0;18.0;7.0;289.0;70.0;33.0;15.0;137.0;22906.0;18484.0;1368.0;486.0;89.0;76.0;48.0;542.0;1180.0;380.0;253.0
BOHORODCZAŃSKI;STANISŁAWOWSKIE;1.0;119.0;101.0;3.0;5.0;1.0;2.0;0.0;4.0;0.0;3.0;0.0;1.0;230.0;70.0;6.0;0.0;1.0;5.0;0.0;147.0;0.0;1.0;0.0;0.0;0.0;0.0;0.0;0.0;0.0;0.0;0.0;0.0;0.0;0.0;0.0;0.0;0.0;0.0;0.0;0.0;0.0;0.0;0.0;0.0;0.0;0.0;0.0;2.0;151.0;73.0;39.0;6.0;1.0;3.0;0.0;24.0;0.0;1.0;4.0;2.0;1096.0;6.0;0.0;0.0;0.0;3.0;0.0;1087.0;0.0;0.0;0.0;2.0;30089.0;1231.0;385.0;199.0;5.0;15.0;33.0;27254.0;128.0;32.0;807.0;8.0;31685.0;1481.0;433.0;210.0;8.0;28.0;33.0;28516.0;128.0;37.0;811.0
DOLIŃSKI;STANISŁAWOWSKIE;2.0;332.0;163.0;58.0;49.0;4.0;3.0;2.0;37.0;6.0;6.0;4.0;2.0;502.0;116.0;29.0;14.0;1.0;1.0;0.0;226.0;0.0;2.0;113.0;1.0;325.0;105.0;17.0;58.0;2.0;4.0;6.0;23.0;93.0;5.0;12.0;0.0;0.0;0.0;0.0;0.0;0.0;0.0;0.0;0.0;0.0;0.0;0.0;0.0;0.0;0.0;0.0;0.0;0.0;0.0;0.0;0.0;0.0;0.0;0.0;0.0;0.0;0.0;0.0;0.0;0.0;0.0;0.0;0.0;0.0;0.0;0.0;2.0;2536.0;467.0;363.0;255.0;1.0;2.0;6.0;1403.0;0.0;8.0;31.0;7.0;3695.0;851.0;467.0;376.0;8.0;10.0;14.0;1689.0;99.0;21.0;160.0
HORODEŃSKI;STANISŁAWOWSKIE;13.0;1896.0;1458.0;32.0;68.0;5.0;11.0;1.0;250.0;10.0;16.0;45.0;15.0;3911.0;3103.0;199.0;134.0;42.0;17.0;9.0;203.0;28.0;75.0;101.0;11.0;3871.0;2915.0;146.0;220.0;18.0;26.0;4.0;320.0;52.0;62.0;108.0;1.0;418.0;319.0;0.0;29.0;0.0;1.0;0.0;64.0;0.0;2.0;3.0;2.0;151.0;100.0;11.0;7.0;1.0;3.0;0.0;15.0;0.0;4.0;10.0;15.0;9867.0;6320.0;209.0;442.0;65.0;66.0;8.0;2416.0;30.0;91.0;220.0;3.0;6918.0;4723.0;388.0;196.0;14.0;46.0;4.0;1394.0;42.0;48.0;63.0;60.0;27032.0;18938.0;985.0;1096.0;145.0;170.0;26.0;4662.0;162.0;298.0;550.0
KAŁUSKI;STANISŁAWOWSKIE;0.0;0.0;0.0;0.0;0.0;0.0;0.0;0.0;0.0;0.0;0.0;0.0;4.0;954.0;537.0;103.0;79.0;5.0;3.0;5.0;171.0;0.0;22.0;29.0;3.0;1027.0;547.0;45.0;141.0;2.0;14.0;6.0;265.0;2.0;4.0;1.0;1.0;447.0;139.0;0.0;139.0;2.0;2.0;0.0;163.0;0.0;1.0;1.0;5.0;376.0;227.0;79.0;28.0;0.0;4.0;0.0;35.0;0.0;2.0;1.0;4.0;2875.0;799.0;133.0;337.0;18.0;12.0;1.0;1456.0;0.0;9.0;110.0;3.0;4523.0;738.0;330.0;719.0;10.0;5.0;2.0;2630.0;6.0;14.0;69.0;20.0;10202.0;2987.0;690.0;1443.0;37.0;40.0;14.0;4720.0;8.0;52.0;211.0
KOSOWSKI (KOSÓW HUCULSKI);STANISŁAWOWSKIE;0.0;0.0;0.0;0.0;0.0;0.0;0.0;0.0;0.0;0.0;0.0;0.0;2.0;521.0;28.0;29.0;255.0;1.0;0.0;0.0;193.0;0.0;1.0;14.0;1.0;375.0;0.0;1.0;164.0;0.0;0.0;0.0;188.0;22.0;0.0;0.0;0.0;0.0;0.0;0.0;0.0;0.0;0.0;0.0;0.0;0.0;0.0;0.0;0.0;0.0;0.0;0.0;0.0;0.0;0.0;0.0;0.0;0.0;0.0;0.0;1.0;990.0;0.0;0.0;0.0;0.0;0.0;0.0;990.0;0.0;0.0;0.0;1.0;8895.0;11.0;101.0;293.0;1.0;6.0;0.0;8336.0;0.0;8.0;139.0;5.0;10781.0;39.0;131.0;712.0;2.0;6.0;0.0;9707.0;22.0;9.0;153.0
KOŁOMYJSKI;STANISŁAWOWSKIE;3.0;384.0;257.0;52.0;29.0;3.0;4.0;0.0;29.0;0.0;10.0;0.0;9.0;2253.0;1291.0;136.0;24.0;14.0;13.0;1.0;721.0;10.0;26.0;17.0;6.0;2108.0;1249.0;130.0;107.0;17.0;4.0;9.0;545.0;5.0;22.0;20.0;7.0;3069.0;2304.0;121.0;103.0;38.0;31.0;4.0;402.0;13.0;32.0;21.0;10.0;768.0;481.0;99.0;56.0;11.0;6.0;0.0;104.0;1.0;7.0;3.0;8.0;5172.0;3271.0;203.0;202.0;38.0;29.0;4.0;1363.0;0.0;36.0;26.0;2.0;3046.0;1471.0;197.0;429.0;7.0;6.0;3.0;859.0;12.0;22.0;40.0;45.0;16800.0;10324.0;938.0;950.0;128.0;93.0;21.0;4023.0;41.0;155.0;127.0
NADWÓRNIAŃSKI;STANISŁAWOWSKIE;4.0;602.0;113.0;115.0;138.0;0.0;6.0;0.0;204.0;1.0;2.0;23.0;3.0;840.0;81.0;117.0;198.0;0.0;9.0;0.0;413.0;0.0;18.0;4.0;2.0;726.0;361.0;26.0;87.0;8.0;2.0;0.0;229.0;0.0;6.0;7.0;2.0;838.0;82.0;209.0;64.0;1.0;3.0;0.0;478.0;0.0;1.0;0.0;10.0;708.0;245.0;230.0;116.0;5.0;0.0;0.0;92.0;0.0;5.0;15.0;1.0;750.0;244.0;125.0;258.0;3.0;3.0;0.0;114.0;0.0;1.0;2.0;2.0;4754.0;397.0;105.0;72.0;7.0;2.0;0.0;4155.0;5.0;9.0;2.0;24.0;9218.0;1523.0;927.0;933.0;24.0;25.0;0.0;5685.0;6.0;42.0;53.0
PECZENIŻYŃSKI;STANISŁAWOWSKIE;0.0;0.0;0.0;0.0;0.0;0.0;0.0;0.0;0.0;0.0;0.0;0.0;0.0;0.0;0.0;0.0;0.0;0.0;0.0;0.0;0.0;0.0;0.0;0.0;0.0;0.0;0.0;0.0;0.0;0.0;0.0;0.0;0.0;0.0;0.0;0.0;0.0;0.0;0.0;0.0;0.0;0.0;0.0;0.0;0.0;0.0;0.0;0.0;0.0;0.0;0.0;0.0;0.0;0.0;0.0;0.0;0.0;0.0;0.0;0.0;0.0;0.0;0.0;0.0;0.0;0.0;0.0;0.0;0.0;0.0;0.0;0.0;0.0;0.0;0.0;0.0;0.0;0.0;0.0;0.0;0.0;0.0;0.0;0.0;0.0;0.0;0.0;0.0;0.0;0.0;0.0;0.0;0.0;0.0;0.0;0.0
ROHATYŃSKI;STANISŁAWOWSKIE;11.0;1640.0;894.0;171.0;69.0;11.0;10.0;7.0;292.0;1.0;8.0;177.0;11.0;2674.0;1914.0;338.0;106.0;13.0;19.0;1.0;248.0;7.0;19.0;9.0;5.0;1663.0;787.0;376.0;56.0;1.0;5.0;1.0;423.0;0.0;5.0;9.0;5.0;2327.0;1158.0;244.0;249.0;6.0;3.0;1.0;539.0;71.0;14.0;42.0;2.0;185.0;150.0;6.0;0.0;2.0;1.0;1.0;19.0;0.0;6.0;0.0;9.0;6927.0;2738.0;1191.0;509.0;21.0;36.0;27.0;2030.0;282.0;30.0;63.0;10.0;17857.0;5756.0;2447.0;745.0;15.0;52.0;29.0;8401.0;209.0;89.0;114.0;53.0;33273.0;13397.0;4773.0;1734.0;69.0;126.0;67.0;11952.0;570.0;171.0;414.0
SKOLSKI;STANISŁAWOWSKIE;1.0;144.0;35.0;16.0;56.0;0.0;0.0;0.0;35.0;0.0;2.0;0.0;0.0;0.0;0.0;0.0;0.0;0.0;0.0;0.0;0.0;0.0;0.0;0.0;0.0;0.0;0.0;0.0;0.0;0.0;0.0;0.0;0.0;0.0;0.0;0.0;1.0;423.0;20.0;61.0;29.0;0.0;0.0;0.0;304.0;0.0;1.0;8.0;1.0;58.0;12.0;12.0;20.0;0.0;0.0;0.0;3.0;0.0;1.0;10.0;3.0;2001.0;180.0;153.0;65.0;4.0;5.0;0.0;1542.0;2.0;9.0;41.0;4.0;44010.0;682.0;1804.0;1252.0;10.0;10.0;3.0;40091.0;67.0;40.0;51.0;10.0;46636.0;929.0;2046.0;1422.0;14.0;15.0;3.0;41975.0;69.0;53.0;110.0
STANISŁAWOWSKI;STANISŁAWOWSKIE;5.0;778.0;535.0;108.0;42.0;7.0;4.0;8.0;44.0;0.0;9.0;21.0;5.0;1296.0;579.0;132.0;144.0;7.0;9.0;6.0;371.0;9.0;9.0;30.0;7.0;2470.0;1308.0;85.0;91.0;14.0;21.0;5.0;803.0;2.0;18.0;123.0;2.0;876.0;495.0;49.0;11.0;3.0;4.0;1.0;304.0;1.0;5.0;3.0;5.0;383.0;215.0;34.0;76.0;2.0;5.0;0.0;25.0;0.0;3.0;23.0;8.0;5942.0;1564.0;542.0;360.0;15.0;38.0;5.0;3327.0;0.0;27.0;64.0;4.0;5835.0;1054.0;385.0;409.0;16.0;5.0;6.0;3866.0;0.0;31.0;63.0;36.0;17580.0;5750.0;1335.0;1133.0;64.0;86.0;31.0;8740.0;12.0;102.0;327.0
STRYJSKI;STANISŁAWOWSKIE;3.0;343.0;121.0;72.0;56.0;4.0;4.0;0.0;68.0;2.0;6.0;10.0;2.0;528.0;186.0;64.0;70.0;1.0;5.0;5.0;180.0;0.0;4.0;13.0;4.0;1402.0;514.0;239.0;260.0;6.0;7.0;5.0;333.0;9.0;9.0;20.0;2.0;913.0;265.0;15.0;136.0;2.0;10.0;1.0;397.0;40.0;5.0;42.0;4.0;244.0;138.0;46.0;3.0;1.0;1.0;0.0;50.0;0.0;4.0;1.0;8.0;5167.0;1315.0;903.0;576.0;11.0;16.0;2.0;2262.0;10.0;41.0;31.0;8.0;12731.0;3014.0;1787.0;1906.0;69.0;30.0;20.0;5393.0;169.0;76.0;267.0;31.0;21328.0;5553.0;3126.0;3007.0;94.0;73.0;33.0;8683.0;230.0;145.0;384.0
TURCZAŃSKI;STANISŁAWOWSKIE;6.0;841.0;220.0;98.0;280.0;0.0;5.0;0.0;208.0;0.0;4.0;26.0;2.0;522.0;174.0;29.0;29.0;0.0;0.0;0.0;290.0;0.0;0.0;0.0;4.0;1338.0;155.0;70.0;428.0;0.0;0.0;0.0;681.0;0.0;3.0;1.0;1.0;435.0;46.0;5.0;36.0;0.0;0.0;0.0;348.0;0.0;0.0;0.0;9.0;678.0;160.0;73.0;204.0;0.0;0.0;0.0;170.0;0.0;6.0;65.0;1.0;516.0;1.0;0.0;0.0;0.0;0.0;0.0;515.0;0.0;0.0;0.0;10.0;43934.0;5130.0;1664.0;1270.0;1.0;4.0;0.0;35595.0;6.0;39.0;225.0;33.0;48264.0;5886.0;1939.0;2247.0;1.0;9.0;0.0;37807.0;6.0;52.0;317.0
TŁUMACKI;STANISŁAWOWSKIE;6.0;931.0;619.0;103.0;69.0;14.0;7.0;0.0;73.0;2.0;15.0;29.0;7.0;1789.0;1154.0;118.0;63.0;12.0;11.0;1.0;382.0;14.0;16.0;18.0;2.0;776.0;268.0;23.0;136.0;10.0;1.0;1.0;324.0;0.0;2.0;11.0;1.0;417.0;203.0;23.0;0.0;3.0;1.0;0.0;186.0;0.0;1.0;0.0;3.0;167.0;144.0;2.0;2.0;1.0;1.0;0.0;1.0;0.0;1.0;15.0;15.0;10815.0;4098.0;676.0;1065.0;40.0;16.0;5.0;4682.0;71.0;60.0;102.0;6.0;9739.0;3319.0;796.0;353.0;10.0;18.0;8.0;4893.0;83.0;50.0;209.0;40.0;24634.0;9805.0;1741.0;1688.0;90.0;55.0;15.0;10541.0;170.0;145.0;384.0
ŚNIATYŃSKI;STANISŁAWOWSKIE;5.0;880.0;706.0;63.0;40.0;7.0;5.0;2.0;9.0;2.0;17.0;29.0;7.0;1581.0;1239.0;216.0;48.0;6.0;13.0;6.0;23.0;2.0;13.0;15.0;3.0;1077.0;614.0;44.0;159.0;6.0;2.0;0.0;217.0;6.0;12.0;17.0;3.0;1400.0;852.0;60.0;75.0;16.0;5.0;7.0;356.0;1.0;8.0;20.0;3.0;237.0;165.0;6.0;24.0;3.0;2.0;0.0;35.0;0.0;2.0;0.0;10.0;7143.0;4379.0;548.0;448.0;47.0;16.0;13.0;1365.0;121.0;75.0;131.0;0.0;0.0;0.0;0.0;0.0;0.0;0.0;0.0;0.0;0.0;0.0;0.0;31.0;12318.0;7955.0;937.0;794.0;85.0;43.0;28.0;2005.0;132.0;127.0;212.0
ŻYDACZOWSKI;STANISŁAWOWSKIE;0.0;0.0;0.0;0.0;0.0;0.0;0.0;0.0;0.0;0.0;0.0;0.0;1.0;234.0;158.0;42.0;1.0;0.0;5.0;0.0;26.0;0.0;1.0;1.0;0.0;0.0;0.0;0.0;0.0;0.0;0.0;0.0;0.0;0.0;0.0;0.0;3.0;1343.0;371.0;209.0;40.0;3.0;2.0;1.0;665.0;1.0;5.0;46.0;1.0;84.0;43.0;0.0;37.0;0.0;2.0;0.0;0.0;0.0;1.0;1.0;9.0;6964.0;1473.0;622.0;1725.0;22.0;23.0;6.0;2815.0;56.0;50.0;172.0;9.0;18277.0;4152.0;1971.0;3486.0;24.0;96.0;7.0;8060.0;72.0;57.0;352.0;23.0;26902.0;6197.0;2844.0;5289.0;49.0;128.0;14.0;11566.0;129.0;114.0;572.0
BORSZCZOWSKI;TARNOPOLSKIE;3.0;488.0;418.0;3.0;0.0;2.0;1.0;0.0;52.0;0.0;4.0;8.0;2.0;546.0;462.0;16.0;24.0;5.0;5.0;2.0;29.0;0.0;3.0;0.0;0.0;0.0;0.0;0.0;0.0;0.0;0.0;0.0;0.0;0.0;0.0;0.0;3.0;1381.0;1115.0;12.0;91.0;5.0;10.0;0.0;91.0;0.0;12.0;45.0;4.0;293.0;233.0;5.0;8.0;2.0;2.0;1.0;41.0;0.0;1.0;0.0;8.0;6419.0;4331.0;132.0;485.0;15.0;38.0;16.0;1311.0;36.0;26.0;29.0;12.0;29419.0;19550.0;614.0;825.0;63.0;175.0;29.0;7703.0;64.0;172.0;224.0;32.0;38546.0;26109.0;782.0;1433.0;92.0;231.0;48.0;9227.0;100.0;218.0;306.0
BRODZKI;TARNOPOLSKIE;0.0;0.0;0.0;0.0;0.0;0.0;0.0;0.0;0.0;0.0;0.0;0.0;3.0;754.0;339.0;171.0;6.0;47.0;2.0;0.0;159.0;26.0;4.0;0.0;1.0;374.0;145.0;0.0;0.0;1.0;1.0;0.0;224.0;0.0;3.0;0.0;0.0;0.0;0.0;0.0;0.0;0.0;0.0;0.0;0.0;0.0;0.0;0.0;1.0;95.0;30.0;58.0;0.0;0.0;0.0;0.0;0.0;0.0;1.0;6.0;4.0;2525.0;1422.0;142.0;27.0;4.0;13.0;4.0;868.0;14.0;19.0;12.0;9.0;32549.0;6283.0;2411.0;460.0;7.0;90.0;34.0;22391.0;714.0;87.0;72.0;18.0;36297.0;8219.0;2782.0;493.0;59.0;106.0;38.0;23642.0;754.0;114.0;90.0
BRZEŻAŃSKI;TARNOPOLSKIE;6.0;990.0;868.0;34.0;48.0;3.0;13.0;4.0;4.0;1.0;9.0;6.0;1.0;249.0;72.0;17.0;0.0;3.0;0.0;0.0;119.0;0.0;8.0;30.0;1.0;342.0;312.0;17.0;0.0;2.0;3.0;3.0;0.0;2.0;3.0;0.0;3.0;1409.0;1087.0;206.0;18.0;4.0;9.0;3.0;0.0;70.0;7.0;5.0;3.0;179.0;154.0;5.0;9.0;3.0;0.0;0.0;6.0;0.0;2.0;0.0;5.0;3252.0;2708.0;153.0;42.0;7.0;18.0;4.0;203.0;1.0;12.0;104.0;7.0;34533.0;12306.0;1911.0;468.0;28.0;154.0;40.0;18823.0;428.0;123.0;252.0;26.0;40954.0;17507.0;2343.0;585.0;50.0;197.0;54.0;19155.0;502.0;164.0;397.0
BUCZACKI;TARNOPOLSKIE;3.0;438.0;161.0;25.0;6.0;3.0;6.0;0.0;225.0;0.0;4.0;8.0;4.0;944.0;432.0;102.0;3.0;0.0;1.0;0.0;363.0;1.0;2.0;40.0;3.0;1114.0;746.0;35.0;18.0;15.0;1.0;2.0;266.0;0.0;1.0;30.0;4.0;1736.0;1040.0;240.0;105.0;8.0;7.0;5.0;303.0;11.0;11.0;6.0;3.0;226.0;153.0;12.0;10.0;1.0;2.0;3.0;34.0;0.0;6.0;5.0;15.0;11777.0;6121.0;291.0;199.0;45.0;44.0;10.0;4947.0;8.0;57.0;55.0;15.0;23482.0;12341.0;985.0;595.0;31.0;202.0;27.0;8961.0;61.0;115.0;164.0;47.0;39717.0;20994.0;1690.0;936.0;103.0;263.0;47.0;15099.0;81.0;196.0;308.0
CZORTKOWSKI;TARNOPOLSKIE;4.0;498.0;276.0;12.0;0.0;0.0;0.0;0.0;210.0;0.0;0.0;0.0;1.0;203.0;139.0;0.0;0.0;0.0;0.0;3.0;58.0;0.0;3.0;0.0;2.0;694.0;541.0;50.0;1.0;2.0;0.0;0.0;58.0;10.0;4.0;28.0;2.0;847.0;726.0;49.0;31.0;0.0;9.0;0.0;14.0;9.0;9.0;0.0;0.0;0.0;0.0;0.0;0.0;0.0;0.0;0.0;0.0;0.0;0.0;0.0;10.0;7569.0;5378.0;234.0;87.0;31.0;45.0;35.0;1602.0;40.0;68.0;49.0;8.0;17388.0;10695.0;426.0;401.0;24.0;97.0;19.0;5385.0;35.0;113.0;193.0;27.0;27199.0;17755.0;771.0;520.0;57.0;151.0;57.0;7327.0;94.0;197.0;270.0
HUSIATYŃSKI;TARNOPOLSKIE;4.0;665.0;605.0;13.0;0.0;1.0;2.0;0.0;32.0;1.0;4.0;7.0;0.0;0.0;0.0;0.0;0.0;0.0;0.0;0.0;0.0;0.0;0.0;0.0;4.0;1331.0;1106.0;81.0;17.0;5.0;6.0;8.0;52.0;3.0;23.0;30.0;3.0;1291.0;822.0;34.0;0.0;5.0;0.0;0.0;380.0;45.0;3.0;2.0;1.0;68.0;49.0;4.0;5.0;1.0;2.0;0.0;7.0;0.0;0.0;0.0;10.0;7691.0;5611.0;391.0;96.0;30.0;65.0;184.0;1060.0;164.0;68.0;22.0;9.0;24150.0;16294.0;1402.0;477.0;38.0;84.0;55.0;4979.0;306.0;240.0;275.0;31.0;35196.0;24487.0;1925.0;595.0;80.0;159.0;247.0;6510.0;519.0;338.0;336.0
KAMIONECKI;TARNOPOLSKIE;4.0;674.0;461.0;53.0;74.0;0.0;2.0;1.0;65.0;0.0;16.0;2.0;2.0;427.0;189.0;52.0;18.0;1.0;1.0;1.0;145.0;1.0;13.0;6.0;1.0;347.0;290.0;41.0;4.0;0.0;8.0;0.0;0.0;0.0;2.0;2.0;3.0;1298.0;695.0;334.0;32.0;7.0;12.0;1.0;199.0;5.0;12.0;1.0;1.0;71.0;50.0;14.0;0.0;1.0;1.0;0.0;0.0;0.0;2.0;3.0;7.0;5181.0;2817.0;503.0;91.0;21.0;31.0;5.0;1633.0;2.0;46.0;32.0;7.0;18323.0;4340.0;2732.0;370.0;45.0;30.0;9.0;10453.0;95.0;57.0;192.0;25.0;26321.0;8842.0;3729.0;589.0;75.0;85.0;17.0;12495.0;103.0;148.0;238.0
PODHAJECKI;TARNOPOLSKIE;2.0;385.0;344.0;19.0;6.0;4.0;1.0;0.0;2.0;5.0;3.0;1.0;8.0;1979.0;1473.0;54.0;62.0;13.0;9.0;4.0;317.0;2.0;18.0;27.0;6.0;2127.0;1484.0;61.0;87.0;9.0;11.0;1.0;356.0;87.0;14.0;17.0;2.0;941.0;866.0;22.0;2.0;1.0;7.0;1.0;38.0;0.0;3.0;1.0;3.0;181.0;122.0;5.0;28.0;2.0;2.0;0.0;8.0;4.0;1.0;9.0;5.0;3062.0;1849.0;114.0;98.0;10.0;22.0;7.0;938.0;0.0;18.0;6.0;7.0;9502.0;5316.0;649.0;61.0;26.0;33.0;7.0;2867.0;423.0;46.0;74.0;33.0;18177.0;11454.0;924.0;344.0;65.0;85.0;20.0;4526.0;521.0;103.0;135.0
PRZEMYŚLAŃSKI;TARNOPOLSKIE;6.0;935.0;609.0;63.0;65.0;2.0;2.0;0.0;156.0;0.0;15.0;23.0;5.0;1239.0;483.0;61.0;94.0;4.0;5.0;3.0;570.0;1.0;7.0;11.0;4.0;1362.0;621.0;88.0;67.0;4.0;9.0;0.0;526.0;0.0;6.0;41.0;3.0;1369.0;593.0;81.0;7.0;5.0;8.0;1.0;618.0;0.0;4.0;52.0;12.0;892.0;638.0;48.0;55.0;4.0;5.0;0.0;74.0;39.0;12.0;17.0;7.0;4218.0;1963.0;273.0;46.0;31.0;26.0;20.0;1791.0;1.0;28.0;39.0;5.0;9001.0;3479.0;1300.0;556.0;8.0;45.0;12.0;3506.0;5.0;73.0;17.0;42.0;19016.0;8386.0;1914.0;890.0;58.0;100.0;36.0;7241.0;46.0;145.0;200.0
RADZIECHOWSKI;TARNOPOLSKIE;5.0;722.0;556.0;40.0;6.0;1.0;1.0;2.0;79.0;19.0;6.0;12.0;4.0;960.0;449.0;187.0;19.0;4.0;4.0;0.0;289.0;1.0;3.0;4.0;4.0;1466.0;1222.0;56.0;7.0;5.0;10.0;0.0;154.0;1.0;10.0;1.0;3.0;1395.0;809.0;183.0;0.0;0.0;4.0;0.0;381.0;0.0;12.0;6.0;7.0;610.0;486.0;69.0;16.0;7.0;9.0;1.0;1.0;1.0;18.0;2.0;10.0;7175.0;3442.0;918.0;492.0;34.0;13.0;9.0;2162.0;11.0;49.0;45.0;10.0;22434.0;5658.0;2440.0;340.0;8.0;43.0;2.0;13375.0;96.0;129.0;343.0;43.0;34762.0;12622.0;3893.0;880.0;59.0;84.0;14.0;16441.0;129.0;227.0;413.0
SKAŁACKI;TARNOPOLSKIE;6.0;1020.0;753.0;51.0;3.0;2.0;6.0;0.0;14.0;178.0;8.0;5.0;2.0;493.0;329.0;84.0;23.0;2.0;1.0;0.0;45.0;0.0;8.0;1.0;7.0;2401.0;1743.0;56.0;30.0;6.0;16.0;3.0;496.0;16.0;24.0;11.0;4.0;1755.0;1212.0;36.0;53.0;8.0;44.0;0.0;320.0;1.0;7.0;74.0;2.0;129.0;124.0;2.0;1.0;0.0;1.0;0.0;0.0;0.0;1.0;0.0;9.0;6157.0;4227.0;278.0;38.0;24.0;44.0;22.0;1424.0;3.0;45.0;52.0;10.0;16600.0;10291.0;726.0;281.0;22.0;98.0;337.0;4483.0;132.0;130.0;100.0;40.0;28555.0;18679.0;1233.0;429.0;64.0;210.0;362.0;6782.0;330.0;223.0;243.0
TARNOPOLSKI;TARNOPOLSKIE;3.0;507.0;416.0;35.0;23.0;13.0;7.0;3.0;0.0;0.0;1.0;9.0;10.0;2480.0;2212.0;204.0;13.0;1.0;13.0;2.0;15.0;1.0;12.0;7.0;6.0;2063.0;1558.0;166.0;22.0;9.0;17.0;13.0;246.0;0.0;24.0;8.0;3.0;1373.0;1135.0;99.0;1.0;5.0;14.0;0.0;68.0;36.0;11.0;4.0;0.0;0.0;0.0;0.0;0.0;0.0;0.0;0.0;0.0;0.0;0.0;0.0;16.0;12706.0;9528.0;1010.0;162.0;25.0;64.0;20.0;1666.0;72.0;66.0;93.0;7.0;13510.0;8843.0;694.0;334.0;23.0;79.0;11.0;2996.0;291.0;138.0;101.0;45.0;32639.0;23692.0;2208.0;555.0;76.0;194.0;49.0;4991.0;400.0;252.0;222.0
TREMBOWELSKI;TARNOPOLSKIE;2.0;297.0;275.0;2.0;0.0;0.0;1.0;0.0;0.0;0.0;11.0;8.0;4.0;1045.0;668.0;81.0;10.0;0.0;6.0;0.0;270.0;2.0;7.0;1.0;2.0;681.0;592.0;70.0;11.0;2.0;1.0;0.0;0.0;1.0;4.0;0.0;0.0;0.0;0.0;0.0;0.0;0.0;0.0;0.0;0.0;0.0;0.0;0.0;2.0;136.0;95.0;26.0;0.0;0.0;0.0;0.0;0.0;6.0;0.0;9.0;5.0;3542.0;2924.0;208.0;92.0;10.0;15.0;7.0;199.0;26.0;31.0;30.0;8.0;13926.0;7622.0;654.0;281.0;21.0;53.0;16.0;5012.0;82.0;71.0;114.0;23.0;19627.0;12176.0;1041.0;394.0;33.0;76.0;23.0;5481.0;117.0;124.0;162.0
ZALESZCZYCKI;TARNOPOLSKIE;4.0;581.0;489.0;3.0;22.0;2.0;2.0;2.0;55.0;1.0;2.0;3.0;6.0;1588.0;1171.0;0.0;42.0;12.0;10.0;2.0;290.0;1.0;16.0;44.0;4.0;1450.0;1024.0;14.0;24.0;12.0;3.0;1.0;307.0;2.0;14.0;49.0;5.0;2235.0;1937.0;33.0;37.0;4.0;8.0;2.0;139.0;5.0;21.0;49.0;1.0;73.0;64.0;0.0;9.0;0.0;0.0;0.0;0.0;0.0;0.0;0.0;13.0;10424.0;7217.0;104.0;290.0;37.0;51.0;17.0;2465.0;48.0;63.0;132.0;9.0;14941.0;10524.0;195.0;339.0;8.0;43.0;5.0;3647.0;10.0;73.0;97.0;42.0;31292.0;22426.0;349.0;763.0;75.0;117.0;29.0;6903.0;67.0;189.0;374.0
ZBARASKI;TARNOPOLSKIE;5.0;774.0;634.0;86.0;18.0;5.0;7.0;1.0;0.0;0.0;12.0;11.0;8.0;1915.0;1575.0;131.0;5.0;8.0;18.0;8.0;80.0;36.0;30.0;24.0;6.0;2098.0;1741.0;185.0;23.0;8.0;13.0;2.0;36.0;38.0;18.0;34.0;5.0;2305.0;1885.0;99.0;69.0;9.0;8.0;7.0;130.0;58.0;23.0;17.0;3.0;198.0;185.0;2.0;0.0;0.0;1.0;0.0;5.0;1.0;3.0;1.0;9.0;5765.0;4285.0;229.0;51.0;22.0;39.0;28.0;915.0;107.0;56.0;33.0;3.0;3693.0;2643.0;98.0;8.0;20.0;26.0;0.0;828.0;0.0;32.0;38.0;39.0;16748.0;12948.0;830.0;174.0;72.0;112.0;46.0;1994.0;240.0;174.0;158.0
ZBOROWSKI;TARNOPOLSKIE;7.0;1011.0;809.0;121.0;20.0;4.0;10.0;3.0;37.0;0.0;7.0;0.0;4.0;1111.0;887.0;81.0;17.0;1.0;3.0;0.0;52.0;55.0;8.0;7.0;4.0;1374.0;1040.0;116.0;16.0;1.0;4.0;6.0;160.0;0.0;10.0;21.0;2.0;891.0;659.0;45.0;2.0;2.0;2.0;0.0;0.0;0.0;11.0;170.0;3.0;244.0;201.0;24.0;5.0;0.0;0.0;0.0;3.0;0.0;9.0;2.0;3.0;2390.0;1006.0;151.0;60.0;15.0;13.0;8.0;1127.0;1.0;7.0;2.0;6.0;15353.0;7119.0;1151.0;261.0;12.0;63.0;2.0;6129.0;525.0;52.0;39.0;29.0;22374.0;11721.0;1689.0;381.0;35.0;95.0;19.0;7508.0;581.0;104.0;241.0
ZŁOCZOWSKI;TARNOPOLSKIE;9.0;1418.0;751.0;215.0;29.0;3.0;6.0;0.0;342.0;0.0;12.0;60.0;6.0;1338.0;702.0;140.0;108.0;2.0;8.0;0.0;363.0;2.0;12.0;1.0;6.0;2050.0;1002.0;257.0;75.0;6.0;6.0;6.0;639.0;32.0;16.0;11.0;5.0;2296.0;1105.0;598.0;84.0;5.0;21.0;5.0;403.0;1.0;23.0;51.0;3.0;249.0;170.0;29.0;12.0;0.0;2.0;0.0;36.0;0.0;0.0;0.0;14.0;10889.0;5473.0;1304.0;545.0;18.0;56.0;45.0;3313.0;18.0;52.0;65.0;5.0;9311.0;1938.0;897.0;454.0;7.0;11.0;12.0;5692.0;162.0;63.0;75.0;48.0;27551.0;11141.0;3440.0;1307.0;41.0;110.0;68.0;10788.0;215.0;178.0;263.0
BŁOŃSKI;WARSZAWSKIE;28.0;4267.0;3157.0;328.0;163.0;100.0;22.0;21.0;202.0;41.0;121.0;112.0;22.0;5347.0;3790.0;441.0;231.0;121.0;61.0;34.0;251.0;143.0;172.0;103.0;14.0;4954.0;3419.0;341.0;203.0;42.0;24.0;39.0;454.0;133.0;275.0;24.0;5.0;2147.0;1566.0;104.0;137.0;31.0;7.0;18.0;202.0;16.0;51.0;15.0;23.0;1529.0;1040.0;109.0;89.0;40.0;20.0;14.0;33.0;42.0;60.0;82.0;5.0;2947.0;1643.0;252.0;176.0;35.0;6.0;11.0;667.0;14.0;72.0;71.0;6.0;16373.0;7813.0;1179.0;547.0;64.0;43.0;61.0;6127.0;109.0;271.0;159.0;103.0;37564.0;22428.0;2754.0;1546.0;433.0;183.0;198.0;7936.0;498.0;1022.0;566.0
CIECHANOWSKI;WARSZAWSKIE;44.0;6267.0;4392.0;413.0;511.0;42.0;21.0;2.0;264.0;56.0;115.0;451.0;25.0;5927.0;4476.0;478.0;421.0;63.0;21.0;20.0;192.0;35.0;129.0;92.0;17.0;5835.0;3956.0;470.0;454.0;61.0;29.0;12.0;526.0;23.0;108.0;196.0;6.0;2584.0;1629.0;277.0;298.0;14.0;13.0;3.0;235.0;22.0;72.0;21.0;69.0;4754.0;3297.0;323.0;516.0;31.0;14.0;4.0;141.0;50.0;98.0;280.0;10.0;6697.0;4068.0;373.0;582.0;38.0;25.0;8.0;985.0;48.0;220.0;350.0;2.0;12546.0;5934.0;826.0;640.0;45.0;190.0;32.0;4401.0;42.0;361.0;75.0;173.0;44610.0;27752.0;3160.0;3422.0;294.0;313.0;81.0;6744.0;276.0;1103.0;1465.0
GOSTYNIŃSKI;WARSZAWSKIE;7.0;1123.0;706.0;148.0;22.0;16.0;17.0;3.0;59.0;56.0;41.0;55.0;10.0;2351.0;1568.0;245.0;204.0;44.0;7.0;12.0;24.0;87.0;69.0;91.0;6.0;2040.0;1492.0;263.0;96.0;24.0;8.0;5.0;90.0;20.0;30.0;12.0;7.0;3201.0;2231.0;273.0;134.0;35.0;2.0;4.0;221.0;31.0;101.0;169.0;9.0;591.0;426.0;35.0;32.0;9.0;0.0;0.0;13.0;10.0;26.0;40.0;12.0;9039.0;4866.0;936.0;393.0;35.0;35.0;22.0;2116.0;63.0;221.0;352.0;6.0;13873.0;4722.0;953.0;417.0;52.0;10.0;45.0;6513.0;213.0;165.0;783.0;57.0;32218.0;16011.0;2853.0;1298.0;215.0;79.0;91.0;9036.0;480.0;653.0;1502.0
GRÓJECKI;WARSZAWSKIE;32.0;5153.0;3707.0;231.0;200.0;120.0;18.0;12.0;582.0;29.0;118.0;136.0;26.0;6548.0;4550.0;475.0;413.0;138.0;65.0;35.0;328.0;104.0;169.0;271.0;18.0;6024.0;4119.0;344.0;491.0;81.0;40.0;15.0;598.0;66.0;136.0;134.0;12.0;5502.0;3913.0;399.0;185.0;97.0;26.0;24.0;542.0;119.0;121.0;76.0;22.0;1660.0;1203.0;96.0;58.0;124.0;18.0;14.0;53.0;26.0;40.0;28.0;22.0;14809.0;9253.0;924.0;1007.0;149.0;78.0;72.0;2414.0;315.0;402.0;195.0;10.0;16284.0;6981.0;735.0;614.0;100.0;47.0;43.0;6986.0;311.0;336.0;131.0;142.0;55980.0;33726.0;3204.0;2968.0;809.0;292.0;215.0;11503.0;970.0;1322.0;971.0
KUTNOWSKI;WARSZAWSKIE;24.0;3373.0;2933.0;99.0;93.0;49.0;23.0;6.0;14.0;14.0;97.0;45.0;18.0;4449.0;3781.0;185.0;158.0;42.0;23.0;7.0;89.0;29.0;95.0;40.0;11.0;3843.0;3009.0;318.0;152.0;35.0;20.0;13.0;63.0;54.0;98.0;81.0;6.0;2654.0;2152.0;211.0;57.0;24.0;11.0;17.0;92.0;7.0;73.0;10.0;13.0;876.0;683.0;92.0;35.0;15.0;3.0;0.0;0.0;5.0;29.0;14.0;19.0;12803.0;9594.0;852.0;454.0;99.0;81.0;90.0;974.0;33.0;326.0;300.0;9.0;16078.0;12378.0;615.0;282.0;99.0;51.0;58.0;1961.0;103.0;395.0;136.0;100.0;44076.0;34530.0;2372.0;1231.0;363.0;212.0;191.0;3193.0;245.0;1113.0;626.0
LIPNOWSKI;WARSZAWSKIE;34.0;4756.0;3355.0;316.0;243.0;42.0;15.0;9.0;128.0;168.0;82.0;398.0;25.0;6332.0;4352.0;383.0;307.0;45.0;17.0;9.0;843.0;71.0;102.0;203.0;10.0;3483.0;2293.0;261.0;141.0;18.0;24.0;7.0;468.0;69.0;87.0;115.0;11.0;4930.0;3309.0;295.0;190.0;42.0;16.0;11.0;594.0;137.0;88.0;248.0;51.0;3328.0;1972.0;242.0;327.0;34.0;13.0;0.0;277.0;72.0;80.0;311.0;22.0;14186.0;9066.0;942.0;569.0;78.0;76.0;30.0;1568.0;841.0;339.0;677.0;12.0;26283.0;8835.0;1488.0;903.0;80.0;59.0;20.0;13312.0;601.0;248.0;737.0;165.0;63298.0;33182.0;3927.0;2680.0;339.0;220.0;86.0;17190.0;1959.0;1026.0;2689.0
MAKOWSKI (MAKÓW MAZOWIECKI);WARSZAWSKIE;6.0;784.0;454.0;88.0;35.0;9.0;7.0;2.0;111.0;4.0;8.0;66.0;6.0;1492.0;1142.0;50.0;132.0;7.0;2.0;0.0;124.0;4.0;12.0;19.0;5.0;1775.0;1252.0;70.0;135.0;11.0;5.0;3.0;265.0;5.0;26.0;3.0;3.0;1292.0;617.0;143.0;120.0;8.0;7.0;11.0;296.0;23.0;19.0;48.0;21.0;1505.0;624.0;87.0;280.0;3.0;3.0;0.0;183.0;21.0;26.0;278.0;4.0;2915.0;1108.0;372.0;96.0;16.0;2.0;1.0;1089.0;78.0;42.0;111.0;1.0;3292.0;1246.0;159.0;109.0;7.0;3.0;0.0;1712.0;12.0;43.0;1.0;46.0;13055.0;6443.0;969.0;907.0;61.0;29.0;17.0;3780.0;147.0;176.0;526.0
MIŃSKI;WARSZAWSKIE;16.0;2347.0;1291.0;211.0;339.0;30.0;5.0;3.0;244.0;14.0;55.0;155.0;8.0;1777.0;882.0;153.0;125.0;33.0;10.0;17.0;344.0;17.0;36.0;160.0;10.0;3480.0;1869.0;295.0;426.0;35.0;13.0;21.0;414.0;72.0;88.0;247.0;5.0;2198.0;1092.0;158.0;285.0;25.0;8.0;2.0;540.0;16.0;29.0;43.0;9.0;635.0;369.0;50.0;97.0;11.0;3.0;6.0;27.0;9.0;25.0;38.0;4.0;2678.0;1124.0;196.0;141.0;30.0;16.0;11.0;904.0;11.0;70.0;175.0;7.0;12893.0;3333.0;1213.0;1313.0;21.0;6.0;82.0;6242.0;122.0;106.0;455.0;59.0;26008.0;9960.0;2276.0;2726.0;185.0;61.0;142.0;8715.0;261.0;409.0;1273.0
MŁAWSKI;WARSZAWSKIE;44.0;6449.0;4201.0;657.0;685.0;33.0;17.0;2.0;238.0;20.0;135.0;461.0;15.0;3749.0;2837.0;353.0;209.0;26.0;11.0;1.0;185.0;6.0;57.0;64.0;26.0;8995.0;5678.0;1117.0;687.0;43.0;30.0;2.0;949.0;43.0;106.0;340.0;12.0;5278.0;3679.0;607.0;517.0;24.0;18.0;0.0;208.0;8.0;67.0;150.0;81.0;5583.0;3229.0;481.0;786.0;49.0;16.0;2.0;389.0;34.0;124.0;473.0;20.0;12782.0;7282.0;1891.0;1115.0;72.0;30.0;15.0;1625.0;100.0;165.0;487.0;3.0;3916.0;1560.0;560.0;202.0;13.0;12.0;6.0;1416.0;41.0;42.0;64.0;201.0;46752.0;28466.0;5666.0;4201.0;260.0;134.0;28.0;5010.0;252.0;696.0;2039.0
NIESZAWSKI;WARSZAWSKIE;20.0;2932.0;2346.0;142.0;115.0;29.0;22.0;3.0;13.0;121.0;75.0;66.0;16.0;3944.0;3215.0;162.0;137.0;43.0;23.0;5.0;96.0;94.0;116.0;53.0;27.0;9449.0;7778.0;461.0;288.0;81.0;50.0;12.0;315.0;130.0;223.0;111.0;7.0;3113.0;2432.0;166.0;124.0;19.0;19.0;9.0;145.0;31.0;105.0;63.0;43.0;2938.0;2214.0;232.0;218.0;35.0;15.0;4.0;15.0;34.0;71.0;100.0;18.0;11243.0;8872.0;670.0;557.0;100.0;103.0;20.0;378.0;69.0;296.0;178.0;1.0;1149.0;759.0;96.0;67.0;3.0;9.0;5.0;162.0;3.0;39.0;6.0;132.0;34768.0;27616.0;1929.0;1506.0;310.0;241.0;58.0;1124.0;482.0;925.0;577.0
PRZASNYCKI;WARSZAWSKIE;25.0;3511.0;1687.0;356.0;350.0;4.0;5.0;0.0;619.0;18.0;38.0;434.0;15.0;3589.0;2070.0;260.0;338.0;20.0;11.0;1.0;588.0;9.0;47.0;245.0;7.0;2413.0;1665.0;250.0;74.0;13.0;11.0;1.0;316.0;7.0;43.0;33.0;5.0;2188.0;1469.0;165.0;167.0;9.0;11.0;2.0;216.0;4.0;21.0;124.0;54.0;3845.0;1991.0;289.0;608.0;12.0;12.0;0.0;318.0;15.0;77.0;523.0;8.0;5552.0;3236.0;307.0;236.0;29.0;16.0;4.0;1543.0;5.0;105.0;71.0;1.0;2929.0;20.0;682.0;73.0;0.0;2.0;0.0;1186.0;0.0;6.0;960.0;115.0;24027.0;12138.0;2309.0;1846.0;87.0;68.0;8.0;4786.0;58.0;337.0;2390.0
PUŁTUSKI;WARSZAWSKIE;23.0;3367.0;2469.0;224.0;276.0;43.0;15.0;7.0;43.0;16.0;98.0;176.0;13.0;3156.0;2439.0;175.0;244.0;36.0;5.0;5.0;93.0;12.0;78.0;69.0;14.0;5003.0;3702.0;252.0;432.0;50.0;14.0;12.0;345.0;26.0;103.0;67.0;4.0;1870.0;1287.0;198.0;126.0;42.0;11.0;7.0;119.0;16.0;39.0;25.0;37.0;2717.0;1862.0;162.0;297.0;36.0;8.0;0.0;73.0;21.0;91.0;167.0;11.0;7438.0;4190.0;571.0;492.0;71.0;25.0;19.0;1544.0;48.0;133.0;345.0;7.0;14478.0;5802.0;578.0;1410.0;78.0;18.0;157.0;5009.0;155.0;128.0;1143.0;109.0;38029.0;21751.0;2160.0;3277.0;356.0;96.0;207.0;7226.0;294.0;670.0;1992.0
PŁOCKI;WARSZAWSKIE;60.0;8953.0;7194.0;514.0;527.0;88.0;36.0;15.0;148.0;44.0;181.0;206.0;47.0;11623.0;9298.0;552.0;531.0;98.0;31.0;7.0;568.0;68.0;241.0;229.0;27.0;9561.0;7715.0;545.0;435.0;78.0;41.0;13.0;405.0;30.0;216.0;83.0;13.0;5849.0;4796.0;258.0;253.0;49.0;17.0;14.0;230.0;68.0;72.0;92.0;63.0;4595.0;3503.0;232.0;371.0;43.0;21.0;1.0;91.0;28.0;119.0;186.0;27.0;18185.0;13240.0;913.0;1102.0;120.0;49.0;63.0;1914.0;93.0;408.0;283.0;2.0;2374.0;1164.0;73.0;56.0;8.0;0.0;0.0;1027.0;0.0;46.0;;239.0;61140.0;46910.0;3087.0;3275.0;484.0;195.0;113.0;4383.0;331.0;1283.0;1079.0
PŁOŃSKI;WARSZAWSKIE;41.0;5504.0;4028.0;294.0;314.0;50.0;15.0;3.0;313.0;90.0;143.0;254.0;30.0;7080.0;5489.0;599.0;356.0;61.0;21.0;8.0;267.0;35.0;153.0;91.0;16.0;5467.0;4265.0;274.0;212.0;45.0;22.0;6.0;375.0;26.0;135.0;107.0;11.0;5014.0;3566.0;305.0;263.0;31.0;10.0;41.0;542.0;26.0;77.0;153.0;67.0;4742.0;3250.0;262.0;479.0;36.0;12.0;0.0;129.0;38.0;130.0;406.0;15.0;9108.0;6363.0;526.0;661.0;82.0;31.0;19.0;839.0;112.0;198.0;277.0;6.0;10018.0;6982.0;297.0;388.0;55.0;21.0;18.0;1960.0;50.0;193.0;54.0;186.0;46933.0;33943.0;2557.0;2673.0;360.0;132.0;95.0;4425.0;377.0;1029.0;1342.0
RADZYMIŃSKI;WARSZAWSKIE;19.0;2741.0;1287.0;300.0;476.0;57.0;10.0;14.0;204.0;54.0;77.0;262.0;6.0;1492.0;832.0;67.0;134.0;36.0;6.0;6.0;311.0;3.0;22.0;75.0;3.0;940.0;404.0;100.0;105.0;19.0;8.0;0.0;210.0;15.0;30.0;49.0;3.0;1431.0;402.0;101.0;102.0;4.0;8.0;1.0;536.0;60.0;26.0;191.0;17.0;1294.0;526.0;128.0;182.0;20.0;16.0;8.0;178.0;38.0;31.0;167.0;2.0;1167.0;223.0;56.0;0.0;11.0;0.0;3.0;753.0;1.0;5.0;115.0;1.0;6523.0;1440.0;63.0;101.0;24.0;0.0;0.0;4266.0;120.0;44.0;465.0;51.0;15588.0;5114.0;815.0;1100.0;171.0;48.0;32.0;6458.0;291.0;235.0;1324.0
RAWSKI (RAWA MAZOWIECKA);WARSZAWSKIE;17.0;2397.0;1596.0;209.0;208.0;35.0;9.0;19.0;142.0;46.0;45.0;88.0;15.0;3686.0;2760.0;266.0;127.0;37.0;14.0;13.0;300.0;42.0;65.0;62.0;5.0;1739.0;1254.0;129.0;21.0;14.0;5.0;3.0;129.0;138.0;38.0;8.0;8.0;3499.0;2760.0;195.0;100.0;26.0;7.0;16.0;200.0;41.0;58.0;96.0;7.0;450.0;292.0;50.0;15.0;20.0;3.0;0.0;45.0;1.0;11.0;13.0;11.0;7375.0;4720.0;582.0;297.0;83.0;24.0;10.0;1423.0;57.0;94.0;85.0;10.0;13240.0;7293.0;812.0;661.0;80.0;48.0;27.0;3462.0;453.0;141.0;263.0;73.0;32386.0;20675.0;2243.0;1429.0;295.0;110.0;88.0;5701.0;778.0;452.0;615.0
RYPIŃSKI;WARSZAWSKIE;32.0;4830.0;3446.0;412.0;244.0;71.0;13.0;7.0;187.0;89.0;72.0;289.0;15.0;3809.0;2790.0;356.0;223.0;20.0;8.0;0.0;121.0;97.0;74.0;120.0;23.0;7857.0;5433.0;610.0;576.0;57.0;49.0;9.0;388.0;349.0;146.0;240.0;10.0;4475.0;3132.0;385.0;172.0;29.0;16.0;7.0;488.0;36.0;87.0;123.0;45.0;3330.0;2253.0;496.0;153.0;33.0;18.0;12.0;81.0;45.0;68.0;171.0;19.0;13191.0;8096.0;1032.0;515.0;92.0;46.0;25.0;2430.0;413.0;265.0;277.0;6.0;11087.0;4371.0;794.0;334.0;41.0;34.0;22.0;4918.0;333.0;194.0;46.0;150.0;48579.0;29521.0;4085.0;2217.0;343.0;184.0;82.0;8613.0;1362.0;906.0;1266.0
SIERPECKI;WARSZAWSKIE;38.0;5696.0;3612.0;398.0;600.0;25.0;15.0;1.0;505.0;40.0;122.0;378.0;13.0;3071.0;2215.0;230.0;246.0;22.0;10.0;3.0;93.0;6.0;55.0;191.0;22.0;7540.0;4861.0;572.0;668.0;39.0;10.0;6.0;711.0;20.0;97.0;556.0;4.0;1832.0;1322.0;153.0;106.0;9.0;12.0;1.0;127.0;14.0;38.0;50.0;78.0;5727.0;3443.0;412.0;727.0;35.0;17.0;1.0;278.0;37.0;136.0;641.0;11.0;6960.0;3706.0;793.0;675.0;39.0;22.0;3.0;1382.0;56.0;66.0;218.0;1.0;1159.0;616.0;207.0;168.0;0.0;0.0;0.0;168.0;0.0;0.0;0.0;167.0;31985.0;19775.0;2765.0;3190.0;169.0;86.0;15.0;3264.0;173.0;514.0;2034.0
SKIERNIEWICKI;WARSZAWSKIE;12.0;1684.0;1374.0;97.0;58.0;19.0;14.0;4.0;42.0;11.0;26.0;39.0;14.0;3376.0;2559.0;220.0;88.0;41.0;11.0;10.0;155.0;69.0;65.0;158.0;5.0;1815.0;1521.0;82.0;52.0;15.0;4.0;1.0;80.0;11.0;25.0;24.0;0.0;0.0;0.0;0.0;0.0;0.0;0.0;0.0;0.0;0.0;0.0;0.0;16.0;1100.0;850.0;26.0;18.0;27.0;12.0;2.0;85.0;7.0;28.0;45.0;4.0;2666.0;1956.0;186.0;149.0;25.0;20.0;11.0;223.0;11.0;70.0;15.0;2.0;3268.0;1762.0;144.0;7.0;8.0;15.0;2.0;1128.0;19.0;56.0;127.0;53.0;13909.0;10022.0;755.0;372.0;135.0;76.0;30.0;1713.0;128.0;270.0;408.0
SOCHACZEWSKI;WARSZAWSKIE;7.0;1096.0;654.0;59.0;87.0;9.0;2.0;0.0;77.0;14.0;23.0;171.0;10.0;2510.0;2014.0;159.0;100.0;25.0;16.0;7.0;74.0;14.0;51.0;50.0;3.0;1042.0;505.0;62.0;48.0;11.0;1.0;2.0;348.0;7.0;21.0;37.0;8.0;3564.0;2299.0;275.0;94.0;25.0;7.0;13.0;646.0;43.0;112.0;50.0;7.0;497.0;297.0;40.0;10.0;54.0;13.0;3.0;44.0;7.0;13.0;16.0;15.0;10413.0;7729.0;655.0;365.0;79.0;43.0;56.0;1039.0;60.0;260.0;127.0;5.0;7115.0;4701.0;461.0;159.0;38.0;18.0;13.0;1411.0;34.0;193.0;87.0;55.0;26237.0;18199.0;1711.0;863.0;241.0;100.0;94.0;3639.0;179.0;673.0;538.0
WARSZAWSKI;WARSZAWSKIE;24.0;3417.0;1823.0;424.0;123.0;115.0;28.0;10.0;475.0;52.0;72.0;295.0;17.0;4080.0;1411.0;251.0;472.0;171.0;12.0;24.0;1136.0;65.0;160.0;378.0;5.0;1692.0;577.0;88.0;219.0;69.0;8.0;4.0;525.0;41.0;57.0;104.0;5.0;2236.0;811.0;140.0;;9.0;3.0;5.0;1144.0;85.0;22.0;17.0;41.0;3000.0;1590.0;417.0;214.0;152.0;35.0;33.0;140.0;69.0;108.0;242.0;5.0;3484.0;1415.0;319.0;299.0;34.0;9.0;8.0;842.0;96.0;43.0;419.0;8.0;23839.0;5880.0;1332.0;1469.0;351.0;80.0;201.0;12783.0;422.0;451.0;870.0;105.0;41748.0;13507.0;2971.0;2796.0;901.0;175.0;285.0;17045.0;830.0;913.0;2325.0
WŁOCŁAWSKI;WARSZAWSKIE;30.0;4635.0;3700.0;211.0;221.0;33.0;25.0;5.0;92.0;78.0;117.0;153.0;28.0;7021.0;5287.0;468.0;203.0;57.0;27.0;12.0;456.0;202.0;180.0;129.0;20.0;6933.0;5095.0;372.0;366.0;45.0;61.0;9.0;420.0;231.0;162.0;172.0;10.0;4293.0;3340.0;280.0;167.0;29.0;48.0;16.0;98.0;55.0;151.0;109.0;37.0;2768.0;2026.0;162.0;183.0;33.0;11.0;1.0;69.0;32.0;75.0;176.0;22.0;14916.0;10039.0;991.0;416.0;88.0;56.0;52.0;2110.0;378.0;320.0;466.0;3.0;8067.0;3410.0;685.0;375.0;26.0;59.0;18.0;3054.0;24.0;116.0;300.0;150.0;48633.0;32897.0;3169.0;1931.0;311.0;287.0;113.0;6299.0;1000.0;1121.0;1505.0
ŁOWICKI;WARSZAWSKIE;6.0;1001.0;739.0;40.0;88.0;17.0;5.0;1.0;36.0;11.0;28.0;36.0;4.0;917.0;765.0;34.0;58.0;9.0;5.0;1.0;5.0;9.0;20.0;11.0;2.0;635.0;307.0;38.0;17.0;13.0;0.0;2.0;25.0;211.0;16.0;6.0;2.0;932.0;502.0;135.0;111.0;5.0;8.0;1.0;76.0;58.0;23.0;13.0;7.0;530.0;410.0;67.0;3.0;10.0;3.0;1.0;3.0;5.0;11.0;17.0;6.0;3676.0;1996.0;429.0;261.0;17.0;7.0;7.0;674.0;174.0;88.0;23.0;3.0;10000.0;3539.0;524.0;644.0;56.0;5.0;7.0;4814.0;42.0;78.0;291.0;30.0;17691.0;8258.0;1267.0;1182.0;127.0;33.0;20.0;5633.0;510.0;264.0;397.0
DUBIEŃSKI;WOŁYŃSKIE;28.0;3906.0;2528.0;373.0;119.0;46.0;49.0;6.0;537.0;69.0;33.0;146.0;15.0;3662.0;2134.0;309.0;82.0;40.0;41.0;3.0;655.0;108.0;75.0;215.0;8.0;2784.0;1834.0;257.0;28.0;21.0;17.0;15.0;462.0;11.0;12.0;127.0;5.0;2211.0;1234.0;108.0;65.0;12.0;19.0;7.0;570.0;35.0;26.0;135.0;19.0;1401.0;925.0;112.0;23.0;12.0;17.0;0.0;109.0;84.0;25.0;94.0;24.0;16821.0;9342.0;1423.0;295.0;100.0;105.0;25.0;4711.0;189.0;176.0;455.0;19.0;69100.0;26964.0;4296.0;1303.0;119.0;292.0;68.0;32257.0;727.0;910.0;2164.0;118.0;99885.0;44961.0;6878.0;1915.0;350.0;540.0;124.0;39301.0;1223.0;1257.0;3336.0
HOROCHOWSKI;WOŁYŃSKIE;10.0;1457.0;978.0;81.0;12.0;26.0;14.0;0.0;249.0;1.0;6.0;90.0;4.0;1085.0;645.0;110.0;0.0;6.0;8.0;2.0;196.0;6.0;6.0;106.0;9.0;3009.0;1771.0;166.0;30.0;45.0;27.0;56.0;764.0;61.0;22.0;67.0;2.0;876.0;500.0;76.0;6.0;3.0;3.0;0.0;259.0;0.0;10.0;19.0;11.0;828.0;510.0;110.0;15.0;16.0;8.0;2.0;107.0;1.0;14.0;45.0;7.0;5146.0;1293.0;681.0;266.0;16.0;28.0;14.0;2571.0;15.0;80.0;182.0;8.0;13898.0;5119.0;1080.0;85.0;37.0;15.0;58.0;6758.0;239.0;86.0;421.0;51.0;26299.0;10816.0;2304.0;414.0;149.0;103.0;132.0;10904.0;323.0;224.0;930.0
KOWELSKI;WOŁYŃSKIE;17.0;2455.0;916.0;616.0;286.0;20.0;12.0;1.0;354.0;3.0;21.0;226.0;11.0;2543.0;1227.0;686.0;62.0;16.0;20.0;;353.0;6.0;28.0;145.0;10.0;3283.0;1310.0;580.0;184.0;21.0;31.0;;639.0;48.0;23.0;447.0;6.0;2735.0;882.0;405.0;154.0;10.0;6.0;;903.0;15.0;29.0;331.0;6.0;427.0;281.0;102.0;3.0;4.0;3.0;0.0;10.0;0.0;10.0;14.0;18.0;12471.0;3202.0;2725.0;859.0;56.0;53.0;20.0;4299.0;152.0;99.0;1006.0;16.0;55692.0;9791.0;6863.0;2717.0;52.0;128.0;34.0;32425.0;401.0;239.0;3042.0;84.0;79606.0;17609.0;11977.0;4265.0;179.0;253.0;55.0;38983.0;625.0;449.0;5211.0
KRZEMIENIECKI;WOŁYŃSKIE;32.0;4377.0;2868.0;356.0;99.0;41.0;68.0;24.0;563.0;51.0;113.0;194.0;16.0;4064.0;2805.0;144.0;132.0;45.0;28.0;108.0;434.0;78.0;117.0;173.0;6.0;2081.0;1649.0;162.0;0.0;7.0;10.0;14.0;141.0;42.0;34.0;22.0;5.0;2185.0;1441.0;70.0;0.0;14.0;17.0;6.0;300.0;203.0;33.0;101.0;21.0;1552.0;1073.0;115.0;37.0;27.0;35.0;;147.0;32.0;26.0;60.0;11.0;7332.0;4156.0;434.0;125.0;42.0;81.0;19.0;1954.0;243.0;104.0;174.0;15.0;38656.0;21744.0;1856.0;404.0;59.0;314.0;367.0;10658.0;1086.0;877.0;1291.0;106.0;60247.0;35736.0;3137.0;797.0;235.0;553.0;538.0;14197.0;1735.0;1304.0;2015.0
LUBOMELSKI;WOŁYŃSKIE;10.0;1396.0;350.0;162.0;302.0;7.0;13.0;0.0;277.0;78.0;25.0;182.0;9.0;2284.0;414.0;293.0;314.0;22.0;5.0;7.0;933.0;0.0;28.0;268.0;7.0;2359.0;507.0;346.0;378.0;15.0;3.0;0.0;360.0;514.0;9.0;227.0;3.0;1403.0;263.0;404.0;90.0;2.0;3.0;0.0;578.0;0.0;11.0;52.0;8.0;578.0;206.0;81.0;61.0;4.0;4.0;0.0;109.0;0.0;7.0;106.0;7.0;4241.0;663.0;472.0;996.0;27.0;5.0;2.0;1503.0;67.0;16.0;490.0;7.0;13968.0;1480.0;1592.0;1030.0;36.0;17.0;5.0;4738.0;4335.0;147.0;588.0;51.0;26229.0;3883.0;3350.0;3171.0;113.0;50.0;14.0;8498.0;4994.0;243.0;1913.0
OSTROGSKI;WOŁYŃSKIE;12.0;1770.0;1413.0;103.0;1.0;25.0;24.0;9.0;151.0;2.0;19.0;23.0;4.0;972.0;662.0;147.0;16.0;32.0;14.0;14.0;35.0;11.0;13.0;28.0;5.0;1796.0;776.0;115.0;47.0;17.0;16.0;6.0;695.0;4.0;22.0;98.0;1.0;469.0;168.0;39.0;;2.0;8.0;7.0;218.0;7.0;3.0;17.0;6.0;420.0;292.0;65.0;3.0;7.0;4.0;0.0;31.0;0.0;11.0;7.0;4.0;2562.0;1722.0;339.0;49.0;17.0;23.0;8.0;198.0;9.0;46.0;151.0;4.0;7894.0;1803.0;870.0;65.0;13.0;27.0;7.0;4787.0;61.0;32.0;229.0;36.0;15883.0;6836.0;1678.0;181.0;113.0;116.0;51.0;6115.0;94.0;146.0;553.0
RÓWIEŃSKI;WOŁYŃSKIE;18.0;2576.0;1278.0;414.0;46.0;18.0;27.0;15.0;612.0;4.0;24.0;138.0;12.0;3054.0;1562.0;447.0;22.0;5.0;10.0;12.0;792.0;19.0;95.0;90.0;20.0;6690.0;3664.0;651.0;307.0;64.0;32.0;13.0;1569.0;40.0;32.0;318.0;9.0;4018.0;1892.0;439.0;285.0;46.0;23.0;10.0;1147.0;1.0;13.0;162.0;22.0;1392.0;648.0;282.0;111.0;44.0;45.0;0.0;141.0;6.0;6.0;109.0;17.0;12457.0;5642.0;1086.0;248.0;62.0;56.0;19.0;4503.0;387.0;76.0;378.0;33.0;192098.0;37743.0;13281.0;2359.0;116.0;279.0;94.0;114743.0;944.0;712.0;21827.0;131.0;222285.0;52429.0;16600.0;3378.0;355.0;472.0;163.0;123507.0;1401.0;958.0;23022.0
WŁODZIMIERSKI;WOŁYŃSKIE;25.0;3553.0;2214.0;458.0;152.0;45.0;31.0;3.0;432.0;33.0;50.0;135.0;19.0;4594.0;2732.0;624.0;168.0;32.0;25.0;0.0;811.0;1.0;22.0;179.0;7.0;2448.0;1783.0;281.0;71.0;19.0;22.0;0.0;100.0;45.0;16.0;111.0;6.0;2692.0;1963.0;314.0;6.0;8.0;15.0;1.0;356.0;0.0;8.0;21.0;19.0;1262.0;827.0;145.0;25.0;11.0;11.0;1.0;112.0;6.0;17.0;107.0;30.0;21906.0;9936.0;3131.0;693.0;157.0;130.0;27.0;5734.0;391.0;129.0;1578.0;26.0;60359.0;22961.0;6612.0;948.0;153.0;212.0;66.0;26447.0;265.0;376.0;2319.0;132.0;96814.0;42416.0;11565.0;2063.0;425.0;446.0;98.0;33992.0;741.0;618.0;4450.0
ŁUCKI;WOŁYŃSKIE;33.0;4586.0;2205.0;875.0;288.0;24.0;33.0;12.0;576.0;8.0;80.0;485.0;18.0;4207.0;2329.0;631.0;183.0;37.0;38.0;0.0;397.0;153.0;54.0;385.0;14.0;4790.0;2627.0;1129.0;348.0;38.0;38.0;5.0;233.0;17.0;79.0;276.0;12.0;5073.0;2417.0;648.0;506.0;10.0;12.0;7.0;772.0;40.0;49.0;612.0;20.0;1490.0;821.0;174.0;212.0;12.0;19.0;0.0;134.0;16.0;17.0;85.0;23.0;14910.0;5734.0;2252.0;1461.0;49.0;48.0;32.0;4007.0;187.0;99.0;1041.0;23.0;91556.0;14704.0;5906.0;3090.0;88.0;209.0;70.0;58937.0;213.0;696.0;7643.0;143.0;126612.0;30837.0;11615.0;6088.0;258.0;397.0;126.0;65056.0;634.0;1074.0;10527.0
DUNIŁOWICKI;ZIEMIA WILEŃSKA;96.0;13194.0;3305.0;2131.0;2154.0;50.0;66.0;16.0;1849.0;16.0;243.0;3364.0;39.0;9195.0;2125.0;1873.0;1366.0;31.0;47.0;2.0;2023.0;12.0;125.0;1591.0;17.0;5573.0;1320.0;839.0;913.0;30.0;29.0;4.0;1258.0;330.0;63.0;787.0;8.0;3436.0;1101.0;860.0;480.0;20.0;22.0;5.0;329.0;51.0;46.0;522.0;97.0;6486.0;1594.0;951.0;1208.0;23.0;48.0;0.0;740.0;31.0;163.0;1728.0;16.0;11200.0;1876.0;1490.0;1029.0;18.0;27.0;9.0;3791.0;135.0;149.0;2676.0;19.0;71257.0;8407.0;6264.0;3304.0;85.0;224.0;15.0;37268.0;680.0;484.0;14526.0;292.0;120341.0;19728.0;14408.0;10454.0;257.0;463.0;51.0;47258.0;1255.0;1273.0;25194.0
DZIŚNIEŃSKI;ZIEMIA WILEŃSKA;147.0;19795.0;8235.0;3010.0;2009.0;168.0;259.0;3.0;3225.0;177.0;366.0;2343.0;64.0;15403.0;5287.0;2337.0;1433.0;116.0;184.0;15.0;3219.0;417.0;323.0;2072.0;39.0;12952.0;4054.0;1819.0;1256.0;63.0;132.0;8.0;3328.0;98.0;191.0;2003.0;22.0;9728.0;3583.0;1354.0;1085.0;61.0;93.0;9.0;1639.0;642.0;109.0;1153.0;190.0;13330.0;5621.0;2158.0;1501.0;97.0;236.0;1.0;1972.0;82.0;283.0;1379.0;23.0;15175.0;5055.0;2327.0;1301.0;85.0;114.0;11.0;3594.0;160.0;146.0;2382.0;30.0;117631.0;11471.0;6561.0;3631.0;129.0;223.0;33.0;41690.0;6203.0;311.0;47379.0;515.0;204014.0;43306.0;19566.0;12216.0;719.0;1241.0;80.0;58667.0;7779.0;1729.0;58711.0
OSZMIAŃSKI;ZIEMIA WILEŃSKA;115.0;16035.0;6779.0;1594.0;2381.0;90.0;113.0;2.0;2795.0;62.0;417.0;1802.0;44.0;10317.0;4507.0;963.0;1334.0;64.0;62.0;28.0;1964.0;46.0;256.0;1093.0;23.0;7853.0;2901.0;844.0;910.0;40.0;34.0;4.0;2111.0;66.0;153.0;790.0;6.0;2543.0;1025.0;389.0;223.0;10.0;15.0;0.0;640.0;3.0;30.0;208.0;133.0;9043.0;4259.0;978.0;1323.0;50.0;70.0;2.0;1055.0;26.0;260.0;1020.0;10.0;6405.0;1900.0;564.0;926.0;12.0;20.0;1.0;2124.0;4.0;71.0;783.0;7.0;16170.0;3077.0;1248.0;776.0;34.0;13.0;19.0;9227.0;200.0;156.0;1420.0;338.0;68366.0;24448.0;6580.0;7873.0;300.0;327.0;56.0;19916.0;407.0;1343.0;7116.0
WILEJSKI;ZIEMIA WILEŃSKA;77.0;10414.0;3789.0;1258.0;1487.0;55.0;74.0;3.0;1590.0;26.0;278.0;1854.0;30.0;7092.0;2804.0;906.0;1039.0;37.0;40.0;4.0;1354.0;12.0;125.0;771.0;21.0;7401.0;2698.0;940.0;1154.0;27.0;33.0;11.0;1703.0;11.0;110.0;714.0;15.0;6780.0;2724.0;943.0;523.0;22.0;27.0;9.0;1822.0;14.0;104.0;592.0;83.0;5956.0;2282.0;713.0;799.0;43.0;57.0;0.0;712.0;7.0;195.0;1148.0;26.0;17461.0;4849.0;1816.0;2240.0;81.0;74.0;30.0;4835.0;75.0;264.0;3197.0;20.0;52990.0;7494.0;4894.0;5116.0;79.0;77.0;43.0;27067.0;158.0;470.0;7592.0;272.0;108094.0;26640.0;11470.0;12358.0;344.0;382.0;100.0;39083.0;303.0;1546.0;15868.0
WILEŃSKO-TROCKI;ZIEMIA WILEŃSKA;129.0;17625.0;6546.0;1915.0;2697.0;107.0;114.0;15.0;3692.0;219.0;350.0;1970.0;52.0;12130.0;4455.0;1177.0;1334.0;75.0;84.0;15.0;3396.0;128.0;192.0;1274.0;31.0;10251.0;3492.0;1114.0;1277.0;85.0;58.0;2.0;3009.0;219.0;147.0;848.0;15.0;6563.0;1811.0;852.0;828.0;51.0;34.0;16.0;1912.0;491.0;86.0;482.0;273.0;18332.0;7969.0;1606.0;3174.0;85.0;108.0;25.0;2653.0;74.0;470.0;2168.0;21.0;14658.0;4858.0;1458.0;1179.0;51.0;58.0;32.0;4771.0;471.0;172.0;1608.0;30.0;63781.0;10325.0;3544.0;4120.0;75.0;178.0;148.0;36199.0;2092.0;533.0;6567.0;551.0;143340.0;39456.0;11666.0;14609.0;529.0;634.0;253.0;55632.0;3694.0;1950.0;14917.0
WILNO (MIASTO);ZIEMIA WILEŃSKA;;;;;;;;;;;;;;;;;;;;;;;;;;;;;;;;;;;;;;;;;;;;;;;;;;;;;;;;;;;;;;;;;;;;;;;;;;;;;;;;;;;;;;;;;;;;;;;;
ŚWIĘCIAŃSKI;ZIEMIA WILEŃSKA;119.0;16623.0;5283.0;2157.0;3009.0;72.0;93.0;40.0;2314.0;174.0;395.0;3086.0;48.0;10986.0;3159.0;1495.0;1972.0;60.0;57.0;1.0;2117.0;383.0;195.0;1547.0;15.0;5108.0;1259.0;742.0;489.0;13.0;24.0;27.0;1465.0;67.0;74.0;948.0;11.0;4515.0;1456.0;611.0;331.0;16.0;23.0;42.0;935.0;11.0;74.0;1016.0;183.0;12627.0;4385.0;1875.0;2223.0;64.0;95.0;0.0;1609.0;100.0;365.0;1911.0;21.0;14454.0;3140.0;1675.0;1565.0;40.0;65.0;6.0;5183.0;458.0;160.0;2162.0;21.0;46492.0;7760.0;2949.0;2358.0;99.0;109.0;93.0;22953.0;697.0;328.0;9146.0;418.0;110805.0;26442.0;11504.0;11947.0;364.0;466.0;209.0;36576.0;1890.0;1591.0;19816.0
BRZEZIŃSKI;ŁÓDZKIE;19.0;2920.0;2153.0;131.0;126.0;71.0;8.0;9.0;244.0;46.0;74.0;58.0;13.0;3245.0;2381.0;249.0;171.0;57.0;14.0;7.0;157.0;21.0;69.0;119.0;4.0;1389.0;912.0;59.0;78.0;16.0;1.0;1.0;211.0;37.0;32.0;42.0;3.0;1425.0;743.0;81.0;28.0;8.0;2.0;2.0;218.0;31.0;55.0;257.0;12.0;795.0;534.0;69.0;47.0;13.0;12.0;3.0;49.0;16.0;31.0;21.0;7.0;4933.0;2759.0;349.0;97.0;39.0;9.0;3.0;1283.0;138.0;126.0;130.0;3.0;8041.0;1827.0;133.0;56.0;11.0;45.0;5.0;5545.0;22.0;99.0;298.0;61.0;22748.0;11309.0;1071.0;603.0;215.0;91.0;30.0;7707.0;311.0;486.0;925.0
KALISKI;ŁÓDZKIE;18.0;2849.0;2188.0;172.0;104.0;40.0;31.0;9.0;160.0;13.0;92.0;40.0;17.0;3923.0;3114.0;196.0;90.0;26.0;32.0;7.0;262.0;29.0;115.0;52.0;12.0;4154.0;2810.0;158.0;194.0;27.0;23.0;17.0;612.0;30.0;97.0;186.0;5.0;2099.0;1149.0;120.0;92.0;14.0;8.0;0.0;647.0;11.0;55.0;3.0;15.0;1124.0;667.0;72.0;57.0;40.0;12.0;8.0;133.0;10.0;32.0;93.0;18.0;12140.0;8077.0;692.0;488.0;62.0;76.0;26.0;2265.0;49.0;262.0;143.0;10.0;18929.0;7068.0;987.0;496.0;47.0;45.0;19.0;9373.0;241.0;365.0;288.0;95.0;45218.0;25073.0;2397.0;1521.0;256.0;227.0;86.0;13452.0;383.0;1018.0;805.0
KOLSKI;ŁÓDZKIE;16.0;2302.0;1535.0;157.0;169.0;14.0;8.0;12.0;224.0;16.0;64.0;103.0;16.0;3886.0;2982.0;216.0;194.0;21.0;21.0;4.0;228.0;47.0;111.0;62.0;15.0;5266.0;3629.0;338.0;181.0;58.0;16.0;22.0;644.0;133.0;140.0;105.0;8.0;3494.0;2838.0;144.0;128.0;28.0;22.0;9.0;181.0;15.0;87.0;42.0;24.0;1744.0;1174.0;163.0;172.0;26.0;10.0;3.0;35.0;35.0;47.0;79.0;12.0;7521.0;4707.0;605.0;517.0;47.0;34.0;9.0;1076.0;270.0;133.0;123.0;3.0;7224.0;3716.0;387.0;352.0;25.0;41.0;7.0;1964.0;482.0;231.0;19.0;94.0;31437.0;20581.0;2010.0;1713.0;219.0;152.0;66.0;4352.0;998.0;813.0;533.0
KONIŃSKI;ŁÓDZKIE;10.0;1359.0;774.0;102.0;63.0;18.0;3.0;6.0;194.0;13.0;33.0;153.0;3.0;808.0;635.0;115.0;3.0;6.0;2.0;6.0;2.0;4.0;19.0;16.0;2.0;689.0;355.0;57.0;158.0;2.0;0.0;1.0;45.0;23.0;18.0;30.0;3.0;1331.0;952.0;73.0;1.0;6.0;4.0;5.0;99.0;131.0;17.0;43.0;17.0;1121.0;739.0;101.0;81.0;15.0;5.0;0.0;37.0;11.0;26.0;106.0;8.0;6341.0;2779.0;399.0;674.0;22.0;21.0;13.0;1644.0;549.0;160.0;80.0;7.0;13685.0;5098.0;833.0;700.0;34.0;15.0;31.0;6301.0;157.0;226.0;290.0;50.0;25334.0;11332.0;1680.0;1680.0;103.0;50.0;62.0;8322.0;888.0;499.0;718.0
PIOTRKOWSKI;ŁÓDZKIE;13.0;2078.0;1392.0;222.0;77.0;29.0;7.0;2.0;229.0;37.0;60.0;23.0;13.0;3146.0;1706.0;414.0;108.0;22.0;21.0;14.0;660.0;20.0;61.0;120.0;10.0;3505.0;2078.0;233.0;188.0;28.0;25.0;8.0;703.0;67.0;99.0;76.0;8.0;3642.0;2004.0;350.0;138.0;37.0;6.0;6.0;969.0;27.0;81.0;24.0;4.0;345.0;180.0;48.0;24.0;7.0;1.0;0.0;49.0;3.0;9.0;24.0;14.0;9400.0;4636.0;592.0;320.0;44.0;39.0;30.0;3352.0;100.0;159.0;128.0;7.0;12703.0;2557.0;741.0;310.0;31.0;22.0;8.0;8679.0;117.0;222.0;16.0;69.0;34819.0;14553.0;2600.0;1165.0;198.0;121.0;68.0;14641.0;371.0;691.0;411.0
RADOMSZCZAŃSKI;ŁÓDZKIE;17.0;2280.0;1155.0;233.0;115.0;29.0;12.0;2.0;537.0;57.0;59.0;81.0;9.0;2205.0;1267.0;301.0;114.0;28.0;8.0;8.0;331.0;31.0;44.0;73.0;10.0;3432.0;2022.0;456.0;181.0;18.0;14.0;11.0;627.0;25.0;52.0;26.0;7.0;3108.0;2038.0;275.0;79.0;13.0;5.0;7.0;532.0;40.0;86.0;33.0;5.0;357.0;211.0;32.0;8.0;10.0;5.0;3.0;54.0;12.0;12.0;10.0;13.0;8324.0;3335.0;678.0;695.0;31.0;16.0;423.0;2513.0;271.0;128.0;234.0;22.0;47270.0;14012.0;3245.0;2826.0;117.0;103.0;51.0;25008.0;384.0;834.0;690.0;83.0;66976.0;24040.0;5220.0;4018.0;246.0;163.0;505.0;29602.0;820.0;1215.0;1147.0
SIERADZKI;ŁÓDZKIE;17.0;2400.0;1345.0;92.0;189.0;26.0;13.0;9.0;479.0;17.0;64.0;166.0;9.0;2046.0;1094.0;199.0;197.0;16.0;9.0;4.0;374.0;31.0;50.0;72.0;12.0;4120.0;2705.0;245.0;280.0;30.0;92.0;18.0;474.0;31.0;93.0;152.0;8.0;3619.0;2244.0;140.0;236.0;26.0;22.0;7.0;672.0;13.0;61.0;198.0;14.0;1010.0;517.0;150.0;106.0;36.0;12.0;7.0;17.0;53.0;36.0;76.0;12.0;8138.0;3296.0;610.0;459.0;84.0;57.0;14.0;3221.0;52.0;162.0;183.0;9.0;12483.0;3083.0;377.0;425.0;96.0;17.0;31.0;8027.0;142.0;66.0;219.0;81.0;33816.0;14284.0;1813.0;1892.0;314.0;222.0;90.0;13264.0;339.0;532.0;1066.0
SŁUPECKI;ŁÓDZKIE;20.0;2937.0;2035.0;230.0;103.0;24.0;7.0;4.0;194.0;84.0;72.0;184.0;10.0;2564.0;1974.0;151.0;76.0;18.0;12.0;4.0;24.0;129.0;71.0;105.0;10.0;3373.0;2544.0;216.0;144.0;16.0;13.0;15.0;62.0;129.0;116.0;118.0;6.0;2704.0;2004.0;76.0;107.0;14.0;12.0;2.0;382.0;8.0;30.0;69.0;15.0;1103.0;796.0;83.0;94.0;12.0;4.0;0.0;9.0;30.0;41.0;34.0;8.0;5375.0;3058.0;202.0;543.0;22.0;11.0;6.0;349.0;781.0;74.0;329.0;7.0;19521.0;8117.0;1446.0;1002.0;41.0;108.0;31.0;7120.0;619.0;573.0;464.0;76.0;37577.0;20528.0;2404.0;2069.0;147.0;167.0;62.0;8140.0;1780.0;977.0;1303.0
TURECKI;ŁÓDZKIE;11.0;1714.0;1293.0;173.0;57.0;19.0;7.0;0.0;1.0;12.0;45.0;107.0;10.0;2501.0;1690.0;178.0;194.0;23.0;11.0;3.0;271.0;9.0;60.0;62.0;5.0;1637.0;1284.0;111.0;50.0;13.0;4.0;0.0;74.0;6.0;55.0;40.0;10.0;4239.0;2295.0;370.0;400.0;32.0;11.0;3.0;836.0;40.0;66.0;186.0;7.0;468.0;341.0;19.0;36.0;12.0;1.0;0.0;4.0;10.0;20.0;25.0;11.0;7357.0;3996.0;748.0;771.0;48.0;47.0;22.0;1407.0;78.0;180.0;60.0;5.0;7141.0;2445.0;380.0;604.0;17.0;88.0;29.0;3072.0;50.0;254.0;202.0;59.0;25057.0;13344.0;1979.0;2112.0;164.0;169.0;57.0;5665.0;205.0;680.0;682.0
WIELUŃSKI;ŁÓDZKIE;9.0;1306.0;703.0;131.0;153.0;15.0;3.0;0.0;238.0;7.0;22.0;34.0;11.0;2738.0;1722.0;172.0;136.0;34.0;17.0;16.0;423.0;20.0;60.0;138.0;3.0;1001.0;355.0;34.0;18.0;6.0;2.0;1.0;256.0;7.0;12.0;310.0;5.0;2341.0;1496.0;190.0;54.0;16.0;7.0;5.0;462.0;11.0;46.0;54.0;5.0;311.0;185.0;41.0;41.0;2.0;1.0;1.0;0.0;2.0;8.0;30.0;11.0;7794.0;2811.0;464.0;273.0;53.0;13.0;13.0;3822.0;38.0;119.0;188.0;12.0;22793.0;5697.0;1271.0;1020.0;61.0;33.0;21.0;13630.0;308.0;412.0;340.0;56.0;38284.0;12969.0;2303.0;1695.0;187.0;76.0;57.0;18831.0;393.0;679.0;1094.0
ŁASKI;ŁÓDZKIE;16.0;2303.0;1353.0;172.0;257.0;28.0;12.0;6.0;163.0;25.0;49.0;238.0;18.0;4509.0;2488.0;403.0;428.0;59.0;37.0;11.0;576.0;111.0;151.0;245.0;7.0;2346.0;753.0;95.0;265.0;27.0;32.0;25.0;954.0;33.0;50.0;112.0;7.0;3115.0;1542.0;213.0;222.0;24.0;4.0;4.0;958.0;10.0;55.0;83.0;14.0;1081.0;705.0;111.0;65.0;19.0;3.0;7.0;82.0;13.0;28.0;48.0;14.0;9576.0;4115.0;627.0;890.0;52.0;32.0;21.0;3184.0;207.0;211.0;237.0;3.0;10323.0;2570.0;443.0;277.0;11.0;6.0;6.0;6520.0;70.0;255.0;165.0;79.0;33253.0;13526.0;2064.0;2404.0;220.0;126.0;80.0;12437.0;469.0;799.0;1128.0
ŁÓDZKI;ŁÓDZKIE;12.0;1797.0;1088.0;249.0;123.0;35.0;18.0;9.0;68.0;35.0;59.0;113.0;6.0;1551.0;1030.0;194.0;63.0;29.0;13.0;15.0;121.0;17.0;32.0;37.0;4.0;1391.0;1124.0;124.0;39.0;16.0;9.0;2.0;21.0;11.0;35.0;10.0;4.0;1793.0;1103.0;113.0;92.0;31.0;1.0;0.0;247.0;37.0;49.0;120.0;7.0;508.0;283.0;35.0;42.0;17.0;5.0;16.0;9.0;30.0;13.0;58.0;6.0;4449.0;1276.0;191.0;161.0;22.0;26.0;64.0;2265.0;308.0;70.0;66.0;3.0;4590.0;1219.0;283.0;121.0;15.0;4.0;4.0;2733.0;126.0;55.0;30.0;42.0;16079.0;7123.0;1189.0;641.0;165.0;76.0;110.0;5464.0;564.0;313.0;434.0
ŁÓDŹ (MIASTO);ŁÓDZKIE;0.0;0.0;0.0;0.0;0.0;0.0;0.0;0.0;0.0;0.0;0.0;0.0;0.0;0.0;0.0;0.0;0.0;0.0;0.0;0.0;0.0;0.0;0.0;0.0;0.0;0.0;0.0;0.0;0.0;0.0;0.0;0.0;0.0;0.0;0.0;0.0;0.0;0.0;0.0;0.0;0.0;0.0;0.0;0.0;0.0;0.0;0.0;0.0;2.0;170.0;132.0;2.0;2.0;2.0;2.0;14.0;0.0;3.0;4.0;9.0;0.0;0.0;0.0;0.0;0.0;0.0;0.0;0.0;0.0;0.0;0.0;0.0;0.0;0.0;0.0;0.0;0.0;0.0;0.0;0.0;0.0;0.0;0.0;0.0;2.0;170.0;132.0;2.0;2.0;2.0;2.0;14.0;0.0;3.0;4.0;9.0
ŁĘCZYCKI;ŁÓDZKIE;25.0;3814.0;2909.0;343.0;186.0;41.0;26.0;2.0;49.0;46.0;161.0;51.0;17.0;4163.0;2854.0;318.0;138.0;50.0;22.0;12.0;495.0;24.0;157.0;93.0;14.0;4834.0;3406.0;577.0;223.0;46.0;29.0;15.0;299.0;26.0;99.0;114.0;8.0;3610.0;2105.0;368.0;211.0;17.0;13.0;13.0;702.0;38.0;90.0;53.0;15.0;1011.0;560.0;126.0;107.0;14.0;7.0;1.0;72.0;13.0;34.0;77.0;14.0;9236.0;6151.0;878.0;591.0;50.0;38.0;15.0;1184.0;37.0;226.0;66.0;6.0;8445.0;4956.0;866.0;329.0;21.0;29.0;26.0;1767.0;52.0;202.0;197.0;99.0;35113.0;22941.0;3476.0;1785.0;239.0;164.0;84.0;4568.0;236.0;969.0;651.0
BIELSKI (BIELSKO);ŚLĄSKIE;2.0;242.0;126.0;12.0;38.0;5.0;5.0;0.0;19.0;5.0;10.0;22.0;0.0;0.0;0.0;0.0;0.0;0.0;0.0;0.0;0.0;0.0;0.0;0.0;1.0;264.0;173.0;49.0;21.0;1.0;0.0;0.0;17.0;0.0;2.0;1.0;0.0;0.0;0.0;0.0;0.0;0.0;0.0;0.0;0.0;0.0;0.0;0.0;3.0;181.0;108.0;10.0;20.0;2.0;0.0;0.0;27.0;6.0;1.0;7.0;2.0;1522.0;549.0;108.0;112.0;5.0;2.0;7.0;245.0;426.0;22.0;46.0;4.0;28488.0;5526.0;974.0;1711.0;36.0;20.0;31.0;18707.0;1168.0;95.0;220.0;12.0;30697.0;6482.0;1153.0;1902.0;49.0;27.0;38.0;19015.0;1605.0;130.0;296.0
BIELSKO (MIASTO);ŚLĄSKIE;;;;;;;;;;;;;;;;;;;;;;;;;;;;;;;;;;;;;;;;;;;;;;;;;;;;;;;;;;;;;;;;;;;;;;;;;;;;;;;;;;;;;;;;;;;;;;;;
CIESZYŃSKI;ŚLĄSKIE;0.0;0.0;0.0;0.0;0.0;0.0;0.0;0.0;0.0;0.0;0.0;0.0;1.0;232.0;70.0;5.0;10.0;1.0;0.0;0.0;114.0;23.0;7.0;2.0;1.0;326.0;185.0;23.0;15.0;1.0;0.0;1.0;51.0;32.0;13.0;5.0;0.0;0.0;0.0;0.0;0.0;0.0;0.0;0.0;0.0;0.0;0.0;0.0;4.0;285.0;224.0;11.0;23.0;2.0;2.0;0.0;14.0;0.0;4.0;5.0;1.0;697.0;360.0;21.0;33.0;0.0;1.0;2.0;244.0;36.0;0.0;0.0;2.0;9952.0;1818.0;301.0;592.0;9.0;8.0;1.0;6967.0;119.0;31.0;106.0;9.0;11492.0;2657.0;361.0;673.0;13.0;11.0;4.0;7390.0;210.0;55.0;118.0
KATOWICE (MIASTO);ŚLĄSKIE;;;;;;;;;;;;;;;;;;;;;;;;;;;;;;;;;;;;;;;;;;;;;;;;;;;;;;;;;;;;;;;;;;;;;;;;;;;;;;;;;;;;;;;;;;;;;;;;
KATOWICKI;ŚLĄSKIE;0.0;0.0;0.0;0.0;0.0;0.0;0.0;0.0;0.0;0.0;0.0;0.0;0.0;0.0;0.0;0.0;0.0;0.0;0.0;0.0;0.0;0.0;0.0;0.0;0.0;0.0;0.0;0.0;0.0;0.0;0.0;0.0;0.0;0.0;0.0;0.0;0.0;0.0;0.0;0.0;0.0;0.0;0.0;0.0;0.0;0.0;0.0;0.0;0.0;0.0;0.0;0.0;0.0;0.0;0.0;0.0;0.0;0.0;0.0;0.0;2.0;1630.0;1089.0;35.0;13.0;2.0;3.0;20.0;322.0;23.0;70.0;53.0;3.0;6485.0;1533.0;305.0;59.0;1.0;10.0;5.0;3300.0;35.0;202.0;1035.0;5.0;8115.0;2622.0;340.0;72.0;3.0;13.0;25.0;3622.0;58.0;272.0;1088.0
KRÓLEWSKA HUTA;ŚLĄSKIE;;;;;;;;;;;;;;;;;;;;;;;;;;;;;;;;;;;;;;;;;;;;;;;;;;;;;;;;;;;;;;;;;;;;;;;;;;;;;;;;;;;;;;;;;;;;;;;;
LUBLINIECKI;ŚLĄSKIE;5.0;742.0;585.0;49.0;15.0;2.0;2.0;1.0;35.0;12.0;14.0;27.0;5.0;1261.0;895.0;136.0;41.0;8.0;7.0;3.0;98.0;2.0;21.0;50.0;1.0;339.0;209.0;17.0;30.0;1.0;0.0;5.0;60.0;0.0;15.0;2.0;0.0;0.0;0.0;0.0;0.0;0.0;0.0;0.0;0.0;0.0;0.0;0.0;1.0;82.0;43.0;8.0;5.0;5.0;0.0;1.0;1.0;8.0;7.0;4.0;2.0;1200.0;569.0;91.0;13.0;1.0;2.0;9.0;461.0;16.0;36.0;2.0;5.0;38140.0;4550.0;2031.0;1814.0;7.0;19.0;16.0;28383.0;467.0;683.0;170.0;19.0;41764.0;6851.0;2332.0;1918.0;24.0;30.0;35.0;29038.0;505.0;776.0;255.0
PSZCZYŃSKI;ŚLĄSKIE;3.0;408.0;266.0;31.0;15.0;11.0;2.0;1.0;34.0;25.0;8.0;15.0;2.0;511.0;381.0;42.0;4.0;2.0;1.0;1.0;67.0;4.0;9.0;0.0;0.0;0.0;0.0;0.0;0.0;0.0;0.0;0.0;0.0;0.0;0.0;0.0;0.0;0.0;0.0;0.0;0.0;0.0;0.0;0.0;0.0;0.0;0.0;0.0;6.0;380.0;199.0;50.0;19.0;2.0;2.0;0.0;56.0;2.0;25.0;25.0;3.0;2169.0;1013.0;91.0;204.0;2.0;2.0;10.0;663.0;102.0;50.0;32.0;4.0;44445.0;8073.0;3288.0;766.0;53.0;29.0;22.0;30091.0;787.0;1066.0;270.0;18.0;47913.0;9932.0;3502.0;1008.0;70.0;36.0;34.0;30911.0;920.0;1158.0;342.0
RUDZKI;ŚLĄSKIE;0.0;0.0;0.0;0.0;0.0;0.0;0.0;0.0;0.0;0.0;0.0;0.0;0.0;0.0;0.0;0.0;0.0;0.0;0.0;0.0;0.0;0.0;0.0;0.0;2.0;532.0;254.0;92.0;4.0;0.0;1.0;2.0;144.0;2.0;19.0;14.0;0.0;0.0;0.0;0.0;0.0;0.0;0.0;0.0;0.0;0.0;0.0;0.0;0.0;0.0;0.0;0.0;0.0;0.0;0.0;0.0;0.0;0.0;0.0;0.0;0.0;0.0;0.0;0.0;0.0;0.0;0.0;0.0;0.0;0.0;0.0;0.0;2.0;3842.0;2334.0;471.0;101.0;2.0;14.0;5.0;808.0;15.0;89.0;3.0;4.0;4374.0;2588.0;563.0;105.0;2.0;15.0;7.0;952.0;17.0;108.0;17.0
RYBNICKI;ŚLĄSKIE;7.0;936.0;562.0;104.0;58.0;4.0;4.0;2.0;37.0;46.0;78.0;41.0;5.0;1304.0;383.0;66.0;30.0;2.0;3.0;16.0;685.0;29.0;18.0;72.0;0.0;0.0;0.0;0.0;0.0;0.0;0.0;0.0;0.0;0.0;0.0;0.0;3.0;1351.0;984.0;108.0;27.0;1.0;1.0;5.0;182.0;8.0;27.0;8.0;6.0;466.0;364.0;37.0;16.0;2.0;1.0;2.0;17.0;2.0;16.0;9.0;10.0;7928.0;3502.0;491.0;212.0;9.0;8.0;64.0;3186.0;142.0;230.0;84.0;6.0;10201.0;3949.0;614.0;184.0;16.0;14.0;22.0;4730.0;380.0;182.0;110.0;37.0;22186.0;9744.0;1420.0;527.0;34.0;31.0;111.0;8837.0;607.0;551.0;324.0
TARNOGÓRSKI;ŚLĄSKIE;1.0;180.0;138.0;0.0;0.0;2.0;0.0;0.0;31.0;0.0;8.0;1.0;0.0;0.0;0.0;0.0;0.0;0.0;0.0;0.0;0.0;0.0;0.0;0.0;0.0;0.0;0.0;0.0;0.0;0.0;0.0;0.0;0.0;0.0;0.0;0.0;1.0;405.0;317.0;17.0;29.0;1.0;0.0;25.0;0.0;2.0;9.0;5.0;0.0;0.0;0.0;0.0;0.0;0.0;0.0;0.0;0.0;0.0;0.0;0.0;2.0;1386.0;988.0;54.0;33.0;0.0;3.0;2.0;255.0;2.0;43.0;6.0;3.0;16374.0;2113.0;883.0;92.0;4.0;2.0;0.0;12879.0;36.0;278.0;87.0;7.0;18345.0;3556.0;954.0;154.0;7.0;5.0;27.0;13165.0;40.0;338.0;99.0
ŚWIĘTOCHŁOWICKI;ŚLĄSKIE;0.0;0.0;0.0;0.0;0.0;0.0;0.0;0.0;0.0;0.0;0.0;0.0;1.0;299.0;135.0;21.0;0.0;0.0;0.0;0.0;0.0;0.0;78.0;65.0;1.0;399.0;316.0;0.0;0.0;0.0;0.0;0.0;0.0;1.0;3.0;79.0;1.0;491.0;362.0;22.0;40.0;0.0;48.0;0.0;0.0;1.0;18.0;0.0;0.0;0.0;0.0;0.0;0.0;0.0;0.0;0.0;0.0;0.0;0.0;0.0;0.0;0.0;0.0;0.0;0.0;0.0;0.0;0.0;0.0;0.0;0.0;0.0;1.0;1761.0;1198.0;124.0;71.0;0.0;2.0;0.0;210.0;7.0;96.0;53.0;4.0;2950.0;2011.0;167.0;111.0;0.0;50.0;0.0;210.0;9.0;195.0;197.0
