District,year,scenario,ma_total,ma_domestic,ma_foreign
AUGUSTOWSKI,1924,fixed14,200596744.71785104,270.72804899636947,200596473.98980203
BARANOWICKI,1924,fixed14,193821124.00931734,240.60675197719132,193820883.40256536
BIALSKI (BIAŁA KRAKOWSKA),1924,fixed14,280472135.4247544,4999.690722606657,280467135.7340318
BIALSKI (BIAŁA PODLASKA),1924,fixed14,232987713.1641574,577.1734669996698,232987135.99069038
BIAŁOSTOCKI,1924,fixed14,223757380.62364823,951.7077911053034,223756428.9158571
BIELSKI (BIELSK PODLASKI),1924,fixed14,222134876.54564142,252.05589853255717,222134624.48974288
BIELSKO,1924,fixed14,281904814.9180187,20328.222688926668,281884486.6953298
BIŁGORAJSKI,1924,fixed14,214168554.72940493,375.7731589054609,214168178.95624602
BOCHEŃSKI,1924,fixed14,266877858.45420852,1096.1756453694425,266876762.27856314
BORSZCZOWSKI,1924,fixed14,181702060.61876187,533.8958760067296,181701526.72288585
BRASŁAWSKI,1924,fixed14,175850139.944198,179.0001069818912,175849960.94409102
BRODNICKI,1924,fixed14,280614909.3953482,1141.660188130256,280613767.73516005
BRODZKI,1924,fixed14,204585668.05228886,662.0616834489755,204585005.9906054
BRZESKI (BRZESKO),1924,fixed14,242551302.01353306,1063.6070189768354,242550238.40651408
BRZESKI (BRZEŚĆ N.BUG.),1924,fixed14,228092528.35513788,317.1262403795621,228092211.2288975
BRZEZIŃSKI,1924,fixed14,289132172.36042744,2774.27001725864,289129398.0904102
BRZEŻAŃSKI,1924,fixed14,201008272.4982535,599.493454064659,201007673.00479943
BRZOZOWSKI,1924,fixed14,228392197.8610753,1442.5472094808954,228390755.31386584
BUCZACKI,1924,fixed14,193148773.2903279,551.417570400762,193148221.8727575
BYDGOSKI,1924,fixed14,300059059.6166072,2308.1230469651614,300056751.4935602
BÓBRECKI,1924,fixed14,202736365.99299824,1041.40493017645,202735324.58806807
BĘDZIŃSKI,1924,fixed14,297583620.7611102,3002.56854461394,297580618.19256556
BŁOŃSKI,1924,fixed14,276240240.1964672,2482.229440352185,276237757.9670269
CHEŁMIŃSKI,1924,fixed14,283908805.6231396,1354.164281592932,283907451.458858
CHEŁMSKI,1924,fixed14,226250482.8810866,703.2966702003016,226249779.5844164
CHODZIESKI,1924,fixed14,313140651.2430185,1110.5676775065251,313139540.675341
CHOJNICKI,1924,fixed14,269967724.79466724,422.54136197832565,269967302.25330526
CHORZÓW,1924,fixed14,317659309.53013617,360677.4369580891,317298632.0931781
CHRZANOWSKI,1924,fixed14,295257674.3318136,3954.0219138089674,295253720.30989975
CIECHANOWSKI,1924,fixed14,261594850.97993553,1530.7100816918019,261593320.26985383
CIESZYŃSKI,1924,fixed14,277281680.35961854,3966.831246134916,277277713.5283724
CZARNKOWSKI,1924,fixed14,306862147.53911555,886.9630130610286,306861260.5761025
CZORTKOWSKI,1924,fixed14,191487400.2903201,1131.7962755886613,191486268.4940445
CZĘSTOCHOWSKI,1924,fixed14,288756792.8933298,2060.1573738852017,288754732.7359559
DOBROMILSKI,1924,fixed14,221170805.78713685,772.1072801451921,221170033.67985672
DOLIŃSKI,1924,fixed14,205531702.69132948,369.2930135299533,205531333.39831594
DROHICKI,1924,fixed14,206232387.982584,250.53572388274347,206232137.4468601
DROHOBYCKI,1924,fixed14,217087856.33559042,1783.650760290212,217086072.68483013
DUBIEŃSKI,1924,fixed14,195062354.00455108,367.45922225941706,195061986.54532883
DZIAŁDOWSKI,1924,fixed14,258759072.1209403,509.60541261545444,258758562.5155277
DZIŚNIEŃSKI,1924,fixed14,174172208.1722074,216.9560948069897,174171991.21611258
DĄBROWSKI,1924,fixed14,250797518.56424037,782.9833737766794,250796735.58086658
GARWOLIŃSKI,1924,fixed14,246932458.8033342,610.7787608924102,246931848.02457333
GNIEŹNIEŃSKI,1924,fixed14,319291438.26281047,1884.3638174606986,319289553.898993
GORLICKI,1924,fixed14,237885774.1206777,899.3620942823744,237884874.75858343
GOSTYNIŃSKI,1924,fixed14,279303530.1010158,1371.8965370703338,279302158.20447874
GOSTYŃSKI,1924,fixed14,340115138.36632717,1682.5598422160438,340113455.80648494
GRODZIEŃSKI,1924,fixed14,207277885.19035867,297.96644944351,207277587.22390923
GRUDZIĄDZKI,1924,fixed14,284595805.33819705,2202.6749454034493,284593602.66325164
GRÓDECKI,1924,fixed14,213005446.05852965,955.2651826583328,213004490.793347
GRÓJECKI,1924,fixed14,251640974.25223404,1400.3531273014635,251639573.89910674
HOROCHOWSKI,1924,fixed14,195744034.85510176,882.9465685495251,195743151.90853322
HORODEŃSKI,1924,fixed14,186569521.99119368,765.5100362089853,186568756.48115748
HRUBIESZOWSKI,1924,fixed14,213799016.97574282,714.3341606351894,213798302.6415822
INOWROCŁAWSKI,1924,fixed14,302907240.59301144,1842.5867965843659,302905398.00621486
IWACEWICKI,1924,fixed14,203987787.75752997,221.8715194404145,203987565.88601053
IŁŻECKI,1924,fixed14,251410112.86834234,784.4839616729015,251409328.38438067
JANOWSKI,1924,fixed14,235996625.20969066,519.76628390553,235996105.44340676
JAROCIŃSKI,1924,fixed14,326465669.93838114,1399.1530826433418,326464270.78529847
JAROSŁAWSKI,1924,fixed14,237129960.70034415,826.8414282658567,237129133.85891587
JASIELSKI,1924,fixed14,237289798.34597284,1055.909049317739,237288742.4369235
JAWOROWSKI,1924,fixed14,208726408.6214853,699.1639588149538,208725709.45752648
JĘDRZEJOWSKI,1924,fixed14,280898906.01278305,869.3735430416824,280898036.63924
KALISKI,1924,fixed14,305009054.8554295,2009.2047227777614,305007045.6507067
KAMIONECKI,1924,fixed14,208049702.28363416,580.1416664534544,208049122.1419677
KARTUSKI,1924,fixed14,258821905.42589307,477.26727946384915,258821428.1586136
KATOWICE,1924,fixed14,309397331.6598852,80873.07326884373,309316458.5866164
KAŁUSKI,1924,fixed14,198480546.65913096,509.03018514608027,198480037.62894583
KIELECKI,1924,fixed14,275693700.86987495,895.0352998966467,275692805.83457506
KOBRYŃSKI,1924,fixed14,217094345.16432312,237.55985659577487,217094107.60446653
KOLBUSZOWSKI,1924,fixed14,233565403.40072644,727.1950764132606,233564676.20565003
KOLSKI,1924,fixed14,300415243.4486176,1537.0497246717234,300413706.3988929
KONECKI,1924,fixed14,276005225.3119196,856.5207118362565,276004368.7912078
KONIŃSKI,1924,fixed14,302655619.1790309,1039.7476314479375,302654579.43139946
KOPYCZYNIECKI,1924,fixed14,191003672.018534,726.7593654254473,191002945.25916857
KOSOWSKI (KOSÓW HUCULSKI),1924,fixed14,183012635.740106,268.0988140762985,183012367.64129192
KOSTOPOLSKI,1924,fixed14,188866630.95856044,180.76788838221685,188866450.19067204
KOSZYRSKI,1924,fixed14,196490163.78311348,124.70626580230766,196490039.07684767
KOWELSKI,1924,fixed14,208025452.6337344,154.31194974684834,208025298.32178465
KOZIENICKI,1924,fixed14,248385495.55086777,547.6895775581356,248384947.86129022
KOŁOMYJSKI,1924,fixed14,195132023.5213337,786.6427442311393,195131236.87858945
KOŚCIAŃSKI,1924,fixed14,357413679.34284914,1585.637204852138,357412093.7056443
KOŚCIERSKI,1924,fixed14,263928707.93765205,559.4753071037488,263928148.46234494
KRAKOWSKI,1924,fixed14,276987570.20456624,2525.619578462195,276985044.58498776
KRAKÓW (MIASTO),1924,fixed14,277321543.4531162,384454.8566706382,276937088.59644556
KRASNOSTAWSKI,1924,fixed14,220292201.18874282,833.334067773891,220291367.85467505
KROTOSZYŃSKI,1924,fixed14,321683615.0253173,1806.583853708674,321681808.4414636
KROŚNIEŃSKI,1924,fixed14,233131346.5796642,1345.3095045815458,233130001.27015963
KRZEMIENIECKI,1924,fixed14,189188061.2797111,347.5222789657533,189187713.75743213
KUTNOWSKI,1924,fixed14,295031872.49884856,3316.0272080303894,295028556.4716405
KĘPIŃSKI,1924,fixed14,301787810.47837746,888.6383398855082,301786921.8400376
LESKI,1924,fixed14,212791068.2482364,449.39642550037945,212790618.8518109
LESZCZYŃSKI,1924,fixed14,358966374.9822299,1938.046841796421,358964436.9353881
LIDZKI,1924,fixed14,197753668.70121297,212.56167163198387,197753456.13954133
LIMANOWSKI,1924,fixed14,247165738.43645912,716.3766625646377,247165022.05979657
LIPNOWSKI,1924,fixed14,233611070.84873235,870.2011104308885,233610200.64762193
LUBACZOWSKI,1924,fixed14,206220149.037816,646.4098997368452,206219502.62791625
LUBARTOWSKI,1924,fixed14,234830746.21787104,679.3510853427678,234830066.8667857
LUBAWSKI,1924,fixed14,266524354.14183316,873.3102619463305,266523480.83157122
LUBELSKI,1924,fixed14,238835561.74199322,1771.0656890465946,238833790.67630416
LUBLINIECKI,1924,fixed14,278383863.74935657,1299.2800478652903,278382564.4693087
LUBOMELSKI,1924,fixed14,213219967.86102802,231.57529372490362,213219736.2857343
LWOWSKI,1924,fixed14,214704816.77498078,1661.0143357557886,214703155.76064503
LWÓW (MIASTO),1924,fixed14,218987314.48503414,178218.89103509774,218809095.59399903
M. ST. WARSZAWA,1924,fixed14,268156625.1741772,581215.9695888426,267575409.20458835
MAKOWSKI (MAKÓW MAZOWIECKI),1924,fixed14,243662199.76845855,638.6835958994592,243661561.08486265
MIECHOWSKI,1924,fixed14,272334636.4800341,952.9807235599383,272333683.49931055
MIELECKI,1924,fixed14,254723110.13658178,680.6867057593338,254722429.449876
MIĘDZYCHODZKI,1924,fixed14,354838640.40865076,991.1881632840642,354837649.2204875
MIŃSKI,1924,fixed14,253399267.81212565,1355.2654059150307,253397912.54671973
MOGILEŃSKI,1924,fixed14,310155885.2453706,1213.3896825427069,310154671.8556881
MORSKI,1924,fixed14,252458242.66402376,1094.609242933792,252457148.0547808
MOŁODECZAŃSKI,1924,fixed14,185004520.01599762,394.11726597502735,185004125.89873165
MOŚCISKI,1924,fixed14,220626544.02110577,855.4515578142574,220625688.56954795
MYŚLENICKI,1924,fixed14,248043500.2232814,938.9868188150962,248042561.2364626
MŁAWSKI,1924,fixed14,259271644.54073796,898.7463588955078,259270745.79437906
NADWÓRNIAŃSKI,1924,fixed14,192915123.050548,398.728753624743,192914724.32179436
NIESZAWSKI,1924,fixed14,296695166.7656247,1237.287938873605,296693929.4776858
NIEŚWIESKI,1924,fixed14,185103066.20964003,487.2429833662773,185102578.96665666
NIŻAŃSKI,1924,fixed14,238605431.37846404,661.1572627023993,238604770.22120133
NOWOGRÓDZKI,1924,fixed14,194217795.189846,307.1119032199983,194217488.0779428
NOWOSĄDECKI,1924,fixed14,244268348.18360168,903.4417632673077,244267444.7418384
NOWOTARSKI,1924,fixed14,258055593.79534128,689.919267371949,258054903.8760739
NOWOTOMYSKI,1924,fixed14,375809030.74720824,1772.1045665923034,375807258.64264166
OBORNICKI,1924,fixed14,329411067.4167203,938.0826050708707,329410129.3341152
OLKUSKI,1924,fixed14,279745860.15922546,1158.2833149565283,279744701.8759105
OPATOWSKI,1924,fixed14,257606645.2430446,1011.7629087481383,257605633.48013586
OPOCZYŃSKI,1924,fixed14,280171786.02124804,687.1793151294938,280171098.8419329
OSTROWSKI (OSTRÓW MAZOWIECKA),1924,fixed14,237094976.13988042,508.60717052906534,237094467.5327099
OSTROWSKI (OSTRÓW WIELKOPOLSKI),1924,fixed14,318808338.2258645,1392.7813042639825,318806945.4445603
OSTROŁĘCKI,1924,fixed14,231695044.22279304,424.54747371534313,231694619.6753193
OSZMIAŃSKI,1924,fixed14,178087401.6353536,274.79262000751,178087126.8427336
PIOTRKOWSKI,1924,fixed14,284890366.90142673,1158.6282001222094,284889208.2732266
PIŃCZOWSKI,1924,fixed14,263090946.13685507,809.0444085712281,263090137.0924465
PIŃSKI,1924,fixed14,201165226.97383714,193.42240239090478,201165033.55143476
PODHAJECKI,1924,fixed14,201618686.58503935,452.02152279398706,201618234.56351656
POSTAWSKI,1924,fixed14,176278612.43408388,236.6213174962658,176278375.81276637
POZNAŃ (MIASTO),1924,fixed14,356844379.94889396,203093.97507691663,356641285.97381705
POZNAŃSKI,1924,fixed14,348055153.8908816,2234.204046450591,348052919.68683517
PRUŻAŃSKI,1924,fixed14,214522611.77422884,357.6992387987243,214522254.07499003
PRZASNYCKI,1924,fixed14,225767306.876351,587.1499898760349,225766719.72636113
PRZEMYSKI,1924,fixed14,232916673.95550752,1627.2136790446518,232915046.74182847
PRZEMYŚLAŃSKI,1924,fixed14,206982818.6927438,726.1764654951081,206982092.51627833
PRZEWORSKI,1924,fixed14,239161566.46014407,2221.0787794909033,239159345.38136458
PSZCZYŃSKI,1924,fixed14,297865767.13120866,3549.8159780434976,297862217.3152306
PUŁAWSKI,1924,fixed14,237326929.8289606,816.4890863743228,237326113.33987424
PUŁTUSKI,1924,fixed14,244846228.42504063,903.6232532529505,244845324.80178738
PŁOCKI,1924,fixed14,270897975.84810644,1589.8769564544002,270896385.97115
PŁOŃSKI,1924,fixed14,249366318.68421268,996.0401284559123,249365322.64408422
RADOMSKI,1924,fixed14,262279164.4255349,844.1935149304122,262278320.23201996
RADOMSZCZAŃSKI,1924,fixed14,291521771.0999418,883.0434334767382,291520888.0565083
RADZIECHOWSKI,1924,fixed14,199852816.936518,536.6911542615627,199852280.24536374
RADZYMIŃSKI,1924,fixed14,256028467.9962661,1778.750045576648,256026689.24622053
RADZYŃSKI,1924,fixed14,236907177.5963364,667.3616458433559,236906510.23469055
RAWICKI,1924,fixed14,341407846.73308015,2413.2274342795777,341405433.5056459
RAWSKI (RAWA MAZOWIECKA),1924,fixed14,274194523.01092315,829.2395436556783,274193693.7713795
RAWSKI (RAWA RUSKA),1924,fixed14,212304416.07252562,590.9696507769414,212303825.10287485
ROHATYŃSKI,1924,fixed14,199595552.4024536,654.5728925175224,199594897.82956108
ROPCZYCKI,1924,fixed14,252785827.49740243,849.1760171532682,252784978.32138526
RUDECKI,1924,fixed14,212676925.84611446,1004.1256593563742,212675921.7204551
RYBNICKI,1924,fixed14,290027220.657334,3353.1790378327605,290023867.4782962
RYPIŃSKI,1924,fixed14,233164248.97154483,1065.11566486077,233163183.85587996
RZESZOWSKI,1924,fixed14,241598805.87919435,1419.6053564710155,241597386.27383786
RÓWIEŃSKI,1924,fixed14,191680971.66772678,527.7490071195689,191680443.91871968
SAMBORSKI,1924,fixed14,223551681.71196717,1050.0132274682958,223550631.6987397
SANDOMIERSKI,1924,fixed14,245878030.513735,942.5010730107355,245877088.012662
SANOCKI,1924,fixed14,214009822.82950458,898.0404637012512,214008924.78904086
SARNEŃSKI,1924,fixed14,194344195.6799917,133.06295176813651,194344062.61703992
SIEDLECKI,1924,fixed14,243072248.46544635,798.1515699713102,243071450.3138764
SIERADZKI,1924,fixed14,305957967.1366626,1277.6798922172393,305956689.45677036
SIERPECKI,1924,fixed14,232333747.691613,1006.3024576186183,232332741.38915536
SKAŁACKI,1924,fixed14,193172851.60861194,753.2347970728636,193172098.37381488
SKIERNIEWICKI,1924,fixed14,283086153.1543388,1582.2375224865375,283084570.9168163
SOCHACZEWSKI,1924,fixed14,273011475.1160115,1300.4453494391544,273010174.67066205
SOKALSKI,1924,fixed14,206931071.67728567,813.4950865818895,206930258.1821991
SOKOŁOWSKI,1924,fixed14,239169162.14394483,593.8714609308925,239168568.2724839
SOKÓLSKI,1924,fixed14,216436375.85727343,301.19046630392336,216436074.66680712
STANISŁAWOWSKI,1924,fixed14,200876364.3351731,1231.8489503575518,200875132.48622274
STAROGARDZKI,1924,fixed14,267878854.15744215,1338.8689960373665,267877515.28844613
STOLIŃSKI,1924,fixed14,186557416.88944554,85.05184770339598,186557331.83759785
STOPNICKI,1924,fixed14,241486493.70655218,542.2787056239998,241485951.42784655
STOŁPECKI,1924,fixed14,187636246.39924386,361.79293509870473,187635884.60630876
STRYJSKI,1924,fixed14,206773036.8280297,567.5830301569332,206772469.24499953
SUWALSKI,1924,fixed14,199083214.5244663,435.9287937605645,199082778.59567255
SZAMOTULSKI,1924,fixed14,343444631.91659135,1156.13582821656,343443475.78076315
SZCZUCZYŃSKI (WOJ. BIAŁOSTOCKIE),1924,fixed14,211759439.68239015,502.08612829073513,211758937.59626186
SZCZUCZYŃSKI (WOJ. NOWOGRÓDZKIE),1924,fixed14,197416665.64085665,212.51212358519095,197416453.12873307
SZUBIŃSKI,1924,fixed14,305608175.251778,905.0875493573716,305607270.1642287
SĘPOLEŃSKI,1924,fixed14,290866680.28109324,1392.0597131137415,290865288.2213801
SŁONIMSKI,1924,fixed14,204672896.5090935,253.77920979045098,204672642.7298837
TARNOBRZESKI,1924,fixed14,252835043.2606841,843.227325124298,252834200.033359
TARNOGÓRSKI,1924,fixed14,303163331.55828637,9826.16014259092,303153505.39814377
TARNOPOLSKI,1924,fixed14,199262108.43696904,828.9740786655543,199261279.4628904
TARNOWSKI,1924,fixed14,254826462.44783518,1528.9204031567513,254824933.52743202
TCZEWSKI,1924,fixed14,263489838.83429977,1997.27887287018,263487841.5554269
TOMASZOWSKI,1924,fixed14,209379679.29648346,645.8328448966332,209379033.46363857
TORUŃSKI,1924,fixed14,300713095.06126916,2155.5073445813623,300710939.55392456
TREMBOWELSKI,1924,fixed14,195347922.3992642,697.4316357140546,195347224.96762848
TUCHOLSKI,1924,fixed14,279775723.98426473,747.6581608269532,279774976.3261039
TURCZAŃSKI,1924,fixed14,215155424.17190307,478.35240494022366,215154945.81949812
TURECKI,1924,fixed14,282085227.9650723,814.4444386178263,282084413.52063364
TŁUMACKI,1924,fixed14,197978449.79986826,862.4855849141309,197977587.31428334
WADOWICKI,1924,fixed14,275821082.06764144,1488.9835186721289,275819593.0841228
WARSZAWSKI,1924,fixed14,265757528.7298012,5568.448432509856,265751960.2813687
WIELUŃSKI,1924,fixed14,264429303.20330453,543.04674901299,264428760.1565555
WILEJSKI,1924,fixed14,177872588.4628428,248.3108274769817,177872340.15201533
WILEŃSKO-TROCKI,1924,fixed14,191217573.01969916,286.38749965806363,191217286.6321995
WILNO (MIASTO),1924,fixed14,195403122.64251113,55584.31722951846,195347538.32528162
WOLSZTYŃSKI,1924,fixed14,389675971.39892757,1156.115502031149,389674815.2834255
WOŁKOWYSKI,1924,fixed14,213370996.98775804,245.6651813204737,213370751.32257673
WOŁOŻYŃSKI,1924,fixed14,179164377.65316755,308.28031752658535,179164069.37285003
WRZESIŃSKI,1924,fixed14,319075563.5022586,1562.937558638141,319074000.56469995
WYRZYSKI,1924,fixed14,297354767.8824603,1168.9707549545017,297353598.9117053
WYSOKOMAZOWIECKI,1924,fixed14,222009958.68945307,475.201446904367,222009483.48800617
WĄBRZESKI,1924,fixed14,288053336.85707384,1210.6016065398194,288052126.2554673
WĄGROWIECKI,1924,fixed14,304759444.5943256,859.3756650943403,304758585.21866053
WĘGROWSKI,1924,fixed14,228559104.2335817,573.0761058253623,228558531.15747586
WŁOCŁAWSKI,1924,fixed14,293383370.93848276,2417.6653421462406,293380953.2731406
WŁODAWSKI,1924,fixed14,215224589.0653649,378.4692055471635,215224210.59615934
WŁODZIMIERSKI,1924,fixed14,208418711.6758632,438.3621375010443,208418273.3137257
WŁOSZCZOWSKI,1924,fixed14,263507399.84066334,552.4426709418001,263506847.3979924
ZALESZCZYCKI,1924,fixed14,185929752.8834423,721.9428463020215,185929030.940596
ZAMOJSKI,1924,fixed14,222363812.74524918,1017.220605807721,222362795.52464336
ZBARASKI,1924,fixed14,194727887.4176856,809.8116705917741,194727077.606015
ZBOROWSKI,1924,fixed14,196365412.23817277,641.0656750930908,196364771.1724977
ZDOŁBUNOWSKI,1924,fixed14,190046886.67132866,688.9651987762189,190046197.70612988
ZŁOCZOWSKI,1924,fixed14,205405119.29025185,617.978386451135,205404501.3118654
ŁASKI,1924,fixed14,290507236.0520541,1223.017626928346,290506013.03442717
ŁAŃCUCKI,1924,fixed14,237455646.29142404,1106.6809097555222,237454539.61051428
ŁOMŻYŃSKI,1924,fixed14,228165629.27623987,525.3146977972897,228165103.96154207
ŁOWICKI,1924,fixed14,287973104.06239223,1595.2063915943531,287971508.85600066
ŁUCKI,1924,fixed14,200736702.62505972,216.8933025855057,200736485.73175713
ŁUKOWSKI,1924,fixed14,239661231.4205562,575.2447629623215,239660656.17579323
ŁUNINIECKI,1924,fixed14,190773766.7464478,163.980997557985,190773602.76545024
ŁÓDZKI,1924,fixed14,295827656.29706913,3028.3550192424777,295824627.94204986
ŁÓDŹ (MIASTO),1924,fixed14,296845286.699655,633683.979898137,296211602.71975684
ŁĘCZYCKI,1924,fixed14,289142685.8638238,1297.8626630982114,289141388.0011607
ŚNIATYŃSKI,1924,fixed14,188969677.0693707,1301.2706063625014,188968375.79876432
ŚREDZKI,1924,fixed14,332892379.6223975,1353.5288329407865,332891026.09356457
ŚREMSKI,1924,fixed14,332183320.4970085,1001.4536345165506,332182319.043374
ŚWIECKI,1924,fixed14,283834960.42552704,802.7989784902711,283834157.6265485
ŚWIĘCIAŃSKI,1924,fixed14,183704625.70263088,233.67497575014772,183704392.02765512
ŚWIĘTOCHŁOWICKI,1924,fixed14,313400073.5559492,97519.06719495442,313302554.4887543
ŻNIŃSKI,1924,fixed14,312189685.1251014,1278.4267112792518,312188406.6983901
ŻYDACZOWSKI,1924,fixed14,203013884.68733072,641.5265917065776,203013243.160739
ŻYWIECKI,1924,fixed14,274040850.8855607,1458.5118468422784,274039392.37371385
ŻÓŁKIEWSKI,1924,fixed14,210310871.1689461,942.1854204908436,210309928.9835256
AUGUSTOWSKI,1925,fixed14,222386753.8308577,334.65152930537704,222386419.17932838
BARANOWICKI,1925,fixed14,214921266.78882852,249.65998246602658,214921017.12884605
BIALSKI (BIAŁA KRAKOWSKA),1925,fixed14,311132247.89116144,4662.208602900099,311127585.68255854
BIALSKI (BIAŁA PODLASKA),1925,fixed14,258281568.4094606,683.4922164823336,258280884.91724414
BIAŁOSTOCKI,1925,fixed14,248033445.7739394,860.4774133729946,248032585.296526
BIELSKI (BIELSK PODLASKI),1925,fixed14,246239751.94403097,264.86710819682565,246239487.07692277
BIELSKO,1925,fixed14,312746436.77777416,20163.694015102996,312726273.08375907
BIŁGORAJSKI,1925,fixed14,237434639.59720436,461.5981586302344,237434177.99904573
BOCHEŃSKI,1925,fixed14,296056107.1852122,1141.3274130372895,296054965.8577992
BORSZCZOWSKI,1925,fixed14,201468194.73037556,702.5870210765511,201467492.14335448
BRASŁAWSKI,1925,fixed14,194952269.9191256,156.99316921366855,194952112.92595637
BRODNICKI,1925,fixed14,312229654.90698946,1258.9754252115179,312228395.9315643
BRODZKI,1925,fixed14,226838159.97323275,751.8256239040827,226837408.14760885
BRZESKI (BRZESKO),1925,fixed14,269048142.97522485,1095.7678408930356,269047047.20738393
BRZESKI (BRZEŚĆ N.BUG.),1925,fixed14,252865951.58748746,367.52124248988696,252865584.06624496
BRZEZIŃSKI,1925,fixed14,321449393.5067438,2638.085592439469,321446755.42115134
BRZEŻAŃSKI,1925,fixed14,222870661.5951422,731.8079356084065,222869929.7872066
BRZOZOWSKI,1925,fixed14,253310761.51990357,1380.603025241615,253309380.91687834
BUCZACKI,1925,fixed14,214159662.5644206,710.2256813462088,214158952.33873928
BYDGOSKI,1925,fixed14,333892156.41849357,1559.4933414119407,333890596.9251522
BÓBRECKI,1925,fixed14,224807309.1826314,1053.7834797786784,224806255.39915162
BĘDZIŃSKI,1925,fixed14,330183115.7062301,5128.409102909333,330177987.2971272
BŁOŃSKI,1925,fixed14,306324017.6776172,2691.732467191597,306321325.94515
CHEŁMIŃSKI,1925,fixed14,315957126.87442106,1480.9177693613651,315955645.9566517
CHEŁMSKI,1925,fixed14,250821381.59020528,825.6563245730026,250820555.93388072
CHODZIESKI,1925,fixed14,348241492.0055469,1160.001099257516,348240332.0044477
CHOJNICKI,1925,fixed14,300172306.78031677,471.83927896056144,300171834.94103783
CHORZÓW,1925,fixed14,352753522.58091867,348245.1606623836,352405277.42025626
CHRZANOWSKI,1925,fixed14,327565836.02590036,3930.9787903726437,327561905.04710996
CIECHANOWSKI,1925,fixed14,289919052.19936377,1606.0141760644535,289917446.1851877
CIESZYŃSKI,1925,fixed14,307605931.5630691,3789.9728370633648,307602141.590232
CZARNKOWSKI,1925,fixed14,340360713.7396775,991.7783835105114,340359721.961294
CZORTKOWSKI,1925,fixed14,212316326.44896927,1261.7740537789396,212315064.6749155
CZĘSTOCHOWSKI,1925,fixed14,320562968.940198,1696.5968769758924,320561272.343321
DOBROMILSKI,1925,fixed14,245293896.153229,771.5204964914949,245293124.6327325
DOLIŃSKI,1925,fixed14,227933149.44733757,391.35547939644204,227932758.09185818
DROHICKI,1925,fixed14,228630582.87148368,260.8668805588826,228630322.00460312
DROHOBYCKI,1925,fixed14,240765535.01845133,1619.1874200505245,240763915.8310313
DUBIEŃSKI,1925,fixed14,216272700.92933586,412.38260373428005,216272288.54673213
DZIAŁDOWSKI,1925,fixed14,286879438.293046,483.42545673230666,286878954.8675893
DZIŚNIEŃSKI,1925,fixed14,193100895.6150015,204.00150749986926,193100691.613494
DĄBROWSKI,1925,fixed14,278196455.22494626,812.692109991363,278195642.53283626
GARWOLIŃSKI,1925,fixed14,273729684.00976235,660.8854688335906,273729023.1242935
GNIEŹNIEŃSKI,1925,fixed14,355307088.48522264,2016.1857257703175,355305072.2994969
GORLICKI,1925,fixed14,263865942.68934014,939.9776279702036,263865002.71171218
GOSTYNIŃSKI,1925,fixed14,310378635.0770787,1350.7380839512555,310377284.33899474
GOSTYŃSKI,1925,fixed14,377183633.44072,1875.3481944594678,377181758.09252554
GRODZIEŃSKI,1925,fixed14,229761125.2619776,292.42955123212016,229760832.83242637
GRUDZIĄDZKI,1925,fixed14,316645498.7145739,2526.852931141724,316642971.8616428
GRÓDECKI,1925,fixed14,236192737.8943155,945.0049171667551,236191792.88939834
GRÓJECKI,1925,fixed14,279011649.30636007,1431.108226789248,279010218.1981333
HOROCHOWSKI,1925,fixed14,217038216.38137028,864.7546629178526,217037351.62670735
HORODEŃSKI,1925,fixed14,206868042.6683424,951.931577814507,206867090.7367646
HRUBIESZOWSKI,1925,fixed14,237022514.25208294,671.702432327369,237021842.5496506
INOWROCŁAWSKI,1925,fixed14,337190096.8614918,1976.538557541104,337188120.32293427
IWACEWICKI,1925,fixed14,226174028.868641,224.78305710498745,226173804.0855839
IŁŻECKI,1925,fixed14,278872556.80377537,725.4132831267762,278871831.39049226
JANOWSKI,1925,fixed14,261653722.0277939,632.6538621376384,261653089.37393177
JAROCIŃSKI,1925,fixed14,362016760.6552655,1648.9605434166108,362015111.6947221
JAROSŁAWSKI,1925,fixed14,263001324.11315933,926.8541527210773,263000397.25900662
JASIELSKI,1925,fixed14,263198804.20902395,1112.8178159017368,263197691.39120805
JAWOROWSKI,1925,fixed14,231428897.25169942,711.4671695062774,231428185.78452992
JĘDRZEJOWSKI,1925,fixed14,311582573.1759692,894.249311100066,311581678.9266581
KALISKI,1925,fixed14,338319867.81242305,2397.9864754122045,338317469.82594764
KAMIONECKI,1925,fixed14,230682422.55712315,663.612206067168,230681758.94491708
KARTUSKI,1925,fixed14,287170971.1346794,534.950311122605,287170436.18436825
KATOWICE,1925,fixed14,343257020.5472437,78395.9805248059,343178624.56671894
KAŁUSKI,1925,fixed14,220093765.79621884,585.9445065460594,220093179.8517123
KIELECKI,1925,fixed14,305830159.2433029,880.8428905588819,305829278.4004123
KOBRYŃSKI,1925,fixed14,240654528.82004637,263.62194521180675,240654265.19810116
KOLBUSZOWSKI,1925,fixed14,259060796.25584593,750.4757736125883,259060045.78007233
KOLSKI,1925,fixed14,335123292.0029881,1772.3328463860346,335121519.6701417
KONECKI,1925,fixed14,306170883.27157295,721.1782252112288,306170162.0933477
KONIŃSKI,1925,fixed14,337354294.7502634,1094.7590925991872,337353199.99117076
KOPYCZYNIECKI,1925,fixed14,211777659.38490897,844.3539596184593,211776815.03094935
KOSOWSKI (KOSÓW HUCULSKI),1925,fixed14,202919763.0892088,253.65836225835568,202919509.43084654
KOSTOPOLSKI,1925,fixed14,209402255.65076554,198.08551485278915,209402057.5652507
KOSZYRSKI,1925,fixed14,217843683.28884804,176.76503330560948,217843506.52381474
KOWELSKI,1925,fixed14,230613829.84169474,179.78103253469487,230613650.0606622
KOZIENICKI,1925,fixed14,275363762.3508398,562.030181478427,275363200.3206583
KOŁOMYJSKI,1925,fixed14,216357557.47983614,934.7877506912347,216356622.69208544
KOŚCIAŃSKI,1925,fixed14,396397081.7843667,1816.2852800570276,396395265.4990867
KOŚCIERSKI,1925,fixed14,293054588.97368854,717.810515466297,293053871.1631731
KRAKOWSKI,1925,fixed14,307271493.76042366,2392.7949134490186,307269100.9655102
KRAKÓW (MIASTO),1925,fixed14,307591430.51703763,375631.51381181146,307215799.0032258
KRASNOSTAWSKI,1925,fixed14,244221659.10541356,861.4365795158494,244220797.66883403
KROTOSZYŃSKI,1925,fixed14,356784390.5772122,1885.3370097944198,356782505.2402024
KROŚNIEŃSKI,1925,fixed14,258589652.59812057,1649.9126230115535,258588002.68549755
KRZEMIENIECKI,1925,fixed14,209763083.36469823,432.1440908814904,209762651.22060734
KUTNOWSKI,1925,fixed14,327946667.29774445,3834.0475191659466,327942833.2502253
KĘPIŃSKI,1925,fixed14,334679582.6802378,1002.4581120611732,334678580.22212577
LESKI,1925,fixed14,235995399.13788804,435.2185493648148,235994963.91933867
LESZCZYŃSKI,1925,fixed14,398145975.6885092,1932.6965541614306,398144042.99195504
LIDZKI,1925,fixed14,219237120.682642,246.12021115689058,219236874.56243086
LIMANOWSKI,1925,fixed14,274165617.8834794,736.6559481255442,274164881.2275313
LIPNOWSKI,1925,fixed14,258988687.27834854,1007.7616944422516,258987679.5166541
LUBACZOWSKI,1925,fixed14,228631770.1139653,645.0831793661805,228631125.03078595
LUBARTOWSKI,1925,fixed14,260334487.57574216,806.9021826099772,260333680.67355955
LUBAWSKI,1925,fixed14,296460944.59221655,1192.5135666488516,296459752.0786499
LUBELSKI,1925,fixed14,264773691.466987,1848.7245812893282,264771842.7424057
LUBLINIECKI,1925,fixed14,309757585.08566004,1275.2965306521633,309756309.7891294
LUBOMELSKI,1925,fixed14,236370230.64858115,268.4594098770717,236369962.18917128
LWOWSKI,1925,fixed14,238058477.63037395,1767.3195109315905,238056710.31086302
LWÓW (MIASTO),1925,fixed14,242786049.22796443,176626.76581872476,242609422.46214572
M. ST. WARSZAWA,1925,fixed14,297238654.7794275,571728.9157696945,296666925.86365783
MAKOWSKI (MAKÓW MAZOWIECKI),1925,fixed14,271907545.0676346,715.2930395427236,271906829.774595
MIECHOWSKI,1925,fixed14,302100248.1669536,987.9030498765353,302099260.26390374
MIELECKI,1925,fixed14,282550871.43354917,730.5080512384698,282550140.92549795
MIĘDZYCHODZKI,1925,fixed14,393778462.5416845,1041.3625778964608,393777421.1791066
MIŃSKI,1925,fixed14,280883558.8587334,1430.6740824147807,280882128.184651
MOGILEŃSKI,1925,fixed14,345193299.0709097,1411.0740351976317,345191887.99687445
MORSKI,1925,fixed14,280060946.2868269,1077.8902726669712,280059868.39655423
MOŁODECZAŃSKI,1925,fixed14,205107314.6272745,327.13778903959354,205106987.48948547
MOŚCISKI,1925,fixed14,244682857.29603875,865.8667742072912,244681991.42926455
MYŚLENICKI,1925,fixed14,275152843.8949753,1163.4770211764157,275151680.41795415
MŁAWSKI,1925,fixed14,287320364.715639,974.4931048432567,287319390.2225342
NADWÓRNIAŃSKI,1925,fixed14,213901797.48373303,405.0299903598451,213901392.45374268
NIESZAWSKI,1925,fixed14,330649812.9218874,1378.4326533962872,330648434.48923403
NIEŚWIESKI,1925,fixed14,205212493.5063387,509.75004400459306,205211983.75629467
NIŻAŃSKI,1925,fixed14,264630542.17849073,681.7556294925826,264629860.42286125
NOWOGRÓDZKI,1925,fixed14,215313525.0843654,332.9069659473828,215313192.17739946
NOWOSĄDECKI,1925,fixed14,270940616.82411027,870.576834209741,270939746.24727607
NOWOTARSKI,1925,fixed14,286249978.5313715,695.0751822266649,286249283.4561893
NOWOTOMYSKI,1925,fixed14,416855816.1205241,1725.0539165766606,416854091.06660753
OBORNICKI,1925,fixed14,365467646.1729803,1002.3900587024723,365466643.7829216
OLKUSKI,1925,fixed14,310346491.1259244,1150.8640952832493,310345340.26182914
OPATOWSKI,1925,fixed14,285743799.3765046,986.6618355251119,285742812.71466905
OPOCZYŃSKI,1925,fixed14,310777769.8805329,726.9282147133617,310777042.9523182
OSTROWSKI (OSTRÓW MAZOWIECKA),1925,fixed14,262819724.5022312,577.2228507033687,262819147.2793805
OSTROWSKI (OSTRÓW WIELKOPOLSKI),1925,fixed14,353580932.4768017,1569.1631489410756,353579363.31365275
OSTROŁĘCKI,1925,fixed14,256848593.05244622,469.5555157545108,256848123.49693045
OSZMIAŃSKI,1925,fixed14,197432551.34135813,309.64042016941005,197432241.70093796
PIOTRKOWSKI,1925,fixed14,316185233.65035605,1100.541763606989,316184133.10859245
PIŃCZOWSKI,1925,fixed14,288919713.43099165,893.3506576886355,288918820.08033395
PIŃSKI,1925,fixed14,223015804.36230674,195.84649933854507,223015608.51580742
PODHAJECKI,1925,fixed14,223548180.31290036,570.4648790412209,223547609.84802133
POSTAWSKI,1925,fixed14,195428570.92781672,204.84999641032135,195428366.0778203
POZNAŃ (MIASTO),1925,fixed14,395851734.5966105,166319.00436023623,395685415.5922502
POZNAŃSKI,1925,fixed14,386260015.3723203,2068.707556036069,386257946.6647643
PRUŻAŃSKI,1925,fixed14,237829806.81351107,316.40538786875936,237829490.4081232
PRZASNYCKI,1925,fixed14,250479942.54459283,653.4976596034687,250479289.04693323
PRZEMYSKI,1925,fixed14,258326641.4697721,1658.0428932809216,258324983.4268788
PRZEMYŚLAŃSKI,1925,fixed14,229495224.2691962,811.2226610478442,229494413.04653516
PRZEWORSKI,1925,fixed14,265260542.58249614,2271.634896900039,265258270.94759923
PSZCZYŃSKI,1925,fixed14,330450104.43260247,3606.5827374998585,330446497.84986496
PUŁAWSKI,1925,fixed14,263107886.17840552,892.3539525836898,263106993.82445294
PUŁTUSKI,1925,fixed14,271699585.67811304,916.1590170761864,271698669.51909596
PŁOCKI,1925,fixed14,300984814.5085873,1795.8336758532676,300983018.67491144
PŁOŃSKI,1925,fixed14,276411851.91060853,1039.0680267029982,276410812.8425818
RADOMSKI,1925,fixed14,290825628.9076874,874.5062858893201,290824754.4014015
RADOMSZCZAŃSKI,1925,fixed14,323574299.7297419,843.566545101817,323573456.16319674
RADZIECHOWSKI,1925,fixed14,221591740.1856048,590.7338478246011,221591149.45175698
RADZYMIŃSKI,1925,fixed14,283821726.9518254,1824.6743302199484,283819902.27749515
RADZYŃSKI,1925,fixed14,262620182.88042834,743.0138406462306,262619439.8665877
RAWICKI,1925,fixed14,378665815.0835323,2451.776841830582,378663363.30669045
RAWSKI (RAWA MAZOWIECKA),1925,fixed14,304104441.19035053,942.4535422549096,304103498.7368083
RAWSKI (RAWA RUSKA),1925,fixed14,235376576.35244724,597.784436364384,235375978.56801087
ROHATYŃSKI,1925,fixed14,221305842.55417463,761.3219585724778,221305081.23221606
ROPCZYCKI,1925,fixed14,280406735.4446126,876.0954839694726,280405859.34912866
RUDECKI,1925,fixed14,235870982.81432718,975.3440302656758,235870007.47029692
RYBNICKI,1925,fixed14,321754258.04134667,3486.5452904748436,321750771.4960562
RYPIŃSKI,1925,fixed14,258465579.7152829,1206.4090097788685,258464373.3062731
RZESZOWSKI,1925,fixed14,267990769.2687798,1335.1453325414966,267989434.12344727
RÓWIEŃSKI,1925,fixed14,212538479.1764988,551.7770489065757,212537927.39944988
SAMBORSKI,1925,fixed14,247936506.04453576,992.0775092833152,247935513.96702647
SANDOMIERSKI,1925,fixed14,272730997.7077762,973.1138765380207,272730024.59389967
SANOCKI,1925,fixed14,237361020.22993284,881.2208827608786,237360139.00905007
SARNEŃSKI,1925,fixed14,215448964.9863015,137.74929472395638,215448827.23700678
SIEDLECKI,1925,fixed14,269451937.09370327,859.3207951694097,269451077.7729081
SIERADZKI,1925,fixed14,339615023.2375317,1270.4119204338704,339613752.8256113
SIERPECKI,1925,fixed14,257601796.77784327,1027.5727451911598,257600769.20509806
SKAŁACKI,1925,fixed14,214183757.15797657,850.8736320067735,214182906.28434455
SKIERNIEWICKI,1925,fixed14,313945846.7689903,1633.5493481327308,313944213.21964216
SOCHACZEWSKI,1925,fixed14,302795775.4549436,1380.5269486503762,302794394.92799497
SOKALSKI,1925,fixed14,229422447.18462634,766.8677877680958,229421680.31683856
SOKOŁOWSKI,1925,fixed14,265133358.27321234,739.7041963079364,265132618.56901604
SOKÓLSKI,1925,fixed14,239923778.37925324,356.24985846322835,239923422.12939477
STANISŁAWOWSKI,1925,fixed14,222724909.14556575,1306.1903825771647,222723602.95518318
STAROGARDZKI,1925,fixed14,297608688.297072,1324.383551291788,297607363.9135207
STOLIŃSKI,1925,fixed14,206829353.589522,96.2476694561727,206829257.34185255
STOPNICKI,1925,fixed14,267593985.52572855,575.7132984126284,267593409.81243014
STOŁPECKI,1925,fixed14,208040020.92658427,427.2002355097884,208039593.72634876
STRYJSKI,1925,fixed14,229307190.58078516,645.1906117630434,229306545.3901734
SUWALSKI,1925,fixed14,220700931.30967805,510.9830133143299,220700420.32666475
SZAMOTULSKI,1925,fixed14,381043298.537166,1258.745680397419,381042039.7914856
SZCZUCZYŃSKI (WOJ. BIAŁOSTOCKIE),1925,fixed14,234750436.1023869,480.9089178949711,234749955.193469
SZCZUCZYŃSKI (WOJ. NOWOGRÓDZKIE),1925,fixed14,218857682.325648,242.9279043576396,218857439.39774364
SZUBIŃSKI,1925,fixed14,340034549.3350037,974.5437800159111,340033574.79122365
SĘPOLEŃSKI,1925,fixed14,323456115.4424616,1353.457220556517,323454761.98524106
SŁONIMSKI,1925,fixed14,226899626.80641478,298.54374359807656,226899328.26267117
TARNOBRZESKI,1925,fixed14,280441019.6460148,812.860404021345,280440206.7856108
TARNOGÓRSKI,1925,fixed14,337366044.6446811,9491.637070431852,337356553.0076107
TARNOPOLSKI,1925,fixed14,220937976.8280156,881.3622561249405,220937095.46575946
TARNOWSKI,1925,fixed14,282685416.87592536,1519.1718962436078,282683897.70402914
TCZEWSKI,1925,fixed14,292744747.0169382,2150.748322002237,292742596.2686162
TOMASZOWSKI,1925,fixed14,232129650.30384704,808.6094919235558,232128841.69435513
TORUŃSKI,1925,fixed14,334840402.4671957,2417.792131354766,334837984.6750643
TREMBOWELSKI,1925,fixed14,216595450.96247864,904.5166202267757,216594546.44585842
TUCHOLSKI,1925,fixed14,311069262.707242,919.5079369584996,311068343.19930506
TURCZAŃSKI,1925,fixed14,238617382.12484926,478.9553854698483,238616903.16946378
TURECKI,1925,fixed14,312879727.10894644,881.2477378795359,312878845.86120856
TŁUMACKI,1925,fixed14,219515866.26649645,905.7534332293427,219514960.51306322
WADOWICKI,1925,fixed14,305976611.4745093,1538.2861819038442,305975073.1883274
WARSZAWSKI,1925,fixed14,294674708.5384508,5621.794556104499,294669086.7438947
WIELUŃSKI,1925,fixed14,293231793.1934457,566.258434333025,293231226.9350113
WILEJSKI,1925,fixed14,197199786.78925774,244.92238124461994,197199541.86687648
WILEŃSKO-TROCKI,1925,fixed14,212028766.85605672,277.0764022965225,212028489.7796544
WILNO (MIASTO),1925,fixed14,216610620.2407553,52920.18534530965,216557700.05540997
WOLSZTYŃSKI,1925,fixed14,432234245.22067386,1259.551191297147,432232985.6694826
WOŁKOWYSKI,1925,fixed14,236535756.4189938,264.0073418760243,236535492.41165194
WOŁOŻYŃSKI,1925,fixed14,198627862.5574512,385.1673214849278,198627477.39012972
WRZESIŃSKI,1925,fixed14,355354396.9332766,1662.7535779854989,355352734.1796986
WYRZYSKI,1925,fixed14,330850816.1354503,1240.593753085509,330849575.5416972
WYSOKOMAZOWIECKI,1925,fixed14,246128427.80384356,546.4508838148179,246127881.35295975
WĄBRZESKI,1925,fixed14,320632378.19119096,1294.3796243114289,320631083.81156665
WĄGROWIECKI,1925,fixed14,339206385.0463151,938.7843798568721,339205446.26193523
WĘGROWSKI,1925,fixed14,253368452.12729272,649.4389833983171,253367802.6883093
WŁOCŁAWSKI,1925,fixed14,327092465.8860363,2700.8717989092556,327089765.01423734
WŁODAWSKI,1925,fixed14,238555068.30251697,430.5800078667396,238554637.7225091
WŁODZIMIERSKI,1925,fixed14,231065519.11743855,495.04231314870646,231065024.0751254
WŁOSZCZOWSKI,1925,fixed14,292444641.67854565,582.3863893440182,292444059.29215634
ZALESZCZYCKI,1925,fixed14,206151750.87623712,868.617697146006,206150882.25853997
ZAMOJSKI,1925,fixed14,246516440.37278676,1070.5459987625024,246515369.826788
ZBARASKI,1925,fixed14,215907076.96747792,967.5243092191523,215906109.4431687
ZBOROWSKI,1925,fixed14,217720794.08088654,792.0765459512547,217720002.0043406
ZDOŁBUNOWSKI,1925,fixed14,210701964.70111954,818.0157372928886,210701146.68538225
ZŁOCZOWSKI,1925,fixed14,227750882.67743668,667.2408744850437,227750215.43656218
ŁASKI,1925,fixed14,322623862.9789288,1133.781930280545,322622729.19699854
ŁAŃCUCKI,1925,fixed14,263365328.63530138,1024.7051335566903,263364303.93016782
ŁOMŻYŃSKI,1925,fixed14,252922310.32885933,582.8906886760931,252921727.43817064
ŁOWICKI,1925,fixed14,319321898.7392691,1589.9202644415832,319320308.81900465
ŁUCKI,1925,fixed14,222548542.16570002,258.24253420865057,222548283.9231658
ŁUKOWSKI,1925,fixed14,265675065.25361964,678.830413843426,265674386.4232058
ŁUNINIECKI,1925,fixed14,211479723.8588715,159.55209912027624,211479564.30677238
ŁÓDZKI,1925,fixed14,328615702.15576434,2699.545975674314,328613002.60978866
ŁÓDŹ (MIASTO),1925,fixed14,329497357.09448504,472710.73995947157,329024646.35452557
ŁĘCZYCKI,1925,fixed14,327923086.06207275,1558.504920820535,327921527.5571519
ŚNIATYŃSKI,1925,fixed14,209523687.51013756,1423.9549741687708,209522263.55516338
ŚREDZKI,1925,fixed14,369234686.1361889,1351.96788950197,369233334.16829944
ŚREMSKI,1925,fixed14,368411959.42146146,1028.8177018213557,368410930.60375965
ŚWIECKI,1925,fixed14,315572470.9397599,853.3410981568117,315571617.5986618
ŚWIĘCIAŃSKI,1925,fixed14,203655394.77580526,251.9529025283176,203655142.82290274
ŚWIĘTOCHŁOWICKI,1925,fixed14,347747919.1306198,96425.92661290157,347651493.2040069
ŻNIŃSKI,1925,fixed14,347471229.385795,1201.4688751541444,347470027.9169198
ŻYDACZOWSKI,1925,fixed14,225094770.52711695,725.9631174132716,225094044.56399953
ŻYWIECKI,1925,fixed14,304000575.62742627,1473.9348047147048,303999101.6926215
ŻÓŁKIEWSKI,1925,fixed14,233180024.9164116,886.3610981148435,233179138.5553135
AUGUSTOWSKI,1926,fixed14,228098010.46063596,358.0836628082479,228097652.37697315
BARANOWICKI,1926,fixed14,220483779.31758583,241.93337010431907,220483537.3842157
BIALSKI (BIAŁA KRAKOWSKA),1926,fixed14,341864461.34288055,4135.614679536143,341860325.72820103
BIALSKI (BIAŁA PODLASKA),1926,fixed14,264899938.8870944,737.1385472676922,264899201.74854714
BIAŁOSTOCKI,1926,fixed14,254375813.56043917,775.4278059863922,254375038.13263318
BIELSKI (BIELSK PODLASKI),1926,fixed14,252539822.0681882,282.56481331482325,252539539.50337487
BIELSKO,1926,fixed14,343769820.86918646,16238.507021189018,343753582.3621653
BIŁGORAJSKI,1926,fixed14,243532184.3876828,556.530591955929,243531627.85709083
BOCHEŃSKI,1926,fixed14,321659445.5279252,1113.786984758566,321658331.74094045
BORSZCZOWSKI,1926,fixed14,206664952.78881735,787.3053270435524,206664165.4834903
BRASŁAWSKI,1926,fixed14,199958011.75284603,159.90883773156452,199957851.8440083
BRODNICKI,1926,fixed14,320215556.369655,1272.2492502179762,320214284.1204048
BRODZKI,1926,fixed14,232686159.77782765,753.9062973752995,232685405.87153026
BRZESKI (BRZESKO),1926,fixed14,288171958.61908793,1051.4182997301878,288170907.2007882
BRZESKI (BRZEŚĆ N.BUG.),1926,fixed14,259355574.50138995,389.71088532929423,259355184.79050463
BRZEZIŃSKI,1926,fixed14,329677593.000836,2184.037959881682,329675408.96287614
BRZEŻAŃSKI,1926,fixed14,228615389.6064388,753.2164661710121,228614636.38997263
BRZOZOWSKI,1926,fixed14,260323405.31238905,1281.1755211655668,260322124.13686788
BUCZACKI,1926,fixed14,219682782.72649994,768.3887592146543,219682014.33774072
BYDGOSKI,1926,fixed14,346948687.6680454,1623.4543315541441,346947064.2137138
BÓBRECKI,1926,fixed14,230622419.1718124,999.3576157734268,230621419.81419662
BĘDZIŃSKI,1926,fixed14,363991009.1709038,4285.946568494343,363986723.2243353
BŁOŃSKI,1926,fixed14,314167832.5070808,2382.254538713725,314165450.2525421
CHEŁMIŃSKI,1926,fixed14,324065996.75752646,1390.1946743186193,324064606.56285214
CHEŁMSKI,1926,fixed14,257255560.88876373,850.1783046073575,257254710.7104591
CHODZIESKI,1926,fixed14,367341006.650992,1153.74754776739,367339852.90344423
CHOJNICKI,1926,fixed14,313008990.96125174,460.51697606881163,313008530.4442757
CHORZÓW,1926,fixed14,391835656.73751664,298740.6267409278,391536916.1107757
CHRZANOWSKI,1926,fixed14,357225498.9325409,3542.279700023426,357221956.65284085
CIECHANOWSKI,1926,fixed14,297232444.72394955,1455.392052336508,297230989.3318972
CIESZYŃSKI,1926,fixed14,337901002.6567903,3171.0966909809063,337897831.56009936
CZARNKOWSKI,1926,fixed14,360725380.5266069,1025.6404823078149,360724354.8861246
CZORTKOWSKI,1926,fixed14,217790878.4165659,1287.6799751598016,217789590.73659074
CZĘSTOCHOWSKI,1926,fixed14,331095124.0502476,1468.631215264619,331093655.41903234
DOBROMILSKI,1926,fixed14,252205294.57452366,782.3966214580661,252204512.1779022
DOLIŃSKI,1926,fixed14,233810852.25593635,384.4162505274674,233810467.83968583
DROHICKI,1926,fixed14,234496840.78280267,287.8589968514866,234496552.92380583
DROHOBYCKI,1926,fixed14,246980629.0232798,1350.1715441827887,246979278.8517356
DUBIEŃSKI,1926,fixed14,221843154.7603444,432.0742274373496,221842722.68611696
DZIAŁDOWSKI,1926,fixed14,294178421.09299815,437.1693474279819,294177983.92365074
DZIŚNIEŃSKI,1926,fixed14,198067516.63676366,221.03987399832718,198067295.59688967
DĄBROWSKI,1926,fixed14,297070601.346141,834.7746390620948,297069766.5715019
GARWOLIŃSKI,1926,fixed14,280735928.7143484,680.0634960262278,280735248.6508523
GNIEŹNIEŃSKI,1926,fixed14,374984635.59836483,1985.3227494326138,374982650.2756154
GORLICKI,1926,fixed14,282289771.513278,896.1957089989036,282288875.317569
GOSTYNIŃSKI,1926,fixed14,318314463.88913137,1244.7548627340918,318313219.13426864
GOSTYŃSKI,1926,fixed14,404124659.90959454,1927.8573720574218,404122732.0522225
GRODZIEŃSKI,1926,fixed14,235630829.35678115,302.0245617925573,235630527.33221936
GRUDZIĄDZKI,1926,fixed14,324721232.7393802,2263.7515889699466,324718968.98779124
GRÓDECKI,1926,fixed14,242292266.78749868,892.3747301396437,242291374.41276854
GRÓJECKI,1926,fixed14,286148256.50707155,1320.1888686827829,286146936.31820285
HOROCHOWSKI,1926,fixed14,222636759.89475176,611.3644911018953,222636148.53026065
HORODEŃSKI,1926,fixed14,212206508.23118272,1027.7736348216204,212205480.4575479
HRUBIESZOWSKI,1926,fixed14,243107224.0546477,784.0622369475732,243106439.99241078
INOWROCŁAWSKI,1926,fixed14,351561482.5345386,1937.6081080487997,351559544.9264306
IWACEWICKI,1926,fixed14,232006429.90785688,265.9098748910925,232006163.997982
IŁŻECKI,1926,fixed14,286074835.5290958,763.3813558029609,286074072.14774
JANOWSKI,1926,fixed14,268390930.49057347,688.2773643724391,268390242.2132091
JAROCIŃSKI,1926,fixed14,389693243.6987864,1795.3017641366405,389691448.39702225
JAROSŁAWSKI,1926,fixed14,269789849.0546092,1014.5324620592255,269788834.5221471
JASIELSKI,1926,fixed14,279703722.8147126,1061.5277949175884,279702661.2869177
JAWOROWSKI,1926,fixed14,237394916.60699365,727.6321161664745,237394188.97487748
JĘDRZEJOWSKI,1926,fixed14,323051316.7118821,934.9388147617017,323050381.77306736
KALISKI,1926,fixed14,361682919.00330836,1955.7769313333245,361680963.226377
KAMIONECKI,1926,fixed14,236632969.53898802,667.9384411243947,236632301.6005469
KARTUSKI,1926,fixed14,298254660.52654314,528.2982203823041,298254132.22832274
KATOWICE,1926,fixed14,380276420.90947026,63706.41087503518,380212714.49859524
KAŁUSKI,1926,fixed14,225756244.968073,610.1401475661448,225755634.82792544
KIELECKI,1926,fixed14,313740868.86611176,870.5125773850019,313739998.35353434
KOBRYŃSKI,1926,fixed14,246813121.1524766,287.9037557288187,246812833.24872088
KOLBUSZOWSKI,1926,fixed14,265885926.28451133,763.3130395875414,265885162.97147173
KOLSKI,1926,fixed14,343690499.3216988,1512.547753801835,343688986.773945
KONECKI,1926,fixed14,314062537.9136329,697.4030248776312,314061840.5106081
KONIŃSKI,1926,fixed14,349235461.6158866,1050.6700404192688,349234410.9458462
KOPYCZYNIECKI,1926,fixed14,217236298.00869226,891.9338285418135,217235406.07486373
KOSOWSKI (KOSÓW HUCULSKI),1926,fixed14,208152050.3545105,250.36173593895214,208151799.99277455
KOSTOPOLSKI,1926,fixed14,214796336.4792251,193.17953829625247,214796143.2996868
KOSZYRSKI,1926,fixed14,223445427.08833474,190.2776287216767,223445236.81070602
KOWELSKI,1926,fixed14,236526192.10211977,199.80769083672536,236525992.29442894
KOZIENICKI,1926,fixed14,282431093.3875144,580.4682586575746,282430512.91925573
KOŁOMYJSKI,1926,fixed14,221936214.13854972,932.7412932213465,221935281.3972565
KOŚCIAŃSKI,1926,fixed14,421868417.09126574,1838.3437808414237,421866578.7474849
KOŚCIERSKI,1926,fixed14,304509271.79500943,697.6387647728155,304508574.15624464
KRAKOWSKI,1926,fixed14,334345035.49598974,2325.0889333511063,334342710.4070564
KRAKÓW (MIASTO),1926,fixed14,334580847.191937,304650.7836523417,334276196.40828466
KRASNOSTAWSKI,1926,fixed14,250491940.8623811,903.486051663123,250491037.37632945
KROTOSZYŃSKI,1926,fixed14,384159652.30612046,2054.560618355675,384157597.7455021
KROŚNIEŃSKI,1926,fixed14,274634517.9428048,1543.195798631977,274632974.7470062
KRZEMIENIECKI,1926,fixed14,215169297.94525355,494.37749122426834,215168803.56776232
KUTNOWSKI,1926,fixed14,336298554.92108256,3363.022447539117,336295191.898635
KĘPIŃSKI,1926,fixed14,375641815.1409721,1162.704560654422,375640652.43641144
LESKI,1926,fixed14,248450429.6467957,439.5300914522194,248449990.11670423
LESZCZYŃSKI,1926,fixed14,424487986.1621796,1893.1223798734761,424486093.0397997
LIDZKI,1926,fixed14,224868768.35528105,270.6044564263118,224868497.75082463
LIMANOWSKI,1926,fixed14,297115960.6516434,716.6588874634007,297115243.99275595
LIPNOWSKI,1926,fixed14,265563161.47899804,990.9730837608034,265562170.50591427
LUBACZOWSKI,1926,fixed14,234510834.83994922,664.2528140865729,234510170.58713514
LUBARTOWSKI,1926,fixed14,267014018.9807361,846.3972734563906,267013172.58346266
LUBAWSKI,1926,fixed14,304056174.7114302,1399.8129949088684,304054774.8984353
LUBELSKI,1926,fixed14,271566745.328023,1743.8861814501583,271565001.44184154
LUBLINIECKI,1926,fixed14,368411519.5632636,1228.0489633031027,368410291.5143003
LUBOMELSKI,1926,fixed14,242428292.118581,293.9831913647956,242427998.13538963
LWOWSKI,1926,fixed14,244195516.14444044,1539.1868827657852,244193976.95755768
LWÓW (MIASTO),1926,fixed14,249001265.34079003,136608.5928704398,248864656.7479196
M. ST. WARSZAWA,1926,fixed14,304729647.829379,494357.07076761307,304235290.7586114
MAKOWSKI (MAKÓW MAZOWIECKI),1926,fixed14,278772376.62605804,702.1025616499252,278771674.5234964
MIECHOWSKI,1926,fixed14,323877102.7018298,1030.600540301899,323876072.1012895
MIELECKI,1926,fixed14,289858531.6127635,774.4408344851036,289857757.17192906
MIĘDZYCHODZKI,1926,fixed14,415671032.7085859,1145.5417575740391,415669887.16682833
MIŃSKI,1926,fixed14,288060510.9760759,1345.2863182590243,288059165.68975765
MOGILEŃSKI,1926,fixed14,362828779.52673763,1512.33835173084,362827267.1883859
MORSKI,1926,fixed14,290663239.32692474,1003.2055054269518,290662236.1214193
MOŁODECZAŃSKI,1926,fixed14,210379870.005151,279.4369481040663,210379590.5682029
MOŚCISKI,1926,fixed14,250993090.9874304,891.7468852705485,250992199.24054512
MYŚLENICKI,1926,fixed14,298150040.51113683,1300.195280520657,298148740.31585634
MŁAWSKI,1926,fixed14,294554494.56747997,908.4881952095748,294553586.0792848
NADWÓRNIAŃSKI,1926,fixed14,219419520.50280648,411.01778722783627,219419109.48501927
NIESZAWSKI,1926,fixed14,339029502.35490435,1317.79645447612,339028184.55844986
NIEŚWIESKI,1926,fixed14,210483316.26525283,499.932662248088,210482816.33259058
NIŻAŃSKI,1926,fixed14,271448373.814306,693.334225818655,271447680.4800802
NOWOGRÓDZKI,1926,fixed14,220840303.83227918,362.7049691970043,220839941.12730998
NOWOSĄDECKI,1926,fixed14,293379865.68610746,844.8389306229802,293379020.84717685
NOWOTARSKI,1926,fixed14,310845479.8790598,707.3543108597182,310844772.5247489
NOWOTOMYSKI,1926,fixed14,440570091.69745845,1657.2881944767746,440568434.40926397
OBORNICKI,1926,fixed14,387914762.27212936,1060.5999903913287,387913701.672139
OLKUSKI,1926,fixed14,336974174.6811913,1099.4277877822226,336973075.25340354
OPATOWSKI,1926,fixed14,293280644.706756,1014.3397967193803,293279630.3669593
OPOCZYŃSKI,1926,fixed14,318765099.80305785,688.202709878237,318764411.600348
OSTROWSKI (OSTRÓW MAZOWIECKA),1926,fixed14,269542956.2002723,618.8265113923253,269542337.37376094
OSTROWSKI (OSTRÓW WIELKOPOLSKI),1926,fixed14,383634909.7587291,1701.5687819703378,383633208.1899471
OSTROŁĘCKI,1926,fixed14,263433321.46784544,518.6269518669728,263432802.84089357
OSZMIAŃSKI,1926,fixed14,202501560.33602676,396.65730015706714,202501163.6787266
PIOTRKOWSKI,1926,fixed14,324349453.2948857,1040.9456804713705,324348412.3492052
PIŃCZOWSKI,1926,fixed14,296082075.1956107,1021.2809234345115,296081053.9146873
PIŃSKI,1926,fixed14,228740386.892446,215.98250486063665,228740170.90994114
PODHAJECKI,1926,fixed14,229311102.90586817,617.6031654761598,229310485.3027027
POSTAWSKI,1926,fixed14,200447885.91354218,238.99680105616298,200447646.91674113
POZNAŃ (MIASTO),1926,fixed14,420985027.20541584,150651.35050298105,420834375.8549129
POZNAŃSKI,1926,fixed14,410579821.10505146,1951.2253291414802,410577869.8797223
PRUŻAŃSKI,1926,fixed14,243940450.1261498,327.50941901172666,243940122.61673078
PRZASNYCKI,1926,fixed14,256885211.3525592,645.2838856664309,256884566.06867355
PRZEMYSKI,1926,fixed14,264993786.01320517,1519.2184199920134,264992266.79478517
PRZEMYŚLAŃSKI,1926,fixed14,235410906.52865875,830.1148959381771,235410076.4137628
PRZEWORSKI,1926,fixed14,272111616.3392125,2159.3346029860168,272109457.00460947
PSZCZYŃSKI,1926,fixed14,363860773.3053174,2914.2283524517306,363857859.076965
PUŁAWSKI,1926,fixed14,269864857.3879098,947.4569206469314,269863909.9309892
PUŁTUSKI,1926,fixed14,278600182.77520245,818.9445449889148,278599363.8306575
PŁOCKI,1926,fixed14,308682835.3352731,1582.3231475823238,308681253.0121255
PŁOŃSKI,1926,fixed14,283419758.35629135,1001.1941043790538,283418757.162187
RADOMSKI,1926,fixed14,298341439.7762179,794.1200915087511,298340645.6561264
RADOMSZCZAŃSKI,1926,fixed14,331925812.6206579,811.0915251201163,331925001.5291328
RADZIECHOWSKI,1926,fixed14,227305806.9601283,612.9589783798107,227305194.00114992
RADZYMIŃSKI,1926,fixed14,291085368.6045257,1711.6166658697766,291083656.98785985
RADZYŃSKI,1926,fixed14,269343460.46785474,740.7650770459387,269342719.7027777
RAWICKI,1926,fixed14,405973980.7705197,2434.0118462952764,405971546.75867337
RAWSKI (RAWA MAZOWIECKA),1926,fixed14,311927501.32067823,927.5286255165773,311926573.79205275
RAWSKI (RAWA RUSKA),1926,fixed14,241428432.6077641,588.7147552193571,241427843.8930089
ROHATYŃSKI,1926,fixed14,227011818.93676698,782.6668398965681,227011036.26992708
ROPCZYCKI,1926,fixed14,292771799.1731462,892.2835409086985,292770906.8896053
RUDECKI,1926,fixed14,241959041.5482183,960.6105135825837,241958080.93770474
RYBNICKI,1926,fixed14,354012762.3668584,3353.8357179242553,354009408.5311405
RYPIŃSKI,1926,fixed14,265034921.2272916,1177.0064564135598,265033744.2208352
RZESZOWSKI,1926,fixed14,279463000.66393894,1354.6461093425646,279461646.0178296
RÓWIEŃSKI,1926,fixed14,218029258.90752122,578.5011059344183,218028680.40641528
SAMBORSKI,1926,fixed14,254336213.14443937,1013.4411260877696,254335199.7033133
SANDOMIERSKI,1926,fixed14,282083022.8246914,1000.6554511472067,282082022.1692403
SANOCKI,1926,fixed14,250292035.56487632,836.1544290851983,250291199.41044724
SARNEŃSKI,1926,fixed14,220973890.24873152,145.6152802522788,220973744.63345128
SIEDLECKI,1926,fixed14,276349808.49663055,858.1482612489168,276348950.3483693
SIERADZKI,1926,fixed14,351774337.8277102,1222.5806666501244,351773115.24704355
SIERPECKI,1926,fixed14,264172320.76191092,973.9157925192958,264171346.8461184
SKAŁACKI,1926,fixed14,219705383.01523077,856.268619770502,219704526.746611
SKIERNIEWICKI,1926,fixed14,322009843.74036115,1411.1748886012283,322008432.56547254
SOCHACZEWSKI,1926,fixed14,310612409.5312528,1238.8218307378668,310611170.70942205
SOKALSKI,1926,fixed14,235323543.47700003,715.210301401754,235322828.26669863
SOKOŁOWSKI,1926,fixed14,271928474.5330905,782.2842070489964,271927692.2488834
SOKÓLSKI,1926,fixed14,246063683.98023748,444.2431444382279,246063239.73709303
STANISŁAWOWSKI,1926,fixed14,228465881.4013593,1172.614344063056,228464708.78701523
STAROGARDZKI,1926,fixed14,306537636.3252464,1165.8553704076664,306536470.469876
STOLIŃSKI,1926,fixed14,212145778.70484838,121.55459347097089,212145657.1502549
STOPNICKI,1926,fixed14,277044515.7242233,660.0892747272065,277043855.6349486
STOŁPECKI,1926,fixed14,213402401.73305938,474.79358367726195,213401926.9394757
STRYJSKI,1926,fixed14,235213098.94563234,596.1203711010037,235212502.82526124
SUWALSKI,1926,fixed14,226361019.67525947,557.3880158123,226360462.28724366
SZAMOTULSKI,1926,fixed14,403834272.68401235,1233.129082833526,403833039.5549295
SZCZUCZYŃSKI (WOJ. BIAŁOSTOCKIE),1926,fixed14,240768686.48839286,506.23767194559457,240768180.25072092
SZCZUCZYŃSKI (WOJ. NOWOGRÓDZKIE),1926,fixed14,224473831.62759787,271.9093469756048,224473559.7182509
SZUBIŃSKI,1926,fixed14,356217574.9663184,1059.6025397697517,356216515.36377865
SĘPOLEŃSKI,1926,fixed14,338004694.68629867,1224.3234802434447,338003470.3628184
SŁONIMSKI,1926,fixed14,232720095.30159444,331.2149737079744,232719764.08662072
TARNOBRZESKI,1926,fixed14,287673157.09570754,830.672550566426,287672326.423157
TARNOGÓRSKI,1926,fixed14,380782324.7618476,7903.5130378008,380774421.2488098
TARNOPOLSKI,1926,fixed14,226636368.43920177,847.9197248906513,226635520.5194769
TARNOWSKI,1926,fixed14,303291754.8094898,1411.1822380546341,303290343.62725174
TCZEWSKI,1926,fixed14,301528580.19213694,1870.7932637458648,301526709.3988732
TOMASZOWSKI,1926,fixed14,238094676.21929017,836.0480328669302,238093840.1712573
TORUŃSKI,1926,fixed14,343513214.748621,2005.8420747393807,343511208.90654624
TREMBOWELSKI,1926,fixed14,222179197.78000262,941.8012593110744,222178255.9787433
TUCHOLSKI,1926,fixed14,323525397.52978265,971.2025180697632,323524426.3272646
TURCZAŃSKI,1926,fixed14,244772883.90967083,478.11853632701013,244772405.7911345
TURECKI,1926,fixed14,332444147.88378716,871.8963585209075,332443275.9874286
TŁUMACKI,1926,fixed14,225178306.31376806,904.471044713539,225177401.84272334
WADOWICKI,1926,fixed14,333222505.5723995,1473.4361813970359,333221032.1362181
WARSZAWSKI,1926,fixed14,302217790.37186044,5147.491430809248,302212642.8804296
WIELUŃSKI,1926,fixed14,374411328.0164606,614.62338134043,374410713.3930793
WILEJSKI,1926,fixed14,202268111.99684823,289.38993992524354,202267822.6069083
WILEŃSKO-TROCKI,1926,fixed14,217512499.87701908,294.53247774417855,217512205.34454134
WILNO (MIASTO),1926,fixed14,222150993.26566896,41568.67443129387,222109424.59123766
WOLSZTYŃSKI,1926,fixed14,457791892.24762803,1258.0221427751028,457790634.22548527
WOŁKOWYSKI,1926,fixed14,242597640.44839498,284.2721071552205,242597356.17628783
WOŁOŻYŃSKI,1926,fixed14,203728587.5229793,462.49053620267773,203728125.03244308
WRZESIŃSKI,1926,fixed14,376942437.3147049,1748.208820594554,376940689.1058843
WYRZYSKI,1926,fixed14,346050172.0248078,1194.1010833166913,346048977.9237245
WYSOKOMAZOWIECKI,1926,fixed14,252453680.7690384,586.9942459136679,252453093.7747925
WĄBRZESKI,1926,fixed14,328899390.2007778,1245.3557130535146,328898144.84506476
WĄGROWIECKI,1926,fixed14,357341331.77374125,1011.9835701972166,357340319.790171
WĘGROWSKI,1926,fixed14,259858267.1646686,707.5160944683696,259857559.6485741
WŁOCŁAWSKI,1926,fixed14,335421215.5447331,2437.275449732406,335418778.26928335
WŁODAWSKI,1926,fixed14,244633292.7960658,448.3807548774482,244632844.41531092
WŁODZIMIERSKI,1926,fixed14,237004243.87488282,508.44225202731934,237003735.43263078
WŁOSZCZOWSKI,1926,fixed14,300006659.73296124,663.8199545804426,300005995.91300666
ZALESZCZYCKI,1926,fixed14,211464834.7757563,923.562874232511,211463911.21288207
ZAMOJSKI,1926,fixed14,252843820.6425481,1074.9027973196635,252842745.7397508
ZBARASKI,1926,fixed14,221472206.08743858,985.9987901329883,221471220.08864844
ZBOROWSKI,1926,fixed14,223330769.76867828,809.3798542398093,223329960.38882405
ZDOŁBUNOWSKI,1926,fixed14,216120763.6302248,864.404491012192,216119899.2257338
ZŁOCZOWSKI,1926,fixed14,233626610.97574365,667.0566901079509,233625943.91905355
ŁASKI,1926,fixed14,330933121.56995034,1180.8051884035408,330931940.7647619
ŁAŃCUCKI,1926,fixed14,270377792.1238629,1051.6879405934,270376740.4359223
ŁOMŻYŃSKI,1926,fixed14,259392555.09094048,634.8587586393962,259391920.23218185
ŁOWICKI,1926,fixed14,327489188.0315551,1372.2352796847715,327487815.79627544
ŁUCKI,1926,fixed14,228268055.5595978,281.7206197830741,228267773.838978
ŁUKOWSKI,1926,fixed14,272478602.6802823,724.9091838114119,272477877.7710985
ŁUNINIECKI,1926,fixed14,216892483.12787944,178.19138156726947,216892304.93649787
ŁÓDZKI,1926,fixed14,337044684.46586025,2836.101356780381,337041848.36450344
ŁÓDŹ (MIASTO),1926,fixed14,337909320.5175018,447072.734440418,337462247.7830613
ŁĘCZYCKI,1926,fixed14,336281379.8279449,1526.9572995844467,336279852.8706453
ŚNIATYŃSKI,1926,fixed14,214925045.65483144,1430.4128283561886,214923615.24200308
ŚREDZKI,1926,fixed14,394446873.62183005,1402.5301778232626,394445471.0916522
ŚREMSKI,1926,fixed14,391801101.41556185,1064.9738565155264,391800036.44170535
ŚWIECKI,1926,fixed14,325463510.37575334,819.8846805977554,325462690.4910728
ŚWIĘCIAŃSKI,1926,fixed14,208880496.07922268,315.98497815333417,208880180.09424454
ŚWIĘTOCHŁOWICKI,1926,fixed14,387938858.00671315,79826.2602292174,387859031.7464839
ŻNIŃSKI,1926,fixed14,366209334.16516954,1303.9652594349666,366208030.1999101
ŻYDACZOWSKI,1926,fixed14,230897217.65101275,748.7256337709134,230896468.92537898
ŻYWIECKI,1926,fixed14,333649789.76847726,1432.7506318822989,333648357.0178454
ŻÓŁKIEWSKI,1926,fixed14,239187608.6959051,834.3554325351314,239186774.34047255
AUGUSTOWSKI,1927,fixed14,251533501.0267686,441.5093058586557,251533059.51746273
BARANOWICKI,1927,fixed14,243161982.70020685,334.98638247953323,243161647.71382436
BIALSKI (BIAŁA KRAKOWSKA),1927,fixed14,376771410.8914026,4888.096010429815,376766522.79539216
BIALSKI (BIAŁA PODLASKA),1927,fixed14,292096558.5718688,867.6992271089389,292095690.8726417
BIAŁOSTOCKI,1927,fixed14,280504626.1852063,880.2681819889427,280503745.9170243
BIELSKI (BIELSK PODLASKI),1927,fixed14,278465101.011801,330.25487787431786,278464770.75692314
BIELSKO,1927,fixed14,378899740.5965881,19392.420217089963,378880348.176371
BIŁGORAJSKI,1927,fixed14,268527043.95166177,701.093974915839,268526342.8576869
BOCHEŃSKI,1927,fixed14,354541503.9090062,1346.6079059083365,354540157.30110025
BORSZCZOWSKI,1927,fixed14,227851252.39479277,977.6408640469925,227850274.75392872
BRASŁAWSKI,1927,fixed14,220484964.57905573,190.20191905169818,220484774.37713668
BRODNICKI,1927,fixed14,353389230.8386924,1747.220525975589,353387483.61816645
BRODZKI,1927,fixed14,256534741.73993278,954.2148435144674,256533787.52508926
BRZESKI (BRZESKO),1927,fixed14,317652474.76582235,1303.7329416344492,317651171.0328807
BRZESKI (BRZEŚĆ N.BUG.),1927,fixed14,285989924.61098087,426.5452478137502,285989498.0657331
BRZEZIŃSKI,1927,fixed14,363486872.9460065,2595.720431226007,363484277.22557527
BRZEŻAŃSKI,1927,fixed14,252045983.94814667,883.7308269432305,252045100.21731973
BRZOZOWSKI,1927,fixed14,286989050.0323353,1480.0023674520942,286987570.02996784
BUCZACKI,1927,fixed14,242196316.9225167,981.4418072930497,242195335.4807094
BYDGOSKI,1927,fixed14,382880034.7676945,1986.3349046532394,382878048.4327898
BÓBRECKI,1927,fixed14,254280426.92508054,1180.4644552367665,254279246.4606253
BĘDZIŃSKI,1927,fixed14,401187810.60113496,5232.994632629071,401182577.60650235
BŁOŃSKI,1927,fixed14,346429073.5353067,2842.136668178122,346426231.3986385
CHEŁMIŃSKI,1927,fixed14,357635822.0624201,1904.4868761448863,357633917.575544
CHEŁMSKI,1927,fixed14,283657604.3458007,979.2530636040863,283656625.0927371
CHODZIESKI,1927,fixed14,405111717.04751796,1323.6001581790756,405110393.4473598
CHOJNICKI,1927,fixed14,345581193.80665785,616.1188210356387,345580577.6878368
CHORZÓW,1927,fixed14,431902507.03395176,391482.9290365261,431511024.10491526
CHRZANOWSKI,1927,fixed14,393724911.3588096,4087.917375985542,393720823.4414336
CIECHANOWSKI,1927,fixed14,327910356.26974446,1633.466718868093,327908722.8030256
CIESZYŃSKI,1927,fixed14,374645955.4977936,4006.917420914137,374641948.5803727
CZARNKOWSKI,1927,fixed14,397738811.68994784,1255.7947055931488,397737555.8952423
CZORTKOWSKI,1927,fixed14,240111464.80678654,1607.398787979299,240109857.40799856
CZĘSTOCHOWSKI,1927,fixed14,365004953.2079162,1877.150685248818,365003076.05723095
DOBROMILSKI,1927,fixed14,278035414.55732006,910.2139189550996,278034504.3434011
DOLIŃSKI,1927,fixed14,257761084.52633017,457.19548907606156,257760627.3308411
DROHICKI,1927,fixed14,258564375.26910537,421.89421992283326,258563953.37488544
DROHOBYCKI,1927,fixed14,272284105.8562913,1616.8092596788101,272282489.04703164
DUBIEŃSKI,1927,fixed14,244588166.43893665,493.92237514177805,244587672.5165615
DZIAŁDOWSKI,1927,fixed14,324641597.6037363,625.2712586275322,324640972.3324776
DZIŚNIEŃSKI,1927,fixed14,218404546.12251103,250.91682928803328,218404295.20568174
DĄBROWSKI,1927,fixed14,327455641.5761835,1036.330385240622,327454605.24579823
GARWOLIŃSKI,1927,fixed14,309581303.7124102,893.8106697018706,309580409.9017405
GNIEŹNIEŃSKI,1927,fixed14,413304758.92626864,1980.7992329470137,413302778.1270357
GORLICKI,1927,fixed14,311165727.6867248,1133.8982194345108,311164593.7885054
GOSTYNIŃSKI,1927,fixed14,351055254.6992917,1616.8994121837563,351053637.79987955
GOSTYŃSKI,1927,fixed14,445482815.0201336,2158.138548873376,445480656.88158476
GRODZIEŃSKI,1927,fixed14,259813498.13299137,353.24152142362846,259813144.89146996
GRUDZIĄDZKI,1927,fixed14,358530999.8795015,2874.889866232657,358528124.9896353
GRÓDECKI,1927,fixed14,267132913.111841,1078.7172395029068,267131834.3946015
GRÓJECKI,1927,fixed14,315573353.87285954,1642.1991718361985,315571711.6736877
HOROCHOWSKI,1927,fixed14,245459701.56417218,702.7969804683853,245458998.7671917
HORODEŃSKI,1927,fixed14,233958310.0968468,1313.969328729539,233956996.12751806
HRUBIESZOWSKI,1927,fixed14,268056044.3587943,1112.701218911031,268054931.6575754
INOWROCŁAWSKI,1927,fixed14,387875957.25551736,2146.427531822421,387873810.8279855
IWACEWICKI,1927,fixed14,255845988.52395886,251.7352210984107,255845736.78873777
IŁŻECKI,1927,fixed14,315411749.8094352,937.8209272779753,315410811.9885079
JANOWSKI,1927,fixed14,295932935.03474015,877.3259728996293,295932057.70876724
JAROCIŃSKI,1927,fixed14,429652142.3441,2309.6799005702774,429649832.6641994
JAROSŁAWSKI,1927,fixed14,297423057.49210554,1038.6334757060183,297422018.8586298
JASIELSKI,1927,fixed14,308316092.45748734,1166.6150295453192,308314925.8424578
JAWOROWSKI,1927,fixed14,261725170.7049961,861.4439002360712,261724309.26109588
JĘDRZEJOWSKI,1927,fixed14,356090137.8447351,1118.3642317631225,356089019.4805033
KALISKI,1927,fixed14,398794488.15576744,2186.076868208163,398792302.0788992
KAMIONECKI,1927,fixed14,260889428.0967756,916.8576167089349,260888511.23915887
KARTUSKI,1927,fixed14,329740843.24730664,689.5337960133994,329740153.71351063
KATOWICE,1927,fixed14,419084032.52297163,78477.39284562037,419005555.130126
KAŁUSKI,1927,fixed14,248869911.45267507,756.3210992401104,248869155.13157582
KIELECKI,1927,fixed14,345888885.7672832,1177.0648804849386,345887708.7024027
KOBRYŃSKI,1927,fixed14,272134782.44645816,342.01037708766944,272134440.43608105
KOLBUSZOWSKI,1927,fixed14,293122125.553547,937.9997288962658,293121187.5538181
KOLSKI,1927,fixed14,379010419.35260934,1606.1937488994445,379008813.15886045
KONECKI,1927,fixed14,346278035.7296917,976.6841217794986,346277059.0455699
KONIŃSKI,1927,fixed14,385088520.3354165,1269.2600039439517,385087251.0754126
KOPYCZYNIECKI,1927,fixed14,239501510.59040657,1228.9236951741611,239500281.6667114
KOSOWSKI (KOSÓW HUCULSKI),1927,fixed14,229483928.6183687,292.34090322904666,229483636.27746546
KOSTOPOLSKI,1927,fixed14,236843465.73060173,275.7879704362577,236843189.9426313
KOSZYRSKI,1927,fixed14,246384860.0013756,236.3092002918174,246384623.6921753
KOWELSKI,1927,fixed14,260789070.481857,254.51244747366079,260788815.96940953
KOZIENICKI,1927,fixed14,311421910.9717433,732.0307733986002,311421178.9409699
KOŁOMYJSKI,1927,fixed14,244679311.9527684,1214.4120522239502,244678097.54071617
KOŚCIAŃSKI,1927,fixed14,465052252.147151,2324.9709553326534,465049927.1761957
KOŚCIERSKI,1927,fixed14,336486974.80664235,851.8088614023767,336486122.997781
KRAKOWSKI,1927,fixed14,368507671.2291527,2765.7625580712165,368504905.46659464
KRAKÓW (MIASTO),1927,fixed14,368754988.90898263,323450.98385748774,368431537.9251251
KRASNOSTAWSKI,1927,fixed14,276202599.49865454,1118.7157605574273,276201480.782894
KROTOSZYŃSKI,1927,fixed14,423605797.1161329,2448.801154868849,423603348.31497806
KROŚNIEŃSKI,1927,fixed14,302737225.27291447,1788.4137809721028,302735436.8591335
KRZEMIENIECKI,1927,fixed14,237233817.43069896,581.9044048928388,237233235.52629408
KUTNOWSKI,1927,fixed14,370880017.8399191,3956.9379126164604,370876060.90200645
KĘPIŃSKI,1927,fixed14,414091859.8005717,1627.6560191146473,414090232.1445526
LESKI,1927,fixed14,273872832.5709043,554.6334223278988,273872277.937482
LESZCZYŃSKI,1927,fixed14,467905487.93303967,2311.703159938636,467903176.22987974
LIDZKI,1927,fixed14,247961617.64075658,298.6711975164932,247961318.96955907
LIMANOWSKI,1927,fixed14,327489015.38761157,844.5731706569889,327488170.8144409
LIPNOWSKI,1927,fixed14,292896912.25057137,1204.4561852953989,292895707.7943861
LUBACZOWSKI,1927,fixed14,258570184.10694018,765.0199396233625,258569419.08700055
LUBARTOWSKI,1927,fixed14,294423567.672477,978.936826328084,294422588.73565066
LUBAWSKI,1927,fixed14,335529510.7027101,1667.2043469153873,335527843.4983632
LUBELSKI,1927,fixed14,299445856.4246757,2157.8257822282108,299443698.59889346
LUBLINIECKI,1927,fixed14,406054028.86707824,1777.9176938025391,406052250.94938445
LUBOMELSKI,1927,fixed14,267296958.36041865,313.61081670557184,267296644.74960193
LWOWSKI,1927,fixed14,269222254.6920381,1803.4622648756276,269220451.2297732
LWÓW (MIASTO),1927,fixed14,274525007.85042036,155052.37645948303,274369955.4739609
M. ST. WARSZAWA,1927,fixed14,336071603.17672586,548889.7798234548,335522713.3969024
MAKOWSKI (MAKÓW MAZOWIECKI),1927,fixed14,307508421.7021986,861.9806332226907,307507559.7215654
MIECHOWSKI,1927,fixed14,356988247.3592463,1330.6157008164466,356986916.7435455
MIELECKI,1927,fixed14,319553274.40889734,953.2378632363536,319552321.1710341
MIĘDZYCHODZKI,1927,fixed14,458233259.59858906,1212.3341513122268,458232047.26443774
MIŃSKI,1927,fixed14,317673982.58113146,1551.3837069113736,317672431.19742453
MOGILEŃSKI,1927,fixed14,400201687.56907755,1936.3131888461255,400199751.2558887
MORSKI,1927,fixed14,321809810.84476787,1141.7980719922316,321808669.0466959
MOŁODECZAŃSKI,1927,fixed14,231981626.49483186,515.6822184740654,231981110.8126134
MOŚCISKI,1927,fixed14,276700705.0536174,1128.8073387801526,276699576.24627864
MYŚLENICKI,1927,fixed14,328644296.45160294,1416.1571447316066,328642880.2944582
MŁAWSKI,1927,fixed14,324970133.6499441,1111.1205883882826,324969022.52935576
NADWÓRNIAŃSKI,1927,fixed14,241907389.70124426,520.617186629149,241906869.08405763
NIESZAWSKI,1927,fixed14,373974569.3327165,1599.35002239476,373972969.98269415
NIEŚWIESKI,1927,fixed14,232086364.30892372,649.6178916547093,232085714.69103205
NIŻAŃSKI,1927,fixed14,299262058.9521635,813.4368785957286,299261245.5152849
NOWOGRÓDZKI,1927,fixed14,243507552.56527662,409.63346420321056,243507142.9318124
NOWOSĄDECKI,1927,fixed14,323362638.1049975,960.5467581980722,323361677.55823934
NOWOTARSKI,1927,fixed14,342611368.4618415,821.9092748954688,342610546.55256665
NOWOTOMYSKI,1927,fixed14,485632013.53601974,1892.2386969426816,485630121.2973228
OBORNICKI,1927,fixed14,427682546.20245653,1282.674996649743,427681263.52745986
OLKUSKI,1927,fixed14,371420419.25571823,1387.6643182891894,371419031.59139997
OPATOWSKI,1927,fixed14,323345515.81682324,1373.3625937936213,323344142.4542295
OPOCZYŃSKI,1927,fixed14,351467396.0904212,975.303028046409,351466420.78739315
OSTROWSKI (OSTRÓW MAZOWIECKA),1927,fixed14,297248073.3679328,755.1044065784633,297247318.2635262
OSTROWSKI (OSTRÓW WIELKOPOLSKI),1927,fixed14,422951421.62736994,1851.8062681410588,422949569.8211018
OSTROŁĘCKI,1927,fixed14,290522524.02990484,625.8528828219565,290521898.17702204
OSZMIAŃSKI,1927,fixed14,223283527.6540325,402.8243273842396,223283124.82970512
PIOTRKOWSKI,1927,fixed14,357637883.38361084,1360.0733670246184,357636523.31024384
PIŃCZOWSKI,1927,fixed14,326354511.4364522,1351.0812098521405,326353160.3552424
PIŃSKI,1927,fixed14,252216770.9946062,275.56859670801896,252216495.42600948
PODHAJECKI,1927,fixed14,252813785.3385859,834.7797583392619,252812950.55882758
POSTAWSKI,1927,fixed14,221026780.0879311,262.19421550700827,221026517.8937156
POZNAŃ (MIASTO),1927,fixed14,464109165.1552355,159624.41552604336,463949540.7397095
POZNAŃSKI,1927,fixed14,452657524.81631356,2334.2277652046882,452655190.58854836
PRUŻAŃSKI,1927,fixed14,268990420.6604153,379.45748462566553,268990041.2029307
PRZASNYCKI,1927,fixed14,283289410.85589856,764.285765557329,283288646.57013303
PRZEMYSKI,1927,fixed14,292135876.10173947,1719.6630335351272,292134156.4387059
PRZEMYŚLAŃSKI,1927,fixed14,259537576.9500973,1039.5328221721802,259536537.41727513
PRZEWORSKI,1927,fixed14,299985918.1647745,2597.826828581399,299983320.3379459
PSZCZYŃSKI,1927,fixed14,401006429.8040477,3484.580394618951,401002945.2236531
PUŁAWSKI,1927,fixed14,297575225.07943213,1153.218690703967,297574071.86074144
PUŁTUSKI,1927,fixed14,307303421.26352715,1072.9906920086178,307302348.27283514
PŁOCKI,1927,fixed14,340422178.24652785,1943.3106725866594,340420234.93585527
PŁOŃSKI,1927,fixed14,312626585.3543101,1283.1051698712586,312625302.2491402
RADOMSKI,1927,fixed14,328943570.8702685,1019.2985321468423,328942551.5717364
RADOMSZCZAŃSKI,1927,fixed14,365935073.5378757,1020.0100478524505,365934053.52782786
RADZIECHOWSKI,1927,fixed14,250604805.14633712,748.4330826618234,250604056.71325445
RADZYMIŃSKI,1927,fixed14,321041716.4630143,1989.4038961926685,321039727.0591181
RADZYŃSKI,1927,fixed14,296992285.7091051,836.4578282125575,296991449.25127685
RAWICKI,1927,fixed14,447526973.06685054,2875.52495999247,447524097.54189056
RAWSKI (RAWA MAZOWIECKA),1927,fixed14,343951283.6347967,1169.117388995463,343950114.51740766
RAWSKI (RAWA RUSKA),1927,fixed14,266197949.82307202,731.2072929675353,266197218.61577904
ROHATYŃSKI,1927,fixed14,250279833.16095665,853.6818924928743,250278979.47906417
ROPCZYCKI,1927,fixed14,322747112.56502086,1090.7860986641654,322746021.7789222
RUDECKI,1927,fixed14,266748288.0957902,1246.9529446957567,266747041.1428455
RYBNICKI,1927,fixed14,390167565.5819726,4775.144627435866,390162790.43734515
RYPIŃSKI,1927,fixed14,292323619.24713117,1420.21168565838,292322199.0354455
RZESZOWSKI,1927,fixed14,308084773.6442308,1588.3983129701483,308083185.2459178
RÓWIEŃSKI,1927,fixed14,240426112.17866352,741.6226647893849,240425370.55599874
SAMBORSKI,1927,fixed14,280390405.74564505,1206.2074293449891,280389199.5382157
SANDOMIERSKI,1927,fixed14,310970115.8742077,1349.3275037326362,310968766.54670393
SANOCKI,1927,fixed14,275916113.9191197,943.8797136508622,275915170.03940606
SARNEŃSKI,1927,fixed14,243636887.99558768,191.64252594613333,243636696.35306174
SIEDLECKI,1927,fixed14,304742848.7167896,1050.8132948141074,304741797.9034948
SIERADZKI,1927,fixed14,387825188.7904846,1538.6788054120127,387823650.1116792
SIERPECKI,1927,fixed14,291389728.85147065,1291.6643810035862,291388437.1870896
SKAŁACKI,1927,fixed14,242224487.61349434,1092.721854400585,242223394.89163995
SKIERNIEWICKI,1927,fixed14,355108099.58701587,1740.5225062532013,355106359.06450963
SOCHACZEWSKI,1927,fixed14,342592535.20099,1630.226443130168,342590904.9745469
SOKALSKI,1927,fixed14,259459118.92011714,898.7636222287956,259458220.15649492
SOKOŁOWSKI,1927,fixed14,299872402.1342063,932.4491186477854,299871469.6850876
SOKÓLSKI,1927,fixed14,271336404.9459307,516.7265192379408,271335888.2194115
STANISŁAWOWSKI,1927,fixed14,251875549.59020635,1430.2181005254492,251874119.37210584
STAROGARDZKI,1927,fixed14,338653382.4883224,1351.972459395606,338652030.515863
STOLIŃSKI,1927,fixed14,233919665.66836056,168.36090061517663,233919497.30745995
STOPNICKI,1927,fixed14,305413296.1340022,874.7216853735222,305412421.41231686
STOŁPECKI,1927,fixed14,235326284.86205232,516.1706858976524,235325768.69136643
STRYJSKI,1927,fixed14,259298975.90337944,693.8305767797073,259298282.07280266
SUWALSKI,1927,fixed14,249608328.31672135,581.9629422209192,249607746.35377914
SZAMOTULSKI,1927,fixed14,445175422.89257514,1468.388417814684,445173954.5041573
SZCZUCZYŃSKI (WOJ. BIAŁOSTOCKIE),1927,fixed14,265504802.75378203,642.6366302438967,265504160.1171518
SZCZUCZYŃSKI (WOJ. NOWOGRÓDZKIE),1927,fixed14,247519780.72661033,296.4697096080334,247519484.25690073
SZUBIŃSKI,1927,fixed14,393019028.2942494,1364.2319282047604,393017664.0623212
SĘPOLEŃSKI,1927,fixed14,373056288.563406,1676.8800728665829,373054611.6833331
SŁONIMSKI,1927,fixed14,256615512.87401047,390.5867841630498,256615122.28722632
TARNOBRZESKI,1927,fixed14,317154532.9736385,1078.9551926698116,317153454.0184458
TARNOGÓRSKI,1927,fixed14,419670320.11461514,9568.666632305858,419660751.44798285
TARNOPOLSKI,1927,fixed14,249868223.3617102,1075.4148287714568,249867147.9468814
TARNOWSKI,1927,fixed14,334325045.52307403,1717.4886436893544,334323328.0344303
TCZEWSKI,1927,fixed14,333244157.0020524,2445.2753473628313,333241711.7267051
TOMASZOWSKI,1927,fixed14,262532898.91111305,1051.9426453579067,262531846.96846768
TORUŃSKI,1927,fixed14,379069430.6328149,2338.8344616951563,379067091.7983532
TREMBOWELSKI,1927,fixed14,244951619.16127422,1217.5059193474945,244950401.6553549
TUCHOLSKI,1927,fixed14,357085274.9355031,1130.556517143532,357084144.378986
TURCZAŃSKI,1927,fixed14,269845850.5816726,526.2499610689282,269845324.33171153
TURECKI,1927,fixed14,366489672.3178278,982.438272689216,366488689.8795551
TŁUMACKI,1927,fixed14,248255616.532493,1033.3630544571943,248254583.16943854
WADOWICKI,1927,fixed14,367269503.1265994,1820.4919174483534,367267682.63468194
WARSZAWSKI,1927,fixed14,333336033.2049728,5949.682607870098,333330083.5223649
WIELUŃSKI,1927,fixed14,412711163.41537064,749.755086502017,412710413.66028416
WILEJSKI,1927,fixed14,223031681.4869792,294.9509008761438,223031386.5360783
WILEŃSKO-TROCKI,1927,fixed14,239893375.3066381,323.0405826843065,239893052.2660554
WILNO (MIASTO),1927,fixed14,244959854.58860767,44824.04958308038,244915030.5390246
WOLSZTYŃSKI,1927,fixed14,504560116.34216857,1467.586619429162,504558648.75554913
WOŁKOWYSKI,1927,fixed14,267508000.73372468,389.9416331302838,267507610.79209155
WOŁOŻYŃSKI,1927,fixed14,224634253.55548406,398.9026267026246,224633854.65285736
WRZESIŃSKI,1927,fixed14,415695736.2427957,2102.860283722479,415693633.382512
WYRZYSKI,1927,fixed14,381803524.36327076,1425.364684095932,381802098.99858665
WYSOKOMAZOWIECKI,1927,fixed14,278417049.8960987,722.6745949300758,278416327.22150373
WĄBRZESKI,1927,fixed14,362976803.0370378,1700.8281741570536,362975102.2088636
WĄGROWIECKI,1927,fixed14,394159245.89061046,1270.0592891371703,394157975.8313213
WĘGROWSKI,1927,fixed14,286548068.8414533,881.7619784811927,286547187.0794748
WŁOCŁAWSKI,1927,fixed14,369999042.4601851,2591.599757931046,369996450.8604272
WŁODAWSKI,1927,fixed14,269695055.8707782,524.8733535483987,269694530.99742466
WŁODZIMIERSKI,1927,fixed14,261331105.57704732,627.3555420894897,261330478.22150522
WŁOSZCZOWSKI,1927,fixed14,330734958.2132732,905.0725325791086,330734053.14074063
ZALESZCZYCKI,1927,fixed14,233133282.77280837,1193.9759591196064,233132088.79684925
ZAMOJSKI,1927,fixed14,278795006.37010473,1292.5659365960817,278793713.8041681
ZBARASKI,1927,fixed14,244171110.92191002,1093.9013784400265,244170017.02053156
ZBOROWSKI,1927,fixed14,246218085.3168971,988.0904046437834,246217097.22649246
ZDOŁBUNOWSKI,1927,fixed14,238291366.20705345,934.2804109432475,238290431.9266425
ZŁOCZOWSKI,1927,fixed14,257576066.05890357,893.4182354233507,257575172.64066815
ŁASKI,1927,fixed14,364889615.5083247,1617.3670468010587,364887998.1412779
ŁAŃCUCKI,1927,fixed14,298083707.5508625,1322.7032162581722,298082384.84764624
ŁOMŻYŃSKI,1927,fixed14,286047493.3734751,788.763519520611,286046704.60995555
ŁOWICKI,1927,fixed14,361142672.62408215,1804.3763123403814,361140868.24776983
ŁUCKI,1927,fixed14,251694834.96212703,369.3366735095957,251694465.62545353
ŁUKOWSKI,1927,fixed14,300452920.41275215,802.6307936378134,300452117.7819585
ŁUNINIECKI,1927,fixed14,239131335.68208,182.89455036016932,239131152.78752965
ŁÓDZKI,1927,fixed14,371671392.84241164,3973.436517109988,371667419.4058945
ŁÓDŹ (MIASTO),1927,fixed14,372703273.78003883,594824.3381578792,372108449.44188094
ŁĘCZYCKI,1927,fixed14,370841178.7116821,2024.3153256601895,370839154.3963564
ŚNIATYŃSKI,1927,fixed14,236949070.48543537,1585.9104266745471,236947484.5750087
ŚREDZKI,1927,fixed14,434850228.93260914,1747.8412367682674,434848481.0913724
ŚREMSKI,1927,fixed14,431960521.80698514,1392.9488835456696,431959128.8581016
ŚWIECKI,1927,fixed14,359368005.0542403,1068.5352992306903,359366936.51894104
ŚWIĘCIAŃSKI,1927,fixed14,230324004.27898017,293.4178789674595,230323710.8611012
ŚWIĘTOCHŁOWICKI,1927,fixed14,427559319.6213377,101869.71848343345,427457449.90285426
ŻNIŃSKI,1927,fixed14,403954516.8429865,1686.4726154062012,403952830.3703711
ŻYDACZOWSKI,1927,fixed14,254561841.54270098,845.7754114453769,254560995.76728952
ŻYWIECKI,1927,fixed14,367730081.7086242,1662.717893281878,367728418.9907309
ŻÓŁKIEWSKI,1927,fixed14,263722591.11809385,972.1446233909558,263721618.97347045
AUGUSTOWSKI,1928,fixed14,264028528.37572315,532.6603246676892,264027995.7153985
BARANOWICKI,1928,fixed14,255256539.50062934,494.52237702570267,255256044.97825232
BIALSKI (BIAŁA KRAKOWSKA),1928,fixed14,395114361.58075666,6095.733381274258,395108265.8473754
BIALSKI (BIAŁA PODLASKA),1928,fixed14,306584357.75291824,1021.1195965898942,306583336.63332164
BIAŁOSTOCKI,1928,fixed14,294442596.47654486,1039.2049574055063,294441557.27158743
BIELSKI (BIELSK PODLASKI),1928,fixed14,292278156.3757499,397.369666570802,292277759.0060833
BIELSKO,1928,fixed14,397373260.40545917,21664.491827093472,397351595.9136321
BIŁGORAJSKI,1928,fixed14,281827489.4772182,829.35467299353,281826660.12254524
BOCHEŃSKI,1928,fixed14,371855673.68039846,1644.8129208372925,371854028.86747766
BORSZCZOWSKI,1928,fixed14,239089526.42351788,1145.0087967546306,239088381.41472113
BRASŁAWSKI,1928,fixed14,231412619.50125858,255.9946480235037,231412363.50661057
BRODNICKI,1928,fixed14,371458651.95910245,2148.863788053626,371456503.0953144
BRODZKI,1928,fixed14,269181467.4260956,1150.3091056818782,269180317.1169899
BRZESKI (BRZESKO),1928,fixed14,333206198.016203,1671.282150441795,333204526.73405254
BRZESKI (BRZEŚĆ N.BUG.),1928,fixed14,300180039.56013554,576.8726724229329,300179462.6874631
BRZEZIŃSKI,1928,fixed14,381463838.59632504,3045.947596344141,381460792.64872867
BRZEŻAŃSKI,1928,fixed14,264470814.07435316,1002.573270493976,264469811.50108266
BRZOZOWSKI,1928,fixed14,301109369.61003995,1817.7285941130206,301107551.8814458
BUCZACKI,1928,fixed14,254131844.88707018,1178.6263680071227,254130666.26070216
BYDGOSKI,1928,fixed14,402691123.9710499,2464.9104587967468,402688659.0605911
BÓBRECKI,1928,fixed14,266837409.6035725,1416.1758398368875,266835993.42773265
BĘDZIŃSKI,1928,fixed14,420742714.9746781,5771.777255811239,420736943.19742227
BŁOŃSKI,1928,fixed14,363623720.67979944,3368.952132332508,363620351.7276671
CHEŁMIŃSKI,1928,fixed14,375906804.3213726,2386.5439724085104,375904417.7774002
CHEŁMSKI,1928,fixed14,297709091.72456163,1123.5521332603769,297707968.17242837
CHODZIESKI,1928,fixed14,425318760.27187175,1510.6768569490127,425317249.5950148
CHOJNICKI,1928,fixed14,363562963.8024765,728.9965762116504,363562234.80590034
CHORZÓW,1928,fixed14,452965195.06796753,477315.186826218,452487879.8811413
CHRZANOWSKI,1928,fixed14,412916418.4197474,4932.856278373668,412911485.56346905
CIECHANOWSKI,1928,fixed14,344468701.0812834,1852.8378141924734,344466848.2434692
CIESZYŃSKI,1928,fixed14,392903702.6254984,4819.269039905039,392898883.3564585
CZARNKOWSKI,1928,fixed14,417438577.09174144,1469.8043011952211,417437107.28744024
CZORTKOWSKI,1928,fixed14,251946112.43863714,1917.4708623413846,251944194.9677748
CZĘSTOCHOWSKI,1928,fixed14,382942822.47192955,2185.10212707735,382940637.3698025
DOBROMILSKI,1928,fixed14,291710132.4718106,1107.0247963472789,291709025.4470142
DOLIŃSKI,1928,fixed14,270447554.0998068,520.6761011080409,270447033.4237057
DROHICKI,1928,fixed14,271374019.6565626,675.6563183497143,271373344.00024426
DROHOBYCKI,1928,fixed14,285688232.56674135,1869.4783139391582,285686363.0884274
DUBIEŃSKI,1928,fixed14,256659963.9399426,600.1908407184314,256659363.74910188
DZIAŁDOWSKI,1928,fixed14,341161208.0554115,797.8762598553515,341160410.17915165
DZIŚNIEŃSKI,1928,fixed14,229231156.4718087,323.65125783122966,229230832.82055086
DĄBROWSKI,1928,fixed14,343483333.0785883,1337.1235102510743,343481995.95507807
GARWOLIŃSKI,1928,fixed14,324973823.8566738,1113.7256650640168,324972710.1310087
GNIEŹNIEŃSKI,1928,fixed14,433650429.1749473,2002.6190388261282,433648426.5559085
GORLICKI,1928,fixed14,326401011.98741794,1483.278252408965,326399528.7091655
GOSTYNIŃSKI,1928,fixed14,368564523.36290383,2022.6833608002703,368562500.679543
GOSTYŃSKI,1928,fixed14,467339807.28295445,2413.365127802012,467337393.91782665
GRODZIEŃSKI,1928,fixed14,272695829.4198269,427.92480424710584,272695401.49502265
GRUDZIĄDZKI,1928,fixed14,377125986.2239671,3491.913183422088,377122494.3107836
GRÓDECKI,1928,fixed14,280308207.13579273,1355.5511667156682,280306851.584626
GRÓJECKI,1928,fixed14,331300999.609367,1997.790911125119,331299001.8184559
HOROCHOWSKI,1928,fixed14,257565247.3569922,880.5624986649425,257564366.79449353
HORODEŃSKI,1928,fixed14,245492941.90461576,1753.121325257253,245491188.7832905
HRUBIESZOWSKI,1928,fixed14,281330657.21340007,1457.9630527127576,281329199.2503474
INOWROCŁAWSKI,1928,fixed14,407457943.27339023,2477.519529168994,407455465.75386107
IWACEWICKI,1928,fixed14,268546578.6242998,304.03471079961076,268546274.589589
IŁŻECKI,1928,fixed14,330978944.57172537,1082.5307542181556,330977862.04097116
JANOWSKI,1928,fixed14,310575998.5152532,1055.2986712547965,310574943.21658194
JAROCIŃSKI,1928,fixed14,450857669.21348625,2848.0248565004563,450854821.18862975
JAROSŁAWSKI,1928,fixed14,312054895.5412536,1108.9124252389747,312053786.6288284
JASIELSKI,1928,fixed14,323417723.8566337,1315.9388968218507,323416407.9177369
JAWOROWSKI,1928,fixed14,274626658.20012397,1058.8637984433194,274625599.3363255
JĘDRZEJOWSKI,1928,fixed14,373531658.51875305,1268.3693448289462,373530390.1494082
KALISKI,1928,fixed14,418475232.508511,2418.0879646040576,418472814.4205464
KAMIONECKI,1928,fixed14,273754093.17060137,1157.3134242316667,273752935.85717714
KARTUSKI,1928,fixed14,347668056.2548328,815.1083722775688,347667241.14646053
KATOWICE,1928,fixed14,439445619.4956968,90863.99678231496,439354755.4989145
KAŁUSKI,1928,fixed14,261108278.7855838,927.700255221796,261107351.08532858
KIELECKI,1928,fixed14,362915849.0416029,1432.587136349429,362914416.4544666
KOBRYŃSKI,1928,fixed14,285610285.2207034,474.90661202270815,285609810.3140914
KOLBUSZOWSKI,1928,fixed14,307544667.7159969,1221.7819980833096,307543445.9339988
KOLSKI,1928,fixed14,397868993.3100116,1813.2481205369832,397867180.0618911
KONECKI,1928,fixed14,363388356.75934,1209.3312102487582,363387147.42812973
KONIŃSKI,1928,fixed14,404183062.96088564,1647.7450327865906,404181415.21585286
KOPYCZYNIECKI,1928,fixed14,251309177.35203135,1540.9028677644876,251307636.4491636
KOSOWSKI (KOSÓW HUCULSKI),1928,fixed14,240793529.55244136,332.6399754875048,240793196.91246587
KOSTOPOLSKI,1928,fixed14,248568733.79362658,373.60996762413663,248568360.18365896
KOSZYRSKI,1928,fixed14,258593953.74894685,307.3386258567344,258593646.410321
KOWELSKI,1928,fixed14,273692317.1412704,328.2758046233578,273691988.86546576
KOZIENICKI,1928,fixed14,326854290.9761537,868.8908866133678,326853422.08526707
KOŁOMYJSKI,1928,fixed14,256735858.03691342,1654.0866198847245,256734203.95029354
KOŚCIAŃSKI,1928,fixed14,487867136.46661276,2862.7904923236542,487864273.67612046
KOŚCIERSKI,1928,fixed14,354461667.2746732,955.0203763059245,354460712.2542969
KRAKOWSKI,1928,fixed14,386481636.289996,3437.3708587596875,386478198.91913724
KRAKÓW (MIASTO),1928,fixed14,386758416.4500802,357173.7624489893,386401242.68763125
KRASNOSTAWSKI,1928,fixed14,289886166.4833863,1343.8263888223369,289884822.65699744
KROTOSZYŃSKI,1928,fixed14,444557838.11018175,2878.0504066441804,444554960.0597751
KROŚNIEŃSKI,1928,fixed14,317576305.87935877,2156.787060773759,317574149.092298
KRZEMIENIECKI,1928,fixed14,248946545.62999436,727.2180406277189,248945818.41195375
KUTNOWSKI,1928,fixed14,389380453.35120803,4741.879908054264,389375711.4713
KĘPIŃSKI,1928,fixed14,434411694.8212121,2095.9213940214495,434409598.89981806
LESKI,1928,fixed14,287305545.3453541,706.9977708862956,287304838.3475832
LESZCZYŃSKI,1928,fixed14,490799499.9160542,2804.6279339896873,490796695.2881202
LIDZKI,1928,fixed14,260262667.8887034,400.97036702383315,260262266.9183364
LIMANOWSKI,1928,fixed14,343490722.68509394,1016.7585495114951,343489705.9265444
LIPNOWSKI,1928,fixed14,307555980.99885327,1432.1026291750707,307554548.8962241
LUBACZOWSKI,1928,fixed14,271359697.58839256,903.8286774468954,271358793.7597151
LUBARTOWSKI,1928,fixed14,309016516.2274626,1120.7798086827202,309015395.4476539
LUBAWSKI,1928,fixed14,352635866.11129844,1833.525539181864,352634032.5857593
LUBELSKI,1928,fixed14,314291040.39138603,2586.121568170699,314288454.2698179
LUBLINIECKI,1928,fixed14,425855984.23480284,2369.5367612640407,425853614.69804156
LUBOMELSKI,1928,fixed14,280523693.6690315,353.1779082709222,280523340.49112326
LWOWSKI,1928,fixed14,282492386.4742382,2123.085535580475,282490263.38870263
LWÓW (MIASTO),1928,fixed14,288063552.48870546,170041.26121211526,287893511.22749335
M. ST. WARSZAWA,1928,fixed14,352888138.71167916,630461.8093894146,352257676.90228975
MAKOWSKI (MAKÓW MAZOWIECKI),1928,fixed14,322979775.4558285,1034.2995509563966,322978741.15627754
MIECHOWSKI,1928,fixed14,374435059.66694623,1611.5696994468628,374433448.09724677
MIELECKI,1928,fixed14,335275542.4983528,1176.5785705672267,335274365.9197823
MIĘDZYCHODZKI,1928,fixed14,480695992.0317762,1267.1194095426804,480694724.9123666
MIŃSKI,1928,fixed14,333497721.5837232,1771.9430189190243,333495949.6407043
MOGILEŃSKI,1928,fixed14,420255095.28577775,2405.5832392484003,420252689.7025385
MORSKI,1928,fixed14,339990959.5774959,1277.973194788368,339989681.6043011
MOŁODECZAŃSKI,1928,fixed14,243483411.88191262,926.160075313305,243482485.7218373
MOŚCISKI,1928,fixed14,290315155.087688,1500.2800931812399,290313654.80759484
MYŚLENICKI,1928,fixed14,344718261.1224148,1586.2064213263786,344716674.9159935
MŁAWSKI,1928,fixed14,341407358.4174106,1311.0565944692846,341406047.3608161
NADWÓRNIAŃSKI,1928,fixed14,253830030.093985,660.1661278444124,253829369.92785716
NIESZAWSKI,1928,fixed14,392771174.5582645,1913.8720028462722,392769260.68626165
NIEŚWIESKI,1928,fixed14,243581834.66707298,960.539980692521,243580874.1270923
NIŻAŃSKI,1928,fixed14,314005983.8112301,970.6998992666287,314005013.11133087
NOWOGRÓDZKI,1928,fixed14,255572188.59337083,573.8195515474923,255571614.77381927
NOWOSĄDECKI,1928,fixed14,339155762.29862696,1091.033391449967,339154671.2652355
NOWOTARSKI,1928,fixed14,359335642.3049437,959.3993180888102,359334682.9056256
NOWOTOMYSKI,1928,fixed14,507492885.46926767,2142.650340443066,507490742.8189272
OBORNICKI,1928,fixed14,448811367.58115524,1516.831224363788,448809850.74993086
OLKUSKI,1928,fixed14,389552574.9929941,1619.8760749775165,389550955.11691916
OPATOWSKI,1928,fixed14,339291249.6902583,1685.218053637961,339289564.4722047
OPOCZYŃSKI,1928,fixed14,368852070.14332855,1236.3818198723661,368850833.7615087
OSTROWSKI (OSTRÓW MAZOWIECKA),1928,fixed14,312043725.2203132,926.2678740260815,312042798.9524392
OSTROWSKI (OSTRÓW WIELKOPOLSKI),1928,fixed14,443773039.91880524,2014.9450299497528,443771024.97377527
OSTROŁĘCKI,1928,fixed14,304994248.7519691,788.0707884289449,304993460.68118066
OSZMIAŃSKI,1928,fixed14,234341256.95570678,517.2979744596762,234340739.6577323
PIOTRKOWSKI,1928,fixed14,375329084.67520714,1771.693253713802,375327312.98195344
PIŃCZOWSKI,1928,fixed14,342336997.3223903,1660.1258255720888,342335337.19656473
PIŃSKI,1928,fixed14,264710221.26582003,388.832666232894,264709832.4331538
PODHAJECKI,1928,fixed14,265277209.91154096,1029.9536969143344,265276179.95784405
POSTAWSKI,1928,fixed14,231983123.78361386,347.6721780801945,231982776.11143577
POZNAŃ (MIASTO),1928,fixed14,486972348.37697464,182025.26270180626,486790323.11427283
POZNAŃSKI,1928,fixed14,474966285.87804335,2834.0209748306233,474963451.85706854
PRUŻAŃSKI,1928,fixed14,282331700.49073,537.0429073147358,282331163.4478227
PRZASNYCKI,1928,fixed14,297391496.189041,880.9198024649905,297390615.26923853
PRZEMYSKI,1928,fixed14,306507992.19690526,1990.1613482291184,306506002.03555703
PRZEMYŚLAŃSKI,1928,fixed14,272330992.0206367,1228.401939540291,272329763.61869717
PRZEWORSKI,1928,fixed14,314746501.4556593,3158.317015619624,314743343.1386436
PSZCZYŃSKI,1928,fixed14,420509379.14636785,4009.0612547030005,420505370.08511317
PUŁAWSKI,1928,fixed14,312333342.7639685,1351.2689263871669,312331991.49504215
PUŁTUSKI,1928,fixed14,322722368.9222091,1353.5157041546777,322721015.4065049
PŁOCKI,1928,fixed14,357383982.42668605,2369.921090358715,357381612.5055957
PŁOŃSKI,1928,fixed14,328329135.3183523,1593.8469327640114,328327541.4714195
RADOMSKI,1928,fixed14,345186847.2111561,1201.3853066292263,345185645.8258494
RADOMSZCZAŃSKI,1928,fixed14,383954805.57358474,1300.511967828645,383953505.0616169
RADZIECHOWSKI,1928,fixed14,262961327.32784846,866.7223634676158,262960460.605485
RADZYMIŃSKI,1928,fixed14,337074341.34558046,2303.9200558819607,337072037.4255246
RADZYŃSKI,1928,fixed14,311719937.0810041,929.4310831278062,311719007.64992094
RAWICKI,1928,fixed14,469471514.76409286,3415.4057265140445,469468099.3583664
RAWSKI (RAWA MAZOWIECKA),1928,fixed14,360994545.3713359,1414.1451423953015,360993131.22619355
RAWSKI (RAWA RUSKA),1928,fixed14,279365703.1573402,947.7631952721008,279364755.39414495
ROHATYŃSKI,1928,fixed14,262619514.90879086,962.2130828123313,262618552.69570804
ROPCZYCKI,1928,fixed14,338592053.8722059,1361.4707000975384,338590692.4015058
RUDECKI,1928,fixed14,279880840.7157086,1701.0686443649554,279879139.64706427
RYBNICKI,1928,fixed14,409163243.2991626,6370.053603005826,409156873.24555963
RYPIŃSKI,1928,fixed14,306963778.3779348,1665.34628261506,306962113.0316522
RZESZOWSKI,1928,fixed14,323223128.6137014,1990.0492387119198,323221138.56446266
RÓWIEŃSKI,1928,fixed14,252347405.55237848,951.2178470628348,252346454.33453143
SAMBORSKI,1928,fixed14,294189905.7729417,1535.3942234793394,294188370.37871826
SANDOMIERSKI,1928,fixed14,326253719.4979972,1643.634825980976,326252075.8631712
SANOCKI,1928,fixed14,289461304.3293174,1091.556169483243,289460212.7731479
SARNEŃSKI,1928,fixed14,255684107.57630187,246.3509399398239,255683861.22536194
SIEDLECKI,1928,fixed14,319891810.07512015,1262.085728308491,319890547.98939186
SIERADZKI,1928,fixed14,406940254.1621568,1980.7142778921732,406938273.44787896
SIERPECKI,1928,fixed14,306002106.344423,1644.038249087519,306000462.3061739
SKAŁACKI,1928,fixed14,254167184.82213438,1302.866866208675,254165881.95526817
SKIERNIEWICKI,1928,fixed14,372768255.5719763,2099.1900316340716,372766156.38194466
SOCHACZEWSKI,1928,fixed14,359689613.0297129,2041.2962642682191,359687571.7334486
SOKALSKI,1928,fixed14,272281210.62954307,1169.1482995978388,272280041.4812435
SOKOŁOWSKI,1928,fixed14,314783168.5316522,1111.18712710838,314782057.3445251
SOKÓLSKI,1928,fixed14,284813109.3723465,643.4066119392801,284812465.9657346
STANISŁAWOWSKI,1928,fixed14,264283715.47189313,1754.9532365803177,264281960.51865655
STAROGARDZKI,1928,fixed14,356617751.8917699,1473.4929981070654,356616278.39877176
STOLIŃSKI,1928,fixed14,245504118.10137138,235.5142194910288,245503882.58715189
STOPNICKI,1928,fixed14,320420403.10602784,1087.6800742712696,320419315.42595357
STOŁPECKI,1928,fixed14,247004317.7161157,745.8318380801627,247003571.88427764
STRYJSKI,1928,fixed14,272052911.6053081,841.5850925515214,272052070.0202156
SUWALSKI,1928,fixed14,261997342.01928312,653.9974061811789,261996688.02187693
SZAMOTULSKI,1928,fixed14,467037153.3301014,1736.229688180914,467035417.1004132
SZCZUCZYŃSKI (WOJ. BIAŁOSTOCKIE),1928,fixed14,278697276.872893,848.7213285059612,278696428.1515645
SZCZUCZYŃSKI (WOJ. NOWOGRÓDZKIE),1928,fixed14,259792371.0953721,376.3002944793859,259791994.79507762
SZUBIŃSKI,1928,fixed14,412908348.1284645,1701.8165378164585,412906646.3119267
SĘPOLEŃSKI,1928,fixed14,392181398.6460287,2083.463104781004,392179315.1829239
SŁONIMSKI,1928,fixed14,269344283.4979682,554.3080588641063,269343729.18990934
TARNOBRZESKI,1928,fixed14,332784356.3178545,1407.9629703899732,332782948.35488415
TARNOGÓRSKI,1928,fixed14,440099300.85183555,11147.13139179468,440088153.7204437
TARNOPOLSKI,1928,fixed14,262189992.8942927,1300.9717904279955,262188691.92250228
TARNOWSKI,1928,fixed14,350695806.8195855,2166.1261373818593,350693640.6934481
TCZEWSKI,1928,fixed14,351092564.3019152,2929.9022395948846,351089634.3996756
TOMASZOWSKI,1928,fixed14,275536693.2309666,1258.2806893669326,275535434.95027727
TORUŃSKI,1928,fixed14,398362458.5161836,2629.7375438147164,398359828.7786398
TREMBOWELSKI,1928,fixed14,257028445.03541976,1462.0750482869591,257026982.96037146
TUCHOLSKI,1928,fixed14,375429633.1078348,1198.2382072136218,375428434.8696276
TURCZAŃSKI,1928,fixed14,283125811.46815133,606.3780229073362,283125205.0901284
TURECKI,1928,fixed14,384513108.12372804,1191.2092501859372,384511916.9144778
TŁUMACKI,1928,fixed14,260490152.52383575,1234.193778590472,260488918.33005714
WADOWICKI,1928,fixed14,385181741.4960932,2341.558532326948,385179399.9375609
WARSZAWSKI,1928,fixed14,350004769.5713572,7049.287123705202,349997720.2842335
WIELUŃSKI,1928,fixed14,432918427.0073371,968.6373280641998,432917458.370009
WILEJSKI,1928,fixed14,234082466.00424355,367.6503968704148,234082098.35384667
WILEŃSKO-TROCKI,1928,fixed14,251839832.74544415,414.72197216780154,251839418.02347198
WILNO (MIASTO),1928,fixed14,257111922.49126673,47348.806145244285,257064573.68512148
WOLSZTYŃSKI,1928,fixed14,529153062.70142734,1689.4973046103632,529151373.2041227
WOŁKOWYSKI,1928,fixed14,280780908.1354801,530.6918738935441,280780377.4436062
WOŁOŻYŃSKI,1928,fixed14,235755153.3037224,456.6762623987265,235754696.62746
WRZESIŃSKI,1928,fixed14,436371472.5379767,2510.465044836107,436368962.0729318
WYRZYSKI,1928,fixed14,401122454.0287939,1732.5059125868095,401120721.52288127
WYSOKOMAZOWIECKI,1928,fixed14,292283183.63342905,925.9843612173015,292282257.6490678
WĄBRZESKI,1928,fixed14,381514104.584186,2109.511842372411,381511995.07234365
WĄGROWIECKI,1928,fixed14,413932136.869904,1552.9129103962855,413930583.9569936
WĘGROWSKI,1928,fixed14,300777789.1362462,1078.958777420547,300776710.1774688
WŁOCŁAWSKI,1928,fixed14,388584721.5717292,2795.744419812016,388581925.82730937
WŁODAWSKI,1928,fixed14,283009547.88041145,608.7098250953229,283008939.17058635
WŁODZIMIERSKI,1928,fixed14,274275668.6484786,795.4110080133397,274274873.2374706
WŁOSZCZOWSKI,1928,fixed14,346999032.94172037,1113.2046714978665,346997919.73704886
ZALESZCZYCKI,1928,fixed14,244619577.48056284,1431.0792343308242,244618146.4013285
ZAMOJSKI,1928,fixed14,292606570.7355665,1493.7342885701019,292605077.0012779
ZBARASKI,1928,fixed14,256208407.15465057,1180.9924456639303,256207226.1622049
ZBOROWSKI,1928,fixed14,258354114.48927575,1140.7793537978782,258352973.70992196
ZDOŁBUNOWSKI,1928,fixed14,250074554.20063645,1104.0760677766953,250073450.12456867
ZŁOCZOWSKI,1928,fixed14,270278681.5868678,1099.639319863352,270277581.947548
ŁASKI,1928,fixed14,382938627.6721809,2178.190393462759,382936449.48178744
ŁAŃCUCKI,1928,fixed14,312766154.9689822,1715.2586340078622,312764439.7103482
ŁOMŻYŃSKI,1928,fixed14,300275451.2230487,1016.0347122919386,300274435.1883364
ŁOWICKI,1928,fixed14,379107880.75302047,2320.1497073821106,379105560.6033131
ŁUCKI,1928,fixed14,264157326.59946924,489.9765720978286,264156836.62289715
ŁUKOWSKI,1928,fixed14,315356640.97697985,900.9044022421003,315355740.0725776
ŁUNINIECKI,1928,fixed14,250952744.05916968,206.18993278006093,250952537.8692369
ŁÓDZKI,1928,fixed14,390135387.56918675,5204.290145574371,390130183.2790412
ŁÓDŹ (MIASTO),1928,fixed14,391283587.88401175,722363.886072881,390561223.9979389
ŁĘCZYCKI,1928,fixed14,389306915.3649319,2676.2504953660386,389304239.1144365
ŚNIATYŃSKI,1928,fixed14,248624457.72779402,1892.32757061677,248622565.4002234
ŚREDZKI,1928,fixed14,456252916.70532084,2138.0269618723255,456250778.678359
ŚREMSKI,1928,fixed14,453232862.6560368,1742.515395358782,453231120.14064145
ŚWIECKI,1928,fixed14,378086740.31221044,1274.6825152374058,378085465.6296952
ŚWIĘCIAŃSKI,1928,fixed14,241742286.01697508,337.5614802404395,241741948.45549482
ŚWIĘTOCHŁOWICKI,1928,fixed14,448361211.03121096,119850.39856081145,448241360.63265014
ŻNIŃSKI,1928,fixed14,424248113.90696645,2119.876556058562,424245994.0304104
ŻYDACZOWSKI,1928,fixed14,267110803.3497992,969.6344144112458,267109833.71538478
ŻYWIECKI,1928,fixed14,385648590.5492585,1962.296043371476,385646628.2532151
ŻÓŁKIEWSKI,1928,fixed14,276755203.8371804,1186.7872553077714,276754017.0499251
AUGUSTOWSKI,1929,fixed14,261516028.83496025,408.0241518181256,261515620.81080842
BARANOWICKI,1929,fixed14,252881076.3988905,358.39694053493645,252880718.00194997
BIALSKI (BIAŁA KRAKOWSKA),1929,fixed14,391679332.8140097,5922.397075465948,391673410.41693425
BIALSKI (BIAŁA PODLASKA),1929,fixed14,303654615.470884,798.4083400349955,303653817.062544
BIAŁOSTOCKI,1929,fixed14,291598510.5751252,1003.2538160559034,291597507.32130915
BIELSKI (BIELSK PODLASKI),1929,fixed14,289471120.1098143,330.8708364725687,289470789.2389778
BIELSKO,1929,fixed14,393946211.52214825,17929.534649630947,393928281.98749864
BIŁGORAJSKI,1929,fixed14,279161678.2128602,625.8772186229138,279161052.3356416
BOCHEŃSKI,1929,fixed14,368607819.13004196,1329.639508240873,368606489.4905337
BORSZCZOWSKI,1929,fixed14,236882212.938366,815.3635010063224,236881397.57486498
BRASŁAWSKI,1929,fixed14,229219856.7903115,209.80554690857562,229219646.98476458
BRODNICKI,1929,fixed14,367362521.2322154,1658.1166350961798,367360863.1155803
BRODZKI,1929,fixed14,266694303.46196625,869.1132620804368,266693434.34870416
BRZESKI (BRZESKO),1929,fixed14,330250567.54807884,1222.3530453721244,330249345.1950335
BRZESKI (BRZEŚĆ N.BUG.),1929,fixed14,297322460.17522,466.4244388790211,297321993.7507811
BRZEZIŃSKI,1929,fixed14,377828335.99283886,2987.749144143225,377825348.2436947
BRZEŻAŃSKI,1929,fixed14,262025917.95943233,757.599620142408,262025160.3598122
BRZOZOWSKI,1929,fixed14,298354495.3289211,1470.1462613539168,298353025.18265975
BUCZACKI,1929,fixed14,251788404.77849835,880.9673308013579,251787523.81116754
BYDGOSKI,1929,fixed14,398353409.63545316,2405.8126989050256,398351003.82275426
BÓBRECKI,1929,fixed14,264391961.0926679,1129.213738050484,264390831.87892985
BĘDZIŃSKI,1929,fixed14,417137799.54322475,6430.645698794357,417131368.89752597
BŁOŃSKI,1929,fixed14,360136272.6601884,3420.5068154214887,360132852.15337294
CHEŁMIŃSKI,1929,fixed14,371805465.750502,1921.2561743554597,371803544.49432766
CHEŁMSKI,1929,fixed14,294882061.9118007,896.0999344141264,294881165.8118663
CHODZIESKI,1929,fixed14,421111063.3798796,1307.2083600039373,421109756.1715196
CHOJNICKI,1929,fixed14,359522351.4450007,604.2273296147624,359521747.2176711
CHORZÓW,1929,fixed14,449136773.12763894,496347.6831553964,448640425.4444835
CHRZANOWSKI,1929,fixed14,409353548.76696646,5245.7682618076215,409348302.9987047
CIECHANOWSKI,1929,fixed14,340880035.5196658,1634.1735277120513,340878401.34613806
CIESZYŃSKI,1929,fixed14,389502320.02719754,4377.601486114202,389497942.42571145
CZARNKOWSKI,1929,fixed14,413445833.6424935,1189.0607712643236,413444644.5817222
CZORTKOWSKI,1929,fixed14,249620460.29074034,1466.840090315696,249618993.45065004
CZĘSTOCHOWSKI,1929,fixed14,379487373.4820501,2130.402914080801,379485243.079136
DOBROMILSKI,1929,fixed14,289040635.5782108,844.0382676818142,289039791.5399431
DOLIŃSKI,1929,fixed14,267959981.48131528,484.4885150381697,267959496.99280024
DROHICKI,1929,fixed14,268798659.8440481,523.1720405397024,268798136.67200756
DROHOBYCKI,1929,fixed14,283069461.8860978,1997.173627863182,283067464.71246994
DUBIEŃSKI,1929,fixed14,254274925.21025512,504.2141748489256,254274420.99608028
DZIAŁDOWSKI,1929,fixed14,337628782.9572031,608.5075927018215,337628174.4496104
DZIŚNIEŃSKI,1929,fixed14,227070935.28802568,278.0766367699085,227070657.21138892
DĄBROWSKI,1929,fixed14,340430732.0940854,964.7339317524745,340429767.3601536
GARWOLIŃSKI,1929,fixed14,321840464.8956906,852.3996036649136,321839612.49608696
GNIEŹNIEŃSKI,1929,fixed14,429204716.0844431,1668.4930461767176,429203047.5913969
GORLICKI,1929,fixed14,323495329.32484335,1135.1992590447378,323494194.1255843
GOSTYNIŃSKI,1929,fixed14,364976452.4571273,1632.6191165259963,364974819.8380107
GOSTYŃSKI,1929,fixed14,463107371.1075459,2053.573712436506,463105317.5338335
GRODZIEŃSKI,1929,fixed14,270067449.1085539,364.4250513666971,270067084.6835025
GRUDZIĄDZKI,1929,fixed14,372816133.4623652,3292.426795065745,372812841.03557014
GRÓDECKI,1929,fixed14,277731415.4321296,1043.379911660562,277730372.05221796
GRÓJECKI,1929,fixed14,331435494.8966483,1340.11960936633,331434154.77703893
HOROCHOWSKI,1929,fixed14,255188239.6489156,663.9017130070827,255187575.74720258
HORODEŃSKI,1929,fixed14,243232079.94166973,1254.3212249590692,243230825.62044477
HRUBIESZOWSKI,1929,fixed14,278667241.2065679,1159.8948942598727,278666081.31167364
INOWROCŁAWSKI,1929,fixed14,403367907.3870433,2191.183485958839,403365716.2035573
IWACEWICKI,1929,fixed14,266023746.81659764,248.5918373339515,266023498.2247603
IŁŻECKI,1929,fixed14,327932550.3683943,851.9116273370822,327931698.45676696
JANOWSKI,1929,fixed14,307671110.9337401,757.5940187266445,307670353.3397214
JAROCIŃSKI,1929,fixed14,446691118.137783,2180.007348393678,446688938.1304346
JAROSŁAWSKI,1929,fixed14,309196453.9970116,864.6848507533861,309195589.31216085
JASIELSKI,1929,fixed14,320522002.78204405,1029.9314307519048,320520972.8506133
JAWOROWSKI,1929,fixed14,272089178.546491,842.0719181549277,272088336.4745729
JĘDRZEJOWSKI,1929,fixed14,370150375.2898564,1023.2632703174515,370149352.02658606
KALISKI,1929,fixed14,414731743.19950414,2110.9279908154385,414729632.27151334
KAMIONECKI,1929,fixed14,271228652.0304718,870.7329798552926,271227781.29749197
KARTUSKI,1929,fixed14,342768143.1035292,639.0523491751698,342767504.05118006
KATOWICE,1929,fixed14,435670016.09428024,98094.65165720946,435571921.442623
KAŁUSKI,1929,fixed14,258691398.2331648,763.3641577368958,258690634.86900705
KIELECKI,1929,fixed14,359612230.49952894,1231.821684712649,359610998.6778442
KOBRYŃSKI,1929,fixed14,282881092.4848896,353.83345229992324,282880738.65143734
KOLBUSZOWSKI,1929,fixed14,304732626.06149673,864.4577622416884,304731761.6037345
KOLSKI,1929,fixed14,394011534.75761455,1497.6569560392543,394010037.10065854
KONECKI,1929,fixed14,360011793.08179134,1042.9212396097803,360010750.1605517
KONIŃSKI,1929,fixed14,400330418.2717864,1250.8790103969739,400329167.392776
KOPYCZYNIECKI,1929,fixed14,248984973.33763534,1068.4555273997514,248983904.88210794
KOSOWSKI (KOSÓW HUCULSKI),1929,fixed14,238571651.9045043,271.5606086293511,238571380.34389567
KOSTOPOLSKI,1929,fixed14,246243646.53157422,286.83918328995054,246243359.69239092
KOSZYRSKI,1929,fixed14,256155530.01351824,238.71291534033855,256155291.3006029
KOWELSKI,1929,fixed14,271096175.4764516,245.50187624994723,271095929.97457534
KOZIENICKI,1929,fixed14,323753327.8135779,708.7647945978935,323752619.0487833
KOŁOMYJSKI,1929,fixed14,254367191.74322957,1128.2971183835564,254366063.44611117
KOŚCIAŃSKI,1929,fixed14,483505552.26987994,2342.4073824893985,483503209.86249745
KOŚCIERSKI,1929,fixed14,349820300.93492,742.3337716128093,349819558.6011484
KRAKOWSKI,1929,fixed14,383110071.70341927,3269.530068435215,383106802.1733508
KRAKÓW (MIASTO),1929,fixed14,383418457.1089754,388149.8254996565,383030307.28347576
KRASNOSTAWSKI,1929,fixed14,287140571.7852376,993.6377252466809,287139578.1475124
KROTOSZYŃSKI,1929,fixed14,440552939.6356718,2356.465253646177,440550583.17041814
KROŚNIEŃSKI,1929,fixed14,314736357.64669156,1756.3775375865016,314734601.26915395
KRZEMIENIECKI,1929,fixed14,246636632.442864,568.9305896872355,246636063.51227432
KUTNOWSKI,1929,fixed14,385537881.9458122,4135.968261586619,385533745.9775506
KĘPIŃSKI,1929,fixed14,430499224.8632058,1602.9688626278664,430497621.89434314
LESKI,1929,fixed14,284702220.25805527,509.2608600516373,284701710.99719524
LESZCZYŃSKI,1929,fixed14,486467051.1616708,2314.3268030193744,486464736.8348678
LIDZKI,1929,fixed14,257794770.7738672,319.15574448707133,257794451.6181227
LIMANOWSKI,1929,fixed14,340459079.64783776,750.8056966829156,340458328.8421411
LIPNOWSKI,1929,fixed14,304468338.88289773,1180.0532384870091,304467158.8296592
LUBACZOWSKI,1929,fixed14,268811927.7503888,670.071163090211,268811257.6792257
LUBARTOWSKI,1929,fixed14,306080329.8395158,859.8492141959501,306079469.9903016
LUBAWSKI,1929,fixed14,348803562.1579362,1385.7240713701656,348802176.43386483
LUBELSKI,1929,fixed14,311303114.12798965,2297.6065839447697,311300816.5214057
LUBLINIECKI,1929,fixed14,422146703.0245148,1966.250546926366,422144736.77396786
LUBOMELSKI,1929,fixed14,277859537.85309845,274.7809685800669,277859263.07212985
LWOWSKI,1929,fixed14,279883236.9419965,1882.1665345591603,279881354.775462
LWÓW (MIASTO),1929,fixed14,285420668.7901688,185047.9920481833,285235620.7981206
M. ST. WARSZAWA,1929,fixed14,349496995.7124243,695186.7201436515,348801808.9922806
MAKOWSKI (MAKÓW MAZOWIECKI),1929,fixed14,319646923.78272104,873.5321164460569,319646050.25060457
MIECHOWSKI,1929,fixed14,371127611.6048234,1267.4523088316755,371126344.1525146
MIELECKI,1929,fixed14,332226320.1836834,845.3146460202204,332225474.8690374
MIĘDZYCHODZKI,1929,fixed14,476525156.1902482,1087.5382124791552,476524068.6520357
MIŃSKI,1929,fixed14,330251798.38105375,1706.8218044988917,330250091.5592492
MOGILEŃSKI,1929,fixed14,416082973.3900939,1919.6410869447814,416081053.749007
MORSKI,1929,fixed14,334872191.1638786,1349.2367827154565,334870841.9270959
MOŁODECZAŃSKI,1929,fixed14,241183554.26998302,682.0013670753449,241182872.26861596
MOŚCISKI,1929,fixed14,287646589.97601056,1117.0542640670342,287645472.9217465
MYŚLENICKI,1929,fixed14,341691786.4918632,1110.0156109718139,341690676.4762522
MŁAWSKI,1929,fixed14,337818402.4834686,1079.5324495101477,337817322.9510191
NADWÓRNIAŃSKI,1929,fixed14,251490820.65507308,572.417897557514,251490248.23717552
NIESZAWSKI,1929,fixed14,388774184.4340619,1613.6876643320854,388772570.74639755
NIEŚWIESKI,1929,fixed14,241279158.02473634,699.570572604504,241278458.45416373
NIŻAŃSKI,1929,fixed14,311101389.746713,741.2265498846691,311100648.5201631
NOWOGRÓDZKI,1929,fixed14,253149369.48634017,434.8692692844706,253148934.61707088
NOWOSĄDECKI,1929,fixed14,336148946.9548049,901.5853868506397,336148045.369418
NOWOTARSKI,1929,fixed14,356173429.2511685,753.8593216222296,356172675.3918469
NOWOTOMYSKI,1929,fixed14,503043951.6136223,1770.8453793886945,503042180.7682429
OBORNICKI,1929,fixed14,444547158.2868102,1222.4917400362492,444545935.7950702
OLKUSKI,1929,fixed14,386165213.4600685,1423.1484104676324,386163790.3116581
OPATOWSKI,1929,fixed14,336163998.362085,1405.513329414997,336162592.8487556
OPOCZYŃSKI,1929,fixed14,365382795.971339,976.3602269854457,365381819.611112
OSTROWSKI (OSTRÓW MAZOWIECKA),1929,fixed14,309022546.0734784,752.9980568992021,309021793.0754215
OSTROWSKI (OSTRÓW WIELKOPOLSKI),1929,fixed14,439765342.4455708,1833.5280920631642,439763508.91747874
OSTROŁĘCKI,1929,fixed14,302057666.6868061,612.5134906320357,302057054.17331547
OSZMIAŃSKI,1929,fixed14,232123555.29413602,405.55456348554225,232123149.73957253
PIOTRKOWSKI,1929,fixed14,371856165.6341368,1496.3672506770715,371854669.2668861
PIŃCZOWSKI,1929,fixed14,339207093.7262852,1238.2477194481808,339205855.47856575
PIŃSKI,1929,fixed14,262202185.45717025,316.6661347196241,262201868.79103553
PODHAJECKI,1929,fixed14,262825562.59445468,720.1675663480504,262824842.42688832
POSTAWSKI,1929,fixed14,229786138.17813444,273.460119733916,229785864.71801472
POZNAŃ (MIASTO),1929,fixed14,482527852.3759619,203723.9884438374,482324128.38751805
POZNAŃSKI,1929,fixed14,470584731.3508222,2451.798511960783,470582279.5523102
PRUŻAŃSKI,1929,fixed14,279656420.94123346,420.8437726083809,279656000.09746087
PRZASNYCKI,1929,fixed14,294508112.3342624,749.3907348847148,294507362.94352746
PRZEMYSKI,1929,fixed14,303699680.18576056,1796.8018184542482,303697883.3839421
PRZEMYŚLAŃSKI,1929,fixed14,269814037.3602865,972.3811233231498,269813064.97916317
PRZEWORSKI,1929,fixed14,311869134.6928356,2567.8448726180864,311866566.84796304
PSZCZYŃSKI,1929,fixed14,416888056.6143768,3805.804519954887,416884250.80985683
PUŁAWSKI,1929,fixed14,309371348.3195817,1069.1600653432395,309370279.15951633
PUŁTUSKI,1929,fixed14,319472066.05386126,1175.6021059933782,319470890.4517553
PŁOCKI,1929,fixed14,353914799.73373735,2069.434215623429,353912730.29952174
PŁOŃSKI,1929,fixed14,324996479.7710988,1321.6004239107194,324995158.17067486
RADOMSKI,1929,fixed14,342051542.65787256,1040.7904380373566,342050501.8674345
RADOMSZCZAŃSKI,1929,fixed14,380430381.49951386,1100.8253457763496,380429280.6741681
RADZIECHOWSKI,1929,fixed14,260532832.71389815,651.6361666192167,260532181.07773152
RADZYMIŃSKI,1929,fixed14,333791654.356653,2301.058381465313,333789353.29827154
RADZYŃSKI,1929,fixed14,308732449.39941454,735.478918523951,308731713.920496
RAWICKI,1929,fixed14,465294233.89871556,2909.9752249579387,465291323.9234906
RAWSKI (RAWA MAZOWIECKA),1929,fixed14,357803318.7587717,1207.665232731031,357802111.093539
RAWSKI (RAWA RUSKA),1929,fixed14,276741406.41478723,711.9337476838917,276740694.4810395
ROHATYŃSKI,1929,fixed14,260193384.20040855,807.4222692466145,260192576.7781393
ROPCZYCKI,1929,fixed14,335552329.7967244,1023.4317862073227,335551306.3649382
RUDECKI,1929,fixed14,277313014.50340974,1261.487674762457,277311753.015735
RYBNICKI,1929,fixed14,405635191.67099595,6209.571482293953,405628982.09951365
RYPIŃSKI,1929,fixed14,303890353.9516372,1340.421631688021,303889013.5300055
RZESZOWSKI,1929,fixed14,320317147.0127366,1464.2824475186947,320315682.7302891
RÓWIEŃSKI,1929,fixed14,250002945.75826538,758.7318903873916,250002187.026375
SAMBORSKI,1929,fixed14,291493022.87730324,1187.6810764142406,291491835.19622684
SANDOMIERSKI,1929,fixed14,323292476.79745543,1217.2468410715576,323291259.55061436
SANOCKI,1929,fixed14,286855652.7824968,898.8564400018174,286854753.9260568
SARNEŃSKI,1929,fixed14,253263534.2889347,190.6765634944547,253263343.6123712
SIEDLECKI,1929,fixed14,316810362.7521227,998.1277556081995,316809364.6243671
SIERADZKI,1929,fixed14,403179866.1293294,1702.733576743315,403178163.39575267
SIERPECKI,1929,fixed14,302951743.1395819,1350.2301049817595,302950392.90947694
SKAŁACKI,1929,fixed14,251817922.6272937,991.3241722906293,251816931.30312142
SKIERNIEWICKI,1929,fixed14,369216682.5120261,1901.3532645116684,369214781.15876156
SOCHACZEWSKI,1929,fixed14,356293981.91081405,1873.1331049551309,356292108.77770907
SOKALSKI,1929,fixed14,269732118.33506465,898.4216931079196,269731219.91337156
SOKOŁOWSKI,1929,fixed14,311761265.45168996,874.6187523036208,311760390.83293766
SOKÓLSKI,1929,fixed14,282071160.7021884,471.880208099715,282070688.8219803
STANISŁAWOWSKI,1929,fixed14,261844368.50419652,1448.4012436188975,261842920.1029529
STAROGARDZKI,1929,fixed14,352048924.99563605,1303.0320330037239,352047621.963603
STOLIŃSKI,1929,fixed14,243189816.91271454,192.33538843258725,243189624.57732612
STOPNICKI,1929,fixed14,317513594.4486292,791.0120305644622,317512803.43659866
STOŁPECKI,1929,fixed14,244687626.34880444,512.8929462516826,244687113.4558582
STRYJSKI,1929,fixed14,269543044.47071326,690.3510564345337,269542354.1196568
SUWALSKI,1929,fixed14,259496763.19335178,518.1324579206296,259496245.06089386
SZAMOTULSKI,1929,fixed14,462797537.6649845,1441.314050679875,462796096.35093385
SZCZUCZYŃSKI (WOJ. BIAŁOSTOCKIE),1929,fixed14,276028186.57422894,674.0727285895208,276027512.50150037
SZCZUCZYŃSKI (WOJ. NOWOGRÓDZKIE),1929,fixed14,257323209.3163188,311.14454305673354,257322898.17177576
SZUBIŃSKI,1929,fixed14,408617760.2677069,1364.347565434126,408616395.92014146
SĘPOLEŃSKI,1929,fixed14,387841705.72008854,1650.1993247418832,387840055.5207638
SŁONIMSKI,1929,fixed14,266778746.056541,393.6741719774679,266778352.382369
TARNOBRZESKI,1929,fixed14,329715151.77160406,1071.778743200396,329714079.99286085
TARNOGÓRSKI,1929,fixed14,436313366.8864607,11570.251741728165,436301796.634719
TARNOPOLSKI,1929,fixed14,259769921.68615615,1064.9306324521901,259768856.7555237
TARNOWSKI,1929,fixed14,347608996.32375103,1860.6503372946008,347607135.67341375
TCZEWSKI,1929,fixed14,346582403.7969356,2490.3226195985917,346579913.474316
TOMASZOWSKI,1929,fixed14,272935714.76547605,943.4836993069183,272934771.2817767
TORUŃSKI,1929,fixed14,394140956.58912504,2456.654212005481,394138499.93491304
TREMBOWELSKI,1929,fixed14,254652668.77446318,1050.1993429302306,254651618.57512024
TUCHOLSKI,1929,fixed14,371184132.0009776,979.3458149375602,371183152.65516263
TURCZAŃSKI,1929,fixed14,280525304.6143297,469.6638894337344,280524834.9504403
TURECKI,1929,fixed14,380988351.8065895,932.9928135609201,380987418.8137759
TŁUMACKI,1929,fixed14,258089842.39756075,950.2091434297073,258088892.18841732
WADOWICKI,1929,fixed14,381821289.37442553,1881.8390948630924,381819407.53533065
WARSZAWSKI,1929,fixed14,346666475.58981067,6321.903142333363,346660153.68666834
WIELUŃSKI,1929,fixed14,429066769.8482696,777.6454550075023,429065992.2028146
WILEJSKI,1929,fixed14,231872782.9346998,303.0779919769957,231872479.85670784
WILEŃSKO-TROCKI,1929,fixed14,249486172.6300197,360.8194108170189,249485811.81060886
WILNO (MIASTO),1929,fixed14,254665031.78755343,54113.63787734018,254610918.14967608
WOLSZTYŃSKI,1929,fixed14,524559695.6899774,1420.445704790753,524558275.2442726
WOŁKOWYSKI,1929,fixed14,278096801.9773334,383.35570063824616,278096418.6216328
WOŁOŻYŃSKI,1929,fixed14,233527196.1252873,363.4383512744093,233526832.68693602
WRZESIŃSKI,1929,fixed14,432251344.9749638,2043.7705380755824,432249301.2044257
WYRZYSKI,1929,fixed14,396977833.37851816,1475.9058950681765,396976357.4726231
WYSOKOMAZOWIECKI,1929,fixed14,289493895.54357547,709.4532274626308,289493186.090348
WĄBRZESKI,1929,fixed14,377408164.4219604,1657.9862718825052,377406506.43568856
WĄGROWIECKI,1929,fixed14,409790722.0269055,1221.7366341452105,409789500.29027134
WĘGROWSKI,1929,fixed14,297892094.41394967,892.0339751418439,297891202.37997454
WŁOCŁAWSKI,1929,fixed14,384693804.4956261,2739.984677155881,384691064.51094896
WŁODAWSKI,1929,fixed14,280284560.03356934,465.6917522031654,280284094.34181714
WŁODZIMIERSKI,1929,fixed14,271687374.65195286,626.2493421724093,271686748.4026107
WŁOSZCZOWSKI,1929,fixed14,343844114.50237256,816.6664566588663,343843297.8359159
ZALESZCZYCKI,1929,fixed14,242359450.0909407,995.6949246384061,242358454.39601606
ZAMOJSKI,1929,fixed14,289832784.5834344,1231.371469348391,289831553.2119651
ZBARASKI,1929,fixed14,253839367.89169124,925.198325381431,253838442.69336584
ZBOROWSKI,1929,fixed14,255963323.68182516,831.3640300674642,255962492.3177951
ZDOŁBUNOWSKI,1929,fixed14,247729097.97746542,930.6410792666869,247728167.33638614
ZŁOCZOWSKI,1929,fixed14,267786012.78149003,837.1415161343283,267785175.63997388
ŁASKI,1929,fixed14,379363280.08331376,2153.960106245225,379361126.1232075
ŁAŃCUCKI,1929,fixed14,309894732.85970294,1255.7924128406435,309893477.0672901
ŁOMŻYŃSKI,1929,fixed14,297372650.82086664,784.0111286207551,297371866.80973804
ŁOWICKI,1929,fixed14,375440362.4385476,2003.4095611476675,375438359.02898645
ŁUCKI,1929,fixed14,261666616.98860586,392.7859884893005,261666224.20261738
ŁUKOWSKI,1929,fixed14,312335526.8778358,729.64442388953,312334797.2334119
ŁUNINIECKI,1929,fixed14,248563280.09379163,188.889878717913,248563091.2039129
ŁÓDZKI,1929,fixed14,386406635.6471062,5761.774647781937,386400873.8724584
ŁÓDŹ (MIASTO),1929,fixed14,387700817.5430648,860773.7788738857,386840043.7641909
ŁĘCZYCKI,1929,fixed14,385487986.544818,2244.6814736967826,385485741.8633443
ŚNIATYŃSKI,1929,fixed14,246329153.14337128,1572.9383398996722,246327580.2050314
ŚREDZKI,1929,fixed14,452046277.5895236,1768.1859440049811,452044509.4035796
ŚREMSKI,1929,fixed14,449142989.9889828,1414.7765595723858,449141575.2124232
ŚWIECKI,1929,fixed14,373562339.2697549,1068.6209361504725,373561270.64881873
ŚWIĘCIAŃSKI,1929,fixed14,239444111.11873806,277.9985586254033,239443833.12017944
ŚWIĘTOCHŁOWICKI,1929,fixed14,444559794.4550923,146461.4642439844,444413332.9908483
ŻNIŃSKI,1929,fixed14,419961211.2540206,1703.4043951100523,419959507.84962547
ŻYDACZOWSKI,1929,fixed14,264642123.8347219,819.0622029673508,264641304.77251893
ŻYWIECKI,1929,fixed14,382293937.06639636,1814.028503656739,382292123.0378927
ŻÓŁKIEWSKI,1929,fixed14,274179325.74995774,997.3624327624376,274178328.38752496
AUGUSTOWSKI,1930,fixed14,258253163.68008694,412.70705547443254,258252750.97303146
BARANOWICKI,1930,fixed14,249757932.9243426,311.8655795009094,249757621.0587631
BIALSKI (BIAŁA KRAKOWSKA),1930,fixed14,386789903.36160535,5953.89298242113,386783949.4686229
BIALSKI (BIAŁA PODLASKA),1930,fixed14,299850248.5587499,761.7105160443701,299849486.8482339
BIAŁOSTOCKI,1930,fixed14,287941009.24349964,999.4971956940017,287940009.7463039
BIELSKI (BIELSK PODLASKI),1930,fixed14,285838360.5713691,326.7627240537438,285838033.80864507
BIELSKO,1930,fixed14,389052302.62155217,14238.764109556794,389038063.8574426
BIŁGORAJSKI,1930,fixed14,275669628.1397375,568.0239495067326,275669060.115788
BOCHEŃSKI,1930,fixed14,364023014.29520005,1355.200600918286,364021659.0945991
BORSZCZOWSKI,1930,fixed14,233925342.34277245,801.9995103862049,233924540.34326208
BRASŁAWSKI,1930,fixed14,226353601.17372242,190.32781555434286,226353410.84590685
BRODNICKI,1930,fixed14,362725893.7673654,1534.567151392316,362724359.200214
BRODZKI,1930,fixed14,263361341.88590738,798.5496060074321,263360543.3363014
BRZESKI (BRZESKO),1930,fixed14,326138194.24478483,1135.1796574895811,326137059.0651273
BRZESKI (BRZEŚĆ N.BUG.),1930,fixed14,293604529.55513155,421.67318665425285,293604107.8819449
BRZEZIŃSKI,1930,fixed14,373076868.8822439,3171.5712769775514,373073697.3109669
BRZEŻAŃSKI,1930,fixed14,258750511.0846653,781.6176059278383,258749729.46705937
BRZOZOWSKI,1930,fixed14,294627361.1381247,1542.4049571871224,294625818.7331675
BUCZACKI,1930,fixed14,248642220.91864142,880.494307626416,248641340.42433378
BYDGOSKI,1930,fixed14,393492131.3087751,2466.611418915982,393489664.6973562
BÓBRECKI,1930,fixed14,261107197.08334678,1137.6999162335796,261106059.38343054
BĘDZIŃSKI,1930,fixed14,411967121.90702534,6770.396678064563,411960351.51034725
BŁOŃSKI,1930,fixed14,355623177.2779227,3624.490228811539,355619552.78769386
CHEŁMIŃSKI,1930,fixed14,369067470.54846054,1817.4496064899731,369065653.09885406
CHEŁMSKI,1930,fixed14,291188673.49099743,819.2108100475346,291187854.28018737
CHODZIESKI,1930,fixed14,415813205.1019161,1313.873144645943,415811891.22877145
CHOJNICKI,1930,fixed14,355063110.4720924,602.3669544568444,355062508.10513794
CHORZÓW,1930,fixed14,443561776.1357212,491806.1863042375,443069969.949417
CHRZANOWSKI,1930,fixed14,404266965.3701906,5310.371176272138,404261654.9990144
CIECHANOWSKI,1930,fixed14,336590670.46283656,1591.2554165456893,336589079.20742
CIESZYŃSKI,1930,fixed14,384655464.89070106,4327.888360016435,384651137.00234103
CZARNKOWSKI,1930,fixed14,408250776.4884474,1087.83081022245,408249688.6576372
CZORTKOWSKI,1930,fixed14,246501036.47958943,1451.995199291968,246499584.48439014
CZĘSTOCHOWSKI,1930,fixed14,374761051.56587607,2165.3128486586525,374758886.2530274
DOBROMILSKI,1930,fixed14,285427205.730244,827.9430040225006,285426377.78723997
DOLIŃSKI,1930,fixed14,264607807.69741318,531.860929949131,264607275.83648324
DROHICKI,1930,fixed14,265433205.19293424,464.2026579696708,265432740.99027628
DROHOBYCKI,1930,fixed14,279533991.730979,2219.976543570757,279531771.7544355
DUBIEŃSKI,1930,fixed14,251096592.3574833,523.6995746772602,251096068.65790862
DZIAŁDOWSKI,1930,fixed14,333448510.2473101,599.5266750616497,333447910.72063506
DZIŚNIEŃSKI,1930,fixed14,224238436.69111088,264.89694346798274,224238171.7941674
DĄBROWSKI,1930,fixed14,336185952.35818243,968.1960974622029,336184984.162085
GARWOLIŃSKI,1930,fixed14,317810752.8561871,789.5144833880352,317809963.3417037
GNIEŹNIEŃSKI,1930,fixed14,423601043.51788634,1629.739893220073,423599413.77799314
GORLICKI,1930,fixed14,319461306.82436734,1052.7593557658242,319460254.06501156
GOSTYNIŃSKI,1930,fixed14,360413798.6323445,1432.2452612034513,360412366.3870833
GOSTYŃSKI,1930,fixed14,457316086.19398445,2107.3894248051074,457313978.80455965
GRODZIEŃSKI,1930,fixed14,266671487.4712129,359.5571575332899,266671127.91405535
GRUDZIĄDZKI,1930,fixed14,368149332.5644852,3379.8940044426217,368145952.6704807
GRÓDECKI,1930,fixed14,274269865.4753604,1037.7539760476702,274268827.72138435
GRÓJECKI,1930,fixed14,327296786.33240867,1262.0825382336634,327295524.2498704
HOROCHOWSKI,1930,fixed14,252524929.55615613,557.2863573901967,252524372.26979873
HORODEŃSKI,1930,fixed14,240196477.37605706,1191.8241355720663,240195285.5519215
HRUBIESZOWSKI,1930,fixed14,275179061.16335785,1061.3335959509668,275177999.8297619
INOWROCŁAWSKI,1930,fixed14,398384346.51699966,2097.9107999430676,398382248.60619974
IWACEWICKI,1930,fixed14,262715116.42926753,225.25042247281763,262714891.17884505
IŁŻECKI,1930,fixed14,323848112.2786965,821.6777254432526,323847290.60097104
JANOWSKI,1930,fixed14,303832285.68813807,634.259295151842,303831651.4288429
JAROCIŃSKI,1930,fixed14,441119466.7477562,1921.8870592947605,441117544.8606969
JAROSŁAWSKI,1930,fixed14,305331310.21151173,902.7795592789414,305330407.4319525
JASIELSKI,1930,fixed14,316519422.82305604,1036.4562601761036,316518386.36679584
JAWOROWSKI,1930,fixed14,268688408.93751043,922.1638373608403,268687486.77367306
JĘDRZEJOWSKI,1930,fixed14,365509219.56195164,1082.8235138495363,365508136.7384378
KALISKI,1930,fixed14,409620849.5582752,2027.3561122034755,409618822.20216304
KAMIONECKI,1930,fixed14,267842529.94510037,842.713899738336,267841687.23120064
KARTUSKI,1930,fixed14,338379772.65627503,639.1514780465316,338379133.504797
KATOWICE,1930,fixed14,430230033.9136452,99117.32641570237,430130916.5872295
KAŁUSKI,1930,fixed14,255442982.0290687,771.7759084557003,255442210.25316024
KIELECKI,1930,fixed14,355131740.8204464,1193.542796370403,355130547.27765
KOBRYŃSKI,1930,fixed14,279328029.8535783,302.5461859463639,279327727.30739236
KOLBUSZOWSKI,1930,fixed14,300926796.91129714,815.5144424657253,300925981.3968547
KOLSKI,1930,fixed14,389073849.98685616,1540.0946620300338,389072309.89219415
KONECKI,1930,fixed14,355520370.7653249,995.2179617376696,355519375.54736316
KONIŃSKI,1930,fixed14,395317122.7871653,1293.5244023160244,395315829.26276296
KOPYCZYNIECKI,1930,fixed14,245872565.65071177,994.3271579703372,245871571.3235538
KOSOWSKI (KOSÓW HUCULSKI),1930,fixed14,235590083.2719722,279.129796559442,235589804.14217564
KOSTOPOLSKI,1930,fixed14,243173415.0886903,253.66458634102662,243173161.42410398
KOSZYRSKI,1930,fixed14,252957022.8495161,221.60500459691553,252956801.2445115
KOWELSKI,1930,fixed14,267695742.1408404,214.0867685151496,267695528.0540719
KOZIENICKI,1930,fixed14,319702122.2918872,707.4754519285947,319701414.8164353
KOŁOMYJSKI,1930,fixed14,251187443.13279626,984.6673855009913,251186458.46541077
KOŚCIAŃSKI,1930,fixed14,477487609.39848834,2261.1903833589213,477485348.20810497
KOŚCIERSKI,1930,fixed14,345378861.89715195,701.4083068644953,345378160.4888451
KRAKOWSKI,1930,fixed14,378336859.3707392,3561.6013997805853,378333297.76933944
KRAKÓW (MIASTO),1930,fixed14,378668989.48738945,411339.9665889658,378257649.5208005
KRASNOSTAWSKI,1930,fixed14,283548250.35623884,899.8654273330935,283547350.4908115
KROTOSZYŃSKI,1930,fixed14,435132866.77740103,2270.7486383381474,435130596.0287627
KROŚNIEŃSKI,1930,fixed14,310812612.9554797,1788.2017787451746,310810824.7537009
KRZEMIENIECKI,1930,fixed14,243557193.15270022,524.165883690427,243556668.98681653
KUTNOWSKI,1930,fixed14,380692467.91542274,3669.416475494424,380688798.49894726
KĘPIŃSKI,1930,fixed14,425128185.3308827,1438.0776595509265,425126747.2532232
LESKI,1930,fixed14,281139542.8222902,458.8776012987088,281139083.94468886
LESZCZYŃSKI,1930,fixed14,480412558.7032559,2151.0397405753642,480410407.6635153
LIDZKI,1930,fixed14,254575336.81648156,317.8268333446046,254575018.98964822
LIMANOWSKI,1930,fixed14,336212128.2952817,697.2464218969468,336211431.04885983
LIPNOWSKI,1930,fixed14,300637422.3166902,1140.162333166643,300636282.154357
LUBACZOWSKI,1930,fixed14,265451128.8480751,677.9313784763413,265450450.9166966
LUBARTOWSKI,1930,fixed14,302249330.67992747,801.8850688424649,302248528.79485863
LUBAWSKI,1930,fixed14,344407504.2639674,1273.6051021743592,344406230.6588652
LUBELSKI,1930,fixed14,307407255.17878115,2182.091896529859,307405073.0868846
LUBLINIECKI,1930,fixed14,416888335.36690575,1974.3829667087741,416886360.98393905
LUBOMELSKI,1930,fixed14,274373436.09503675,268.4203273684919,274373167.6747094
LWOWSKI,1930,fixed14,276385090.6258877,1912.6513620250512,276383177.9745257
LWÓW (MIASTO),1930,fixed14,281868018.63351774,197071.88758463613,281670946.7459331
M. ST. WARSZAWA,1930,fixed14,345138556.6699671,710543.9503440657,344428012.719623
MAKOWSKI (MAKÓW MAZOWIECKI),1930,fixed14,315764940.7594516,861.4703053502785,315764079.2891463
MIECHOWSKI,1930,fixed14,366498450.62474304,1306.8039032615793,366497143.82083976
MIELECKI,1930,fixed14,328085174.1814734,818.7856380044117,328084355.3958354
MIĘDZYCHODZKI,1930,fixed14,470651296.5875535,1091.549392464239,470650205.03816104
MIŃSKI,1930,fixed14,326114424.16814363,1842.3087984959907,326112581.85934514
MOGILEŃSKI,1930,fixed14,410896623.223898,1799.8795757862065,410894823.3443222
MORSKI,1930,fixed14,333661119.51446253,1603.3529571327012,333659516.1615054
MOŁODECZAŃSKI,1930,fixed14,238173009.47439486,477.3345020431386,238172532.13989282
MOŚCISKI,1930,fixed14,284046938.113332,1123.2391154145082,284045814.87421656
MYŚLENICKI,1930,fixed14,337444766.9306327,1004.4881577268997,337443762.44247496
MŁAWSKI,1930,fixed14,333563551.988159,1047.461488519604,333562504.52667046
NADWÓRNIAŃSKI,1930,fixed14,248349583.99090892,613.1662056876658,248348970.82470325
NIESZAWSKI,1930,fixed14,383890854.8637384,1578.1853202824052,383889276.67841816
NIEŚWIESKI,1930,fixed14,238261588.43332097,609.0110679856342,238260979.42225298
NIŻAŃSKI,1930,fixed14,307207653.06005704,725.4045158670784,307206927.6555412
NOWOGRÓDZKI,1930,fixed14,249981514.7481123,414.8163410171305,249981099.93177128
NOWOSĄDECKI,1930,fixed14,331946080.5757941,946.6207456370286,331945133.95504844
NOWOTARSKI,1930,fixed14,351728005.2026345,728.634891283458,351727276.56774324
NOWOTOMYSKI,1930,fixed14,496778925.5917173,1759.1205006615849,496777166.4712166
OBORNICKI,1930,fixed14,438951510.8530703,1159.8684972033438,438950350.9845731
OLKUSKI,1930,fixed14,381366621.90622234,1447.8133469213947,381365174.0928754
OPATOWSKI,1930,fixed14,331969098.055701,1380.202133764523,331967717.85356724
OPOCZYŃSKI,1930,fixed14,360811453.4746728,904.0166501718338,360810549.4580226
OSTROWSKI (OSTRÓW MAZOWIECKA),1930,fixed14,305154304.7084526,727.9438163042636,305153576.7646363
OSTROWSKI (OSTRÓW WIELKOPOLSKI),1930,fixed14,434304076.8225062,1970.0205968142197,434302106.8019094
OSTROŁĘCKI,1930,fixed14,298289390.44969046,584.3902892878458,298288806.05940115
OSZMIAŃSKI,1930,fixed14,229218554.13100487,338.4487737766256,229218215.6822311
PIOTRKOWSKI,1930,fixed14,367233243.0160828,1404.790910237212,367231838.2251726
PIŃCZOWSKI,1930,fixed14,334936540.3781855,1159.325999493176,334935381.052186
PIŃSKI,1930,fixed14,258920562.97179544,282.2616518661907,258920280.71014357
PODHAJECKI,1930,fixed14,259540813.77247995,723.1639928230479,259540090.60848713
POSTAWSKI,1930,fixed14,226914176.8396751,220.99789425420886,226913955.84178084
POZNAŃ (MIASTO),1930,fixed14,476520072.4237855,221672.95681385844,476298399.46697164
POZNAŃSKI,1930,fixed14,464704184.36601037,2295.018911142958,464701889.34709924
PRUŻAŃSKI,1930,fixed14,276163106.1176475,364.5811682910309,276162741.53647923
PRZASNYCKI,1930,fixed14,290837845.9901993,749.1699749381384,290837096.8202244
PRZEMYSKI,1930,fixed14,299903155.0177791,1976.6946090219592,299901178.32317007
PRZEMYŚLAŃSKI,1930,fixed14,266441276.24763104,1044.806326769293,266440231.44130427
PRZEWORSKI,1930,fixed14,307974664.1472504,2547.6761433575934,307972116.47110707
PSZCZYŃSKI,1930,fixed14,411692644.53424245,3832.7458241783816,411688811.7884183
PUŁAWSKI,1930,fixed14,305505933.8184909,976.1272912492259,305504957.69119966
PUŁTUSKI,1930,fixed14,315487367.0416215,1170.3604653576522,315486196.68115616
PŁOCKI,1930,fixed14,349487579.3714157,1962.2781441826603,349485617.0932715
PŁOŃSKI,1930,fixed14,320913822.98321223,1278.5922031289788,320912544.3910091
RADOMSKI,1930,fixed14,337796222.72120833,1032.9994064158368,337795189.72180194
RADOMSZCZAŃSKI,1930,fixed14,375678684.72197586,1090.204113111955,375677594.51786274
RADZIECHOWSKI,1930,fixed14,257308948.30841696,651.3443060537311,257308296.9641109
RADZYMIŃSKI,1930,fixed14,329626270.8771291,2405.541213522233,329623865.33591557
RADZYŃSKI,1930,fixed14,304858649.5050697,715.062238412669,304857934.4428313
RAWICKI,1930,fixed14,459508334.1051159,2820.4484514072756,459505513.6566645
RAWSKI (RAWA MAZOWIECKA),1930,fixed14,353338442.1114214,1214.6213255638208,353337227.49009585
RAWSKI (RAWA RUSKA),1930,fixed14,273281146.5455152,720.1080483091384,273280426.43746686
ROHATYŃSKI,1930,fixed14,256942662.67431018,982.0166471373839,256941680.65766305
ROPCZYCKI,1930,fixed14,331374371.03559774,1078.07778924592,331373292.9578085
RUDECKI,1930,fixed14,273848664.2207485,1249.9709596040161,273847414.2497889
RYBNICKI,1930,fixed14,400586161.96672004,6391.2373380603585,400579770.729382
RYPIŃSKI,1930,fixed14,300075200.9721799,1249.0411200895257,300073951.9310598
RZESZOWSKI,1930,fixed14,316332770.95884264,1413.4603658212923,316331357.4984768
RÓWIEŃSKI,1930,fixed14,246901996.24329782,665.7274574636999,246901330.51584035
SAMBORSKI,1930,fixed14,287850570.5603227,1193.8190437337907,287849376.74127895
SANDOMIERSKI,1930,fixed14,319258246.81124496,1140.6944841431011,319257106.11676085
SANOCKI,1930,fixed14,283280098.52118397,914.9243604495714,283279183.5968235
SARNEŃSKI,1930,fixed14,250085793.49544838,169.9473764556464,250085623.54807192
SIEDLECKI,1930,fixed14,312843771.71812654,948.5394643255496,312842823.1786622
SIERADZKI,1930,fixed14,398139097.96491736,1654.1814589298356,398137443.7834584
SIERPECKI,1930,fixed14,299163476.4281975,1263.7643792630347,299162212.66381824
SKAŁACKI,1930,fixed14,248671244.03557736,1043.649909913383,248670200.38566744
SKIERNIEWICKI,1930,fixed14,364617275.291436,1935.255007571337,364615340.03642845
SOCHACZEWSKI,1930,fixed14,351896569.16150737,1946.2876783820518,351894622.873829
SOKALSKI,1930,fixed14,266358381.21078077,918.4513469693214,266357462.7594338
SOKOŁOWSKI,1930,fixed14,307864897.2862214,825.1472108101867,307864072.13901055
SOKÓLSKI,1930,fixed14,278535125.63436514,398.3927432192364,278534727.2416219
STANISŁAWOWSKI,1930,fixed14,258569486.43559784,1482.9340037783925,258568003.50159407
STAROGARDZKI,1930,fixed14,347573463.69343805,1347.4257408446465,347572116.2676972
STOLIŃSKI,1930,fixed14,240150748.35704875,174.18956233503468,240150574.16748643
STOPNICKI,1930,fixed14,313550715.4197133,754.4802649460548,313549960.93944836
STOŁPECKI,1930,fixed14,241646075.09554473,395.42338010284107,241645679.67216462
STRYJSKI,1930,fixed14,266163689.12985677,763.6766145257689,266162925.45324224
SUWALSKI,1930,fixed14,256250823.5885665,477.45644977410535,256250346.13211673
SZAMOTULSKI,1930,fixed14,457014000.6502908,1361.0708517807261,457012639.579439
SZCZUCZYŃSKI (WOJ. BIAŁOSTOCKIE),1930,fixed14,272577272.54318714,623.2001378801441,272576649.3430493
SZCZUCZYŃSKI (WOJ. NOWOGRÓDZKIE),1930,fixed14,254103992.493292,322.5263851722792,254103669.96690685
SZUBIŃSKI,1930,fixed14,403501545.1110653,1278.7082009237988,403500266.4028644
SĘPOLEŃSKI,1930,fixed14,382961686.96783257,1561.9815479750896,382960124.9862846
SŁONIMSKI,1930,fixed14,263440581.71251208,316.946338587643,263440264.76617348
TARNOBRZESKI,1930,fixed14,325595008.8135781,983.7331063582533,325594025.08047175
TARNOGÓRSKI,1930,fixed14,430885909.71546686,12038.19053099403,430873871.52493584
TARNOPOLSKI,1930,fixed14,256526567.02348545,1158.0273140209908,256525408.99617144
TARNOWSKI,1930,fixed14,343292538.714581,1964.358881569096,343290574.3556994
TCZEWSKI,1930,fixed14,342245344.2062526,2462.558135353425,342242881.64811724
TOMASZOWSKI,1930,fixed14,269524249.35270494,849.6097562248476,269523399.7429487
TORUŃSKI,1930,fixed14,389212104.83984965,2549.036353700993,389209555.80349594
TREMBOWELSKI,1930,fixed14,251470342.08735704,1019.368496077071,251469322.71886095
TUCHOLSKI,1930,fixed14,366486655.13604045,962.6664767771509,366485692.46956366
TURCZAŃSKI,1930,fixed14,277017151.936193,487.6326085192069,277016664.30358446
TURECKI,1930,fixed14,376221369.00700927,949.2924049824101,376220419.71460426
TŁUMACKI,1930,fixed14,254866055.3758908,1024.0848792940956,254865031.29101148
WADOWICKI,1930,fixed14,377063316.2166888,1880.4015978748569,377061435.81509095
WARSZAWSKI,1930,fixed14,342340335.64585954,6637.552952585483,342333698.09290695
WIELUŃSKI,1930,fixed14,423717495.45225793,790.5284968098536,423716704.9237611
WILEJSKI,1930,fixed14,228976111.32524592,265.59010046145767,228975845.73514545
WILEŃSKO-TROCKI,1930,fixed14,246406965.92779055,330.5890596352552,246406635.33873093
WILNO (MIASTO),1930,fixed14,251485333.92768222,62169.84140188189,251423164.08628035
WOLSZTYŃSKI,1930,fixed14,518028040.9870546,1411.094776522857,518026629.8922781
WOŁKOWYSKI,1930,fixed14,274614096.88822335,312.68805464748834,274613784.2001687
WOŁOŻYŃSKI,1930,fixed14,230604605.42313713,334.81340587579535,230604270.60973126
WRZESIŃSKI,1930,fixed14,426888116.510809,1953.2862174919208,426886163.2245915
WYRZYSKI,1930,fixed14,392017835.19794285,1475.7287806166094,392016359.4691622
WYSOKOMAZOWIECKI,1930,fixed14,285893923.54895926,668.7185555967691,285893254.8304037
WĄBRZESKI,1930,fixed14,372686393.64791983,1603.2022165932515,372684790.44570327
WĄGROWIECKI,1930,fixed14,404662713.48592985,1146.4593308666067,404661567.026599
WĘGROWSKI,1930,fixed14,294161658.6469847,885.8956893599117,294160772.7512953
WŁOCŁAWSKI,1930,fixed14,379888480.14002156,2791.3859969263453,379885688.7540246
WŁODAWSKI,1930,fixed14,276736970.159449,422.2478426750892,276736547.9116063
WŁODZIMIERSKI,1930,fixed14,268291785.97016555,589.0513198242365,268291196.9188457
WŁOSZCZOWSKI,1930,fixed14,339554749.47056264,712.3274560952846,339554037.1431065
ZALESZCZYCKI,1930,fixed14,239327693.5681122,927.208482346382,239326766.35962984
ZAMOJSKI,1930,fixed14,286205371.71378833,1165.521504670257,286204206.1922837
ZBARASKI,1930,fixed14,250666380.40122747,999.3876844084155,250665381.01354307
ZBOROWSKI,1930,fixed14,252761809.57408458,829.6198740602678,252760979.95421052
ZDOŁBUNOWSKI,1930,fixed14,244631517.39516172,856.5235681843752,244630660.87159353
ZŁOCZOWSKI,1930,fixed14,264443889.296884,862.4577300610346,264443026.83915395
ŁASKI,1930,fixed14,363765905.2821471,2152.92407492963,363763752.35807216
ŁAŃCUCKI,1930,fixed14,306025602.6983616,1153.6166910129768,306024449.0816706
ŁOMŻYŃSKI,1930,fixed14,293647910.90092695,723.7826543363951,293647187.1182726
ŁOWICKI,1930,fixed14,370737291.98763907,1892.1856375257294,370735399.80200154
ŁUCKI,1930,fixed14,259118254.4423092,375.68691664371306,259117878.75539255
ŁUKOWSKI,1930,fixed14,308419126.2231923,731.1676871625039,308418395.0555051
ŁUNINIECKI,1930,fixed14,245436573.8192024,194.21143410241748,245436379.6077683
ŁÓDZKI,1930,fixed14,381577340.66670316,6330.961339189205,381571009.705364
ŁÓDŹ (MIASTO),1930,fixed14,382922222.64324105,924971.6346333424,381997251.0086077
ŁĘCZYCKI,1930,fixed14,380640136.81212336,2071.868388489179,380638064.9437349
ŚNIATYŃSKI,1930,fixed14,243249344.84764925,1800.5507532097893,243247544.29689604
ŚREDZKI,1930,fixed14,446385552.8514367,1733.9048537382016,446383818.9465829
ŚREMSKI,1930,fixed14,443570213.04496586,1349.2358710643273,443568863.8090948
ŚWIECKI,1930,fixed14,368821462.5970823,1056.4830591338537,368820406.1140232
ŚWIĘCIAŃSKI,1930,fixed14,236447565.013038,242.2407431901259,236447322.77229482
ŚWIĘTOCHŁOWICKI,1930,fixed14,439042156.5310994,153657.51363231632,438888499.0174671
ŻNIŃSKI,1930,fixed14,414697368.91892415,1594.794225750202,414695774.1246984
ŻYDACZOWSKI,1930,fixed14,261334421.60945487,947.437633937941,261333474.17182094
ŻYWIECKI,1930,fixed14,377527800.20374346,1796.5136188558283,377526003.69012463
ŻÓŁKIEWSKI,1930,fixed14,270757506.7138135,1041.203412875286,270756465.5104006
AUGUSTOWSKI,1931,fixed14,238607721.57547468,344.68815421474875,238607376.88732046
BARANOWICKI,1931,fixed14,230788384.59577808,332.6184574007714,230788051.97732067
BIALSKI (BIAŁA KRAKOWSKA),1931,fixed14,357393830.0451143,5773.570045247327,357388056.47506905
BIALSKI (BIAŁA PODLASKA),1931,fixed14,277026985.6793081,758.696094220717,277026226.9832139
BIAŁOSTOCKI,1931,fixed14,266018098.78426543,915.1367465442057,266017183.64751887
BIELSKI (BIELSK PODLASKI),1931,fixed14,264075585.1827843,286.1534763793053,264075299.0293079
BIELSKO,1931,fixed14,359504859.2173176,9903.73620746851,359494955.4811101
BIŁGORAJSKI,1931,fixed14,254693487.96667016,451.1847286757009,254693036.78194147
BOCHEŃSKI,1931,fixed14,336405704.41282094,1179.1973660341405,336404525.2154549
BORSZCZOWSKI,1931,fixed14,216547744.26477423,744.5332271193616,216546999.73154712
BRASŁAWSKI,1931,fixed14,209130566.34804627,177.0200528868906,209130389.3279934
BRODNICKI,1931,fixed14,335491081.2781028,1463.4850527163067,335489617.7930501
BRODZKI,1931,fixed14,243876092.84880713,767.5904481165402,243875325.25835901
BRZESKI (BRZESKO),1931,fixed14,301385841.1923449,880.8453742555226,301384960.3469707
BRZESKI (BRZEŚĆ N.BUG.),1931,fixed14,271262993.8541744,432.8530955027318,271262561.00107884
BRZEZIŃSKI,1931,fixed14,344814905.02958196,2974.122232273916,344811930.9073497
BRZEŻAŃSKI,1931,fixed14,239593079.20689556,783.9387495785166,239592295.26814598
BRZOZOWSKI,1931,fixed14,272944230.9584141,1602.0082075478786,272942628.9502065
BUCZACKI,1931,fixed14,230208239.8646465,832.0219371821539,230207407.8427093
BYDGOSKI,1931,fixed14,363514073.93916374,2304.7766714196023,363511769.16249233
BÓBRECKI,1931,fixed14,241799785.12819314,946.4062287204509,241798838.72196442
BĘDZIŃSKI,1931,fixed14,380711938.2295214,7591.1921232853365,380704347.0373981
BŁOŃSKI,1931,fixed14,328552422.2303362,3382.181328738798,328549040.0490075
CHEŁMIŃSKI,1931,fixed14,341002623.2559143,1508.4600525780904,341001114.7958617
CHEŁMSKI,1931,fixed14,269027019.56604034,699.4324398479,269026320.1336005
CHODZIESKI,1931,fixed14,384132744.70054287,1199.0676348042641,384131545.63290805
CHOJNICKI,1931,fixed14,328025187.2836135,531.0415044067752,328024656.2421091
CHORZÓW,1931,fixed14,409850748.1832509,423342.7359489469,409427405.447302
CHRZANOWSKI,1931,fixed14,373607235.986978,5134.20194158163,373602101.7850364
CIECHANOWSKI,1931,fixed14,310929792.3546609,1219.7850081307145,310928572.5696528
CIESZYŃSKI,1931,fixed14,355434042.32504326,3748.1816846196234,355430294.14335865
CZARNKOWSKI,1931,fixed14,377163282.42819417,987.8948848816227,377162294.5333093
CZORTKOWSKI,1931,fixed14,228219768.54492188,1466.7113165577657,228218301.83360532
CZĘSTOCHOWSKI,1931,fixed14,346330982.1058223,2362.5519808663425,346328619.5538415
DOBROMILSKI,1931,fixed14,263829273.35093424,724.9796188535031,263828548.3713154
DOLIŃSKI,1931,fixed14,245074648.33341286,435.9100543042653,245074212.42335856
DROHICKI,1931,fixed14,245232802.15227303,316.6750685954936,245232485.47720444
DROHOBYCKI,1931,fixed14,258951567.16643375,2176.9122159720146,258949390.25421777
DUBIEŃSKI,1931,fixed14,232484095.18140474,465.3643611866504,232483629.81704354
DZIAŁDOWSKI,1931,fixed14,308122140.73727,541.4433059351313,308121599.2939641
DZIŚNIEŃSKI,1931,fixed14,207182971.42916813,270.53262374713756,207182700.8965444
DĄBROWSKI,1931,fixed14,310667639.32587945,751.3215739340892,310666888.00430554
GARWOLIŃSKI,1931,fixed14,293619963.28930587,755.9670418973528,293619207.32226396
GNIEŹNIEŃSKI,1931,fixed14,391144230.48619074,1487.0145053293909,391142743.4716854
GORLICKI,1931,fixed14,295209442.32349545,843.68920058816,295208598.63429487
GOSTYNIŃSKI,1931,fixed14,333882454.59048504,1272.5218790785252,333881182.06860596
GOSTYŃSKI,1931,fixed14,422535419.59048694,1850.2837433885404,422533569.30674356
GRODZIEŃSKI,1931,fixed14,246362062.12042713,337.13950947897666,246361724.98091766
GRUDZIĄDZKI,1931,fixed14,340528032.076065,2898.2169039080686,340525133.8591611
GRÓDECKI,1931,fixed14,254024691.74787676,961.1030443428431,254023730.64483243
GRÓJECKI,1931,fixed14,302397265.30197865,1081.622274128003,302396183.67970455
HOROCHOWSKI,1931,fixed14,233338810.47669,599.6430706037487,233338210.8336194
HORODEŃSKI,1931,fixed14,222370198.35046744,1040.1475720330416,222369158.2028954
HRUBIESZOWSKI,1931,fixed14,254238210.52042145,889.7465682067992,254237320.77385324
INOWROCŁAWSKI,1931,fixed14,368113964.35683584,1777.5460387466942,368112186.8107971
IWACEWICKI,1931,fixed14,242740440.88352475,185.31422017669084,242740255.56930456
IŁŻECKI,1931,fixed14,299273083.7577743,998.7935567321225,299272084.96421754
JANOWSKI,1931,fixed14,281534042.32922715,575.6421409532808,281533466.6870862
JAROCIŃSKI,1931,fixed14,407575863.94891065,1614.3584446656084,407574249.59046596
JAROSŁAWSKI,1931,fixed14,282920788.0670792,759.686414814714,282920028.38066435
JASIELSKI,1931,fixed14,292485574.7672433,935.2703576918641,292484639.49688566
JAWOROWSKI,1931,fixed14,248823452.94569594,829.6455271681317,248822623.30016878
JĘDRZEJOWSKI,1931,fixed14,337749881.77489066,1041.4239059674567,337748840.3509847
KALISKI,1931,fixed14,378533737.27229387,1673.8628346445103,378532063.40945923
KAMIONECKI,1931,fixed14,248041404.43345204,762.1358671551417,248040642.2975849
KARTUSKI,1931,fixed14,312411293.44736296,539.0029255306766,312410754.44443744
KATOWICE,1931,fixed14,397530801.0861263,90245.27380425905,397440555.8123221
KAŁUSKI,1931,fixed14,236543745.31593648,629.9264774890398,236543115.38945898
KIELECKI,1931,fixed14,328187141.8687052,1191.3314231030474,328185950.5372821
KOBRYŃSKI,1931,fixed14,258060067.38431117,283.97118856475095,258059783.4131226
KOLBUSZOWSKI,1931,fixed14,278076753.3374431,718.4618846546576,278076034.87555844
KOLSKI,1931,fixed14,360362942.5181932,1382.263614033936,360361560.2545791
KONECKI,1931,fixed14,328546035.0066785,997.1843423046032,328545037.8223362
KONIŃSKI,1931,fixed14,365232140.6252102,1049.2722525112279,365231091.3529577
KOPYCZYNIECKI,1931,fixed14,227634886.4484474,869.9904222501268,227634016.45802516
KOSOWSKI (KOSÓW HUCULSKI),1931,fixed14,218090211.5539404,200.80513891113503,218090010.74880147
KOSTOPOLSKI,1931,fixed14,224680166.30948496,266.0959307892924,224679900.21355417
KOSZYRSKI,1931,fixed14,233714197.34943715,187.59869186863955,233714009.75074527
KOWELSKI,1931,fixed14,247318616.93009302,219.43844415947888,247318397.49164885
KOZIENICKI,1931,fixed14,295373684.451128,722.1081308132426,295372962.3429972
KOŁOMYJSKI,1931,fixed14,232570411.59607145,842.2036133220029,232569569.39245814
KOŚCIAŃSKI,1931,fixed14,441201593.8356178,1924.461460706484,441199669.3741571
KOŚCIERSKI,1931,fixed14,318934458.185319,604.9046980722561,318933853.28062093
KRAKOWSKI,1931,fixed14,349628407.46811354,3488.7150234161563,349624918.75309014
KRAKÓW (MIASTO),1931,fixed14,349944808.5686069,389901.48637707933,349554907.08222985
KRASNOSTAWSKI,1931,fixed14,261971989.64785433,771.3590666611753,261971218.28878766
KROTOSZYŃSKI,1931,fixed14,402115984.4268112,1733.2892705248862,402114251.1375407
KROŚNIEŃSKI,1931,fixed14,287217307.2319323,1791.277967041651,287215515.95396525
KRZEMIENIECKI,1931,fixed14,225487211.5825122,532.6309363376553,225486678.95157588
KUTNOWSKI,1931,fixed14,352733486.6988904,2945.216932345904,352730541.48195803
KĘPIŃSKI,1931,fixed14,392808079.4499828,1277.7706869236392,392806801.6792959
LESKI,1931,fixed14,259798943.9139838,380.4590915605525,259798563.45489222
LESZCZYŃSKI,1931,fixed14,443909126.3789311,1852.624220855236,443907273.75471026
LIDZKI,1931,fixed14,235208045.2732999,317.9070491651438,235207727.36625072
LIMANOWSKI,1931,fixed14,310689525.95217794,509.08212803902387,310689016.8700499
LIPNOWSKI,1931,fixed14,277743810.5291943,913.0790889869226,277742897.4501053
LUBACZOWSKI,1931,fixed14,245255630.90288034,591.3503690129099,245255039.55251133
LUBARTOWSKI,1931,fixed14,279247916.49692786,811.8866335397815,279247104.61029434
LUBAWSKI,1931,fixed14,318532840.8232086,1227.0008774422095,318531613.82233113
LUBELSKI,1931,fixed14,284013433.2679496,1902.54273057531,284011530.725219
LUBLINIECKI,1931,fixed14,385212075.3274928,1676.7727704210965,385210398.55472237
LUBOMELSKI,1931,fixed14,253487060.31464309,259.5341124019806,253486800.7805307
LWOWSKI,1931,fixed14,255973577.0671071,1701.9382791285357,255971875.128828
LWÓW (MIASTO),1931,fixed14,261066218.47023392,181916.0964498953,260884302.37378404
M. ST. WARSZAWA,1931,fixed14,318865655.9457988,664972.6897435206,318200683.2560553
MAKOWSKI (MAKÓW MAZOWIECKI),1931,fixed14,291687343.2029422,779.6551785186421,291686563.54776365
MIECHOWSKI,1931,fixed14,338682954.4541023,1151.5359537371685,338681802.9181485
MIELECKI,1931,fixed14,303184421.8409737,685.2015532017793,303183736.63942045
MIĘDZYCHODZKI,1931,fixed14,434943045.68248713,956.045270275959,434942089.63721687
MIŃSKI,1931,fixed14,301286850.8213415,1718.5592735376122,301285132.262068
MOGILEŃSKI,1931,fixed14,379617781.54549223,1672.8695460611943,379616108.6759462
MORSKI,1931,fixed14,308117957.39814746,1559.8137725111258,308116397.58437496
MOŁODECZAŃSKI,1931,fixed14,220055776.84192795,505.8229483086379,220055271.01897964
MOŚCISKI,1931,fixed14,263137440.5932067,943.4279540650127,263136497.16525263
MYŚLENICKI,1931,fixed14,311842788.66242695,847.7256515955665,311841940.9367753
MŁAWSKI,1931,fixed14,308127603.3891992,892.4589358630404,308126710.93026334
NADWÓRNIAŃSKI,1931,fixed14,229937553.05494916,563.8292830203955,229936989.22566614
NIESZAWSKI,1931,fixed14,355502734.19053304,1388.609000544965,355501345.5815325
NIEŚWIESKI,1931,fixed14,220132652.38810277,608.1594682936707,220132044.22863448
NIŻAŃSKI,1931,fixed14,284735833.1870409,659.7455493504368,284735173.4414916
NOWOGRÓDZKI,1931,fixed14,230958611.67696354,369.87597641387515,230958241.80098712
NOWOSĄDECKI,1931,fixed14,306738165.04327255,973.8316169849531,306737191.21165556
NOWOTARSKI,1931,fixed14,325027935.9469131,696.6612222078844,325027239.2856909
NOWOTOMYSKI,1931,fixed14,459030907.56556755,1508.9502727874633,459029398.61529475
OBORNICKI,1931,fixed14,405520431.2614179,989.9369214444321,405519441.3244965
OLKUSKI,1931,fixed14,352440652.9091979,1478.3343528790342,352439174.5748451
OPATOWSKI,1931,fixed14,306772345.359421,1337.1021857539058,306771008.2572353
OPOCZYŃSKI,1931,fixed14,333428672.8701696,894.3474162497068,333427778.52275336
OSTROWSKI (OSTRÓW MAZOWIECKA),1931,fixed14,281926501.753176,642.7640057068427,281925858.98917025
OSTROWSKI (OSTRÓW WIELKOPOLSKI),1931,fixed14,401306214.9239874,1699.9280787425275,401304514.9959086
OSTROŁĘCKI,1931,fixed14,275595791.05709606,543.9432298538592,275595247.1138662
OSZMIAŃSKI,1931,fixed14,211775867.3225899,337.06311729456144,211775530.2594726
PIOTRKOWSKI,1931,fixed14,339389027.4642569,1231.8075430382003,339387795.65671384
PIŃCZOWSKI,1931,fixed14,309477265.54016227,1010.3269498499815,309476255.21321243
PIŃSKI,1931,fixed14,239217145.16528916,214.5460553091173,239216930.61923385
PODHAJECKI,1931,fixed14,240327587.34760252,674.8825561975575,240326912.46504632
POSTAWSKI,1931,fixed14,209649714.3945802,190.97393126235596,209649523.42064893
POZNAŃ (MIASTO),1931,fixed14,440295216.4290169,220914.6575635517,440074301.7714533
POZNAŃSKI,1931,fixed14,429358679.95769805,2064.9438070934184,429356615.013891
PRUŻAŃSKI,1931,fixed14,255152738.14513266,352.2065706761189,255152385.93856198
PRZASNYCKI,1931,fixed14,268698150.47694314,650.1512298095945,268697500.32571334
PRZEMYSKI,1931,fixed14,277884933.7659271,1752.7020507042225,277883181.0638764
PRZEMYŚLAŃSKI,1931,fixed14,246735850.53018263,966.1417863550718,246734884.38839626
PRZEWORSKI,1931,fixed14,285394270.950642,2265.369142749723,285392005.5814992
PSZCZYŃSKI,1931,fixed14,380412818.578891,3324.972266989011,380409493.606624
PUŁAWSKI,1931,fixed14,282262634.9777394,919.9168226057737,282261715.0609168
PUŁTUSKI,1931,fixed14,291455283.6429753,1053.6904458413524,291454229.95252943
PŁOCKI,1931,fixed14,323689228.1696979,1638.4777727653523,323687589.6919251
PŁOŃSKI,1931,fixed14,296461404.28129524,1089.2893756525427,296460314.9919196
RADOMSKI,1931,fixed14,312155755.34560466,1026.2729623099021,312154729.0726423
RADOMSZCZAŃSKI,1931,fixed14,347171800.70306605,980.366380982124,347170820.33668506
RADZIECHOWSKI,1931,fixed14,238255719.11069524,618.4755543609617,238255100.6351409
RADZYMIŃSKI,1931,fixed14,304543816.7623977,2162.5564422230523,304541654.2059555
RADZYŃSKI,1931,fixed14,281648496.63244295,626.9222767190404,281647869.7101662
RAWICKI,1931,fixed14,424594716.6831173,2351.86539772616,424592364.8177195
RAWSKI (RAWA MAZOWIECKA),1931,fixed14,326528923.79222,1118.9335689969316,326527804.858651
RAWSKI (RAWA RUSKA),1931,fixed14,252504774.21982104,620.5662675392426,252504153.6535535
ROHATYŃSKI,1931,fixed14,237915460.1355712,794.2378739288498,237914665.89769727
ROPCZYCKI,1931,fixed14,306227135.1286846,838.9724096889638,306226296.1562749
RUDECKI,1931,fixed14,253666599.1047986,1080.890285476217,253665518.21451312
RYBNICKI,1931,fixed14,370154368.1879161,5703.331795871244,370148664.8561202
RYPIŃSKI,1931,fixed14,277216157.87348336,1005.4057134457427,277215152.4677699
RZESZOWSKI,1931,fixed14,292349097.2333573,1339.8978530405527,292347757.3355043
RÓWIEŃSKI,1931,fixed14,228139635.6036325,642.0411138296665,228138993.5625187
SAMBORSKI,1931,fixed14,266680876.75646847,1026.5938376430242,266679850.16263083
SANDOMIERSKI,1931,fixed14,295021076.73398834,987.9865425519403,295020088.7474458
SANOCKI,1931,fixed14,261789255.17126843,797.3454550210079,261788457.8258134
SARNEŃSKI,1931,fixed14,231048689.51846775,173.60023712186248,231048515.91823062
SIEDLECKI,1931,fixed14,289031385.86315346,891.114961592349,289030494.7481919
SIERADZKI,1931,fixed14,367853826.33948374,1465.0524264581693,367852361.2870573
SIERPECKI,1931,fixed14,276406904.5397522,1111.7519319551516,276405792.7878202
SKAŁACKI,1931,fixed14,230234408.7272939,990.6966616456425,230233418.03063226
SKIERNIEWICKI,1931,fixed14,336886540.86064696,1839.7070643766024,336884701.1535826
SOCHACZEWSKI,1931,fixed14,325168488.80557597,1806.3664723676188,325166682.4391036
SOKALSKI,1931,fixed14,246093302.62981394,819.11934636138,246092483.5104676
SOKOŁOWSKI,1931,fixed14,284438112.3802244,784.4384976173486,284437327.9417268
SOKÓLSKI,1931,fixed14,257330772.73651326,381.2520882767124,257330391.48442498
STANISŁAWOWSKI,1931,fixed14,239423941.45639363,1296.6558780205912,239422644.80051562
STAROGARDZKI,1931,fixed14,320964487.755073,1193.6920252583577,320963294.06304777
STOLIŃSKI,1931,fixed14,221880336.26426354,125.4599396805515,221880210.80432385
STOPNICKI,1931,fixed14,289744973.5808284,697.819275385728,289744275.76155305
STOŁPECKI,1931,fixed14,223276091.85946023,391.7985605462495,223275700.06089967
STRYJSKI,1931,fixed14,246513708.01060578,634.2150412902272,246513073.7955645
SUWALSKI,1931,fixed14,236750535.4948782,490.325190829609,236750045.16968736
SZAMOTULSKI,1931,fixed14,422258845.7727238,1178.4017425688362,422257667.3709812
SZCZUCZYŃSKI (WOJ. BIAŁOSTOCKIE),1931,fixed14,251835198.44535273,558.0173735732315,251834640.42797917
SZCZUCZYŃSKI (WOJ. NOWOGRÓDZKIE),1931,fixed14,234767478.54991174,286.55685740881387,234767191.99305433
SZUBIŃSKI,1931,fixed14,372762035.2557548,1012.0288861382135,372761023.2268687
SĘPOLEŃSKI,1931,fixed14,353744607.6937095,1446.341911140589,353743161.35179836
SŁONIMSKI,1931,fixed14,243392657.32172003,332.82954516666047,243392324.49217486
TARNOBRZESKI,1931,fixed14,301786296.1099282,868.1711551559684,301785427.93877304
TARNOGÓRSKI,1931,fixed14,398155652.2928344,10925.252039439149,398144727.04079497
TARNOPOLSKI,1931,fixed14,237531149.786467,1077.2943879421534,237530072.49207905
TARNOWSKI,1931,fixed14,317251691.443865,1819.416403918851,317249872.0274611
TCZEWSKI,1931,fixed14,316097698.7964289,2199.9369732207037,316095498.8594557
TOMASZOWSKI,1931,fixed14,249018384.47316322,735.0676002855085,249017649.40556294
TORUŃSKI,1931,fixed14,360083995.50102925,2294.294805383152,360081701.20622385
TREMBOWELSKI,1931,fixed14,232833289.76418576,908.3098102094077,232832381.45437554
TUCHOLSKI,1931,fixed14,338494058.15124696,775.4693383965498,338493282.68190855
TURCZAŃSKI,1931,fixed14,256608257.11307946,449.36614903629606,256607807.74693042
TURECKI,1931,fixed14,347636751.6607702,780.3081676165848,347635971.35260254
TŁUMACKI,1931,fixed14,235988484.073023,931.6739714707978,235987552.39905152
WADOWICKI,1931,fixed14,348450469.1893884,1622.3149665643841,348448846.87442183
WARSZAWSKI,1931,fixed14,316288510.7820126,6344.262184680216,316282166.5198279
WIELUŃSKI,1931,fixed14,391511697.00105596,720.2734264229299,391510976.72762954
WILEJSKI,1931,fixed14,211556472.07575077,256.995175181284,211556215.0805756
WILEŃSKO-TROCKI,1931,fixed14,227693002.51206902,331.2487699582989,227692671.26329905
WILNO (MIASTO),1931,fixed14,232352065.8901781,64251.49419146518,232287814.39598665
WOLSZTYŃSKI,1931,fixed14,478670470.8222144,1253.467876358632,478669217.35433805
WOŁKOWYSKI,1931,fixed14,253712718.44721267,274.32906497706733,253712444.1181477
WOŁOŻYŃSKI,1931,fixed14,213056629.5669816,296.7568326988255,213056332.81014892
WRZESIŃSKI,1931,fixed14,394442954.60329103,1632.2193402232842,394441322.3839508
WYRZYSKI,1931,fixed14,362163474.9425195,1294.0905806153796,362162180.85193884
WYSOKOMAZOWIECKI,1931,fixed14,264155017.4311062,601.147778805424,264154416.2833274
WĄBRZESKI,1931,fixed14,344762997.10759354,1399.2524993284142,344761597.8550942
WĄGROWIECKI,1931,fixed14,373850744.6525934,981.9888266988647,373849762.6637667
WĘGROWSKI,1931,fixed14,271771555.9313942,722.1151276299303,271770833.8162666
WŁOCŁAWSKI,1931,fixed14,351866418.7599071,2403.4954008407312,351864015.2645063
WŁODAWSKI,1931,fixed14,255643128.92031372,371.786048279477,255642757.13426542
WŁODZIMIERSKI,1931,fixed14,247879871.17266658,581.3118250735121,247879289.8608415
WŁOSZCZOWSKI,1931,fixed14,313782883.7879008,574.2827419131132,313782309.5051589
ZALESZCZYCKI,1931,fixed14,221557319.43801093,835.6422266322321,221556483.7957843
ZAMOJSKI,1931,fixed14,264425587.13763508,1068.5280452705076,264424518.60958982
ZBARASKI,1931,fixed14,232086033.21628484,1014.9494231584441,232085018.26686168
ZBOROWSKI,1931,fixed14,234030031.4478679,812.2384966934095,234029219.2093712
ZDOŁBUNOWSKI,1931,fixed14,226019981.16695693,816.7082978657241,226019164.45865905
ZŁOCZOWSKI,1931,fixed14,244885526.0858392,801.9874106892956,244884724.09842852
ŁASKI,1931,fixed14,336124522.8787524,2121.5210011883005,336122401.35775125
ŁAŃCUCKI,1931,fixed14,283554420.5585682,1128.137213976818,283553292.4213542
ŁOMŻYŃSKI,1931,fixed14,271294576.0395841,737.673810681164,271293838.36577344
ŁOWICKI,1931,fixed14,342514933.8772273,1669.532743124531,342513264.3444842
ŁUCKI,1931,fixed14,239405600.84557042,350.2840844701316,239405250.56148595
ŁUKOWSKI,1931,fixed14,284940146.7964323,683.3945559779983,284939463.40187633
ŁUNINIECKI,1931,fixed14,226745852.82157338,154.01760745872807,226745698.80396593
ŁÓDZKI,1931,fixed14,352840608.04797673,6384.895120551689,352834223.1528562
ŁÓDŹ (MIASTO),1931,fixed14,353914704.4533949,896910.9616920471,353017793.49170285
ŁĘCZYCKI,1931,fixed14,352774840.1722047,1723.3954991629926,352773116.7767055
ŚNIATYŃSKI,1931,fixed14,225199013.9490633,1461.4892046371908,225197552.45985866
ŚREDZKI,1931,fixed14,412423381.9880547,1410.7538956756766,412421971.234159
ŚREMSKI,1931,fixed14,409873076.52691865,1188.6103185781503,409871887.91660005
ŚWIECKI,1931,fixed14,340620472.64884585,911.4072299559524,340619561.2416159
ŚWIĘCIAŃSKI,1931,fixed14,218453896.50238732,241.68728450475686,218453654.81510282
ŚWIĘTOCHŁOWICKI,1931,fixed14,405706278.5658846,150057.8716377123,405556220.6942469
ŻNIŃSKI,1931,fixed14,383110550.5084939,1395.4266070341355,383109155.0818869
ŻYDACZOWSKI,1931,fixed14,241992864.87789077,731.9321389660405,241992132.9457518
ŻYWIECKI,1931,fixed14,348841178.06493104,1691.5496011460143,348839486.5153299
ŻÓŁKIEWSKI,1931,fixed14,250720759.90779096,925.1816458059485,250719834.72614515
AUGUSTOWSKI,1932,fixed14,221296682.3485803,388.33697027688294,221296294.01161003
BARANOWICKI,1932,fixed14,213577391.01182052,330.4919935060312,213577060.519827
BIALSKI (BIAŁA KRAKOWSKA),1932,fixed14,330583606.7061876,5209.539954656619,330578397.16623294
BIALSKI (BIAŁA PODLASKA),1932,fixed14,256352745.7879008,777.5035213239323,256351968.28437948
BIAŁOSTOCKI,1932,fixed14,246824798.53763708,888.9884687246554,246823909.54916835
BIELSKI (BIELSK PODLASKI),1932,fixed14,244428204.89922884,334.6471633493272,244427870.25206548
BIELSKO,1932,fixed14,332619652.4634176,9759.243461830321,332609893.21995574
BIŁGORAJSKI,1932,fixed14,235670649.63447088,538.901787747679,235670110.73268312
BOCHEŃSKI,1932,fixed14,311553013.9275975,1427.5525846608143,311551586.3750129
BORSZCZOWSKI,1932,fixed14,200344323.30572364,791.7861171552244,200343531.51960647
BRASŁAWSKI,1932,fixed14,193832815.9437086,195.76325159689026,193832620.180457
BRODNICKI,1932,fixed14,310774786.4520373,1363.27672459374,310773423.1753127
BRODZKI,1932,fixed14,225629760.15798184,796.5361609997678,225628963.62182084
BRZESKI (BRZESKO),1932,fixed14,278625159.3829762,1223.8796474245012,278623935.50332874
BRZESKI (BRZEŚĆ N.BUG.),1932,fixed14,250995612.8132374,442.1986187273254,250995170.61461866
BRZEZIŃSKI,1932,fixed14,319014567.77987397,2905.527772473507,319011662.2521015
BRZEŻAŃSKI,1932,fixed14,221665243.74609217,836.2116094945898,221664407.5344827
BRZOZOWSKI,1932,fixed14,252513938.28700075,1838.729155146975,252512099.5578456
BUCZACKI,1932,fixed14,213028496.54704922,893.0988763570176,213027603.44817287
BYDGOSKI,1932,fixed14,336697955.00560963,2252.857225934699,336695702.1483837
BÓBRECKI,1932,fixed14,223098481.23534936,1083.0686675192458,223097398.16668183
BĘDZIŃSKI,1932,fixed14,352108161.0174439,9123.565264534393,352099037.4521794
BŁOŃSKI,1932,fixed14,304036264.06100214,4258.9967367502695,304032005.0642654
CHEŁMIŃSKI,1932,fixed14,315827897.93395835,1577.943727112116,315826319.9902312
CHEŁMSKI,1932,fixed14,248931392.28620002,787.3426314079228,248930604.94356862
CHODZIESKI,1932,fixed14,356205926.1423865,1350.354487699303,356204575.7878988
CHOJNICKI,1932,fixed14,303956341.84591764,517.0585225192473,303955824.7873951
CHORZÓW,1932,fixed14,379004683.89068025,341765.08501538454,378662918.8056649
CHRZANOWSKI,1932,fixed14,345558337.63862467,4834.040870573922,345553503.5977541
CIECHANOWSKI,1932,fixed14,290535434.144957,1240.7441933978216,290534193.40076363
CIESZYŃSKI,1932,fixed14,328730254.8082343,3820.804454388477,328726434.0037799
CZARNKOWSKI,1932,fixed14,348969188.48417705,1110.4861033591842,348968077.9980737
CZORTKOWSKI,1932,fixed14,211205761.8359181,1547.4421695739288,211204214.39374852
CZĘSTOCHOWSKI,1932,fixed14,320403181.1546978,2891.8877996469982,320400289.26689816
DOBROMILSKI,1932,fixed14,243797223.96122012,932.3732559862306,243796291.58796412
DOLIŃSKI,1932,fixed14,226734552.4685195,501.1600962199504,226734051.30842328
DROHICKI,1932,fixed14,226919735.81250247,369.6113317579928,226919366.2011707
DROHOBYCKI,1932,fixed14,239554830.10895076,2207.652088799753,239552622.45686197
DUBIEŃSKI,1932,fixed14,215094223.14417997,489.95137573870807,215093733.19280422
DZIAŁDOWSKI,1932,fixed14,287505878.1706976,792.3468087054279,287505085.8238889
DZIŚNIEŃSKI,1932,fixed14,191715752.09460434,282.5321620286634,191715469.5624423
DĄBROWSKI,1932,fixed14,287363284.9029066,971.5360371274002,287362313.36686945
GARWOLIŃSKI,1932,fixed14,271727784.0077954,783.8784893577263,271727000.129306
GNIEŹNIEŃSKI,1932,fixed14,361723728.0243106,1662.1708139350014,361722065.8534967
GORLICKI,1932,fixed14,273067756.32059216,972.2252098001799,273066784.0953824
GOSTYNIŃSKI,1932,fixed14,308977995.59465104,1229.1831041415842,308976766.4115469
GOSTYŃSKI,1932,fixed14,391899869.0037602,1929.6960581929418,391897939.307702
GRODZIEŃSKI,1932,fixed14,228457454.87941182,320.617920262129,228457134.26149157
GRUDZIĄDZKI,1932,fixed14,315542799.8893325,2842.194694234708,315539957.69463825
GRÓDECKI,1932,fixed14,235029267.65713072,1136.7928501419885,235028130.86428058
GRÓJECKI,1932,fixed14,281346169.8079435,1387.7637592725343,281344782.04418427
HOROCHOWSKI,1932,fixed14,215894021.19370648,634.3231716492389,215893386.87053484
HORODEŃSKI,1932,fixed14,205732699.5066623,1099.9548748691698,205731599.55178744
HRUBIESZOWSKI,1932,fixed14,235249433.66571707,993.1124032348614,235248440.55331382
INOWROCŁAWSKI,1932,fixed14,340881855.51932544,1863.1991421143223,340879992.32018334
IWACEWICKI,1932,fixed14,224625362.22961015,213.7894458064682,224625148.44016433
IŁŻECKI,1932,fixed14,276969279.6301361,1073.6349456755381,276968205.9951904
JANOWSKI,1932,fixed14,260500657.55272478,683.9078046448592,260499973.64492014
JAROCIŃSKI,1932,fixed14,377619187.1712179,1363.8534290877692,377617823.31778884
JAROSŁAWSKI,1932,fixed14,261661102.1900299,921.4281909775777,261660180.7618389
JASIELSKI,1932,fixed14,270675476.60137033,1016.2880100281478,270674460.31336033
JAWOROWSKI,1932,fixed14,230203499.3261069,893.2673166306505,230202606.05879027
JĘDRZEJOWSKI,1932,fixed14,312434931.16850144,1108.449930826234,312433822.7185706
KALISKI,1932,fixed14,350380696.88064,1776.7131461015758,350378920.1674939
KAMIONECKI,1932,fixed14,229379764.5322662,801.6532287671375,229378962.87903744
KARTUSKI,1932,fixed14,289941558.0376991,634.1674141701909,289940923.8702849
KATOWICE,1932,fixed14,367523032.0004394,72073.82809742798,367450958.172342
KAŁUSKI,1932,fixed14,218830868.11385646,706.1402762599594,218830161.9735802
KIELECKI,1932,fixed14,303625578.30265594,1281.739938213047,303624296.56271774
KOBRYŃSKI,1932,fixed14,238781456.84357527,320.03556040050387,238781136.80801487
KOLBUSZOWSKI,1932,fixed14,257259932.02776074,809.0291628131328,257259122.99859792
KOLSKI,1932,fixed14,333492058.6160264,1463.250940118329,333490595.36508626
KONECKI,1932,fixed14,304010927.72943115,1230.023096728567,304009697.7063344
KONIŃSKI,1932,fixed14,338032080.18574923,852.9730592713083,338031227.21268994
KOPYCZYNIECKI,1932,fixed14,210341452.4537952,977.1597896952322,210340475.2940055
KOSOWSKI (KOSÓW HUCULSKI),1932,fixed14,201795156.67675066,263.1855987252941,201794893.49115193
KOSTOPOLSKI,1932,fixed14,207901827.24942762,301.48819427655036,207901525.76123333
KOSZYRSKI,1932,fixed14,216263781.60648912,191.76345663607782,216263589.84303248
KOWELSKI,1932,fixed14,228845163.66783464,250.36586140941296,228844913.30197322
KOZIENICKI,1932,fixed14,273319945.6591318,793.953308269482,273319151.70582354
KOŁOMYJSKI,1932,fixed14,215170093.15840492,904.5104926058079,215169188.64791232
KOŚCIAŃSKI,1932,fixed14,408151663.69688886,1645.3928901771396,408150018.3039987
KOŚCIERSKI,1932,fixed14,295855272.5280891,672.8386066729083,295854599.68948245
KRAKOWSKI,1932,fixed14,323371974.3795301,3111.5540534305264,323368862.82547665
KRAKÓW (MIASTO),1932,fixed14,323694147.6317154,392355.92105409247,323301791.71066135
KRASNOSTAWSKI,1932,fixed14,242409924.96930626,914.1319394985439,242409010.83736676
KROTOSZYŃSKI,1932,fixed14,372085212.8636966,1523.3457866389904,372083689.51790994
KROŚNIEŃSKI,1932,fixed14,265701513.17368165,1873.0274782025645,265699640.14620346
KRZEMIENIECKI,1932,fixed14,208624876.42110994,548.472310382766,208624327.94879955
KUTNOWSKI,1932,fixed14,326468724.67765784,2798.739743388676,326465925.93791443
KĘPIŃSKI,1932,fixed14,362718763.90007067,1096.8556331088819,362717667.0444376
LESKI,1932,fixed14,240323794.8182376,478.2936465651751,240323316.52459103
LESZCZYŃSKI,1932,fixed14,410540598.32044077,2069.938158363441,410538528.3822824
LIDZKI,1932,fixed14,217659646.8562633,319.76405664973373,217659327.09220666
LIMANOWSKI,1932,fixed14,287375033.7934935,775.2073859874914,287374258.5861075
LIPNOWSKI,1932,fixed14,259230114.7505789,934.1709784383949,259229180.57960048
LUBACZOWSKI,1932,fixed14,226928799.31762615,772.5550906433732,226928026.7625355
LUBARTOWSKI,1932,fixed14,258399648.40719885,851.9443311488708,258398796.4628677
LUBAWSKI,1932,fixed14,295396358.17995423,1158.4586382758532,295395199.721316
LUBELSKI,1932,fixed14,262807299.19730118,1826.0864297189974,262805473.11087146
LUBLINIECKI,1932,fixed14,356819731.35105,1710.879346847174,356818020.4717032
LUBOMELSKI,1932,fixed14,234587312.79883522,319.6403474667119,234586993.15848774
LWOWSKI,1932,fixed14,236818104.3576913,1835.0353599867274,236816269.3223313
LWÓW (MIASTO),1932,fixed14,241556190.67263734,192196.00857686016,241363994.66406047
M. ST. WARSZAWA,1932,fixed14,298617185.00450903,616873.6758831032,298000311.3286259
MAKOWSKI (MAKÓW MAZOWIECKI),1932,fixed14,272158291.2460167,805.1562736776139,272157486.089743
MIECHOWSKI,1932,fixed14,313244230.63002217,1156.2039548040643,313243074.42606735
MIELECKI,1932,fixed14,280480968.4146155,815.040199953954,280480153.3744156
MIĘDZYCHODZKI,1932,fixed14,402297656.7723899,1081.3851909761981,402296575.3871989
MIŃSKI,1932,fixed14,278843596.01944464,1768.3702845077714,278841827.64916015
MOGILEŃSKI,1932,fixed14,351260244.05943877,1267.39874921732,351258976.66068953
MORSKI,1932,fixed14,286870480.02426845,1570.638871378169,286868909.3853971
MOŁODECZAŃSKI,1932,fixed14,203873607.80743125,488.4457342354264,203873119.36169702
MOŚCISKI,1932,fixed14,243427117.039774,1126.964960161666,243425990.07481384
MYŚLENICKI,1932,fixed14,288438569.2576287,979.1179107529836,288437590.13971794
MŁAWSKI,1932,fixed14,287581811.0233315,954.544959405183,287580856.4783721
NADWÓRNIAŃSKI,1932,fixed14,212726688.46343717,515.7897579520898,212726172.67367923
NIESZAWSKI,1932,fixed14,329095232.328343,1386.5925574971434,329093845.7357855
NIEŚWIESKI,1932,fixed14,203691377.53803268,645.0499843009544,203690732.48804837
NIŻAŃSKI,1932,fixed14,263531280.1287727,745.5677819498371,263530534.56099075
NOWOGRÓDZKI,1932,fixed14,213713266.4222722,389.13586980538264,213712877.2864024
NOWOSĄDECKI,1932,fixed14,283712440.86752975,947.1947835431876,283711493.6727462
NOWOTARSKI,1932,fixed14,300724065.0525136,755.9829946037012,300723309.069519
NOWOTOMYSKI,1932,fixed14,424559334.97260565,1268.2012403407587,424558066.7713653
OBORNICKI,1932,fixed14,376893868.9293529,1201.164529740321,376892667.76482314
OLKUSKI,1932,fixed14,325974463.9431307,1705.1561677101608,325972758.786963
OPATOWSKI,1932,fixed14,283833654.0157925,1459.0053814541307,283832195.010411
OPOCZYŃSKI,1932,fixed14,308522219.22311884,914.8529400234019,308521304.3701788
OSTROWSKI (OSTRÓW MAZOWIECKA),1932,fixed14,261670650.30405232,660.8259830048581,261669989.4780693
OSTROWSKI (OSTRÓW WIELKOPOLSKI),1932,fixed14,371349635.73179036,1403.841633481621,371348231.89015687
OSTROŁĘCKI,1932,fixed14,256448180.04231796,457.9386347297051,256447722.10368323
OSZMIAŃSKI,1932,fixed14,195959143.23747903,348.4732170112387,195958794.76426202
PIOTRKOWSKI,1932,fixed14,313998716.8058255,1265.7915679475382,313997451.01425755
PIŃCZOWSKI,1932,fixed14,286270575.70379174,1110.4763373066253,286269465.2274544
PIŃSKI,1932,fixed14,221446828.13549596,262.78359216198305,221446565.3519038
PODHAJECKI,1932,fixed14,222346304.528415,696.5831212438598,222345607.94529375
POSTAWSKI,1932,fixed14,194316803.25827253,215.05085763706367,194316588.2074149
POZNAŃ (MIASTO),1932,fixed14,407346226.0398631,212753.08804844398,407133472.95181465
POZNAŃSKI,1932,fixed14,397085285.2302721,2157.8582380857597,397083127.372034
PRUŻAŃSKI,1932,fixed14,236356115.669228,401.5805600571957,236355714.08866793
PRZASNYCKI,1932,fixed14,249968769.5933191,725.8195324983099,249968043.7737866
PRZEMYSKI,1932,fixed14,257108375.23664495,1980.0221851935194,257106395.21445975
PRZEMYŚLAŃSKI,1932,fixed14,228275154.86585075,945.8430203418202,228274209.0228304
PRZEWORSKI,1932,fixed14,264039924.27151966,2569.682984997667,264037354.58853465
PSZCZYŃSKI,1932,fixed14,351804688.43499815,2952.865950463505,351801735.5690477
PUŁAWSKI,1932,fixed14,261230339.26748607,931.4781062780836,261229407.78937978
PUŁTUSKI,1932,fixed14,272220881.56610525,1070.2949886312965,272219811.2711166
PŁOCKI,1932,fixed14,299554522.20843047,1739.231710522509,299552782.97672
PŁOŃSKI,1932,fixed14,277112162.0859736,1179.2158859077344,277110982.8700877
RADOMSKI,1932,fixed14,288817632.2780663,1407.2963810052668,288816224.9816853
RADOMSZCZAŃSKI,1932,fixed14,321197778.63942426,1048.345781126435,321196730.2936431
RADZIECHOWSKI,1932,fixed14,220432373.1606317,628.8117039575592,220431744.34892774
RADZYMIŃSKI,1932,fixed14,283990395.624153,2204.5273322274743,283988191.0968208
RADZYŃSKI,1932,fixed14,260636476.04176378,763.031761000427,260635713.0100028
RAWICKI,1932,fixed14,392768071.7593699,2837.082009412244,392765234.6773605
RAWSKI (RAWA MAZOWIECKA),1932,fixed14,302220550.9807314,1156.1133176410526,302219394.86741376
RAWSKI (RAWA RUSKA),1932,fixed14,233636523.6905945,683.3294402920434,233635840.3611542
ROHATYŃSKI,1932,fixed14,220118927.67484322,933.0092524670168,220117994.66559076
ROPCZYCKI,1932,fixed14,283286104.69594014,963.3928207233959,283285141.3031194
RUDECKI,1932,fixed14,234681968.72840938,1231.0803025142718,234680737.64810687
RYBNICKI,1932,fixed14,342332015.9884528,4807.664596689074,342327208.3238561
RYPIŃSKI,1932,fixed14,258797134.94861418,1068.8589447079098,258796066.08966947
RZESZOWSKI,1932,fixed14,270472806.77384186,1304.0695597943159,270471502.70428205
RÓWIEŃSKI,1932,fixed14,211071909.4501989,679.0924118995878,211071230.35778698
SAMBORSKI,1932,fixed14,246725305.64452273,1153.8969831968222,246724151.74753952
SANDOMIERSKI,1932,fixed14,272936692.52085996,1075.2302795694998,272935617.2905804
SANOCKI,1932,fixed14,242216716.31873897,1021.26934782794,242215695.04939115
SARNEŃSKI,1932,fixed14,213788818.0882206,183.83603381734167,213788634.25218678
SIEDLECKI,1932,fixed14,267490699.15515634,869.3083253148782,267489829.84683102
SIERADZKI,1932,fixed14,340329410.65208447,1471.2304772389925,340327939.42160726
SIERPECKI,1932,fixed14,257935996.6147075,1156.2266256546404,257934840.38808185
SKAŁACKI,1932,fixed14,213009809.66069207,982.8796047321143,213008826.78108734
SKIERNIEWICKI,1932,fixed14,311754150.8941487,1949.4290059567659,311752201.4651427
SOCHACZEWSKI,1932,fixed14,300934203.02522194,1840.096452560925,300932362.9287694
SOKALSKI,1932,fixed14,227699635.66626906,891.6765518670755,227698743.9897172
SOKOŁOWSKI,1932,fixed14,263248499.78265676,843.2045191354471,263247656.57813764
SOKÓLSKI,1932,fixed14,238883745.4542072,413.5954764085424,238883331.8587308
STANISŁAWOWSKI,1932,fixed14,221509623.93008792,1250.404109068003,221508373.52597886
STAROGARDZKI,1932,fixed14,297642510.6148196,1032.3535976429985,297641478.26122195
STOLIŃSKI,1932,fixed14,205314336.41212294,152.05814417145763,205314184.35397875
STOPNICKI,1932,fixed14,268040458.27463984,762.0870631281895,268039696.1875767
STOŁPECKI,1932,fixed14,206596597.99389914,409.51818574052146,206596188.4757134
STRYJSKI,1932,fixed14,228062808.31236556,546.6562512961145,228062261.65611428
SUWALSKI,1932,fixed14,219529767.1894302,487.1503078431301,219529280.03912237
SZAMOTULSKI,1932,fixed14,391226105.1349185,1363.1693160430018,391224741.96560246
SZCZUCZYŃSKI (WOJ. BIAŁOSTOCKIE),1932,fixed14,233595925.96024054,612.3083574231086,233595313.65188313
SZCZUCZYŃSKI (WOJ. NOWOGRÓDZKIE),1932,fixed14,217241895.48324558,336.6310210587905,217241558.85222453
SZUBIŃSKI,1932,fixed14,345267047.8056802,1207.0051659379785,345265840.8005143
SĘPOLEŃSKI,1932,fixed14,327705257.5021221,1566.5987687159698,327703690.9033534
SŁONIMSKI,1932,fixed14,225217903.88562068,335.9030721328994,225217567.98254856
TARNOBRZESKI,1932,fixed14,279211035.61824405,958.347472104727,279210077.2707719
TARNOGÓRSKI,1932,fixed14,368228927.4367969,9613.951165775394,368219313.4856311
TARNOPOLSKI,1932,fixed14,219762652.610716,1107.4034203929123,219761545.2072956
TARNOWSKI,1932,fixed14,293820191.44022965,2073.0509463292083,293818118.3892833
TCZEWSKI,1932,fixed14,293195037.8200883,1871.3981110601153,293193166.4219773
TOMASZOWSKI,1932,fixed14,230415426.9850636,787.7640015623132,230414639.22106206
TORUŃSKI,1932,fixed14,333521307.54148066,2291.649623037199,333519015.8918576
TREMBOWELSKI,1932,fixed14,215413575.37148783,998.099060460795,215412577.27242738
TUCHOLSKI,1932,fixed14,313581752.80919135,790.2912910200615,313580962.51790035
TURCZAŃSKI,1932,fixed14,237399939.92243442,456.93343500518745,237399482.98899943
TURECKI,1932,fixed14,321611580.2089697,875.788469397311,321610704.42050034
TŁUMACKI,1932,fixed14,218323599.1192675,1102.1205529402318,218322496.99871457
WADOWICKI,1932,fixed14,322273764.06987166,1546.5978214030374,322272217.47205025
WARSZAWSKI,1932,fixed14,295813706.3371446,16697.735233918676,295797008.6019107
WIELUŃSKI,1932,fixed14,362146601.8229767,815.0502239994635,362145786.7727527
WILEJSKI,1932,fixed14,195756164.97320455,272.55698636972187,195755892.4162182
WILEŃSKO-TROCKI,1932,fixed14,211079905.4493229,355.5862611106136,211079549.8630618
WILNO (MIASTO),1932,fixed14,215445520.38076842,65491.52646959989,215380028.85429883
WOLSZTYŃSKI,1932,fixed14,443758625.5279582,1459.9147141318206,443757165.61324406
WOŁKOWYSKI,1932,fixed14,234775314.71378145,302.5210634796996,234775012.19271797
WOŁOŻYŃSKI,1932,fixed14,197142274.64897835,335.1238053922921,197141939.52517295
WRZESIŃSKI,1932,fixed14,365055994.84403884,1788.5581830045487,365054206.2858558
WYRZYSKI,1932,fixed14,335324138.5824438,1470.0270040123687,335322668.5554398
WYSOKOMAZOWIECKI,1932,fixed14,245090958.50919688,655.2398596530647,245090303.26933724
WĄBRZESKI,1932,fixed14,319313226.43740815,1532.8020566545874,319311693.6353515
WĄGROWIECKI,1932,fixed14,346038207.4691076,1183.8348719804146,346037023.6342356
WĘGROWSKI,1932,fixed14,251495075.95843562,838.2354225060375,251494237.72301313
WŁOCŁAWSKI,1932,fixed14,325725543.39144576,2376.940877243626,325723166.4505685
WŁODAWSKI,1932,fixed14,236492433.1203275,457.17822946886804,236491975.94209802
WŁODZIMIERSKI,1932,fixed14,229152276.52683944,602.0291197322138,229151674.4977197
WŁOSZCZOWSKI,1932,fixed14,290286111.25696397,697.9289998798241,290285413.32796407
ZALESZCZYCKI,1932,fixed14,204991492.37733543,886.2741905580226,204990606.10314488
ZAMOJSKI,1932,fixed14,244679310.3398718,1110.4207066089568,244678199.9191652
ZBARASKI,1932,fixed14,214731045.33462352,1057.5671085715305,214729987.76751494
ZBOROWSKI,1932,fixed14,216515610.1954886,783.6213205725085,216514826.57416803
ZDOŁBUNOWSKI,1932,fixed14,209117174.13991347,854.5379369426447,209116319.6019765
ZŁOCZOWSKI,1932,fixed14,226563907.66831085,757.1154664505026,226563150.5528444
ŁASKI,1932,fixed14,310951508.51236165,2024.5404925363482,310949483.9718691
ŁAŃCUCKI,1932,fixed14,262346933.19766718,1180.537059619669,262345752.66060758
ŁOMŻYŃSKI,1932,fixed14,252401098.6906577,650.4084787621291,252400448.28217894
ŁOWICKI,1932,fixed14,316980008.17195714,1706.194833357565,316978301.9771238
ŁUCKI,1932,fixed14,221519761.4721572,389.24461003139135,221519372.22754717
ŁUKOWSKI,1932,fixed14,263683891.78805143,778.5456303432641,263683113.2424211
ŁUNINIECKI,1932,fixed14,209799030.64935315,183.39521396412107,209798847.25413918
ŁÓDZKI,1932,fixed14,326526329.2064735,5538.484920775089,326520790.7215527
ŁÓDŹ (MIASTO),1932,fixed14,327462144.12043184,788387.1922967527,326673756.9281351
ŁĘCZYCKI,1932,fixed14,326477058.2078417,1829.774879035078,326475228.43296266
ŚNIATYŃSKI,1932,fixed14,208345679.15746137,1683.7417285127276,208343995.41573286
ŚREDZKI,1932,fixed14,381430326.0250976,1636.1400026266108,381428689.885095
ŚREMSKI,1932,fixed14,379538081.7343582,1397.9400621178602,379536683.7942961
ŚWIECKI,1932,fixed14,315678086.84182405,928.611698283435,315677158.2301258
ŚWIĘCIAŃSKI,1932,fixed14,202505261.580754,253.98867033428843,202505007.59208366
ŚWIĘTOCHŁOWICKI,1932,fixed14,375163248.5275373,114396.71254769797,375048851.81498957
ŻNIŃSKI,1932,fixed14,354334028.8105501,1576.957782991644,354332451.8527671
ŻYDACZOWSKI,1932,fixed14,223891934.44990903,884.2353660367864,223891050.21454298
ŻYWIECKI,1932,fixed14,322627821.88580936,1679.107347835276,322626142.7784615
ŻÓŁKIEWSKI,1932,fixed14,231969789.53630552,1070.0996196568403,231968719.43668586
AUGUSTOWSKI,1933,fixed14,236018072.18098423,382.581819732865,236017689.5991645
BARANOWICKI,1933,fixed14,227292284.99822563,298.25377202923477,227291986.7444536
BIALSKI (BIAŁA KRAKOWSKA),1933,fixed14,351201523.8281101,5077.599428425547,351196446.2286817
BIALSKI (BIAŁA PODLASKA),1933,fixed14,272949723.2688124,735.9529256318497,272948987.3158868
BIAŁOSTOCKI,1933,fixed14,263495995.65949363,926.9002881813469,263495068.75920543
BIELSKI (BIELSK PODLASKI),1933,fixed14,260209949.38470575,333.3094195933276,260209616.07528615
BIELSKO,1933,fixed14,353454449.64703596,10419.824811350778,353444029.8222246
BIŁGORAJSKI,1933,fixed14,250014658.08068463,499.29012545172907,250014158.79055917
BOCHEŃSKI,1933,fixed14,330831942.5134401,1337.371097187577,330830605.14234287
BORSZCZOWSKI,1933,fixed14,212563375.50774455,777.7635811555597,212562597.7441634
BRASŁAWSKI,1933,fixed14,206484554.9633358,188.8987719747347,206484366.06456384
BRODNICKI,1933,fixed14,334456765.11012405,1192.431079924177,334455572.6790441
BRODZKI,1933,fixed14,239395532.23417678,799.6892016788318,239394732.5449751
BRZESKI (BRZESKO),1933,fixed14,295731215.62601495,1041.5724892839526,295730174.0535257
BRZESKI (BRZEŚĆ N.BUG.),1933,fixed14,267196303.9070902,396.4091439872055,267195907.4979462
BRZEZIŃSKI,1933,fixed14,338369791.9947193,3037.6693775327803,338366754.3253418
BRZEŻAŃSKI,1933,fixed14,235186645.35773903,853.3685684082043,235185791.9891706
BRZOZOWSKI,1933,fixed14,267930322.88091868,1755.588390871646,267928567.29252782
BUCZACKI,1933,fixed14,226025700.74709886,895.4798195646789,226024805.2672793
BYDGOSKI,1933,fixed14,361530589.8272782,2399.0249336962665,361528190.8023445
BÓBRECKI,1933,fixed14,236707707.96973214,1076.7785585368358,236706631.1911736
BĘDZIŃSKI,1933,fixed14,374003978.23152596,6775.326606069441,373997202.90491986
BŁOŃSKI,1933,fixed14,322519758.4674939,4704.897267435451,322515053.57022643
CHEŁMIŃSKI,1933,fixed14,340444309.4751484,1446.63523546121,340442862.8399129
CHEŁMSKI,1933,fixed14,264073454.23911485,734.1653734441206,264072720.0737414
CHODZIESKI,1933,fixed14,377869651.92477626,1384.362997373658,377868267.5617789
CHOJNICKI,1933,fixed14,323970843.53329325,541.7236134835474,323970301.80967975
CHORZÓW,1933,fixed14,402646454.13480264,326165.7012422882,402320288.4335604
CHRZANOWSKI,1933,fixed14,366991317.51840544,5130.81458749426,366986186.70381796
CIECHANOWSKI,1933,fixed14,308058259.19843423,1301.5747908387123,308056957.6236434
CIESZYŃSKI,1933,fixed14,349188744.84256613,3906.319413077113,349184838.52315307
CZARNKOWSKI,1933,fixed14,370159898.1851224,1135.4896897846875,370158762.6954326
CZORTKOWSKI,1933,fixed14,224092943.13137984,1567.9268090058797,224091375.20457083
CZĘSTOCHOWSKI,1933,fixed14,339995494.17121404,2433.1301775082516,339993061.04103655
DOBROMILSKI,1933,fixed14,258682299.57326084,875.8780339815678,258681423.69522685
DOLIŃSKI,1933,fixed14,240572908.5045956,500.6081389068633,240572407.8964567
DROHICKI,1933,fixed14,241467425.1548556,324.68134612505713,241467100.4735095
DROHOBYCKI,1933,fixed14,254158789.15108946,2180.507091977135,254156608.6439975
DUBIEŃSKI,1933,fixed14,228206614.66173404,453.2274879673987,228206161.43424606
DZIAŁDOWSKI,1933,fixed14,305644445.42696553,774.9394949991167,305643670.4874705
DZIŚNIEŃSKI,1933,fixed14,203925682.9830333,258.4896495133632,203925424.4933838
DĄBROWSKI,1933,fixed14,304960740.6961449,847.4228279656546,304959893.2733169
GARWOLIŃSKI,1933,fixed14,288242981.9748583,832.3752932356808,288242149.599565
GNIEŹNIEŃSKI,1933,fixed14,383511445.1359604,1637.2456461951463,383509807.8903142
GORLICKI,1933,fixed14,289824376.8689304,994.3125083186409,289823382.55642205
GOSTYNIŃSKI,1933,fixed14,329512906.4111959,1240.6369057073302,329511665.77429014
GOSTYŃSKI,1933,fixed14,415827305.16526943,1940.677365898637,415825364.48790354
GRODZIEŃSKI,1933,fixed14,243660331.42825133,348.1232244214024,243659983.30502692
GRUDZIĄDZKI,1933,fixed14,339582356.37985194,2878.8968720160656,339579477.4829799
GRÓDECKI,1933,fixed14,249381700.4948842,1092.0793873510902,249380608.41549686
GRÓJECKI,1933,fixed14,298435518.0192846,1462.8402071753633,298434055.17907745
HOROCHOWSKI,1933,fixed14,229048550.60219228,588.7080202711626,229047961.894172
HORODEŃSKI,1933,fixed14,218287788.38546395,1006.4646737651585,218286781.9207902
HRUBIESZOWSKI,1933,fixed14,249568059.09621948,1015.5664248879738,249567043.5297946
INOWROCŁAWSKI,1933,fixed14,368486439.5068968,1869.9096308246492,368484569.59726596
IWACEWICKI,1933,fixed14,239027640.67645383,212.36600523473834,239027428.3104486
IŁŻECKI,1933,fixed14,293943602.6649043,1009.4112561986469,293942593.2536481
JANOWSKI,1933,fixed14,276378518.38569933,732.9865748221246,276377785.3991245
JAROCIŃSKI,1933,fixed14,400647130.12583035,1428.275074773554,400645701.8507556
JAROSŁAWSKI,1933,fixed14,277547984.17511284,883.7254548812172,277547100.449658
JASIELSKI,1933,fixed14,287238812.2255233,961.4411453185713,287237850.784378
JAWOROWSKI,1933,fixed14,244245202.6127203,845.9461933272139,244244356.66652697
JĘDRZEJOWSKI,1933,fixed14,331536140.78894204,1067.40274308189,331535073.38619894
KALISKI,1933,fixed14,371982184.67262655,1764.2132038534999,371980420.4594227
KAMIONECKI,1933,fixed14,243379684.4787003,782.4911971316906,243378901.98750317
KARTUSKI,1933,fixed14,310459895.21560013,628.9769638024801,310459266.2386363
KATOWICE,1933,fixed14,390325675.4639661,71056.92855210112,390254618.535414
KAŁUSKI,1933,fixed14,232173584.7921526,621.037904917391,232172963.7542477
KIELECKI,1933,fixed14,322170595.8214678,1217.6466400583095,322169378.17482775
KOBRYŃSKI,1933,fixed14,254137859.97498506,282.27683381857446,254137577.69815123
KOLBUSZOWSKI,1933,fixed14,272965979.9276838,799.7094677438374,272965180.218216
KOLSKI,1933,fixed14,366708678.2672764,1476.8644231690703,366707201.40285325
KONECKI,1933,fixed14,322561760.8132108,1002.1243280835374,322560758.6888827
KONIŃSKI,1933,fixed14,367480210.0691994,854.3455224819083,367479355.7236769
KOPYCZYNIECKI,1933,fixed14,223172912.0660678,962.3301859258648,223171949.7358819
KOSOWSKI (KOSÓW HUCULSKI),1933,fixed14,214132554.2448863,290.2010854551351,214132264.04380086
KOSTOPOLSKI,1933,fixed14,220575744.75681353,310.9566873257836,220575433.8001262
KOSZYRSKI,1933,fixed14,229969625.7026652,183.67444520286654,229969442.02822
KOWELSKI,1933,fixed14,242783680.14740542,230.89747670205932,242783449.2499287
KOZIENICKI,1933,fixed14,289954226.22389925,676.4549950071978,289953549.7689042
KOŁOMYJSKI,1933,fixed14,228302782.3945493,823.3063835453354,228301959.08816576
KOŚCIAŃSKI,1933,fixed14,433147036.14443964,1707.3886104171888,433145328.7558292
KOŚCIERSKI,1933,fixed14,317193317.9484989,689.3758491814064,317192628.5726497
KRAKOWSKI,1933,fixed14,343386653.08537793,2999.489080735613,343383653.5962972
KRAKÓW (MIASTO),1933,fixed14,343711532.09828806,401800.80648443336,343309731.2918036
KRASNOSTAWSKI,1933,fixed14,257165219.3026495,893.4458288265618,257164325.85682067
KROTOSZYŃSKI,1933,fixed14,394861330.3666083,1570.2699645346595,394859760.0966438
KROŚNIEŃSKI,1933,fixed14,281972884.3853741,1888.7400317942372,281970995.64534235
KRZEMIENIECKI,1933,fixed14,221346950.9454767,507.5087911364725,221346443.43668556
KUTNOWSKI,1933,fixed14,348420768.2354844,2898.214006021163,348417870.0214784
KĘPIŃSKI,1933,fixed14,384903571.7989836,1130.3745286192484,384902441.4244549
LESKI,1933,fixed14,255001668.8364287,488.0103561228577,255001180.82607257
LESZCZYŃSKI,1933,fixed14,435622250.6509647,2053.844472823011,435620196.80649185
LIDZKI,1933,fixed14,231653916.89443332,293.5820437332911,231653623.31238958
LIMANOWSKI,1933,fixed14,305139173.3048447,767.5289712597933,305138405.7758734
LIPNOWSKI,1933,fixed14,275026817.2658811,963.1238607934176,275025854.14202034
LUBACZOWSKI,1933,fixed14,240751024.1089855,718.2966771525099,240750305.81230837
LUBARTOWSKI,1933,fixed14,274749696.45319235,866.6963013555127,274748829.756891
LUBAWSKI,1933,fixed14,317223321.7714077,1157.3227688171698,317222164.4486389
LUBELSKI,1933,fixed14,278794913.6483575,1909.6755095771293,278793003.97284794
LUBLINIECKI,1933,fixed14,379079298.00955194,1654.6078682335333,379077643.4016837
LUBOMELSKI,1933,fixed14,248898498.10921535,288.93266609394584,248898209.17654926
LWOWSKI,1933,fixed14,251263711.87499157,1763.4465951974196,251261948.42839637
LWÓW (MIASTO),1933,fixed14,256288743.6173031,198006.41076288314,256090737.20654023
M. ST. WARSZAWA,1933,fixed14,317349789.6074388,663624.7296677695,316686164.877771
MAKOWSKI (MAKÓW MAZOWIECKI),1933,fixed14,288587417.72159296,810.0239379779116,288586607.69765496
MIECHOWSKI,1933,fixed14,332422026.5484964,1013.5356536662662,332421013.0128428
MIELECKI,1933,fixed14,297605822.8792976,723.2766252473402,297605099.60267234
MIĘDZYCHODZKI,1933,fixed14,426944112.83779263,1117.5860049170292,426942995.2517877
MIŃSKI,1933,fixed14,297177845.78578997,1974.5878787021084,297175871.19791126
MOGILEŃSKI,1933,fixed14,376088708.96283484,1300.026149178862,376087408.9366857
MORSKI,1933,fixed14,307308249.26462066,1645.8855893436848,307306603.3790313
MOŁODECZAŃSKI,1933,fixed14,216902128.6015942,437.8973268752928,216901690.70426732
MOŚCISKI,1933,fixed14,258267865.3779416,1006.2215874625812,258266859.15635416
MYŚLENICKI,1933,fixed14,306263007.5811398,940.8652021029976,306262066.7159377
MŁAWSKI,1933,fixed14,304890663.6942937,974.2698575192678,304889689.42443615
NADWÓRNIAŃSKI,1933,fixed14,225702434.0481457,515.1223904515438,225701918.92575526
NIESZAWSKI,1933,fixed14,357886530.3800285,1426.5011133765854,357885103.87891513
NIEŚWIESKI,1933,fixed14,216702654.82549372,587.2834310753198,216702067.54206264
NIŻAŃSKI,1933,fixed14,279611361.06306726,748.8872868572294,279610612.1757804
NOWOGRÓDZKI,1933,fixed14,227415351.23437577,342.2597990602128,227415008.9745767
NOWOSĄDECKI,1933,fixed14,301234941.24570334,940.5018641839513,301234000.74383914
NOWOTARSKI,1933,fixed14,319318359.73645025,817.5336659842417,319317542.2027843
NOWOTOMYSKI,1933,fixed14,450573056.54149455,1196.4113104777741,450571860.13018405
OBORNICKI,1933,fixed14,399816708.4571242,1096.3645334136957,399815612.09259075
OLKUSKI,1933,fixed14,346120081.3721121,1358.1345051335213,346118723.23760694
OPATOWSKI,1933,fixed14,301154587.9537582,1165.347444008252,301153422.6063142
OPOCZYŃSKI,1933,fixed14,327308284.1645714,824.7812591833986,327307459.3833122
OSTROWSKI (OSTRÓW MAZOWIECKA),1933,fixed14,279522702.51751065,688.7623877712631,279522013.7551229
OSTROWSKI (OSTRÓW WIELKOPOLSKI),1933,fixed14,394138485.6907088,1284.3725001248647,394137201.3182087
OSTROŁĘCKI,1933,fixed14,273881034.5306508,452.9599126500852,273880581.57073814
OSZMIAŃSKI,1933,fixed14,208448126.9298377,310.01614505474276,208447816.91369265
PIOTRKOWSKI,1933,fixed14,333109039.05783945,1292.0874772343716,333107746.97036225
PIŃCZOWSKI,1933,fixed14,303747209.47698843,934.5366408740838,303746274.94034755
PIŃSKI,1933,fixed14,235615466.2743913,241.04298537321455,235615225.2314059
PODHAJECKI,1933,fixed14,235910906.6492235,677.6257289738796,235910229.02349454
POSTAWSKI,1933,fixed14,207004970.0151019,196.04538670364076,207004773.9697152
POZNAŃ (MIASTO),1933,fixed14,432215888.7454623,228856.67060622852,431987032.07485604
POZNAŃSKI,1933,fixed14,421161281.22932166,2126.053645678561,421159155.175676
PRUŻAŃSKI,1933,fixed14,251557654.60523775,354.5705210870477,251557300.03471667
PRZASNYCKI,1933,fixed14,266624395.21746007,729.4219076500669,266623665.7955524
PRZEMYSKI,1933,fixed14,272806886.22938526,1875.4332148065428,272805010.7961705
PRZEMYŚLAŃSKI,1933,fixed14,242202262.96228683,939.0885945089568,242201323.87369233
PRZEWORSKI,1933,fixed14,280168214.0869289,2364.0885625712385,280165849.99836636
PSZCZYŃSKI,1933,fixed14,373713945.32610404,2886.916905923477,373711058.4091981
PUŁAWSKI,1933,fixed14,277167180.9023673,931.368018897552,277166249.53434837
PUŁTUSKI,1933,fixed14,288904681.60840076,1078.2807735837823,288903603.3276272
PŁOCKI,1933,fixed14,319343420.58831483,1746.7776622233835,319341673.8106526
PŁOŃSKI,1933,fixed14,293874720.20097786,1221.2944265691772,293873498.9065513
RADOMSKI,1933,fixed14,306432434.22372437,1170.3398416526977,306431263.8838827
RADOMSZCZAŃSKI,1933,fixed14,340804305.6607734,1031.768564676783,340803273.8922087
RADZIECHOWSKI,1933,fixed14,233878271.6186517,616.0255439314884,233877655.59310776
RADZYMIŃSKI,1933,fixed14,303674496.2929777,2889.726708046006,303671606.56626964
RADZYŃSKI,1933,fixed14,277540355.66528517,808.9949980023208,277539546.6702872
RAWICKI,1933,fixed14,416815100.658492,2512.078230801625,416812588.58026123
RAWSKI (RAWA MAZOWIECKA),1933,fixed14,320617630.57867104,1139.7712651238628,320616490.8074059
RAWSKI (RAWA RUSKA),1933,fixed14,247866686.98113856,681.0296475622785,247866005.951491
ROHATYŃSKI,1933,fixed14,233551559.20840392,817.3736720210733,233550741.8347319
ROPCZYCKI,1933,fixed14,300612588.45104563,908.9688022461175,300611679.48224336
RUDECKI,1933,fixed14,249005211.6694783,1172.3223634020158,249004039.3471149
RYBNICKI,1933,fixed14,363649606.7802029,4725.083331460683,363644881.69687146
RYPIŃSKI,1933,fixed14,274468792.0326711,1117.9103288115937,274467674.1223423
RZESZOWSKI,1933,fixed14,287032830.17019314,1264.1355249511064,287031566.0346682
RÓWIEŃSKI,1933,fixed14,223906548.44312003,639.4682625826748,223905908.97485745
SAMBORSKI,1933,fixed14,261793343.32786292,1122.8808372005212,261792220.44702572
SANDOMIERSKI,1933,fixed14,289621309.74793607,921.6511940738794,289620388.096742
SANOCKI,1933,fixed14,257066575.30413145,973.721926915056,257065601.58220452
SARNEŃSKI,1933,fixed14,226807282.97704512,191.0932364562657,226807091.88380867
SIEDLECKI,1933,fixed14,284924286.08519477,888.9687386165929,284923397.11645615
SIERADZKI,1933,fixed14,361089519.95293576,1431.7832254515256,361088088.1697103
SIERPECKI,1933,fixed14,273741940.1492287,1134.5165183841987,273740805.63271034
SKAŁACKI,1933,fixed14,226005466.9574583,987.4732668032241,226004479.48419148
SKIERNIEWICKI,1933,fixed14,330707948.42845386,1990.4440255335699,330705957.98442835
SOCHACZEWSKI,1933,fixed14,319241226.8217629,1928.787832418947,319239298.0339305
SOKALSKI,1933,fixed14,241574610.26486108,888.6931866651399,241573721.5716744
SOKOŁOWSKI,1933,fixed14,280391754.2091427,886.6496114634101,280390867.5595312
SOKÓLSKI,1933,fixed14,254926035.56573704,419.7552274874454,254925615.81050956
STANISŁAWOWSKI,1933,fixed14,235028833.23365393,1162.704210064176,235027670.52944386
STAROGARDZKI,1933,fixed14,319365907.32729506,1100.1143978270848,319364807.21289724
STOLIŃSKI,1933,fixed14,218394187.40260193,149.06784996398406,218394038.33475196
STOPNICKI,1933,fixed14,284413048.77357084,640.1963335689483,284412408.57723725
STOŁPECKI,1933,fixed14,219802735.0400793,357.19980481776776,219802377.84027448
STRYJSKI,1933,fixed14,241979414.60352653,528.8389269638919,241978885.76459956
SUWALSKI,1933,fixed14,234078999.2756418,475.7420487150194,234078523.5335931
SZAMOTULSKI,1933,fixed14,415138083.596439,1233.5786493585,415136850.01778966
SZCZUCZYŃSKI (WOJ. BIAŁOSTOCKIE),1933,fixed14,249231752.79924563,615.8371926083835,249231136.96205303
SZCZUCZYŃSKI (WOJ. NOWOGRÓDZKIE),1933,fixed14,231196872.4096818,293.2198390829395,231196579.1898427
SZUBIŃSKI,1933,fixed14,368452929.97202307,1095.3979079184937,368451834.57411516
SĘPOLEŃSKI,1933,fixed14,348895250.95470965,1582.7350936855003,348893668.21961594
SŁONIMSKI,1933,fixed14,239720411.12135032,318.16372670862364,239720092.9576236
TARNOBRZESKI,1933,fixed14,296243088.3803225,938.9753702787486,296242149.4049522
TARNOGÓRSKI,1933,fixed14,391208007.4284281,9652.739135082547,391198354.689293
TARNOPOLSKI,1933,fixed14,233173029.78212157,1133.514069457325,233171896.2680521
TARNOWSKI,1933,fixed14,311882981.9316285,1989.241654931991,311880992.6899736
TCZEWSKI,1933,fixed14,314448668.86831754,1931.8717710294322,314446736.9965465
TOMASZOWSKI,1933,fixed14,244438436.33465025,810.7142275985759,244437625.62042266
TORUŃSKI,1933,fixed14,359660553.4896694,2390.6531488371747,359658162.83652055
TREMBOWELSKI,1933,fixed14,228555302.3151692,1002.959022782359,228554299.3561464
TUCHOLSKI,1933,fixed14,336088731.71567297,800.1153966398399,336087931.60027635
TURCZAŃSKI,1933,fixed14,251886353.75654757,459.69920083772297,251885894.05734673
TURECKI,1933,fixed14,341772230.9041332,873.6873881701943,341771357.216745
TŁUMACKI,1933,fixed14,231639864.08441913,992.3741095591141,231638871.71030957
WADOWICKI,1933,fixed14,342222038.1058471,1510.0119143949805,342220528.09393275
WARSZAWSKI,1933,fixed14,313771607.47358906,18210.42379526033,313753397.0497938
WIELUŃSKI,1933,fixed14,384315979.9283145,802.2147259730253,384315177.71358854
WILEJSKI,1933,fixed14,208231406.20724264,239.75681773503274,208231166.4504249
WILEŃSKO-TROCKI,1933,fixed14,224978051.8558403,325.46533982330493,224977726.3905005
WILNO (MIASTO),1933,fixed14,229690387.0959011,67436.22200784326,229622950.87389326
WOLSZTYŃSKI,1933,fixed14,470979300.1071829,1323.426010575245,470977976.6811724
WOŁKOWYSKI,1933,fixed14,249952401.38054278,297.9274196750811,249952103.45312312
WOŁOŻYŃSKI,1933,fixed14,209706547.90360427,319.97963481144825,209706227.92396945
WRZESIŃSKI,1933,fixed14,387310620.6960258,1658.1517073760886,387308962.54431844
WYRZYSKI,1933,fixed14,357163787.0010469,1423.3043553450668,357162363.6966916
WYSOKOMAZOWIECKI,1933,fixed14,261629993.8565999,618.3342001236407,261629375.52239978
WĄBRZESKI,1933,fixed14,343924022.6617327,1547.436223326803,343922475.22550935
WĄGROWIECKI,1933,fixed14,367000875.87377506,1053.0086303795704,366999822.86514467
WĘGROWSKI,1933,fixed14,267778412.03802487,855.8201733034246,267777556.21785158
WŁOCŁAWSKI,1933,fixed14,351408008.7565214,2503.105632691917,351405505.65088874
WŁODAWSKI,1933,fixed14,251629651.338328,492.37988184469253,251629158.95844615
WŁODZIMIERSKI,1933,fixed14,243101974.7013654,558.8445496661536,243101415.85681576
WŁOSZCZOWSKI,1933,fixed14,308014523.65289634,622.4529455697794,308013901.19995075
ZALESZCZYCKI,1933,fixed14,217512618.21620154,911.7046973101841,217511706.51150423
ZAMOJSKI,1933,fixed14,259570725.40293026,1188.000743791298,259569537.40218648
ZBARASKI,1933,fixed14,227840372.81217933,1025.4285098886905,227839347.38366944
ZBOROWSKI,1933,fixed14,229719441.46124226,761.25043420855,229718680.21080804
ZDOŁBUNOWSKI,1933,fixed14,221843906.85274947,821.4806508325796,221843085.37209862
ZŁOCZOWSKI,1933,fixed14,240387126.7005775,770.3034973245076,240386356.39708018
ŁASKI,1933,fixed14,348651242.6838794,2141.2329057409474,348649101.45097363
ŁAŃCUCKI,1933,fixed14,278366658.50919074,1159.1022556261887,278365499.4069351
ŁOMŻYŃSKI,1933,fixed14,269510093.32594484,623.3452499027139,269509469.98069495
ŁOWICKI,1933,fixed14,336237140.0612336,1732.318323983173,336235407.7429096
ŁUCKI,1933,fixed14,235006528.60423115,360.0043740473355,235006168.5998571
ŁUKOWSKI,1933,fixed14,280789498.24749666,803.8597687355273,280788694.3877279
ŁUNINIECKI,1933,fixed14,223164737.87331718,188.81787047285326,223164549.0554467
ŁÓDZKI,1933,fixed14,346392665.6079242,5481.445617057366,346387184.16230714
ŁÓDŹ (MIASTO),1933,fixed14,347371241.17152303,833295.9919053522,346537945.1796177
ŁĘCZYCKI,1933,fixed14,348000974.11584127,1817.1364838925829,347999156.97935736
ŚNIATYŃSKI,1933,fixed14,221055951.50709766,1590.9831968665571,221054360.5239008
ŚREDZKI,1933,fixed14,404722869.4603951,1450.7583887871224,404721418.70200634
ŚREMSKI,1933,fixed14,402774487.4854186,1298.4747003814134,402773189.0107182
ŚWIECKI,1933,fixed14,339315487.8766318,973.920024592727,339314513.9566072
ŚWIĘCIAŃSKI,1933,fixed14,215791710.93136677,231.3124532271971,215791479.61891353
ŚWIĘTOCHŁOWICKI,1933,fixed14,398566309.2753389,125927.68739079218,398440381.5879481
ŻNIŃSKI,1933,fixed14,377020918.35679626,1419.9996232620758,377019498.357173
ŻYDACZOWSKI,1933,fixed14,237555922.98193568,781.8231306803348,237555141.158805
ŻYWIECKI,1933,fixed14,342686579.6588651,1674.3266923449596,342684905.33217275
ŻÓŁKIEWSKI,1933,fixed14,246103125.6848211,1061.7602562063535,246102063.9245649
AUGUSTOWSKI,1934,fixed14,257662479.8231961,418.6717105628173,257662061.15148556
BARANOWICKI,1934,fixed14,248128041.66893414,349.11241968804154,248127692.55651444
BIALSKI (BIAŁA KRAKOWSKA),1934,fixed14,383390334.7099002,5240.375509695449,383385094.3343905
BIALSKI (BIAŁA PODLASKA),1934,fixed14,297944840.2895455,860.344856174452,297943979.9446893
BIAŁOSTOCKI,1934,fixed14,287629755.8837469,1034.434118523988,287628721.4496284
BIELSKI (BIELSK PODLASKI),1934,fixed14,284032080.3704173,377.72078375705667,284031702.6496335
BIELSKO,1934,fixed14,385942132.78101796,12632.196080960179,385929500.584937
BIŁGORAJSKI,1934,fixed14,272904907.9291343,658.8102743051194,272904249.11886
BOCHEŃSKI,1934,fixed14,361118141.66273004,1364.426309873386,361116777.23642015
BORSZCZOWSKI,1934,fixed14,232019170.92684063,866.1290628869097,232018304.79777774
BRASŁAWSKI,1934,fixed14,225392857.19569224,236.50444925408024,225392620.691243
BRODNICKI,1934,fixed14,365127044.17948216,1463.8293100971343,365125580.35017204
BRODZKI,1934,fixed14,261310674.19171622,866.7875724127791,261309807.4041438
BRZESKI (BRZESKO),1934,fixed14,322797124.25547785,961.2005990069376,322796163.05487883
BRZESKI (BRZEŚĆ N.BUG.),1934,fixed14,291642728.919732,459.39046917138853,291642269.5292628
BRZEZIŃSKI,1934,fixed14,369292814.03726697,3423.466805776244,369289390.5704612
BRZEŻAŃSKI,1934,fixed14,256714147.7888333,980.9418755553291,256713166.84695774
BRZOZOWSKI,1934,fixed14,292457135.2035212,1864.8858675700362,292455270.3176536
BUCZACKI,1934,fixed14,246714499.9407081,1004.0503185824151,246713495.89038953
BYDGOSKI,1934,fixed14,394729497.21484196,2586.647126792111,394726910.56771517
BÓBRECKI,1934,fixed14,258374820.9637653,1236.3391499273844,258373584.62461537
BĘDZIŃSKI,1934,fixed14,408239199.0583108,7133.46129317895,408232065.59701765
BŁOŃSKI,1934,fixed14,352050658.45561284,5058.546843096003,352045599.9087697
CHEŁMIŃSKI,1934,fixed14,371653874.83172685,1927.7150523307089,371651947.11667454
CHEŁMSKI,1934,fixed14,288245304.4500299,888.9300013030271,288244415.5200286
CHODZIESKI,1934,fixed14,412473776.71226096,1538.6111578777377,412472238.10110307
CHOJNICKI,1934,fixed14,353753820.28448457,627.799711156439,353753192.4847734
CHORZÓW,1934,fixed14,439504241.12018245,335980.3361713172,439168260.7840111
CHRZANOWSKI,1934,fixed14,400600363.5759549,5672.61738969434,400594690.95856524
CIECHANOWSKI,1934,fixed14,336285054.3954102,1484.4171219594402,336283569.97828823
CIESZYŃSKI,1934,fixed14,381397088.52907825,4385.234721246534,381392703.294357
CZARNKOWSKI,1934,fixed14,404009968.50510263,1294.749158859599,404008673.7559438
CZORTKOWSKI,1934,fixed14,244607312.7657106,1686.6756903148796,244605626.09002027
CZĘSTOCHOWSKI,1934,fixed14,371131598.9574658,2657.0943396921402,371128941.86312616
DOBROMILSKI,1934,fixed14,282362784.9861094,892.6693350631192,282361892.3167743
DOLIŃSKI,1934,fixed14,262595898.54590586,557.8349533864379,262595340.71095246
DROHICKI,1934,fixed14,263575578.75985566,394.09812349012134,263575184.66173217
DROHOBYCKI,1934,fixed14,277405147.48353714,2244.5593254071136,277402902.92421174
DUBIEŃSKI,1934,fixed14,249094951.0585404,528.3385911357616,249094422.71994928
DZIAŁDOWSKI,1934,fixed14,333891918.7384572,922.8551061394827,333890995.8833511
DZIŚNIEŃSKI,1934,fixed14,222603869.85770318,307.1213340971833,222603562.73636907
DĄBROWSKI,1934,fixed14,332868152.2667821,829.3241026116066,332867322.94267946
GARWOLIŃSKI,1934,fixed14,314644519.36005205,951.6242123707898,314643567.73583966
GNIEŹNIEŃSKI,1934,fixed14,418421332.95245844,1740.2190710942923,418419592.73338735
GORLICKI,1934,fixed14,316348347.8510955,1091.6567738597885,316347256.19432163
GOSTYNIŃSKI,1934,fixed14,359660144.5279836,1357.3664744230996,359658787.16150916
GOSTYŃSKI,1934,fixed14,453852766.59037864,2251.5562277058816,453850515.03415096
GRODZIEŃSKI,1934,fixed14,266026310.92348337,416.8326369028423,266025894.09084648
GRUDZIĄDZKI,1934,fixed14,370755901.50572026,3243.765576931247,370752657.7401433
GRÓDECKI,1934,fixed14,272223413.41588575,1173.1609536734093,272222240.25493205
GRÓJECKI,1934,fixed14,331055082.5455401,1880.919112320742,331053201.62642777
HOROCHOWSKI,1934,fixed14,250016127.5589974,719.2915841089887,250015408.2674133
HORODEŃSKI,1934,fixed14,238272295.53246897,1247.3241553246364,238271048.20831364
HRUBIESZOWSKI,1934,fixed14,272417433.3229012,1109.714223780436,272416323.6086774
INOWROCŁAWSKI,1934,fixed14,402354888.9475476,1969.114234212957,402352919.8333134
IWACEWICKI,1934,fixed14,260924837.38690415,251.98233410409364,260924585.40457004
IŁŻECKI,1934,fixed14,320940466.5695679,1024.4584515024271,320939442.1111164
JANOWSKI,1934,fixed14,301689882.3823781,843.2266033887976,301689039.1557747
JAROCIŃSKI,1934,fixed14,437322726.3719504,1671.1699276765205,437321055.20202273
JAROSŁAWSKI,1934,fixed14,302861586.9322284,979.864674711065,302860607.0675537
JASIELSKI,1934,fixed14,313531961.9641193,1003.8808233934263,313530958.08329594
JAWOROWSKI,1934,fixed14,266600660.90280715,910.1792418045918,266599750.72356534
JĘDRZEJOWSKI,1934,fixed14,361878241.2977231,1038.626889039591,361877202.67083406
KALISKI,1934,fixed14,406241622.90932596,1906.738649371909,406239716.1706766
KAMIONECKI,1934,fixed14,265665033.88562799,849.3457272586138,265664184.53990072
KARTUSKI,1934,fixed14,339000624.7687869,735.5020194992117,338999889.2667674
KATOWICE,1934,fixed14,425921429.08375967,75118.30094448695,425846310.78281516
KAŁUSKI,1934,fixed14,253414707.13876498,686.6979529909311,253414020.440812
KIELECKI,1934,fixed14,351668892.1423517,1293.0604569384323,351667599.08189476
KOBRYŃSKI,1934,fixed14,277395074.0047924,333.9630446854178,277394740.0417477
KOLBUSZOWSKI,1934,fixed14,297952437.1251529,902.059598653187,297951535.06555426
KOLSKI,1934,fixed14,400284262.79094666,1644.158951872249,400282618.6319948
KONECKI,1934,fixed14,352119038.4005726,1187.1375258779244,352117851.26304674
KONIŃSKI,1934,fixed14,401126959.39431703,967.8248743668038,401125991.5694427
KOPYCZYNIECKI,1934,fixed14,243602240.17740417,1072.5825310489306,243601167.59487313
KOSOWSKI (KOSÓW HUCULSKI),1934,fixed14,233760485.6571361,331.0058067130715,233760154.6513294
KOSTOPOLSKI,1934,fixed14,240781522.66436562,369.46785293888746,240781153.19651267
KOSZYRSKI,1934,fixed14,251030655.962268,222.04422592327052,251030433.91804206
KOWELSKI,1934,fixed14,265011674.30225325,260.93035093734983,265011413.37190232
KOZIENICKI,1934,fixed14,316504998.59583133,801.9627124857186,316504196.63311887
KOŁOMYJSKI,1934,fixed14,249205053.6209031,928.5040139140852,249204125.11688918
KOŚCIAŃSKI,1934,fixed14,472822046.4449034,1905.5833061016049,472820140.8615973
KOŚCIERSKI,1934,fixed14,346376355.9901746,814.7286715120391,346375541.2615031
KRAKOWSKI,1934,fixed14,374813059.7813393,3114.152688906053,374809945.62865037
KRAKÓW (MIASTO),1934,fixed14,375167709.078662,440948.69963450904,374726760.3790275
KRASNOSTAWSKI,1934,fixed14,280713111.9047607,945.4035741104237,280712166.5011866
KROTOSZYŃSKI,1934,fixed14,431080989.7907898,1787.7275926478073,431079202.06319714
KROŚNIEŃSKI,1934,fixed14,307799241.71795803,2105.487440940341,307797136.2305171
KRZEMIENIECKI,1934,fixed14,241611766.42560765,573.6349223515911,241611192.7906853
KUTNOWSKI,1934,fixed14,380335659.9580331,3198.642688427565,380332461.31534463
KĘPIŃSKI,1934,fixed14,420138914.31226057,1258.1640534073085,420137656.1482072
LESKI,1934,fixed14,278330780.6996466,555.3635215224971,278330225.3361251
LESZCZYŃSKI,1934,fixed14,475422724.83671194,2214.5182364527473,475420510.3184755
LIDZKI,1934,fixed14,252877241.0283597,343.8411683972383,252876897.1871913
LIMANOWSKI,1934,fixed14,333068115.05185187,804.7827036787291,333067310.2691482
LIPNOWSKI,1934,fixed14,300223986.304264,1111.7409761102865,300222874.5632879
LUBACZOWSKI,1934,fixed14,262792625.4927676,748.2541143861441,262791877.2386532
LUBARTOWSKI,1934,fixed14,299907850.39405686,955.0572876250362,299906895.3367692
LUBAWSKI,1934,fixed14,346304395.3914203,1411.6148308972683,346302983.7765894
LUBELSKI,1934,fixed14,304319972.46966577,2005.5267852238912,304317966.9428806
LUBLINIECKI,1934,fixed14,413766760.8146375,1953.8761336568593,413764806.9385038
LUBOMELSKI,1934,fixed14,271719852.39846253,325.929709713384,271719526.4687528
LWOWSKI,1934,fixed14,274261534.89233387,1892.4926856364546,274259642.39964825
LWÓW (MIASTO),1934,fixed14,279748463.48269105,214579.94518088785,279533883.53751016
M. ST. WARSZAWA,1934,fixed14,346392908.8918538,703832.9043863253,345689075.98746747
MAKOWSKI (MAKÓW MAZOWIECKI),1934,fixed14,315019149.7805355,911.1232950388485,315018238.6572405
MIECHOWSKI,1934,fixed14,362819142.01137495,1222.6603013398799,362817919.3510736
MIELECKI,1934,fixed14,324843939.8679626,699.4425894745265,324843240.42537314
MIĘDZYCHODZKI,1934,fixed14,466015955.96337706,1307.9246197265636,466014648.0387573
MIŃSKI,1934,fixed14,324404578.84755474,2144.7149811144627,324402434.1325736
MOGILEŃSKI,1934,fixed14,410563650.07149696,1445.0417394066435,410562205.02975756
MORSKI,1934,fixed14,336117521.55398864,1857.9310546505415,336115663.622934
MOŁODECZAŃSKI,1934,fixed14,236759702.49971187,526.6342922143914,236759175.86541966
MOŚCISKI,1934,fixed14,281891253.2435643,1019.3839951459337,281890233.85956913
MYŚLENICKI,1934,fixed14,334291538.14221966,959.3027393753117,334290578.8394803
MŁAWSKI,1934,fixed14,332808286.77830726,1105.6371194293401,332807181.14118785
NADWÓRNIAŃSKI,1934,fixed14,246358458.02650824,566.8261435246096,246357891.2003647
NIESZAWSKI,1934,fixed14,390674227.2312089,1624.6557803098037,390672602.5754286
NIEŚWIESKI,1934,fixed14,236543579.00252646,713.9359385381091,236542865.06658792
NIŻAŃSKI,1934,fixed14,305214757.29248786,836.355524044601,305213920.9369638
NOWOGRÓDZKI,1934,fixed14,248239247.679275,404.6678503416384,248238843.01142466
NOWOSĄDECKI,1934,fixed14,328796447.4557961,957.8468341733901,328795489.60896194
NOWOTARSKI,1934,fixed14,348535047.36714584,868.7646842871578,348534178.6024616
NOWOTOMYSKI,1934,fixed14,491798153.96830094,1494.7381942272632,491796659.2301067
OBORNICKI,1934,fixed14,436389534.12425965,1366.3957783357735,436388167.7284813
OLKUSKI,1934,fixed14,377796353.78067577,1543.5954216723476,377794810.1852541
OPATOWSKI,1934,fixed14,328733581.1125063,1334.6586214499139,328732246.45388484
OPOCZYŃSKI,1934,fixed14,357277324.3246721,981.0789558922437,357276343.2457162
OSTROWSKI (OSTRÓW MAZOWIECKA),1934,fixed14,305117534.51559395,809.2929022650172,305116725.22269166
OSTROWSKI (OSTRÓW WIELKOPOLSKI),1934,fixed14,430324648.7218553,1523.276916888306,430323125.4449384
OSTROŁĘCKI,1934,fixed14,298961043.0400147,494.9120713302982,298960548.12794334
OSZMIAŃSKI,1934,fixed14,227533499.36815828,394.92883595992345,227533104.43932232
PIOTRKOWSKI,1934,fixed14,363581160.3580577,1441.1941945319513,363579719.1638631
PIŃCZOWSKI,1934,fixed14,331526720.2223915,1085.093288894779,331525635.1291026
PIŃSKI,1934,fixed14,257184516.26465303,266.29586136021896,257184249.96879166
PODHAJECKI,1934,fixed14,257506420.03556776,756.8975718316755,257505663.13799593
POSTAWSKI,1934,fixed14,225962228.89590904,246.07285736947216,225961982.82305166
POZNAŃ (MIASTO),1934,fixed14,471776858.02546424,246350.32771552206,471530507.6977487
POZNAŃSKI,1934,fixed14,459555536.27103347,2516.247939650513,459553020.0230938
PRUŻAŃSKI,1934,fixed14,274592138.8261187,425.04800582920376,274591713.7781129
PRZASNYCKI,1934,fixed14,290981569.2421676,813.745179155053,290980755.4969884
PRZEMYSKI,1934,fixed14,297782973.5532173,1972.1293497320526,297781001.4238676
PRZEMYŚLAŃSKI,1934,fixed14,264374123.9945912,1039.754936898467,264373084.2396543
PRZEWORSKI,1934,fixed14,305824142.56358576,2448.3482816017945,305821694.21530414
PSZCZYŃSKI,1934,fixed14,407904238.4180953,3324.057153523353,407900914.36094177
PUŁAWSKI,1934,fixed14,302590569.7687476,977.3359761625862,302589592.43277144
PUŁTUSKI,1934,fixed14,315386924.8904801,1192.9819885914126,315385731.9084915
PŁOCKI,1934,fixed14,291937676.2043512,1883.7970605875116,291935792.4072906
PŁOŃSKI,1934,fixed14,320801047.8303782,1403.1131718158163,320799644.71720636
RADOMSKI,1934,fixed14,334815513.09584475,1435.1940591999207,334814077.90178555
RADOMSZCZAŃSKI,1934,fixed14,372008190.98773664,1143.320356806937,372007047.66737986
RADZIECHOWSKI,1934,fixed14,255288532.8876396,708.2056539480529,255287824.68198568
RADZYMIŃSKI,1934,fixed14,331484796.5393018,3108.4983110973735,331481688.0409907
RADZYŃSKI,1934,fixed14,302962246.22890383,896.4224147362261,302961349.8064891
RAWICKI,1934,fixed14,454978133.60375994,2903.9911195342224,454975229.6126404
RAWSKI (RAWA MAZOWIECKA),1934,fixed14,350174762.0963621,1240.3681929316501,350173521.7281692
RAWSKI (RAWA RUSKA),1934,fixed14,270559745.77434933,790.9652533677342,270558954.809096
ROHATYŃSKI,1934,fixed14,254935607.00231963,1012.5369886742211,254934594.46533096
ROPCZYCKI,1934,fixed14,328135041.85101986,921.4561483794262,328134120.3948715
RUDECKI,1934,fixed14,271799076.7493868,1266.354247188557,271797810.3951396
RYBNICKI,1934,fixed14,396929178.30702376,5456.761343120565,396923721.54568064
RYPIŃSKI,1934,fixed14,299609726.50434357,1309.8941068875629,299608416.6102367
RZESZOWSKI,1934,fixed14,313335499.07217133,1393.6904739195252,313334105.3816974
RÓWIEŃSKI,1934,fixed14,244384105.280416,723.9020336962614,244383381.37838233
SAMBORSKI,1934,fixed14,285766592.9301614,1233.8470330999382,285765359.08312833
SANDOMIERSKI,1934,fixed14,316143539.009511,1058.8462942538333,316142480.16321677
SANOCKI,1934,fixed14,280642821.52301854,1054.812237890111,280641766.7107806
SARNEŃSKI,1934,fixed14,247573915.45403364,232.60711829133814,247573682.84691536
SIEDLECKI,1934,fixed14,311033689.32636476,964.4242286582421,311032724.9021361
SIERADZKI,1934,fixed14,394141876.79485524,1560.4979722270232,394140316.296883
SIERPECKI,1934,fixed14,298910130.2739238,1275.926300198158,298908854.3476236
SKAŁACKI,1934,fixed14,246695481.74899054,1125.1084924337508,246694356.6404981
SKIERNIEWICKI,1934,fixed14,360993323.178874,2220.176752335983,360991103.0021217
SOCHACZEWSKI,1934,fixed14,348496167.22904867,2173.759308318811,348493993.46974033
SOKALSKI,1934,fixed14,263692028.88715592,1008.4499233502991,263691020.43723258
SOKOŁOWSKI,1934,fixed14,306097065.4896473,999.6759509573097,306096065.8136964
SOKÓLSKI,1934,fixed14,278269026.5085424,499.25864450499495,278268527.2498979
STANISŁAWOWSKI,1934,fixed14,256546024.9377144,1333.7385711844775,256544691.1991432
STAROGARDZKI,1934,fixed14,348699855.2807644,1273.788164915847,348698581.4925995
STOLIŃSKI,1934,fixed14,238398324.70541188,170.00469802426377,238398154.70071384
STOPNICKI,1934,fixed14,310443008.6594932,779.1231987600343,310442229.53629446
STOŁPECKI,1934,fixed14,239922947.879641,416.59948066919674,239922531.28016034
STRYJSKI,1934,fixed14,264128073.59157,610.5133178069315,264127463.0782522
SUWALSKI,1934,fixed14,255505577.10994756,525.425894632043,255505051.68405294
SZAMOTULSKI,1934,fixed14,453138377.21967554,1472.906551209835,453136904.31312436
SZCZUCZYŃSKI (WOJ. BIAŁOSTOCKIE),1934,fixed14,272057686.3414481,709.1692141531828,272056977.172234
SZCZUCZYŃSKI (WOJ. NOWOGRÓDZKIE),1934,fixed14,252367554.3637183,353.9324221572338,252367200.43129614
SZUBIŃSKI,1934,fixed14,402232544.457752,1392.3778457660917,402231152.0799062
SĘPOLEŃSKI,1934,fixed14,380928717.20580155,1882.7663037501381,380926834.43949777
SŁONIMSKI,1934,fixed14,261663621.11686015,383.3182576930753,261663237.79860246
TARNOBRZESKI,1934,fixed14,323363228.9084447,1051.4222760678483,323362177.4861686
TARNOGÓRSKI,1934,fixed14,427013278.19934434,10635.945785325068,427002642.253559
TARNOPOLSKI,1934,fixed14,254521729.0255984,1287.6090106954855,254520441.4165877
TARNOWSKI,1934,fixed14,340445703.73884636,2073.005728333254,340443630.73311806
TCZEWSKI,1934,fixed14,343351392.56839573,2280.5963169199777,343349111.9720788
TOMASZOWSKI,1934,fixed14,266815146.01074457,890.5747855977901,266814255.43595898
TORUŃSKI,1934,fixed14,392700301.22058403,2778.2674482869224,392697522.9531357
TREMBOWELSKI,1934,fixed14,249478024.51473907,1181.068227166769,249476843.4465119
TUCHOLSKI,1934,fixed14,366914612.5428638,938.0580671385659,366913674.48479664
TURCZAŃSKI,1934,fixed14,274940647.9994409,525.1169695993719,274940122.8824713
TURECKI,1934,fixed14,373067767.0757052,1020.5541515748538,373066746.5215536
TŁUMACKI,1934,fixed14,252837981.8408191,1208.4295809001385,252836773.4112382
WADOWICKI,1934,fixed14,373531855.38235635,1597.6823785775273,373530257.69997776
WARSZAWSKI,1934,fixed14,342613234.11456156,20114.824344357352,342593119.2902172
WIELUŃSKI,1934,fixed14,419490446.49901307,901.0288846701192,419489545.4701284
WILEJSKI,1934,fixed14,227296986.19106427,283.9668316522762,227296702.2242326
WILEŃSKO-TROCKI,1934,fixed14,245567423.28450504,380.9088596957739,245567042.37564534
WILNO (MIASTO),1934,fixed14,250718613.7651355,70303.19908360472,250648310.5660519
WOLSZTYŃSKI,1934,fixed14,514074045.8039239,1669.122360602867,514072376.6815633
WOŁKOWYSKI,1934,fixed14,272837004.18365276,335.43013218319015,272836668.75352055
WOŁOŻYŃSKI,1934,fixed14,228906676.60947388,385.41422858478296,228906291.1952453
WRZESIŃSKI,1934,fixed14,422834720.4063115,2143.683700584434,422832576.72261095
WYRZYSKI,1934,fixed14,389898623.2957837,1727.1258930272097,389896896.16989064
WYSOKOMAZOWIECKI,1934,fixed14,285597896.5237864,702.6342254374202,285597193.889561
WĄBRZESKI,1934,fixed14,375469907.33658427,1896.7097482029797,375468010.62683606
WĄGROWIECKI,1934,fixed14,400644978.69028795,1354.2511737638215,400643624.4391142
WĘGROWSKI,1934,fixed14,292298640.2374241,914.9206424100772,292297725.31678164
WŁOCŁAWSKI,1934,fixed14,383609143.0243815,2757.99874389387,383606385.0256376
WŁODAWSKI,1934,fixed14,274605588.425045,557.3567267529386,274605031.06831825
WŁODZIMIERSKI,1934,fixed14,265359992.84871423,657.3165067781773,265359335.53220746
WŁOSZCZOWSKI,1934,fixed14,336208066.53061986,764.5786686896203,336207301.95195115
ZALESZCZYCKI,1934,fixed14,237437940.76110426,1044.424123495559,237436896.33698076
ZAMOJSKI,1934,fixed14,283337345.200974,1299.5640872656943,283336045.6368867
ZBARASKI,1934,fixed14,248707685.81703427,1131.297594551773,248706554.51943973
ZBOROWSKI,1934,fixed14,250743158.93973908,853.1165681636822,250742305.8231709
ZDOŁBUNOWSKI,1934,fixed14,242141558.3863217,928.6666777372255,242140629.71964395
ZŁOCZOWSKI,1934,fixed14,262393495.57017395,879.3916016147531,262392616.17857233
ŁASKI,1934,fixed14,380574648.56556416,2400.5703572122493,380572247.99520695
ŁAŃCUCKI,1934,fixed14,303860812.58868384,1287.0087558496584,303859525.579928
ŁOMŻYŃSKI,1934,fixed14,294189699.9601186,688.4380764239206,294189011.52204216
ŁOWICKI,1934,fixed14,367032292.65694964,1931.7992981721918,367030360.8576515
ŁUCKI,1934,fixed14,256521769.32346648,411.79839694153605,256521357.52506953
ŁUKOWSKI,1934,fixed14,306509893.19395655,888.9952148683167,306509004.1987417
ŁUNINIECKI,1934,fixed14,243586060.18818098,212.73956729795924,243585847.44861367
ŁÓDZKI,1934,fixed14,378125774.44714975,5672.266411001223,378120102.18073875
ŁÓDŹ (MIASTO),1934,fixed14,379187564.04141045,917859.5676049296,378269704.4738055
ŁĘCZYCKI,1934,fixed14,379877368.4966631,2016.7234777784442,379875351.7731853
ŚNIATYŃSKI,1934,fixed14,241289165.16457605,1908.2554113969793,241287256.90916467
ŚREDZKI,1934,fixed14,441784892.7390494,1814.5708184155303,441783078.16823095
ŚREMSKI,1934,fixed14,439696996.3128184,1672.442839912967,439695323.8699785
ŚWIECKI,1934,fixed14,370444283.3641198,1181.95553417813,370443101.40858567
ŚWIĘCIAŃSKI,1934,fixed14,235552138.7761666,279.51075188487295,235551859.2654147
ŚWIĘTOCHŁOWICKI,1934,fixed14,435044787.5555008,151745.78899125362,434893041.76650953
ŻNIŃSKI,1934,fixed14,411578358.94112176,1763.8837365496152,411576595.0573852
ŻYDACZOWSKI,1934,fixed14,259307516.2345319,917.4200288357567,259306598.81450307
ŻYWIECKI,1934,fixed14,374042338.52191377,1718.3516682551972,374040620.1702455
ŻÓŁKIEWSKI,1934,fixed14,268627299.8210398,1182.1867598845652,268626117.6342799
AUGUSTOWSKI,1935,fixed14,276484311.94979507,397.2521670998894,276483914.69762796
BARANOWICKI,1935,fixed14,266258012.95214123,346.0385271981636,266257666.91361403
BIALSKI (BIAŁA KRAKOWSKA),1935,fixed14,411608650.512144,5094.332341218662,411603556.17980283
BIALSKI (BIAŁA PODLASKA),1935,fixed14,319673142.34877497,847.1893041162481,319672295.15947086
BIAŁOSTOCKI,1935,fixed14,308591820.7993225,1037.5082675646393,308590783.2910549
BIELSKI (BIELSK PODLASKI),1935,fixed14,304732863.09741247,368.40911431361945,304732494.68829817
BIELSKO,1935,fixed14,414446475.9709418,14690.242523887793,414431785.7284179
BIŁGORAJSKI,1935,fixed14,292817879.3183995,647.8647986123965,292817231.4536009
BOCHEŃSKI,1935,fixed14,387641989.87582874,1513.717403239999,387640476.1584255
BORSZCZOWSKI,1935,fixed14,248984462.86256197,907.2425399153855,248983555.62002206
BRASŁAWSKI,1935,fixed14,241841543.3472864,209.4810131918248,241841333.86627322
BRODNICKI,1935,fixed14,391381456.2410667,1358.813028814135,391380097.4280379
BRODZKI,1935,fixed14,280423215.858106,912.009752523366,280422303.8483535
BRZESKI (BRZESKO),1935,fixed14,346478591.003262,1184.8382781614307,346477406.1649838
BRZESKI (BRZEŚĆ N.BUG.),1935,fixed14,312892189.7390904,434.49392449681307,312891755.2451659
BRZEZIŃSKI,1935,fixed14,396169464.9725374,3635.2374746951796,396165829.7350627
BRZEŻAŃSKI,1935,fixed14,275487590.632287,982.8489943378498,275486607.7832927
BRZOZOWSKI,1935,fixed14,313862276.8816192,1906.4816134456223,313860370.40000576
BUCZACKI,1935,fixed14,264760329.63257545,1007.6593067074419,264759321.97326875
BYDGOSKI,1935,fixed14,423208331.65271,2453.194662260655,423205878.45804775
BÓBRECKI,1935,fixed14,277270108.73293847,1146.5948166795743,277268962.1381218
BĘDZIŃSKI,1935,fixed14,438254746.70530236,7308.108495096285,438247438.59680724
BŁOŃSKI,1935,fixed14,377708017.583491,5140.1443356872915,377702877.43915534
CHEŁMIŃSKI,1935,fixed14,398398067.9186832,1601.9356921015496,398396465.9829911
CHEŁMSKI,1935,fixed14,309266812.03955746,808.6895490639691,309266003.35000837
CHODZIESKI,1935,fixed14,442448694.5961253,1321.2793908472386,442447373.31673443
CHOJNICKI,1935,fixed14,379155711.8308639,592.8768041847574,379155118.9540597
CHORZÓW,1935,fixed14,471822407.8242987,315602.6244129806,471506805.1998857
CHRZANOWSKI,1935,fixed14,430065680.0583465,6083.264904134907,430059596.79344237
CIECHANOWSKI,1935,fixed14,360597952.04793864,1334.0126493550274,360596618.0352893
CIESZYŃSKI,1935,fixed14,409423418.5687767,4551.980942607219,409418866.5878341
CZARNKOWSKI,1935,fixed14,433428819.07303137,1141.3201986366444,433427677.7528327
CZORTKOWSKI,1935,fixed14,262499983.68377277,1652.3854456935717,262498331.2983271
CZĘSTOCHOWSKI,1935,fixed14,398334767.98092157,2887.4951804237135,398331880.48574114
DOBROMILSKI,1935,fixed14,303030156.3518703,980.0148495989441,303029176.3370207
DOLIŃSKI,1935,fixed14,281809462.824856,584.6019283399552,281808878.22292763
DROHICKI,1935,fixed14,282805979.1676564,356.0722100788322,282805623.09544635
DROHOBYCKI,1935,fixed14,297682166.7811782,2149.3815001799067,297680017.399678
DUBIEŃSKI,1935,fixed14,267300229.85189503,467.9803651356509,267299761.8715299
DZIAŁDOWSKI,1935,fixed14,358239814.5766614,785.4298645734135,358239029.1467968
DZIŚNIEŃSKI,1935,fixed14,238855652.85261735,277.8805039962202,238855374.97211337
DĄBROWSKI,1935,fixed14,357290264.67088455,1009.8077365595022,357289254.863148
GARWOLIŃSKI,1935,fixed14,337568314.1668161,882.7977199523275,337567431.36909616
GNIEŹNIEŃSKI,1935,fixed14,448646914.66475683,1443.0604559826056,448645471.60430086
GORLICKI,1935,fixed14,339551796.43765384,1161.2801062736019,339550635.1575476
GOSTYNIŃSKI,1935,fixed14,385799974.9372237,1227.4700034094644,385798747.46722025
GOSTYŃSKI,1935,fixed14,487079112.2972437,1653.6691154432929,487077458.6281283
GRODZIEŃSKI,1935,fixed14,285395599.6883497,399.8429320120687,285395199.84541774
GRUDZIĄDZKI,1935,fixed14,397283805.0119204,3080.0042127513493,397280725.00770766
GRÓDECKI,1935,fixed14,292149176.33928776,1161.8741740204882,292148014.46511376
GRÓJECKI,1935,fixed14,355182850.7451008,1825.3987374253384,355181025.34636337
HOROCHOWSKI,1935,fixed14,268279123.95249885,638.6851615290383,268278485.26733732
HORODEŃSKI,1935,fixed14,255703878.42292696,1166.4603750150773,255702711.96255195
HRUBIESZOWSKI,1935,fixed14,292295017.349625,1024.050548276449,292293993.29907674
INOWROCŁAWSKI,1935,fixed14,431626811.00996286,1575.0942822213322,431625235.91568065
IWACEWICKI,1935,fixed14,279975204.55256724,263.465899567816,279974941.08666766
IŁŻECKI,1935,fixed14,344496359.81899303,1047.7932655897346,344495312.02572745
JANOWSKI,1935,fixed14,323732166.7997941,874.4587559471906,323731292.3410381
JAROCIŃSKI,1935,fixed14,469293924.44016445,1263.4733631496886,469292660.9668013
JAROSŁAWSKI,1935,fixed14,324927540.13851315,1062.067931419181,324926478.07058173
JASIELSKI,1935,fixed14,336531893.6428539,1073.744175617224,336530819.8986783
JAWOROWSKI,1935,fixed14,286096696.5821675,931.1121610281655,286095765.47000647
JĘDRZEJOWSKI,1935,fixed14,388402033.2897986,1033.3923257464019,388400999.89747286
KALISKI,1935,fixed14,436208166.6349254,1789.8964674940748,436206376.7384579
KAMIONECKI,1935,fixed14,285102132.0751797,831.316385817879,285101300.7587939
KARTUSKI,1935,fixed14,362598713.8647244,704.908429701977,362598008.9562947
KATOWICE,1935,fixed14,457103820.3950425,72438.31282729692,457031382.0822152
KAŁUSKI,1935,fixed14,271941825.2742681,739.4934620288954,271941085.78080606
KIELECKI,1935,fixed14,377417198.71883655,1350.2419216961714,377415848.4769148
KOBRYŃSKI,1935,fixed14,297617555.7005117,309.762650487402,297617245.9378612
KOLBUSZOWSKI,1935,fixed14,319759766.0900399,940.2102438280665,319758825.8797961
KOLSKI,1935,fixed14,429419061.62041265,1401.8555316373074,429417659.764881
KONECKI,1935,fixed14,377870756.68854696,1270.4051739863444,377869486.283373
KONIŃSKI,1935,fixed14,430382434.37933177,804.4891080879647,430381629.8902237
KOPYCZYNIECKI,1935,fixed14,261417536.04809433,1034.7055968058055,261416501.34249753
KOSOWSKI (KOSÓW HUCULSKI),1935,fixed14,250886744.4213855,337.6136435735294,250886406.8077419
KOSTOPOLSKI,1935,fixed14,258374521.66932833,388.97757082226167,258374132.6917575
KOSZYRSKI,1935,fixed14,269356291.4268228,223.30842520266427,269356068.1183976
KOWELSKI,1935,fixed14,284350914.8245187,233.77464318835956,284350681.0498755
KOZIENICKI,1935,fixed14,339596799.8532667,780.3756626255921,339596019.4776041
KOŁOMYJSKI,1935,fixed14,267438610.31754127,985.9188635406089,267437624.39867774
KOŚCIAŃSKI,1935,fixed14,507528935.86127836,1621.9421735587973,507527313.9191048
KOŚCIERSKI,1935,fixed14,370779077.20114547,746.8975232505819,370778330.30362225
KRAKOWSKI,1935,fixed14,402341743.7356943,2911.453734296036,402338832.28196
KRAKÓW (MIASTO),1935,fixed14,402715134.21816415,468213.977206864,402246920.24095726
KRASNOSTAWSKI,1935,fixed14,301196578.73729837,946.6214122212847,301195632.11588615
KROTOSZYŃSKI,1935,fixed14,462700791.4177375,1358.8632706344565,462699432.55446684
KROŚNIEŃSKI,1935,fixed14,330391747.3420871,2203.8360089812763,330389543.5060781
KRZEMIENIECKI,1935,fixed14,259274504.0287663,492.06030277123523,259274011.96846354
KUTNOWSKI,1935,fixed14,407997354.4637841,3000.3314163795167,407994354.13236773
KĘPIŃSKI,1935,fixed14,450943658.5541674,1039.7161835408392,450942618.83798385
LESKI,1935,fixed14,298713131.12256503,594.1741593714746,298712536.9484057
LESZCZYŃSKI,1935,fixed14,510258165.7515225,1744.136780910098,510256421.61474156
LIDZKI,1935,fixed14,271335360.7019029,329.4884984652339,271335031.2134045
LIMANOWSKI,1935,fixed14,357510262.621504,805.9778260758213,357509456.64367795
LIPNOWSKI,1935,fixed14,322023929.0213905,993.0705209309542,322022935.95086956
LUBACZOWSKI,1935,fixed14,281981915.7582043,768.6831796527099,281981147.0750246
LUBARTOWSKI,1935,fixed14,321787209.4501347,893.3073324411492,321786316.14280224
LUBAWSKI,1935,fixed14,371236656.36951005,1243.861402901403,371235412.5081071
LUBELSKI,1935,fixed14,326513943.975085,1915.4748542610405,326512028.5002307
LUBLINIECKI,1935,fixed14,444137574.6503816,1987.42709203391,444135587.2232896
LUBOMELSKI,1935,fixed14,291580208.8054339,292.87085556315157,291579915.93457836
LWOWSKI,1935,fixed14,294318467.63573825,1818.674437707846,294316648.96130055
LWÓW (MIASTO),1935,fixed14,300203990.93982893,223278.96468795458,299980711.975141
M. ST. WARSZAWA,1935,fixed14,371585388.63887405,746083.9845967306,370839304.6542773
MAKOWSKI (MAKÓW MAZOWIECKI),1935,fixed14,337817305.05024093,842.3810093721916,337816462.66923153
MIECHOWSKI,1935,fixed14,389428993.5772789,1177.717842418375,389427815.8594365
MIELECKI,1935,fixed14,348622137.9488827,899.0066765332087,348621238.94220614
MIĘDZYCHODZKI,1935,fixed14,500242714.67741376,1035.2500697877506,500241679.42734396
MIŃSKI,1935,fixed14,348027002.2015029,2028.6443751500806,348024973.5571278
MOGILEŃSKI,1935,fixed14,440403679.6646204,1046.6817046534236,440402632.98291576
MORSKI,1935,fixed14,359551566.3887024,1886.021066116332,359549680.36763626
MOŁODECZAŃSKI,1935,fixed14,254032595.3356301,494.7839623525236,254032100.55166775
MOŚCISKI,1935,fixed14,302498520.5869021,1111.5899922424069,302497408.99690986
MYŚLENICKI,1935,fixed14,358820752.6022018,1001.9737575278729,358819750.6284443
MŁAWSKI,1935,fixed14,356825514.809383,992.5459182936801,356824522.2634647
NADWÓRNIAŃSKI,1935,fixed14,264375020.7773991,582.9729915891788,264374437.8044075
NIESZAWSKI,1935,fixed14,419009505.9008364,1331.2682674317416,419008174.63256896
NIEŚWIESKI,1935,fixed14,253806068.27274436,653.3228136768197,253805414.94993067
NIŻAŃSKI,1935,fixed14,327539675.03001505,912.7215554208383,327538762.30845964
NOWOGRÓDZKI,1935,fixed14,266353498.88135314,364.64120136750483,266353134.24015176
NOWOSĄDECKI,1935,fixed14,352912439.7632486,1059.4631634216353,352911380.3000852
NOWOTARSKI,1935,fixed14,374110747.14248085,974.5747995714061,374109772.56768125
NOWOTOMYSKI,1935,fixed14,527925012.1859052,1227.9876650941312,527923784.1982401
OBORNICKI,1935,fixed14,468214288.6833829,1077.47852948364,468213211.2048534
OLKUSKI,1935,fixed14,405545488.9219453,1472.3628155779868,405544016.5591297
OPATOWSKI,1935,fixed14,352781064.6217681,1343.6959804483347,352779720.9257877
OPOCZYŃSKI,1935,fixed14,383357136.4927696,997.5115827784725,383356138.9811868
OSTROWSKI (OSTRÓW MAZOWIECKA),1935,fixed14,327334917.7372125,749.0376203529754,327334168.6995921
OSTROWSKI (OSTRÓW WIELKOPOLSKI),1935,fixed14,461954434.5820955,1191.7697436617182,461953242.8123518
OSTROŁĘCKI,1935,fixed14,320736342.6698407,454.5193230475403,320735888.15051764
OSZMIAŃSKI,1935,fixed14,244138273.0186051,361.98333638947895,244137911.03526872
PIOTRKOWSKI,1935,fixed14,390114461.7292981,1478.101504176181,390112983.62779397
PIŃCZOWSKI,1935,fixed14,355793998.19915885,1043.0382633461322,355792955.1608955
PIŃSKI,1935,fixed14,275947457.8166688,273.19701237452534,275947184.61965644
PODHAJECKI,1935,fixed14,276339758.15796065,809.135938532349,276338949.0220221
POSTAWSKI,1935,fixed14,242453606.0242804,209.79246302153345,242453396.23181736
POZNAŃ (MIASTO),1935,fixed14,506301147.8254397,262620.26793713024,506038527.55750257
POZNAŃSKI,1935,fixed14,493002006.0752345,2246.982618981829,492999759.0926155
PRUŻAŃSKI,1935,fixed14,294624782.4620488,405.94661241876815,294624376.5154364
PRZASNYCKI,1935,fixed14,312110695.22282344,774.4165976785755,312109920.8062258
PRZEMYSKI,1935,fixed14,319579353.34127253,1972.396601030338,319577380.9446715
PRZEMYŚLAŃSKI,1935,fixed14,283710698.0007098,1068.2730578294927,283709629.72765195
PRZEWORSKI,1935,fixed14,328217285.66265416,2597.9110431889694,328214687.751611
PSZCZYŃSKI,1935,fixed14,437882546.0874981,3383.449947296783,437879162.63755083
PUŁAWSKI,1935,fixed14,324708349.9548049,894.1744411834732,324707455.78036374
PUŁTUSKI,1935,fixed14,338283800.62793523,1119.644174366073,338282680.9837609
PŁOCKI,1935,fixed14,313129792.2732114,1680.6471517812224,313128111.62605965
PŁOŃSKI,1935,fixed14,344061988.355636,1142.3371875108255,344060846.0184485
RADOMSKI,1935,fixed14,359263765.50873363,1489.8629843228377,359262275.64574933
RADOMSZCZAŃSKI,1935,fixed14,399229830.5776571,1128.726188753917,399228701.8514683
RADZIECHOWSKI,1935,fixed14,273956778.2732533,732.4088465610674,273956045.86440676
RADZYMIŃSKI,1935,fixed14,355603129.70909625,3117.620910543501,355600012.0881857
RADZYŃSKI,1935,fixed14,325061010.71817595,867.9490892387824,325060142.7690867
RAWICKI,1935,fixed14,488370136.42651266,2357.7705640330005,488367778.65594864
RAWSKI (RAWA MAZOWIECKA),1935,fixed14,375725307.14423877,1138.1421395377242,375724169.0020992
RAWSKI (RAWA RUSKA),1935,fixed14,290315226.64583313,777.3440062272541,290314449.3018269
ROHATYŃSKI,1935,fixed14,273585194.46970904,942.0052547199355,273584252.4644543
ROPCZYCKI,1935,fixed14,352193517.9532744,989.7578441337802,352192528.1954303
RUDECKI,1935,fixed14,291686089.3481068,1245.909673551881,291684843.43843323
RYBNICKI,1935,fixed14,426102599.8905927,5548.552182924055,426097051.3384098
RYPIŃSKI,1935,fixed14,321359054.61408734,1147.4403975874402,321357907.1736898
RZESZOWSKI,1935,fixed14,336326887.33922327,1469.9740622127301,336325417.36516106
RÓWIEŃSKI,1935,fixed14,262205289.80290583,665.2643124267288,262204624.5385934
SAMBORSKI,1935,fixed14,306687072.53550875,1207.7713146967458,306685864.7641941
SANDOMIERSKI,1935,fixed14,339309103.1266232,1025.2123235303682,339308077.91429967
SANOCKI,1935,fixed14,301257742.074717,1092.7214799773906,301256649.35323703
SARNEŃSKI,1935,fixed14,265646753.6025392,229.45257311331076,265646524.1499661
SIEDLECKI,1935,fixed14,333712553.40463096,902.368231985176,333711651.03639895
SIERADZKI,1935,fixed14,422965450.7484234,1477.4231898492437,422963973.3252335
SIERPECKI,1935,fixed14,320620200.2871978,1099.3418704120274,320619100.9453274
SKAŁACKI,1935,fixed14,264738607.2170598,1079.244633015382,264737527.97242677
SKIERNIEWICKI,1935,fixed14,387303301.9544292,2150.5917481256174,387301151.3626811
SOCHACZEWSKI,1935,fixed14,373905746.86541563,2253.36278700929,373903493.5026286
SOKALSKI,1935,fixed14,282954707.6265211,954.17851259367,282953753.44800854
SOKOŁOWSKI,1935,fixed14,328430142.3488642,953.4601539096813,328429188.88871026
SOKÓLSKI,1935,fixed14,298548252.3122511,392.1468762548731,298547860.1653748
STANISŁAWOWSKI,1935,fixed14,275316238.0363497,1319.505417154766,275314918.53093255
STAROGARDZKI,1935,fixed14,373306051.3878889,1215.548628653466,373304835.8392603
STOLIŃSKI,1935,fixed14,255808258.9007952,176.2333017839871,255808082.6674934
STOPNICKI,1935,fixed14,333177028.4598595,749.6042286417138,333176278.8556309
STOŁPECKI,1935,fixed14,257426309.39259312,390.63917437956803,257425918.75341874
STRYJSKI,1935,fixed14,283450692.3133183,635.2115821037462,283450057.1017362
SUWALSKI,1935,fixed14,274129527.1236398,469.0748271473868,274129058.0488127
SZAMOTULSKI,1935,fixed14,486340563.7362968,1229.7345735701817,486339334.00172323
SZCZUCZYŃSKI (WOJ. BIAŁOSTOCKIE),1935,fixed14,291892232.58766866,608.0465511088953,291891624.54111755
SZCZUCZYŃSKI (WOJ. NOWOGRÓDZKIE),1935,fixed14,270777531.848137,325.1786350185238,270777206.669502
SZUBIŃSKI,1935,fixed14,431319469.75138533,1192.0212983398426,431318277.730087
SĘPOLEŃSKI,1935,fixed14,408318885.6052954,1646.8425080864229,408317238.76278734
SŁONIMSKI,1935,fixed14,280739630.0472254,351.23599220012414,280739278.8112332
TARNOBRZESKI,1935,fixed14,347010501.99664104,1117.7372587789198,347009384.25938225
TARNOGÓRSKI,1935,fixed14,458400453.544146,10750.865432157369,458389702.67871386
TARNOPOLSKI,1935,fixed14,273140405.3783513,1237.6145411378543,273139167.76381016
TARNOWSKI,1935,fixed14,365450542.20878476,2173.554096547773,365448368.65468824
TCZEWSKI,1935,fixed14,367517761.0383032,2118.4604731975223,367515642.57783
TOMASZOWSKI,1935,fixed14,286282827.8897901,822.7340523790115,286282005.15573776
TORUŃSKI,1935,fixed14,421101316.0100299,2677.0647645201825,421098638.9452654
TREMBOWELSKI,1935,fixed14,267724000.6461641,1111.7233089389954,267722888.92285514
TUCHOLSKI,1935,fixed14,393220495.35333234,830.7406408486494,393219664.6126915
TURCZAŃSKI,1935,fixed14,295054607.34101397,568.1465054775227,295054039.1945085
TURECKI,1935,fixed14,400390416.55922246,867.0346014321406,400389549.524621
TŁUMACKI,1935,fixed14,271327303.7309392,1207.6407923283805,271326096.0901469
WADOWICKI,1935,fixed14,400955408.6638412,1685.36655586202,400953723.2972853
WARSZAWSKI,1935,fixed14,367537674.53620577,21441.385225645896,367516233.1509801
WIELUŃSKI,1935,fixed14,450275933.77148664,852.3696359279096,450275081.4018507
WILEJSKI,1935,fixed14,243884688.77959725,267.778865482764,243884421.00073177
WILEŃSKO-TROCKI,1935,fixed14,263467428.167902,354.22444080357917,263467073.94346118
WILNO (MIASTO),1935,fixed14,269000618.8253149,73116.74876897084,268927502.0765459
WOLSZTYŃSKI,1935,fixed14,551878782.1141504,1267.576378959996,551877514.5377715
WOŁKOWYSKI,1935,fixed14,292727147.71345824,314.8489748438206,292726832.8644834
WOŁOŻYŃSKI,1935,fixed14,245613864.23242375,357.1560296214883,245613507.07639414
WRZESIŃSKI,1935,fixed14,453724037.3675162,1589.3174693441756,453722448.05004686
WYRZYSKI,1935,fixed14,418089066.8819787,1479.69270853631,418087587.18927014
WYSOKOMAZOWIECKI,1935,fixed14,306418412.5814607,627.6509199294983,306417784.9305408
WĄBRZESKI,1935,fixed14,402526255.23599994,1582.4932885432186,402524672.7427114
WĄGROWIECKI,1935,fixed14,429734682.1991417,1094.0225085426641,429733588.1766331
WĘGROWSKI,1935,fixed14,313602722.8819347,877.1454240842966,313601845.73651063
WŁOCŁAWSKI,1935,fixed14,411457915.8592124,2615.76052950308,411455300.0986829
WŁODAWSKI,1935,fixed14,294578631.78231996,535.2307611059257,294578096.55155885
WŁODZIMIERSKI,1935,fixed14,284725531.78791535,570.6362368121397,284724961.15167856
WŁOSZCZOWSKI,1935,fixed14,360823944.5055909,743.8625721734339,360823200.6430187
ZALESZCZYCKI,1935,fixed14,254820868.5309429,983.504648182332,254819885.0262947
ZAMOJSKI,1935,fixed14,304009775.11039805,1298.8034144555497,304008476.3069836
ZBARASKI,1935,fixed14,266908034.74915287,1026.8662550714816,266907007.8828978
ZBOROWSKI,1935,fixed14,269075982.60607255,771.1379193033833,269075211.46815324
ZDOŁBUNOWSKI,1935,fixed14,259811501.16788286,850.915117505248,259810650.25276536
ZŁOCZOWSKI,1935,fixed14,281585732.08173805,902.8425040948542,281584829.239234
ŁASKI,1935,fixed14,408353507.7749049,2485.427849352852,408351022.34705555
ŁAŃCUCKI,1935,fixed14,326102096.912883,1315.1210039100472,326100781.79187906
ŁOMŻYŃSKI,1935,fixed14,315620401.5501674,593.1811106976369,315619808.3690567
ŁOWICKI,1935,fixed14,393761966.149763,1818.4607889390436,393760147.688974
ŁUCKI,1935,fixed14,275245091.2557728,381.7798149382677,275244709.4759579
ŁUKOWSKI,1935,fixed14,328867102.99020445,800.7184784168338,328866302.271726
ŁUNINIECKI,1935,fixed14,261352984.43487856,236.3968398964522,261352748.03803867
ŁÓDZKI,1935,fixed14,405700522.26594484,5431.217737842459,405695091.048207
ŁÓDŹ (MIASTO),1935,fixed14,406846017.7679401,1001846.7022477029,405844171.0656924
ŁĘCZYCKI,1935,fixed14,407522600.6201517,2021.7255192942407,407520578.8946324
ŚNIATYŃSKI,1935,fixed14,258936644.01674467,1828.723688612908,258934815.29305607
ŚREDZKI,1935,fixed14,474123932.2266142,1425.5179829105978,474122506.7086313
ŚREMSKI,1935,fixed14,471955308.21483153,1205.008548933909,471954103.2062826
ŚWIECKI,1935,fixed14,396815274.44500333,1036.1272013488572,396814238.31780195
ŚWIĘCIAŃSKI,1935,fixed14,252738155.51864266,255.0215539001897,252737900.49708876
ŚWIĘTOCHŁOWICKI,1935,fixed14,467037852.9567594,170715.80152548733,466867137.1552339
ŻNIŃSKI,1935,fixed14,441432701.2032665,1439.1871416001234,441431262.0161249
ŻYDACZOWSKI,1935,fixed14,278278364.2626953,897.1827217314703,278277467.0799736
ŻYWIECKI,1935,fixed14,401512050.6065884,1666.3740055203807,401510384.2325829
ŻÓŁKIEWSKI,1935,fixed14,288249742.9992515,1152.1757089634689,288248590.82354254
AUGUSTOWSKI,1936,fixed14,300958258.9700469,476.31276391524153,300957782.65728295
BARANOWICKI,1936,fixed14,289808386.8543315,385.250100116888,289808001.60423136
BIALSKI (BIAŁA KRAKOWSKA),1936,fixed14,447912703.6294637,5498.38431606249,447907205.2451476
BIALSKI (BIAŁA PODLASKA),1936,fixed14,347830038.7202804,895.7476840122275,347829142.9725964
BIAŁOSTOCKI,1936,fixed14,335902931.22289735,1186.0511932365962,335901745.1717041
BIELSKI (BIELSK PODLASKI),1936,fixed14,331575335.55448043,425.8119164741189,331574909.74256396
BIELSKO,1936,fixed14,451099764.9521806,15594.618777304822,451084170.33340335
BIŁGORAJSKI,1936,fixed14,318605664.0962837,737.0543592725159,318604927.0419244
BOCHEŃSKI,1936,fixed14,421792447.7951015,1580.9761870757409,421790866.8189145
BORSZCZOWSKI,1936,fixed14,270909252.4390927,999.1624484739967,270908253.27664423
BRASŁAWSKI,1936,fixed14,263200212.95235035,220.9755552597793,263199991.97679508
BRODNICKI,1936,fixed14,425866745.31695807,1483.609442758514,425865261.7075153
BRODZKI,1936,fixed14,305120451.8239859,1012.0913858446762,305119439.73260003
BRZESKI (BRZESKO),1936,fixed14,376992901.03774434,1114.8183921153257,376991786.21935225
BRZESKI (BRZEŚĆ N.BUG.),1936,fixed14,340429946.8930127,458.84596650737217,340429488.0470462
BRZEZIŃSKI,1936,fixed14,430996510.9049698,3831.6490930935743,430992679.2558767
BRZEŻAŃSKI,1936,fixed14,299747484.8298463,1126.4542914763472,299746358.37555486
BRZOZOWSKI,1936,fixed14,341505214.10980123,1970.2865908490203,341503243.82321036
BUCZACKI,1936,fixed14,288075669.5670895,1098.2380287044516,288074571.3290608
BYDGOSKI,1936,fixed14,460551675.57484895,2727.6197674988216,460548947.95508146
BÓBRECKI,1936,fixed14,301687314.22982895,1221.5024477597021,301686092.72738117
BĘDZIŃSKI,1936,fixed14,476863348.8204972,8037.707400600641,476855311.1130966
BŁOŃSKI,1936,fixed14,410972142.5424196,5759.584164916084,410966382.9582547
CHEŁMIŃSKI,1936,fixed14,433493118.4256543,1762.5063681645279,433491355.91928613
CHEŁMSKI,1936,fixed14,336496884.7293254,880.8930519002353,336496003.8362735
CHODZIESKI,1936,fixed14,481412053.1789483,1587.5601830583757,481410465.61876523
CHOJNICKI,1936,fixed14,412637878.42917717,662.5314305570627,412637215.8977466
CHORZÓW,1936,fixed14,513396927.30491334,329539.12498251634,513067388.1799308
CHRZANOWSKI,1936,fixed14,467969180.0243009,6559.135834259089,467962620.8884666
CIECHANOWSKI,1936,fixed14,392358876.27223516,1486.5459816163313,392357389.7262535
CIESZYŃSKI,1936,fixed14,445487849.4205168,4739.879181401698,445483109.5413354
CZARNKOWSKI,1936,fixed14,471551502.9995926,1296.4509908552313,471550206.54860175
CZORTKOWSKI,1936,fixed14,285618882.8492323,1722.886770867064,285617159.9624615
CZĘSTOCHOWSKI,1936,fixed14,433433072.0532022,3168.6665307431663,433429903.3866715
DOBROMILSKI,1936,fixed14,329719482.12289375,1063.9235453449555,329718418.1993484
DOLIŃSKI,1936,fixed14,306629364.7373701,610.8971897676197,306628753.8401803
DROHICKI,1936,fixed14,307712452.1047231,389.685234461932,307712062.4194886
DROHOBYCKI,1936,fixed14,323876031.5869095,2331.9562950807103,323873699.6306144
DUBIEŃSKI,1936,fixed14,290838036.7791443,528.7093758756487,290837508.0697684
DZIAŁDOWSKI,1936,fixed14,390056152.441914,915.1986816338878,390055237.24323237
DZIŚNIEŃSKI,1936,fixed14,259953705.4728818,305.08477824140306,259953400.38810354
DĄBROWSKI,1936,fixed14,388753614.4190919,1085.4002437240608,388752529.0188482
GARWOLIŃSKI,1936,fixed14,367305956.336278,1053.4001921447773,367304902.9360859
GNIEŹNIEŃSKI,1936,fixed14,487917560.53164405,1723.337204533582,487915837.19443953
GORLICKI,1936,fixed14,369454272.2749631,1274.0838621301705,369452998.19110096
GOSTYNIŃSKI,1936,fixed14,419745214.215324,1400.2506143281196,419743813.96470964
GOSTYŃSKI,1936,fixed14,529936161.95652455,2092.482667654408,529934069.4738569
GRODZIEŃSKI,1936,fixed14,310603094.17858046,439.41284922962575,310602654.7657312
GRUDZIĄDZKI,1936,fixed14,432311359.2789016,3226.6064511418376,432308132.6724504
GRÓDECKI,1936,fixed14,317893005.19338864,1232.7600324649131,317891772.43335617
GRÓJECKI,1936,fixed14,386481383.8248069,2026.8741592561396,386479356.95064765
HOROCHOWSKI,1936,fixed14,291904451.4613957,704.0917277509132,291903747.36966795
HORODEŃSKI,1936,fixed14,278225906.45298666,1253.1312749864878,278224653.32171166
HRUBIESZOWSKI,1936,fixed14,318036894.5290597,1116.2502175988443,318035778.2788421
INOWROCŁAWSKI,1936,fixed14,469765608.7519061,1844.8323260870036,469763763.91958
IWACEWICKI,1936,fixed14,304645018.5856727,298.4936470668316,304644720.09202564
IŁŻECKI,1936,fixed14,374932519.5419761,1165.7219913902916,374931353.8199847
JANOWSKI,1936,fixed14,352252509.74067634,962.8883423958385,352251546.85233396
JAROCIŃSKI,1936,fixed14,510622942.73547745,1675.1249391779038,510621267.61053824
JAROSŁAWSKI,1936,fixed14,353438556.93534654,1173.0825101756993,353437383.8528364
JASIELSKI,1936,fixed14,366174662.7831251,1114.777930552568,366173548.00519454
JAWOROWSKI,1936,fixed14,311289516.92172426,1016.9305638133824,311288499.99116045
JĘDRZEJOWSKI,1936,fixed14,422605710.3754512,1074.388260365169,422604635.98719084
KALISKI,1936,fixed14,474854898.20819217,1956.1425477663788,474852942.0656444
KAMIONECKI,1936,fixed14,310217677.77599984,955.7133568807301,310216722.062643
KARTUSKI,1936,fixed14,394554760.62634504,739.8518696392714,394554020.7744754
KATOWICE,1936,fixed14,497217045.8252341,76515.48856872268,497140530.3366654
KAŁUSKI,1936,fixed14,295878302.6064831,741.8193687381347,295877560.7871144
KIELECKI,1936,fixed14,410664705.51821256,1451.5117160126235,410663254.00649655
KOBRYŃSKI,1936,fixed14,323816794.7201616,344.0303195023032,323816450.6898421
KOLBUSZOWSKI,1936,fixed14,347920666.9243053,977.5182877626239,347919689.40601754
KOLSKI,1936,fixed14,467232225.0864945,1577.6665850801019,467230647.4199094
KONECKI,1936,fixed14,411179095.1471309,1387.0493287316121,411177708.09780216
KONIŃSKI,1936,fixed14,468286213.38425267,1013.0801668378282,468285200.30408585
KOPYCZYNIECKI,1936,fixed14,284439912.7665213,1101.3999892320205,284438811.366532
KOSOWSKI (KOSÓW HUCULSKI),1936,fixed14,273010760.954891,358.0196918650274,273010402.93519914
KOSTOPOLSKI,1936,fixed14,281141437.50919104,441.4658711174467,281140996.04331994
KOSZYRSKI,1936,fixed14,293084470.37359494,247.99557585114627,293084222.3780191
KOWELSKI,1936,fixed14,309393163.06379783,268.4168001631475,309392894.6469977
KOZIENICKI,1936,fixed14,369508042.2400122,870.6339697228797,369507171.6060425
KOŁOMYJSKI,1936,fixed14,290995356.30032516,1017.342395544906,290994338.9579296
KOŚCIAŃSKI,1936,fixed14,552263731.92461,1978.3556973285793,552261753.5689127
KOŚCIERSKI,1936,fixed14,403504948.1782394,795.8843842309592,403504152.2938552
KRAKOWSKI,1936,fixed14,437777431.1440665,3019.5526329623935,437774411.5914335
KRAKÓW (MIASTO),1936,fixed14,438161756.48580784,490019.453861066,437671737.0319468
KRASNOSTAWSKI,1936,fixed14,327725473.552591,1036.2307298037977,327724437.3218612
KROTOSZYŃSKI,1936,fixed14,503538228.5555351,1743.2881942800645,503536485.2673408
KROŚNIEŃSKI,1936,fixed14,359510221.24503684,2452.6259058832743,359507768.61913097
KRZEMIENIECKI,1936,fixed14,282110306.4066836,547.6222763613433,282109758.78440726
KUTNOWSKI,1936,fixed14,443936809.1724262,3378.344072102237,443933430.8283541
KĘPIŃSKI,1936,fixed14,490665461.3671806,1270.4386938860935,490664190.9284867
LESKI,1936,fixed14,325008468.2961033,716.8027803524279,325007751.49332297
LESZCZYŃSKI,1936,fixed14,555121127.7285596,2163.7332853943744,555118963.9952742
LIDZKI,1936,fixed14,295326183.1308182,405.9975030594978,295325777.13331515
LIMANOWSKI,1936,fixed14,388998789.83516455,835.2101693130952,388997954.62499523
LIPNOWSKI,1936,fixed14,350392141.551648,1062.9696106134797,350391078.5820374
LUBACZOWSKI,1936,fixed14,306816227.0028263,881.487625164375,306815345.5152011
LUBARTOWSKI,1936,fixed14,350129354.35296893,959.4354191722001,350128394.9175497
LUBAWSKI,1936,fixed14,403940674.0087411,1422.9379738632304,403939251.0707672
LUBELSKI,1936,fixed14,355268316.63971865,2097.7816699441673,355266218.85804874
LUBLINIECKI,1936,fixed14,483247012.96570194,2030.3735767298845,483244982.59212524
LUBOMELSKI,1936,fixed14,317293141.6402453,326.3297592269845,317292815.3104861
LWOWSKI,1936,fixed14,320235438.0523469,1968.3772494019254,320233469.67509747
LWÓW (MIASTO),1936,fixed14,326636078.80446476,235930.61836372764,326400148.186101
M. ST. WARSZAWA,1936,fixed14,404316907.2656845,816081.7402538159,403500825.5254307
MAKOWSKI (MAKÓW MAZOWIECKI),1936,fixed14,367562357.2096349,892.8418205433138,367561464.36781436
MIECHOWSKI,1936,fixed14,423695454.925408,1233.3454374731584,423694221.57997054
MIELECKI,1936,fixed14,379321431.420173,1020.4150659495027,379320411.00510705
MIĘDZYCHODZKI,1936,fixed14,544299252.6419204,1164.9231127839853,544298087.7188077
MIŃSKI,1936,fixed14,378691994.6813324,2321.4658110020164,378689673.2155214
MOGILEŃSKI,1936,fixed14,479223268.4106262,1264.713364622466,479222003.6972616
MORSKI,1936,fixed14,391675333.0614591,2017.5011247042241,391673315.56033444
MOŁODECZAŃSKI,1936,fixed14,276468244.24494374,530.6596739580275,276467713.5852698
MOŚCISKI,1936,fixed14,329118802.45603454,1209.7323351824384,329117592.72369933
MYŚLENICKI,1936,fixed14,390421116.02033406,1034.6216665813179,390420081.39866745
MŁAWSKI,1936,fixed14,388230984.6850179,1054.0369903549686,388229930.64802754
NADWÓRNIAŃSKI,1936,fixed14,287653028.43397343,599.4038569630089,287652429.03011644
NIESZAWSKI,1936,fixed14,455918102.31557363,1513.736879752378,455916588.57869387
NIEŚWIESKI,1936,fixed14,276222534.5159089,691.9585856751493,276221842.5573232
NIŻAŃSKI,1936,fixed14,356393559.42030376,967.977042860022,356392591.4432609
NOWOGRÓDZKI,1936,fixed14,289887590.7414508,414.18171630161953,289887176.55973446
NOWOSĄDECKI,1936,fixed14,383984673.7323463,1117.400734484397,383983556.3316118
NOWOTARSKI,1936,fixed14,407051051.89634514,1033.065817015893,407050018.83052814
NOWOTOMYSKI,1936,fixed14,574410380.9074653,1554.438051224807,574408826.4694141
OBORNICKI,1936,fixed14,509412723.39910394,1318.0250654418428,509411405.3740385
OLKUSKI,1936,fixed14,441263198.07728773,1605.0278490482815,441261593.0494387
OPATOWSKI,1936,fixed14,383861588.9236918,1457.195290358102,383860131.7284014
OPOCZYŃSKI,1936,fixed14,417121580.66695637,1075.6865216658816,417120504.9804347
OSTROWSKI (OSTRÓW MAZOWIECKA),1936,fixed14,356317894.2259501,857.8597009867639,356317036.36624914
OSTROWSKI (OSTRÓW WIELKOPOLSKI),1936,fixed14,502759549.66409,1432.7137594704782,502758116.9503305
OSTROŁĘCKI,1936,fixed14,349129681.2036579,506.8967264363135,349129174.3069315
OSZMIAŃSKI,1936,fixed14,265697135.95683357,388.354234199138,265696747.60259938
PIOTRKOWSKI,1936,fixed14,424444327.6914946,1561.133249040891,424442766.55824554
PIŃCZOWSKI,1936,fixed14,387102661.74992067,1091.5619643329762,387101570.18795633
PIŃSKI,1936,fixed14,300246565.348952,292.82212450182357,300246272.5268275
PODHAJECKI,1936,fixed14,300676535.3719159,825.8857858984669,300675709.48613
POSTAWSKI,1936,fixed14,263868080.30834773,236.35738194461186,263867843.9509658
POZNAŃ (MIASTO),1936,fixed14,550885231.0978197,279859.8565633831,550605371.2412564
POZNAŃSKI,1936,fixed14,536245391.6795452,2612.7040265453343,536242778.9755187
PRUŻAŃSKI,1936,fixed14,320574362.21057814,425.90787208924655,320573936.30270606
PRZASNYCKI,1936,fixed14,339657030.9127059,815.3945514877739,339656215.5181544
PRZEMYSKI,1936,fixed14,347728919.8473801,2118.5894096490483,347726801.25797045
PRZEMYŚLAŃSKI,1936,fixed14,308697228.95221305,1191.7301844870456,308696037.22202855
PRZEWORSKI,1936,fixed14,357134692.4813332,2700.217474886119,357131992.2638583
PSZCZYŃSKI,1936,fixed14,476438147.5886875,3585.8408244072934,476434561.74786305
PUŁAWSKI,1936,fixed14,353355775.1196019,1012.2908870571875,353354762.82871485
PUŁTUSKI,1936,fixed14,368118464.5574966,1227.2829538864905,368117237.27454275
PŁOCKI,1936,fixed14,340694469.7026878,1805.9246955629435,340692663.77799225
PŁOŃSKI,1936,fixed14,374371343.8204552,1285.53462993992,374370058.28582525
RADOMSKI,1936,fixed14,390905679.58416086,1644.277650980019,390904035.3065099
RADOMSZCZAŃSKI,1936,fixed14,434397107.5198092,1189.8098260655593,434395917.7099831
RADZIECHOWSKI,1936,fixed14,298084302.68874675,785.8132737093354,298083516.875473
RADZYMIŃSKI,1936,fixed14,387097119.825662,3468.5932534237927,387093651.2324086
RADZYŃSKI,1936,fixed14,353699664.93811905,965.5976728163936,353698699.34044623
RAWICKI,1936,fixed14,531398719.700303,2799.1380791117076,531395920.5622239
RAWSKI (RAWA MAZOWIECKA),1936,fixed14,408816726.00595707,1281.3251028113812,408815444.68085426
RAWSKI (RAWA RUSKA),1936,fixed14,315883223.77737385,830.5856797050599,315882393.19169414
ROHATYŃSKI,1936,fixed14,297684171.8189515,917.9555329814591,297683253.8634185
ROPCZYCKI,1936,fixed14,383220094.4673298,999.0851258571611,383219095.38220394
RUDECKI,1936,fixed14,317374846.772031,1333.1011372009702,317373513.6708938
RYBNICKI,1936,fixed14,463630872.0092407,5791.696664546551,463625080.3125761
RYPIŃSKI,1936,fixed14,349662910.7729688,1208.2516256214633,349661702.52134323
RZESZOWSKI,1936,fixed14,365981172.5367455,1538.4622760338696,365979634.07446945
RÓWIEŃSKI,1936,fixed14,285274023.1539011,768.4362904446068,285273254.71761066
SAMBORSKI,1936,fixed14,333707141.461314,1302.6965874883308,333705838.7647265
SANDOMIERSKI,1936,fixed14,369205507.4357386,1092.4263783393887,369204415.0093603
SANOCKI,1936,fixed14,327841929.1987572,1257.928158736369,327840671.2705984
SARNEŃSKI,1936,fixed14,289043515.4353011,255.03447847367022,289043260.40082264
SIEDLECKI,1936,fixed14,363124238.2190463,998.9321005003711,363123239.2869458
SIERADZKI,1936,fixed14,460212900.8348827,1606.7733296991653,460211294.061553
SIERPECKI,1936,fixed14,348873003.69643724,1187.8083279498942,348871815.88810927
SKAŁACKI,1936,fixed14,288054979.5038361,1098.4436389827858,288053881.0601971
SKIERNIEWICKI,1936,fixed14,421417027.4299353,2249.888647234048,421414777.541288
SOCHACZEWSKI,1936,fixed14,406860471.5426525,2547.078056375157,406857924.4645961
SOKALSKI,1936,fixed14,307875632.8291773,989.419083586261,307874643.4100937
SOKOŁOWSKI,1936,fixed14,357467889.0478205,1011.673677523404,357466877.374143
SOKÓLSKI,1936,fixed14,324954961.9011968,453.86807993433086,324954508.0331168
STANISŁAWOWSKI,1936,fixed14,299565822.21849334,1349.7003931832112,299564472.51810014
STAROGARDZKI,1936,fixed14,406207443.51101524,1297.1834528333015,406206146.3275624
STOLIŃSKI,1936,fixed14,278346932.4717788,197.78797348923501,278346734.68380535
STOPNICKI,1936,fixed14,362516156.22702956,818.6222323331001,362515337.60479724
STOŁPECKI,1936,fixed14,280159469.4883365,409.68082947507617,280159059.80750704
STRYJSKI,1936,fixed14,308411718.23143655,643.4815774920803,308411074.74985904
SUWALSKI,1936,fixed14,298350045.9261136,527.9233667533107,298349518.0027469
SZAMOTULSKI,1936,fixed14,529175114.7415199,1432.5848249852709,529173682.15669495
SZCZUCZYŃSKI (WOJ. BIAŁOSTOCKIE),1936,fixed14,317709458.70968986,670.7996615994705,317708787.9100283
SZCZUCZYŃSKI (WOJ. NOWOGRÓDZKIE),1936,fixed14,294706961.7559028,367.6367522748338,294706594.1191506
SZUBIŃSKI,1936,fixed14,469330290.08869755,1364.6580502087745,469328925.4306474
SĘPOLEŃSKI,1936,fixed14,444338185.91870534,1843.9093771085136,444336342.00932825
SŁONIMSKI,1936,fixed14,305547898.24223405,394.9508748972389,305547503.2913591
TARNOBRZESKI,1936,fixed14,377572744.9324978,1163.1384220518967,377571581.7940757
TARNOGÓRSKI,1936,fixed14,498777424.2682935,11062.761696555051,498766361.5065969
TARNOPOLSKI,1936,fixed14,297199667.0164521,1303.9647539788502,297198363.0516981
TARNOWSKI,1936,fixed14,397656717.5010097,2243.2823482556855,397654474.2186614
TCZEWSKI,1936,fixed14,399924285.457602,2228.425591546749,399922057.0320105
TOMASZOWSKI,1936,fixed14,311492115.59361273,928.5455421086649,311491187.0480706
TORUŃSKI,1936,fixed14,458273544.4136416,2795.397136885953,458270749.0165047
TREMBOWELSKI,1936,fixed14,291302472.99467474,1148.0730447593642,291301324.92162997
TUCHOLSKI,1936,fixed14,427867704.6821218,962.9966471632488,427866741.68547463
TURCZAŃSKI,1936,fixed14,321036397.4362186,613.9259554354933,321035783.5102632
TURECKI,1936,fixed14,435665434.7422886,976.5557173427222,435664458.18657124
TŁUMACKI,1936,fixed14,295215540.5287724,1225.1444350276395,295214315.38433737
WADOWICKI,1936,fixed14,436257772.92510813,1731.5776747871337,436256041.3474333
WARSZAWSKI,1936,fixed14,399921534.6937343,23825.80507311217,399897708.8886612
WIELUŃSKI,1936,fixed14,489933587.5040843,910.5377193790193,489932676.9663649
WILEJSKI,1936,fixed14,265421140.14130625,300.2932777735376,265420839.84802848
WILEŃSKO-TROCKI,1936,fixed14,286734911.0676832,405.3577035124779,286734505.7099797
WILNO (MIASTO),1936,fixed14,292769815.5610064,77463.80063370385,292692351.7603727
WOLSZTYŃSKI,1936,fixed14,600479716.8694663,1505.1000619365946,600478211.7694044
WOŁKOWYSKI,1936,fixed14,318608755.9126,350.57091352106755,318608405.3416865
WOŁOŻYŃSKI,1936,fixed14,267302644.32533997,395.91711830969683,267302248.40822166
WRZESIŃSKI,1936,fixed14,493753891.3383414,2158.469573476639,493751732.8687679
WYRZYSKI,1936,fixed14,454922800.5107073,1638.5694821255936,454921161.9412252
WYSOKOMAZOWIECKI,1936,fixed14,333540801.93263704,710.6116110513976,333540091.32102597
WĄBRZESKI,1936,fixed14,438006824.86515534,1769.9748747761687,438005054.89028054
WĄGROWIECKI,1936,fixed14,467613536.2707105,1313.3606739750217,467612222.91003656
WĘGROWSKI,1936,fixed14,341290394.60944504,1010.7417814342275,341289383.8676636
WŁOCŁAWSKI,1936,fixed14,447710269.8241452,2924.5026394130728,447707345.3215058
WŁODAWSKI,1936,fixed14,320455596.7472998,588.2250227761945,320455008.522277
WŁODZIMIERSKI,1936,fixed14,309801647.4173391,632.0231871313772,309801015.3941519
WŁOSZCZOWSKI,1936,fixed14,392600817.31499,756.3543611213423,392600060.96062887
ZALESZCZYCKI,1936,fixed14,277278323.56476545,1107.0528515179712,277277216.51191396
ZAMOJSKI,1936,fixed14,330784670.7651941,1457.1306675240078,330783213.6345266
ZBARASKI,1936,fixed14,290426384.8075528,1122.6149232411803,290425262.1926296
ZBOROWSKI,1936,fixed14,292767550.8270039,928.9963360450248,292766621.83066785
ZDOŁBUNOWSKI,1936,fixed14,282679081.29497683,947.0896427473494,282678134.20533407
ZŁOCZOWSKI,1936,fixed14,306385832.9664162,1010.6437551484469,306384822.32266104
ŁASKI,1936,fixed14,444319516.0599928,2653.1820450997734,444316862.8779477
ŁAŃCUCKI,1936,fixed14,354835651.355693,1363.57853447339,354834287.7771585
ŁOMŻYŃSKI,1936,fixed14,343555270.889657,675.0731517015124,343554595.8165053
ŁOWICKI,1936,fixed14,428446488.12295765,1985.7494713326696,428444502.37348634
ŁUCKI,1936,fixed14,299484972.9749649,442.7690646231597,299484530.2059003
ŁUKOWSKI,1936,fixed14,357842055.1206755,890.6803623115898,357841164.4403132
ŁUNINIECKI,1936,fixed14,284358827.3093582,252.20169622906414,284358575.10766196
ŁÓDZKI,1936,fixed14,441447147.088179,5760.490823717468,441441386.59735525
ŁÓDŹ (MIASTO),1936,fixed14,442659935.84883714,1071815.223170261,441588120.62566686
ŁĘCZYCKI,1936,fixed14,443421511.535996,2142.4404918178025,443419369.0955042
ŚNIATYŃSKI,1936,fixed14,281737939.702607,1842.1567240108977,281736097.54588294
ŚREDZKI,1936,fixed14,515895821.02405024,1793.1504102582917,515894027.87364
ŚREMSKI,1936,fixed14,513582526.4177771,1573.4252169066453,513580952.9925602
ŚWIECKI,1936,fixed14,431770010.3835369,1169.067039326214,431768841.31649756
ŚWIĘCIAŃSKI,1936,fixed14,275064785.30969006,293.0872465315921,275064492.2224435
ŚWIĘTOCHŁOWICKI,1936,fixed14,508157601.9034415,181583.58689472068,507976018.3165468
ŻNIŃSKI,1936,fixed14,480334499.78710794,1661.8067957244598,480332837.9803122
ŻYDACZOWSKI,1936,fixed14,302791983.044546,903.7080493644437,302791079.33649665
ŻYWIECKI,1936,fixed14,436867867.3444335,1720.6254690514209,436866146.71896446
ŻÓŁKIEWSKI,1936,fixed14,313628866.25561035,1232.2686309549795,313627633.98697937
AUGUSTOWSKI,1937,fixed14,319762810.9130941,588.1041470390303,319762222.8089471
BARANOWICKI,1937,fixed14,307893335.94457495,521.1219601810086,307892814.8226148
BIALSKI (BIAŁA KRAKOWSKA),1937,fixed14,475654079.94989526,6123.028604963092,475647956.9212903
BIALSKI (BIAŁA PODLASKA),1937,fixed14,369510814.68239707,1111.9773706495464,369509702.70502645
BIAŁOSTOCKI,1937,fixed14,356876224.0380617,1309.8877904969045,356874914.1502712
BIELSKI (BIELSK PODLASKI),1937,fixed14,352243081.32456946,522.5601817553245,352242558.7643877
BIELSKO,1937,fixed14,479138332.17098796,17181.681442620767,479121150.48954535
BIŁGORAJSKI,1937,fixed14,338445570.3714713,934.0583114624701,338444636.3131598
BOCHEŃSKI,1937,fixed14,447894730.69455403,1941.154943139012,447892789.53961086
BORSZCZOWSKI,1937,fixed14,287735395.10352844,1336.741303477909,287734058.36222494
BRASŁAWSKI,1937,fixed14,279601490.3849812,411.9750401001562,279601078.40994114
BRODNICKI,1937,fixed14,452838988.71323574,1906.1069750247252,452837082.6062607
BRODZKI,1937,fixed14,324073738.86280113,1245.142607527072,324072493.7201936
BRZESKI (BRZESKO),1937,fixed14,400333129.2294431,1493.093755231343,400331636.1356878
BRZESKI (BRZEŚĆ N.BUG.),1937,fixed14,361625235.1089611,648.7051145051156,361624586.4038466
BRZEZIŃSKI,1937,fixed14,457781917.0322766,4111.999765380897,457777805.0325112
BRZEŻAŃSKI,1937,fixed14,318364633.356174,1430.3891254722969,318363202.9670485
BRZOZOWSKI,1937,fixed14,362704535.6532407,2309.688137870886,362702225.9651028
BUCZACKI,1937,fixed14,305964319.56191474,1438.286354760491,305962881.27555996
BYDGOSKI,1937,fixed14,489727704.07574916,3002.520644560295,489724701.5551046
BÓBRECKI,1937,fixed14,320425234.0062165,1503.6790731318915,320423730.3271434
BĘDZIŃSKI,1937,fixed14,506348098.088578,8907.83437942789,506339190.25419855
BŁOŃSKI,1937,fixed14,436596578.48729557,6062.814153604064,436590515.67314196
CHEŁMIŃSKI,1937,fixed14,460908543.3277505,2220.769062603606,460906322.5586879
CHEŁMSKI,1937,fixed14,357449537.5069807,1121.8020536803383,357448415.704927
CHODZIESKI,1937,fixed14,511516762.7784161,1850.489031441678,511514912.28938466
CHOJNICKI,1937,fixed14,438963265.0244631,843.3089909893931,438962421.7154721
CHORZÓW,1937,fixed14,545128358.2907317,354293.2677625687,544774065.0229691
CHRZANOWSKI,1937,fixed14,496916292.81971884,7320.792027455344,496908972.02769136
CIECHANOWSKI,1937,fixed14,417041230.42282414,1724.4059836802005,417039506.01684046
CIESZYŃSKI,1937,fixed14,473032421.04691374,5256.677799347737,473027164.3691144
CZARNKOWSKI,1937,fixed14,500880975.44803715,1509.3718079283703,500879466.0762292
CZORTKOWSKI,1937,fixed14,303359336.6530696,2093.1513208631623,303357243.50174874
CZĘSTOCHOWSKI,1937,fixed14,460327849.4190506,3530.8986621650492,460324318.5203884
DOBROMILSKI,1937,fixed14,350186828.0116069,1271.9845414254225,350185556.02706546
DOLIŃSKI,1937,fixed14,325669997.5099127,713.0098171300698,325669284.5000956
DROHICKI,1937,fixed14,326876917.8027641,575.5823867981065,326876342.2203773
DROHOBYCKI,1937,fixed14,343959721.04812896,2561.279629418912,343957159.76849955
DUBIEŃSKI,1937,fixed14,308911420.1851639,760.9993861631987,308910659.1857777
DZIAŁDOWSKI,1937,fixed14,414911677.74237436,1138.4155590823011,414910539.3268153
DZIŚNIEŃSKI,1937,fixed14,276155275.9738656,380.358826649007,276154895.615039
DĄBROWSKI,1937,fixed14,412813199.97239256,1466.3815663802884,412811733.59082615
GARWOLIŃSKI,1937,fixed14,390233835.42171556,1340.7849417117445,390232494.6367738
GNIEŹNIEŃSKI,1937,fixed14,518135458.2139526,1969.570236476808,518133488.6437161
GORLICKI,1937,fixed14,392328746.0995032,1557.8268881685108,392327188.2726151
GOSTYNIŃSKI,1937,fixed14,445930024.0551268,1624.9409577944373,445928399.114169
GOSTYŃSKI,1937,fixed14,562736299.9188385,2573.816574559454,562733726.1022639
GRODZIEŃSKI,1937,fixed14,329951864.1775955,525.8557865579769,329951338.32180893
GRUDZIĄDZKI,1937,fixed14,459880052.89831907,4007.599884714966,459876045.2984344
GRÓDECKI,1937,fixed14,337651911.8542394,1464.5432736504456,337650447.3109658
GRÓJECKI,1937,fixed14,410615907.5709441,2294.9959933342448,410613612.57495075
HOROCHOWSKI,1937,fixed14,310057224.28741604,1007.6733101547583,310056216.6141059
HORODEŃSKI,1937,fixed14,295507974.5101838,1584.265193968303,295506390.2449899
HRUBIESZOWSKI,1937,fixed14,337841516.15061194,1433.8437715065502,337840082.3068404
INOWROCŁAWSKI,1937,fixed14,499371227.28121704,2148.9822527766332,499369078.29896426
IWACEWICKI,1937,fixed14,323630013.5595792,405.71273574331536,323629607.8468434
IŁŻECKI,1937,fixed14,398330704.66805834,1369.3412101822441,398329335.32684815
JANOWSKI,1937,fixed14,374177131.23357,1255.4596181956585,374175875.77395177
JAROCIŃSKI,1937,fixed14,542351760.1791216,1978.645623278799,542349781.5334983
JAROSŁAWSKI,1937,fixed14,375268875.10096025,1434.7157591515058,375267440.3852011
JASIELSKI,1937,fixed14,388855745.86722445,1418.4313167086984,388854327.4359077
JAWOROWSKI,1937,fixed14,330621314.35332114,1249.7786249909977,330620064.5746961
JĘDRZEJOWSKI,1937,fixed14,448790043.43857604,1331.0557708090878,448788712.3828052
KALISKI,1937,fixed14,504548440.05988014,2231.3234050981505,504546208.73647505
KAMIONECKI,1937,fixed14,329493716.0097861,1204.3947094089287,329492511.6150767
KARTUSKI,1937,fixed14,420396810.68373173,887.0407817807785,420395923.64294994
KATOWICE,1937,fixed14,527772165.58074117,83167.89897346975,527688997.6817677
KAŁUSKI,1937,fixed14,314237933.3969282,970.5422173803955,314236962.8547108
KIELECKI,1937,fixed14,436161331.06700283,1662.451298649644,436159668.6157042
KOBRYŃSKI,1937,fixed14,343977665.3629304,501.20842817057905,343977164.1545023
KOLBUSZOWSKI,1937,fixed14,369515263.8452553,1220.414891478417,369514043.43036383
KOLSKI,1937,fixed14,496395294.420248,1836.064431594482,496393458.35581636
KONECKI,1937,fixed14,436782169.56862193,1576.7040795988307,436780592.8645423
KONIŃSKI,1937,fixed14,497462903.1427052,1248.257218608103,497461654.8854866
KOPYCZYNIECKI,1937,fixed14,302108825.84715223,1466.7698364065127,302107359.0773158
KOSOWSKI (KOSÓW HUCULSKI),1937,fixed14,289996066.6563835,425.7578188225701,289995640.8985647
KOSTOPOLSKI,1937,fixed14,298648253.52695817,574.0022362140528,298647679.524722
KOSZYRSKI,1937,fixed14,311339317.7856096,361.8533526458617,311338955.93225694
KOWELSKI,1937,fixed14,328657268.84642,378.7477668126156,328656890.0986532
KOZIENICKI,1937,fixed14,392528071.82817596,1050.8973140142725,392527020.93086195
KOŁOMYJSKI,1937,fixed14,309070817.62676984,1280.1132993864958,309069537.5134705
KOŚCIAŃSKI,1937,fixed14,586508292.2935673,2424.563006528514,586505867.7305608
KOŚCIERSKI,1937,fixed14,429720939.614324,989.4703244413971,429719950.1439995
KRAKOWSKI,1937,fixed14,464849695.2725641,3526.6292610801283,464846168.64330304
KRAKÓW (MIASTO),1937,fixed14,465210093.53559244,475598.0486290896,464734495.48696333
KRASNOSTAWSKI,1937,fixed14,348139290.09016174,1431.4781181072428,348137858.6120436
KROTOSZYŃSKI,1937,fixed14,534896164.95397437,2035.0872012577918,534894129.8667731
KROŚNIEŃSKI,1937,fixed14,381798055.5914016,2864.9115704508963,381795190.67983115
KRZEMIENIECKI,1937,fixed14,299646266.83301526,769.0142028649016,299645497.8188124
KUTNOWSKI,1937,fixed14,471694339.2169411,3771.626905129313,471690567.590036
KĘPIŃSKI,1937,fixed14,521076137.54010725,1521.9735221451147,521074615.5665851
LESKI,1937,fixed14,345144126.4445262,929.2320713975847,345143197.2124548
LESZCZYŃSKI,1937,fixed14,589379363.2910197,2525.3144581324977,589376837.9765615
LIDZKI,1937,fixed14,313748597.55578136,541.2097120019359,313748056.34606934
LIMANOWSKI,1937,fixed14,413079480.63482374,1145.8253847630824,413078334.809439
LIPNOWSKI,1937,fixed14,462109639.8293523,1215.7566927322223,462108424.0726596
LUBACZOWSKI,1937,fixed14,325908424.8383748,1094.9039626660488,325907329.9344121
LUBARTOWSKI,1937,fixed14,371942968.91272885,1265.8072154092401,371941703.10551345
LUBAWSKI,1937,fixed14,429477164.5623923,1656.260373485309,429475508.3020188
LUBELSKI,1937,fixed14,377401407.23182446,2520.5714351328234,377398886.6603893
LUBLINIECKI,1937,fixed14,513136584.23332214,2409.914893054193,513134174.3184291
LUBOMELSKI,1937,fixed14,337085009.8409118,441.05460687952166,337084568.78630495
LWOWSKI,1937,fixed14,340122180.6076819,2176.4101067632973,340120004.1975751
LWÓW (MIASTO),1937,fixed14,346897396.8059118,224291.2637711812,346673105.5421406
M. ST. WARSZAWA,1937,fixed14,429519767.8499727,808061.6645043202,428711706.1854684
MAKOWSKI (MAKÓW MAZOWIECKI),1937,fixed14,390641195.43235046,1050.6455221459232,390640144.78682834
MIECHOWSKI,1937,fixed14,449872318.3113754,1566.3473555047206,449870751.9640199
MIELECKI,1937,fixed14,402855055.1641041,1352.0385277152586,402853703.1255764
MIĘDZYCHODZKI,1937,fixed14,577955575.2657838,1413.502131793916,577954161.763652
MIŃSKI,1937,fixed14,402356085.3516683,2600.9091098763965,402353484.4425584
MOGILEŃSKI,1937,fixed14,509261401.3986233,1484.4717508978897,509259916.9268724
MORSKI,1937,fixed14,418241524.18327916,2438.483163719223,418239085.70011544
MOŁODECZAŃSKI,1937,fixed14,293691762.35500896,661.7138728840059,293691100.64113605
MOŚCISKI,1937,fixed14,349530986.50286335,1560.406792100102,349529426.09607124
MYŚLENICKI,1937,fixed14,414585532.547394,1406.346454322733,414584126.20093966
MŁAWSKI,1937,fixed14,412653809.56798303,1234.9965655026538,412652574.5714175
NADWÓRNIAŃSKI,1937,fixed14,305511853.8330934,709.5017509574768,305511144.33134246
NIESZAWSKI,1937,fixed14,484507057.9987797,1742.1822408876938,484505315.8165388
NIEŚWIESKI,1937,fixed14,293429143.1275107,920.5913361571221,293428222.5361746
NIŻAŃSKI,1937,fixed14,378545051.5002911,1178.2305753391483,378543873.2697158
NOWOGRÓDZKI,1937,fixed14,307952281.01120675,585.4130926369307,307951695.59811413
NOWOSĄDECKI,1937,fixed14,407745417.97100896,1373.4867450911242,407744044.48426384
NOWOTARSKI,1937,fixed14,432229606.19546646,1244.309906563461,432228361.8855599
NOWOTOMYSKI,1937,fixed14,609902561.0795,1864.833242738052,609900696.2462572
OBORNICKI,1937,fixed14,541078831.4642159,1583.346887264931,541077248.1173286
OLKUSKI,1937,fixed14,468549081.20552635,1865.707328818978,468547215.49819756
OPATOWSKI,1937,fixed14,407724105.5535325,1737.5493141409327,407722368.00421834
OPOCZYŃSKI,1937,fixed14,443091323.5206175,1308.3021011257576,443090015.21851635
OSTROWSKI (OSTRÓW MAZOWIECKA),1937,fixed14,378571422.9721509,1021.1669343951274,378570401.80521655
OSTROWSKI (OSTRÓW WIELKOPOLSKI),1937,fixed14,534068008.26940507,1706.1575844590002,534066302.1118206
OSTROŁĘCKI,1937,fixed14,370931708.01577055,637.4510666902399,370931070.5647039
OSZMIAŃSKI,1937,fixed14,282248256.77361405,498.8646673207976,282247757.90894675
PIOTRKOWSKI,1937,fixed14,450816198.545093,1796.3106456761504,450814402.2344473
PIŃCZOWSKI,1937,fixed14,411073582.64395267,1386.480058190782,411072196.1638945
PIŃSKI,1937,fixed14,318940463.6189346,409.0285750664461,318940054.5903595
PODHAJECKI,1937,fixed14,319353394.09917206,1152.1666557481908,319352241.93251634
POSTAWSKI,1937,fixed14,280312564.2696955,307.77339343772434,280312256.49630207
POZNAŃ (MIASTO),1937,fixed14,585075234.4609196,290464.547376143,584784769.9135435
POZNAŃSKI,1937,fixed14,569373625.517317,2974.8483465080617,569370650.6689706
PRUŻAŃSKI,1937,fixed14,340546157.44391334,616.3464008583001,340545541.0975125
PRZASNYCKI,1937,fixed14,360803620.25285447,943.9010509057963,360802676.35180354
PRZEMYSKI,1937,fixed14,369319166.7510522,2377.507159739981,369316789.24389243
PRZEMYŚLAŃSKI,1937,fixed14,327872243.8135024,1489.9055797982383,327870753.90792257
PRZEWORSKI,1937,fixed14,379314959.4280674,3184.625630168477,379311774.80243725
PSZCZYŃSKI,1937,fixed14,505859761.21051323,4285.820892596514,505855475.38962066
PUŁAWSKI,1937,fixed14,375422758.9501947,1310.749451643757,375421448.2007431
PUŁTUSKI,1937,fixed14,397453374.9658892,1420.9618827738684,397451954.00400645
PŁOCKI,1937,fixed14,416921883.2170063,2044.2148021283963,416919839.0022042
PŁOŃSKI,1937,fixed14,424853778.3862396,1553.7994870136517,424852224.5867526
RADOMSKI,1937,fixed14,415233462.17588526,1886.6515829888826,415231575.52430224
RADOMSZCZAŃSKI,1937,fixed14,461380663.7781043,1406.7273469156744,461379257.0507574
RADZIECHOWSKI,1937,fixed14,316604297.48051536,1018.4031449674344,316603279.0773704
RADZYMIŃSKI,1937,fixed14,411299304.60013807,3697.5797521187988,411295607.0203859
RADZYŃSKI,1937,fixed14,375756079.1262787,1227.1632687530355,375754851.96300995
RAWICKI,1937,fixed14,564318403.0191039,3174.776683701262,564315228.2424202
RAWSKI (RAWA MAZOWIECKA),1937,fixed14,434278963.0080041,1488.4112978738124,434277474.5967063
RAWSKI (RAWA RUSKA),1937,fixed14,335540304.17297477,1042.5738717308132,335539261.59910303
ROHATYŃSKI,1937,fixed14,316180353.6800841,1264.8304727182908,316179088.8496114
ROPCZYCKI,1937,fixed14,406979484.73974794,1306.3359846563385,406978178.4037633
RUDECKI,1937,fixed14,337080715.76404643,1727.0857459220422,337078988.6783005
RYBNICKI,1937,fixed14,492280527.8310505,6949.180278601283,492273578.6507719
RYPIŃSKI,1937,fixed14,443405494.9974542,1449.8286957319099,443404045.1687585
RZESZOWSKI,1937,fixed14,388704553.7488474,1862.7580166426121,388702690.9908308
RÓWIEŃSKI,1937,fixed14,303002494.909851,1012.8988959297725,303001482.0109551
SAMBORSKI,1937,fixed14,354435419.32779026,1570.5677318881894,354433848.76005834
SANDOMIERSKI,1937,fixed14,392120694.19330263,1357.5698545969756,392119336.623448
SANOCKI,1937,fixed14,348217905.7992,1508.3895664359811,348216397.4096336
SARNEŃSKI,1937,fixed14,307037597.5115394,332.46196166867173,307037265.0495777
SIEDLECKI,1937,fixed14,385799786.2369213,1198.2638499154948,385798587.9730714
SIERADZKI,1937,fixed14,488797272.06497,1888.5453523782815,488795383.5196176
SIERPECKI,1937,fixed14,426953143.7773345,1460.78903631988,426951682.9882982
SKAŁACKI,1937,fixed14,305949892.76556486,1436.6685854723144,305948456.0969794
SKIERNIEWICKI,1937,fixed14,447701960.91242653,2566.3693199735203,447699394.54310656
SOCHACZEWSKI,1937,fixed14,432269186.5564193,2799.4948092111254,432266387.0616101
SOKALSKI,1937,fixed14,327027472.93454254,1223.2823045715243,327026249.65223795
SOKOŁOWSKI,1937,fixed14,379809631.6666851,1268.6974295195412,379808362.96925557
SOKÓLSKI,1937,fixed14,345232104.8392105,574.3404421920708,345231530.4987683
STANISŁAWOWSKI,1937,fixed14,318171929.01948416,1624.6229193714025,318170304.3965648
STAROGARDZKI,1937,fixed14,432457490.9394138,1589.0794601553396,432455901.85995364
STOLIŃSKI,1937,fixed14,295684986.672896,269.308710157187,295684717.36418587
STOPNICKI,1937,fixed14,384996010.3665252,1039.0758483682728,384994971.29067683
STOŁPECKI,1937,fixed14,297607340.5247032,542.2354142096574,297606798.289289
STRYJSKI,1937,fixed14,327559374.15191203,790.3199737342123,327558583.8319383
SUWALSKI,1937,fixed14,316946060.39624846,642.535840971448,316945417.8604075
SZAMOTULSKI,1937,fixed14,561986190.7965791,1737.5229763618006,561984453.2736027
SZCZUCZYŃSKI (WOJ. BIAŁOSTOCKIE),1937,fixed14,337535730.77684337,807.8646939948763,337534922.91214937
SZCZUCZYŃSKI (WOJ. NOWOGRÓDZKIE),1937,fixed14,313078559.62034506,524.8875828708327,313078034.73276216
SZUBIŃSKI,1937,fixed14,498890100.7587294,1576.4005321626755,498888524.3581972
SĘPOLEŃSKI,1937,fixed14,472565683.07975703,2354.886274736221,472563328.1934823
SŁONIMSKI,1937,fixed14,324591428.62903506,533.6273011677171,324590895.0017339
TARNOBRZESKI,1937,fixed14,401032065.9563887,1456.4185971972809,401030609.5377915
TARNOGÓRSKI,1937,fixed14,529604673.79087937,12355.84927238763,529592317.941607
TARNOPOLSKI,1937,fixed14,315665107.54487836,1584.809677704323,315663522.73520064
TARNOWSKI,1937,fixed14,422288081.13409275,2624.9076700516807,422285456.22642267
TCZEWSKI,1937,fixed14,425870050.45264596,2960.559405294586,425867089.8932407
TOMASZOWSKI,1937,fixed14,330883967.97332585,1209.3848035364322,330882758.5885223
TORUŃSKI,1937,fixed14,487262603.93517905,3432.948363686721,487259170.9868154
TREMBOWELSKI,1937,fixed14,309398169.68102914,1585.3189313599105,309396584.3620978
TUCHOLSKI,1937,fixed14,455049291.69146824,1195.6206229110744,455048096.0708453
TURCZAŃSKI,1937,fixed14,340965172.0165801,744.0220711674793,340964427.9945089
TURECKI,1937,fixed14,462713744.2952934,1254.0942137190384,462712490.20107967
TŁUMACKI,1937,fixed14,313541384.93967164,1580.085017414819,313539804.8546542
WADOWICKI,1937,fixed14,463225273.15192384,2153.091770146924,463223120.06015366
WARSZAWSKI,1937,fixed14,425204590.2451437,23983.322798060653,425180606.92234564
WIELUŃSKI,1937,fixed14,520258023.26186,1132.9911110128794,520256890.270749
WILEJSKI,1937,fixed14,281955038.39449245,371.30190840355124,281954667.0925841
WILEŃSKO-TROCKI,1937,fixed14,304597794.1123242,482.2235089982902,304597311.88881516
WILNO (MIASTO),1937,fixed14,311017553.0697159,76684.35759250264,310940868.7121234
WOLSZTYŃSKI,1937,fixed14,637551014.1413388,1845.2851415930156,637549168.8561972
WOŁKOWYSKI,1937,fixed14,338477145.9167977,448.65488779206885,338476697.2619099
WOŁOŻYŃSKI,1937,fixed14,283950868.8988044,518.4483762115194,283950350.4504282
WRZESIŃSKI,1937,fixed14,524606257.7164258,2444.322615036861,524603813.39381075
WYRZYSKI,1937,fixed14,483557979.0587747,1894.4381804450918,483556084.62059426
WYSOKOMAZOWIECKI,1937,fixed14,354371354.1505916,903.2100493834043,354370450.9405422
WĄBRZESKI,1937,fixed14,465712035.88537437,2228.107759618041,465709807.7776148
WĄGROWIECKI,1937,fixed14,496955050.4187483,1582.75531000496,496953467.6634383
WĘGROWSKI,1937,fixed14,362579995.6975233,1278.427835535753,362578717.2696878
WŁOCŁAWSKI,1937,fixed14,475776093.2799606,3171.6786048354797,475772921.60135573
WŁODAWSKI,1937,fixed14,340344404.4622805,768.4225530711828,340343636.03972745
WŁODZIMIERSKI,1937,fixed14,329092085.6882697,899.1195482360577,329091186.5687214
WŁOSZCZOWSKI,1937,fixed14,416958216.77922505,963.8876489038714,416957252.8915762
ZALESZCZYCKI,1937,fixed14,294515254.18067074,1485.907431439775,294513768.2732393
ZAMOJSKI,1937,fixed14,351387962.5028876,1842.3224771013522,351386120.1804105
ZBARASKI,1937,fixed14,308479954.71586674,1478.1583290252138,308478476.55753773
ZBOROWSKI,1937,fixed14,310947685.90095264,1213.8476040864116,310946472.05334854
ZDOŁBUNOWSKI,1937,fixed14,300252436.4849387,1169.1871943656802,300251267.29774433
ZŁOCZOWSKI,1937,fixed14,325418144.7936818,1257.1660239106832,325416887.6276579
ŁASKI,1937,fixed14,471984322.9333169,2936.689883661632,471981386.24343324
ŁAŃCUCKI,1937,fixed14,376886652.8805406,1646.5865992138013,376885006.2939414
ŁOMŻYŃSKI,1937,fixed14,365005527.346176,818.5448266940355,365004708.80134934
ŁOWICKI,1937,fixed14,455195607.9422648,2304.416956399132,455193303.5253084
ŁUCKI,1937,fixed14,318127362.4356668,608.0739749389247,318126754.36169183
ŁUKOWSKI,1937,fixed14,380159060.74509066,1125.9010037904093,380157934.8440869
ŁUNINIECKI,1937,fixed14,302051095.5239891,328.745982981044,302050766.7780061
ŁÓDZKI,1937,fixed14,468988788.8276887,6051.984839889512,468982736.8428488
ŁÓDŹ (MIASTO),1937,fixed14,470184242.2717968,1064805.4253369742,469119436.84645987
ŁĘCZYCKI,1937,fixed14,471131812.8633123,2434.650524165882,471129378.21278816
ŚNIATYŃSKI,1937,fixed14,299232391.6386321,2259.7332530912927,299230131.90537906
ŚREDZKI,1937,fixed14,547943893.156526,2206.233878261004,547941686.9226477
ŚREMSKI,1937,fixed14,545504482.2994933,1873.8136716342053,545502608.4858217
ŚWIECKI,1937,fixed14,459383386.025011,1462.3861614582036,459381923.63884956
ŚWIĘCIAŃSKI,1937,fixed14,292209390.5755852,367.94319588156446,292209022.6323893
ŚWIĘTOCHŁOWICKI,1937,fixed14,539551044.3116735,217120.32843817907,539333923.9832354
ŻNIŃSKI,1937,fixed14,510488741.42207813,1961.831686616687,510486779.5903915
ŻYDACZOWSKI,1937,fixed14,321606462.2524233,1201.1945814658532,321605261.05784184
ŻYWIECKI,1937,fixed14,463872643.0157572,2133.1873894852383,463870509.8283677
ŻÓŁKIEWSKI,1937,fixed14,333122582.91773957,1412.9277153493958,333121169.9900242
AUGUSTOWSKI,1938,fixed14,343584813.6631368,530.8127900537016,343584282.85034674
BARANOWICKI,1938,fixed14,330828073.0689374,441.45974769423555,330827631.60918975
BIALSKI (BIAŁA KRAKOWSKA),1938,fixed14,511189508.9733359,6691.909286202308,511182817.0640497
BIALSKI (BIAŁA PODLASKA),1938,fixed14,397002675.7258754,1048.4339380254428,397001627.29193735
BIAŁOSTOCKI,1938,fixed14,383418573.495546,1365.9726479982585,383417207.52289796
BIELSKI (BIELSK PODLASKI),1938,fixed14,378439874.6051474,485.1367396827135,378439389.46840775
BIELSKO,1938,fixed14,515042187.63872725,19719.9082577584,515022467.73046947
BIŁGORAJSKI,1938,fixed14,363628529.02461374,857.2981518665238,363627671.7264619
BOCHEŃSKI,1938,fixed14,481306854.875739,1873.2275904623434,481304981.64814854
BORSZCZOWSKI,1938,fixed14,309158866.73001623,1182.0411625166334,309157684.68885374
BRASŁAWSKI,1938,fixed14,300407197.15617985,357.3327060521437,300406839.8234738
BRODNICKI,1938,fixed14,486374371.76883996,2237.480811113083,486372134.28802884
BRODZKI,1938,fixed14,348208089.5335336,1141.0974479968256,348206948.4360856
BRZESKI (BRZESKO),1938,fixed14,430178175.76202744,1410.278979073729,430176765.4830484
BRZESKI (BRZEŚĆ N.BUG.),1938,fixed14,388509515.79503083,526.1804014680031,388508989.6146294
BRZEZIŃSKI,1938,fixed14,491773430.2744261,4269.85299275738,491769160.4214333
BRZEŻAŃSKI,1938,fixed14,342070608.3418015,1200.947827454804,342069407.39397407
BRZOZOWSKI,1938,fixed14,389722720.69939905,2145.8214986957737,389720574.87790036
BUCZACKI,1938,fixed14,328748745.31699944,1295.576005955515,328747449.7409935
BYDGOSKI,1938,fixed14,526071315.85802335,3213.817657654229,526068102.0403657
BÓBRECKI,1938,fixed14,344285257.02483386,1379.048038467252,344283877.9767954
BĘDZIŃSKI,1938,fixed14,544133884.7671968,10242.048521216215,544123642.7186756
BŁOŃSKI,1938,fixed14,469069678.48119164,6597.428174629587,469063081.053017
CHEŁMIŃSKI,1938,fixed14,495044891.3047137,2583.8969579450304,495042307.4077558
CHEŁMSKI,1938,fixed14,384037891.2999991,1047.62385830539,384036843.6761408
CHODZIESKI,1938,fixed14,549522097.1917228,1880.8105438380717,549520216.3811789
CHOJNICKI,1938,fixed14,471506933.2460668,998.5798161158043,471505934.6662507
CHORZÓW,1938,fixed14,585865707.4249622,404789.2348665802,585460918.1900955
CHRZANOWSKI,1938,fixed14,534013858.4512361,8157.846860197182,534005700.60437596
CIECHANOWSKI,1938,fixed14,447975660.534952,1728.5166335489325,447973932.0183184
CIESZYŃSKI,1938,fixed14,508322268.1796258,5667.9736293719025,508316600.20599645
CZARNKOWSKI,1938,fixed14,538088136.2421721,1516.2043835156564,538086620.0377886
CZORTKOWSKI,1938,fixed14,325952011.88094205,1957.7239576401746,325950054.1569844
CZĘSTOCHOWSKI,1938,fixed14,494645941.8245788,3922.5093952518796,494642019.3151836
DOBROMILSKI,1938,fixed14,376273254.29068136,1159.8607909992152,376272094.42989033
DOLIŃSKI,1938,fixed14,349926871.8499066,721.7924604466941,349926150.0574462
DROHICKI,1938,fixed14,351198590.9899666,428.29567312415054,351198162.69429344
DROHOBYCKI,1938,fixed14,369551541.0633792,2702.7044507999954,369548838.35892844
DUBIEŃSKI,1938,fixed14,331908199.0767757,602.9805119112184,331907596.0962638
DZIAŁDOWSKI,1938,fixed14,445955178.7902581,1309.531111238128,445953869.25914687
DZIŚNIEŃSKI,1938,fixed14,296710903.57508725,324.8054540906579,296710578.7696332
DĄBROWSKI,1938,fixed14,443587058.69247204,1334.1888304557688,443585724.5036416
GARWOLIŃSKI,1938,fixed14,419260736.0915272,1183.3050673907392,419259552.7864598
GNIEŹNIEŃSKI,1938,fixed14,556381853.0566374,1933.4855095926507,556379919.5711278
GORLICKI,1938,fixed14,421573648.61544174,1532.3794031687603,421572116.23603857
GOSTYNIŃSKI,1938,fixed14,479617063.74736613,1535.5276491907953,479615528.21971697
GOSTYŃSKI,1938,fixed14,604628717.4388282,2451.1249997630457,604626266.3138285
GRODZIEŃSKI,1938,fixed14,354465958.2416995,500.2224813343372,354465458.0192182
GRUDZIĄDZKI,1938,fixed14,493893415.8233757,4694.68493821333,493888721.1384375
GRÓDECKI,1938,fixed14,362813394.68871665,1346.406908879746,362812048.2818078
GRÓJECKI,1938,fixed14,441169458.96148807,2281.223555198243,441167177.73793286
HOROCHOWSKI,1938,fixed14,333135802.4517117,755.2055941112906,333135047.2461176
HORODEŃSKI,1938,fixed14,317517985.90387625,1372.1565937613389,317516613.7472825
HRUBIESZOWSKI,1938,fixed14,362979716.3181342,1319.1376716840814,362978397.1804625
INOWROCŁAWSKI,1938,fixed14,536573878.0959995,2169.028175052901,536571709.0678244
IWACEWICKI,1938,fixed14,347723158.3390835,340.7288448749305,347722817.6102386
IŁŻECKI,1938,fixed14,428094195.5395925,1349.8664390727895,428092845.67315346
JANOWSKI,1938,fixed14,402038253.754086,1141.4794002514652,402037112.27468574
JAROCIŃSKI,1938,fixed14,582733423.0972738,1844.4261796027008,582731578.6710942
JAROSŁAWSKI,1938,fixed14,403104049.16678077,1269.2198290732204,403102779.9469517
JASIELSKI,1938,fixed14,417847393.4194296,1362.4441782757262,417846030.9752513
JAWOROWSKI,1938,fixed14,355238937.05452925,1124.5416109271375,355237812.5129183
JĘDRZEJOWSKI,1938,fixed14,482234669.4294392,1231.813839922023,482233437.6155993
KALISKI,1938,fixed14,542384517.3135257,2118.841436774449,542382398.4720889
KAMIONECKI,1938,fixed14,354038646.0989154,1067.1725063567933,354037578.92640907
KARTUSKI,1938,fixed14,451190040.39345384,975.7504780600993,451189064.64297575
KATOWICE,1938,fixed14,566990806.9315696,94167.19634797075,566896639.7352216
KAŁUSKI,1938,fixed14,337627303.2493551,850.7050729052128,337626452.5442822
KIELECKI,1938,fixed14,468660309.5300775,1733.8771464399229,468658575.6529311
KOBRYŃSKI,1938,fixed14,369557880.2799455,389.81312141773617,369557490.46682405
KOLBUSZOWSKI,1938,fixed14,405280972.0681946,1101.5195112463948,405279870.5486834
KOLSKI,1938,fixed14,533295325.9470937,1578.616858788191,533293747.33023494
KONECKI,1938,fixed14,469328051.28978777,1659.440830026476,469326391.8489577
KONIŃSKI,1938,fixed14,534472564.87161726,1004.416651371347,534471560.4549659
KOPYCZYNIECKI,1938,fixed14,324605748.1996002,1252.9256644081627,324604495.2739358
KOSOWSKI (KOSÓW HUCULSKI),1938,fixed14,311623904.22658145,417.98889232369015,311623486.23768914
KOSTOPOLSKI,1938,fixed14,320888171.25215197,530.3964149605123,320887640.85573703
KOSZYRSKI,1938,fixed14,334513288.1727119,295.4692196518525,334512992.7034923
KOWELSKI,1938,fixed14,353113120.9446564,317.8566778433658,353112803.08797854
KOZIENICKI,1938,fixed14,421736622.6662902,997.1416697833306,421735625.5246204
KOŁOMYJSKI,1938,fixed14,332092760.2929216,1129.4788380788214,332091630.8140835
KOŚCIAŃSKI,1938,fixed14,630268277.1372489,2380.988908114176,630265896.1483407
KOŚCIERSKI,1938,fixed14,461360011.10078716,1139.6954642452383,461358871.4053229
KRAKOWSKI,1938,fixed14,499519432.11406064,3641.37857579875,499515790.73548484
KRAKÓW (MIASTO),1938,fixed14,499929852.3838848,536875.6533083626,499392976.7305764
KRASNOSTAWSKI,1938,fixed14,374045968.5884719,1312.990258089184,374044655.5982138
KROTOSZYŃSKI,1938,fixed14,574835474.0384723,1905.4073971202158,574833568.6310751
KROŚNIEŃSKI,1938,fixed14,410280088.2200151,2873.223984890434,410277214.9960302
KRZEMIENIECKI,1938,fixed14,321958281.6830802,625.2686531547658,321957656.41442704
KUTNOWSKI,1938,fixed14,506757773.37210774,3747.9800540367582,506754025.3920537
KĘPIŃSKI,1938,fixed14,559919937.6973857,1453.8876574748213,559918483.8097281
LESKI,1938,fixed14,370850367.6363285,858.6359566950889,370849509.0003718
LESZCZYŃSKI,1938,fixed14,633245748.7106867,2507.805639347072,633243240.9050473
LIDZKI,1938,fixed14,337102644.8832226,441.8070050517855,337102203.07621753
LIMANOWSKI,1938,fixed14,443879809.7387835,1104.645293766129,443878705.0934897
LIPNOWSKI,1938,fixed14,496386500.9826733,1115.7142242331008,496385385.26844907
LUBACZOWSKI,1938,fixed14,350165238.76172113,963.0925329868522,350164275.66918814
LUBARTOWSKI,1938,fixed14,399618754.2494906,1146.1933715921964,399617608.056119
LUBAWSKI,1938,fixed14,461291933.7964877,1733.7266943503482,461290200.06979334
LUBELSKI,1938,fixed14,405477429.6969786,2525.5264261846037,405474904.17055243
LUBLINIECKI,1938,fixed14,551394605.9165972,2572.3112817375513,551392033.6053156
LUBOMELSKI,1938,fixed14,362201371.43642044,372.03464530301625,362200999.4017751
LWOWSKI,1938,fixed14,365447847.3249655,2087.4938326546753,365445759.8311328
LWÓW (MIASTO),1938,fixed14,372740111.37657213,248966.74649977402,372491144.63007236
M. ST. WARSZAWA,1938,fixed14,461503263.3141382,922749.1354080933,460580514.1787301
MAKOWSKI (MAKÓW MAZOWIECKI),1938,fixed14,419621075.27079016,1027.7817827051967,419620047.4890075
MIECHOWSKI,1938,fixed14,483385410.5467366,1403.0241387264898,483384007.52259785
MIELECKI,1938,fixed14,432861677.20339257,1229.8162427719426,432860447.3871498
MIĘDZYCHODZKI,1938,fixed14,621059883.6295977,1445.3774221581841,621058438.2521755
MIŃSKI,1938,fixed14,432283296.14902,2563.6756636402683,432280732.47335637
MOGILEŃSKI,1938,fixed14,547127113.4367235,1399.6519419787608,547125713.7847815
MORSKI,1938,fixed14,449060936.4782842,2858.1035284221457,449058078.37475574
MOŁODECZAŃSKI,1938,fixed14,315539794.2548847,577.4393814738023,315539216.81550324
MOŚCISKI,1938,fixed14,375541599.92732084,1370.8167628328124,375540229.11055803
MYŚLENICKI,1938,fixed14,445494477.9625442,1352.4476573342808,445493125.51488686
MŁAWSKI,1938,fixed14,443227558.65481186,1201.5833206449704,443226357.07149124
NADWÓRNIAŃSKI,1938,fixed14,328259261.49886006,707.0088023736301,328258554.4900577
NIESZAWSKI,1938,fixed14,520487540.67543447,1552.3291695491062,520485988.3462649
NIEŚWIESKI,1938,fixed14,315261388.62485075,761.8495791036955,315260626.77527165
NIŻAŃSKI,1938,fixed14,406741448.4979153,1092.05086294259,406740356.44705236
NOWOGRÓDZKI,1938,fixed14,330865328.8398608,483.6366253057878,330864845.2032355
NOWOSĄDECKI,1938,fixed14,438134798.698985,1338.921660007074,438133459.777325
NOWOTARSKI,1938,fixed14,464450333.696809,1284.5709789400503,464449049.12583005
NOWOTOMYSKI,1938,fixed14,655385420.6829265,1806.2175675779233,655383614.465359
OBORNICKI,1938,fixed14,581305810.5565419,1533.06694288965,581304277.489599
OLKUSKI,1938,fixed14,503495188.31629884,1857.0306382371953,503493331.2856606
OPATOWSKI,1938,fixed14,438096931.01820356,1728.4991355945974,438095202.51906794
OPOCZYŃSKI,1938,fixed14,476067526.29907155,1279.5861620835067,476066246.71290946
OSTROWSKI (OSTRÓW MAZOWIECKA),1938,fixed14,406712168.49164855,906.6874103525215,406711261.8042382
OSTROWSKI (OSTRÓW WIELKOPOLSKI),1938,fixed14,573989791.2520169,1662.3153604077963,573988128.9366565
OSTROŁĘCKI,1938,fixed14,398509374.3594169,582.3003736349955,398508792.0590433
OSZMIAŃSKI,1938,fixed14,303248930.27512354,410.63593312988144,303248519.63919044
PIOTRKOWSKI,1938,fixed14,484343697.7520306,1722.5209874490545,484341975.23104316
PIŃCZOWSKI,1938,fixed14,441676722.2720845,1273.6319118157965,441675448.64017266
PIŃSKI,1938,fixed14,342669090.97080624,358.03105633991464,342668732.9397499
PODHAJECKI,1938,fixed14,343135210.92994463,969.6115506082319,343134241.318394
POSTAWSKI,1938,fixed14,301172631.5278059,255.46685641702703,301172376.0609495
POZNAŃ (MIASTO),1938,fixed14,628671293.4392515,327866.18153050315,628343427.2577211
POZNAŃSKI,1938,fixed14,611587721.7506723,3048.7253850616753,611584673.0252873
PRUŻAŃSKI,1938,fixed14,365885537.8951992,465.2517877542246,365885072.6434114
PRZASNYCKI,1938,fixed14,387559065.033115,949.263196854159,387558115.7699182
PRZEMYSKI,1938,fixed14,396832757.9661463,2259.6915356839872,396830498.2746106
PRZEMYŚLAŃSKI,1938,fixed14,352289195.67477995,1290.1811161185162,352287905.49366385
PRZEWORSKI,1938,fixed14,407581786.4784474,2947.7993387309757,407578838.6791086
PSZCZYŃSKI,1938,fixed14,543590083.5899107,4591.699284679448,543585491.8906261
PUŁAWSKI,1938,fixed14,403407816.3499865,1210.6785300166193,403406605.67145646
PUŁTUSKI,1938,fixed14,426988785.3486627,1391.0568900107112,426987394.29177266
PŁOCKI,1938,fixed14,468604720.76866794,2097.7313201567836,468602623.0373478
PŁOŃSKI,1938,fixed14,456391332.74691355,1490.2448507971396,456389842.50206274
RADOMSKI,1938,fixed14,446139579.7613993,1887.9074519695348,446137691.85394734
RADOMSZCZAŃSKI,1938,fixed14,495750749.66008884,1322.3586382322924,495749427.3014506
RADZIECHOWSKI,1938,fixed14,340180576.02012736,901.0700982909877,340179674.9500291
RADZYMIŃSKI,1938,fixed14,441866303.7987749,3941.41335108934,441862362.3854238
RADZYŃSKI,1938,fixed14,403719617.9197954,1156.47074179595,403718461.4490536
RAWICKI,1938,fixed14,606408065.9397585,3202.952813426713,606404862.9869452
RAWSKI (RAWA MAZOWIECKA),1938,fixed14,466593889.7436956,1368.6312995591202,466592521.11239606
RAWSKI (RAWA RUSKA),1938,fixed14,360513498.7143307,920.9958976711769,360512577.718433
ROHATYŃSKI,1938,fixed14,339730998.3683717,1062.1985208010497,339729936.16985095
ROPCZYCKI,1938,fixed14,437319806.9609806,1218.7278889055558,437318588.2330917
RUDECKI,1938,fixed14,362186635.7144919,1532.425359461683,362185103.2891324
RYBNICKI,1938,fixed14,529005426.0871725,7620.510243642091,528997805.57692885
RYPIŃSKI,1938,fixed14,480581731.24897647,1386.2730607610729,480580344.97591573
RZESZOWSKI,1938,fixed14,417707410.2271677,1727.3013520247353,417705682.9258157
RÓWIEŃSKI,1938,fixed14,325528646.38098794,856.5328722521447,325527789.8481157
SAMBORSKI,1938,fixed14,380846235.5961376,1420.4746111041206,380844815.1215265
SANDOMIERSKI,1938,fixed14,421350377.58732855,1257.0553620529765,421349120.5319665
SANOCKI,1938,fixed14,374224335.5874864,1362.5793141766908,374222973.0081722
SARNEŃSKI,1938,fixed14,329888470.54952747,310.9338358106455,329888159.61569166
SIEDLECKI,1938,fixed14,414514320.4041692,1083.7628417772132,414513236.64132744
SIERADZKI,1938,fixed14,525194432.18002355,1701.2159090176983,525192730.96411455
SIERPECKI,1938,fixed14,464431316.17437154,1392.8251618041886,464429923.3492097
SKAŁACKI,1938,fixed14,328734701.199546,1261.300918916081,328733439.89862704
SKIERNIEWICKI,1938,fixed14,481004389.5870972,2530.150712041377,481001859.4363852
SOCHACZEWSKI,1938,fixed14,464442185.98814636,2868.797698397164,464439317.190448
SOKALSKI,1938,fixed14,351371780.71666956,1126.6437747824264,351370654.07289475
SOKOŁOWSKI,1938,fixed14,408089347.1536601,1161.6072888835627,408088185.5463712
SOKÓLSKI,1938,fixed14,370904700.8822851,500.39471744958666,370904200.48756766
STANISŁAWOWSKI,1938,fixed14,341870930.65893173,1532.4323323740082,341869398.22659934
STAROGARDZKI,1938,fixed14,464282447.2065067,1836.0770945501392,464280611.1294122
STOLIŃSKI,1938,fixed14,317699463.2142704,240.55405948776865,317699222.6602109
STOPNICKI,1938,fixed14,413676860.0512128,921.3125223394062,413675938.73869044
STOŁPECKI,1938,fixed14,319744569.38239706,460.06087552321037,319744109.3215215
STRYJSKI,1938,fixed14,351953347.8560013,760.7994961292721,351952587.0565052
SUWALSKI,1938,fixed14,340512827.5386134,612.0069915421409,340512215.5316218
SZAMOTULSKI,1938,fixed14,603866124.7973089,1734.2896718076854,603864390.5076371
SZCZUCZYŃSKI (WOJ. BIAŁOSTOCKIE),1938,fixed14,362643196.3694108,740.5156799178673,362642455.8537309
SZCZUCZYŃSKI (WOJ. NOWOGRÓDZKIE),1938,fixed14,336370473.2606575,449.0584200717886,336370024.2022374
SZUBIŃSKI,1938,fixed14,535913685.44979984,1499.786685354753,535912185.6631145
SĘPOLEŃSKI,1938,fixed14,507591870.78685725,2793.590845231851,507589077.196012
SŁONIMSKI,1938,fixed14,348729091.1670985,451.77736721607914,348728639.3897313
TARNOBRZESKI,1938,fixed14,430997020.9535707,1366.5789838476849,430995654.3745869
TARNOGÓRSKI,1938,fixed14,569118975.6485684,13758.049768805164,569105217.5987996
TARNOPOLSKI,1938,fixed14,339176808.83206844,1409.6570968773178,339175399.1749716
TARNOWSKI,1938,fixed14,453796274.30228674,2723.4635761731042,453793550.83871055
TCZEWSKI,1938,fixed14,457193691.0037282,3741.757149628551,457189949.2465786
TOMASZOWSKI,1938,fixed14,355501916.3977916,1079.4911899124897,355500836.9066017
TORUŃSKI,1938,fixed14,523459896.24990594,3953.8768966674857,523455942.37300926
TREMBOWELSKI,1938,fixed14,332438847.5351683,1359.5279910632962,332437488.00717723
TUCHOLSKI,1938,fixed14,488714256.9077483,1373.9053639730616,488712883.0023843
TURCZAŃSKI,1938,fixed14,366356855.3653803,674.1238987983095,366356181.2414815
TURECKI,1938,fixed14,497197648.1465199,1011.5619722715576,497196636.58454764
TŁUMACKI,1938,fixed14,336884248.07124186,1373.6550003006832,336882874.4162415
WADOWICKI,1938,fixed14,497761298.6799384,2169.169995601951,497759129.50994277
WARSZAWSKI,1938,fixed14,456813334.3840021,27365.566753056853,456785968.81724906
WIELUŃSKI,1938,fixed14,559049303.633351,959.8316186571213,559048343.8017323
WILEJSKI,1938,fixed14,302934067.8883485,310.8797737783422,302933757.0085747
WILEŃSKO-TROCKI,1938,fixed14,327244780.38240206,430.30177712648606,327244350.08062494
WILNO (MIASTO),1938,fixed14,334155943.43885154,85491.83063163649,334070451.6082199
WOLSZTYŃSKI,1938,fixed14,685118977.1396908,1838.3581685854126,685117138.7815222
WOŁKOWYSKI,1938,fixed14,363649450.09911853,398.7665157629488,363649051.33260274
WOŁOŻYŃSKI,1938,fixed14,305079065.7043767,464.3278400630399,305078601.3765366
WRZESIŃSKI,1938,fixed14,563709068.343444,2239.045371388157,563706829.2980726
WYRZYSKI,1938,fixed14,519433476.91975975,1891.3191344131315,519431585.60062534
WYSOKOMAZOWIECKI,1938,fixed14,380734346.0384522,787.8532762159248,380733558.185176
WĄBRZESKI,1938,fixed14,500236511.77392244,2591.252724200719,500233920.5211982
WĄGROWIECKI,1938,fixed14,533892548.533344,1493.5222998349545,533891055.01104414
WĘGROWSKI,1938,fixed14,389546273.08812267,1132.495603518318,389545140.59251916
WŁOCŁAWSKI,1938,fixed14,511125464.75148904,3281.80841146412,511122182.94307756
WŁODAWSKI,1938,fixed14,365599896.8543979,727.1439540455406,365599169.71044385
WŁODZIMIERSKI,1938,fixed14,353581069.83207905,713.968398421094,353580355.86368066
WŁOSZCZOWSKI,1938,fixed14,448020253.01733166,884.7623276131676,448019368.25500405
ZALESZCZYCKI,1938,fixed14,316465576.71275395,1299.370175913839,316464277.34257805
ZAMOJSKI,1938,fixed14,377534121.704989,1810.1767368565766,377532311.5282522
ZBARASKI,1938,fixed14,331465423.01601785,1258.1455042907096,331464164.87051356
ZBOROWSKI,1938,fixed14,334097125.588749,966.7722030018649,334096158.81654596
ZDOŁBUNOWSKI,1938,fixed14,322585282.42214686,976.2469806429815,322584306.1751662
ZŁOCZOWSKI,1938,fixed14,349653103.0673667,1079.7580193217132,349652023.3093474
ŁASKI,1938,fixed14,507110102.0773833,2967.4593765777067,507107134.6180067
ŁAŃCUCKI,1938,fixed14,404970792.9414033,1492.9827608191429,404969299.9586425
ŁOMŻYŃSKI,1938,fixed14,392144172.10745054,711.7009558070185,392143460.40649474
ŁOWICKI,1938,fixed14,489047648.7327219,2211.7893126192466,489045436.9434093
ŁUCKI,1938,fixed14,341800907.54596174,501.24362841127316,341800406.30233335
ŁUKOWSKI,1938,fixed14,408450859.326354,993.4075957463001,408449865.9187583
ŁUNINIECKI,1938,fixed14,324516434.7933038,303.9963227636754,324516130.79698104
ŁÓDZKI,1938,fixed14,503889494.7206305,6495.989004379777,503882998.73162615
ŁÓDŹ (MIASTO),1938,fixed14,505245830.9366549,1230407.54386807,504015423.39278686
ŁĘCZYCKI,1938,fixed14,506161836.10128874,2306.790079941316,506159529.3112088
ŚNIATYŃSKI,1938,fixed14,321513997.54145014,2087.9042406034837,321511909.63720953
ŚREDZKI,1938,fixed14,588772926.0489373,2113.711655523505,588770812.3372818
ŚREMSKI,1938,fixed14,586215534.2053653,1813.906753927893,586213720.2986114
ŚWIECKI,1938,fixed14,493279234.0784582,1695.6109371567736,493277538.467521
ŚWIĘCIAŃSKI,1938,fixed14,313950955.74135,316.9260335982853,313950638.8153164
ŚWIĘTOCHŁOWICKI,1938,fixed14,579816469.1655974,249835.24636545134,579566633.919232
ŻNIŃSKI,1938,fixed14,548413301.1939367,1858.9470218557706,548411442.2469149
ŻYDACZOWSKI,1938,fixed14,345562904.5380011,1074.3306202526803,345561830.2073809
ŻYWIECKI,1938,fixed14,498464015.63824034,2217.1081672008067,498461798.53007317
ŻÓŁKIEWSKI,1938,fixed14,357914673.1885124,1347.5319174477813,357913325.65659493
