District,year,scenario,ma_total,ma_total_no_self,ma_domestic,ma_domestic_no_self,ma_domestic_inter,ma_domestic_self,ma_foreign
AUGUSTOWSKI,1924,baseline,1004490810.2737794,1004447960.2275388,54186.80023443488,11336.753993843737,11336.753993843737,42850.046240591146,1004436623.473545
BARANOWICKI,1924,baseline,997023008.1856236,996984720.3913745,52761.14664034804,14473.35239117025,14473.35239117025,38287.79424917779,996970247.0389833
BIALSKI (BIAŁA KRAKOWSKA),1924,baseline,1252720569.7169034,1251884793.849239,962593.8033104262,126817.93564603789,126817.93564603789,835775.8676643883,1251757975.913593
BIALSKI (BIAŁA PODLASKA),1924,baseline,1127502602.721265,1127414915.111727,112029.06140471016,24341.451866638352,24341.451866638352,87687.6095380718,1127390573.6598604
BIAŁOSTOCKI,1924,baseline,1103997088.8284047,1103842271.385513,176874.99019572794,22057.547304136566,22057.547304136566,154817.44289159137,1103820213.838209
BIELSKI (BIELSK PODLASKI),1924,baseline,1099135348.8771884,1099101012.6573396,55017.68197143433,20681.462122668203,20681.462122668203,34336.21984876613,1099080331.195217
BIELSKO,1924,baseline,1249925144.3624241,1246425906.6342275,3589237.3115360485,89999.58333950402,89999.58333950402,3499237.7281965446,1246335907.050888
BIŁGORAJSKI,1924,baseline,1089214748.7786658,1089158353.9398036,75443.47605682664,19048.6371947071,19048.6371947071,56394.83886211954,1089139305.302609
BOCHEŃSKI,1924,baseline,1205362507.9429748,1205211216.554645,236488.6391757831,85197.2508460763,85197.2508460763,151291.38832970677,1205126019.303799
BORSZCZOWSKI,1924,baseline,1008011931.1961079,1007921357.4141161,95730.70512008674,5156.923128391601,5156.923128391601,90573.78199169514,1007916200.4909878
BRASŁAWSKI,1924,baseline,895866170.7061033,895836701.3950995,31823.522123030878,2354.211119213706,2354.211119213706,29469.311003817173,895834347.1839803
BRODNICKI,1924,baseline,1235813826.3120053,1235630071.1583233,207245.46516892585,23490.311486985396,23490.311486985396,183755.15368194046,1235606580.8468363
BRODZKI,1924,baseline,1053167968.1688265,1053061907.9807016,119340.97628389433,13280.788158990741,13280.788158990741,106060.1881249036,1053048627.1925426
BRZESKI (BRZESKO),1924,baseline,1166818962.4387748,1166642869.6469395,226628.02778711746,50535.23595201579,50535.23595201579,176092.79183510167,1166592334.4109876
BRZESKI (BRZEŚĆ N.BUG.),1924,baseline,1116301866.4008236,1116259429.8756015,65017.33061016619,22580.8053881063,22580.8053881063,42436.52522205989,1116236849.0702133
BRZEZIŃSKI,1924,baseline,1284014815.9214475,1283592549.2376828,588694.384046495,166427.70028183435,166427.70028183435,422266.6837646606,1283426121.537401
BRZEŻAŃSKI,1924,baseline,1086166860.130718,1086071718.7317963,123605.96301353733,28464.564091817898,28464.564091817898,95141.39892171943,1086043254.1677043
BRZOZOWSKI,1924,baseline,1123845331.5905335,1123601307.2717414,259863.75988517606,15839.441092940957,15839.441092940957,244024.3187922351,1123585467.8306484
BUCZACKI,1924,baseline,1061621789.0565437,1061533964.4554517,108767.69870655087,20943.097614500202,20943.097614500202,87824.60109205067,1061513021.3578372
BYDGOSKI,1924,baseline,1306091317.7224133,1305712188.6353195,414037.54744209757,34908.46034839985,34908.46034839985,379129.0870936977,1305677280.174971
BÓBRECKI,1924,baseline,1095974610.4788718,1095801956.595688,202856.06137831137,30202.178194506847,30202.178194506847,172653.88318380452,1095771754.4174936
BĘDZIŃSKI,1924,baseline,1299630833.6275744,1299126482.0703855,548841.7292931597,44490.172104224155,44490.172104224155,504351.55718893546,1299081991.8982813
BŁOŃSKI,1924,baseline,1238760659.4046283,1238360523.9229412,447654.61790127534,47519.13621418867,47519.13621418867,400135.4816870867,1238313004.786727
CHEŁMIŃSKI,1924,baseline,1249159667.5139875,1248938619.3230557,250660.82421496577,29612.633283164974,29612.633283164974,221048.1909318008,1248909006.6897726
CHEŁMSKI,1924,baseline,1119612511.2912412,1119504060.0207818,135803.07165457253,27351.801195081174,27351.801195081174,108451.27045949135,1119476708.2195866
CHODZIESKI,1924,baseline,1342232151.5761073,1342057207.6317585,203558.51903744478,28614.574688648503,28614.574688648503,174943.94434879627,1342028593.0570698
CHOJNICKI,1924,baseline,1231864827.2606013,1231798251.8636918,86874.17820750977,20298.781297953483,20298.781297953483,66575.3969095563,1231777953.082394
CHORZÓW,1924,baseline,1399732879.7778816,1337496663.2026432,63922629.723724246,1686413.1484857816,1686413.1484857816,62236216.575238466,1335810250.0541573
CHRZANOWSKI,1924,baseline,1282221285.0132844,1281594392.798808,743146.5262668376,116254.31179053443,116254.31179053443,626892.2144763032,1281478138.4870176
CIECHANOWSKI,1924,baseline,1184962677.9435153,1184728600.8655467,282810.34119099687,48733.26322235878,48733.26322235878,234077.0779686381,1184679867.6023242
CIESZYŃSKI,1924,baseline,1212666543.404533,1212005659.760608,712333.4980083101,51449.85408320616,51449.85408320616,660883.6439251039,1211954209.9065247
CZARNKOWSKI,1924,baseline,1340030681.2157295,1339886773.6731584,162620.97157030186,18713.428999268603,18713.428999268603,143907.54257103326,1339868060.2441592
CZORTKOWSKI,1924,baseline,1055994497.6468372,1055807322.5526074,214642.68139618728,27467.587166396894,27467.587166396894,187175.09422979038,1055779854.965441
CZĘSTOCHOWSKI,1924,baseline,1267866600.2597427,1267523560.2580402,369711.37891576387,26671.377213207437,26671.377213207437,343040.00170255644,1267496888.880827
DOBROMILSKI,1924,baseline,1120836872.3895402,1120711724.8130488,149224.2740735024,24076.697582360375,24076.697582360375,125147.57649114201,1120687648.1154666
DOLIŃSKI,1924,baseline,1100674059.544934,1100618188.1177812,75540.69719329232,19669.270040418447,19669.270040418447,55871.427152873875,1100598518.8477407
DROHICKI,1924,baseline,1033326390.7991495,1033287242.6719122,49108.34134741726,9960.214110086496,9960.214110086496,39148.127237330766,1033277282.457802
DROHOBYCKI,1924,baseline,1116925597.9015572,1116629967.8471494,330229.28808262036,34599.23367470739,34599.23367470739,295630.05440791295,1116595368.6134746
DUBIEŃSKI,1924,baseline,1018093095.6683818,1018032844.6288365,70967.95249983676,10716.912954522555,10716.912954522555,60251.0395453142,1018022127.715882
DZIAŁDOWSKI,1924,baseline,1190118450.6735268,1190035129.4427888,95463.78660841897,12142.5558705283,12142.5558705283,83321.23073789067,1190022986.8869183
DZIŚNIEŃSKI,1924,baseline,888528612.7866977,888492700.3925952,40601.9091227421,4689.515020170958,4689.515020170958,35912.39410257114,888488010.877575
DĄBROWSKI,1924,baseline,1165650919.8431742,1165530618.3079977,164418.9044849364,44117.369308436515,44117.369308436515,120301.53517649989,1165486500.9386892
GARWOLIŃSKI,1924,baseline,1186666239.7732646,1186581979.873341,148241.65281801694,63981.75289434889,63981.75289434889,84259.89992366804,1186517998.1204467
GNIEŹNIEŃSKI,1924,baseline,1403587631.5903614,1403281552.080056,370429.1539560553,64349.643650565944,64349.643650565944,306079.51030548936,1403217202.4364054
GORLICKI,1924,baseline,1148448418.507153,1148303908.1925228,178638.17219794192,34127.85756776908,34127.85756776908,144510.31463017286,1148269780.334955
GOSTYNIŃSKI,1924,baseline,1262444407.042333,1262227249.5524194,282904.3249818346,65746.83506841752,65746.83506841752,217157.4899134171,1262161502.717351
GOSTYŃSKI,1924,baseline,1419856928.242932,1419597019.4031696,311028.0281875957,51119.18842510709,51119.18842510709,259908.8397624886,1419545900.2147446
GRODZIEŃSKI,1924,baseline,1042660190.3449138,1042613592.9524744,58614.718128832246,12017.325689259258,12017.325689259258,46597.392439572985,1042601575.626785
GRUDZIĄDZKI,1924,baseline,1246189947.6278708,1245826638.765886,399896.4034370133,36587.54145223616,36587.54145223616,363308.8619847771,1245790051.224434
GRÓDECKI,1924,baseline,1099096340.928892,1098965962.077153,232907.44655555737,102528.59481672356,102528.59481672356,130378.8517388338,1098863433.4823363
GRÓJECKI,1924,baseline,1172419234.725463,1172241249.7389357,322711.04554262734,144726.0590155891,144726.0590155891,177984.98652703827,1172096523.6799202
HOROCHOWSKI,1924,baseline,1043312368.2992632,1043161093.5178611,155759.7009290943,4484.91952690725,4484.91952690725,151274.78140218707,1043156608.5983342
HORODEŃSKI,1924,baseline,1067053264.3438344,1066924131.5926361,141647.35005507676,12514.598856791716,12514.598856791716,129132.75119828504,1066911616.9937793
HRUBIESZOWSKI,1924,baseline,1076702838.888865,1076590392.3704107,132962.4185832804,20515.900129189322,20515.900129189322,112446.51845409107,1076569876.4702816
INOWROCŁAWSKI,1924,baseline,1324291189.7173333,1323988678.5666056,347876.65457718656,45365.50384947587,45365.50384947587,302511.1507277107,1323943313.062756
IWACEWICKI,1924,baseline,1017767145.0986272,1017733143.463872,42677.96647180174,8676.33171653431,8676.33171653431,34001.63475526743,1017724467.1321554
IŁŻECKI,1924,baseline,1197654471.602903,1197526234.385671,155750.26478298893,27513.047550986645,27513.047550986645,128237.21723200228,1197498721.33812
JANOWSKI,1924,baseline,1137837877.5798013,1137758883.141712,105164.31844801498,26169.880358647028,26169.880358647028,78994.43808936795,1137732713.2613533
JAROCIŃSKI,1924,baseline,1377478242.0219047,1377262827.856152,259920.07872592227,44505.91297306635,44505.91297306635,215414.16575285592,1377218321.943179
JAROSŁAWSKI,1924,baseline,1154272657.8636672,1154145336.7106488,165692.36398668383,38371.21096828605,38371.21096828605,127321.1530183978,1154106965.4996805
JASIELSKI,1924,baseline,1140925498.6735642,1140757034.875704,210288.07759491127,41824.27973485894,41824.27973485894,168463.79786005235,1140715210.5959692
JAWOROWSKI,1924,baseline,1076840424.7907958,1076735604.2813034,137409.2849992437,32588.77550672675,32588.77550672675,104820.50949251695,1076703015.5057967
JĘDRZEJOWSKI,1924,baseline,1240014009.2801704,1239881541.6810226,167519.87970417942,35052.28055637652,35052.28055637652,132467.5991478029,1239846489.4004662
KALISKI,1924,baseline,1316540952.244998,1316203238.2934694,354905.8455896086,17191.894061181152,17191.894061181152,337713.9515284274,1316186046.3994083
KAMIONECKI,1924,baseline,1085879483.5224423,1085793608.795209,131257.69668121432,45382.969447803385,45382.969447803385,85874.72723341094,1085748225.825761
KARTUSKI,1924,baseline,1148485686.6971006,1148407436.7069654,89287.83886823917,11037.848732916922,11037.848732916922,78249.99013532224,1148396398.8582325
KATOWICE,1924,baseline,1336944179.4789982,1323030643.4226427,14373431.48720353,459895.43084820407,459895.43084820407,13913536.056355326,1322570747.9917946
KAŁUSKI,1924,baseline,1092075179.6421592,1091991138.7580183,102463.43764522493,18422.553504272128,18422.553504272128,84040.8841409528,1091972716.204514
KIELECKI,1924,baseline,1239130941.7483964,1238992657.4832475,170070.37548495183,31786.110335968006,31786.110335968006,138284.26514898383,1238960871.3729115
KOBRYŃSKI,1924,baseline,1066629619.6226931,1066596070.0176096,47221.27516152581,13671.67007800556,13671.67007800556,33549.60508352025,1066582398.3475316
KOLBUSZOWSKI,1924,baseline,1154066951.724389,1153944763.0793226,139822.93068933813,17634.28562282438,17634.28562282438,122188.64506651375,1153927128.7936997
KOLSKI,1924,baseline,1331940813.409339,1331696675.8904088,295159.6977480322,51022.17881777278,51022.17881777278,244137.51893025945,1331645653.711591
KONECKI,1924,baseline,1244290371.4721427,1244162986.2753942,166255.32298882474,38870.12624019471,38870.12624019471,127385.19674863004,1244124116.149154
KONIŃSKI,1924,baseline,1347132783.4889598,1346964766.826547,194644.72536173055,26628.062949059007,26628.062949059007,168016.66241267155,1346938138.763598
KOPYCZYNIECKI,1924,baseline,1050196848.5787169,1050078808.8374949,145714.3291333686,27674.58791136479,27674.58791136479,118039.7412220038,1050051134.2495835
KOSOWSKI (KOSÓW HUCULSKI),1924,baseline,1056084935.9111062,1056040394.7693661,52383.20933241047,7842.067592440993,7842.067592440993,44541.14173996948,1056032552.7017738
KOSTOPOLSKI,1924,baseline,991418161.044835,991390014.0861611,38450.650238403796,10303.691564511986,10303.691564511986,28146.95867389181,991379710.3945966
KOSZYRSKI,1924,baseline,978969832.186764,978950716.8944888,22732.729603261945,3617.4373280858954,3617.4373280858954,19115.29227517605,978947099.4571607
KOWELSKI,1924,baseline,1070588217.2021574,1070567429.5549968,33495.01142114613,12707.364260676564,12707.364260676564,20787.64716046957,1070554722.1907362
KOZIENICKI,1924,baseline,1172387506.2341986,1172309124.928551,107586.09247393982,29204.786826383996,29204.786826383996,78381.30564755583,1172279920.1417246
KOŁOMYJSKI,1924,baseline,1108183972.0295906,1108056017.6825714,149067.08272470548,21112.73570553637,21112.73570553637,127954.34701916912,1108034904.9468658
KOŚCIAŃSKI,1924,baseline,1479578750.7156472,1479349558.0979831,307698.6827134905,78506.06504946621,78506.06504946621,229192.6176640243,1479271052.0329337
KOŚCIERSKI,1924,baseline,1179703492.4882238,1179612138.187202,104857.99788164595,13503.69685981127,13503.69685981127,91354.30102183468,1179598634.4903421
KRAKOWSKI,1924,baseline,1237020049.712034,1236729143.441427,3316215.590375661,3025309.319768735,3025309.319768735,290906.27060692577,1233703834.1216583
KRAKÓW (MIASTO),1924,baseline,1301480755.547859,1234771349.1512687,67395728.078496,686321.6819058169,686321.6819058169,66709406.39659017,1234085027.469363
KRASNOSTAWSKI,1924,baseline,1115773047.3300009,1115637676.4351413,164006.3066334508,28635.41177388488,28635.41177388488,135370.89485956592,1115609041.0233674
KROTOSZYŃSKI,1924,baseline,1375861882.196058,1375568046.593079,333542.85712156474,39707.25414254893,39707.25414254893,293835.6029790158,1375528339.3389366
KROŚNIEŃSKI,1924,baseline,1130965654.8925753,1130744362.2613282,253804.3029031618,32511.67165612406,32511.67165612406,221292.63124703773,1130711850.589672
KRZEMIENIECKI,1924,baseline,996158842.0229132,996101060.3989099,66831.47327960184,9049.849276298452,9049.849276298452,57781.62400330339,996092010.5496336
KUTNOWSKI,1924,baseline,1306515162.3880403,1305980464.9618542,619522.1553750974,84824.72918880571,84824.72918880571,534697.4261862917,1305895640.2326653
KĘPIŃSKI,1924,baseline,1298088321.4864755,1297942794.409669,160614.7664782163,15087.689671636701,15087.689671636701,145527.0768065796,1297927706.7199972
LESKI,1924,baseline,1070104414.4013804,1070030539.1708356,83227.20452107537,9351.973976280036,9351.973976280036,73875.23054479534,1070021187.1968594
LESZCZYŃSKI,1924,baseline,1486513966.5318403,1486209755.2332704,359462.44966403535,55251.15109428603,55251.15109428603,304211.2985697493,1486154504.0821762
LIDZKI,1924,baseline,992797807.024192,992766160.5417328,41818.13252963462,10171.650070416386,10171.650070416386,31646.482459218234,992755988.8916624
LIMANOWSKI,1924,baseline,1160621053.28363,1160507635.897953,143069.93776374287,29652.552086823824,29652.552086823824,113417.38567691903,1160477983.3458662
LIPNOWSKI,1924,baseline,1074243468.3686097,1074102721.9637852,154643.91832989772,13897.513505544794,13897.513505544794,140746.4048243529,1074088824.4502797
LUBACZOWSKI,1924,baseline,1067143143.9399564,1067037350.9468414,117015.63827948808,11222.645164418605,11222.645164418605,105792.99311506948,1067026128.301677
LUBARTOWSKI,1924,baseline,1133837455.591639,1133742364.5574338,157828.68986262655,62737.65565741235,62737.65565741235,95091.0342052142,1133679626.9017763
LUBAWSKI,1924,baseline,1189172731.481469,1189028438.0229757,154952.9894723488,10659.530979070574,10659.530979070574,144293.45849327822,1189017778.4919965
LUBELSKI,1924,baseline,1152784449.166175,1152493644.7058096,326945.5863465458,36141.12598121615,36141.12598121615,290804.46036532964,1152457503.5798283
LUBLINIECKI,1924,baseline,1247690486.0461624,1247473858.6043975,240232.06053191063,23604.618767138378,23604.618767138378,216627.44176477226,1247450253.9856305
LUBOMELSKI,1924,baseline,1080983630.3533025,1080949541.5979497,49482.714809711106,15393.959456806659,15393.959456806659,34088.755352904445,1080934147.6384928
LWOWSKI,1924,baseline,1116581293.27239,1116411142.059848,2721744.583042023,2551593.370500189,2551593.370500189,170151.2125418338,1113859548.689348
LWÓW (MIASTO),1924,baseline,1152078773.7426574,1121182059.5455034,31618078.88971818,721364.6925642684,721364.6925642684,30896714.19715391,1120460694.8529391
M. ST. WARSZAWA,1924,baseline,1327130413.8874884,1226302082.810349,101012428.16724731,184097.09010788373,184097.09010788373,100828331.07713942,1226117985.720241
MAKOWSKI (MAKÓW MAZOWIECKI),1924,baseline,1123898841.373273,1123794130.9890242,115187.04738498754,10476.663136323294,10476.663136323294,104710.38424866425,1123783654.325888
MIECHOWSKI,1924,baseline,1222307206.4299438,1222151597.7353015,179054.52262566096,23445.827983280826,23445.827983280826,155608.69464238014,1222128151.907318
MIELECKI,1924,baseline,1182158067.641384,1182054527.6632285,137124.53027327152,33584.552117795196,33584.552117795196,103539.97815547632,1182020943.1111107
MIĘDZYCHODZKI,1924,baseline,1493781840.6574314,1493620140.0713542,182726.81641406973,21026.23033696413,21026.23033696413,161700.5860771056,1493599113.8410172
MIŃSKI,1924,baseline,1193596260.8557477,1193420064.8917806,319211.46596912295,143015.50200206263,143015.50200206263,176195.96396706035,1193277049.3897786
MOGILEŃSKI,1924,baseline,1333909574.3057218,1333717043.7205455,234784.05037098983,42253.46519465132,42253.46519465132,192530.58517633853,1333674790.2553508
MORSKI,1924,baseline,1088452186.3379076,1088264748.7371213,191158.78526978195,3721.1844834573794,3721.1844834573794,187437.60078632456,1088261027.5526378
MOŁODECZAŃSKI,1924,baseline,928386404.6523032,928320579.1522912,76714.99982327914,10889.499811321894,10889.499811321894,65825.50001195725,928309689.6524799
MOŚCISKI,1924,baseline,1120248263.9166973,1120107343.8187833,169490.52518902408,28570.427274996273,28570.427274996273,140920.0979140278,1120078773.3915083
MYŚLENICKI,1924,baseline,1175770018.8435295,1175615284.487947,184448.795080488,29714.439497995503,29714.439497995503,154734.35558249248,1175585570.048449
MŁAWSKI,1924,baseline,1186834685.0704863,1186692723.9109592,171578.25367412117,29617.094146852833,29617.094146852833,141961.15952726835,1186663106.8168123
NADWÓRNIAŃSKI,1924,baseline,1088694214.0351105,1088630827.9034266,79794.08644869312,16407.95476484701,16407.95476484701,63386.13168384611,1088614419.9486618
NIESZAWSKI,1924,baseline,1295995230.9523559,1295801669.1974404,235077.07894733077,41515.32403188253,41515.32403188253,193561.75491544825,1295760153.8734086
NIEŚWIESKI,1924,baseline,971009352.9565367,970926670.1216185,91222.94611109735,8540.11119288477,8540.11119288477,82682.83491821258,970918130.0104256
NIŻAŃSKI,1924,baseline,1162966232.6850793,1162857193.7161064,128490.2721050862,19451.30313201732,19451.30313201732,109038.96897306888,1162837742.4129744
NOWOGRÓDZKI,1924,baseline,965761069.3707647,965712518.1139088,58085.70587973825,9534.449023686535,9534.449023686535,48551.25685605171,965702983.664885
NOWOSĄDECKI,1924,baseline,1148527512.310876,1148382230.3505158,171582.81110918417,26300.85074912735,26300.85074912735,145281.9603600568,1148355929.4997668
NOWOTARSKI,1924,baseline,1174172495.0708356,1174066901.9746041,132520.5377903276,26927.44155894216,26927.44155894216,105593.09623138543,1174039974.5330453
NOWOTOMYSKI,1924,baseline,1548448929.8607922,1548158139.426073,318668.494281078,27878.059561941864,27878.059561941864,290790.4347191361,1548130261.366511
OBORNICKI,1924,baseline,1417783454.4039152,1417650250.4941416,220616.73198791587,87412.8222144413,87412.8222144413,133203.90977347456,1417562837.6719272
OLKUSKI,1924,baseline,1257822233.411938,1257631986.061854,220362.2866326068,30114.936548367496,30114.936548367496,190247.3500842393,1257601871.1253054
OPATOWSKI,1924,baseline,1202530637.8429036,1202364949.7582889,192475.21074121134,26787.126126568528,26787.126126568528,165688.0846146428,1202338162.6321623
OPOCZYŃSKI,1924,baseline,1248787304.623753,1248702230.189201,143845.9592268109,58771.5246748339,58771.5246748339,85074.43455197698,1248643458.6645262
OSTROWSKI (OSTRÓW MAZOWIECKA),1924,baseline,1134151232.939025,1134080385.7845464,104184.37557314985,33337.22109458193,33337.22109458193,70847.15447856793,1134047048.5634518
OSTROWSKI (OSTRÓW WIELKOPOLSKI),1924,baseline,1365504440.6209984,1365278260.7778807,255487.00807634712,29307.16495881553,29307.16495881553,226179.8431175316,1365248953.612922
OSTROŁĘCKI,1924,baseline,1114965701.182236,1114904162.8055224,86981.43614536377,25443.059431833208,25443.059431833208,61538.37671353056,1114878719.7460907
OSZMIAŃSKI,1924,baseline,898263341.226215,898217235.9804833,49717.30362029838,3612.057888615609,3612.057888615609,46105.24573168277,898213623.9225947
PIOTRKOWSKI,1924,baseline,1267978249.5709188,1267802175.6105413,230556.2999045946,54482.33952701721,54482.33952701721,176073.9603775774,1267747693.2710142
PIŃCZOWSKI,1924,baseline,1191199602.008419,1191066457.4759798,150273.47597015786,17128.943530925582,17128.943530925582,133144.53243923228,1191049328.5324488
PIŃSKI,1924,baseline,998941461.0189893,998911818.4215959,36546.98790021078,6904.390506857022,6904.390506857022,29642.597393353753,998904914.0310891
PODHAJECKI,1924,baseline,1077003876.87074,1076935591.5921526,93422.12201309272,25136.843425670242,25136.843425670242,68285.27858742248,1076910454.7487268
POSTAWSKI,1924,baseline,899215076.897966,899176163.3265135,45208.97306867828,6295.401616221652,6295.401616221652,38913.57145245663,899169867.9248973
POZNAŃ (MIASTO),1924,baseline,1520305749.206118,1485113642.729497,36388005.27827107,1195898.8016496906,1195898.8016496906,35192106.47662138,1483917743.9278471
POZNAŃSKI,1924,baseline,1478680465.2484293,1478473243.0620031,4295649.792260189,4088427.6058339747,4088427.6058339747,207222.1864262137,1474384815.4561691
PRUŻAŃSKI,1924,baseline,1053442171.5015185,1053386659.0016619,65449.86364767463,9937.363791079817,9937.363791079817,55512.49985659482,1053376721.6378708
PRZASNYCKI,1924,baseline,1082728681.0413284,1082633524.1940153,106757.99546932805,11601.148156275027,11601.148156275027,95156.84731305302,1082621923.045859
PRZEMYSKI,1924,baseline,1144847036.143476,1144581901.838501,301349.33568386367,36215.0307086773,36215.0307086773,265134.30497518636,1144545686.8077922
PRZEMYŚLAŃSKI,1924,baseline,1093201087.2280738,1093087824.5543177,143476.78097168382,30214.10721560692,30214.10721560692,113262.6737560769,1093057610.447102
PRZEWORSKI,1924,baseline,1154847354.1988404,1154477718.0131996,409268.8692522462,39632.68361138798,39632.68361138798,369636.18564085825,1154438085.3295882
PSZCZYŃSKI,1924,baseline,1302081513.0832975,1301519075.446203,756154.6986362493,193717.06154168723,193717.06154168723,562437.6370945621,1301325358.3846612
PUŁAWSKI,1924,baseline,1146251165.2364075,1146122075.8877923,156587.48972682125,27498.141111623703,27498.141111623703,129089.34861519755,1146094577.7466807
PUŁTUSKI,1924,baseline,1156839000.0207477,1156699431.1315212,187484.831534457,47915.94230804685,47915.94230804685,139568.88922641013,1156651515.1892133
PŁOCKI,1924,baseline,1236263642.4213176,1236000750.2772846,298239.5985953168,35347.45456238224,35347.45456238224,262892.14403293456,1235965402.8227222
PŁOŃSKI,1924,baseline,1145433734.2601378,1145293316.48117,189403.44420412133,48985.66523618522,48985.66523618522,140417.77896793612,1145244330.8159337
RADOMSKI,1924,baseline,1202019839.661005,1201889594.9995024,157322.81863828865,27078.157135627433,27078.157135627433,130244.66150266123,1201862516.8423667
RADOMSZCZAŃSKI,1924,baseline,1267606471.6318247,1267477973.5532658,175190.82035329624,46692.74179444915,46692.74179444915,128498.07855884708,1267431280.8114715
RADZIECHOWSKI,1924,baseline,1050738596.6201795,1050650172.0672641,100929.15243952927,12504.599523985764,12504.599523985764,88424.5529155435,1050637667.46774
RADZYMIŃSKI,1924,baseline,1194543736.9638526,1194356770.263923,434047.88499178883,247081.18506208318,247081.18506208318,186966.69992970565,1194109689.0788608
RADZYŃSKI,1924,baseline,1145722318.1410885,1145619703.2899175,132353.0153529534,29738.164181859287,29738.164181859287,102614.85117109412,1145589965.1257355
RAWICKI,1924,baseline,1421839576.6928623,1421447493.7080946,434834.7507085841,42751.76594101511,42751.76594101511,392082.984767569,1421404741.9421537
RAWSKI (RAWA MAZOWIECKA),1924,baseline,1236764385.8177226,1236644122.5143723,169219.82170804523,48956.51835772818,48956.51835772818,120263.30335031704,1236595165.9960146
RAWSKI (RAWA RUSKA),1924,baseline,1096169442.0295846,1096079917.423397,113327.07685976008,23802.47067205259,23802.47067205259,89524.6061877075,1096056114.952725
ROHATYŃSKI,1924,baseline,1088595723.5762,1088489506.7248127,130149.74996961355,23932.898582508406,23932.898582508406,106216.85138710514,1088465573.8262303
ROPCZYCKI,1924,baseline,1184642078.6430497,1184510304.4449542,169360.93624626478,37586.738150642035,37586.738150642035,131774.19809562273,1184472717.7068036
RUDECKI,1924,baseline,1108974397.5245895,1108808739.581248,205217.3237800333,39559.3804386404,39559.3804386404,165657.9433413929,1108769180.2008095
RYBNICKI,1924,baseline,1251800311.3446085,1251255750.1665673,616064.552885638,71503.37484430964,71503.37484430964,544561.1780413283,1251184246.791723
RYPIŃSKI,1924,baseline,1073077290.2414939,1072903557.6035976,189548.44942977317,15815.811533408136,15815.811533408136,173732.63789636505,1072887741.7920642
RZESZOWSKI,1924,baseline,1157141562.5629034,1156907339.8363242,259259.65774866822,25036.931169583844,25036.931169583844,234222.72657908438,1156882302.9051547
RÓWIEŃSKI,1924,baseline,1008246976.8615578,1008158686.2887868,98872.60217531447,10582.029404327019,10582.029404327019,88290.57277098745,1008148104.2593825
SAMBORSKI,1924,baseline,1127532024.7202463,1127376510.2899718,206453.7477946384,50939.31752004617,50939.31752004617,155514.43027459222,1127325570.9724517
SANDOMIERSKI,1924,baseline,1161982644.430282,1161823906.4137285,169327.17610885412,10589.159555124581,10589.159555124581,158738.01655372954,1161813317.2541733
SANOCKI,1924,baseline,1097350851.9124737,1097199265.5275438,165584.28397461874,13997.899044869151,13997.899044869151,151586.3849297496,1097185267.628499
SARNEŃSKI,1924,baseline,994582823.3455747,994563757.6942011,26470.764846867958,7405.113473254477,7405.113473254477,19065.65137361348,994556352.5807278
SIEDLECKI,1924,baseline,1163202017.619315,1163083161.583356,162731.90115372612,43875.86519475488,43875.86519475488,118856.03595897125,1163039285.718161
SIERADZKI,1924,baseline,1320261542.8282812,1320074100.6357517,249596.73452238576,62154.5419929009,62154.5419929009,187442.19252948486,1320011946.0937588
SIERPECKI,1924,baseline,1093747051.5734441,1093581551.650295,185542.85945379018,20042.936304621504,20042.936304621504,165499.92314916867,1093561508.7139904
SKAŁACKI,1924,baseline,1027224439.3599142,1027098628.980556,135777.04494916656,9966.6655910317,9966.6655910317,125810.37935813487,1027088662.314965
SKIERNIEWICKI,1924,baseline,1276901296.4625332,1276677181.0116158,342936.4543819677,118821.00346457037,118821.00346457037,224115.45091739736,1276558360.0081513
SOCHACZEWSKI,1924,baseline,1244151341.2712197,1243971719.4214954,266304.8230757376,86682.97335156512,86682.97335156512,179621.84972417247,1243885036.448144
SOKALSKI,1924,baseline,1076502707.4416203,1076371130.8598638,148299.25807148966,16722.67631492316,16722.67631492316,131576.5817565665,1076354408.183549
SOKOŁOWSKI,1924,baseline,1144716917.8630238,1144630711.728186,129322.70964387758,43116.57480603117,43116.57480603117,86206.1348378464,1144587595.15338
SOKÓLSKI,1924,baseline,1071101536.2496088,1071058774.6956335,66135.62811487282,23374.074139651042,23374.074139651042,42761.553975221774,1071035400.6214939
STANISŁAWOWSKI,1924,baseline,1106152614.806056,1105950050.2452137,230089.47812462936,27524.917282337865,27524.917282337865,202564.56084229148,1105922525.3279314
STAROGARDZKI,1924,baseline,1207240058.3288844,1207014893.6971817,241374.3050822979,16209.673379631387,16209.673379631387,225164.63170266652,1206998684.023802
STOLIŃSKI,1924,baseline,967587891.738354,967575844.7324172,18236.502023825815,6189.496087075158,6189.496087075158,12047.005936750656,967569655.2363302
STOPNICKI,1924,baseline,1152630318.510419,1152540402.8155012,100134.39434346097,10218.699425712482,10218.699425712482,89915.6949177485,1152530184.1160755
STOŁPECKI,1924,baseline,951980852.7998092,951920362.2770298,65634.33912160712,5143.816342114734,5143.816342114734,60490.52277949238,951915218.4606876
STRYJSKI,1924,baseline,1097655016.8155074,1097562752.2088318,127423.67385613309,35159.067180361366,35159.067180361366,92264.60667577172,1097527593.1416514
SUWALSKI,1924,baseline,988657402.9843987,988585180.9904896,79541.06029328005,7319.066384208315,7319.066384208315,72221.99390907174,988577861.9241054
SZAMOTULSKI,1924,baseline,1439435612.2546117,1439257520.7128634,219099.87353711927,41008.33178872908,41008.33178872908,178091.54174839018,1439216512.3810747
SZCZUCZYŃSKI (WOJ. BIAŁOSTOCKIE),1924,baseline,1060434530.9975728,1060353137.0514643,91605.30515003591,10211.359041524647,10211.359041524647,81393.94610851127,1060342925.6924227
SZCZUCZYŃSKI (WOJ. NOWOGRÓDZKIE),1924,baseline,1017373808.2007916,1017339976.8623699,43177.56253428757,9346.22411263038,9346.22411263038,33831.338421657194,1017330630.6382573
SZUBIŃSKI,1924,baseline,1333224788.216654,1333097568.3153124,187319.97319624526,60100.071854595386,60100.071854595386,127219.90134164988,1333037468.2434578
SĘPOLEŃSKI,1924,baseline,1278031694.061036,1277806159.6895852,255201.79689336865,29667.42544238077,29667.42544238077,225534.37145098788,1277776492.2641428
SŁONIMSKI,1924,baseline,1012650174.0926033,1012611554.7216693,49851.19465028985,11231.82371630617,11231.82371630617,38619.37093398368,1012600322.897953
TARNOBRZESKI,1924,baseline,1184483623.3772912,1184347532.1389177,157949.03604851163,21857.797674853366,21857.797674853366,136091.23837365827,1184325674.3412428
TARNOGÓRSKI,1924,baseline,1320216621.6703782,1318579887.6950302,1844919.0296516204,208185.05430354964,208185.05430354964,1636733.9753480707,1318371702.6407266
TARNOPOLSKI,1924,baseline,1058054805.0757983,1057920621.0560967,158146.2317811246,23962.212079570112,23962.212079570112,134184.0197015545,1057896658.8440171
TARNOWSKI,1924,baseline,1181868108.538261,1181621835.9868422,306918.7067498555,60646.155331222,60646.155331222,246272.55141863346,1181561189.831511
TCZEWSKI,1924,baseline,1189981819.7789428,1189640617.5410826,353152.87403318705,11950.636173124545,11950.636173124545,341202.2378600625,1189628666.9049096
TOMASZOWSKI,1924,baseline,1056617849.1070718,1056513055.3901095,116762.61864333486,11968.901681050775,11968.901681050775,104793.71696228409,1056501086.4884285
TORUŃSKI,1924,baseline,1298884141.9211714,1298533146.95385,393053.34454686206,42058.377225403085,42058.377225403085,350994.967321459,1298491088.5766246
TREMBOWELSKI,1924,baseline,1054445514.4057567,1054334828.8764322,135762.13293393768,25076.603609432743,25076.603609432743,110685.52932450494,1054309752.2728227
TUCHOLSKI,1924,baseline,1245811476.6965518,1245694196.669092,143589.94727779736,26309.91981781585,26309.91981781585,117280.02745998152,1245667886.749274
TURCZAŃSKI,1924,baseline,1087631800.91849,1087558671.9848733,89065.91214195782,15936.978525462822,15936.978525462822,73128.933616495,1087542735.006348
TURECKI,1924,baseline,1255619073.4101405,1255483819.09932,147433.58850433145,12179.277683777658,12179.277683777658,135254.3108205538,1255471639.8216362
TŁUMACKI,1924,baseline,1088814433.7574959,1088676665.931758,169863.93036644894,32096.104628518955,32096.104628518955,137767.82573793,1088644569.8271294
WADOWICKI,1924,baseline,1230902605.8134806,1230681919.0467055,311497.78710305225,90811.02032771346,90811.02032771346,220686.7667753388,1230591108.0263777
WARSZAWSKI,1924,baseline,1221018785.9944286,1220671822.7277906,1514838.2201392313,1167874.9535011519,1167874.9535011519,346963.2666380794,1219503947.7742894
WIELUŃSKI,1924,baseline,1199234251.0295603,1199142726.6383853,96363.43876052205,4839.047585452225,4839.047585452225,91524.39117506983,1199137887.5907998
WILEJSKI,1924,baseline,917543484.4303513,917501918.6032332,49175.305404334234,7609.478286233768,7609.478286233768,41565.82711810047,917494309.124947
WILEŃSKO-TROCKI,1924,baseline,963908133.0504478,963873648.5578257,110309.29365753786,75824.80103538984,75824.80103538984,34484.49262214801,963797823.7567903
WILNO (MIASTO),1924,baseline,984052499.3539115,974413835.6224678,9698559.28416118,59895.552717454135,59895.552717454135,9638663.731443726,974353940.0697503
WOLSZTYŃSKI,1924,baseline,1581882373.0242474,1581709949.6317909,215445.83759861614,43022.44514200088,43022.44514200088,172423.39245661526,1581666927.1866488
WOŁKOWYSKI,1924,baseline,1059462001.3820302,1059426484.0625434,49105.18279786655,13587.863311053796,13587.863311053796,35517.31948681276,1059412896.1992323
WOŁOŻYŃSKI,1924,baseline,930613119.7418969,930561211.3653269,57064.55315331355,5156.1765832564515,5156.1765832564515,51908.3765700571,930556055.1887436
WRZESIŃSKI,1924,baseline,1406205687.032572,1405955759.115935,320107.5408617706,70179.62422487949,70179.62422487949,249927.9166368911,1405885579.4917102
WYRZYSKI,1924,baseline,1304523661.9091504,1304342369.991087,217993.50452432042,36701.586460807346,36701.586460807346,181291.9180635131,1304305668.4046261
WYSOKOMAZOWIECKI,1924,baseline,1103990943.0256379,1103917265.3482554,103286.95480255884,29609.277420114824,29609.277420114824,73677.67738244402,1103887656.0708354
WĄBRZESKI,1924,baseline,1259028551.9244401,1258837162.914947,225680.51178175505,34291.50228850239,34291.50228850239,191389.00949325267,1258802871.4126585
WĄGROWIECKI,1924,baseline,1390307390.8980834,1390177911.2210662,186846.35546962149,57366.6784525118,57366.6784525118,129479.6770171097,1390120544.5426137
WĘGROWSKI,1924,baseline,1129862224.7692506,1129771080.8931859,123361.92011762453,32218.04405278095,32218.04405278095,91143.87606484357,1129738862.849133
WŁOCŁAWSKI,1924,baseline,1288812443.0572972,1288413277.0659478,440826.5257864188,41660.534436924565,41660.534436924565,399165.99134949426,1288371616.5315108
WŁODAWSKI,1924,baseline,1087335830.8506021,1087276525.794687,73123.99950980865,13818.943594774142,13818.943594774142,59305.055915034514,1087262706.8510923
WŁODZIMIERSKI,1924,baseline,1071898578.4877212,1071831275.7063826,82850.7752215048,15547.993882949286,15547.993882949286,67302.7813385555,1071815727.7124997
WŁOSZCZOWSKI,1924,baseline,1206316230.5552464,1206230239.432987,107012.86551478517,21021.74325534226,21021.74325534226,85991.12225944291,1206209217.6897316
ZALESZCZYCKI,1924,baseline,1057314895.5377191,1057193651.6192604,134332.9208859286,13089.00242719885,13089.00242719885,121243.91845872975,1057180562.6168332
ZAMOJSKI,1924,baseline,1113312602.9330142,1113149835.1146367,189675.0229517048,26907.204574140156,26907.204574140156,162767.81837756463,1113122927.9100626
ZBARASKI,1924,baseline,1041394594.6044793,1041260600.8655007,156785.21982769587,22791.480849052426,22791.480849052426,133993.73897864344,1041237809.3846517
ZBOROWSKI,1924,baseline,1050016397.4512823,1049908968.7411383,125370.02423694987,17941.31409297876,17941.31409297876,107428.71014397111,1049891027.4270453
ZDOŁBUNOWSKI,1924,baseline,1002464561.3763571,1002348064.8305445,125951.31892327154,9454.773110572753,9454.773110572753,116496.54581269878,1002338610.0574338
ZŁOCZOWSKI,1924,baseline,1064971147.5847673,1064874594.6891968,120280.41606780593,23727.52049737371,23727.52049737371,96552.89557043221,1064850867.1686995
ŁASKI,1924,baseline,1297882149.9287732,1297695738.1994011,267035.8737635341,80624.14439147254,80624.14439147254,186411.72937206159,1297615114.0550096
ŁAŃCUCKI,1924,baseline,1154880458.7412543,1154697621.0024219,205134.46050892884,22296.7216763279,22296.7216763279,182837.73883260094,1154675324.2807455
ŁOMŻYŃSKI,1924,baseline,1093070620.9870422,1092989614.0153906,97999.1414691741,16992.169817726193,16992.169817726193,81006.9716514479,1092972621.845573
ŁOWICKI,1924,baseline,1286905966.706652,1286696712.9265976,331133.82323778485,121880.0431834518,121880.0431834518,209253.78005433304,1286574832.883414
ŁUCKI,1924,baseline,1023363195.1914004,1023330009.6913216,41865.33716290862,8679.837083999146,8679.837083999146,33185.50007890947,1023321329.8542376
ŁUKOWSKI,1924,baseline,1156993385.6532886,1156907964.3406982,122871.79521426099,37450.48262379409,37450.48262379409,85421.3125904669,1156870513.8580744
ŁUNINIECKI,1924,baseline,977302227.7232176,977276805.831377,32082.392959964076,6660.501119424543,6660.501119424543,25421.891840539534,977270145.3302577
ŁÓDZKI,1924,baseline,1298457295.1827476,1298114412.2066424,856656.9826961826,513774.0065910127,513774.0065910127,342882.9761051698,1297600638.2000513
ŁÓDŹ (MIASTO),1924,baseline,1402446372.6464834,1292457112.4897301,110103541.15273967,114280.99598639343,114280.99598639343,109989260.15675329,1292342831.4937437
ŁĘCZYCKI,1924,baseline,1301817782.6056688,1301620485.1998928,275846.9550685348,78549.54929266758,78549.54929266758,197297.40577586726,1301541935.6506002
ŚNIATYŃSKI,1924,baseline,1107843022.470138,1107621508.6630695,232547.64896114028,11033.84189245657,11033.84189245657,221513.8070686837,1107610474.821177
ŚREDZKI,1924,baseline,1421722841.883396,1421520519.905963,286279.39210564736,83957.41467265775,83957.41467265775,202321.97743298963,1421436562.4912903
ŚREMSKI,1924,baseline,1404493175.3529341,1404341373.2548628,194097.53969492624,42295.44162378205,42295.44162378205,151802.0980711442,1404299077.813239
ŚWIECKI,1924,baseline,1259225239.92645,1259104402.6485763,160596.02933724452,39758.751463495806,39758.751463495806,120837.27787374871,1259064643.8971128
ŚWIĘCIAŃSKI,1924,baseline,935597829.7032183,935560937.7338907,44082.54154974646,7190.572222120776,7190.572222120776,36891.96932762568,935553747.1616685
ŚWIĘTOCHŁOWICKI,1924,baseline,1354522358.8936715,1337712346.8603718,17480413.364189535,670401.3308898772,670401.3308898772,16810012.03329966,1337041945.529482
ŻNIŃSKI,1924,baseline,1345851376.9648101,1345654741.1473036,252442.40313345753,55806.58562674474,55806.58562674474,196635.81750671277,1345598934.5616767
ŻYDACZOWSKI,1924,baseline,1097071057.7133904,1096968453.8587463,136709.87962029403,34106.02497635394,34106.02497635394,102603.8546439401,1096934347.83377
ŻYWIECKI,1924,baseline,1228573105.0102596,1228346203.813547,304345.8354148085,77444.6387020619,77444.6387020619,226901.19671274655,1228268759.1748447
ŻÓŁKIEWSKI,1924,baseline,1099065036.065872,1098923794.7862973,216908.92655779893,75667.6469830612,75667.6469830612,141241.2795747377,1098848127.1393142
AUGUSTOWSKI,1925,baseline,1089020861.0288901,1088967139.454204,66093.26376569294,12371.689079697091,12371.689079697091,53721.57468599586,1088954767.7651243
BARANOWICKI,1925,baseline,1079964644.79672,1079924991.7135582,55242.79114844237,15589.707986475772,15589.707986475772,39653.0831619666,1079909402.0055716
BIALSKI (BIAŁA KRAKOWSKA),1925,baseline,1363182105.6843774,1362404961.3872788,904013.8198950472,126869.52279641184,126869.52279641184,777144.2970986353,1362278091.8644824
BIALSKI (BIAŁA PODLASKA),1925,baseline,1222765639.0716038,1222660274.5768037,131921.82266278466,26557.32786278844,26557.32786278844,105364.49479999623,1222633717.248941
BIAŁOSTOCKI,1925,baseline,1197620647.4631941,1197482246.4204454,162119.0137324875,23717.970983654006,23717.970983654006,138401.0427488335,1197458528.4494617
BIELSKI (BIELSK PODLASKI),1925,baseline,1191791281.2686396,1191754968.4508593,57194.92872672452,20882.110946356548,20882.110946356548,36312.81778036798,1191734086.339913
BIELSKO,1925,baseline,1360099297.757746,1356628588.4211829,3559583.0384200136,88873.70185685648,88873.70185685648,3470709.336563157,1356539714.719326
BIŁGORAJSKI,1925,baseline,1177078626.3065782,1177007845.3739543,90939.84748197878,20158.914858103668,20158.914858103668,70780.93262387511,1176987686.4590962
BOCHEŃSKI,1925,baseline,1309312051.9147313,1309152462.7384462,243470.16673160595,83880.99044664261,83880.99044664261,159589.17628496335,1309068581.7479997
BORSZCZOWSKI,1925,baseline,1084228028.4842975,1084108358.06705,125431.8652461191,5761.447998475933,5761.447998475933,119670.41724764316,1084102596.6190515
BRASŁAWSKI,1925,baseline,970366832.4599336,970341216.302037,28015.155551039104,2398.997654380432,2398.997654380432,25616.15789665867,970338817.3043826
BRODNICKI,1925,baseline,1349267766.1596663,1349064805.202531,228403.7149981099,25442.757862832703,25442.757862832703,202960.95713527722,1349039362.4446683
BRODZKI,1925,baseline,1136247098.172505,1136125792.7904446,135295.5496004334,13990.167540116987,13990.167540116987,121305.38206031642,1136111802.6229045
BRZESKI (BRZESKO),1925,baseline,1266098894.8077505,1265917325.873601,232338.21788438474,50769.2837347845,50769.2837347845,181568.93414960025,1265866556.5898662
BRZESKI (BRZEŚĆ N.BUG.),1925,baseline,1209690804.5606382,1209640379.9401445,74889.03099423705,24464.410500529797,24464.410500529797,50424.620493707254,1209615915.529644
BRZEZIŃSKI,1925,baseline,1400254702.5597796,1399859285.0871427,534893.1406598893,139475.6680228525,139475.6680228525,395417.4726370368,1399719809.4191198
BRZEŻAŃSKI,1925,baseline,1169301232.8717594,1169183797.1128907,149512.4077050655,32076.64883640684,32076.64883640684,117435.75886865867,1169151720.4640543
BRZOZOWSKI,1925,baseline,1216684052.962927,1216450944.433671,249306.967195929,16198.43793978634,16198.43793978634,233108.52925614265,1216434745.995731
BUCZACKI,1925,baseline,1141440597.1801307,1141325879.0329502,137695.75256647822,22977.6053860444,22977.6053860444,114718.1471804338,1141302901.4275641
BYDGOSKI,1925,baseline,1430092285.6989853,1429844966.789557,285069.49470671953,37750.58527819003,37750.58527819003,247318.9094285295,1429807216.2042787
BÓBRECKI,1925,baseline,1180510726.9891815,1180336243.4922574,206386.6945277828,31903.197603783712,31903.197603783712,174483.49692399908,1180304340.2946537
BĘDZIŃSKI,1925,baseline,1416659945.3770127,1415786884.43105,919096.3921056307,46035.446142794346,46035.446142794346,873060.9459628364,1415740848.9849072
BŁOŃSKI,1925,baseline,1349307211.8010573,1348869484.362192,483628.99739874393,45901.55853352415,45901.55853352415,437727.43886521977,1348823582.8036585
CHEŁMIŃSKI,1925,baseline,1367008825.2917504,1366766783.605976,273847.0744343824,31805.388659934433,31805.388659934433,242041.68577444795,1366734978.2173162
CHEŁMSKI,1925,baseline,1211768592.6248708,1211639734.6061304,158079.64596702505,29221.62722652953,29221.62722652953,128858.0187404955,1211610512.9789038
CHODZIESKI,1925,baseline,1470639561.1419494,1470455688.084687,212219.45833959468,28346.401077209048,28346.401077209048,183873.05726238564,1470427341.6836097
CHOJNICKI,1925,baseline,1345420156.21073,1345345246.3130782,96262.34256934546,21352.44491746041,21352.44491746041,74909.89765188505,1345323893.8681607
CHORZÓW,1925,baseline,1517983980.9036043,1457907854.9124632,61782371.01227798,1706245.0211369006,1706245.0211369006,60076125.99114108,1456201609.8913262
CHRZANOWSKI,1925,baseline,1395880915.0256603,1395257812.041847,739226.9188334919,116123.93502010086,116123.93502010086,623102.983813391,1395141688.1068268
CIECHANOWSKI,1925,baseline,1288790892.9135747,1288544219.3764014,297205.42061568866,50531.88344229604,50531.88344229604,246673.53717339263,1288493687.492959
CIESZYŃSKI,1925,baseline,1319170454.0829744,1318540203.756229,681189.4830490705,50939.15630363262,50939.15630363262,630250.3267454378,1318489264.5999253
CZARNKOWSKI,1925,baseline,1468398193.262802,1468235870.2774882,180942.43271420524,18619.44740054951,18619.44740054951,162322.98531365572,1468217250.8300877
CZORTKOWSKI,1925,baseline,1134941660.9061933,1134733243.6535783,240767.44349616527,32350.19088134828,32350.19088134828,208417.252614817,1134700893.462697
CZĘSTOCHOWSKI,1925,baseline,1384154249.315951,1383874922.2906177,307287.281459997,27960.25612653731,27960.25612653731,279327.02533345966,1383846962.034491
DOBROMILSKI,1925,baseline,1211325567.0159721,1211200662.5414643,149205.30372471025,24300.82921700197,24300.82921700197,124904.47450770826,1211176361.7122474
DOLIŃSKI,1925,baseline,1185357647.8831334,1185298176.638533,80010.22941561074,20538.98481533238,20538.98481533238,59471.24460027836,1185277637.6537178
DROHICKI,1925,baseline,1119298407.0349526,1119257717.201316,51369.598081986514,10679.764445557475,10679.764445557475,40689.83363642904,1119247037.4368706
DROHOBYCKI,1925,baseline,1204885823.8673267,1204619097.663103,303207.4973990785,36481.29317534557,36481.29317534557,266726.20422373293,1204582616.3699276
DUBIEŃSKI,1925,baseline,1098261671.5735822,1098193989.1438274,80006.54170022708,12324.111945342765,12324.111945342765,67682.42975488432,1098181665.031882
DZIAŁDOWSKI,1925,baseline,1295185317.8038325,1295107009.0722327,91889.72108392327,13580.98948408485,13580.98948408485,78308.73159983841,1295093428.0827487
DZIŚNIEŃSKI,1925,baseline,962326846.9071715,962293186.347814,38130.41947888822,4469.860121337798,4469.860121337798,33660.559357550424,962288716.4876926
DĄBROWSKI,1925,baseline,1264860490.268788,1264735183.8201337,169762.27811881262,44455.829464424954,44455.829464424954,125306.44865438767,1264690727.9906693
GARWOLIŃSKI,1925,baseline,1288571227.16687,1288478474.6187615,157292.4214217359,64539.8733131985,64539.8733131985,92752.54810853739,1288413934.7454484
GNIEŹNIEŃSKI,1925,baseline,1538977852.6885962,1538648699.2657273,393039.9773365147,63886.554467509675,63886.554467509675,329153.422869005,1538584812.7112598
GORLICKI,1925,baseline,1244696426.970659,1244545170.736316,186127.5179499323,34871.28360675131,34871.28360675131,151256.234343181,1244510299.4527092
GOSTYNIŃSKI,1925,baseline,1379300368.7110891,1379090070.5887804,286011.4886006787,75713.36629189696,75713.36629189696,210298.12230878172,1379014357.2224884
GOSTYŃSKI,1925,baseline,1551729317.894539,1551437071.1377895,345258.9077056253,53012.15095592855,53012.15095592855,292246.75674969674,1551384058.9868336
GRODZIEŃSKI,1925,baseline,1130552443.897121,1130507000.73689,58105.983046826266,12662.822815995994,12662.822815995994,45443.160230830275,1130494337.9140742
GRUDZIĄDZKI,1925,baseline,1361109724.5138147,1360691188.6303456,457400.36906462064,38864.48559536049,38864.48559536049,418535.8834692601,1360652324.14475
GRÓDECKI,1925,baseline,1185841067.5171354,1185712790.8449779,231918.0944415484,103641.42228411914,103641.42228411914,128276.67215742928,1185609149.4226937
GRÓJECKI,1925,baseline,1274970948.672336,1274787102.3420892,327195.9632054947,143349.63295865397,143349.63295865397,183846.3302468407,1274643752.7091305
HOROCHOWSKI,1925,baseline,1125661738.5831292,1125513778.2049596,152873.45317570018,4913.075006332403,4913.075006332403,147960.3781693678,1125508865.1299534
HORODEŃSKI,1925,baseline,1145568823.0308232,1145407694.1833162,175310.8980547907,14182.050547722512,14182.050547722512,161128.8475070682,1145393512.1327684
HRUBIESZOWSKI,1925,baseline,1163673315.8328152,1163569418.466635,126682.16031642855,22784.79413633068,22784.79413633068,103897.36618009786,1163546633.6724987
INOWROCŁAWSKI,1925,baseline,1450786918.601609,1450461571.3223794,372824.9260359843,47477.646806217155,47477.646806217155,325347.27922976715,1450414093.675573
IWACEWICKI,1925,baseline,1102341665.6129363,1102307375.45421,43353.101980777865,9062.943254533058,9062.943254533058,34290.15872624481,1102298312.5109556
IŁŻECKI,1925,baseline,1300847197.8542821,1300729326.4965265,145237.80778235744,27366.45002663668,27366.45002663668,117871.35775572076,1300701960.0464997
JANOWSKI,1925,baseline,1232795294.376834,1232697206.1318333,125553.85980207883,27465.614801401673,27465.614801401673,98088.24500067717,1232669740.517032
JAROCIŃSKI,1925,baseline,1504447652.1826081,1504189353.885474,304051.2602951123,45752.96316104564,45752.96316104564,258298.2971340667,1504143600.922313
JAROSŁAWSKI,1925,baseline,1249317850.0392978,1249173288.8356612,183052.7426822927,38491.53904560809,38491.53904560809,144561.2036366846,1249134797.2966156
JASIELSKI,1925,baseline,1235680883.124726,1235503340.8259766,223388.86574347448,45846.56699391397,45846.56699391397,177542.29874956052,1235457494.2589827
JAWOROWSKI,1925,baseline,1161700782.6950564,1161594061.1931195,139811.77146099758,33090.26952408843,33090.26952408843,106721.50193690916,1161560970.9235954
JĘDRZEJOWSKI,1925,baseline,1349294849.39729,1349158545.072852,171879.76234207724,35575.43790382459,35575.43790382459,136304.32443825266,1349122969.634948
KALISKI,1925,baseline,1436790880.6148064,1436385739.1684408,422444.02279012103,17302.576424616058,17302.576424616058,405141.446365505,1436368436.5920162
KAMIONECKI,1925,baseline,1171503435.2059095,1171403294.1631098,146115.64297758535,45974.60017770433,45974.60017770433,100141.04279988102,1171357319.562932
KARTUSKI,1925,baseline,1252792104.1693833,1252704123.0408342,100288.75641307954,12307.627863991554,12307.627863991554,87981.12854908798,1252691815.4129703
KATOWICE,1925,baseline,1455247079.6379972,1441763183.6206527,13941693.86055077,457797.84320635017,457797.84320635017,13483896.01734442,1441305385.7774463
KAŁUSKI,1925,baseline,1175923818.9444237,1175826590.3118052,116412.26618759628,19183.633569318154,19183.633569318154,97228.63261827813,1175807406.678236
KIELECKI,1925,baseline,1347889537.155859,1347753903.544579,167626.60440207785,31992.99312215197,31992.99312215197,135633.61127992588,1347721910.551457
KOBRYŃSKI,1925,baseline,1155524937.5814476,1155487347.3304713,52273.892632358344,14683.641655816971,14683.641655816971,37590.25097654137,1155472663.6888154
KOLBUSZOWSKI,1925,baseline,1251904600.1140912,1251778470.4472845,144343.55223914975,18213.88543236445,18213.88543236445,126129.66680678532,1251760256.561852
KOLSKI,1925,baseline,1460264334.7167914,1459982881.0990045,336748.21640715265,55294.59862028276,55294.59862028276,281453.6177868699,1459927586.5003843
KONECKI,1925,baseline,1353737708.1188147,1353633730.0561898,142743.0804025436,38765.0177776474,38765.0177776474,103978.06262489618,1353594965.038412
KONIŃSKI,1925,baseline,1476773204.6159878,1476597444.5652525,205062.2815636455,29302.23082858004,29302.23082858004,175760.05073506545,1476568142.334424
KOPYCZYNIECKI,1925,baseline,1129176675.4020627,1129039228.3378232,169195.53573170968,31748.471492238976,31748.471492238976,137447.0642394707,1129007479.8663309
KOSOWSKI (KOSÓW HUCULSKI),1925,baseline,1134425410.3327167,1134383514.3919077,50307.750919102466,8411.81011020057,8411.81011020057,41895.9408089019,1134375102.5817976
KOSTOPOLSKI,1925,baseline,1070371266.4907453,1070340373.2038507,42038.0300278423,11144.743133316171,11144.743133316171,30893.28689452613,1070329228.4607174
KOSZYRSKI,1925,baseline,1059873737.6123378,1059845708.7183893,31835.881423084906,3806.987474608298,3806.987474608298,28028.89394847661,1059841901.7309147
KOWELSKI,1925,baseline,1157113907.8976595,1157089170.5054696,38694.14858135098,13956.75639132177,13956.75639132177,24737.392190029208,1157075213.7490783
KOZIENICKI,1925,baseline,1272462361.625301,1272381901.7445235,110600.6933750826,30140.81259766437,30140.81259766437,80459.88077741824,1272351760.9319258
KOŁOMYJSKI,1925,baseline,1189144260.538081,1188991164.1667383,175744.81144202958,22648.440099514748,22648.440099514748,153096.37134251482,1188968515.7266388
KOŚCIAŃSKI,1925,baseline,1618344374.64117,1618073079.7657387,346678.29632886697,75383.42089746642,75383.42089746642,271294.87543140055,1617997696.3448412
KOŚCIERSKI,1925,baseline,1286962040.867614,1286843420.8367407,132878.30012818205,14258.269255017478,14258.269255017478,118620.03087316458,1286829162.5674858
KRAKOWSKI,1925,baseline,1344618836.8107383,1344348504.4831138,3229391.3918023724,2959059.064177782,2959059.064177782,270332.3276245908,1341389445.418936
KRAKÓW (MIASTO),1925,baseline,1407628859.6642876,1342450099.6902943,65821014.56686724,642254.5928740931,642254.5928740931,65178759.973993145,1341807845.0974202
KRASNOSTAWSKI,1925,baseline,1207132723.6823041,1206993130.4574893,170772.31481309753,31179.089998364234,31179.089998364234,139593.2248147333,1206961951.367491
KROTOSZYŃSKI,1925,baseline,1502738375.7190094,1502432103.1227229,349115.2534424308,42842.65715608473,42842.65715608473,306272.5962863461,1502389260.4655669
KROŚNIEŃSKI,1925,baseline,1224250622.029169,1223976648.4229765,307340.38358614367,33366.777393599376,33366.777393599376,273973.6061925443,1223943281.645583
KRZEMIENIECKI,1925,baseline,1074655264.6429052,1074583009.6329513,82271.66588145202,10016.655927503709,10016.655927503709,72255.0099539483,1074572992.9770238
KUTNOWSKI,1925,baseline,1428319614.6344364,1427706234.0816329,722027.3428393959,108646.79003590532,108646.79003590532,613380.5528034905,1427597587.291597
KĘPIŃSKI,1925,baseline,1416467903.9407697,1416303219.7812178,181040.45586483745,16356.296313101677,16356.296313101677,164684.15955173576,1416286863.4849048
LESKI,1925,baseline,1156864802.2254438,1156793501.273681,80844.45280694448,9543.50104405418,9543.50104405418,71300.9517628903,1156783957.772637
LESZCZYŃSKI,1925,baseline,1625942348.5672681,1625640913.3694088,360666.6858655586,59231.48800628977,59231.48800628977,301435.19785926887,1625581681.8814025
LIDZKI,1925,baseline,1075813445.9722214,1075776103.1035004,47807.10003841192,10464.231317567006,10464.231317567006,37342.86872084491,1075765638.8721828
LIMANOWSKI,1925,baseline,1259242955.7762232,1259126120.618961,146653.07117662457,29817.91391445799,29817.91391445799,116835.15726216657,1259096302.7050467
LIPNOWSKI,1925,baseline,1167296611.0943432,1167132275.0908878,178684.38904823468,14348.385592914716,14348.385592914716,164336.00345531997,1167117926.7052948
LUBACZOWSKI,1925,baseline,1151675515.1863155,1151570139.2832239,116902.00824989296,11526.105158219243,11526.105158219243,105375.90309167371,1151558613.1780655
LUBARTOWSKI,1925,baseline,1228651402.0237334,1228535347.2883248,182143.74212379282,66089.00671529483,66089.00671529483,116054.735408498,1228469258.2816095
LUBAWSKI,1925,baseline,1296460353.7605712,1296261121.016049,210579.25647822718,11346.511955869557,11346.511955869557,199232.74452235762,1296249774.504093
LUBELSKI,1925,baseline,1249243483.6443193,1248940546.053883,343355.61137523694,40418.02093911184,40418.02093911184,302937.5904361251,1248900128.032944
LUBLINIECKI,1925,baseline,1361280325.3890157,1361068243.7100496,236432.21170228816,24350.53273640114,24350.53273640114,212081.67896588703,1361043893.1773133
LUBOMELSKI,1925,baseline,1169585161.4926357,1169545129.1936996,57045.39495976416,17013.0960234571,17013.0960234571,40032.29893630707,1169528116.097676
LWOWSKI,1925,baseline,1204277773.2722123,1204088472.8589933,2715922.473511763,2526622.060292759,2526622.060292759,189300.4132190039,1201561850.7987006
LWÓW (MIASTO),1925,baseline,1240080565.603204,1209463968.0419886,31413439.86682346,796842.305607944,796842.305607944,30616597.561215516,1208667125.7363806
M. ST. WARSZAWA,1925,baseline,1433305690.9912586,1334127938.7720993,99368563.84479655,190811.6256373998,190811.6256373998,99177752.21915916,1333937127.146462
MAKOWSKI (MAKÓW MAZOWIECKI),1925,baseline,1233845373.5898447,1233729813.2006004,131393.04176563787,15832.65252134793,15832.65252134793,115560.38924428995,1233713980.548079
MIECHOWSKI,1925,baseline,1330276328.3749168,1330115370.2824187,185401.75654445964,24443.66404621789,24443.66404621789,160958.09249824175,1330090926.6183724
MIELECKI,1925,baseline,1282731405.9262226,1282619416.4173498,146169.33623564983,34179.827362958786,34179.827362958786,111989.50887269105,1282585236.5899868
MIĘDZYCHODZKI,1925,baseline,1639516090.3787282,1639345638.3287373,191549.8576361907,21097.80764524717,21097.80764524717,170452.04999094352,1639324540.521092
MIŃSKI,1925,baseline,1296482977.1464202,1296293760.3662827,332583.247421991,143366.46728449847,143366.46728449847,189216.78013749255,1296150393.8989983
MOGILEŃSKI,1925,baseline,1461549866.0377204,1461323164.2323892,270236.78010115307,43534.97476994465,43534.97476994465,226701.8053312084,1461279629.2576194
MORSKI,1925,baseline,1187462717.7781386,1187278390.0880244,188391.48817449287,4063.7980601543622,4063.7980601543622,184327.6901143385,1187274326.2899642
MOŁODECZAŃSKI,1925,baseline,1005678816.1977088,1005624727.5254961,65160.5102833707,11071.83807057396,11071.83807057396,54088.67221279674,1005613655.6874255
MOŚCISKI,1925,baseline,1211146256.5375953,1211003697.9785154,171693.13886374637,29134.579783815403,29134.579783815403,142558.55907993097,1210974563.3987315
MYŚLENICKI,1925,baseline,1276949409.2768974,1276755742.4934735,223459.19286838552,29792.409444465906,29792.409444465906,193666.7834239196,1276725950.084029
MŁAWSKI,1925,baseline,1291182727.320976,1291027904.3572643,185305.86344441073,30482.89973264329,30482.89973264329,154822.96371176743,1290997421.4575317
NADWÓRNIAŃSKI,1925,baseline,1169166065.5990603,1169102115.470564,82067.22113947569,18117.09264304009,18117.09264304009,63950.1284964356,1169083998.3779209
NIESZAWSKI,1925,baseline,1419836291.5622578,1419621259.6699717,260608.42104031908,45576.52875412407,45576.52875412407,215031.892286195,1419575683.1412175
NIEŚWIESKI,1925,baseline,1051627680.0154799,1051541183.5181099,95527.37353791141,9030.87616787272,9030.87616787272,86496.49737003869,1051532152.641942
NIŻAŃSKI,1925,baseline,1260936708.2897375,1260824241.9809027,132028.02525599825,19561.716421210265,19561.716421210265,112466.30883478798,1260804680.2644815
NOWOGRÓDZKI,1925,baseline,1045967288.55494,1045914550.6600643,63196.7090635361,10458.814187893397,10458.814187893397,52737.894875642705,1045904091.8458765
NOWOSĄDECKI,1925,baseline,1245262071.5207074,1245122777.719562,166405.36499902233,27111.563853646832,27111.563853646832,139293.8011453755,1245095666.1557083
NOWOTARSKI,1925,baseline,1275032906.6553996,1274926554.9404101,134151.57087400186,27799.85588453235,27799.85588453235,106351.7149894695,1274898755.0845256
NOWOTOMYSKI,1925,baseline,1699197722.2344043,1698914885.1783452,310473.7944617516,27636.738402672032,27636.738402672032,282837.05605907954,1698887248.4399426
OBORNICKI,1925,baseline,1554723759.2381148,1554577321.9945486,227063.85174561956,80626.60817926603,80626.60817926603,146437.2435663535,1554496695.3863692
OLKUSKI,1925,baseline,1369496933.9580793,1369309300.4994588,223475.54380247736,35842.085181856455,35842.085181856455,187633.4586206209,1369273458.4142768
OPATOWSKI,1925,baseline,1306137863.7537987,1305976624.1531186,187342.32015612657,26102.71947600221,26102.71947600221,161239.60068012436,1305950521.4336426
OPOCZYŃSKI,1925,baseline,1359009717.030199,1358915396.3315835,147414.25886328256,53093.5602476043,53093.5602476043,94320.69861567828,1358862302.7713358
OSTROWSKI (OSTRÓW MAZOWIECKA),1925,baseline,1231498197.3040764,1231415882.9113157,116969.04774512479,34654.654984476736,34654.654984476736,82314.39276064806,1231381228.2563312
OSTROWSKI (OSTRÓW WIELKOPOLSKI),1925,baseline,1490906021.6192074,1490650284.7793841,287458.2643095795,31721.424486297354,31721.424486297354,255736.83982328218,1490618563.3548977
OSTROŁĘCKI,1925,baseline,1211533655.0876536,1211464634.621473,95532.21036249114,26511.74418175689,26511.74418175689,69020.46618073425,1211438122.8772912
OSZMIAŃSKI,1925,baseline,972929521.3241539,972877385.5595212,55678.001610390704,3542.236977755688,3542.236977755688,52135.764632635015,972873843.3225435
PIOTRKOWSKI,1925,baseline,1383605971.935166,1383438521.1382787,217288.41651764818,49837.61963067011,49837.61963067011,167450.79688697806,1383388683.5186481
PIŃCZOWSKI,1925,baseline,1277466068.2902663,1277317911.572802,161863.4597912912,13706.742326934263,13706.742326934263,148156.71746435695,1277304204.830475
PIŃSKI,1925,baseline,1081544894.575327,1081515042.1456106,37086.23217538319,7233.802458924214,7233.802458924214,29852.429716458977,1081507808.3431516
PODHAJECKI,1925,baseline,1159499017.5258243,1159410953.220163,116568.55231302444,28504.2466519762,28504.2466519762,88064.30566104825,1159382448.9735112
POSTAWSKI,1925,baseline,974087887.7440532,974054513.9685065,39614.61372326807,6240.838176455551,6240.838176455551,33373.77554681252,974048273.13033
POZNAŃ (MIASTO),1925,baseline,1658353856.4791217,1629549734.5351727,29999548.545059457,1195426.601110536,1195426.601110536,28804121.94394892,1628354307.9340622
POZNAŃSKI,1925,baseline,1621361042.886361,1621155256.1180942,3573941.6129898652,3368154.844723314,3368154.844723314,205786.76826655143,1617787101.273371
PRUŻAŃSKI,1925,baseline,1141187764.652052,1141139891.6509454,58573.188092775454,10700.186986194716,10700.186986194716,47873.001106580734,1141129191.4639592
PRZASNYCKI,1925,baseline,1177741939.196452,1177635672.9017422,118791.77437985889,12525.479670231718,12525.479670231718,106266.29470962718,1177623147.422072
PRZEMYSKI,1925,baseline,1238116586.3547764,1237846443.7125826,307340.4365276901,37197.79433393926,37197.79433393926,270142.6421937508,1237809245.9182487
PRZEMYŚLAŃSKI,1925,baseline,1178210224.225919,1178082653.7598774,159124.49296921864,31554.0269276513,31554.0269276513,127570.46604156734,1178051099.7329497
PRZEWORSKI,1925,baseline,1250428354.0854232,1250050317.066934,418621.04571306566,40584.02722379831,40584.02722379831,378037.0184892673,1250009733.0397103
PSZCZYŃSKI,1925,baseline,1418593803.7454453,1418021285.6112754,764368.8109195055,191850.67674977597,191850.67674977597,572518.1341697295,1417829434.9345257
PUŁAWSKI,1925,baseline,1242845808.001902,1242704060.872961,170575.31509827325,28828.18615715808,28828.18615715808,141747.12894111517,1242675232.6868038
PUŁTUSKI,1925,baseline,1259525855.2056904,1259385477.6069338,194229.27463062116,53851.675873892564,53851.675873892564,140377.5987567286,1259331625.9310598
PŁOCKI,1925,baseline,1350197100.8202648,1349899883.3763957,335620.9898024346,38403.54593325114,38403.54593325114,297217.4438691834,1349861479.8304625
PŁOŃSKI,1925,baseline,1245092352.4080706,1244944736.8572462,197288.06333723373,49672.5125128744,49672.5125128744,147615.55082435935,1244895064.3447332
RADOMSKI,1925,baseline,1306424789.5416558,1306289464.3216448,162606.07545760574,27280.855446487985,27280.855446487985,135325.22001111775,1306262183.4661982
RADOMSZCZAŃSKI,1925,baseline,1383895231.575108,1383772294.2147954,166229.00910644722,43291.648793689834,43291.648793689834,122937.36031275739,1383729002.5660017
RADZIECHOWSKI,1925,baseline,1133662004.8372476,1133564347.0162137,110605.14827785188,12947.327243873675,12947.327243873675,97657.82103397821,1133551399.6889699
RADZYMIŃSKI,1925,baseline,1298833795.4228673,1298638712.816485,442039.008440371,246956.40205792972,246956.40205792972,195082.60638244127,1298391756.414427
RADZYŃSKI,1925,baseline,1242725281.3349342,1242610201.1772394,147234.00330250253,32153.84560770177,32153.84560770177,115080.15769480077,1242578047.3316317
RAWICKI,1925,baseline,1554005290.3978388,1553608104.6373556,442651.90353262896,45466.14304948835,45466.14304948835,397185.7604831406,1553562638.494306
RAWSKI (RAWA MAZOWIECKA),1925,baseline,1347332396.813778,1347190978.3075995,186252.08778991806,44833.58161174918,44833.58161174918,141418.5061781689,1347146144.725988
RAWSKI (RAWA RUSKA),1925,baseline,1183025694.0218773,1182935260.7337618,114676.2208218933,24242.932706379415,24242.932706379415,90433.28811551387,1182911017.8010554
ROHATYŃSKI,1925,baseline,1171578941.1244962,1171454653.191297,150589.19007996394,26301.256880770663,26301.256880770663,124287.93319919327,1171428351.9344163
ROPCZYCKI,1925,baseline,1285045352.1970115,1284909123.8482227,174319.0745627036,38090.725774138926,38090.725774138926,136228.34878856468,1284871033.1224487
RUDECKI,1925,baseline,1197430325.9203136,1197269873.2877872,200725.74601283795,40273.11348655922,40273.11348655922,160452.63252627873,1197229600.1743007
RYBNICKI,1925,baseline,1363113517.8424828,1362545733.9635227,639251.6506971355,71467.7717370586,71467.7717370586,567783.8789600768,1362474266.1917856
RYPIŃSKI,1925,baseline,1165839382.0876682,1165641477.2854555,214295.76483898668,16390.962626298362,16390.962626298362,197904.80221268832,1165625086.3228292
RZESZOWSKI,1925,baseline,1253638981.5753422,1253419843.5790465,245082.47204729827,25944.475751711685,25944.475751711685,219137.99629558658,1253393899.1032948
RÓWIEŃSKI,1925,baseline,1088521286.9755867,1088429158.4717546,104092.36450696542,11963.860674872529,11963.860674872529,92128.50383209289,1088417194.6110797
SAMBORSKI,1925,baseline,1217484170.8698678,1217338422.7670956,195896.40976416587,50148.30699179677,50148.30699179677,145748.1027723691,1217288274.4601038
SANDOMIERSKI,1925,baseline,1261791140.035057,1261627273.3715239,174633.20041121735,10766.536878183244,10766.536878183244,163866.6635330341,1261616506.8346457
SANOCKI,1925,baseline,1186492152.2441168,1186343611.1001422,162996.93742038743,14455.793445863832,14455.793445863832,148541.1439745236,1186329155.3066964
SARNEŃSKI,1925,baseline,1074496353.2594051,1074476786.5891805,27597.877867907795,8031.207643195774,8031.207643195774,19566.67022471202,1074468755.3815372
SIEDLECKI,1925,baseline,1262709750.9317517,1262580940.2631593,175439.81179981443,46629.143207282716,46629.143207282716,128810.66859253171,1262534311.119952
SIERADZKI,1925,baseline,1440559409.5228782,1440371886.1825795,245818.80581758713,58295.46551891584,58295.46551891584,187523.3402986713,1440313590.7170606
SIERPECKI,1925,baseline,1188556231.6986423,1188387389.9910228,189991.47175311446,21149.764133690882,21149.764133690882,168841.70761942357,1188366240.2268891
SKAŁACKI,1925,baseline,1106436539.8141341,1106294176.532662,153236.7367350312,10873.455262887128,10873.455262887128,142363.2814721441,1106283303.077399
SKIERNIEWICKI,1925,baseline,1391402803.811959,1391167619.3852835,349453.0013773202,114268.57470187028,114268.57470187028,235184.42667544994,1391053350.8105817
SOCHACZEWSKI,1925,baseline,1355244763.4991355,1355050898.274713,279941.85279477225,86076.62837253317,86076.62837253317,193865.22442223906,1354964821.6463406
SOKALSKI,1925,baseline,1161435584.9449542,1161312466.2454674,140629.50935142342,17510.80986475774,17510.80986475774,123118.69948666569,1161294955.4356027
SOKOŁOWSKI,1925,baseline,1242604825.4573112,1242493878.9115832,157068.0486109701,46121.50288289993,46121.50288289993,110946.54572807015,1242447757.4087002
SOKÓLSKI,1925,baseline,1161677557.408645,1161625246.9859786,75221.16854359864,22910.7458772861,22910.7458772861,52310.42266631254,1161602336.2401013
STANISŁAWOWSKI,1925,baseline,1189006803.0441084,1188792191.9384394,244420.11585149835,29809.01018233795,29809.01018233795,214611.1056691604,1188762382.928257
STAROGARDZKI,1925,baseline,1316681821.568291,1316459561.7393339,239548.91686800917,17289.08791100339,17289.08791100339,222259.82895700578,1316442272.651423
STOLIŃSKI,1925,baseline,1045787305.1526183,1045773457.1671374,20286.85409734675,6438.868616420909,6438.868616420909,13847.98548092584,1045767018.2985209
STOPNICKI,1925,baseline,1249890995.3099995,1249795379.3586252,105751.36314268215,10135.411768413578,10135.411768413578,95615.95137426857,1249785243.9468567
STOŁPECKI,1925,baseline,1031068617.768129,1030996872.2952936,77125.82365714767,5380.350821789667,5380.350821789667,71745.47283535801,1030991491.9444718
STRYJSKI,1925,baseline,1183989032.7977345,1183883282.5311024,139147.06599111785,33396.799358979784,33396.799358979784,105750.26663213808,1183849885.7317433
SUWALSKI,1925,baseline,1071746912.1634927,1071661840.5752635,93158.77678646416,8087.188557220137,8087.188557220137,85071.58822924402,1071653753.3867062
SZAMOTULSKI,1925,baseline,1578943435.0074317,1578746024.5077047,235781.55850311878,38371.0587761979,38371.0587761979,197410.49972692088,1578707653.4489286
SZCZUCZYŃSKI (WOJ. BIAŁOSTOCKIE),1925,baseline,1150405422.0311522,1150327787.6637626,87856.2537337301,10221.886343978647,10221.886343978647,77634.36738975145,1150317565.7774186
SZCZUCZYŃSKI (WOJ. NOWOGRÓDZKIE),1925,baseline,1102661914.7699664,1102622933.048421,48798.91750086699,9817.195955562798,9817.195955562798,38981.72154530419,1102613115.8524654
SZUBIŃSKI,1925,baseline,1460446045.1761863,1460304667.3583176,197262.77314241102,55884.95527368727,55884.95527368727,141377.81786872377,1460248782.403044
SĘPOLEŃSKI,1925,baseline,1398775128.968791,1398556136.523608,248988.45232875738,29996.007145655094,29996.007145655094,218992.4451831023,1398526140.5164623
SŁONIMSKI,1925,baseline,1097542528.2271273,1097496362.8235116,57927.05896277465,11761.655347217209,11761.655347217209,46165.40361555744,1097484601.1681645
TARNOBRZESKI,1925,baseline,1284863458.2169793,1284732998.5424082,153074.8258307475,22615.151259726896,22615.151259726896,130459.67457102059,1284710383.3911486
TARNOGÓRSKI,1925,baseline,1441284875.1532617,1439707804.3195791,1788887.4774740424,211816.64379133753,211816.64379133753,1577070.833682705,1439495987.6757877
TARNOPOLSKI,1925,baseline,1139434306.9663591,1139292262.429208,170013.53594360396,27968.99879229253,27968.99879229253,142044.53715131144,1139264293.4304156
TARNOWSKI,1925,baseline,1282518794.9135845,1282274514.6585822,306339.07472067245,62058.81971831729,62058.81971831729,244280.25500235514,1282212455.8388638
TCZEWSKI,1925,baseline,1297598710.3224542,1297231087.8028545,379987.2949023537,12364.77530268951,12364.77530268951,367622.5195996642,1297218723.027552
TOMASZOWSKI,1925,baseline,1141943631.9747927,1141810864.9265585,145109.8056999348,12342.75746551445,12342.75746551445,132767.04823442036,1141798522.169093
TORUŃSKI,1925,baseline,1422575162.333304,1422179114.0097075,439239.06325671397,43190.73966025633,43190.73966025633,396048.32359645766,1422135923.2700472
TREMBOWELSKI,1925,baseline,1134626656.202534,1134480960.4279413,173387.43105854653,27691.65646600492,27691.65646600492,145695.77459254162,1134453268.7714753
TUCHOLSKI,1925,baseline,1360903946.991975,1360756934.0162568,174082.3593203547,27069.383602052596,27069.383602052596,147012.9757183021,1360729864.6326547
TURCZAŃSKI,1925,baseline,1174422479.4962978,1174349233.2666402,89123.27046977547,15877.040812125988,15877.040812125988,73246.22965764948,1174333356.2258282
TURECKI,1925,baseline,1369568667.2319505,1369422126.7720392,159510.32158824874,12969.861676962888,12969.861676962888,146540.45991128584,1369409156.9103622
TŁUMACKI,1925,baseline,1170371969.8404253,1170227708.5068023,179218.57816396776,34957.24454081336,34957.24454081336,144261.3336231544,1170192751.2622614
WADOWICKI,1925,baseline,1338466333.7698312,1338236761.8707926,319511.0747219083,89939.17568328427,89939.17568328427,229571.89903862402,1338146822.6951094
WARSZAWSKI,1925,baseline,1328272847.9790905,1327925524.5135882,1535699.6875203315,1188376.2220179124,1188376.2220179124,347323.465502419,1326737148.2915702
WIELUŃSKI,1925,baseline,1307434129.5552855,1307338648.3198977,100488.473345142,5007.237957214785,5007.237957214785,95481.23538792721,1307333641.0819404
WILEJSKI,1925,baseline,993897245.0472767,993856298.3436753,47983.4211923134,7036.717590756616,7036.717590756616,40946.70360155679,993849261.6260844
WILEŃSKO-TROCKI,1925,baseline,1044847129.6492348,1044814359.2558645,112234.00882359587,79463.6154533285,79463.6154533285,32770.39337026737,1044734895.6404111
WILNO (MIASTO),1925,baseline,1065142256.4731302,1055966379.5918186,9238562.228683647,62685.34737198806,62685.34737198806,9175876.881311659,1055903694.2444466
WOLSZTYŃSKI,1925,baseline,1732210586.2339537,1732020049.8090422,233475.21792301416,42938.793011447204,42938.793011447204,190536.42491156695,1731977111.0160308
WOŁKOWYSKI,1925,baseline,1148574851.4785078,1148536403.065009,52560.61747969857,14112.203981279856,14112.203981279856,38448.41349841872,1148522290.861028
WOŁOŻYŃSKI,1925,baseline,1007779381.3374394,1007714198.0154722,70654.95965359682,5471.637686326864,5471.637686326864,65183.32196726995,1007708726.3777858
WRZESIŃSKI,1925,baseline,1541854740.2278867,1541588060.6776245,337111.8272837726,70432.27702153155,70432.27702153155,266679.55026224104,1541517628.4006028
WYRZYSKI,1925,baseline,1428704723.9941819,1428508951.7804832,228948.86919428853,33176.65549563958,33176.65549563958,195772.21369864896,1428475775.1249876
WYSOKOMAZOWIECKI,1925,baseline,1198145849.5787113,1198059924.7188423,114912.37223432492,28987.51236525307,28987.51236525307,85924.85986907185,1198030937.206477
WĄBRZESKI,1925,baseline,1375912811.0046618,1375708392.8924625,241712.72515233883,37294.61295286817,37294.61295286817,204418.11219947066,1375671098.2795095
WĄGROWIECKI,1925,baseline,1524105345.111461,1523962011.742695,199325.14416926776,55991.775403495114,55991.775403495114,143333.36876577264,1523906019.9672916
WĘGROWSKI,1925,baseline,1226349843.7629235,1226245771.6594172,139883.7901471659,35811.6866408064,35811.6866408064,104072.10350635952,1226209959.9727764
WŁOCŁAWSKI,1925,baseline,1412122612.9259868,1411677596.4268858,490678.9236654372,45662.424564610366,45662.424564610366,445016.49910082686,1411631934.0023212
WŁODAWSKI,1925,baseline,1176963535.0977306,1176895617.2563882,82969.09715204753,15051.255809618218,15051.255809618218,67917.84134242931,1176880566.0005786
WŁODZIMIERSKI,1925,baseline,1157469437.188809,1157392811.3654,93119.74366945187,16493.920260558763,16493.920260558763,76625.8234088931,1157376317.4451394
WŁOSZCZOWSKI,1925,baseline,1314341662.28612,1314250474.3469498,111878.65331124337,20690.714141016673,20690.714141016673,91187.93917022669,1314229783.6328087
ZALESZCZYCKI,1925,baseline,1135224475.9140909,1135078212.9882138,161346.0266991126,15083.100821909398,15083.100821909398,146262.9258772032,1135063129.8873918
ZAMOJSKI,1925,baseline,1203599835.209132,1203428875.6726139,200111.12888362457,29151.592365527715,29151.592365527715,170959.53651809684,1203399724.0802484
ZBARASKI,1925,baseline,1121629576.8533623,1121468716.0127146,185481.39896141645,24620.558313606896,24620.558313606896,160860.84064780956,1121444095.454401
ZBOROWSKI,1925,baseline,1132542529.1176143,1132409075.2628736,152519.40928390593,19065.554543244438,19065.554543244438,133453.85474066148,1132390009.7083304
ZDOŁBUNOWSKI,1925,baseline,1081736104.518599,1081597461.8206704,148909.5463360849,10266.848407415944,10266.848407415944,138642.69792866896,1081587194.9722629
ZŁOCZOWSKI,1925,baseline,1148754061.3542984,1148649435.752963,130366.15481841359,25740.553483105836,25740.553483105836,104625.60133530776,1148623695.19948
ŁASKI,1925,baseline,1415595535.6912775,1415423851.681185,246740.95099262346,75056.94090009271,75056.94090009271,171684.01009253075,1415348794.740285
ŁAŃCUCKI,1925,baseline,1250879414.0792985,1250711075.127707,191290.7376208336,22951.78602937479,22951.78602937479,168338.9515914588,1250688123.3416777
ŁOMŻYŃSKI,1925,baseline,1187539423.338853,1187448643.6362488,108313.35148692751,17533.648882940593,17533.648882940593,90779.70260398692,1187431109.987366
ŁOWICKI,1925,baseline,1402532249.3336387,1402322643.5849557,330165.35957095475,120559.6108880813,120559.6108880813,209605.74868287344,1402202083.9740677
ŁUCKI,1925,baseline,1106018572.2529058,1105978558.170978,49472.708724113734,9458.626796192912,9458.626796192912,40014.08192792082,1105969099.5441818
ŁUKOWSKI,1925,baseline,1255547118.352263,1255444328.6596613,142706.84074248446,39917.148140870166,39917.148140870166,102789.6926016143,1255404411.5115204
ŁUNINIECKI,1925,baseline,1057046970.2967737,1057022489.8086348,31538.378548668323,7057.890409710301,7057.890409710301,24480.488138958022,1057015431.918225
ŁÓDZKI,1925,baseline,1419206980.0318854,1418893003.6121347,727982.6950862217,414006.27533558395,414006.27533558395,313976.4197506378,1418478997.3367991
ŁÓDŹ (MIASTO),1925,baseline,1492282196.303102,1410252448.1672566,82144939.26977362,115191.13392827146,115191.13392827146,82029748.13584535,1410137257.0333283
ŁĘCZYCKI,1925,baseline,1428396837.2167842,1428190832.0492504,334406.6837356856,128401.51620184172,128401.51620184172,206005.16753384387,1428062430.5330486
ŚNIATYŃSKI,1925,baseline,1187350565.211719,1187108177.9303622,254767.3533042558,12380.07194733931,12380.07194733931,242387.2813569165,1187095797.858415
ŚREDZKI,1925,baseline,1554176051.7651267,1553972470.978267,281280.9158610224,77700.12900127964,77700.12900127964,203580.7868597428,1553894770.8492656
ŚREMSKI,1925,baseline,1535430907.083749,1535274072.369693,198763.92059793035,41929.2065420786,41929.2065420786,156834.71405585174,1535232143.163151
ŚWIECKI,1925,baseline,1375127544.4812598,1374998385.209311,170809.6439139052,41650.37196509623,41650.37196509623,129159.27194880895,1374956734.8373458
ŚWIĘCIAŃSKI,1925,baseline,1013638645.6892002,1013598510.2484484,47075.163743426805,6939.722991588635,6939.722991588635,40135.44075183817,1013591570.5254568
ŚWIĘTOCHŁOWICKI,1925,baseline,1474714720.85664,1458101112.7754402,17316497.179529507,702889.0983296549,702889.0983296549,16613608.081199853,1457398223.6771107
ŻNIŃSKI,1925,baseline,1474584726.251049,1474401463.9013402,240452.0001682409,57189.650459634904,57189.650459634904,183262.349708606,1474344274.2508807
ŻYDACZOWSKI,1925,baseline,1181593949.7784584,1181476970.500392,152212.51674145792,35233.238675019966,35233.238675019966,116979.27806643797,1181441737.2617168
ŻYWIECKI,1925,baseline,1336204243.936593,1335974544.3561,306233.6723833321,76534.09189031374,76534.09189031374,229699.58049301838,1335898010.2642097
ŻÓŁKIEWSKI,1925,baseline,1185456243.103058,1185325051.6300313,207977.7521277839,76786.27910121735,76786.27910121735,131191.47302656653,1185248265.3509302
AUGUSTOWSKI,1926,baseline,1139056154.7932098,1138998439.221731,70732.61883874798,13017.047359835504,13017.047359835504,57715.57147891247,1138985422.174371
BARANOWICKI,1926,baseline,1130510033.5741906,1130471872.5420327,54723.142130007705,16562.109972071437,16562.109972071437,38161.03215793627,1130455310.4320607
BIALSKI (BIAŁA KRAKOWSKA),1926,baseline,1502088701.2614655,1501398716.9874527,798268.4654719102,108284.19145920708,108284.19145920708,689984.2740127031,1501290432.7959936
BIALSKI (BIAŁA PODLASKA),1926,baseline,1279085939.4788864,1278971135.1630332,141724.38589689392,26920.070043888612,26920.070043888612,114804.31585300529,1278944215.0929894
BIAŁOSTOCKI,1926,baseline,1252002402.5264864,1251878895.7297528,148386.5736155932,24879.776881851063,24879.776881851063,123506.79673374213,1251854015.9528708
BIELSKI (BIELSK PODLASKI),1926,baseline,1246591433.0768738,1246551851.918608,59993.490511329466,20412.332245483125,20412.332245483125,39581.158265846345,1246531439.5863624
BIELSKO,1926,baseline,1497878833.738623,1495086248.560698,2871113.46123941,78528.28331442048,78528.28331442048,2792585.1779249897,1495007720.2773836
BIŁGORAJSKI,1926,baseline,1235643881.6427338,1235556628.3573055,107561.58644936266,20308.301021162748,20308.301021162748,87253.2854281999,1235536320.0562844
BOCHEŃSKI,1926,baseline,1429307924.787298,1429148664.9468718,232987.49799996853,73727.65757365913,73727.65757365913,159259.8404263094,1429074937.289298
BORSZCZOWSKI,1926,baseline,1143779897.3531659,1143645476.9172797,140192.66075628076,5772.224870277104,5772.224870277104,134420.43588600366,1143639704.6924095
BRASŁAWSKI,1926,baseline,1014781327.5688795,1014755235.2118167,28593.704189429303,2501.3471265467497,2501.3471265467497,26092.357062882555,1014752733.8646901
BRODNICKI,1926,baseline,1407798833.0515983,1407592828.318194,230092.53424089198,24087.800836505925,24087.800836505925,206004.73340438606,1407568740.5173573
BRODZKI,1926,baseline,1195070871.2982352,1194948393.0371459,135531.62877435784,13053.367685033214,13053.367685033214,122478.26108932463,1194935339.6694608
BRZESKI (BRZESKO),1926,baseline,1369229818.7784781,1369055401.494631,222141.90316785246,47724.61932086947,47724.61932086947,174417.283846983,1369007676.8753102
BRZESKI (BRZEŚĆ N.BUG.),1926,baseline,1266290515.225084,1266236373.3052528,79401.00018749945,25259.080356040453,25259.080356040453,54141.919831458996,1266211114.2248967
BRZEZIŃSKI,1926,baseline,1460021392.311437,1459701178.9788985,451790.06879451434,131576.73625623592,131576.73625623592,320213.3325382784,1459569602.2426424
BRZEŻAŃSKI,1926,baseline,1232547573.605701,1232426000.6382627,153571.22371545478,31998.256277247772,31998.256277247772,121572.967438207,1232394002.3819854
BRZOZOWSKI,1926,baseline,1277736489.6148067,1277520402.487636,231889.2803264399,15802.15315580203,15802.15315580203,216087.1271706379,1277504600.3344803
BUCZACKI,1926,baseline,1204641963.321264,1204516972.963936,147832.80193278164,22842.4446048987,22842.4446048987,124990.35732788293,1204494130.5193312
BYDGOSKI,1926,baseline,1504442179.351489,1504183348.2929602,295946.35871718655,37115.30018838898,37115.30018838898,258831.05852879758,1504146232.9927719
BÓBRECKI,1926,baseline,1243735260.773486,1243569539.3641946,195405.5876164858,29684.17832507152,29684.17832507152,165721.40929141428,1243539855.1858695
BĘDZIŃSKI,1926,baseline,1561156684.544536,1560429148.9443016,770748.1549609569,43212.55472633209,43212.55472633209,727535.6002346248,1560385936.3895752
BŁOŃSKI,1926,baseline,1406988508.6151133,1406601902.799739,428149.96507085,41544.14969666863,41544.14969666863,386605.8153741814,1406560358.6500423
CHEŁMIŃSKI,1926,baseline,1425576101.9208183,1425348799.9944077,256489.31517383305,29187.38876324317,29187.38876324317,227301.9264105899,1425319612.6056445
CHEŁMSKI,1926,baseline,1270114431.5317776,1269981343.3524134,162834.40937218003,29746.230007861082,29746.230007861082,133088.17936431896,1269951597.1224055
CHODZIESKI,1926,baseline,1563022614.2032697,1562839803.0408344,211283.61239183953,28472.44995671455,28472.44995671455,182811.16243512498,1562811330.5908778
CHOJNICKI,1926,baseline,1419170178.260077,1419097153.1525803,94034.23138925913,21009.123892484047,21009.123892484047,73025.10749677509,1419076144.0286877
CHORZÓW,1926,baseline,1670575952.468935,1619033283.2098494,52986416.47747474,1443747.2183889812,1443747.2183889812,51542669.25908576,1617589535.9914603
CHRZANOWSKI,1926,baseline,1527973230.5848527,1527409624.5518646,663663.8605369829,100057.82754896369,100057.82754896369,563606.0329880192,1527309566.7243156
CIECHANOWSKI,1926,baseline,1344462265.0614893,1344238728.2170584,269522.8225568089,45985.978125864924,45985.978125864924,223536.84443094395,1344192742.2389326
CIESZYŃSKI,1926,baseline,1451972178.472372,1451445924.005027,570671.480268334,44417.012923289396,44417.012923289396,526254.4673450446,1451401506.9921038
CZARNKOWSKI,1926,baseline,1561276761.6997313,1561108491.4528713,186928.94766022262,18658.700800175047,18658.700800175047,168270.24686004757,1561089832.7520711
CZORTKOWSKI,1926,baseline,1198169574.7093441,1197956776.0564184,246447.32632375014,33648.673398032566,33648.673398032566,212798.6529257176,1197923127.3830204
CZĘSTOCHOWSKI,1926,baseline,1450078021.215028,1449838374.6646914,268067.098345493,28420.548008944817,28420.548008944817,239646.5503365482,1449809954.1166825
DOBROMILSKI,1926,baseline,1276171942.7655654,1276044622.9503813,150359.87118970943,23040.056005479077,23040.056005479077,127319.81518423036,1276021582.8943758
DOLIŃSKI,1926,baseline,1249202183.9484625,1249143288.0100791,78208.45017307554,19312.511789916476,19312.511789916476,58895.938383159075,1249123975.4982893
DROHICKI,1926,baseline,1172034670.5266595,1171989393.7599232,56514.179959248766,11237.413222917605,11237.413222917605,45276.76673633116,1171978156.3467002
DROHOBYCKI,1926,baseline,1267762362.5584116,1267541685.753545,255568.72393793243,34891.91907140537,34891.91907140537,220676.80486652706,1267506793.8344736
DUBIEŃSKI,1926,baseline,1154845141.613287,1154774186.85682,84249.89142144089,13295.134954742549,13295.134954742549,70954.75646669834,1154760891.7218654
DZIAŁDOWSKI,1926,baseline,1350545185.8991504,1350474894.3046374,83968.08262099486,13676.48810807021,13676.48810807021,70291.59451292464,1350461217.8165293
DZIŚNIEŃSKI,1926,baseline,1006833495.2318004,1006796957.5491539,41462.04489287222,4924.362246349775,4924.362246349775,36537.682646522444,1006792033.1869075
DĄBROWSKI,1926,baseline,1362321087.1336792,1362190956.5149393,172006.8457144005,41876.226974500336,41876.226974500336,130130.61873990015,1362149080.2879648
GARWOLIŃSKI,1926,baseline,1346279184.8871439,1346181276.6730938,156631.50781703633,58723.29376687465,58723.29376687465,97908.21405016168,1346122553.3793268
GNIEŹNIEŃSKI,1926,baseline,1637443741.9922252,1637119984.8583395,388020.5961214525,64263.46223581813,64263.46223581813,323757.13388563436,1637055721.3961036
GORLICKI,1926,baseline,1344877322.978429,1344733051.8213181,177541.62687858572,33270.46976755858,33270.46976755858,144271.15711102713,1344699781.3515506
GOSTYNIŃSKI,1926,baseline,1437078844.8320127,1436884889.0010498,262123.98691262433,68168.15594976653,68168.15594976653,193955.83096285778,1436816720.8451
GOSTYŃSKI,1926,baseline,1670257709.8394516,1669956949.36947,354667.80877322896,53907.33879149529,53907.33879149529,300760.46998173365,1669903042.0306783
GRODZIEŃSKI,1926,baseline,1182142207.8506534,1182095108.100912,60239.77146753897,13140.02172621012,13140.02172621012,47099.74974132885,1182081968.079186
GRUDZIĄDZKI,1926,baseline,1419237117.0903175,1418863705.0630655,411006.0846591684,37594.05740714587,37594.05740714587,373412.0272520225,1418826111.0056584
GRÓDECKI,1926,baseline,1247374386.1637328,1247249322.9240446,211088.5876754413,86025.3479872191,86025.3479872191,125063.23968822218,1247163297.5760574
GRÓJECKI,1926,baseline,1331015459.0872574,1330843407.2423706,298159.94465344475,126108.09976666373,126108.09976666373,172051.844886781,1330717299.1426039
HOROCHOWSKI,1926,baseline,1183905707.6153083,1183801758.996419,108943.5905924819,4994.971702973383,4994.971702973383,103948.6188895085,1183796764.024716
HORODEŃSKI,1926,baseline,1210751785.4192433,1210577420.2778485,188635.7262817334,14270.584886900064,14270.584886900064,174365.14139483334,1210563149.6929617
HRUBIESZOWSKI,1926,baseline,1221417425.487773,1221294158.0364351,146465.03629438116,23197.584956670755,23197.584956670755,123267.45133771042,1221270960.4514785
INOWROCŁAWSKI,1926,baseline,1530345766.951207,1530027096.609278,366182.60495268315,47512.26302372375,47512.26302372375,318670.3419289594,1529979584.3462543
IWACEWICKI,1926,baseline,1154209116.5908127,1154167789.1580002,50652.67304200398,9325.240229713892,9325.240229713892,41327.43281229009,1154158463.9177706
IŁŻECKI,1926,baseline,1360279310.0286,1360154603.9529483,152031.22777228145,27325.152120582752,27325.152120582752,124706.0756516987,1360127278.8008277
JANOWSKI,1926,baseline,1291071089.487799,1290963025.9254131,134784.43603755406,26720.873651630005,26720.873651630005,108063.56238592404,1290936305.0517614
JAROCIŃSKI,1926,baseline,1625653308.5674484,1625370432.4481916,330301.716342865,47425.59708607897,47425.59708607897,282876.11925678607,1625323006.8511055
JAROSŁAWSKI,1926,baseline,1310579907.882387,1310419191.4241474,197246.1111762889,36529.65293662079,36529.65293662079,160716.4582396681,1310382661.7712107
JASIELSKI,1926,baseline,1330580948.0682337,1330411548.988294,212987.69243665936,43588.61249694181,43588.61249694181,169399.07993971754,1330367960.375797
JAWOROWSKI,1926,baseline,1222044761.2959764,1221932943.9760644,140625.3184658074,28807.99855378415,28807.99855378415,111817.31991202325,1221904135.9775107
JĘDRZEJOWSKI,1926,baseline,1420988998.9249313,1420845722.423728,180990.65884269954,37714.157639565776,37714.157639565776,143276.50120313378,1420808008.2660885
KALISKI,1926,baseline,1546598627.868075,1546270474.9050539,345805.0328965991,17652.06987541262,17652.06987541262,328152.9630211865,1546252822.8351784
KAMIONECKI,1926,baseline,1232278019.1864746,1232175211.5640054,142275.03714904044,39467.41467971442,39467.41467971442,102807.62246932603,1232135744.1493256
KARTUSKI,1926,baseline,1319327118.5056086,1319240158.9262097,98855.68091905244,11896.101520183556,11896.101520183556,86959.57939886888,1319228262.8246894
KATOWICE,1926,baseline,1608988197.965517,1598038272.7123666,11345415.197584791,395489.9444344166,395489.9444344166,10949925.253150374,1597642782.7679322
KAŁUSKI,1926,baseline,1239417007.3490891,1239315311.7136095,119820.1607172694,18124.525237597547,18124.525237597547,101695.63547967185,1239297187.188372
KIELECKI,1926,baseline,1407618354.685678,1407484249.3494875,166397.55141583225,32292.21522556277,32292.21522556277,134105.33619026947,1407451957.134262
KOBRYŃSKI,1926,baseline,1209813189.8717692,1209771526.2946658,56917.94326089456,15254.36615763571,15254.36615763571,41663.577103258845,1209756271.9285083
KOLBUSZOWSKI,1926,baseline,1311079737.9166317,1310951206.3971004,146684.37252957164,18152.85299825696,18152.85299825696,128531.51953131467,1310933053.5441022
KOLSKI,1926,baseline,1520009079.2200372,1519770936.9454675,289705.9249626874,51563.65039302895,51563.65039302895,238142.27456965845,1519719373.2950745
KONECKI,1926,baseline,1413542915.2196286,1413441983.2866373,137798.89594580268,36866.962954487026,36866.962954487026,100931.93299131565,1413405116.3236828
KONIŃSKI,1926,baseline,1550193606.8804414,1550024516.1921964,196006.5670908592,26915.878845625364,26915.878845625364,169090.68824523385,1549997600.3133507
KOPYCZYNIECKI,1926,baseline,1191589128.3831236,1191443411.4845614,178044.4153709802,32327.51680881719,32327.51680881719,145716.898562163,1191411083.9677527
KOSOWSKI (KOSÓW HUCULSKI),1926,baseline,1198252993.4812021,1198211602.805221,49663.52554971225,8272.849568627322,8272.849568627322,41390.675981084925,1198203329.9556525
KOSTOPOLSKI,1926,baseline,1124470567.608173,1124440662.8813162,41662.64699774072,11757.920140907727,11757.920140907727,29904.726856832993,1124428904.9611752
KOSZYRSKI,1926,baseline,1110460377.7615662,1110430040.2600355,34243.60946507138,3906.1079345757503,3906.1079345757503,30337.50153049563,1110426134.152101
KOWELSKI,1926,baseline,1214374982.1440609,1214346876.72792,42513.6154752336,14408.199334334546,14408.199334334546,28105.41614089906,1214332468.5285857
KOZIENICKI,1926,baseline,1330239074.51096,1330154494.0173688,113281.41712232426,28700.923531041968,28700.923531041968,84580.4935912823,1330125793.0938377
KOŁOMYJSKI,1926,baseline,1257386469.2810576,1257233451.447019,175397.24433147503,22379.410292864282,22379.410292864282,153017.83403861074,1257211072.0367262
KOŚCIAŃSKI,1926,baseline,1731436436.5619988,1731160297.4001007,349771.28755032725,73632.12565218852,73632.12565218852,276139.1618981387,1731086665.2744486
KOŚCIERSKI,1926,baseline,1354584800.9603934,1354469521.091352,129055.93309730018,13776.06405590173,13776.06405590173,115279.86904139844,1354455745.027296
KRAKOWSKI,1926,baseline,1468923547.3706434,1468640086.6867714,2689153.538702721,2405692.8548307694,2405692.8548307694,283460.6838719514,1466234393.8319407
KRAKÓW (MIASTO),1926,baseline,1520205143.8549538,1467351159.811787,53521266.44822805,667282.4050612906,667282.4050612906,52853984.04316676,1466683877.4067256
KRASNOSTAWSKI,1926,baseline,1265773858.3964934,1265626965.9894593,178443.2190449579,31550.812010830046,31550.812010830046,146892.40703412786,1265595415.1774485
KROTOSZYŃSKI,1926,baseline,1625235229.3567886,1624900545.5979064,379612.4757431489,44928.71686076912,44928.71686076912,334683.75888237974,1624855616.8810456
KROŚNIEŃSKI,1926,baseline,1317936984.6263285,1317680954.503759,287957.2294073725,31927.106837857027,31927.106837857027,256030.12256951546,1317649027.3969212
KRZEMIENIECKI,1926,baseline,1129983173.6619017,1129900172.963043,93405.23758786,10404.53872915608,10404.53872915608,83000.69885870392,1129889768.4243138
KUTNOWSKI,1926,baseline,1487550638.296512,1487015379.457798,636559.4808151579,101300.64210124829,101300.64210124829,535258.8387139096,1486914078.8156967
KĘPIŃSKI,1926,baseline,1592639055.6463916,1592448585.6480744,210151.41428358664,19681.415966384866,19681.415966384866,190469.99831720177,1592428904.232108
LESKI,1926,baseline,1238668339.3653672,1238596059.0791357,81340.63975732288,9060.353525944907,9060.353525944907,72280.28623137796,1238586998.7256098
LESZCZYŃSKI,1926,baseline,1742483533.741579,1742189380.575791,354094.1074528844,59940.94166467803,59940.94166467803,294153.16578820633,1742129439.6341262
LIDZKI,1926,baseline,1125429017.9950793,1125387446.48091,52260.39871118995,10688.884541899202,10688.884541899202,41571.51416929075,1125376757.596368
LIMANOWSKI,1926,baseline,1373221931.2747095,1373107866.1035254,142501.35840775073,28436.187223778714,28436.187223778714,114065.17118397201,1373079429.9163017
LIPNOWSKI,1926,baseline,1219200594.1500297,1219038433.0727232,175574.14561667986,13413.068310333047,13413.068310333047,162161.07730634682,1219025020.004413
LUBACZOWSKI,1926,baseline,1210591273.0212772,1210482056.3335302,119958.57206558874,10741.884318523149,10741.884318523149,109216.68774706559,1210471314.4492116
LUBARTOWSKI,1926,baseline,1286366751.4532387,1286243038.5129457,187243.22622606967,63530.28593299671,63530.28593299671,123712.94029307297,1286179508.2270126
LUBAWSKI,1926,baseline,1353546961.285384,1353311446.109343,246399.06522638613,10883.889185531661,10883.889185531661,235515.17604085448,1353300562.2201576
LUBELSKI,1926,baseline,1307859255.4250581,1307574533.2626102,326296.6680057105,41574.505557827455,41574.505557827455,284722.16244788305,1307532958.7570524
LUBLINIECKI,1926,baseline,1589707846.999637,1589511310.1934342,239975.7357752432,43438.92957252446,43438.92957252446,196536.80620271876,1589467871.2638617
LUBOMELSKI,1926,baseline,1226259980.2510192,1226215549.1249163,61871.65631948613,17440.53021636716,17440.53021636716,44431.12610311897,1226198108.5946999
LWOWSKI,1926,baseline,1266229719.304863,1266055799.4963148,2132487.1132970974,1958567.304748756,1958567.304748756,173919.80854834107,1264097232.191566
LWÓW (MIASTO),1926,baseline,1295997595.445177,1272327178.87662,24404983.131401144,734566.5628439939,734566.5628439939,23670416.56855715,1271592612.313776
M. ST. WARSZAWA,1926,baseline,1478012501.0131845,1392268166.8570764,85931611.36238702,187277.20627880545,187277.20627880545,85744334.15610822,1392080889.6507976
MAKOWSKI (MAKÓW MAZOWIECKI),1926,baseline,1287425666.5084593,1287311723.999073,128505.69783733026,14563.188451169057,14563.188451169057,113942.5093861612,1287297160.810622
MIECHOWSKI,1926,baseline,1434845943.0563316,1434677410.4008079,194023.2401471682,25490.58462336065,25490.58462336065,168532.65552380754,1434651919.8161845
MIELECKI,1926,baseline,1342589186.3630366,1342469106.1509695,153905.17090358696,33824.95883666903,33824.95883666903,120080.21206691793,1342435281.192133
MIĘDZYCHODZKI,1926,baseline,1738713756.4539087,1738525081.66854,209373.98979176654,20699.20442316257,20699.20442316257,188674.78536860397,1738504382.4641168
MIŃSKI,1926,baseline,1354002437.7264838,1353822218.6854184,309391.26790280466,129172.22683740928,129172.22683740928,180219.04106539534,1353693046.458581
MOGILEŃSKI,1926,baseline,1550773375.4066756,1550528867.007678,287432.1608973543,42923.76189967133,42923.76189967133,244508.39899768296,1550485943.2457783
MORSKI,1926,baseline,1251096866.581064,1250925483.6786408,175406.03634501138,4023.1339218702315,4023.1339218702315,171382.90242314115,1250921460.544719
MOŁODECZAŃSKI,1926,baseline,1052436683.6800467,1052391035.9766406,58378.4749350745,12730.771529006142,12730.771529006142,45647.70340606836,1052378305.2051116
MOŚCISKI,1926,baseline,1271784360.8917692,1271636804.78728,174730.6838818643,27174.579392706873,27174.579392706873,147556.10448915744,1271609630.2078874
MYŚLENICKI,1926,baseline,1393573152.7043562,1393355058.786589,245827.08057924183,27733.16281204473,27733.16281204473,218093.9177671971,1393327325.623777
MŁAWSKI,1926,baseline,1346415418.1904576,1346270901.00426,172495.97326841243,27978.787070931834,27978.787070931834,144517.1861974806,1346242922.217189
NADWÓRNIAŃSKI,1926,baseline,1235303356.42028,1235238139.9007266,82830.63082759683,17614.111274171973,17614.111274171973,65216.51955342486,1235220525.7894523
NIESZAWSKI,1926,baseline,1478026368.4272172,1477819961.26142,248156.11358085624,41748.947783602285,41748.947783602285,206407.16579725395,1477778212.3136363
NIEŚWIESKI,1926,baseline,1101033544.1625724,1100948795.4130654,94040.90532340971,9292.155816456869,9292.155816456869,84748.74950695284,1100939503.2572489
NIŻAŃSKI,1926,baseline,1320560225.7303748,1320445615.9675252,134261.2827781655,19651.519928576352,19651.519928576352,114609.76284958915,1320425964.4475965
NOWOGRÓDZKI,1926,baseline,1094858578.3747551,1094800860.4194348,68922.88870491987,11204.933384696238,11204.933384696238,57717.95532022363,1094789655.4860501
NOWOSĄDECKI,1926,baseline,1356648966.1979153,1356513451.021192,161319.30936934333,25804.13264618033,25804.13264618033,135515.176723163,1356487646.888546
NOWOTARSKI,1926,baseline,1391636406.64418,1391526659.586606,135865.4394501924,26118.381876215142,26118.381876215142,109747.05757397726,1391500541.2047298
NOWOTOMYSKI,1926,baseline,1804260669.1620362,1803989417.1626418,298565.98468832794,27313.985293769267,27313.985293769267,271251.99939455866,1803962103.177348
OBORNICKI,1926,baseline,1656174527.9534383,1656016992.9032953,235038.22619422546,77503.17605115238,77503.17605115238,157535.05014307308,1655939489.7272441
OLKUSKI,1926,baseline,1495279799.8451695,1495100437.9416509,212835.94684702627,33474.04332839458,33474.04332839458,179361.90351863168,1495066963.8983226
OPATOWSKI,1926,baseline,1366439387.754631,1366273053.901951,192613.60945643694,26279.7567764919,26279.7567764919,166333.85267994503,1366246774.1451745
OPOCZYŃSKI,1926,baseline,1418622472.0301285,1418532860.124998,139317.1144582969,49705.20932793264,49705.20932793264,89611.90513036429,1418483154.9156702
OSTROWSKI (OSTRÓW MAZOWIECKA),1926,baseline,1286484705.5980973,1286394223.3198783,123924.57784360797,33442.29962461187,33442.29962461187,90482.2782189961,1286360781.0202537
OSTROWSKI (OSTRÓW WIELKOPOLSKI),1926,baseline,1623069640.5728233,1622792160.7637582,311462.09994913475,33982.29088393857,33982.29088393857,277479.8090651962,1622758178.4728742
OSTROŁĘCKI,1926,baseline,1265525271.3274424,1265447116.4229567,103800.06673955725,25645.162253823943,25645.162253823943,78154.9044857333,1265421471.2607028
OSZMIAŃSKI,1926,baseline,1018359648.2813815,1018292418.330087,70861.90839449815,3631.9570999057282,3631.9570999057282,67229.95129459242,1018288786.372987
PIOTRKOWSKI,1926,baseline,1442627578.881144,1442468813.611811,204872.92060017958,46107.651267090165,46107.651267090165,158765.2693330894,1442422705.9605439
PIŃCZOWSKI,1926,baseline,1393372879.7188723,1393202551.2973874,190255.0977588129,19926.67627393432,19926.67627393432,170328.42148487858,1393182624.6211135
PIŃSKI,1926,baseline,1132926519.9746373,1132893315.5555851,40886.60418622079,7682.185134105325,7682.185134105325,33204.41905211547,1132885633.370451
PODHAJECKI,1926,baseline,1222154663.5745375,1222057874.1497247,124985.72089743488,28196.296084698708,28196.296084698708,96789.42481273616,1222029677.85364
POSTAWSKI,1926,baseline,1018859084.5873653,1018819875.2743373,46002.24900934307,6792.935981423483,6792.935981423483,39209.31302791958,1018813082.3383559
POZNAŃ (MIASTO),1926,baseline,1763938815.7358396,1737854335.0470252,27236459.866584048,1151979.177769649,1151979.177769649,26084480.688814398,1736702355.8692555
POZNAŃSKI,1926,baseline,1728159703.4098554,1727962661.8052394,3261572.016130407,3064530.4115144867,3064530.4115144867,197041.60461592017,1724898131.393725
PRUŻAŃSKI,1926,baseline,1194828695.5479333,1194779062.5805295,60771.25626585009,11138.288861959198,11138.288861959198,49632.96740389089,1194767924.2916675
PRZASNYCKI,1926,baseline,1230355701.8285763,1230250495.4915152,117202.93016009132,11996.593098988358,11996.593098988358,105206.33706110295,1230238498.8984163
PRZEMYSKI,1926,baseline,1299769380.3630438,1299522660.746791,283594.56284802116,36874.94659529937,36874.94659529937,246719.6162527218,1299485785.8001957
PRZEMYŚLAŃSKI,1926,baseline,1240582248.612827,1240449968.410529,160446.7587353502,28166.5564371887,28166.5564371887,132280.2022981615,1240421801.8540916
PRZEWORSKI,1926,baseline,1311239956.0192,1310881145.8841288,399700.9857995881,40890.850728190584,40890.850728190584,358810.1350713975,1310840255.0334005
PSZCZYŃSKI,1926,baseline,1565601760.5289853,1565142163.857819,622793.9325070238,163197.26134084543,163197.26134084543,459596.67116617836,1564978966.5964782
PUŁAWSKI,1926,baseline,1300561836.2066176,1300409988.0130568,179601.31978552003,27753.126224717897,27753.126224717897,151848.19356080212,1300382234.886832
PUŁTUSKI,1926,baseline,1314754254.5331588,1314629046.320971,173640.31760901213,48432.105421328226,48432.105421328226,125208.2121876839,1314580614.2155497
PŁOCKI,1926,baseline,1407040205.861062,1406778933.4250584,296499.9657119279,35227.5297081569,35227.5297081569,261272.43600377103,1406743705.8953502
PŁOŃSKI,1926,baseline,1299863416.9962137,1299719175.246004,189058.23690779382,44816.48669816824,44816.48669816824,144241.75020962558,1299674358.759306
RADOMSKI,1926,baseline,1364894204.7931693,1364772193.1984172,148527.40548180675,26515.81072976905,26515.81072976905,122011.5947520377,1364745677.3876874
RADOMSZCZAŃSKI,1926,baseline,1442745428.082672,1442626641.0678132,159372.20497471,40585.19011580062,40585.19011580062,118787.01485890937,1442586055.8776975
RADZIECHOWSKI,1926,baseline,1192377753.8112867,1192275828.8955157,113550.97923890977,11626.06346800762,11626.06346800762,101924.91577090215,1192264202.8320477
RADZYMIŃSKI,1926,baseline,1356074711.8957365,1355886047.4471385,408365.78293536627,219701.33433758022,219701.33433758022,188664.44859778602,1355666346.112801
RADZYŃSKI,1926,baseline,1299778232.9191134,1299663121.6189063,147094.93973567087,31983.639528433894,31983.639528433894,115111.30020723699,1299631137.9793777
RAWICKI,1926,baseline,1673627350.8109772,1673234107.3344991,440056.53546777135,46813.05898975872,46813.05898975872,393243.4764780126,1673187294.2755094
RAWSKI (RAWA MAZOWIECKA),1926,baseline,1405419029.4151752,1405278511.6712859,181743.59362447207,41225.84973493928,41225.84973493928,140517.74388953278,1405237285.8215508
RAWSKI (RAWA RUSKA),1926,baseline,1243564773.9951987,1243474488.4083416,112214.12889817997,21928.54204114591,21928.54204114591,90285.58685703407,1243452559.8663006
ROHATYŃSKI,1926,baseline,1235293334.093461,1235164903.6078928,153906.31770177858,25475.832133551157,25475.832133551157,128430.48556822742,1235139427.7757592
ROPCZYCKI,1926,baseline,1362327940.9937828,1362188243.3458416,176743.25406665372,37045.606125490805,37045.606125490805,139697.64794116293,1362151197.739716
RUDECKI,1926,baseline,1258836102.643961,1258677292.7738912,193559.982398757,34750.11232890429,34750.11232890429,158809.8700698527,1258642542.6615622
RYBNICKI,1926,baseline,1502593579.2816582,1502043119.3601422,610317.5867035954,59857.6651875776,59857.6651875776,550459.9215160178,1501983261.6949546
RYPIŃSKI,1926,baseline,1217771232.3444715,1217577647.9255586,208952.2032007984,15367.78428789003,15367.78428789003,193584.41891290835,1217562280.1412706
RZESZOWSKI,1926,baseline,1329004517.4665012,1328781480.0944183,248240.27905316817,25202.90697022777,25202.90697022777,223037.3720829404,1328756277.187448
RÓWIEŃSKI,1926,baseline,1143687139.7573888,1143590494.1332583,109161.24835900243,12515.624228482628,12515.624228482628,96645.6241305198,1143577978.5090299
SAMBORSKI,1926,baseline,1279959559.4245462,1279807210.4773445,197289.8055830419,44940.85838118144,44940.85838118144,152348.94720186046,1279762269.6189632
SANDOMIERSKI,1926,baseline,1328618466.4404933,1328449804.2872882,180071.12713164595,11408.97392658797,11408.97392658797,168662.15320505798,1328438395.3133616
SANOCKI,1926,baseline,1272466803.3950436,1272325864.9734519,154799.59201158021,13861.170419893764,13861.170419893764,140938.42159168646,1272312003.803032
SARNEŃSKI,1926,baseline,1127883218.8960164,1127862454.8589017,29218.136585511005,8454.099470735688,8454.099470735688,20764.037114775318,1127854000.759431
SIEDLECKI,1926,baseline,1319528433.403796,1319398739.781955,174902.4859195854,45208.86407856756,45208.86407856756,129693.62184101783,1319353530.9178765
SIERADZKI,1926,baseline,1515006414.583511,1514825556.2783093,237491.09565102594,56632.7904492043,56632.7904492043,180858.30520182164,1514768923.4878602
SIERPECKI,1926,baseline,1241337688.7717862,1241177540.6650028,180055.98471212294,19907.877928786416,19907.877928786416,160148.10678333652,1241157632.787074
SKAŁACKI,1926,baseline,1165595115.774947,1165451640.5889018,154080.95803863462,10605.771993357606,10605.771993357606,143475.18604527702,1165441034.8169084
SKIERNIEWICKI,1926,baseline,1450530628.1373613,1450329711.526967,303517.44601483375,102600.83562068563,102600.83562068563,200916.61039414813,1450227110.6913464
SOCHACZEWSKI,1926,baseline,1413297935.041319,1413124127.3938277,250853.64101676497,77045.99352556733,77045.99352556733,173807.64749119763,1413047081.4003022
SOKALSKI,1926,baseline,1221140023.260745,1221024938.770584,131139.14981240482,16054.659651483393,16054.659651483393,115084.49016092144,1221008884.1109326
SOKOŁOWSKI,1926,baseline,1298587121.1941688,1298468030.5224133,165287.0981480772,46196.42639257332,46196.42639257332,119090.67175550388,1298421834.0960207
SOKÓLSKI,1926,baseline,1214604967.620146,1214537089.7069578,90109.66708102328,22231.75389288453,22231.75389288453,67877.91318813874,1214514857.953065
STANISŁAWOWSKI,1926,baseline,1255121592.190422,1254929873.3194077,221294.314573949,29575.443559552223,29575.443559552223,191718.87101439678,1254900297.875848
STAROGARDZKI,1926,baseline,1376773667.2098324,1376578700.756156,211479.70288409214,16513.249207657496,16513.249207657496,194966.45367643464,1376562187.5069482
STOLIŃSKI,1926,baseline,1097290734.8132653,1097272594.6377668,24948.49552553754,6808.32002709235,6808.32002709235,18140.17549844519,1097265786.3177397
STOPNICKI,1926,baseline,1318361423.620202,1318251171.6169486,120980.04130907937,10728.03805558774,10728.03805558774,110252.00325349164,1318240443.578893
STOŁPECKI,1926,baseline,1079527843.4298086,1079447893.0047677,85501.70102937127,5551.275988455444,5551.275988455444,79950.42504091583,1079442341.7287793
STRYJSKI,1926,baseline,1245885635.556069,1245787903.2841809,127130.77502325263,29398.503135265782,29398.503135265782,97732.27188798685,1245758504.7810457
SUWALSKI,1926,baseline,1121088851.7281153,1120995743.975023,101470.28380725381,8362.530715060922,8362.530715060922,93107.7530921929,1120987381.444308
SZAMOTULSKI,1926,baseline,1679894075.8256652,1679700543.4435785,230910.61564785324,37378.23356109248,37378.23356109248,193532.38208676077,1679663165.2100174
SZCZUCZYŃSKI (WOJ. BIAŁOSTOCKIE),1926,baseline,1202806036.4993837,1202723847.7089713,92124.61549682319,9935.825084555254,9935.825084555254,82188.79041226793,1202713911.8838868
SZCZUCZYŃSKI (WOJ. NOWOGRÓDZKIE),1926,baseline,1153586644.4397304,1153542656.9864976,54146.68541066245,10159.232178034265,10159.232178034265,43987.453232628184,1153532497.7543197
SZUBIŃSKI,1926,baseline,1545246334.2019098,1545090401.7733312,212554.18701553694,56621.75843702948,56621.75843702948,155932.42857850748,1545033780.0148942
SĘPOLEŃSKI,1926,baseline,1477127052.585529,1476930471.0225565,226411.5001467733,29829.93717438704,29829.93717438704,196581.56297238625,1476900641.0853822
SŁONIMSKI,1926,baseline,1148326398.5081005,1148274672.1747792,63759.055092811424,12032.72177145477,12032.72177145477,51726.33332135666,1148262639.4530077
TARNOBRZESKI,1926,baseline,1345099014.851591,1344965287.5165937,156429.18787756024,22701.85288020266,22701.85288020266,133727.33499735757,1344942585.6637135
TARNOGÓRSKI,1926,baseline,1620078037.3667855,1618768804.6811104,1495490.001446271,186257.31577103373,186257.31577103373,1309232.6856752373,1618582547.3653393
TARNOPOLSKI,1926,baseline,1200579812.8067186,1200443419.0999207,164586.51316474,28192.80636691866,28192.80636691866,136393.70679782133,1200415226.2935538
TARNOWSKI,1926,baseline,1387182946.2837934,1386956369.4015613,286353.8836634509,59777.00143131428,59777.00143131428,226576.8822321366,1386896592.40013
TCZEWSKI,1926,baseline,1356747274.2263026,1356428094.4736729,330934.9895973661,11755.236967617106,11755.236967617106,319179.75262974895,1356416339.2367053
TOMASZOWSKI,1926,baseline,1198729854.751044,1198592597.3592992,150277.5777201561,13020.185975348555,13020.185975348555,137257.39174480757,1198579577.1733239
TORUŃSKI,1926,baseline,1483419078.6828215,1483094415.9613347,367415.5797852013,42752.85829819134,42752.85829819134,324662.72148700996,1483051663.1030364
TREMBOWELSKI,1926,baseline,1196474972.0756955,1196322610.4176202,179952.4352711063,27590.77719575108,27590.77719575108,152361.65807535523,1196295019.6404245
TUCHOLSKI,1926,baseline,1432805435.5572348,1432649081.49291,182506.89770230488,26152.833377316914,26152.833377316914,156354.06432498796,1432622928.6595325
TURCZAŃSKI,1926,baseline,1234639611.0205224,1234565884.41853,88749.46426907231,15022.862276777596,15022.862276777596,73726.60199229472,1234550861.5562532
TURECKI,1926,baseline,1468753005.1672883,1468607825.6091907,157265.63233657493,12086.074239128535,12086.074239128535,145179.5580974464,1468595739.5349517
TŁUMACKI,1926,baseline,1235461087.0936418,1235316444.3860977,177780.07029972962,33137.3627556162,33137.3627556162,144642.70754411342,1235283307.0233421
WADOWICKI,1926,baseline,1464095142.7525854,1463872473.3413665,302307.04087381816,79637.6296548228,79637.6296548228,222669.41121899534,1463792835.7117116
WARSZAWSKI,1926,baseline,1386166972.1849453,1385833258.1420474,1394563.6523087975,1060849.6094107518,1060849.6094107518,333714.04289804556,1384772408.5326366
WIELUŃSKI,1926,baseline,1581898482.9893603,1581800715.928643,109803.97911305501,12036.918395721565,12036.918395721565,97767.06071733346,1581788679.0102472
WILEJSKI,1926,baseline,1040177001.123686,1040128351.6371543,55402.357442698165,6752.870911088657,6752.870911088657,48649.48653160951,1040121598.7662432
WILEŃSKO-TROCKI,1926,baseline,1092918122.3474483,1092880255.3842883,107494.485309997,69627.52215000182,69627.52215000182,37866.96315999518,1092810627.8621383
WILNO (MIASTO),1926,baseline,1111326976.2519886,1104124535.3538046,7280912.2244895175,78471.32630537583,78471.32630537583,7202440.898184142,1104046064.0274992
WOLSZTYŃSKI,1926,baseline,1845105473.7818556,1844914851.833706,232998.27648123028,42376.328331543875,42376.328331543875,190621.94814968642,1844872475.5053744
WOŁKOWYSKI,1926,baseline,1201438561.5293648,1201396592.8747125,56265.28838829791,14296.633735807056,14296.633735807056,41968.65465249085,1201382296.2409766
WOŁOŻYŃSKI,1926,baseline,1055084064.7481594,1055005493.0970567,84322.6143440661,5750.963241412653,5750.963241412653,78571.65110265344,1054999742.1338153
WRZESIŃSKI,1926,baseline,1646082443.1512644,1645801208.165547,350974.0448344225,69739.05911689972,69739.05911689972,281234.98571752274,1645731469.10643
WYRZYSKI,1926,baseline,1509683784.1670647,1509496264.5456161,220920.58910523902,33400.96765654423,33400.96765654423,187519.6214486948,1509462863.5779595
WYSOKOMAZOWIECKI,1926,baseline,1252219736.4929643,1252126465.7733169,120929.6844395724,27658.964792205577,27658.964792205577,93270.71964736683,1252098806.8085246
WĄBRZESKI,1926,baseline,1435017106.6554217,1434820141.5425467,231943.7652499356,34978.652375082376,34978.652375082376,196965.11287485322,1434785162.8901718
WĄGROWIECKI,1926,baseline,1617565024.3516939,1617409121.694322,211631.2556521117,55728.598280544444,55728.598280544444,155902.65737156724,1617353393.0960417
WĘGROWSKI,1926,baseline,1281710106.3727446,1281595608.6028764,150355.24027414242,35857.47040600427,35857.47040600427,114497.76986813814,1281559751.1324704
WŁOCŁAWSKI,1926,baseline,1470340299.896537,1469939369.9560287,443186.8332575964,42256.89274924297,42256.89274924297,400929.94050835347,1469897113.0632794
WŁODAWSKI,1926,baseline,1233216749.215532,1233145757.1758962,86304.60806644469,15312.568430663743,15312.568430663743,70992.03963578095,1233130444.6074655
WŁODZIMIERSKI,1926,baseline,1215924063.7259688,1215845531.7287068,96115.84701926162,17583.84975720924,17583.84975720924,78531.99726205239,1215827947.8789496
WŁOSZCZOWSKI,1926,baseline,1372518439.2521176,1372412751.9008164,125772.33238919413,20084.981087918626,20084.981087918626,105687.3513012755,1372392666.9197285
ZALESZCZYCKI,1926,baseline,1199641927.368965,1199486091.7055247,171267.68220247197,15432.018762299442,15432.018762299442,155835.66344017253,1199470659.6867623
ZAMOJSKI,1926,baseline,1262931777.6623313,1262760647.7594728,202127.8791136394,30997.976255089176,30997.976255089176,171129.90285855025,1262729649.7832177
ZBARASKI,1926,baseline,1181656721.6416478,1181492416.90567,188211.67855971018,23906.94258194967,23906.94258194967,164304.73597776052,1181468509.963088
ZBOROWSKI,1926,baseline,1191555687.0109403,1191418994.2093174,154950.31988962364,18257.51826676176,18257.51826676176,136692.80162286188,1191400736.6910508
ZDOŁBUNOWSKI,1926,baseline,1137062659.2203934,1136916065.527941,157325.96578213107,10732.273329711457,10732.273329711457,146593.6924524196,1136905333.2546113
ZŁOCZOWSKI,1926,baseline,1208543690.0381687,1208438086.3875275,129726.51412851288,24122.86348724478,24122.86348724478,105603.6506412681,1208413963.5240402
ŁASKI,1926,baseline,1477653631.6023962,1477472365.4084744,252763.33999264997,71497.14607106302,71497.14607106302,181266.19392158696,1477400868.2624035
ŁAŃCUCKI,1926,baseline,1312010963.372068,1311837657.0818028,195949.19596432408,22642.905699339804,22642.905699339804,173306.29026498427,1311815014.1761036
ŁOMŻYŃSKI,1926,baseline,1240566398.8745098,1240466122.4304028,117313.30037634374,17036.856269440053,17036.856269440053,100276.4441069037,1240449085.5741334
ŁOWICKI,1926,baseline,1461657646.0946164,1461479652.1723166,286786.23747440416,108792.31517457175,108792.31517457175,177993.9222998324,1461370859.857142
ŁUCKI,1926,baseline,1160836792.0911727,1160792815.4703088,53811.95845969942,9835.33759575362,9835.33759575362,43976.6208639458,1160782980.132713
ŁUKOWSKI,1926,baseline,1312595183.5107036,1312483822.1168885,150475.99952772944,39114.60571256455,39114.60571256455,111361.39381516488,1312444707.5111759
ŁUNINIECKI,1926,baseline,1108142335.6182556,1108114750.900184,35152.03177260925,7567.313700908872,7567.313700908872,27584.718071700376,1108107183.586483
ŁÓDZKI,1926,baseline,1479123633.4762986,1478776618.8010876,737988.495663953,390973.8204528928,390973.8204528928,347014.67521106027,1478385644.9806347
ŁÓDŹ (MIASTO),1926,baseline,1547673592.4457045,1470093794.6195896,77693350.90098675,113553.07487187847,113553.07487187847,77579797.82611486,1469980241.5447178
ŁĘCZYCKI,1926,baseline,1488013807.8624854,1487808301.8969343,323372.1410849067,117866.17553367805,117866.17553367805,205505.96555122864,1487690435.7214005
ŚNIATYŃSKI,1926,baseline,1256903306.4945583,1256659678.3879983,255860.5486821725,12232.442122334276,12232.442122334276,243628.10655983823,1256647445.9458761
ŚREDZKI,1926,baseline,1668737802.3606203,1668524919.016372,287964.9920770304,75081.64782875964,75081.64782875964,212883.3442482708,1668449837.3685431
ŚREMSKI,1926,baseline,1642355448.8810325,1642192051.6992607,204658.61616240419,41261.43439061993,41261.43439061993,163397.18177178426,1642150790.2648702
ŚWIECKI,1926,baseline,1439273141.479587,1439149096.5659535,163615.8099899825,39570.89635633108,39570.89635633108,124044.9136336514,1439109525.6695971
ŚWIĘCIAŃSKI,1926,baseline,1059870703.4168911,1059819328.0494126,58242.108677893106,6866.741199319159,6866.741199319159,51375.36747857395,1059812461.3082132
ŚWIĘTOCHŁOWICKI,1926,baseline,1636216318.117766,1622474579.185268,14384622.139846083,642883.2073480486,642883.2073480486,13741738.932498034,1621831695.9779198
ŻNIŃSKI,1926,baseline,1567206696.1349714,1567005895.348193,258915.1265569958,58114.33977865382,58114.33977865382,200800.78677834198,1566947781.0084143
ŻYDACZOWSKI,1926,baseline,1244942047.199107,1244820336.5264118,154042.37616874196,32331.703473637535,32331.703473637535,121710.67269510443,1244788004.8229382
ŻYWIECKI,1926,baseline,1470956871.188785,1470731090.2836976,292543.6601087573,66762.75502135005,66762.75502135005,225780.90508740727,1470664327.5286763
ŻÓŁKIEWSKI,1926,baseline,1246818967.1656742,1246693479.952998,189788.55463942158,64301.34196309938,64301.34196309938,125487.21267632219,1246629178.6110349
AUGUSTOWSKI,1927,baseline,1225291885.8987463,1225220362.574879,85990.6957444399,14467.371877259422,14467.371877259422,71523.32386718049,1225205895.2030017
BARANOWICKI,1927,baseline,1214861374.0722303,1214807715.4847038,73019.03338822539,19360.445861518107,19360.445861518107,53658.587526707284,1214788355.0388422
BIALSKI (BIAŁA KRAKOWSKA),1927,baseline,1623351927.1473448,1622537570.732046,945603.9640068554,131247.54870798258,131247.54870798258,814356.4152988729,1622406323.183338
BIALSKI (BIAŁA PODLASKA),1927,baseline,1376902611.454177,1376767369.339262,166268.7521218732,31026.637206996806,31026.637206996806,135242.11491487638,1376736342.702055
BIAŁOSTOCKI,1927,baseline,1347943124.7685797,1347803512.844841,169313.43481584266,29701.51107711403,29701.51107711403,139611.92373872863,1347773811.3337638
BIELSKI (BIELSK PODLASKI),1927,baseline,1341468231.0089638,1341422068.0018923,70085.36921748248,23922.362145978383,23922.362145978383,46163.0070715041,1341398145.6397464
BIELSKO,1927,baseline,1619246829.5594685,1615916935.9159603,3441879.5635856343,111985.92007730524,111985.92007730524,3329893.643508329,1615804949.995883
BIŁGORAJSKI,1927,baseline,1325366780.771949,1325256475.7772946,135004.68212765336,24699.687473348433,24699.687473348433,110304.99465430492,1325231776.0898213
BOCHEŃSKI,1927,baseline,1541553262.6805584,1541358871.0913856,278627.708490017,84236.11931735018,84236.11931735018,194391.5891726668,1541274634.9720683
BORSZCZOWSKI,1927,baseline,1220572815.382519,1220405898.0277135,174191.04155219137,7273.686746745796,7273.686746745796,166917.35480544556,1220398624.3409667
BRASŁAWSKI,1927,baseline,1089541184.0170126,1089510043.4309566,33907.0940333344,2766.50797731099,2766.50797731099,31140.586056023407,1089507276.9229794
BRODNICKI,1927,baseline,1523942394.7298315,1523657673.372093,315104.5427409859,30383.185002613714,30383.185002613714,284721.35773837223,1523627290.1870904
BRODZKI,1927,baseline,1279136272.8390684,1278980724.1727264,171363.39269786252,15814.726355687068,15814.726355687068,155548.66634217545,1278964909.4463706
BRZESKI (BRZESKO),1927,baseline,1474942158.9747984,1474725563.1251287,274184.04825892183,57588.198589280924,57588.198589280924,216595.8496696409,1474667974.9265394
BRZESKI (BRZEŚĆ N.BUG.),1927,baseline,1361934657.8044007,1361876719.5246587,88002.90082164043,30064.62107957693,30064.62107957693,57938.2797420635,1361846654.903579
BRZEZIŃSKI,1927,baseline,1577814824.5253925,1577440606.5507605,546163.9792336817,171946.0046018233,171946.0046018233,374217.97463185835,1577268660.5461588
BRZEŻAŃSKI,1927,baseline,1316463233.681334,1316321046.3394458,181423.21674646513,39235.87485845129,39235.87485845129,142187.34188801385,1316281810.4645875
BRZOZOWSKI,1927,baseline,1372320852.0546052,1372071446.1461625,268031.8975356511,18625.989092817144,18625.989092817144,249405.90844283396,1372052820.1570697
BUCZACKI,1927,baseline,1285033180.7653189,1284873133.86624,188237.77635993552,28190.87728123943,28190.87728123943,160046.8990786961,1284844942.9889588
BYDGOSKI,1927,baseline,1631487005.6851447,1631170441.6319795,362078.95521244715,45514.90204714701,45514.90204714701,316564.05316530017,1631124926.7299323
BÓBRECKI,1927,baseline,1329177638.3188922,1328981998.6749258,230513.92144808773,34874.27748164483,34874.27748164483,195639.6439664429,1328947124.3974442
BĘDZIŃSKI,1927,baseline,1689058059.6576443,1688171305.8005443,944071.3656645995,57317.5085643532,57317.5085643532,886753.8571002462,1688113988.2919798
BŁOŃSKI,1927,baseline,1520426169.6506681,1519965951.9675763,511503.7131309213,51286.0300391166,51286.0300391166,460217.6830918047,1519914665.9375372
CHEŁMIŃSKI,1927,baseline,1544402333.805393,1544088912.4042807,348977.29862122115,35555.89750895802,35555.89750895802,313421.40111226315,1544053356.5067718
CHEŁMSKI,1927,baseline,1364420278.080827,1364267871.4660206,188447.98855434416,36041.37374787507,36041.37374787507,152406.6148064691,1364231830.0922728
CHODZIESKI,1927,baseline,1695967387.5978522,1695758541.1503673,243056.14394520674,34209.6964602856,34209.6964602856,208846.44748492114,1695724331.453907
CHOJNICKI,1927,baseline,1538826686.5829442,1538728282.1047738,124290.40651532405,25885.928345080618,25885.928345080618,98404.47817024343,1538702396.1764288
CHORZÓW,1927,baseline,1820319330.0889199,1752761683.275989,69417978.73528591,1860331.9223550914,1860331.9223550914,67557646.81293082,1750901351.3536339
CHRZANOWSKI,1927,baseline,1651641080.116547,1650994141.6703823,768360.8345951863,121422.38843025986,121422.38843025986,646938.4461649264,1650872719.281952
CIECHANOWSKI,1927,baseline,1452025257.46008,1451775728.648754,303906.2518118146,54377.440485769126,54377.440485769126,249528.81132604548,1451721351.2082682
CIESZYŃSKI,1927,baseline,1575922366.2396522,1575269242.5716636,748875.8120370986,95752.14404840204,95752.14404840204,653123.6679886965,1575173490.4276152
CZARNKOWSKI,1927,baseline,1694025257.5004642,1693818819.2243416,228648.52413572068,22210.24801318376,22210.24801318376,206438.27612253692,1693796608.9763284
CZORTKOWSKI,1927,baseline,1277626564.2176,1277361145.829711,309205.56192242505,43787.17403324463,43787.17403324463,265418.38788918045,1277317358.6556778
CZĘSTOCHOWSKI,1927,baseline,1567379358.2886147,1567072818.8140914,342512.52234989626,35973.04782662697,35973.04782662697,306539.4745232693,1567036845.766265
DOBROMILSKI,1927,baseline,1368328739.4668584,1368180781.9681914,174976.83620109045,27019.337534260656,27019.337534260656,147957.4986668298,1368153762.6306572
DOLIŃSKI,1927,baseline,1334587917.819515,1334517964.0238242,93200.62302415381,23246.827333564594,23246.827333564594,69953.79569058922,1334494717.1964908
DROHICKI,1927,baseline,1259911174.4440398,1259843511.0870183,80997.14375491926,13333.786733497916,13333.786733497916,67663.35702142134,1259830177.3002849
DROHOBYCKI,1927,baseline,1356763764.9969504,1356499314.3498132,305514.4827859,41063.83564878744,41063.83564878744,264450.64713711257,1356458250.5141644
DUBIEŃSKI,1927,baseline,1236186665.2794015,1236105934.031189,96976.95750828505,16245.709295837632,16245.709295837632,80731.24821244742,1236089688.3218932
DZIAŁDOWSKI,1927,baseline,1459993059.4998376,1459891550.3951435,118852.61682615157,17343.512131934043,17343.512131934043,101509.10469421753,1459874206.8830116
DZIŚNIEŃSKI,1927,baseline,1081192224.196255,1081150749.38777,46913.03010863793,5438.221623613254,5438.221623613254,41474.80848502468,1081145311.1661463
DĄBROWSKI,1927,baseline,1467392202.8898804,1467230054.6200485,212838.93394770473,50690.66411589098,50690.66411589098,162148.26983181376,1467179363.9559326
GARWOLIŃSKI,1927,baseline,1451489676.0257547,1451358020.4341626,199529.93135055967,67874.33975850054,67874.33975850054,131655.59159205912,1451290146.0944042
GNIEŹNIEŃSKI,1927,baseline,1776686535.5635126,1776367874.6817997,396055.1722197727,77394.29050681341,77394.29050681341,318660.88171295926,1776290480.3912928
GORLICKI,1927,baseline,1447001563.9869328,1446817997.9259567,222251.00694212905,38684.94596608139,38684.94596608139,183566.06097604768,1446779312.9799907
GOSTYNIŃSKI,1927,baseline,1554621555.6028402,1554367790.832498,336404.4098588546,82639.63951687302,82639.63951687302,253764.77034198158,1554285151.1929812
GOSTYŃSKI,1927,baseline,1812578071.9461837,1812244453.2344222,398661.9788261313,65043.267064573905,65043.267064573905,333618.71176155744,1812179409.9673576
GRODZIEŃSKI,1927,baseline,1271803192.6675231,1271748134.2287848,70433.96420992841,15375.525471585675,15375.525471585675,55058.43873834274,1271732758.703313
GRUDZIĄDZKI,1927,baseline,1537769654.836316,1537295410.7978272,522353.26831294084,48109.22982406444,48109.22982406444,474244.0384888764,1537247301.5680032
GRÓDECKI,1927,baseline,1335261927.927631,1335109356.5138645,252257.16950532072,99685.75573896359,99685.75573896359,152571.41376635715,1335009670.7581255
GRÓJECKI,1927,baseline,1436280844.2994473,1436060601.8293676,362595.5423009915,142353.0722212985,142353.0722212985,220242.47007969298,1435918248.7571464
HOROCHOWSKI,1927,baseline,1267292251.939419,1267172954.5732234,125574.17020935091,6276.804013668503,6276.804013668503,119297.3661956824,1267166677.7692096
HORODEŃSKI,1927,baseline,1289632317.7127461,1289409251.4951649,241074.42219729308,18008.204616136114,18008.204616136114,223066.21758115696,1289391243.2905488
HRUBIESZOWSKI,1927,baseline,1310290122.559666,1310112634.1478016,205883.9227582576,28395.51089403604,28395.51089403604,177488.41186422156,1310084238.6369076
INOWROCŁAWSKI,1927,baseline,1659385231.0671597,1659034424.9202814,409293.5166875146,58487.369809310054,58487.369809310054,350806.14687820454,1658975937.550472
IWACEWICKI,1927,baseline,1240375456.7308557,1240337543.2585595,49202.054929988866,11288.582633776967,11288.582633776967,37913.4722962119,1240326254.6759257
IŁŻECKI,1927,baseline,1465677096.6118534,1465524170.7672153,188810.77017040746,35884.925532444155,35884.925532444155,152925.8446379633,1465488285.841683
JANOWSKI,1927,baseline,1388536994.4605167,1388398637.915916,171139.9583287605,32783.41372795374,32783.41372795374,138356.54460080675,1388365854.502188
JAROCIŃSKI,1927,baseline,1763433935.5003572,1763066950.0842614,422734.9725075922,55749.5564118534,55749.5564118534,366985.41609573876,1763011200.5278497
JAROSŁAWSKI,1927,baseline,1407135966.7761188,1406973988.7366095,205251.9776491532,43273.938139898186,43273.938139898186,161978.03950925503,1406930714.7984695
JASIELSKI,1927,baseline,1430484317.3685913,1430299481.7401512,236387.32451738886,51551.6960772562,51551.6960772562,184835.62844013266,1430247930.0440738
JAWOROWSKI,1927,baseline,1308017124.2311134,1307884636.4185736,166440.52876099647,33952.71622101862,33952.71622101862,132487.81253997787,1307850683.7023525
JĘDRZEJOWSKI,1927,baseline,1534050731.7040715,1533881146.8444724,218843.91686123546,49259.05726224029,49259.05726224029,169584.85959899516,1533831887.7872102
KALISKI,1927,baseline,1675678244.9811652,1675313014.388352,387295.1888932854,22064.59608001177,22064.59608001177,365230.59281327366,1675290949.7922719
KAMIONECKI,1927,baseline,1318977485.4757779,1318833850.1812935,190025.67718144524,46390.382697027744,46390.382697027744,143635.2944844175,1318787459.7985964
KARTUSKI,1927,baseline,1429611173.321034,1429497269.5761437,128388.82115231294,14485.076261972243,14485.076261972243,113903.7448903407,1429482784.4998817
KATOWICE,1927,baseline,1742903004.282982,1729421453.758064,13996390.445512185,514839.9205942831,514839.9205942831,13481550.524917902,1728906613.8374698
KAŁUSKI,1927,baseline,1323953974.870779,1323827762.551628,147859.89980045077,21647.580649609277,21647.580649609277,126212.3191508415,1323806114.9709785
KIELECKI,1927,baseline,1518883506.0202837,1518700538.8151402,223708.08259194373,40740.87744860539,40740.87744860539,182967.20514333836,1518659797.9376917
KOBRYŃSKI,1927,baseline,1300785560.3235352,1300736018.4799774,67839.63576188366,18297.792204258658,18297.792204258658,49541.843557625005,1300717720.6877732
KOLBUSZOWSKI,1927,baseline,1410875185.5812588,1410717189.6476593,180137.83284807327,22141.899248656493,22141.899248656493,157995.93359941678,1410695047.7484107
KOLSKI,1927,baseline,1646112197.0975475,1645863142.791299,311477.3497570169,62423.043508648756,62423.043508648756,249054.30624836817,1645800719.7477906
KONECKI,1927,baseline,1525515819.4845567,1525372170.3631318,191967.84952308235,48318.72809803904,48318.72809803904,143649.1214250433,1525323851.6350336
KONIŃSKI,1927,baseline,1679721547.4522014,1679517211.2630715,236045.3697917679,31709.180661825525,31709.180661825525,204336.1891299424,1679485502.0824096
KOPYCZYNIECKI,1927,baseline,1271144641.4539163,1270942640.6496372,242450.67314327852,40449.868864183765,40449.868864183765,202000.80427909477,1270902190.780773
KOSOWSKI (KOSÓW HUCULSKI),1927,baseline,1277043388.9117177,1276995178.9108946,58460.94113728247,10250.94031440456,10250.94031440456,48210.00082287791,1276984927.9705803
KOSTOPOLSKI,1927,baseline,1204648454.3180664,1204605049.263904,58086.098283066356,14681.044120705354,14681.044120705354,43405.054162361004,1204590368.2197833
KOSZYRSKI,1927,baseline,1193002752.228853,1192964964.091766,42486.07301066102,4697.935923765113,4697.935923765113,37788.137086895906,1192960266.1558423
KOWELSKI,1927,baseline,1302617997.827465,1302581835.6979127,53742.42391621003,17580.294363832723,17580.294363832723,36162.12955237731,1302564255.403549
KOZIENICKI,1927,baseline,1433336487.7883627,1433228875.969992,142330.02627259228,34718.20790161478,34718.20790161478,107611.8183709775,1433194157.7620902
KOŁOMYJSKI,1927,baseline,1338664135.9800022,1338464136.2740276,227306.09454166202,27306.388566915764,27306.388566915764,199999.70597474626,1338436829.8854606
KOŚCIAŃSKI,1927,baseline,1880568505.631614,1880215100.1205547,439951.9666067579,86546.45554767475,86546.45554767475,353405.51105908316,1880128553.665007
KOŚCIERSKI,1927,baseline,1468671840.376469,1468531191.5763018,157901.4009901032,17252.60082293431,17252.60082293431,140648.8001671689,1468513938.975479
KRAKOWSKI,1927,baseline,1585776054.2850902,1585427185.709315,2910591.167749864,2561722.591974794,2561722.591974794,348868.5757750701,1582865463.1173403
KRAKÓW (MIASTO),1927,baseline,1640283018.7823377,1584175401.2377121,56928565.85460418,820948.3099788359,820948.3099788359,56107617.54462534,1583354452.9277334
KRASNOSTAWSKI,1927,baseline,1359277403.83981,1359095230.3975983,220048.26589322177,37874.82368168496,37874.82368168496,182173.4422115368,1359057355.5739167
KROTOSZYŃSKI,1927,baseline,1762976118.4447687,1762577631.1006994,452575.8690567066,54088.52498751944,54088.52498751944,398487.3440691872,1762523542.575712
KROŚNIEŃSKI,1927,baseline,1416127971.8605096,1415831416.1342704,333150.0552168058,36594.32897767033,36594.32897767033,296555.72623913543,1415794821.8052928
KRZEMIENIECKI,1927,baseline,1209636695.6762695,1209539114.5105562,109922.84800717137,12341.682293872524,12341.682293872524,97581.16571329885,1209526772.8282623
KUTNOWSKI,1927,baseline,1609817284.0636559,1609190832.4552248,753786.9456644561,127335.33723319136,127335.33723319136,626451.6084312648,1609063497.1179914
KĘPIŃSKI,1927,baseline,1725928732.4252582,1725659850.6192367,292176.4985735545,23294.69255203684,23294.69255203684,268881.80602151767,1725636555.9266846
LESKI,1927,baseline,1329122340.810094,1329030832.050789,102121.2724225606,10612.513117464863,10612.513117464863,91508.75930509575,1329020219.5376716
LESZCZYŃSKI,1927,baseline,1892424996.4512591,1892065306.2732341,432388.1035696446,72697.92554476701,72697.92554476701,359690.1780248776,1891992608.3476894
LIDZKI,1927,baseline,1209636175.9258566,1209590609.0551484,57919.81092373746,12352.940215682576,12352.940215682576,45566.870708054885,1209578256.1149328
LIMANOWSKI,1927,baseline,1479363862.9263601,1479229545.5255551,167591.32454872876,33273.92374367897,33273.92374367897,134317.4008050498,1479196271.6018114
LIPNOWSKI,1927,baseline,1314800795.7373703,1314603505.793903,213541.61509039425,16251.67162327938,16251.67162327938,197289.94346711488,1314587254.12228
LUBACZOWSKI,1927,baseline,1296693949.2057848,1296568489.171106,138435.58582236973,12975.551143565162,12975.551143565162,125460.03467880457,1296555513.6199625
LUBARTOWSKI,1927,baseline,1383686074.8758729,1383544447.3357584,219578.0377942648,77950.4976798971,77950.4976798971,141627.54011436767,1383466496.8380785
LUBAWSKI,1927,baseline,1463854883.210439,1463574932.370931,293817.0732809898,13866.233772943291,13866.233772943291,279950.83950804645,1463561066.137158
LUBELSKI,1927,baseline,1407007386.5062985,1406654354.2968652,402720.70054968446,49688.491116354664,49688.491116354664,353032.2094333298,1406604665.805749
LUBLINIECKI,1927,baseline,1721018220.5029175,1720730794.3894353,342360.68549133086,54934.572009157506,54934.572009157506,287426.11348217336,1720675859.8174262
LUBOMELSKI,1927,baseline,1316857633.5461478,1316811194.8898003,67521.3462154028,21082.68986799678,21082.68986799678,46438.65634740601,1316790112.1999323
LWOWSKI,1927,baseline,1355337721.6362882,1355131428.1988502,2429632.13116082,2223338.6937227543,2223338.6937227543,206293.4374380655,1352908089.5051274
LWÓW (MIASTO),1927,baseline,1388647766.8558216,1361784924.0079834,27734981.749190457,872138.9013523993,872138.9013523993,26862842.84783806,1360912785.106631
M. ST. WARSZAWA,1927,baseline,1598168569.2436776,1502976519.2366908,95420311.65702412,228261.65003727784,228261.65003727784,95192050.00698684,1502748257.5866535
MAKOWSKI (MAKÓW MAZOWIECKI),1927,baseline,1390106233.7026083,1389965967.6875591,157459.9499039426,17193.934854706393,17193.934854706393,140266.0150492362,1389948773.7527044
MIECHOWSKI,1927,baseline,1550105537.4883535,1549887591.546543,250208.2260761169,32262.28426563191,32262.28426563191,217945.94181048498,1549855329.2622774
MIELECKI,1927,baseline,1445144866.2551925,1444996870.048005,189324.12210688036,41327.91491948215,41327.91491948215,147996.2071873982,1444955542.1330857
MIĘDZYCHODZKI,1927,baseline,1889127368.8634524,1888928955.833835,222779.1352858631,24366.105668344357,24366.105668344357,198413.02961751874,1888904589.7281666
MIŃSKI,1927,baseline,1460319658.131376,1460111589.2256742,356304.90899596165,148236.0032939603,148236.0032939603,208068.90570200136,1459963353.2223802
MOGILEŃSKI,1927,baseline,1681957191.2121553,1681642411.2575488,363915.58243741473,49135.62783103406,49135.62783103406,314779.95460638066,1681593275.6297178
MORSKI,1927,baseline,1354952209.9892194,1354757478.1075382,199807.09763687392,5075.215955838647,5075.215955838647,194731.88168103527,1354752402.8915825
MOŁODECZAŃSKI,1927,baseline,1130860977.1879256,1130774682.6842234,99726.3195121375,13431.815809981892,13431.815809981892,86294.5037021556,1130761250.8684134
MOŚCISKI,1927,baseline,1364051812.4444988,1363864406.059018,218835.79654136917,31429.411060549945,31429.411060549945,187406.3854808192,1363832976.6479573
MYŚLENICKI,1927,baseline,1502742260.0164459,1502505559.1288018,269543.47690725664,32842.58926308982,32842.58926308982,236700.88764416683,1502472716.5395386
MŁAWSKI,1927,baseline,1454907635.1577806,1454730220.6146734,210139.34563891354,32724.80253169731,32724.80253169731,177414.54310721622,1454697495.8121417
NADWÓRNIAŃSKI,1927,baseline,1316205945.977577,1316123105.6325116,104624.62496771374,21784.27990240577,21784.27990240577,82840.34506530796,1316101321.3526092
NIESZAWSKI,1927,baseline,1600612480.9504101,1600361268.0465596,299445.27449244214,48232.37064196631,48232.37064196631,251212.90385047582,1600313035.6759176
NIEŚWIESKI,1927,baseline,1183036344.605192,1182925985.2294083,121792.20209798179,11432.826314287957,11432.826314287957,110359.37578369383,1182914552.403094
NIŻAŃSKI,1927,baseline,1420333522.8646889,1420199395.577021,158826.1209305451,24698.833262378677,24698.833262378677,134127.28766816642,1420174696.7437584
NOWOGRÓDZKI,1927,baseline,1176226947.9883304,1176161883.2864382,77514.85909646051,12450.157204384817,12450.157204384817,65064.70189207569,1176149433.1292338
NOWOSĄDECKI,1927,baseline,1460485954.4968965,1460332555.643609,184305.95510395567,30907.101816377057,30907.101816377057,153398.85328757862,1460301648.5417926
NOWOTARSKI,1927,baseline,1500494620.108038,1500367504.1971407,157702.891768068,30586.98087072356,30586.98087072356,127115.91089734442,1500336917.21627
NOWOTOMYSKI,1927,baseline,1961191179.3645866,1960882092.119442,341263.78462095885,32176.539476474827,32176.539476474827,309087.24514448404,1960849915.5799656
OBORNICKI,1927,baseline,1798069616.2015855,1797877567.9861324,281336.9448730602,89288.72941993624,89288.72941993624,192048.215453124,1797788279.2567124
OLKUSKI,1927,baseline,1616334294.0260408,1616107946.8819783,268725.35582952417,42378.21176698171,42378.21176698171,226347.14406254247,1616065568.6702113
OPATOWSKI,1927,baseline,1472338372.9445705,1472112197.7733486,259140.7417444432,32965.57052259827,32965.57052259827,226175.1712218449,1472079232.202826
OPOCZYŃSKI,1927,baseline,1531481923.6799388,1531350785.4348843,195431.1106189218,64292.86556431647,64292.86556431647,131138.24505460533,1531286492.56932
OSTROWSKI (OSTRÓW MAZOWIECKA),1927,baseline,1386740519.994756,1386629349.210504,150589.9390924769,39419.154840379015,39419.154840379015,111170.7842520979,1386589930.0556636
OSTROWSKI (OSTRÓW WIELKOPOLSKI),1927,baseline,1759803783.5848064,1759504699.5368352,341633.8418749759,42549.79390378231,42549.79390378231,299084.04797119356,1759462149.7429314
OSTROŁĘCKI,1927,baseline,1364293275.4387617,1364198673.5023706,125039.81255348181,30437.87616234754,30437.87616234754,94601.93639113427,1364168235.6262083
OSZMIAŃSKI,1927,baseline,1094096599.9563668,1094028644.9085538,72459.70261423758,4504.654801462089,4504.654801462089,67955.04781277549,1094024140.2537525
PIOTRKOWSKI,1927,baseline,1559437350.3145516,1559228962.8719873,266823.34574515617,58435.90318089779,58435.90318089779,208387.44256425838,1559170526.9688065
PIŃCZOWSKI,1927,baseline,1504069127.888454,1503843304.0857716,251019.59745300197,25195.794770704375,25195.794770704375,225823.8026822976,1503818108.2910008
PIŃSKI,1927,baseline,1217162337.1414258,1217119586.6488793,51821.6381450834,9071.145598491763,9071.145598491763,42750.49254659164,1217110515.5032809
PODHAJECKI,1927,baseline,1305449339.0060384,1305316811.435264,165641.22317946044,33113.65240534819,33113.65240534819,132527.57077411225,1305283697.7828588
POSTAWSKI,1927,baseline,1094249548.9097052,1094206576.4128463,50327.430313276214,7354.933454573036,7354.933454573036,42972.496858703176,1094199221.4793918
POZNAŃ (MIASTO),1927,baseline,1915315003.070128,1887691387.390333,29092594.169697832,1468978.4899026512,1468978.4899026512,27623615.67979518,1886222408.9004302
POZNAŃSKI,1927,baseline,1876770054.3590693,1876518576.1419282,3512979.8978879326,3261501.6807467625,3261501.6807467625,251478.21714116988,1873257074.4611814
PRUŻAŃSKI,1927,baseline,1284483237.7328224,1284425790.3750486,70299.29546826193,12851.937694651628,12851.937694651628,57447.357773610296,1284412938.437354
PRZASNYCKI,1927,baseline,1326260607.2195668,1326135998.800546,138818.38211783973,14209.963096892707,14209.963096892707,124608.41902094703,1326121788.837449
PRZEMYSKI,1927,baseline,1394458698.9937453,1394179982.078727,321370.0718167564,42653.15679845901,42653.15679845901,278716.9150182974,1394137328.9219286
PRZEMYŚLAŃSKI,1927,baseline,1326569074.2119172,1326402643.9264257,199676.79313347867,33246.507641998396,33246.507641998396,166430.2854914803,1326369397.4187837
PRZEWORSKI,1927,baseline,1408467542.5277574,1408035116.0934772,478804.13139241264,46377.697112317306,46377.697112317306,432426.43428009533,1407988738.396365
PSZCZYŃSKI,1927,baseline,1693830029.7442145,1693283656.2099109,751916.3624859513,205542.82818223958,205542.82818223958,546373.5343037117,1693078113.3817286
PUŁAWSKI,1927,baseline,1399917029.2736225,1399732098.0467658,218689.56393194277,33758.33707530161,33758.33707530161,184931.22685664115,1399698339.7096906
PUŁTUSKI,1927,baseline,1418883645.506413,1418717092.388682,222351.09212296325,55797.974391854514,55797.974391854514,166553.11773110874,1418661294.41429
PŁOCKI,1927,baseline,1521706907.8507717,1521385948.3778536,364470.93440412066,43511.46148604053,43511.46148604053,320959.47291808017,1521342436.9163675
PŁOŃSKI,1927,baseline,1402606269.0825856,1402417724.2229474,240693.0186063807,52148.15896818555,52148.15896818555,188544.85963819516,1402365576.0639791
RADOMSKI,1927,baseline,1471864698.0012202,1471707301.2785003,190392.43308868882,32995.71036896695,32995.71036896695,157396.72271972187,1471674305.5681314
RADOMSZCZAŃSKI,1927,baseline,1559767609.0828497,1559618485.5834439,200937.07207598156,51813.57267018928,51813.57267018928,149123.49940579227,1559566672.0107737
RADZIECHOWSKI,1927,baseline,1276339872.3067536,1276215352.09891,138610.9697096017,14090.761865997767,14090.761865997767,124520.20784360393,1276201261.337044
RADZYMIŃSKI,1927,baseline,1463050354.6351044,1462828504.3056912,471451.9070389884,249601.5776257146,249601.5776257146,221850.32941327378,1462578902.7280655
RADZYŃSKI,1927,baseline,1399528672.494983,1399399485.662706,166847.0859169877,37660.25363991611,37660.25363991611,129186.83227707159,1399361825.409066
RAWICKI,1927,baseline,1816279496.2631438,1815815005.050483,519578.16201252124,55086.94935173747,55086.94935173747,464491.2126607838,1815759918.1011312
RAWSKI (RAWA MAZOWIECKA),1927,baseline,1518416437.5126534,1518239137.7838025,229257.16252045633,51957.43366957095,51957.43366957095,177299.72885088538,1518187180.350133
RAWSKI (RAWA RUSKA),1927,baseline,1332045599.0618787,1331932781.2257679,138769.68358879702,25951.84747797443,25951.84747797443,112817.8361108226,1331906829.37829
ROHATYŃSKI,1927,baseline,1319011461.1103616,1318872287.9096034,169937.59584548953,30764.395087303397,30764.395087303397,139173.20075818614,1318841523.514516
ROPCZYCKI,1927,baseline,1466385472.460884,1466214389.7571301,215776.63765707353,44693.93390319305,44693.93390319305,171082.7037538805,1466169695.823227
RUDECKI,1927,baseline,1348411617.5361712,1348204561.037126,247697.17902750173,40640.67998239529,40640.67998239529,207056.49904510644,1348163920.3571436
RYBNICKI,1927,baseline,1624960429.3391292,1624171888.0698156,863627.1808631892,75085.91154955332,75085.91154955332,788541.2693136359,1624096802.158266
RYPIŃSKI,1927,baseline,1313214325.216534,1312980660.169802,252436.19988892647,18771.153157030745,18771.153157030745,233665.0467318957,1312961889.016645
RZESZOWSKI,1927,baseline,1428757843.8749642,1428496461.7642095,291066.16325390065,29684.052498966994,29684.052498966994,261382.11075493367,1428466777.7117105
RÓWIEŃSKI,1927,baseline,1225293842.380291,1225169742.5597296,139528.54950730913,15428.72894607755,15428.72894607755,124099.82056123158,1225154313.8307836
SAMBORSKI,1927,baseline,1371071980.6881728,1370890252.7619336,234482.11356829753,52754.18732902732,52754.18732902732,181727.9262392702,1370837498.5746045
SANDOMIERSKI,1927,baseline,1431448379.7633152,1431220469.0570548,242426.51471814184,14515.80845769303,14515.80845769303,227910.70626044882,1431205953.2485971
SANOCKI,1927,baseline,1365628923.6820426,1365470117.84001,175311.45685158833,16505.614818864295,16505.614818864295,158805.84203272403,1365453612.225191
SARNEŃSKI,1927,baseline,1209078791.2189949,1209051083.9540203,38357.08304242776,10649.81806778668,10649.81806778668,27707.26497464108,1209040434.1359525
SIEDLECKI,1927,baseline,1422057413.04065,1421897572.267004,212563.030352171,52722.25670612343,52722.25670612343,159840.77364604754,1421844850.0102978
SIERADZKI,1927,baseline,1639671469.4799488,1639444451.8631327,300850.3061528109,73832.68933676976,73832.68933676976,227017.61681604118,1639370619.173796
SIERPECKI,1927,baseline,1338954972.3017764,1338741370.7262135,237458.32572604128,23856.75016313371,23856.75016313371,213601.57556290756,1338717513.9760504
SKAŁACKI,1927,baseline,1245607259.5177736,1245423962.7126384,196472.91076658838,13176.1056313018,13176.1056313018,183296.8051352866,1245410786.607007
SKIERNIEWICKI,1927,baseline,1568063962.279305,1567816398.5139987,375965.85617870063,128402.09087242202,128402.09087242202,247563.7653062786,1567687996.4231262
SOCHACZEWSKI,1927,baseline,1527455711.8166962,1527221437.5621703,325499.8828456142,91225.62831984335,91225.62831984335,234274.25452577084,1527130211.9338505
SOKALSKI,1927,baseline,1307537163.034407,1307392070.4214702,164624.26093495282,19531.64799844252,19531.64799844252,145092.6129365103,1307372538.7734718
SOKOŁOWSKI,1927,baseline,1399319083.5517561,1399176973.1426237,197687.50541477936,55577.096282337145,55577.096282337145,142110.4091324422,1399121396.0463414
SOKÓLSKI,1927,baseline,1307181081.9605453,1307102202.44523,104761.21002928539,25881.694714179845,25881.694714179845,78879.51531510554,1307076320.750516
STANISŁAWOWSKI,1927,baseline,1338563523.9511774,1338329572.6182926,269460.74912780337,35509.41624312709,35509.41624312709,233951.33288467626,1338294063.2020495
STAROGARDZKI,1927,baseline,1493160902.5138073,1492935553.8590481,246321.75313331626,20973.09837413205,20973.09837413205,225348.65475918422,1492914580.760674
STOLIŃSKI,1927,baseline,1176697551.7362661,1176671902.046124,33800.20406498739,8150.513922830033,8150.513922830033,25649.690142157353,1176663751.532201
STOPNICKI,1927,baseline,1420253231.3218107,1420106823.7986763,160121.49797150725,13713.974837018717,13713.974837018717,146407.52313448853,1420093109.8238392
STOŁPECKI,1927,baseline,1159964916.100559,1159878257.258722,93364.20379470731,6705.3619578628695,6705.3619578628695,86658.84183684444,1159871551.8967643
STRYJSKI,1927,baseline,1333161740.0246012,1333048168.615642,148644.80319387023,35073.39423468108,35073.39423468108,113571.40895918917,1333013095.2214074
SUWALSKI,1927,baseline,1205836635.1199648,1205739963.6102555,106741.7847585643,10070.275049180771,10070.275049180771,96671.50970938354,1205729893.3352063
SZAMOTULSKI,1927,baseline,1824023402.521264,1823792123.295724,274121.2359027165,42842.01036257268,42842.01036257268,231279.22554014387,1823749281.2853613
SZCZUCZYŃSKI (WOJ. BIAŁOSTOCKIE),1927,baseline,1294966145.5549247,1294861298.695286,116513.31838232499,11666.458743502468,11666.458743502468,104846.85963882251,1294849632.2365425
SZCZUCZYŃSKI (WOJ. NOWOGRÓDZKIE),1927,baseline,1240463473.417125,1240415830.0059288,59864.258191955625,12220.846995865064,12220.846995865064,47643.411196090565,1240403609.158933
SZUBIŃSKI,1927,baseline,1676290392.6598248,1676087631.1601062,271581.4314843172,68819.93176545782,68819.93176545782,202761.49971885936,1676018811.2283406
SĘPOLEŃSKI,1927,baseline,1602132870.0643055,1601861217.1952698,308273.71922190016,36620.85018609329,36620.85018609329,271652.86903580686,1601824596.3450837
SŁONIMSKI,1927,baseline,1234895961.2740932,1234835059.1344352,75751.14345042515,14849.003792596552,14849.003792596552,60902.13965782859,1234820210.1306427
TARNOBRZESKI,1927,baseline,1447423833.764463,1447249330.9821591,202088.78774639213,27586.00544267554,27586.00544267554,174502.78230371658,1447221744.9767165
TARNOGÓRSKI,1927,baseline,1754125756.5855067,1752546515.2648323,1821580.2177436852,242338.89706914316,242338.89706914316,1579241.320674542,1752304176.367763
TARNOPOLSKI,1927,baseline,1282758293.8347611,1282584930.4967897,207643.84250803644,34280.504536656525,34280.504536656525,173363.33797137992,1282550649.992253
TARNOWSKI,1927,baseline,1494393443.1198895,1494117297.6633492,348663.9672198087,72518.51067938146,72518.51067938146,276145.4565404273,1494044779.1526697
TCZEWSKI,1927,baseline,1471777396.3640487,1471359824.497403,432029.90650355315,14458.039857675196,14458.039857675196,417571.86664587795,1471345366.4575453
TOMASZOWSKI,1927,baseline,1285850154.375315,1285677487.1132002,189352.81801712705,16685.55590246529,16685.55590246529,172667.26211466175,1285660801.5572977
TORUŃSKI,1927,baseline,1607574707.2085865,1607198292.392135,429894.8999558375,53480.08350425225,53480.08350425225,376414.81645158527,1607144812.3086307
TREMBOWELSKI,1927,baseline,1277316775.6798184,1277119391.3449168,232455.55493606144,35071.22003468683,35071.22003468683,197384.33490137462,1277084320.1248822
TUCHOLSKI,1927,baseline,1553172226.6480622,1552991325.7444258,214234.56360727994,33333.659970735964,33333.659970735964,180900.90363654398,1552957992.084455
TURCZAŃSKI,1927,baseline,1322529588.8053293,1322449271.4313579,98181.16499669332,17863.791025095376,17863.791025095376,80317.37397159795,1322431407.6403327
TURECKI,1927,baseline,1590208961.8633988,1590045976.0537357,177592.02920836155,14606.21954526554,14606.21954526554,162985.809663096,1590031369.8341904
TŁUMACKI,1927,baseline,1317583938.9438357,1317419771.0731132,204919.35004853999,40751.47932606794,40751.47932606794,164167.87072247203,1317379019.5937872
WADOWICKI,1927,baseline,1580785684.6381555,1580508599.0772884,369548.02959867235,92462.46873155434,92462.46873155434,277085.560867118,1580416136.6085567
WARSZAWSKI,1927,baseline,1496519893.8423438,1496126154.8476663,1606979.1053562968,1213240.1106786644,1213240.1106786644,393738.9946776324,1494912914.7369876
WIELUŃSKI,1927,baseline,1713451229.371904,1713332359.7118511,134186.62698683405,15316.96693389476,15316.96693389476,118869.66005293927,1713317042.7449172
WILEJSKI,1927,baseline,1117613817.1259756,1117564541.0184896,59181.15940587141,9905.051919819507,9905.051919819507,49276.10748605191,1117554635.9665697
WILEŃSKO-TROCKI,1927,baseline,1174730256.2226763,1174689184.270048,123176.12363864474,82104.1710103646,82104.1710103646,41071.95262828014,1174607080.0990376
WILNO (MIASTO),1927,baseline,1194215095.8647764,1186449441.6302874,7858495.275066471,92841.0405773803,92841.0405773803,7765654.234489091,1186356600.58971
WOLSZTYŃSKI,1927,baseline,2005824295.3523352,2005602447.194499,272041.22136270255,50193.063526491285,50193.063526491285,221848.15783621123,2005552254.1309726
WOŁKOWYSKI,1927,baseline,1292426251.1116645,1292367196.7129807,75718.14105598717,16663.742372360535,16663.742372360535,59054.39868362664,1292350532.9706085
WOŁOŻYŃSKI,1927,baseline,1133370681.7325256,1133303461.245429,73902.94699205217,6682.459895630947,6682.459895630947,67220.48709642122,1133296778.7855334
WRZESIŃSKI,1927,baseline,1786106560.6899402,1785767940.021715,417377.9338094138,78757.26558421015,78757.26558421015,338620.66822520364,1785689182.7561307
WYRZYSKI,1927,baseline,1637262371.887079,1637039121.5105014,264115.51057256415,40865.13399507096,40865.13399507096,223250.3765774932,1636998256.3765063
WYSOKOMAZOWIECKI,1927,baseline,1348858570.0915446,1348743300.465692,147519.3835001041,32249.757647602128,32249.757647602128,115269.62585250198,1348711050.7080445
WĄBRZESKI,1927,baseline,1554481132.781241,1554209798.1914363,314879.67499579844,43545.08519130376,43545.08519130376,271334.5898044947,1554166253.106245
WĄGROWIECKI,1927,baseline,1755764435.297664,1755567483.0454648,262625.8371330918,65673.58493411395,65673.58493411395,196952.25219897786,1755501809.4605308
WĘGROWSKI,1927,baseline,1380986372.9459279,1380843177.7744331,185791.92815729446,42596.75666257563,42596.75666257563,143195.17149471884,1380800581.0177705
WŁOCŁAWSKI,1927,baseline,1591627790.6044939,1591205140.7937734,474196.93674836634,51547.12602783342,51547.12602783342,422649.8107205329,1591153593.6677456
WŁODAWSKI,1927,baseline,1324856503.508748,1324773564.6233118,101115.575891471,18176.690455088217,18176.690455088217,82938.88543638278,1324755387.9328566
WŁODZIMIERSKI,1927,baseline,1303093610.7824063,1302997046.4372315,119174.97359767632,22610.628422949772,22610.628422949772,96564.34517472655,1302974435.8088086
WŁOSZCZOWSKI,1927,baseline,1481099777.585256,1480954741.114701,170754.43913324602,25717.968578036845,25717.968578036845,145036.47055520918,1480929023.146123
ZALESZCZYCKI,1927,baseline,1277912762.4845169,1277711084.2839952,221141.28994237183,19463.089420439574,19463.089420439574,201678.20052193227,1277691621.1945746
ZAMOJSKI,1927,baseline,1355223970.494249,1355018830.0760624,243854.2110556549,38713.79286904638,38713.79286904638,205140.4181866085,1354980116.2831933
ZBARASKI,1927,baseline,1262631212.151003,1262449904.853718,211551.33582804323,30244.038543337287,30244.038543337287,181307.29728470594,1262419660.8151748
ZBOROWSKI,1927,baseline,1275084506.2408803,1274917635.2598944,189947.51288783978,23076.531902011393,23076.531902011393,166870.98098582838,1274894558.7279923
ZDOŁBUNOWSKI,1927,baseline,1217541876.495657,1217383990.9567006,171382.03678353858,13496.497827007877,13496.497827007877,157885.5389565307,1217370494.4588735
ZŁOCZOWSKI,1927,baseline,1293380825.2901437,1293237968.797296,171959.4034208443,29102.910573344398,29102.910573344398,142856.4928474999,1293208865.8867228
ŁASKI,1927,baseline,1598467610.6671216,1598216896.9359052,342420.26626410504,91706.53504776712,91706.53504776712,250713.7312163379,1598125190.4008574
ŁAŃCUCKI,1927,baseline,1409770706.4605513,1409552062.73467,245086.04154297785,26442.31566163141,26442.31566163141,218643.72588134644,1409525620.4190083
ŁOMŻYŃSKI,1927,baseline,1337099790.3146298,1336974571.8324006,145356.03010348647,20137.5478743007,20137.5478743007,125218.48222918576,1336954434.2845263
ŁOWICKI,1927,baseline,1580588657.1669483,1580348030.7264106,372737.48763403646,132111.04709633236,132111.04709633236,240626.44053770407,1580215919.6793144
ŁUCKI,1927,baseline,1245111866.2109709,1245053777.6819932,70225.41309947477,12136.884121968258,12136.884121968258,58088.52897750651,1245041640.7978714
ŁUKOWSKI,1927,baseline,1414016300.8300688,1413894159.4426897,168492.96424907618,46351.576869864206,46351.576869864206,122141.38737921197,1413847807.8658197
ŁUNINIECKI,1927,baseline,1189154014.532867,1189126364.0484247,37153.24384824039,9502.759406200463,9502.759406200463,27650.484442039928,1189116861.2890186
ŁÓDZKI,1927,baseline,1599743292.143125,1599243419.9522061,1015945.2650853253,516073.0741663371,516073.0741663371,499872.1909189882,1598727346.8780398
ŁÓDŹ (MIASTO),1927,baseline,1692672438.8432586,1589451729.824941,103371829.93990417,151120.92158660866,151120.92158660866,103220709.01831757,1589300608.9033544
ŁĘCZYCKI,1927,baseline,1610004725.050104,1609727547.6816308,423289.4795525898,146112.11107956062,146112.11107956062,277177.36847302923,1609581435.5705514
ŚNIATYŃSKI,1927,baseline,1336530584.847397,1336261121.509722,284902.3160097624,15438.978334741789,15438.978334741789,269463.3376750206,1336245682.5313873
ŚREDZKI,1927,baseline,1811284952.0462613,1811017143.9416587,354182.9769611551,86374.87235852682,86374.87235852682,267808.1046026283,1810930769.0693002
ŚREMSKI,1927,baseline,1782805602.3403957,1782589242.4393969,265366.7292820171,49006.828283098526,49006.828283098526,216359.9009989186,1782540235.6111138
ŚWIECKI,1927,baseline,1560530645.9385767,1560367886.662731,212068.5077840979,49309.23193841987,49309.23193841987,162759.27584567803,1560318577.4307926
ŚWIĘCIAŃSKI,1927,baseline,1138248765.1787646,1138201796.5159326,54711.85050477579,7743.187672839933,7743.187672839933,46968.66283193586,1138194053.3282597
ŚWIĘTOCHŁOWICKI,1927,baseline,1773996379.605386,1756470162.5617125,18414112.859652106,887895.8159785117,887895.8159785117,17526217.043673594,1755582266.745734
ŻNIŃSKI,1927,baseline,1700283561.7862046,1700021450.9509418,330696.09967011854,68585.2644074003,68585.2644074003,262110.8352627182,1699952865.6865344
ŻYDACZOWSKI,1927,baseline,1330329105.7858372,1330192161.2037537,175238.15765952476,38293.57557599918,38293.57557599918,136944.58208352557,1330153867.6281776
ŻYWIECKI,1927,baseline,1588705407.530593,1588444605.624828,341232.65622617106,80430.75046145519,80430.75046145519,260801.9057647159,1588364174.8743668
ŻÓŁKIEWSKI,1927,baseline,1334739958.4702082,1334593917.7925093,221012.43711431546,74971.7594153988,74971.7594153988,146040.67769891664,1334518946.033094
AUGUSTOWSKI,1928,baseline,1264668402.7343736,1264582148.1572795,103380.85300306765,17126.275908886542,17126.275908886542,86254.5770941811,1264565021.8813705
BARANOWICKI,1928,baseline,1253007629.571325,1252927591.6701021,106386.14951393887,26348.248290939846,26348.248290939846,80037.90122299902,1252901243.421811
BIALSKI (BIAŁA KRAKOWSKA),1928,baseline,1680279647.075582,1679262095.4485312,1171124.5919785753,153572.96492763312,153572.96492763312,1017551.6270509422,1679108522.4836035
BIALSKI (BIAŁA PODLASKA),1928,baseline,1421802830.2299743,1421644634.812309,197202.6415080591,39007.22384290058,39007.22384290058,158195.41766515854,1421605627.5884662
BIAŁOSTOCKI,1928,baseline,1392099218.030637,1391935104.034309,201028.89749218445,36914.90116408374,36914.90116408374,164113.9963281007,1391898189.1331449
BIELSKI (BIELSK PODLASKI),1928,baseline,1384889498.2188778,1384834261.9814057,84677.50302544882,29441.26555351449,29441.26555351449,55236.237471934335,1384804820.7158523
BIELSKO,1928,baseline,1676286729.7703204,1672570488.8987677,3852814.2528576255,136573.38130497883,136573.38130497883,3716240.8715526466,1672433915.5174627
BIŁGORAJSKI,1928,baseline,1365093148.9878902,1364962887.3697648,159652.92172247724,29391.30359697825,29391.30359697825,130261.618125499,1364933496.0661678
BOCHEŃSKI,1928,baseline,1593387782.143244,1593148899.384714,338272.42451550736,99389.66598528865,99389.66598528865,238882.7585302187,1593049509.7187285
BORSZCZOWSKI,1928,baseline,1252561750.027583,1252366393.781529,204228.56555049203,8872.31949659976,8872.31949659976,195356.24605389228,1252357521.4620323
BRASŁAWSKI,1928,baseline,1123164645.6240199,1123122510.900769,45537.61655514028,3402.8933042395156,3402.8933042395156,42134.723250900766,1123119108.0074646
BRODNICKI,1928,baseline,1580923742.6812541,1580573158.8499703,387300.03096599464,36716.19968223763,36716.19968223763,350583.831283757,1580536442.650288
BRODZKI,1928,baseline,1315436150.9604838,1315248528.3178704,206688.9612635466,19066.318650361423,19066.318650361423,187622.6426131852,1315229461.9992201
BRZESKI (BRZESKO),1928,baseline,1523328994.3661973,1523050699.6567428,349767.33695419156,71472.62749957714,71472.62749957714,278294.70945461444,1522979227.0292432
BRZESKI (BRZEŚĆ N.BUG.),1928,baseline,1405491681.223297,1405411319.5055225,117285.92238333303,36924.20460858298,36924.20460858298,80361.71777475005,1405374395.3009138
BRZEZIŃSKI,1928,baseline,1633606890.0068243,1633171680.7330482,646083.5910522433,210874.3172763181,210874.3172763181,435209.2737759252,1632960806.415772
BRZEŻAŃSKI,1928,baseline,1351794770.332625,1351634233.1903565,207502.91427884885,46965.77201028997,46965.77201028997,160537.14226855888,1351587267.4183462
BRZOZOWSKI,1928,baseline,1414605444.9952931,1414298986.3541713,328938.18801050464,22479.546888641067,22479.546888641067,306458.64112186356,1414276506.8072827
BUCZACKI,1928,baseline,1318340234.2085369,1318148162.508732,226206.34200846782,34134.6422035102,34134.6422035102,192071.6998049576,1318114027.8665285
BYDGOSKI,1928,baseline,1695772531.9763017,1695379968.3529608,449347.46081740694,56783.83747652045,56783.83747652045,392563.6233408865,1695323184.5154843
BÓBRECKI,1928,baseline,1365427475.5711222,1365192694.5895205,275724.4031525686,40943.421550632556,40943.421550632556,234780.98160193607,1365151751.1679697
BĘDZIŃSKI,1928,baseline,1749475468.9157324,1748500777.0588734,1046790.212899813,72098.35604086609,72098.35604086609,974691.8568589468,1748428678.7028325
BŁOŃSKI,1928,baseline,1574218558.1944482,1573673930.2487724,606931.5466923397,62303.6010165595,62303.6010165595,544627.9456757802,1573611626.6477559
CHEŁMIŃSKI,1928,baseline,1606504025.8382125,1606112430.347575,436581.48862703115,44985.99798945074,44985.99798945074,391595.4906375804,1606067444.3495855
CHEŁMSKI,1928,baseline,1406835844.080297,1406662122.8750956,217153.06117910653,43431.85597787393,43431.85597787393,173721.2052012326,1406618691.0191178
CHODZIESKI,1928,baseline,1761108646.7892437,1760871519.7005737,278147.9350717735,41020.846401774645,41020.846401774645,237127.0886699988,1760830498.854172
CHOJNICKI,1928,baseline,1598711789.0670674,1598595484.1077373,146793.06634634218,30488.10701624705,30488.10701624705,116304.95933009514,1598564996.000721
CHORZÓW,1928,baseline,1898652394.5326824,1816272549.6534398,84624854.90823115,2245010.0289886924,2245010.0289886924,82379844.87924246,1814027539.6244512
CHRZANOWSKI,1928,baseline,1709777332.5735986,1708995753.4299738,925752.8621186314,144173.71849387017,144173.71849387017,781579.1436247611,1708851579.71148
CIECHANOWSKI,1928,baseline,1503403748.9876933,1503122335.2448447,345885.96167895664,64472.218830364895,64472.218830364895,281413.74284859176,1503057863.0260143
CIESZYŃSKI,1928,baseline,1630874506.6578987,1630088395.1920478,898275.0573211974,112163.59147057158,112163.59147057158,786111.4658506258,1629976231.6005774
CZARNKOWSKI,1928,baseline,1758797211.0156684,1758555808.5503275,267837.20869034907,26434.743349668704,26434.743349668704,241402.46534068036,1758529373.806978
CZORTKOWSKI,1928,baseline,1310394368.9328089,1310078159.7370474,370001.28298366757,53792.08722240545,53792.08722240545,316209.19576126215,1310024367.649825
CZĘSTOCHOWSKI,1928,baseline,1622709996.8474963,1622354423.8907611,399824.216989004,44251.26025389055,44251.26025389055,355572.95673511346,1622310172.6305072
DOBROMILSKI,1928,baseline,1408802625.2819014,1408622524.949374,212548.6315307619,32448.299003372536,32448.299003372536,180100.33252738937,1408590076.6503706
DOLIŃSKI,1928,baseline,1370605723.9058845,1370526664.4911356,107070.87019384086,28011.455445022264,28011.455445022264,79059.4147488186,1370498653.0356905
DROHICKI,1928,baseline,1299733436.2065694,1299623226.4114914,127704.97277656275,17495.177698712705,17495.177698712705,110209.79507785004,1299605731.2337928
DROHOBYCKI,1928,baseline,1395087244.2597008,1394782354.581056,354820.4607911247,49930.78214653877,49930.78214653877,304889.6786445859,1394732423.7989097
DUBIEŃSKI,1928,baseline,1271379481.779327,1271281609.4338737,118381.68397756072,20509.33852444776,20509.33852444776,97872.34545311295,1271261100.0953493
DZIAŁDOWSKI,1928,baseline,1512878717.5231028,1512748791.7887263,151026.56028288594,21100.825906548478,21100.825906548478,129925.73437633747,1512727690.9628198
DZIŚNIEŃSKI,1928,baseline,1114650204.2544703,1114596662.1905935,60555.87750343892,7013.813626551812,7013.813626551812,53542.06387688711,1114589648.376967
DĄBROWSKI,1928,baseline,1515462408.3228464,1515251991.0721111,273399.6173904151,62982.366655172176,62982.366655172176,210417.25073524294,1515189008.705456
GARWOLIŃSKI,1928,baseline,1500511146.3690948,1500345559.970149,245073.50368596334,79487.10474025137,79487.10474025137,165586.398945712,1500266072.865409
GNIEŹNIEŃSKI,1928,baseline,1844756365.4642277,1844439029.513071,410664.16358677874,93328.21243019235,93328.21243019235,317335.9511565864,1844345701.3006408
GORLICKI,1928,baseline,1493260917.2069714,1493019292.496717,287551.79559847794,45927.08534401462,45927.08534401462,241624.71025446334,1492973365.411373
GOSTYNIŃSKI,1928,baseline,1610981249.2350056,1610662823.5736427,418879.9352863479,100454.2739232875,100454.2739232875,318425.6613630604,1610562369.2997193
GOSTYŃSKI,1928,baseline,1881636213.429983,1881266523.0966268,447589.3951994468,77899.06184328531,77899.06184328531,369690.33335616154,1881188624.0347834
GRODZIEŃSKI,1928,baseline,1312793602.937517,1312727035.1187832,85594.43248310518,19026.61374947331,19026.61374947331,66567.81873363187,1312708008.5050337
GRUDZIĄDZKI,1928,baseline,1596902766.0388522,1596326531.2727818,634102.5745140268,57867.808443551796,57867.808443551796,576234.766070475,1596268663.4643383
GRÓDECKI,1928,baseline,1373263431.806779,1373067802.511714,309487.4564171443,113858.16135211098,113858.16135211098,195629.29506503328,1372953944.3503618
GRÓJECKI,1928,baseline,1485752120.5229354,1485480844.8330493,436533.50228545495,165257.81239938107,165257.81239938107,271275.6898860739,1485315587.02065
HOROCHOWSKI,1928,baseline,1303339521.52825,1303190026.324868,157365.98721512104,7870.783833136146,7870.783833136146,149495.2033819849,1303182155.541035
HORODEŃSKI,1928,baseline,1321705649.1894987,1321407536.573304,320585.64354178833,22473.027347176412,22473.027347176412,298112.61619461194,1321385063.5459569
HRUBIESZOWSKI,1928,baseline,1349708391.143928,1349474248.020692,268505.0218456803,34361.89860958149,34361.89860958149,234143.1232360988,1349439886.1220825
INOWROCŁAWSKI,1928,baseline,1722785215.3639374,1722381547.8460546,474317.34471911634,70649.82683626424,70649.82683626424,403667.5178828521,1722310898.0192182
IWACEWICKI,1928,baseline,1279324044.584146,1279278777.9400475,60390.384043718026,15123.739945080539,15123.739945080539,45266.64409863749,1279263654.2001023
IŁŻECKI,1928,baseline,1514257994.772081,1514082114.4073362,219854.60450937826,43974.23976472965,43974.23976472965,175880.3647446486,1514038140.1675715
JANOWSKI,1928,baseline,1432816230.9900353,1432649845.9661822,205813.48345342797,39428.45960043387,39428.45960043387,166385.0238529941,1432610417.5065818
JAROCIŃSKI,1928,baseline,1830347890.9068036,1829893603.95902,519772.5069092708,65485.55912566757,65485.55912566757,454286.9477836033,1829828118.3998942
JAROSŁAWSKI,1928,baseline,1450140371.747174,1449970076.6350884,222786.28124313653,52491.16915753301,52491.16915753301,170295.11208560353,1449917585.465931
JASIELSKI,1928,baseline,1475411289.561491,1475204420.9915714,269938.6407420764,63070.07082255253,63070.07082255253,206868.56991952384,1475141350.920749
JAWOROWSKI,1928,baseline,1345138759.0027766,1344974867.4751837,203841.16823384352,39949.64064086522,39949.64064086522,163891.5275929783,1344934917.8345428
JĘDRZEJOWSKI,1928,baseline,1586821260.0970504,1586630869.7711864,250119.81640264657,59729.49053856731,59729.49053856731,190390.32586407926,1586571140.2806478
KALISKI,1928,baseline,1737760245.3371522,1737358216.2723396,429504.70627383,27475.641461075465,27475.641461075465,402029.0648127545,1737330740.6308784
KAMIONECKI,1928,baseline,1356413684.7879684,1356231038.6713285,236874.7423498932,54228.62571006753,54228.62571006753,182646.11663982566,1356176810.0456185
KARTUSKI,1928,baseline,1488388701.601669,1488254498.0625153,151811.6413546195,17608.10220064177,17608.10220064177,134203.53915397773,1488236889.9603145
KATOWICE,1928,baseline,1807174438.982298,1791574314.0531929,16228550.557840418,628425.6287352749,628425.6287352749,15600124.929105144,1790945888.4244576
KAŁUSKI,1928,baseline,1359561702.3029988,1359406770.7082784,180502.72634703215,25571.13162671447,25571.13162671447,154931.5947203177,1359381199.5766518
KIELECKI,1928,baseline,1570724369.710197,1570501336.0494835,271681.3258020392,48647.66508873327,48647.66508873327,223033.66071330593,1570452688.384395
KOBRYŃSKI,1928,baseline,1342067333.4309022,1341997441.0045016,94198.0462440839,24305.619843536006,24305.619843536006,69892.42640054789,1341973135.384658
KOLBUSZOWSKI,1928,baseline,1456301440.2221763,1456095274.0030944,233492.98198843343,27326.762906548887,27326.762906548887,206166.21908188454,1456067947.240188
KOLSKI,1928,baseline,1707040240.4536467,1706761859.362647,355114.4875082269,76733.39650866552,76733.39650866552,278381.09099956136,1706685125.9661384
KONECKI,1928,baseline,1577882145.0682278,1577703919.8539355,237637.1726798634,59411.95838753728,59411.95838753728,178225.21429232613,1577644507.8955479
KONIŃSKI,1928,baseline,1742346439.987601,1742079677.9427822,304605.26897244056,37843.22415362343,37843.22415362343,266762.0448188171,1742041834.7186286
KOPYCZYNIECKI,1928,baseline,1304135997.2005534,1303882166.927104,302342.5524718353,48512.27902240099,48512.27902240099,253830.2734494343,1303833654.6480815
KOSOWSKI (KOSÓW HUCULSKI),1928,baseline,1309280761.0780032,1309226143.6092691,67434.83332286606,12817.364588794742,12817.364588794742,54617.46873407133,1309213326.2446804
KOSTOPOLSKI,1928,baseline,1239696482.8582096,1239637267.2438667,77895.39453182329,18679.78018890881,18679.78018890881,59215.61434291447,1239618587.463678
KOSZYRSKI,1928,baseline,1230171857.67234,1230122589.9769244,55270.44305778147,6002.747642387048,6002.747642387048,49267.695415394424,1230116587.2292821
KOWELSKI,1928,baseline,1341707424.9481907,1341660387.6638942,68933.5698946043,21896.285597981474,21896.285597981474,47037.28429662283,1341638491.3782961
KOZIENICKI,1928,baseline,1481008366.9766695,1480880774.2135692,168967.603424403,41374.84032394478,41374.84032394478,127592.76310045824,1480839399.3732452
KOŁOMYJSKI,1928,baseline,1371484998.7482283,1371211019.4855506,307592.6327703427,33613.37009271939,33613.37009271939,273979.2626776233,1371177406.115458
KOŚCIAŃSKI,1928,baseline,1953356740.4703007,1952919109.0903182,540250.2772657396,102618.89728337683,102618.89728337683,437631.37998236285,1952816490.193035
KOŚCIERSKI,1928,baseline,1529939525.4191847,1529783116.7178314,178392.92617373966,21984.224820276064,21984.224820276064,156408.7013534636,1529761132.493011
KRAKOWSKI,1928,baseline,1640365232.244226,1639916585.902708,3284336.7686471064,2835690.427129346,2835690.427129346,448646.34151776053,1637080895.4755788
KRAKÓW (MIASTO),1928,baseline,1700588715.3837085,1638640232.5517132,63000933.888597585,1052451.0566021642,1052451.0566021642,61948482.83199542,1637587781.495111
KRASNOSTAWSKI,1928,baseline,1401188734.5168958,1400969911.512441,263612.9380224248,44789.933567492684,44789.933567492684,218823.00445493215,1400925121.5788734
KROTOSZYŃSKI,1928,baseline,1829852862.0005746,1829385148.109747,532100.7071587904,64386.8163312596,64386.8163312596,467713.8908275308,1829320761.2934158
KROŚNIEŃSKI,1928,baseline,1460087122.7435734,1459729355.8304794,400826.8360989188,43059.92300497829,43059.92300497829,357766.91309394053,1459686295.9074745
KRZEMIENIECKI,1928,baseline,1244124438.171909,1244002483.0079017,137225.21276303037,15270.048755760663,15270.048755760663,121955.16400726972,1243987212.959146
KUTNOWSKI,1928,baseline,1668680820.617159,1667932243.7289126,907466.0711364901,158889.18289028315,158889.18289028315,748576.8882462069,1667773354.5460224
KĘPIŃSKI,1928,baseline,1789975506.51699,1789628025.0633135,375030.02443191264,27548.570755565353,27548.570755565353,347481.4536763473,1789600476.492558
LESKI,1928,baseline,1369075988.6644351,1368959002.586022,129663.14366034736,12677.06524711231,12677.06524711231,116986.07841323504,1368946325.5207748
LESZCZYŃSKI,1928,baseline,1965444540.5576563,1965007492.824968,524271.65983313345,87223.92714499267,87223.92714499267,437047.73268814076,1964920268.897823
LIDZKI,1928,baseline,1247820677.3107655,1247759043.4924617,77565.9204631575,15932.10215918816,15932.10215918816,61633.81830396934,1247743111.3903024
LIMANOWSKI,1928,baseline,1527910648.20736,1527748868.2638438,201115.5350858814,39335.591569589895,39335.591569589895,161779.9435162915,1527709532.672274
LIPNOWSKI,1928,baseline,1359637543.3427138,1359403053.5053215,254091.02730358578,19601.18991135065,19601.18991135065,234489.83739223515,1359383452.3154101
LUBACZOWSKI,1928,baseline,1334233918.7078,1334085909.1671531,163858.06016216133,15848.519515237273,15848.519515237273,148009.54064692406,1334070060.6476378
LUBARTOWSKI,1928,baseline,1428010366.2938855,1427849737.6910698,253877.29871807905,93248.69590227623,93248.69590227623,160628.60281580282,1427756488.9951675
LUBAWSKI,1928,baseline,1517452049.0526414,1517145338.7326627,323676.31183490576,16965.991856092292,16965.991856092292,306710.31997881347,1517128372.7408066
LUBELSKI,1928,baseline,1452242605.5440392,1451819250.2546823,481797.85664982046,58442.56729298622,58442.56729298622,423355.28935683426,1451760807.6873894
LUBLINIECKI,1928,baseline,1783393994.9071476,1783008318.1802423,451510.14221446053,65833.41530914584,65833.41530914584,385676.7269053147,1782942484.764933
LUBOMELSKI,1928,baseline,1357451838.9131327,1357400283.235628,77120.69197975428,25565.01447497562,25565.01447497562,51555.67750477866,1357374718.221153
LWOWSKI,1928,baseline,1393884054.177273,1393634427.687434,2690785.804712633,2441159.314873541,2441159.314873541,249626.4898390923,1391193268.3725605
LWÓW (MIASTO),1928,baseline,1429920445.4708068,1400468522.6141474,30508309.87057799,1056387.0139185279,1056387.0139185279,29451922.856659465,1399412135.6002288
M. ST. WARSZAWA,1928,baseline,1664529861.736521,1555200200.485391,109609261.63653697,279600.385406983,279600.385406983,109329661.25112998,1554920600.099984
MAKOWSKI (MAKÓW MAZOWIECKI),1928,baseline,1438985804.958445,1438817391.5230882,188789.6168012502,20376.181444392445,20376.181444392445,168413.43535685775,1438797015.3416438
MIECHOWSKI,1928,baseline,1604080986.0915167,1603816879.3746815,302584.29904958955,38477.58221426479,38477.58221426479,264106.71683532477,1603778401.792467
MIELECKI,1928,baseline,1491922253.0641716,1491739646.515759,234438.1783534098,51831.62994086321,51831.62994086321,182606.5484125466,1491687814.8858182
MIĘDZYCHODZKI,1928,baseline,1962505876.1960144,1962300133.2994153,234321.37844249766,28578.481843386653,28578.481843386653,205742.896599111,1962271554.8175719
MIŃSKI,1928,baseline,1510062906.939573,1509827075.979417,409207.5835802742,173376.62342429612,173376.62342429612,235830.96015597807,1509653699.3559928
MOGILEŃSKI,1928,baseline,1746259687.7748685,1745867433.1092188,449251.36705473193,56996.70140515139,56996.70140515139,392254.66564958054,1745810436.4078138
MORSKI,1928,baseline,1409719670.5448613,1409502268.3560538,223797.83373539048,6395.644928066091,6395.644928066091,217402.1888073244,1409495872.7111259
MOŁODECZAŃSKI,1928,baseline,1166341009.2864664,1166184294.4322805,173658.90412423093,16944.049938356555,16944.049938356555,156714.85418587437,1166167350.382342
MOŚCISKI,1928,baseline,1404742091.4889812,1404491851.9629366,287290.2584520664,37050.73240749414,37050.73240749414,250239.52604457227,1404454801.230529
MYŚLENICKI,1928,baseline,1553089507.7365248,1552825146.082014,303628.46784127865,39266.813330613615,39266.813330613615,264361.65451066504,1552785879.2686834
MŁAWSKI,1928,baseline,1507051795.2337506,1506842514.3227835,247821.88329725116,38540.97233011541,38540.97233011541,209280.91096713574,1506803973.3504534
NADWÓRNIAŃSKI,1928,baseline,1349210686.375393,1349105455.3244379,132703.44862490514,27472.39766975812,27472.39766975812,105231.05095514703,1349077982.926768
NIESZAWSKI,1928,baseline,1660282735.2788274,1659981899.4389255,357220.0030309626,56384.16312912602,56384.16312912602,300835.8399018366,1659925515.2757964
NIEŚWIESKI,1928,baseline,1220084064.931336,1219920393.1298506,179327.85740828543,15656.055922970983,15656.055922970983,163671.80148531444,1219904737.0739276
NIŻAŃSKI,1928,baseline,1465577596.7894118,1465417874.1258433,191014.75247926055,31292.08891087142,31292.08891087142,159722.66356838914,1465386582.0369325
NOWOGRÓDZKI,1928,baseline,1212936945.9943728,1212845126.255732,108040.92589653035,16221.187255788,16221.187255788,91819.73864074235,1212828905.0684762
NOWOSĄDECKI,1928,baseline,1507677655.2255414,1507504482.5827723,211019.5454007658,37846.90263175345,37846.90263175345,173172.64276901237,1507466635.6801405
NOWOTARSKI,1928,baseline,1550598721.378479,1550450872.2958949,184198.7006980082,36349.618113849574,36349.618113849574,147849.08258415863,1550414522.677781
NOWOTOMYSKI,1928,baseline,2030678722.0998142,2030329525.948284,386606.7053492255,37410.55381897528,37410.55381897528,349196.1515302502,2030292115.394465
OBORNICKI,1928,baseline,1867557685.3581388,1867330438.5705905,332664.3031507948,105417.51560259385,105417.51560259385,227246.78754820098,1867225021.054988
OLKUSKI,1928,baseline,1673192633.1554213,1672928992.267575,314170.9160055113,50530.02815938268,50530.02815938268,263640.8878461286,1672878462.2394156
OPATOWSKI,1928,baseline,1521152490.3196847,1520874785.084021,317041.19696852757,39335.96130495977,39335.96130495977,277705.2356635678,1520835449.1227162
OPOCZYŃSKI,1928,baseline,1584458254.2020712,1584290120.5196285,246543.6443982037,78409.96195558635,78409.96195558635,168133.68244261737,1584211710.557673
OSTROWSKI (OSTRÓW MAZOWIECKA),1928,baseline,1433402873.650626,1433265911.5833573,184337.38161141844,47375.314342724436,47375.314342724436,136962.06726869402,1433218536.2690146
OSTROWSKI (OSTRÓW WIELKOPOLSKI),1928,baseline,1825829821.8369887,1825507467.509237,374432.6740048714,52078.34625304166,52078.34625304166,322354.32775182975,1825455389.162984
OSTROŁĘCKI,1928,baseline,1410307920.5636513,1410188004.5177116,156692.8221507381,36776.77621108278,36776.77621108278,119916.04593965532,1410151227.7415006
OSZMIAŃSKI,1928,baseline,1128276363.8099806,1128189163.646185,93483.9683316261,6283.804535889688,6283.804535889688,87200.16379573641,1128182879.841649
PIOTRKOWSKI,1928,baseline,1614816258.1722925,1614542518.623995,345163.2156999586,71423.66740248748,71423.66740248748,273739.54829747113,1614471094.9565926
PIŃCZOWSKI,1928,baseline,1555638436.9813502,1555360743.3109796,307858.8466603527,30165.176289769348,30165.176289769348,277693.67037058336,1555330578.1346898
PIŃSKI,1928,baseline,1255112995.0179253,1255051949.1319947,72695.91014056571,11650.02420992526,11650.02420992526,61045.88593064045,1255040299.1077847
PODHAJECKI,1928,baseline,1340549206.050901,1340385045.3004956,202577.3120532352,38416.5616479267,38416.5616479267,164160.7504053085,1340346628.7388477
POSTAWSKI,1928,baseline,1128241263.1324077,1128184067.0810575,66355.51387036608,9159.462520444536,9159.462520444536,57196.05134992154,1128174907.6185372
POZNAŃ (MIASTO),1928,baseline,1992683033.4207468,1961191229.9573858,33331721.06275075,1839917.5993898138,1839917.5993898138,31491803.463360935,1959351312.357996
POZNAŃSKI,1928,baseline,1949847407.0890796,1949532231.0285466,4045257.7555912724,3730081.6950581656,3730081.6950581656,315176.0605331069,1945802149.3334885
PRUŻAŃSKI,1928,baseline,1325140245.385547,1325057655.8755665,98974.45243529559,16384.942454847496,16384.942454847496,82589.5099804481,1325041270.9331117
PRZASNYCKI,1928,baseline,1370906550.1230466,1370763342.3175523,160352.0032623483,17144.197767859456,17144.197767859456,143207.80549448886,1370746198.1197844
PRZEMYSKI,1928,baseline,1436325731.8449318,1436003842.0094066,372941.1391729254,51051.30364770167,51051.30364770167,321889.8355252237,1435952790.7057588
PRZEMYŚLAŃSKI,1928,baseline,1363274174.452132,1363077432.968564,235621.9677641021,38880.48419609347,38880.48419609347,196741.4835680086,1363038552.4843678
PRZEWORSKI,1928,baseline,1451999537.814572,1451473370.4226506,580980.8600976134,54813.468176013506,54813.468176013506,526167.3919215999,1451418556.9544744
PSZCZYŃSKI,1928,baseline,1754385498.489126,1753760074.6491308,871251.9709831623,245828.1309880573,245828.1309880573,625423.839995105,1753514246.5181427
PUŁAWSKI,1928,baseline,1445460937.8965206,1445244649.17508,256656.38579466293,40367.664354023196,40367.664354023196,216288.72144063973,1445204281.510726
PUŁTUSKI,1928,baseline,1468139821.8844235,1467928121.4909067,277119.8455929256,65419.452076302754,65419.452076302754,211700.39351662286,1467862702.0388305
PŁOCKI,1928,baseline,1576549300.1171298,1576157821.7982326,444754.4368540011,53276.11795655814,53276.11795655814,391478.31889744295,1576104545.680276
PŁOŃSKI,1928,baseline,1451151574.5989792,1450915077.2388186,297982.59213997616,61485.231979278484,61485.231979278484,236497.36016069766,1450853592.0068393
RADOMSKI,1928,baseline,1521533841.349936,1521348856.2013218,224728.4513539938,39743.302739813065,39743.302739813065,184985.14861418074,1521309112.898582
RADOMSZCZAŃSKI,1928,baseline,1615173376.156748,1614981516.9361281,254831.73261469213,62972.51199492892,62972.51199492892,191859.2206197632,1614918544.4241333
RADZIECHOWSKI,1928,baseline,1312609064.8758173,1312465125.087434,161077.57743029355,17137.789047022074,17137.789047022074,143939.7883832715,1312447987.298387
RADZYMIŃSKI,1928,baseline,1513307821.7331057,1513052156.1836853,546709.3643540349,291043.81493378844,291043.81493378844,255665.5494202465,1512761112.3687515
RADZYŃSKI,1928,baseline,1445411266.2289324,1445269101.6794832,186741.9567351573,44577.40728598846,44577.40728598846,142164.54944916882,1445224524.2721972
RAWICKI,1928,baseline,1885480808.3579977,1884928734.5797148,616529.6672099138,64455.88892689022,64455.88892689022,552073.7782830236,1884864278.6907878
RAWSKI (RAWA MAZOWIECKA),1928,baseline,1571845784.7560935,1571631516.5939002,277653.4458150481,63385.283621715804,63385.283621715804,214268.16219333233,1571568131.3102784
RAWSKI (RAWA RUSKA),1928,baseline,1370646045.7742321,1370498177.7053268,178631.10600864995,30763.03710337016,30763.03710337016,147868.0689052798,1370467414.6682234
ROHATYŃSKI,1928,baseline,1354140142.0356367,1353983952.3055906,192775.68516282245,36585.9551166771,36585.9551166771,156189.73004614536,1353947366.3504739
ROPCZYCKI,1928,baseline,1513774964.5353851,1513561009.5318716,269283.0490483378,55328.0455348055,55328.0455348055,213955.0035135323,1513505681.4863367
RUDECKI,1928,baseline,1387395727.5366297,1387111544.673082,331424.56447757344,47241.7009300181,47241.7009300181,284182.86354755535,1387064302.972152
RYBNICKI,1928,baseline,1682679622.91446,1681621394.3252988,1146028.8284277495,87800.23926666775,87800.23926666775,1058228.5891610817,1681533594.0860322
RYPIŃSKI,1928,baseline,1357977157.6295998,1357703515.090716,296424.539860073,22782.00097615199,22782.00097615199,273642.53888392105,1357680733.0897398
RZESZOWSKI,1928,baseline,1473716378.8088703,1473388221.2848494,363955.5200496448,35797.996028623114,35797.996028623114,328157.5240210217,1473352423.2888207
RÓWIEŃSKI,1928,baseline,1261000975.1995156,1260841697.8451774,178870.04122062968,19592.68688239485,19592.68688239485,159277.3543382348,1260822105.158295
SAMBORSKI,1928,baseline,1410719174.8522282,1410484980.064627,296067.80795683933,61873.02035570442,61873.02035570442,234194.7876011349,1410423107.0442712
SANDOMIERSKI,1928,baseline,1478692903.2443588,1478415285.3207247,295353.37692186853,17735.45328788192,17735.45328788192,277617.9236339866,1478397549.867437
SANOCKI,1928,baseline,1406852970.3963273,1406669606.295239,203434.83420015333,20070.733111805454,20070.733111805454,183364.10108834787,1406649535.562127
SARNEŃSKI,1928,baseline,1244815718.5226042,1244780025.6766741,49449.98721039972,13757.141280301814,13757.141280301814,35692.8459300979,1244766268.5353937
SIEDLECKI,1928,baseline,1469646534.3993087,1469454284.3918564,254452.50495621376,62202.497503892475,62202.497503892475,192250.00745232127,1469392081.8943524
SIERADZKI,1928,baseline,1699209908.5792422,1698915513.4743,387870.3598937584,93475.25495140154,93475.25495140154,294395.1049423568,1698822038.2193484
SIERPECKI,1928,baseline,1384866051.35613,1384593338.278102,301175.595427307,28462.517399344317,28462.517399344317,272713.0780279627,1384564875.7607026
SKAŁACKI,1928,baseline,1279519880.2802603,1279301424.7187953,234299.6224289237,15844.060963926222,15844.060963926222,218455.56146499747,1279285580.6578314
SKIERNIEWICKI,1928,baseline,1623981161.7262387,1623683125.4480462,455512.92184328975,157476.6436506765,157476.6436506765,298036.2781926133,1623525648.8043954
SOCHACZEWSKI,1928,baseline,1581735878.8572006,1581439691.928458,405351.0653205788,109164.13657795828,109164.13657795828,296186.9287426205,1581330527.7918801
SOKALSKI,1928,baseline,1345057827.4652996,1344867945.2256649,213424.2819523456,23542.042317530584,23542.042317530584,189882.23963481502,1344844403.1833472
SOKOŁOWSKI,1928,baseline,1446027594.0926864,1445858336.3106256,236079.88815134607,66822.10609052905,66822.10609052905,169257.782060817,1445791514.204535
SOKÓLSKI,1928,baseline,1349647655.7524788,1349549137.2138376,129880.28948161883,31361.750840455847,31361.750840455847,98518.53864116299,1349517775.4629972
STANISŁAWOWSKI,1928,baseline,1373041124.8746328,1372753892.3031957,330364.2231976738,43131.651760475215,43131.651760475215,287232.57143719855,1372710760.6514351
STAROGARDZKI,1928,baseline,1553110813.4335175,1552866255.797489,269608.5106058021,25050.87457720831,25050.87457720831,244557.6360285938,1552841204.9229116
STOLIŃSKI,1928,baseline,1211812581.10735,1211776242.6212332,46696.50156376833,10358.015446866484,10358.015446866484,36338.48611690185,1211765884.6057863
STOPNICKI,1928,baseline,1467021210.28816,1466839021.8106256,198896.49480027193,16708.017265895836,16708.017265895836,182188.47753437608,1466822313.7933598
STOŁPECKI,1928,baseline,1196312402.8161316,1196186724.613852,134649.40946362657,8971.207184142047,8971.207184142047,125678.20227948453,1196177753.406668
STRYJSKI,1928,baseline,1370677413.9430614,1370539525.5378904,179110.5883969622,41222.1832262116,41222.1832262116,137888.4051707506,1370498303.3546643
SUWALSKI,1928,baseline,1244489549.172388,1244381381.7099025,120494.04964741072,12326.587161787058,12326.587161787058,108167.46248562366,1244369055.1227407
SZAMOTULSKI,1928,baseline,1894272395.5814621,1893998766.5537386,323780.17524646857,50151.147522971514,50151.147522971514,273629.02772349707,1893948615.4062157
SZCZUCZYŃSKI (WOJ. BIAŁOSTOCKIE),1928,baseline,1337323783.9769552,1337184636.4309983,153356.15934388677,14208.613387079517,14208.613387079517,139147.54595680727,1337170427.8176112
SZCZUCZYŃSKI (WOJ. NOWOGRÓDZKIE),1928,baseline,1279988734.6167128,1279928199.796248,76160.76411960114,15625.943654719673,15625.943654719673,60534.820464881464,1279912573.8525932
SZUBIŃSKI,1928,baseline,1740990548.485644,1740737131.1039054,338043.24885055394,84625.86711194675,84625.86711194675,253417.3817386072,1740652505.2367935
SĘPOLEŃSKI,1928,baseline,1664318484.4319267,1663980254.0163157,381997.6877586577,43767.27214767892,43767.27214767892,338230.4156109787,1663936486.744168
SŁONIMSKI,1928,baseline,1274306447.7584064,1274219062.39569,107241.15120331843,19855.78848684243,19855.78848684243,87385.362716476,1274199206.607203
TARNOBRZESKI,1928,baseline,1494041983.708661,1493813320.3361373,262527.83869553043,33864.46617184671,33864.46617184671,228663.37252368373,1493779455.8699656
TARNOGÓRSKI,1928,baseline,1817854865.0398648,1816019061.7252388,2128344.4942261605,292541.17960015056,292541.17960015056,1835803.3146260097,1815726520.5456386
TARNOPOLSKI,1928,baseline,1317517177.5744138,1317307208.8672428,250016.72997611627,40048.022805170054,40048.022805170054,209968.7071709462,1317267160.8444376
TARNOWSKI,1928,baseline,1543502965.2001011,1543153707.080565,439618.80851142074,90360.68897539051,90360.68897539051,349258.1195360302,1543063346.3915896
TCZEWSKI,1928,baseline,1531543292.8043633,1531042917.8575847,517304.50753730105,16929.560758854906,16929.560758854906,500374.94677844614,1531025988.296826
TOMASZOWSKI,1928,baseline,1324454015.6540408,1324247912.0434544,226921.92312307208,20818.31253671783,20818.31253671783,206103.61058635425,1324227093.7309177
TORUŃSKI,1928,baseline,1668715929.7348359,1668295751.9623098,485525.48822186125,65347.71569574422,65347.71569574422,420177.77252611704,1668230404.246614
TREMBOWELSKI,1928,baseline,1311161384.056108,1310924488.5647151,279421.6515802631,42526.160187384565,42526.160187384565,236895.49139287855,1310881962.4045277
TUCHOLSKI,1928,baseline,1612989073.7982361,1612799565.8776846,229467.51144232895,39959.59089088909,39959.59089088909,189507.92055143986,1612759606.2867937
TURCZAŃSKI,1928,baseline,1360753542.109448,1360661625.390932,113620.09628054946,21703.37776462057,21703.37776462057,91916.7185159289,1360639922.0131674
TURECKI,1928,baseline,1648283662.2830558,1648086028.8004155,215127.70323959406,17494.22059932286,17494.22059932286,197633.4826402712,1648068534.579816
TŁUMACKI,1928,baseline,1351507550.4789877,1351311893.7318683,245465.45424337988,49808.70712391877,49808.70712391877,195656.7471194611,1351262085.0247443
WADOWICKI,1928,baseline,1635148487.3365326,1634788086.7303684,469273.9856328479,108873.37946869561,108873.37946869561,360400.60616415227,1634679213.3508997
WARSZAWSKI,1928,baseline,1548800153.4173338,1548327951.430029,1901625.7112123193,1429423.72390737,1429423.72390737,472201.9873049494,1546898527.7061214
WIELUŃSKI,1928,baseline,1776351698.3292108,1776197367.8136349,173162.69806260246,18832.182486805956,18832.182486805956,154330.5155757965,1776178535.631148
WILEJSKI,1928,baseline,1152589362.1457822,1152528080.6555617,77007.18142897972,15725.691208381042,15725.691208381042,61281.49022059867,1152512354.9643533
WILEŃSKO-TROCKI,1928,baseline,1211978625.0323598,1211923732.9435031,150614.22421724943,95722.1353604579,95722.1353604579,54892.08885679153,1211828010.8081427
WILNO (MIASTO),1928,baseline,1231967820.2691045,1223770145.045993,8332175.302686643,134500.0795752811,134500.0795752811,8197675.223111362,1223635644.9664178
WOLSZTYŃSKI,1928,baseline,2084382570.2569005,2084128064.076668,313188.01730518084,58681.837072723305,58681.837072723305,254506.18023245753,2084069382.2395954
WOŁKOWYSKI,1928,baseline,1333966466.831442,1333885092.7633977,102311.9661850349,20937.898140606067,20937.898140606067,81374.06804442883,1333864154.865257
WOŁOŻYŃSKI,1928,baseline,1168635740.9038868,1168559072.4222248,85620.50227657749,8952.020614686286,8952.020614686286,76668.4816618912,1168550120.4016101
WRZESIŃSKI,1928,baseline,1854446050.9619439,1854041680.230915,494809.8800614213,90439.1490325238,90439.1490325238,404370.7310288975,1853951241.0818825
WYRZYSKI,1928,baseline,1700086403.3013551,1699815550.0443022,321170.61291473085,50317.355861944554,50317.355861944554,270853.2570527863,1699765232.6884403
WYSOKOMAZOWIECKI,1928,baseline,1393561687.5998957,1393413308.86584,187264.67495986295,38885.940904074574,38885.940904074574,148378.73405578837,1393374422.9249358
WĄBRZESKI,1928,baseline,1613281196.7335517,1612943682.5841541,389499.68672401266,51985.53732641301,51985.53732641301,337514.1493975996,1612891697.0468278
WĄGROWIECKI,1928,baseline,1823661074.3249352,1823419569.5067136,319401.1497765968,77896.33155508814,77896.33155508814,241504.8182215087,1823341673.1751585
WĘGROWSKI,1928,baseline,1426967245.5715663,1426791799.9648075,226309.69429648016,50864.087537662555,50864.087537662555,175445.6067588176,1426740935.8772697
WŁOCŁAWSKI,1928,baseline,1650341452.783379,1649889449.1772976,514850.85517731955,62847.24909583933,62847.24909583933,452003.6060814802,1649826601.9282017
WŁODAWSKI,1928,baseline,1366063607.6321325,1365967950.176365,117893.54626995644,22236.090502312578,22236.090502312578,95657.45576764386,1365945714.0858626
WŁODZIMIERSKI,1928,baseline,1341351821.885279,1341229202.3445418,151216.94293441693,28597.40219731151,28597.40219731151,122619.54073710542,1341200604.9423444
WŁOSZCZOWSKI,1928,baseline,1531675119.1441202,1531496485.9387257,209638.8814622128,31005.676067559776,31005.676067559776,178633.20539465302,1531465480.262658
ZALESZCZYCKI,1928,baseline,1309743645.9314938,1309502152.4006667,266165.930695597,24672.399868569457,24672.399868569457,241493.53082702757,1309477480.0007982
ZAMOJSKI,1928,baseline,1396277586.12377,1396041814.4531858,282869.76574699004,47098.09516285066,47098.09516285066,235771.67058413939,1395994716.358023
ZBARASKI,1928,baseline,1296905422.2796557,1296710823.9395955,231239.78904549737,36641.448985417876,36641.448985417876,194598.3400600795,1296674182.4906101
ZBOROWSKI,1928,baseline,1311046645.6336818,1310854231.0947638,220351.55035214318,27937.01143405715,27937.01143405715,192414.53891808604,1310826294.0833297
ZDOŁBUNOWSKI,1928,baseline,1252532799.7401292,1252346572.9149592,203444.360041681,17217.534871465792,17217.534871465792,186226.82517021522,1252329355.3800876
ZŁOCZOWSKI,1928,baseline,1329949645.2751043,1329773244.912601,210673.55074359244,34273.18824036477,34273.18824036477,176400.36250322766,1329738971.7243607
ŁASKI,1928,baseline,1656092577.6973414,1655751514.305993,455771.65675484645,114708.2654064181,114708.2654064181,341063.3913484284,1655636806.0405867
ŁAŃCUCKI,1928,baseline,1453696876.7553217,1453412362.3799398,316232.97691174183,31718.601529924534,31718.601529924534,284514.3753818173,1453380643.77841
ŁOMŻYŃSKI,1928,baseline,1381979901.610953,1381817613.583345,186655.1198723114,24367.092264189087,24367.092264189087,162288.0276081223,1381793246.4910808
ŁOWICKI,1928,baseline,1637366712.5165417,1637051071.2357223,474847.6708499886,159206.39003057376,159206.39003057376,315641.2808194148,1636891864.8456917
ŁUCKI,1928,baseline,1282418403.0677705,1282340850.256404,92801.4847953365,15248.67342883218,15248.67342883218,77552.81136650432,1282325601.5829751
ŁUKOWSKI,1928,baseline,1460877524.9717662,1460741732.6193142,190814.66038376378,55022.30793173619,55022.30793173619,135792.35245202758,1460686710.3113825
ŁUNINIECKI,1928,baseline,1225225280.7553303,1225194842.8025596,43280.712466753226,12842.759696022482,12842.759696022482,30437.952770730742,1225182000.0428636
ŁÓDZKI,1928,baseline,1657407754.0351498,1656736270.1082325,1303294.3313250341,631810.4044076643,631810.4044076643,671483.9269173697,1656104459.7038248
ŁÓDŹ (MIASTO),1928,baseline,1771599040.6988726,1646250081.7267523,125543718.44966446,194759.47754414094,194759.47754414094,125348958.97212031,1646055322.2492082
ŁĘCZYCKI,1928,baseline,1668573696.5761359,1668199391.4080524,552292.4512175033,177987.28313399758,177987.28313399758,374305.16808350565,1668021404.1249185
ŚNIATYŃSKI,1928,baseline,1368118991.7009354,1367797863.6846843,341043.4623361343,19915.44608494076,19915.44608494076,321128.01625119353,1367777948.2385993
ŚREDZKI,1928,baseline,1880722327.242087,1880393283.507771,430920.04436948744,101876.31005366531,101876.31005366531,329043.73431582213,1880291407.1977174
ŚREMSKI,1928,baseline,1851223142.1380029,1850951022.3737042,330689.25941079645,58569.49511210373,58569.49511210373,272119.76429869275,1850892452.878592
ŚWIECKI,1928,baseline,1621665635.4599652,1621471942.7759466,253237.31213189312,59544.628113213854,59544.628113213854,193692.68401867928,1621412398.1478333
ŚWIĘCIAŃSKI,1928,baseline,1173604987.3588698,1173551278.1109633,63362.2618168772,9653.013910419937,9653.013910419937,53709.24790645727,1173541625.0970528
ŚWIĘTOCHŁOWICKI,1928,baseline,1840677715.4952934,1820075109.1189175,21750954.224681918,1148347.8483059327,1148347.8483059327,20602606.376375984,1818926761.2706115
ŻNIŃSKI,1928,baseline,1765762963.2920094,1765431833.7355607,412423.8821552256,81294.32570658629,81294.32570658629,331129.5564486393,1765350539.4098542
ŻYDACZOWSKI,1928,baseline,1366491864.03658,1366335303.5630755,201935.31544096756,45374.84193638511,45374.84193638511,156560.47350458245,1366289928.7211392
ŻYWIECKI,1928,baseline,1643644579.8553216,1643337316.8870215,403796.50194234285,96533.53364227517,96533.53364227517,307262.9683000677,1643240783.3533792
ŻÓŁKIEWSKI,1928,baseline,1372817348.4417925,1372637692.5919385,265950.86140856135,86295.01155442768,86295.01155442768,179655.84985413364,1372551397.580384
AUGUSTOWSKI,1929,baseline,1271477758.9522595,1271412261.6953712,79697.96161739495,14200.704729178713,14200.704729178713,65497.25688821624,1271398060.990642
BARANOWICKI,1929,baseline,1260584178.5738056,1260526760.822436,77726.07691073194,20308.32554120244,20308.32554120244,57417.7513695295,1260506452.4968948
BIALSKI (BIAŁA KRAKOWSKA),1929,baseline,1683681785.2402906,1682692528.5701885,1131030.37059954,141773.70049738546,141773.70049738546,989256.6701021546,1682550754.8696911
BIALSKI (BIAŁA PODLASKA),1929,baseline,1427885582.4531617,1427763571.9711578,154940.95798360367,32930.47597947514,32930.47597947514,122010.48200412854,1427730641.4951782
BIAŁOSTOCKI,1929,baseline,1398522339.2425685,1398362152.4918568,190602.20402285145,30415.45331131411,30415.45331131411,160186.75071153734,1398331737.0385456
BIELSKI (BIELSK PODLASKI),1929,baseline,1391446802.2135098,1391401448.95956,71178.89227264904,25825.6383228779,25825.6383228779,45353.25394977114,1391375623.321237
BIELSKO,1929,baseline,1679075790.2629058,1676007277.234796,3201315.6485029273,132802.62039307482,132802.62039307482,3068513.0281098527,1675874474.614403
BIŁGORAJSKI,1929,baseline,1373123341.9627678,1373026282.3500423,121419.47597006385,24359.863244485274,24359.863244485274,97059.61272557858,1373001922.4867978
BOCHEŃSKI,1929,baseline,1598268778.243675,1598083377.9525867,282429.4757179244,97029.18462978532,97029.18462978532,185400.29108813909,1597986348.767957
BORSZCZOWSKI,1929,baseline,1262996529.3666735,1262857754.0859888,145687.30460355326,6912.023918949791,6912.023918949791,138775.28068460347,1262850842.06207
BRASŁAWSKI,1929,baseline,1132258403.4293873,1132224005.7651038,37348.979120032076,2951.31483646369,2951.31483646369,34397.66428356839,1132221054.4502673
BRODNICKI,1929,baseline,1581038899.4995742,1580771099.3366067,300121.91946042486,32321.756493095927,32321.756493095927,267800.1629673289,1580738777.5801136
BRODZKI,1929,baseline,1324674728.0676112,1324534607.9099202,156742.49929331837,16622.341602360684,16622.341602360684,140120.15769095768,1324517985.568318
BRZESKI (BRZESKO),1929,baseline,1528933190.3823917,1528731493.3009589,262767.8935621906,61070.81212914019,61070.81212914019,201697.08143305036,1528670422.4888296
BRZESKI (BRZEŚĆ N.BUG.),1929,baseline,1412304853.395536,1412240594.5937204,94527.95612430718,30269.154308894147,30269.154308894147,64258.801815413026,1412210325.4394116
BRZEZIŃSKI,1929,baseline,1636600085.5739927,1636181614.3308742,646468.4009981744,227997.15787949233,227997.15787949233,418471.2431186822,1635953617.1729946
BRZEŻAŃSKI,1929,baseline,1362364237.6103315,1362243953.047888,157609.72027992056,37325.157836550716,37325.157836550716,120284.56244336984,1362206627.8900516
BRZOZOWSKI,1929,baseline,1421823335.4601777,1421575851.4185867,265994.4537262337,18510.412135269347,18510.412135269347,247484.04159096433,1421557341.0064514
BUCZACKI,1929,baseline,1329447386.2326455,1329304449.8508906,169540.37777362412,26603.996018734437,26603.996018734437,142936.38175488968,1329277845.854872
BYDGOSKI,1929,baseline,1694476436.5711563,1694089073.9089055,435836.46059113456,48473.79834023599,48473.79834023599,387362.66225089855,1694040600.1105652
BÓBRECKI,1929,baseline,1375783926.7219658,1375597701.01702,222335.12900980236,36109.42406391057,36109.42406391057,186225.70494589178,1375561591.592956
BĘDZIŃSKI,1929,baseline,1752405968.8937695,1751318547.36255,1166066.9721964074,78645.44097677828,78645.44097677828,1087421.531219629,1751239901.9215732
BŁOŃSKI,1929,baseline,1577331051.1722026,1576778274.8218925,615424.0723543839,62647.722044282484,62647.722044282484,552776.3503101014,1576715627.0998483
CHEŁMIŃSKI,1929,baseline,1605832382.401262,1605519361.0976076,353584.7856973294,40563.48204278945,40563.48204278945,313021.3036545399,1605478797.6155648
CHEŁMSKI,1929,baseline,1414157165.9907606,1414019612.9669368,172998.6638967794,35445.64007309346,35445.64007309346,137553.02382368594,1413984167.3268638
CHODZIESKI,1929,baseline,1759900365.2907135,1759695510.2297843,240353.5383546533,35498.477425304336,35498.477425304336,204855.06092934898,1759660011.752359
CHOJNICKI,1929,baseline,1596859464.765298,1596763524.4867253,121859.2009049584,25918.922332345817,25918.922332345817,95940.27857261259,1596737605.564393
CHORZÓW,1929,baseline,1904680686.6304097,1819065042.1449888,88263856.08432814,2648211.598907266,2648211.598907266,85615644.48542088,1816416830.5460815
CHRZANOWSKI,1929,baseline,1713261443.3672345,1712425608.6608295,979837.8487806435,144003.14237571202,144003.14237571202,835834.7064049315,1712281605.5184538
CIECHANOWSKI,1929,baseline,1506221111.270114,1505977008.511519,305496.39092456066,61393.63232948348,61393.63232948348,244102.75859507718,1505915614.8791895
CIESZYŃSKI,1929,baseline,1634430341.2549412,1633717794.1319742,814383.1673380268,101836.0443710274,101836.0443710274,712547.1229669994,1633615958.087603
CZARNKOWSKI,1929,baseline,1757901763.097956,1757707643.9072459,217146.60734563178,23027.41663557012,23027.41663557012,194119.19071006167,1757684616.4906104
CZORTKOWSKI,1929,baseline,1321711682.5432694,1321469787.2481878,281361.8392188568,39466.544137325945,39466.544137325945,241895.2950815309,1321430320.7040505
CZĘSTOCHOWSKI,1929,baseline,1625862474.7786121,1625515415.477862,388669.5889293425,41610.28817920126,41610.28817920126,347059.30075014126,1625473805.1896827
DOBROMILSKI,1929,baseline,1417101472.5556722,1416965377.320498,163664.38356847304,27569.148394330867,27569.148394330867,136095.23517414217,1416937808.1721036
DOLIŃSKI,1929,baseline,1381142079.7502635,1381067830.0716224,98322.3468377814,24072.668196616134,24072.668196616134,74249.67864116526,1381043757.4034257
DROHICKI,1929,baseline,1306542672.7220867,1306457805.6961365,98987.02314370895,14119.997193609292,14119.997193609292,84867.02595009966,1306443685.698943
DROHOBYCKI,1929,baseline,1404680730.9870186,1404350445.3441336,371218.9171699511,40933.2742850895,40933.2742850895,330285.64288486156,1404309512.0698485
DUBIEŃSKI,1929,baseline,1280428947.4098516,1280346694.8439336,98811.39804595998,16558.832127996746,16558.832127996746,82252.56591796323,1280330136.0118055
DZIAŁDOWSKI,1929,baseline,1514765341.7053404,1514667431.5574162,116354.6494106724,18444.501486652596,18444.501486652596,97910.1479240198,1514648987.0559297
DZIŚNIEŃSKI,1929,baseline,1122999212.4201257,1122953176.5523863,51756.989824845376,5721.122085431453,5721.122085431453,46035.86773941392,1122947455.430301
DĄBROWSKI,1929,baseline,1521067067.4194832,1520918623.9601588,201780.7576922682,53337.29836797161,53337.29836797161,148443.4593242966,1520865286.6617908
GARWOLIŃSKI,1929,baseline,1505380304.094747,1505259510.208598,199613.03499445104,78819.1488452728,78819.1488452728,120793.88614917826,1505180691.0597527
GNIEŹNIEŃSKI,1929,baseline,1843647585.4117553,1843384338.420264,344416.9514102043,81169.9599188631,81169.9599188631,263246.9914913412,1843303168.460345
GORLICKI,1929,baseline,1499580810.4194388,1499397237.538726,221578.16430626836,38005.28359331557,38005.28359331557,183572.88071295278,1499359232.2551327
GOSTYNIŃSKI,1929,baseline,1612983777.2856083,1612731379.466169,343934.15661122487,91536.33717201713,91536.33717201713,252397.81943920773,1612639843.128997
GOSTYŃSKI,1929,baseline,1881078675.9284544,1880764036.6592255,380343.8799781882,65704.61074928481,65704.61074928481,314639.2692289034,1880698332.0484762
GRODZIEŃSKI,1929,baseline,1319789570.3227987,1319732973.858003,72485.26731386496,15888.802518038485,15888.802518038485,56596.46479582647,1319717085.0554848
GRUDZIĄDZKI,1929,baseline,1595686664.8491526,1595140864.5585172,594809.2145897889,49008.923954583406,49008.923954583406,545800.2906352056,1595091855.6345627
GRÓDECKI,1929,baseline,1382618274.6063747,1382476104.9120138,253767.22636929638,111597.53200838379,111597.53200838379,142169.6943609126,1382364507.3800054
GRÓJECKI,1929,baseline,1464799532.8672774,1464579879.3630722,237384.5710892309,17731.06688412565,17731.06688412565,219653.50420510527,1464562148.296188
HOROCHOWSKI,1929,baseline,1312379144.2081108,1312266837.9798374,119137.80993180146,6831.581658436708,6831.581658436708,112306.22827336474,1312260006.398179
HORODEŃSKI,1929,baseline,1333726846.834882,1333514029.4766517,229671.08595032332,16853.727719963117,16853.727719963117,212817.3582303602,1333497175.7489316
HRUBIESZOWSKI,1929,baseline,1357564383.3076644,1357378573.0671723,213453.75897744548,27643.51848539329,27643.51848539329,185810.2404920522,1357350929.548687
INOWROCŁAWSKI,1929,baseline,1722058732.9689898,1721701573.5371644,417785.9053593793,60626.47353391465,60626.47353391465,357159.43182546465,1721640947.0636306
IWACEWICKI,1929,baseline,1286685598.9164276,1286648682.135911,49022.57708817944,12105.796571563986,12105.796571563986,36916.78051661545,1286636576.3393395
IŁŻECKI,1929,baseline,1519584564.9792945,1519447589.2448356,175094.9878047897,38119.25334596214,38119.25334596214,136975.73445882756,1519409469.9914896
JANOWSKI,1929,baseline,1439261692.9490657,1439145058.8600936,151054.28785061036,34420.19887854638,34420.19887854638,116634.08897206398,1439110638.661215
JAROCIŃSKI,1929,baseline,1830076149.1035953,1829733076.2799988,399888.60616455215,56815.78256802329,56815.78256802329,343072.82359652885,1829676260.4974308
JAROSŁAWSKI,1929,baseline,1457725255.3889537,1457594064.8507822,174955.3089322046,43764.77076067882,43764.77076067882,131190.53817152578,1457550300.0800214
JASIELSKI,1929,baseline,1482222944.1001902,1482062088.8146048,212012.11379956137,51156.82821414357,51156.82821414357,160855.2855854178,1482010931.9863906
JAWOROWSKI,1929,baseline,1354357823.930603,1354230212.5275033,163967.58716962405,36356.18406980973,36356.18406980973,127611.40309981431,1354193856.3434334
JĘDRZEJOWSKI,1929,baseline,1590918559.6921096,1590767763.6057293,202837.15539506645,52041.069014779445,52041.069014779445,150796.08638028702,1590715722.5367146
KALISKI,1929,baseline,1739173400.5297942,1738823927.9542964,375371.90134819737,25899.325850274818,25899.325850274818,349472.57549792255,1738798028.628446
KAMIONECKI,1929,baseline,1365821307.5778663,1365687021.8480294,184750.5218273111,50464.79199022515,50464.79199022515,134285.72983708596,1365636557.056039
KARTUSKI,1929,baseline,1486748345.4151583,1486643942.0198727,119654.70462382749,15251.309338262363,15251.309338262363,104403.39528556513,1486628690.7105343
KATOWICE,1929,baseline,1810943622.8455205,1794097206.1292236,17514893.647223085,668476.9309261282,668476.9309261282,16846416.716296956,1793428729.1982975
KAŁUSKI,1929,baseline,1370084725.2583807,1369957495.2531228,149709.04017149878,22479.03491360697,22479.03491360697,127230.00525789183,1369935016.2182093
KIELECKI,1929,baseline,1575174288.6519485,1574983475.5835392,232948.1879038595,42135.11949476207,42135.11949476207,190813.06840909744,1574941340.4640446
KOBRYŃSKI,1929,baseline,1348743069.9394975,1348692227.01859,70793.95655764505,19951.035650281785,19951.035650281785,50842.920907363274,1348672275.9829397
KOLBUSZOWSKI,1929,baseline,1462345648.0255826,1462200751.331813,166724.28565953375,21827.59189009044,21827.59189009044,144896.6937694433,1462178923.739923
KOLSKI,1929,baseline,1708013011.835144,1707786923.389245,294653.43747443845,68564.9915754149,68564.9915754149,226088.4458990236,1707718358.3976696
KONECKI,1929,baseline,1582078968.7107508,1581927221.113095,204460.86972175038,52713.2720659877,52713.2720659877,151747.5976557627,1581874507.8410292
KONIŃSKI,1929,baseline,1743007327.4415488,1742808382.9221618,233731.85422757908,34787.3348404494,34787.3348404494,198944.5193871297,1742773595.5873213
KOPYCZYNIECKI,1929,baseline,1315144494.9633384,1314969750.1013627,211833.3704327625,37088.508457265685,37088.508457265685,174744.8619754968,1314932661.5929055
KOSOWSKI (KOSÓW HUCULSKI),1929,baseline,1320854085.6707215,1320809538.4367633,54987.35237390244,10440.118415696521,10440.118415696521,44547.23395820592,1320799098.3183477
KOSTOPOLSKI,1929,baseline,1248264081.4335768,1248218970.7932382,60256.40790349645,15145.767564884887,15145.767564884887,45110.64033861156,1248203825.0256734
KOSZYRSKI,1929,baseline,1237115334.7587783,1237077373.3798525,42995.73901017731,5034.360084381679,5034.360084381679,37961.37892579563,1237072339.0197682
KOWELSKI,1929,baseline,1349782550.3892877,1349748256.8573477,52197.68115160563,17904.149211688316,17904.149211688316,34293.53193991732,1349730352.708136
KOZIENICKI,1929,baseline,1486307967.4763236,1486206326.8276348,138828.6924092291,37188.043720491696,37188.043720491696,101640.64868873739,1486169138.7839143
KOŁOMYJSKI,1929,baseline,1384201289.3769894,1384016346.184432,212534.6311295624,27591.438572091996,27591.438572091996,184943.19255747038,1383988754.7458599
KOŚCIAŃSKI,1929,baseline,1951952691.88688,1951599690.4970827,444156.00241375196,91154.61261660214,91154.61261660214,353001.3897971498,1951508535.8844662
KOŚCIERSKI,1929,baseline,1527223141.7752614,1527102549.5298634,139385.68463297974,18793.439235045396,18793.439235045396,120592.24539793436,1527083756.0906284
KRAKOWSKI,1929,baseline,1644802828.1142337,1644390921.8406723,3483829.3055825876,3071923.032021155,3071923.032021155,411906.2735614323,1641318998.8086512
KRAKÓW (MIASTO),1929,baseline,1710118781.3945115,1642785726.730419,68299556.92756952,966502.2634772001,966502.2634772001,67333054.66409232,1641819224.4669418
KRASNOSTAWSKI,1929,baseline,1408633784.8820844,1408473605.473931,197297.54247513477,37118.13432188621,37118.13432188621,160179.40815324857,1408436487.3396091
KROTOSZYŃSKI,1929,baseline,1829877741.0438652,1829496093.443155,436100.09863411327,54452.497923761766,54452.497923761766,381647.6007103515,1829441640.9452312
KROŚNIEŃSKI,1929,baseline,1467199839.1382487,1466908805.6858299,325723.56922447396,34690.116805555495,34690.116805555495,291033.4524189185,1466874115.5690243
KRZEMIENIECKI,1929,baseline,1252954389.7108905,1252859264.5360835,107905.55381788264,12780.379010866185,12780.379010866185,95125.17480701646,1252846484.1570725
KUTNOWSKI,1929,baseline,1670260875.0966187,1669613740.2837687,791279.2991747404,144144.48632483627,144144.48632483627,647134.8128499042,1669469595.7974439
KĘPIŃSKI,1929,baseline,1790862110.5535076,1790598795.976383,288273.10588578024,24958.528761206286,24958.528761206286,263314.57712457393,1790573837.4476218
LESKI,1929,baseline,1376658568.5635448,1376575115.0119503,94147.83546984252,10694.283875526115,10694.283875526115,83453.5515943164,1376564420.7280748
LESZCZYŃSKI,1929,baseline,1964215961.9654593,1963856968.3702228,432891.18621181406,73897.59097537302,73897.59097537302,358993.59523644106,1963783070.7792475
LIDZKI,1929,baseline,1255736637.747711,1255688025.4565632,61863.01026550596,13250.71911788957,13250.71911788957,48612.291147616386,1255674774.7374454
LIMANOWSKI,1929,baseline,1533408609.6652071,1533291297.1411264,150765.56917269877,33453.045091975924,33453.045091975924,117312.52408072285,1533257844.0960345
LIPNOWSKI,1929,baseline,1363595114.3730023,1363403381.0128798,209545.6641801987,17812.304057730067,17812.304057730067,191733.36012246864,1363385568.708822
LUBACZOWSKI,1929,baseline,1342935822.1579392,1342827290.9723985,122044.83915971905,13513.65361906752,13513.65361906752,108531.18554065152,1342813777.3187795
LUBARTOWSKI,1929,baseline,1434412836.8000548,1434293323.3389304,200930.8581645477,81417.39704024757,81417.39704024757,119513.46112430013,1434211905.9418902
LUBAWSKI,1929,baseline,1518544834.527825,1518314645.332619,245124.03251542136,14934.83730942309,14934.83730942309,230189.1952059983,1518299710.4953096
LUBELSKI,1929,baseline,1458542458.298309,1458165283.1868403,424182.0661222852,47006.9546534837,47006.9546534837,377175.1114688015,1458118276.2321868
LUBLINIECKI,1929,baseline,1785383734.432587,1785070574.5173295,385813.63504711393,72653.71978964623,72653.71978964623,313159.9152574677,1784997920.7975397
LUBOMELSKI,1929,baseline,1364759104.8876853,1364719636.1450105,60281.085357212236,20812.34268226065,20812.34268226065,39468.74267495159,1364698823.802328
LWOWSKI,1929,baseline,1403639863.3265967,1403437661.9762266,2842619.6752592428,2640418.324889185,2640418.324889185,202201.350370058,1400797243.6513374
LWÓW (MIASTO),1929,baseline,1442004408.9207735,1409931712.6885822,32925703.831198752,853007.5990074811,853007.5990074811,32072696.232191272,1409078705.0895748
M. ST. WARSZAWA,1929,baseline,1679702711.1828792,1559099109.101548,120802302.30882615,198700.22749490396,198700.22749490396,120603602.08133124,1558900408.874053
MAKOWSKI (MAKÓW MAZOWIECKI),1929,baseline,1441905817.305419,1441764719.628349,160071.77017442984,18974.09310471982,18974.09310471982,141097.67706971001,1441745745.5352445
MIECHOWSKI,1929,baseline,1607750673.2783346,1607545408.568327,240180.16513549112,34915.45512780167,34915.45512780167,205264.71000768943,1607510493.1131992
MIELECKI,1929,baseline,1497929509.8729198,1497800925.5635278,169511.16161639668,40926.85222430184,40926.85222430184,128584.30939209484,1497759998.7113035
MIĘDZYCHODZKI,1929,baseline,1961040273.3995328,1960864107.5084412,201171.65170604814,25005.760614439583,25005.760614439583,176165.89109160856,1960839101.7478268
MIŃSKI,1929,baseline,1514756460.2714994,1514532810.0910826,398610.4408030069,174960.2603861769,174960.2603861769,223650.18041682994,1514357849.8306963
MOGILEŃSKI,1929,baseline,1745492429.7656333,1745181741.2428105,360764.14075954526,50075.61793668938,50075.61793668938,310688.52282285586,1745131665.6248739
MORSKI,1929,baseline,1410017536.1158397,1409787149.906702,235830.64685608138,5444.437718276027,5444.437718276027,230386.20913780536,1409781705.4689837
MOŁODECZAŃSKI,1929,baseline,1173848443.231135,1173733470.7971,128928.47329110868,13956.03925625984,13956.03925625984,114972.43403484883,1173719514.7578437
MOŚCISKI,1929,baseline,1412792688.893827,1412607686.3444502,217266.44204766306,32263.892670828584,32263.892670828584,185002.54937683447,1412575422.4517794
MYŚLENICKI,1929,baseline,1557912164.8937962,1557729600.5394645,217427.79963504948,34863.44530321013,34863.44530321013,182564.35433183936,1557694737.0941613
MŁAWSKI,1929,baseline,1509244198.296049,1509074227.6817143,205784.54704414672,35813.93270909839,35813.93270909839,169970.61433504833,1509038413.749005
NADWÓRNIAŃSKI,1929,baseline,1361303605.008528,1361211669.724337,112975.52470212065,21040.240511221244,21040.240511221244,91935.2841908994,1361190629.483826
NIESZAWSKI,1929,baseline,1660743155.8612137,1660493001.0101345,303395.3526068867,53240.50152755838,53240.50152755838,250154.85107932833,1660439760.508607
NIEŚWIESKI,1929,baseline,1227451961.8399942,1227333095.5698667,130968.08553844751,12101.81541079164,12101.81541079164,118866.27012765588,1227320993.7544558
NIŻAŃSKI,1929,baseline,1472068692.1590261,1471947563.7452261,146344.34283971836,25215.929039788414,25215.929039788414,121128.41379992994,1471922347.8161864
NOWOGRÓDZKI,1929,baseline,1220685473.3146224,1220616410.628482,81956.45554837868,12893.769408047214,12893.769408047214,69062.68614033147,1220603516.859074
NOWOSĄDECKI,1929,baseline,1513596359.1994064,1513453780.2212265,173499.2113125198,30920.233132672307,30920.233132672307,142578.97817984747,1513422859.9880939
NOWOTARSKI,1929,baseline,1555321784.199126,1555208169.7191017,145540.28462812694,31925.804603906487,31925.804603906487,113614.48002422047,1555176243.9144979
NOWOTOMYSKI,1929,baseline,2028681081.525702,2028394207.3702374,320335.00818895025,33460.852724295604,33460.852724295604,286874.1554646546,2028360746.517513
OBORNICKI,1929,baseline,1866132524.474043,1865954026.7339265,276904.4903850319,98406.7502687555,98406.7502687555,178497.74011627643,1865855619.9836578
OLKUSKI,1929,baseline,1676537396.0616083,1676307695.9972262,280393.73581117915,50693.67142923325,50693.67142923325,229700.06438194588,1676257002.325797
OPATOWSKI,1929,baseline,1526484733.0381308,1526254153.9505842,264067.1750672797,33488.08752048885,33488.08752048885,230579.0875467909,1526220665.8630636
OPOCZYŃSKI,1929,baseline,1588286526.453859,1588162938.6624985,198972.69551482933,75384.90415424081,75384.90415424081,123587.79136058853,1588087553.7583442
OSTROWSKI (OSTRÓW MAZOWIECKA),1929,baseline,1438615616.2465525,1438507151.8136497,151484.3111934589,43019.87829071721,43019.87829071721,108464.4329027417,1438464131.935359
OSTROWSKI (OSTRÓW WIELKOPOLSKI),1929,baseline,1826291534.251224,1825996892.2434347,338670.9907454022,44028.98295599391,44028.98295599391,294642.00778940826,1825952863.2604787
OSTROŁĘCKI,1929,baseline,1415417146.2565122,1415326515.6394765,123907.85219471372,33277.235159269556,33277.235159269556,90630.61703544417,1415293238.4043174
OSZMIAŃSKI,1929,baseline,1135477159.705296,1135408929.3263288,73287.44969600884,5057.070728882369,5057.070728882369,68230.37896712648,1135403872.2556
PIOTRKOWSKI,1929,baseline,1617790096.4550345,1617564653.7757232,297601.3726283265,72158.69331693715,72158.69331693715,225442.67931138937,1617492495.0824063
PIŃCZOWSKI,1929,baseline,1559761499.0598612,1559556073.7940617,231898.13356368098,26472.867764118855,26472.867764118855,205425.26579956213,1559529600.9262974
PIŃSKI,1929,baseline,1262251793.5544763,1262202249.524977,59234.13379035936,9690.104290947444,9690.104290947444,49544.02949941192,1262192559.420686
PODHAJECKI,1929,baseline,1350993889.1276298,1350881226.9678195,143642.75656693667,30980.59675662137,30980.59675662137,112662.1598103153,1350850246.3710628
POSTAWSKI,1929,baseline,1136797416.0526195,1136752679.6346836,52536.60383205955,7800.185896039264,7800.185896039264,44736.41793602028,1136744879.4487875
POZNAŃ (MIASTO),1929,baseline,1994499241.6100972,1959214204.5012615,36681673.572275944,1396636.4634401256,1396636.4634401256,35285037.10883582,1957817568.0378213
POZNAŃSKI,1929,baseline,1948777274.9228702,1948539628.5237179,4401754.3326159865,4164107.9334637583,4164107.9334637583,237646.3991522283,1944375520.590254
PRUŻAŃSKI,1929,baseline,1332164876.1052709,1332100775.3231747,77621.93850690624,13521.156410801215,13521.156410801215,64100.78209610503,1332087254.166764
PRZASNYCKI,1929,baseline,1375831433.6585624,1375710365.12316,136758.19343270265,15689.658030239812,15689.658030239812,121068.53540246285,1375694675.4651296
PRZEMYSKI,1929,baseline,1444387778.905179,1444095804.1233797,333412.69753980107,41437.91574047762,41437.91574047762,291974.78179932345,1444054366.2076392
PRZEMYŚLAŃSKI,1929,baseline,1373217268.8184054,1373063323.8441231,188716.74365859313,34771.769376221055,34771.769376221055,153944.97428237207,1373028552.0747468
PRZEWORSKI,1929,baseline,1459287128.9286773,1458859680.4215598,471283.6825314819,43835.17541417194,43835.17541417194,427448.50711730996,1458815845.2461457
PSZCZYŃSKI,1929,baseline,1757084830.3740013,1756496459.5653775,842923.1656548635,254552.35703121897,254552.35703121897,588370.8086236445,1756241907.2083464
PUŁAWSKI,1929,baseline,1451357097.9127786,1451187925.4374611,204789.00483337804,35616.52951593368,35616.52951593368,169172.47531744436,1451152308.9079452
PUŁTUSKI,1929,baseline,1471808373.1852806,1471627265.6677456,246296.63468236645,65189.11714741659,65189.11714741659,181107.51753494985,1471562076.5505981
PŁOCKI,1929,baseline,1578783331.1239247,1578443020.9194758,388631.7037245091,48321.49927560933,48321.49927560933,340310.2044488998,1578394699.4202
PŁOŃSKI,1929,baseline,1454866350.3033786,1454676859.7566152,249814.80755943345,60324.26079604696,60324.26079604696,189490.5467633865,1454616535.495819
RADOMSKI,1929,baseline,1526325099.1503975,1526165911.2670739,194462.0271467241,35274.14382326139,35274.14382326139,159187.88332346274,1526130637.1232507
RADOMSZCZAŃSKI,1929,baseline,1618074564.8956616,1617916954.2058914,218385.31876001225,60774.62898965246,60774.62898965246,157610.68977035978,1617856179.5769017
RADZIECHOWSKI,1929,baseline,1321695790.3871882,1321588395.5805664,122245.7125519462,14850.905930114792,14850.905930114792,107394.8066218314,1321573544.6746364
RADZYMIŃSKI,1929,baseline,1517914380.2652955,1517665563.7202559,553515.5568652126,304699.01182567625,304699.01182567625,248816.5450395364,1517360864.7084303
RADZYŃSKI,1929,baseline,1451202802.9147084,1451092235.8423014,148899.36514804806,38332.29274112495,38332.29274112495,110567.07240692311,1451053903.5495603
RAWICKI,1929,baseline,1885139599.6912405,1884669314.0979714,524954.0202609329,54668.426991918306,54668.426991918306,470285.59326901456,1884614645.6709795
RAWSKI (RAWA MAZOWIECKA),1929,baseline,1574269832.8975196,1574092001.4172168,243133.1659149242,65301.68561225823,65301.68561225823,177831.48030266596,1574026699.7316046
RAWSKI (RAWA RUSKA),1929,baseline,1379581397.6210086,1379473039.1089606,135827.54941766142,27469.03736966597,27469.03736966597,108358.51204799545,1379445570.071591
ROHATYŃSKI,1929,baseline,1364926352.3927994,1364795321.3192425,160721.84763140316,29690.774074567355,29690.774074567355,131031.07355683579,1364765630.545168
ROPCZYCKI,1929,baseline,1519878436.2522123,1519719761.9671402,203555.44455244535,44881.15948032928,44881.15948032928,158674.28507211606,1519674880.8076599
RUDECKI,1929,baseline,1396337168.2177534,1396128227.6903293,253025.91570420147,44085.388280214196,44085.388280214196,208940.52742398728,1396084142.3020492
RYBNICKI,1929,baseline,1685716818.2153864,1684686005.2540762,1116414.8331608865,85601.87185064453,85601.87185064453,1030812.9613102421,1684600403.3822255
RYPIŃSKI,1929,baseline,1362006938.3353274,1361788584.3721836,238912.5539211399,20558.59077732452,20558.59077732452,218353.96314381537,1361768025.7814062
RZESZOWSKI,1929,baseline,1480554906.142812,1480315368.7776718,268914.28224152327,29376.917101312793,29376.917101312793,239537.3651402105,1480285991.8605704
RÓWIEŃSKI,1929,baseline,1269592480.950247,1269465654.7271488,142815.56066599596,15989.337567829636,15989.337567829636,126826.22309816633,1269449665.389581
SAMBORSKI,1929,baseline,1419706669.9134405,1419530662.3294559,233356.6405559334,57349.056571203626,57349.056571203626,176007.58398472978,1419473313.2728846
SANDOMIERSKI,1929,baseline,1483967764.373075,1483763421.8254514,219541.0378365384,15198.490213030658,15198.490213030658,204342.54762350774,1483748223.3352385
SANOCKI,1929,baseline,1414567186.4381008,1414416377.5801203,167297.4497307497,16488.591750124884,16488.591750124884,150808.85798062483,1414399888.9883702
SARNEŃSKI,1929,baseline,1253075383.5876808,1253048143.899456,38425.77597833315,11186.08775347987,11186.08775347987,27239.688224853282,1253036957.8117025
SIEDLECKI,1929,baseline,1474900648.1643343,1474752463.1402712,204339.07213286508,56154.048069667384,56154.048069667384,148185.0240631977,1474696309.0922015
SIERADZKI,1929,baseline,1701200937.889013,1700956450.4064543,339650.99821022083,95163.51565135244,95163.51565135244,244487.48255886836,1700861286.8908029
SIERPECKI,1929,baseline,1388707520.261343,1388484954.9475684,248333.85645185845,25768.54267710983,25768.54267710983,222565.31377474862,1388459186.4048913
SKAŁACKI,1929,baseline,1289332896.7581394,1289167151.3400955,178568.9597513482,12823.541707450304,12823.541707450304,165745.4180438979,1289154327.798388
SKIERNIEWICKI,1929,baseline,1626852346.3571036,1626589375.249519,417679.4367638671,154708.32917939272,154708.32917939272,262971.1075844744,1626434666.9203398
SOCHACZEWSKI,1929,baseline,1585060216.619152,1584794341.282017,375850.1460238094,109974.80888870789,109974.80888870789,265875.3371351015,1584684366.4731283
SOKALSKI,1929,baseline,1354176345.858315,1354032138.4419382,164863.8849049401,20656.468528012898,20656.468528012898,144207.4163769272,1354011481.9734101
SOKOŁOWSKI,1929,baseline,1451483811.102421,1451353606.5415292,187904.45047996863,57699.88958810337,57699.88958810337,130204.56089186527,1451295906.651941
SOKÓLSKI,1929,baseline,1356393214.5943294,1356323066.8581355,98113.82337136427,27966.087177620164,27966.087177620164,70147.7361937441,1356295100.770958
STANISŁAWOWSKI,1929,baseline,1384703417.354189,1384466145.1967237,271775.29170520796,34503.13423996778,34503.13423996778,237272.1574652402,1384431642.0624838
STAROGARDZKI,1929,baseline,1549042992.908129,1548826630.9832866,237935.14611790905,21573.221275642747,21573.221275642747,216361.9248422663,1548805057.762011
STOLIŃSKI,1929,baseline,1219949835.5124285,1219920230.591747,38146.58092532469,8541.660243729128,8541.660243729128,29604.920681595562,1219911688.9315033
STOPNICKI,1929,baseline,1472350433.8331158,1472219102.3519392,145658.64329909583,14327.162122496871,14327.162122496871,131331.48117659896,1472204775.1898167
STOŁPECKI,1929,baseline,1203503141.0494,1203417273.0320077,93021.2765964071,7153.259204009431,7153.259204009431,85868.01739239767,1203410119.7728038
STRYJSKI,1929,baseline,1380122792.51046,1380010331.3294976,152546.62974278975,40085.44878064244,40085.44878064244,112461.18096214731,1379970245.880717
SUWALSKI,1929,baseline,1251195429.0168164,1251110084.179613,95458.74574276403,10113.908539553642,10113.908539553642,85344.8372032104,1251099970.2710736
SZAMOTULSKI,1929,baseline,1893036827.7262971,1892812760.409666,270748.4875367272,46681.17090559462,46681.17090559462,224067.31663113262,1892766079.2387605
SZCZUCZYŃSKI (WOJ. BIAŁOSTOCKIE),1929,baseline,1343473835.079005,1343364128.160076,122348.58647374161,12641.667544611773,12641.667544611773,109706.91892912984,1343351486.4925313
SZCZUCZYŃSKI (WOJ. NOWOGRÓDZKIE),1929,baseline,1287215371.113328,1287165430.2761443,62642.57261507675,12701.735431494586,12701.735431494586,49940.83718358217,1287152728.5407128
SZUBIŃSKI,1929,baseline,1739622975.7747786,1739423433.0075374,273827.0248931431,74284.25765173149,74284.25765173149,199542.7672414116,1739349148.7498856
SĘPOLEŃSKI,1929,baseline,1662530154.604707,1662264322.8711686,303799.9945298083,37968.260991299896,37968.260991299896,265831.7335385084,1662226354.6101773
SŁONIMSKI,1929,baseline,1281269399.8509753,1281208391.6377723,76638.04697615642,15629.83377322679,15629.83377322679,61008.21320292963,1281192761.8039992
TARNOBRZESKI,1929,baseline,1500254355.884178,1500081712.3467848,200114.7000854338,27471.162692404523,27471.162692404523,172643.53739302928,1500054241.1840925
TARNOGÓRSKI,1929,baseline,1820106346.0292525,1818213501.5450509,2235271.114699379,342426.63049780985,342426.63049780985,1892844.4842015693,1817871074.9145532
TARNOPOLSKI,1929,baseline,1327735260.4565005,1327562983.8701918,203161.5718320895,30884.98552336316,30884.98552336316,172276.58630872634,1327532098.8846684
TARNOWSKI,1929,baseline,1549152748.1693082,1548852819.1146982,371607.9915100334,71678.93689988753,71678.93689988753,299929.05461014586,1548781140.1777983
TCZEWSKI,1929,baseline,1527240081.3077266,1526815078.0212343,439846.18942547933,14842.902933163028,14842.902933163028,425003.2864923163,1526800235.1183012
TOMASZOWSKI,1929,baseline,1332259694.89992,1332106168.8884344,170545.37628446773,17019.36479883906,17019.36479883906,153526.01148562867,1332089149.5236356
TORUŃSKI,1929,baseline,1668247010.7706068,1667852477.5954545,451390.3426405215,56857.167488224826,56857.167488224826,394533.1751522967,1667795620.427966
TREMBOWELSKI,1929,baseline,1321794033.09939,1321625211.229497,201906.1584168127,33084.288523682066,33084.288523682066,168821.8698931306,1321592126.9409733
TUCHOLSKI,1929,baseline,1611500982.4310746,1611347128.6514542,188147.76531948504,34293.98569927462,34293.98569927462,153853.77962021044,1611312834.665755
TURCZAŃSKI,1929,baseline,1369474028.974414,1369404085.9722557,88493.22549940714,18550.223340984638,18550.223340984638,69943.0021584225,1369385535.7489147
TURECKI,1929,baseline,1649918256.1219141,1649764962.8886895,169605.27203642146,16312.038811730145,16312.038811730145,153293.23322469133,1649748650.8498778
TŁUMACKI,1929,baseline,1362994672.0508828,1362844871.2327564,190113.51648957338,40312.69836310087,40312.69836310087,149800.8181264725,1362804558.5343933
WADOWICKI,1929,baseline,1639219788.3112838,1638938284.4318829,387854.04916494293,106350.16976406181,106350.16976406181,281503.8794008811,1638831934.2621188
WARSZAWSKI,1929,baseline,1551804427.807014,1551312948.513833,1550951.8315097599,1059472.5383289258,1059472.5383289258,491479.2931808341,1550253475.9755042
WIELUŃSKI,1929,baseline,1777767622.067027,1777646076.8864558,139684.7001193977,18139.519548135886,18139.519548135886,121545.1805712618,1777627937.3669076
WILEJSKI,1929,baseline,1159999628.7020698,1159949135.0882587,62553.91800209892,12060.30419100778,12060.30419100778,50493.61381109114,1159937074.7840676
WILEŃSKO-TROCKI,1929,baseline,1220823171.350608,1220779334.3626087,160513.88086508258,116676.89286556948,116676.89286556948,43836.98799951311,1220662657.469743
WILNO (MIASTO),1929,baseline,1241833982.5772307,1232457498.2659817,9493660.266945416,117175.95569637755,117175.95569637755,9376484.311249038,1232340322.3102853
WOLSZTYŃSKI,1929,baseline,2082189915.2714057,2081977156.9668162,263345.55730766413,50587.252718154996,50587.252718154996,212758.30458950912,2081926569.714098
WOŁKOWYSKI,1929,baseline,1340970477.640014,1340913187.7122738,74978.06347132352,17688.135731223905,17688.135731223905,57289.927740099614,1340895499.5765426
WOŁOŻYŃSKI,1929,baseline,1176056872.880072,1175995959.7147436,68021.00807106373,7107.842742522234,7107.842742522234,60913.16532854149,1175988851.8720012
WRZESIŃSKI,1929,baseline,1853772882.958866,1853445545.9703503,406972.60455339146,79635.61603795437,79635.61603795437,327336.98851543706,1853365910.3543124
WYRZYSKI,1929,baseline,1699158323.0183947,1698928876.8483593,274232.9202750609,44786.750239499,44786.750239499,229446.17003556195,1698884090.0981197
WYSOKOMAZOWIECKI,1929,baseline,1399544799.9840934,1399432846.730432,147384.54142343375,35431.28776181358,35431.28776181358,111953.25366162017,1399397415.44267
WĄBRZESKI,1929,baseline,1612943129.6493893,1612680801.4931748,308074.20417300565,45746.04795866989,45746.04795866989,262328.15621433576,1612635055.4452162
WĄGROWIECKI,1929,baseline,1822248029.183107,1822060354.625123,256134.98578299742,68460.42779921502,68460.42779921502,187674.5579837824,1821991894.1973238
WĘGROWSKI,1929,baseline,1432428542.8837667,1432284450.1309268,187239.1227042031,43146.36986442079,43146.36986442079,144092.7528397823,1432241303.7610624
WŁOCŁAWSKI,1929,baseline,1651315200.717462,1650870559.9799278,501439.3794655123,56798.64193135013,56798.64193135013,444640.7375341622,1650813761.3379965
WŁODAWSKI,1929,baseline,1373169921.367349,1373097595.2846174,90802.64107247411,18476.558341060027,18476.558341060027,72326.08273141409,1373079118.7262764
WŁODZIMIERSKI,1929,baseline,1349960694.049526,1349864717.5939765,118993.23012399531,23016.77457454714,23016.77457454714,95976.45554944816,1349841700.819402
WŁOSZCZOWSKI,1929,baseline,1535971384.4461305,1535843115.8276978,156588.9311120038,28320.31267926722,28320.31267926722,128268.61843273659,1535814795.5150185
ZALESZCZYCKI,1929,baseline,1321631695.1498392,1321464296.9908302,185934.47904657072,18536.320037631744,18536.320037631744,167398.15900893896,1321445760.6707926
ZAMOJSKI,1929,baseline,1404167794.2622383,1403973407.7053716,231829.05480973006,37442.497943074006,37442.497943074006,194386.55686665606,1403935965.2074285
ZBARASKI,1929,baseline,1306959706.1662362,1306807616.8894548,181742.25505112862,29652.978269739728,29652.978269739728,152089.2767813889,1306777963.911185
ZBOROWSKI,1929,baseline,1320238087.88806,1320098566.6649733,162245.0370351418,22723.81394841074,22723.81394841074,139521.22308673107,1320075842.8510249
ZDOŁBUNOWSKI,1929,baseline,1261289163.2655976,1261132128.1961615,171009.31607743647,13974.246641404894,13974.246641404894,157035.06943603157,1261118153.94952
ZŁOCZOWSKI,1929,baseline,1339240167.3119068,1339107625.2482972,161243.82040689242,28701.756797330512,28701.756797330512,132542.0636095619,1339078923.4915
ŁASKI,1929,baseline,1658468732.987816,1658132158.8287988,450849.09742096055,114274.93840369646,114274.93840369646,336574.1590172641,1658017883.8903952
ŁAŃCUCKI,1929,baseline,1460783633.1037488,1460576864.9677436,232799.18784370495,26031.05183863851,26031.05183863851,206768.13600506642,1460550833.915905
ŁOMŻYŃSKI,1929,baseline,1387258345.2479997,1387135248.8305926,145009.92292968955,21913.50552281548,21913.50552281548,123096.41740687407,1387113335.32507
ŁOWICKI,1929,baseline,1639910674.689865,1639651257.0451274,417243.0107851297,157825.3660473361,157825.3660473361,259417.64473779357,1639493431.67908
ŁUCKI,1929,baseline,1290202722.3230255,1290140777.3398619,74314.5022658135,12369.519102399381,12369.519102399381,61944.98316341412,1290128407.8207595
ŁUKOWSKI,1929,baseline,1466395974.3891602,1466287829.6623356,155430.01620778342,47285.2893831362,47285.2893831362,108144.72682464724,1466240544.3729525
ŁUNINIECKI,1929,baseline,1233093518.9985235,1233065140.0002708,38720.59695325045,10341.59870050428,10341.59870050428,28378.998252746173,1233054798.4015703
ŁÓDZKI,1929,baseline,1660043591.5332308,1659304036.5193067,1463044.9981202357,723489.9841962293,723489.9841962293,739555.0139240066,1658580546.5351105
ŁÓDŹ (MIASTO),1929,baseline,1798297698.1627965,1648912647.030822,149582618.47254834,197567.34057379345,197567.34057379345,149385051.13197455,1648715079.6902483
ŁĘCZYCKI,1929,baseline,1670359898.642426,1670061499.6056283,473793.97701873933,175394.94022107165,175394.94022107165,298399.0367976677,1669886104.6654072
ŚNIATYŃSKI,1929,baseline,1381582008.1923895,1381314728.9504104,282252.26576110977,14973.023781988115,14973.023781988115,267279.24197912164,1381299755.9266284
ŚREDZKI,1929,baseline,1879908388.4853063,1879640038.542618,363918.8238739938,95568.88118575024,95568.88118575024,268349.9426882436,1879544469.6614323
ŚREMSKI,1929,baseline,1850498484.513261,1850280181.359368,270400.0301908739,52096.876297946736,52096.876297946736,218303.15389292716,1850228084.4830701
ŚWIECKI,1929,baseline,1619113114.5965002,1618952377.374036,214284.05598111555,53546.83351712732,53546.83351712732,160737.22246398823,1618898830.540519
ŚWIĘCIAŃSKI,1929,baseline,1182918993.8877184,1182875148.7872272,52439.708254843245,8594.607763460937,8594.607763460937,43845.100491382305,1182866554.1794636
ŚWIĘTOCHŁOWICKI,1929,baseline,1847705512.916274,1822505651.649081,26487682.33359509,1287821.0664020404,1287821.0664020404,25199861.26719305,1821217830.582679
ŻNIŃSKI,1929,baseline,1764507164.3844483,1764243555.8508837,332884.5317852034,69275.99822066075,69275.99822066075,263608.5335645426,1764174279.852663
ŻYDACZOWSKI,1929,baseline,1376889145.7143266,1376757336.702708,171119.5777615144,39310.566142915355,39310.566142915355,131809.01161859906,1376718026.1365652
ŻYWIECKI,1929,baseline,1647501947.3836634,1647218655.5839753,373129.7848720821,89837.98518396121,89837.98518396121,283291.7996881209,1647128817.5987914
ŻÓŁKIEWSKI,1929,baseline,1382132075.1227918,1381984062.5932155,231300.77893121567,83288.24935485402,83288.24935485402,148012.52957636165,1381900774.3438606
AUGUSTOWSKI,1930,baseline,1264290028.3967602,1264223506.4844496,79950.22142506289,13428.30911451998,13428.30911451998,66521.91231054292,1264210078.1753352
BARANOWICKI,1930,baseline,1254224656.0256813,1254175026.0519552,67836.77707597543,18206.803349972095,18206.803349972095,49629.973726003336,1254156819.2486053
BIALSKI (BIAŁA KRAKOWSKA),1930,baseline,1670190953.5080707,1669195691.8702395,1129450.0140957846,134188.37626457357,134188.37626457357,995261.637831211,1669061503.493975
BIALSKI (BIAŁA PODLASKA),1930,baseline,1418151849.1486123,1418035611.7826624,147504.01358663637,31266.647636588106,31266.647636588106,116237.36595004828,1418004345.1350257
BIAŁOSTOCKI,1930,baseline,1389812564.71051,1389652493.228399,188943.6935898324,28872.21147900385,28872.21147900385,160071.48211082854,1389623621.01692
BIELSKI (BIELSK PODLASKI),1930,baseline,1382591589.9284527,1382546553.6478918,69947.06729305498,24910.78673222316,24910.78673222316,45036.28056083182,1382521642.8611596
BIELSKO,1930,baseline,1665056109.470133,1662629375.0977528,2561405.3672651327,134670.99488507185,134670.99488507185,2426734.372380061,1662494704.1028678
BIŁGORAJSKI,1930,baseline,1364537086.1772292,1364449643.5244389,110739.71047899246,23297.05768874324,23297.05768874324,87442.65279024922,1364426346.4667501
BOCHEŃSKI,1930,baseline,1586145155.8883522,1585957302.754801,289493.25988938176,101640.12633818279,101640.12633818279,187853.133551199,1585855662.6284628
BORSZCZOWSKI,1930,baseline,1255652453.566805,1255516049.759254,143349.89268194523,6946.0851309821655,6946.0851309821655,136403.80755096307,1255509103.674123
BRASŁAWSKI,1930,baseline,1128865404.390378,1128834312.2914522,33893.05657796703,2800.9576520100713,2800.9576520100713,31092.098925956954,1128831511.3338
BRODNICKI,1930,baseline,1568703310.0374632,1568457192.8686137,278698.63442742603,32581.465577857707,32581.465577857707,246117.16884956832,1568424611.4030359
BRODZKI,1930,baseline,1316766743.0041296,1316639325.9779944,144703.56391885434,17286.53778351879,17286.53778351879,127417.02613533556,1316622039.4402108
BRZESKI (BRZESKO),1930,baseline,1517746866.7968276,1517560586.7458887,249702.45442594553,63422.40348722286,63422.40348722286,186280.05093872268,1517497164.3424015
BRZESKI (BRZEŚĆ N.BUG.),1930,baseline,1402999424.5966377,1402942236.7322652,85909.57546762355,28721.711095032635,28721.711095032635,57187.86437259092,1402913515.0211701
BRZEZIŃSKI,1930,baseline,1624097697.4534988,1623650909.938815,683014.1213970485,236226.6067134096,236226.6067134096,446787.5146836389,1623414683.3321018
BRZEŻAŃSKI,1930,baseline,1354164502.3609886,1354040547.7768152,163703.51805023602,39748.9338767132,39748.9338767132,123954.58417352282,1354000798.8429384
BRZOZOWSKI,1930,baseline,1412227410.8513,1411967548.4654427,278599.89346428966,18737.50760696692,18737.50760696692,259862.38585732272,1411948810.9578357
BUCZACKI,1930,baseline,1321543117.8791838,1321400462.4422808,169601.98264492414,26946.545742013124,26946.545742013124,142655.43690291102,1321373515.8965387
BYDGOSKI,1930,baseline,1680988914.8292422,1680591196.9213054,447964.6600424097,50246.75210579566,50246.75210579566,397717.90793661406,1680540950.1691997
BÓBRECKI,1930,baseline,1367324861.8509984,1367137663.3180945,225965.95173556625,38767.41883155955,38767.41883155955,187198.5329040067,1367098895.899263
BĘDZIŃSKI,1930,baseline,1738252977.5952747,1737108681.469137,1229250.4596823289,84954.33354454149,84954.33354454149,1144296.1261377875,1737023727.1355925
BŁOŃSKI,1930,baseline,1565557828.3959968,1564970002.694947,650671.3761836247,62845.6751337952,62845.6751337952,587825.7010498295,1564907157.0198133
CHEŁMIŃSKI,1930,baseline,1608951369.638698,1608656920.3431592,339586.67495913117,45137.379420241516,45137.379420241516,294449.29553888965,1608611782.963739
CHEŁMSKI,1930,baseline,1405206768.049165,1405081778.4078262,158408.17099822866,33418.52965948508,33418.52965948508,124989.64133874358,1405048359.8781667
CHODZIESKI,1930,baseline,1744787768.0731068,1744581516.8686428,241203.85003616972,34952.64557226134,34952.64557226134,206251.2044639084,1744546564.2230706
CHOJNICKI,1930,baseline,1583846369.7349174,1583750932.6206372,121521.7124974281,26084.598217354258,26084.598217354258,95437.11428007385,1583724848.02242
CHORZÓW,1930,baseline,1889022447.70725,1804226952.031693,87635310.1140409,2839814.4384837514,2839814.4384837514,84795495.67555715,1801387137.5932093
CHRZANOWSKI,1930,baseline,1699603054.848728,1698757502.0367062,992256.166495076,146703.35447343581,146703.35447343581,845552.8120216402,1698610798.6822329
CIECHANOWSKI,1930,baseline,1495360042.8791447,1495123852.58148,297996.78353860986,61806.48587390844,61806.48587390844,236190.29766470141,1495062046.095606
CIESZYŃSKI,1930,baseline,1621487225.2988951,1620781420.3033094,799699.3535664169,93894.35798075474,93894.35798075474,705804.9955856622,1620687525.9453287
CZARNKOWSKI,1930,baseline,1742764018.931113,1742587463.817045,199300.39118322264,22745.277114991888,22745.277114991888,176555.11406823076,1742564718.5399299
CZORTKOWSKI,1930,baseline,1314048792.1985025,1313809481.357188,277870.18912757136,38559.347813036446,38559.347813036446,239310.84131453492,1313770922.0093749
CZĘSTOCHOWSKI,1930,baseline,1613222624.89985,1612870002.0985496,394856.12336438004,42233.32206414523,42233.32206414523,352622.8013002348,1612827768.7764854
DOBROMILSKI,1930,baseline,1407719972.6768434,1407587066.766306,161567.3252122849,28661.41467487049,28661.41467487049,132905.9105374144,1407558405.3516312
DOLIŃSKI,1930,baseline,1372549129.384535,1372467072.2628136,107117.47837241298,25060.356650946564,25060.356650946564,82057.12172146642,1372442011.9061627
DROHICKI,1930,baseline,1298292195.523228,1298217234.7845767,87877.4466526425,12916.708001424297,12916.708001424297,74960.7386512182,1298204318.0765753
DROHOBYCKI,1930,baseline,1395677671.2191217,1395309262.64066,411520.90030608437,43112.32184422848,43112.32184422848,368408.5784618559,1395266150.3188157
DUBIEŃSKI,1930,baseline,1273030241.096657,1272944415.657548,101365.25085653085,15539.811747624743,15539.811747624743,85825.43910890611,1272928875.8458004
DZIAŁDOWSKI,1930,baseline,1503585690.7407658,1503489469.4471638,114793.97447473639,18572.680872796,18572.680872796,96221.29360194039,1503470896.7662911
DZIŚNIEŃSKI,1930,baseline,1118780997.380576,1118737075.3040411,48898.31758492782,4976.241050286429,4976.241050286429,43922.07653464139,1118732099.062991
DĄBROWSKI,1930,baseline,1509962680.89116,1509814183.5325341,203299.478195655,54802.11956968593,54802.11956968593,148497.3586259691,1509759381.4129643
GARWOLIŃSKI,1930,baseline,1494990462.7557745,1494880877.6330433,189779.89792320764,80194.77519190715,80194.77519190715,109585.1227313005,1494800682.8578513
GNIEŹNIEŃSKI,1930,baseline,1827814790.9152427,1827557811.4982095,336611.73632889386,79632.31929572138,79632.31929572138,256979.41703317247,1827478179.1789138
GORLICKI,1930,baseline,1488810603.7459712,1488641616.2902083,207734.74482944005,38747.28906659615,38747.28906659615,168987.4557628439,1488602869.0011418
GOSTYNIŃSKI,1930,baseline,1600535961.486353,1600317800.881328,305330.7410399599,87170.13601518498,87170.13601518498,218160.6050247749,1600230630.745313
GOSTYŃSKI,1930,baseline,1864772124.3922844,1864446830.2973447,388672.73029986053,63378.6353603321,63378.6353603321,325294.09493952844,1864383451.6619844
GRODZIEŃSKI,1930,baseline,1312369064.180292,1312313053.188585,71017.43155996008,15006.439853285996,15006.439853285996,56010.99170667408,1312298046.7487319
GRUDZIĄDZKI,1930,baseline,1583270064.9430757,1582708970.9662914,609803.4347782995,48709.45799397335,48709.45799397335,561093.9767843261,1582660261.5082974
GRÓDECKI,1930,baseline,1373882308.654595,1373743242.8859026,256328.960858933,117263.1921664622,117263.1921664622,139065.76869247077,1373625979.693736
GRÓJECKI,1930,baseline,1454064609.2853339,1453858681.354009,223862.94663179948,17935.0153069587,17935.0153069587,205927.93132484079,1453840746.338702
HOROCHOWSKI,1930,baseline,1304077505.3367422,1303985087.0619,104874.5863542385,12456.31151203077,12456.31151203077,92418.27484220773,1303972630.750388
HORODEŃSKI,1930,baseline,1325955142.2269008,1325753188.9660835,218332.19747586653,16378.936658697505,16378.936658697505,201953.26081716904,1325736810.029425
HRUBIESZOWSKI,1930,baseline,1348330475.4483602,1348161000.1623545,195878.56846969886,26403.2824639229,26403.2824639229,169475.28600577597,1348134596.8798904
INOWROCŁAWSKI,1930,baseline,1707862786.008271,1707521954.324268,400841.0569333522,60009.372930645404,60009.372930645404,340831.6840027068,1707461944.9513376
IWACEWICKI,1930,baseline,1279234665.6233315,1279201420.244287,44338.58603235713,11093.206987968719,11093.206987968719,33245.37904438841,1279190327.0372992
IŁŻECKI,1930,baseline,1508716419.9863591,1508584654.5586703,169424.77941751393,37659.35172868576,37659.35172868576,131765.42768882817,1508546995.2069416
JANOWSKI,1930,baseline,1429604299.4760888,1429508768.50262,128810.79821421579,33279.82474534656,33279.82474534656,95530.97346886923,1429475488.6778746
JAROCIŃSKI,1930,baseline,1814479427.368165,1814181268.3227687,354769.7184791737,56610.67308278372,56610.67308278372,298159.04539639,1814124657.6496859
JAROSŁAWSKI,1930,baseline,1447891008.194069,1447753776.6313298,182135.33766900917,44903.774929706844,44903.774929706844,137231.56273930232,1447708872.8564
JASIELSKI,1930,baseline,1471785318.5439818,1471623486.664282,213105.18888900365,51273.309189242864,51273.309189242864,161831.8796997608,1471572213.3550928
JAWOROWSKI,1930,baseline,1345834905.944087,1345694195.6070704,178343.1935915487,37632.85657512959,37632.85657512959,140710.33701641913,1345656562.7504954
JĘDRZEJOWSKI,1930,baseline,1578925015.058532,1578763902.7962558,212726.3007821628,51614.03850593614,51614.03850593614,161112.26227622668,1578712288.7577498
KALISKI,1930,baseline,1725092895.9396317,1724757912.32021,360356.9535714071,25373.334149574537,25373.334149574537,334983.6194218326,1724732538.9860604
KAMIONECKI,1930,baseline,1355017859.4236727,1354889250.2665527,176074.2173729742,47465.06025289578,47465.06025289578,128609.15712007842,1354841785.2062998
KARTUSKI,1930,baseline,1475717926.306063,1475614399.393098,121200.45981022941,17673.546845488443,17673.546845488443,103526.91296474097,1475596725.8462527
KATOWICE,1930,baseline,1796315369.5165136,1779294601.9963381,17701815.133214828,681047.6130391923,681047.6130391923,17020767.520175636,1778613554.3832989
KAŁUSKI,1930,baseline,1361583573.106334,1361455108.1814551,152302.15679676848,23837.231917748006,23837.231917748006,128464.92487902047,1361431270.9495373
KIELECKI,1930,baseline,1563528971.4859598,1563345000.4726477,226234.6635930651,42263.650280843736,42263.650280843736,183971.01331222136,1563302736.8223667
KOBRYŃSKI,1930,baseline,1339917834.1932242,1339875322.6699965,61036.17417971967,18524.650952213924,18524.650952213924,42511.52322750574,1339856798.0190444
KOLBUSZOWSKI,1930,baseline,1452073596.01682,1451937302.806971,158171.86049328969,21878.65064426716,21878.65064426716,136293.20984902253,1451915424.1563268
KOLSKI,1930,baseline,1694331202.4597287,1694097526.6929512,301434.95103567094,67759.18425828524,67759.18425828524,233675.7667773857,1694029767.508693
KONECKI,1930,baseline,1570353003.2940557,1570209412.6643727,195209.29483748018,51618.66515436944,51618.66515436944,143590.62968311075,1570157793.9992182
KONIŃSKI,1930,baseline,1728761191.2508893,1728554888.1997898,241124.2542843114,34821.20318477229,34821.20318477229,206303.05109953912,1728520066.996605
KOPYCZYNIECKI,1930,baseline,1307480220.6816351,1307318490.4011784,198819.71306219924,37089.432605565424,37089.432605565424,161730.2804566338,1307281400.9685729
KOSOWSKI (KOSÓW HUCULSKI),1930,baseline,1312997293.8201666,1312951499.6658964,56499.44623291308,10705.291962612082,10705.291962612082,45794.15427030099,1312940794.3739338
KOSTOPOLSKI,1930,baseline,1241279440.420328,1241239897.775658,53709.07658244375,14166.431912402679,14166.431912402679,39542.64467004107,1241225731.3437455
KOSZYRSKI,1930,baseline,1229514725.5854075,1229479578.8072093,39908.675231707435,4761.897033540788,4761.897033540788,35146.77819816665,1229474816.9101758
KOWELSKI,1930,baseline,1340889609.6685445,1340860460.4228032,46276.912514562835,17127.66677296526,17127.66677296526,29149.24574159757,1340843332.75603
KOZIENICKI,1930,baseline,1476058577.630464,1475957020.5076761,138280.57415015565,36723.45136223054,36723.45136223054,101557.12278792511,1475920297.056314
KOŁOMYJSKI,1930,baseline,1376040780.8214288,1375881272.3643222,188430.02409605175,28921.566989375573,28921.566989375573,159508.4571066762,1375852350.7973328
KOŚCIAŃSKI,1930,baseline,1934705429.12451,1934366419.2768614,428944.8897694858,89935.04212081493,89935.04212081493,339009.8476486709,1934276484.2347405
KOŚCIERSKI,1930,baseline,1515740697.3516026,1515628011.1680937,133252.33604285924,20566.152533893925,20566.152533893925,112686.18350896533,1515607445.0155597
KRAKOWSKI,1930,baseline,1632223350.186406,1631768318.9702713,3708109.746360238,3253078.5302256425,3253078.5302256425,455031.2161345956,1628515240.4400456
KRAKÓW (MIASTO),1930,baseline,1701424081.2879486,1630068169.095274,72417729.05116856,1061816.8584939912,1061816.8584939912,71355912.19267456,1629006352.23678
KRASNOSTAWSKI,1930,baseline,1399673525.5677917,1399529136.9715424,179463.24745081863,35074.65120151311,35074.65120151311,144388.59624930553,1399494062.3203409
KROTOSZYŃSKI,1930,baseline,1814459964.6895254,1814092680.1535795,420275.75919864816,52991.22325281023,52991.22325281023,367284.5359458379,1814039688.9303267
KROŚNIEŃSKI,1930,baseline,1456978087.6130605,1456681697.5221093,331250.15097954904,34860.06002821085,34860.06002821085,296390.0909513382,1456646837.462081
KRZEMIENIECKI,1930,baseline,1245710918.6356359,1245623527.0392451,100244.06586043643,12852.469469728505,12852.469469728505,87391.59639070793,1245610674.5697753
KUTNOWSKI,1930,baseline,1657149029.1582372,1656582406.9760852,706162.4524342818,139540.2702822677,139540.2702822677,566622.1821520141,1656442866.705803
KĘPIŃSKI,1930,baseline,1775854242.5934045,1775619986.8668888,260056.6013564808,25800.874840825927,25800.874840825927,234255.72651565485,1775594185.992048
LESKI,1930,baseline,1367339990.2827792,1367265423.9742463,85517.44827270237,10951.139739733217,10951.139739733217,74566.30853296915,1367254472.8345065
LESZCZYŃSKI,1930,baseline,1946809825.6668615,1946478671.1303916,403734.95975960104,72580.42328967626,72580.42328967626,331154.5364699248,1946406090.7071018
LIDZKI,1930,baseline,1249668848.849432,1249620170.0716164,61168.73827352471,12489.960457965673,12489.960457965673,48678.777815559035,1249607680.1111584
LIMANOWSKI,1930,baseline,1522005388.1154861,1521897552.2614617,141636.38728398894,33800.533259628755,33800.533259628755,107835.85402436017,1521863751.728202
LIPNOWSKI,1930,baseline,1354151479.2550008,1353966565.3001838,202444.21253115422,17530.257714101936,17530.257714101936,184913.9548170523,1353949035.0424697
LUBACZOWSKI,1930,baseline,1334657081.9477997,1334547470.397592,123542.18191811716,13930.63171059482,13930.63171059482,109611.55020752233,1334533539.7658815
LUBARTOWSKI,1930,baseline,1424972101.04768,1424861517.3915746,188154.48885135353,77570.83274607346,77570.83274607346,110583.65610528008,1424783946.5588286
LUBAWSKI,1930,baseline,1507030405.2158024,1506819821.4303377,225672.13813380143,15088.352668898939,15088.352668898939,210583.7854649025,1506804733.0776687
LUBELSKI,1930,baseline,1448764564.326082,1448406670.444874,402126.6901267342,44232.808918810304,44232.808918810304,357893.8812079239,1448362437.6359553
LUBLINIECKI,1930,baseline,1770534938.2972136,1770222002.6892989,389671.94009354163,76736.33217877176,76736.33217877176,312935.60791476985,1770145266.35712
LUBOMELSKI,1930,baseline,1355523741.686755,1355485027.0014439,58187.42139468799,19472.73608352515,19472.73608352515,38714.68531116284,1355465554.2653604
LWOWSKI,1930,baseline,1394950787.0775423,1394750878.1392748,3007495.3250869894,2807586.3868196197,2807586.3868196197,199908.93826736993,1391943291.7524552
LWÓW (MIASTO),1930,baseline,1435164582.982268,1401004351.3872197,35004002.387566164,843770.7925177197,843770.7925177197,34160231.59504844,1400160580.594702
M. ST. WARSZAWA,1930,baseline,1671335340.1455266,1548071886.5182993,123475002.86366814,211549.23644089303,211549.23644089303,123263453.62722725,1547860337.2818584
MAKOWSKI (MAKÓW MAZOWIECKI),1930,baseline,1432478953.0216227,1432340213.1054022,158273.0702876816,19533.154067238218,19533.154067238218,138739.91622044338,1432320679.951335
MIECHOWSKI,1930,baseline,1595354016.7918613,1595142338.2786095,247287.62005014843,35609.106798327586,35609.106798327586,211678.51325182084,1595106729.171811
MIELECKI,1930,baseline,1487342675.3992083,1487219031.3914146,164865.69020677594,41221.68241300703,41221.68241300703,123644.0077937689,1487177809.7090015
MIĘDZYCHODZKI,1930,baseline,1943605658.556348,1943428735.5708992,201567.2372395851,24644.251790768078,24644.251790768078,176922.98544881702,1943404091.3191085
MIŃSKI,1930,baseline,1504382392.129754,1504136347.912059,423636.85305968666,177592.6353647221,177592.6353647221,246044.21769496455,1503958755.2766943
MOGILEŃSKI,1930,baseline,1730918202.3780775,1730628349.9358132,339301.7675634616,49449.325299090335,49449.325299090335,289852.44226437126,1730578900.6105142
MORSKI,1930,baseline,1413588644.9854946,1413314883.0032763,280670.66884079576,6908.686622667187,6908.686622667187,273761.98221812857,1413307974.3166537
MOŁODECZAŃSKI,1930,baseline,1168147430.009675,1168067792.9821374,92143.80881599155,12506.781278434626,12506.781278434626,79637.02753755692,1168055286.200859
MOŚCISKI,1930,baseline,1403437749.2320619,1403252037.5944512,219762.42932083915,34050.791710063866,34050.791710063866,185711.63761077527,1403217986.802741
MYŚLENICKI,1930,baseline,1546070598.9664319,1545906494.4352994,199033.28558456682,34928.7544519379,34928.7544519379,164104.5311326289,1545871565.6808474
MŁAWSKI,1930,baseline,1498143129.3446035,1497978798.600451,200088.06957537093,35757.32542278646,35757.32542278646,164330.74415258446,1497943041.2750282
NADWÓRNIAŃSKI,1930,baseline,1353235345.1955912,1353136343.2796726,119630.44285455039,20628.526936075006,20628.526936075006,99001.91591847538,1353115714.7527366
NIESZAWSKI,1930,baseline,1647490574.2524905,1647246714.2687223,297378.1818842216,53518.19811614179,53518.19811614179,243859.9837680798,1647193196.0706062
NIEŚWIESKI,1930,baseline,1221176110.9605274,1221072830.1925929,114201.89365256342,10921.125718192829,10921.125718192829,103280.7679343706,1221061909.0668747
NIŻAŃSKI,1930,baseline,1461961268.5808032,1461842974.6891222,142797.37218890645,24503.48050777499,24503.48050777499,118293.89168113146,1461818471.2086143
NOWOGRÓDZKI,1930,baseline,1214938541.12537,1214872586.6460748,77884.20288626633,11929.723590975089,11929.723590975089,65954.47929529124,1214860656.9224837
NOWOSĄDECKI,1930,baseline,1502521356.3954318,1502371005.54215,180691.80546414733,30340.952182309262,30340.952182309262,150350.85328183806,1502340664.5899677
NOWOTARSKI,1930,baseline,1543371976.5364838,1543262936.8424447,140774.02767701403,31734.33363802852,31734.33363802852,109039.69403898552,1543231202.5088067
NOWOTOMYSKI,1930,baseline,2010391749.807112,2010106982.8044417,318193.0337914601,33426.03112116047,33426.03112116047,284767.0026702996,2010073556.7733204
OBORNICKI,1930,baseline,1849879005.895771,1849711796.7688751,266507.7383636753,99298.61146787435,99298.61146787435,167209.12689580093,1849612498.1574073
OLKUSKI,1930,baseline,1663286576.6177952,1663053372.9979727,286433.2211993391,53229.601376838844,53229.601376838844,233203.61982250024,1663000143.396596
OPATOWSKI,1930,baseline,1515546606.8063023,1515320367.599047,259125.5460127021,32886.33875728481,32886.33875728481,226239.2072554173,1515287481.2602897
OPOCZYŃSKI,1930,baseline,1576394762.1800194,1576284448.4339511,186024.65640952438,75710.91034117137,75710.91034117137,110313.746068353,1576208737.5236099
OSTROWSKI (OSTRÓW MAZOWIECKA),1930,baseline,1429301211.2434833,1429197032.8919914,146824.373282669,42646.02179072095,42646.02179072095,104178.35149194804,1429154386.8702006
OSTROWSKI (OSTRÓW WIELKOPOLSKI),1930,baseline,1810984655.5237992,1810665739.8126264,361314.0307376315,42398.31956479044,42398.31956479044,318915.711172841,1810623341.4930615
OSTROŁĘCKI,1930,baseline,1406279092.1919763,1406193273.5721955,118708.53329672426,32889.91351593301,32889.91351593301,85818.61978079125,1406160383.6586795
OSZMIAŃSKI,1930,baseline,1129806364.248413,1129749611.1025765,61126.22241097736,4373.076574365778,4373.076574365778,56753.145836611584,1129745238.0260022
PIOTRKOWSKI,1930,baseline,1605409955.3810358,1605201316.336435,282562.3503692582,73923.30576838448,73923.30576838448,208639.04460087375,1605127393.0306666
PIŃCZOWSKI,1930,baseline,1547961654.7813337,1547770068.2719057,218669.70299579122,27083.193567701826,27083.193567701826,191586.5094280894,1547742985.078338
PIŃSKI,1930,baseline,1255099913.844482,1255056077.2958965,53003.03408942489,9166.485503897557,9166.485503897557,43836.54858552733,1255046910.8103926
PODHAJECKI,1930,baseline,1342859851.2421541,1342747288.619806,145346.1937055506,32783.57135737747,32783.57135737747,112562.62234817313,1342714505.0484486
POSTAWSKI,1930,baseline,1132765051.3403966,1132729280.313025,43033.44337363328,7262.4160020599375,7262.4160020599375,35771.02737157334,1132722017.897023
POZNAŃ (MIASTO),1930,baseline,1980175870.6434565,1941763926.2637823,39584160.084222436,1172215.7045481307,1172215.7045481307,38411944.37967431,1940591710.5592341
POZNAŃSKI,1930,baseline,1932060510.57227,1931863269.3282547,4732040.215632217,4534798.9716169145,4534798.9716169145,197241.2440153022,1927328470.3566377
PRUŻAŃSKI,1930,baseline,1323880064.9494119,1323825261.6090937,67447.62202374567,12644.281705500616,12644.281705500616,54803.34031824506,1323812617.327388
PRZASNYCKI,1930,baseline,1366979243.8477955,1366858190.0404148,136664.48549992059,15610.678119121996,15610.678119121996,121053.8073807986,1366842579.3622956
PRZEMYSKI,1930,baseline,1434792040.379764,1434469372.778103,364957.5133186859,42289.91165781133,42289.91165781133,322667.60166087456,1434427082.8664453
PRZEMYŚLAŃSKI,1930,baseline,1364826608.1633987,1364660735.9024105,202196.53386722476,36324.27287886159,36324.27287886159,165872.26098836318,1364624411.6295316
PRZEWORSKI,1930,baseline,1449393623.041335,1448970130.3985207,468117.1004863546,44624.45767184669,44624.45767184669,423492.64281450794,1448925505.9408488
PSZCZYŃSKI,1930,baseline,1742723152.7173343,1742130878.7902474,848543.453451212,256269.52636433323,256269.52636433323,592273.9270868788,1741874609.263883
PUŁAWSKI,1930,baseline,1441537605.2450347,1441384276.5212479,187849.11949812365,34520.39571125868,34520.39571125868,153328.72378686495,1441349756.1255367
PUŁTUSKI,1930,baseline,1461642251.0795162,1461462400.9395394,246326.45942463854,66476.31944806332,66476.31944806332,179850.1399765752,1461395924.6200914
PŁOCKI,1930,baseline,1566701333.7900882,1566379359.4356334,367973.3424335382,45998.987978598125,45998.987978598125,321974.35445494007,1566333360.4476547
PŁOŃSKI,1930,baseline,1444698197.1570194,1444516604.2188697,242411.6331916276,60818.69504197401,60818.69504197401,181592.93814965358,1444455785.5238278
RADOMSKI,1930,baseline,1515495204.5442257,1515337284.0716712,192819.45070073142,34898.978146283145,34898.978146283145,157920.47255444826,1515302385.093525
RADOMSZCZAŃSKI,1930,baseline,1605554652.207131,1605399465.527788,216345.07142359196,61158.39208048909,61158.39208048909,155186.67934310288,1605338307.1357074
RADZIECHOWSKI,1930,baseline,1313163925.9404716,1313056978.3709626,121648.99001594131,14701.42050697846,14701.42050697846,106947.56950896284,1313042276.9504557
RADZYMIŃSKI,1930,baseline,1507621478.238625,1507358195.431779,575983.5519839311,312700.7451376294,312700.7451376294,263282.8068463017,1507045494.6866412
RADZYŃSKI,1930,baseline,1441573662.371413,1441466342.7671964,144821.4403798509,37501.83616337922,37501.83616337922,107319.60421647166,1441428840.9310331
RAWICKI,1930,baseline,1868879788.6529703,1868424632.3917096,509086.5718350973,53930.310574337636,53930.310574337636,455156.2612607596,1868370702.0811353
RAWSKI (RAWA MAZOWIECKA),1930,baseline,1562517132.9475398,1562338774.5125718,245116.34600263642,66757.9110346289,66757.9110346289,178358.43496800752,1562272016.6015372
RAWSKI (RAWA RUSKA),1930,baseline,1371040812.5124211,1370931699.685911,137578.13462098967,28465.3081107891,28465.3081107891,109112.82651020057,1370903234.3778002
ROHATYŃSKI,1930,baseline,1356630930.310071,1356469905.230884,191781.5391460493,30756.459959134867,30756.459959134867,161025.07918691443,1356439148.770925
ROPCZYCKI,1930,baseline,1509031060.7261338,1508863171.8848796,212940.54435996443,45051.70310557868,45051.70310557868,167888.84125438577,1508818120.181774
RUDECKI,1930,baseline,1387308746.7725954,1387102226.9258018,252491.1068983234,45971.26010464436,45971.26010464436,206519.84679367905,1387056255.665697
RYBNICKI,1930,baseline,1672177805.5123634,1671115202.4297903,1146806.4075788336,84203.3250057682,84203.3250057682,1062603.0825730655,1671030999.1047845
RYPIŃSKI,1930,baseline,1352626766.2901187,1352424204.5778632,222808.1349707468,20246.422715204088,20246.422715204088,202561.7122555427,1352403958.155148
RZESZOWSKI,1930,baseline,1470270532.908607,1470040180.040577,260293.6239646683,29940.75593463972,29940.75593463972,230352.8680300286,1470010239.2846422
RÓWIEŃSKI,1930,baseline,1262334986.7315743,1262224194.8543766,126292.26154280646,15500.384345087301,15500.384345087301,110791.87719771916,1262208694.4700315
SAMBORSKI,1930,baseline,1410409109.4244587,1410234019.4199934,236437.85047358726,61347.84600828248,61347.84600828248,175090.00446530478,1410172671.573985
SANDOMIERSKI,1930,baseline,1473239197.4525068,1473048234.3307052,206203.42386176734,15240.302060114524,15240.302060114524,190963.12180165283,1473032994.028645
SANOCKI,1930,baseline,1404976371.8689284,1404822884.1107564,170094.44889188596,16606.690719921902,16606.690719921902,153487.75817196406,1404806277.4200366
SARNEŃSKI,1930,baseline,1246104456.3854117,1246080518.5166278,34367.4415208091,10429.572736628503,10429.572736628503,23937.8687841806,1246070088.943891
SIEDLECKI,1930,baseline,1465031945.402324,1464892338.3976438,195505.1532942827,55898.14861411409,55898.14861411409,139607.0046801686,1464836440.2490296
SIERADZKI,1930,baseline,1687622377.4281702,1687383301.8054996,305504.2966834447,66428.67401298245,66428.67401298245,239075.62267046227,1687316873.1314867
SIERPECKI,1930,baseline,1379041561.8140864,1378833973.5969036,233035.33518933493,25447.11800655676,25447.11800655676,207588.21718277817,1378808526.478897
SKAŁACKI,1930,baseline,1281684950.2269027,1281510371.0754533,188012.07766146064,13432.926211999682,13432.926211999682,174579.15144946097,1281496938.1492412
SKIERNIEWICKI,1930,baseline,1614591744.9823594,1614324072.1424935,423511.13807635906,155838.29821036925,155838.29821036925,267672.8398659898,1614168233.844283
SOCHACZEWSKI,1930,baseline,1573520071.2340453,1573242401.313959,388663.23854638124,110993.3184598695,110993.3184598695,277669.92008651176,1573131407.995499
SOKALSKI,1930,baseline,1344424883.6005528,1344277620.1854744,167452.2153307424,20188.80025237395,20188.80025237395,147263.41507836845,1344257431.385222
SOKOŁOWSKI,1930,baseline,1442030403.669872,1441908653.6513944,178693.2440968706,56943.225619177814,56943.225619177814,121750.01847769278,1441851710.4257753
SOKÓLSKI,1930,baseline,1348393450.176951,1348335820.5089846,85091.27789867882,27461.60993246192,27461.60993246192,57629.6679662169,1348308358.8990521
STANISŁAWOWSKI,1930,baseline,1376363415.288475,1376120615.0093145,278759.3547506698,35959.0755902147,35959.0755902147,242800.27916045507,1376084655.9337244
STAROGARDZKI,1930,baseline,1536531921.817501,1536308035.846831,245844.379109433,21958.408439361196,21958.408439361196,223885.9706700718,1536286077.4383917
STOLIŃSKI,1930,baseline,1213479185.7166045,1213452534.5306115,34702.00634886699,8050.820355854291,8050.820355854291,26651.185993012703,1213444483.7102556
STOPNICKI,1930,baseline,1461723994.6854022,1461599079.1352978,139251.8172897638,14336.267185508887,14336.267185508887,124915.55010425491,1461584742.8681123
STOŁPECKI,1930,baseline,1197303601.969798,1197237945.4275463,72202.47420670502,6545.931954931985,6545.931954931985,65656.54225177303,1197231399.4955914
STRYJSKI,1930,baseline,1371273832.4858027,1371149018.839683,168200.97375928593,43387.327639640906,43387.327639640906,124813.64611964504,1371105631.5120435
SUWALSKI,1930,baseline,1244074375.022444,1243995977.6279824,88353.30672135431,9955.912259858622,9955.912259858622,78397.39446149569,1243986021.7157226
SZAMOTULSKI,1930,baseline,1876377750.4379988,1876168113.9548676,256877.47800355905,47240.994872322095,47240.994872322095,209636.48313123695,1876120872.9599953
SZCZUCZYŃSKI (WOJ. BIAŁOSTOCKIE),1930,baseline,1335006148.5659306,1334905102.976949,113368.02744337951,12322.438461851661,12322.438461851661,101045.58898152785,1334892780.5384872
SZCZUCZYŃSKI (WOJ. NOWOGRÓDZKIE),1930,baseline,1280092469.598901,1280040367.7033114,63895.50592774152,11793.610338317276,11793.610338317276,52101.895589424246,1280028574.0929732
SZUBIŃSKI,1930,baseline,1725018383.7330947,1724833722.871413,259319.06624317766,74658.20456152406,74658.20456152406,184660.8616816536,1724759064.6668515
SĘPOLEŃSKI,1930,baseline,1648693569.80563,1648443088.0679548,288570.7631273146,38089.02545205495,38089.02545205495,250481.73767525968,1648404999.0425026
SŁONIMSKI,1930,baseline,1273916560.4815238,1273868441.7588453,62374.26911852627,14255.546440211969,14255.546440211969,48118.7226783143,1273854186.2124052
TARNOBRZESKI,1930,baseline,1489785507.2135863,1489628405.301037,184619.82247325202,27517.90992413438,27517.90992413438,157101.91254911764,1489600887.391113
TARNOGÓRSKI,1930,baseline,1805061400.0575843,1803094149.1451712,2328906.2918185275,361655.3794054928,361655.3794054928,1967250.9124130346,1802732493.7657657
TARNOPOLSKI,1930,baseline,1319872742.0948102,1319684525.2370942,219860.4082798673,31643.550563724904,31643.550563724904,188216.85771614237,1319652881.6865304
TARNOWSKI,1930,baseline,1537825465.7115932,1537507987.4008482,388495.0769212655,71016.76617620922,71016.76617620922,317478.3107450563,1537436970.634672
TCZEWSKI,1930,baseline,1514972949.3787084,1514552881.3471382,435122.4909661086,15054.459395800613,15054.459395800613,420068.031570308,1514537826.8877423
TOMASZOWSKI,1930,baseline,1323320806.5119545,1323183089.703264,153934.23087220243,16217.42218157473,16217.42218157473,137716.80869062772,1323166872.2810824
TORUŃSKI,1930,baseline,1654986913.9383302,1654576263.404978,467541.042724218,56890.5093720006,56890.5093720006,410650.5333522174,1654519372.895606
TREMBOWELSKI,1930,baseline,1314027257.1638405,1313864221.5598705,197003.52517377946,33967.92120356572,33967.92120356572,163035.60397021374,1313830253.6386669
TUCHOLSKI,1930,baseline,1599439139.081477,1599290425.7708437,187721.57985099393,39008.269217744506,39008.269217744506,148713.31063324944,1599251417.501626
TURCZAŃSKI,1930,baseline,1360548686.4626508,1360476080.630832,91858.72536580592,19252.893547109055,19252.893547109055,72605.83181869687,1360456827.737285
TURECKI,1930,baseline,1636587379.6358423,1636431198.8311255,172109.42519523366,15928.620478361127,15928.620478361127,156180.80471687255,1636415270.210647
TŁUMACKI,1930,baseline,1354804938.492508,1354642627.209095,203454.21550575207,41142.93209294964,41142.93209294964,162311.28341280244,1354601484.277002
WADOWICKI,1930,baseline,1626418641.6914003,1626138176.9872174,388505.1987452991,108040.49456241295,108040.49456241295,280464.7041828861,1626030136.492655
WARSZAWSKI,1930,baseline,1541013612.8529174,1540494687.746466,1629905.69225142,1110980.585799942,1110980.585799942,518925.1064514781,1539383707.160666
WIELUŃSKI,1930,baseline,1762956972.7071733,1762833720.5263364,142051.5664223808,18799.38558546248,18799.38558546248,123252.18083691833,1762814921.140751
WILEJSKI,1930,baseline,1154307566.273476,1154263411.6447544,53587.27717960875,9432.6484582496,9432.6484582496,44154.62872135915,1154253978.9962962
WILEŃSKO-TROCKI,1930,baseline,1216262749.2474387,1216226901.999328,180596.08320282277,144748.8350920327,144748.8350920327,35847.24811079005,1216082153.1642358
WILNO (MIASTO),1930,baseline,1238431973.7807949,1227653991.8277252,10883159.587546987,105177.63447736242,105177.63447736242,10777981.953069625,1227548814.1932478
WOLSZTYŃSKI,1930,baseline,2063277276.3576994,2063065767.407896,261289.94715754114,49780.99735419699,49780.99735419699,211508.94980334415,2063015986.4105418
WOŁKOWYSKI,1930,baseline,1333108163.575271,1333062796.5492024,62298.46944346411,16931.44337512539,16931.44337512539,45367.026068338724,1333045865.1058273
WOŁOŻYŃSKI,1930,baseline,1170362653.8410752,1170306608.712745,62743.03702674758,6697.908696470157,6697.908696470157,56045.128330277425,1170299910.8040485
WRZESIŃSKI,1930,baseline,1838010747.5742059,1837698825.591372,390836.28719650407,78914.30436244686,78914.30436244686,311921.98283405724,1837619911.2870095
WYRZYSKI,1930,baseline,1685052371.6379519,1684822920.3256676,274601.68544221943,45150.37315807693,45150.37315807693,229451.31228414248,1684777769.9525096
WYSOKOMAZOWIECKI,1930,baseline,1390651650.9259212,1390546580.9719124,139893.78135045484,34823.827341576594,34823.827341576594,105069.95400887825,1390511757.1445708
WĄBRZESKI,1930,baseline,1600114724.1192122,1599862038.7474117,298536.19382562104,45850.82202524951,45850.82202524951,252685.3718003715,1599816187.9253864
WĄGROWIECKI,1930,baseline,1806582832.6503012,1806407943.3932123,242621.55493941053,67732.29785051699,67732.29785051699,174889.25708889356,1806340211.0953617
WĘGROWSKI,1930,baseline,1423114292.1382189,1422971148.1404119,185023.8531341535,41879.85532703243,41879.85532703243,143143.99780712108,1422929268.2850847
WŁOCŁAWSKI,1930,baseline,1638257185.434682,1637803341.0682728,509386.87228375,55542.505874683455,55542.505874683455,453844.36640906654,1637747798.5623982
WŁODAWSKI,1930,baseline,1364593620.3026772,1364528483.402693,82610.17441559449,17473.27443152827,17473.27443152827,65136.899984066215,1364511010.1282616
WŁODZIMIERSKI,1930,baseline,1340425761.2712998,1340335616.4065099,112818.72347404636,22673.85868415253,22673.85868415253,90144.86478989384,1340312942.5478258
WŁOSZCZOWSKI,1930,baseline,1524560864.114671,1524450813.5163453,138450.25645333796,28399.658127458733,28399.658127458733,110050.59832587924,1524422413.8582177
ZALESZCZYCKI,1930,baseline,1313962788.570996,1313807289.716213,173641.57242623338,18142.717643248885,18142.717643248885,155498.8547829845,1313789146.9985697
ZAMOJSKI,1930,baseline,1395311127.5655494,1395127147.2730799,219033.13020524304,35052.837735581794,35052.837735581794,183980.29246966125,1395092094.4353442
ZBARASKI,1930,baseline,1299285452.9323242,1299120848.2036643,196108.91508308562,31504.186423318675,31504.186423318675,164604.72865976696,1299089344.017241
ZBOROWSKI,1930,baseline,1312202436.2082014,1312063375.0609934,162517.25476882095,23456.107560764103,23456.107560764103,139061.14720805685,1312039918.9534326
ZDOŁBUNOWSKI,1930,baseline,1254054616.667511,1253910302.45315,157518.1962717961,13203.981910872408,13203.981910872408,144314.21436092368,1253897098.471239
ZŁOCZOWSKI,1930,baseline,1331084325.5342712,1330947867.4206057,165957.3395956349,29499.22593004829,29499.22593004829,136458.1136655866,1330918368.1946757
ŁASKI,1930,baseline,1573717497.0736952,1573349483.9543145,375971.3368364985,7958.217455893939,7958.217455893939,368013.1193806046,1573341525.7368586
ŁAŃCUCKI,1930,baseline,1450855429.4744995,1450666668.3727512,215219.59864872042,26458.496900592727,26458.496900592727,188761.1017481277,1450640209.8758507
ŁOMŻYŃSKI,1930,baseline,1378475268.1276984,1378362538.6367815,134370.65850582367,21641.167588998433,21641.167588998433,112729.49091682523,1378340897.4691925
ŁOWICKI,1930,baseline,1627464533.9476259,1627225773.4047375,398140.59630638856,159380.05341790366,159380.05341790366,238760.5428884849,1627066393.3513196
ŁUCKI,1930,baseline,1305459171.920184,1305400468.3414052,72765.32136979955,14061.7425910342,14061.7425910342,58703.57877876535,1305386406.598814
ŁUKOWSKI,1930,baseline,1456601384.4597003,1456492702.7019305,154830.48466219308,46148.72689237857,46148.72689237857,108681.7577698145,1456446553.975038
ŁUNINIECKI,1930,baseline,1226586054.0779192,1226556452.1274533,39029.10043412737,9427.149968188949,9427.149968188949,29601.950465938426,1226547024.9774852
ŁÓDZKI,1930,baseline,1647379623.042724,1646553941.7182953,1585103.3544218428,759422.0299932593,759422.0299932593,825681.3244285834,1645794519.688302
ŁÓDŹ (MIASTO),1930,baseline,1796758578.7082975,1636227721.204857,160735528.9907815,204671.4873412626,204671.4873412626,160530857.50344023,1636023049.717516
ŁĘCZYCKI,1930,baseline,1657268232.581293,1657000460.4237475,440760.3167622392,172988.15921667722,172988.15921667722,267772.157545562,1656827472.264531
ŚNIATYŃSKI,1930,baseline,1373632128.2483356,1373325255.6816473,321249.74138052796,14377.174692254115,14377.174692254115,306872.56668827386,1373310878.5069551
ŚREDZKI,1930,baseline,1863631440.7759962,1863369100.4003177,358755.1547093985,96414.77903069466,96414.77903069466,262340.3756787039,1863272685.6212869
ŚREMSKI,1930,baseline,1834521800.6857097,1834314899.186874,258713.59670838914,51812.09787256549,51812.09787256549,206901.49883582364,1834263087.0890014
ŚWIECKI,1930,baseline,1605901496.9794354,1605743151.7918255,212695.3273378823,54350.139728176066,54350.139728176066,158345.18760970625,1605688801.6520975
ŚWIĘCIAŃSKI,1930,baseline,1179269945.450139,1179232227.7598605,45996.3702040066,8278.679925383647,8278.679925383647,37717.69027862295,1179223949.079935
ŚWIĘTOCHŁOWICKI,1930,baseline,1833899682.74596,1807467947.1000786,27814965.6449264,1383229.999044972,1383229.999044972,26431735.645881426,1806084717.1010337
ŻNIŃSKI,1930,baseline,1749568823.2944202,1749323709.700684,313086.19033185265,67972.59659567734,67972.59659567734,245113.59373617533,1749255737.1040883
ŻYDACZOWSKI,1930,baseline,1368410361.970518,1368256726.0929892,194682.37815317864,41046.50062407788,41046.50062407788,153635.87752910075,1368215679.592365
ŻYWIECKI,1930,baseline,1634486966.5805643,1634206574.4487753,368457.1099714666,88064.97818246699,88064.97818246699,280392.1317889996,1634118509.4705927
ŻÓŁKIEWSKI,1930,baseline,1373540663.0430338,1373386272.9536824,240793.64976605758,86403.56041462798,86403.56041462798,154390.0893514296,1373299869.3932679
AUGUSTOWSKI,1931,baseline,1200757250.0222585,1200702302.2752306,68044.816056838,13097.06902879836,13097.06902879836,54947.74702803964,1200689205.2062018
BARANOWICKI,1931,baseline,1192592555.4231577,1192539035.1411994,70840.53933992557,17320.257381757114,17320.257381757114,53520.28195816845,1192521714.8838177
BIALSKI (BIAŁA KRAKOWSKA),1931,baseline,1579603482.9043431,1578635443.9591916,1083322.5981192654,115283.65296780846,115283.65296780846,968038.9451514569,1578520160.3062239
BIALSKI (BIAŁA PODLASKA),1931,baseline,1346991362.9818325,1346874837.1418493,146598.10899742087,30072.269014015917,30072.269014015917,116525.83998340496,1346844764.8728352
BIAŁOSTOCKI,1931,baseline,1319051590.4211514,1318905258.2583368,172978.0451043905,26645.88228993509,26645.88228993509,146332.16281445543,1318878612.376047
BIELSKI (BIELSK PODLASKI),1931,baseline,1313148108.7977784,1313109404.66903,62004.424117370494,23300.295368908864,23300.295368908864,38704.12874846163,1313086104.373661
BIELSKO,1931,baseline,1574005879.565838,1572328298.601928,1801890.0349547996,124309.071044612,124309.071044612,1677580.9639101876,1572203989.5308833
BIŁGORAJSKI,1931,baseline,1302389858.5481107,1302321837.4954236,89377.89369141062,21356.841004149126,21356.841004149126,68021.05268726149,1302300480.6544194
BOCHEŃSKI,1931,baseline,1504036949.1027424,1503876781.966373,255729.1870304761,95562.05066119242,95562.05066119242,160167.1363692837,1503781219.9157119
BORSZCZOWSKI,1931,baseline,1208202440.902101,1208075791.5209858,133034.6781032136,6385.296987914731,6385.296987914731,126649.38111529886,1208069406.2239978
BRASŁAWSKI,1931,baseline,1072118127.4025698,1072089268.6039612,31560.11341098738,2701.3148023893154,2701.3148023893154,28858.798608598063,1072086567.2891588
BRODNICKI,1931,baseline,1481493547.286473,1481257706.2001894,264852.632045631,29011.54576199896,29011.54576199896,235841.08628363203,1481228694.6544273
BRODZKI,1931,baseline,1262145520.3989828,1262022615.280934,138901.35899828866,15996.240949527748,15996.240949527748,122905.11804876091,1262006619.0399845
BRZESKI (BRZESKO),1931,baseline,1441322016.704288,1441179045.0603964,200840.67055790732,57869.02666648496,57869.02666648496,142971.64389142234,1441121176.03373
BRZESKI (BRZEŚĆ N.BUG.),1931,baseline,1333887795.6311896,1333827582.432898,87100.31604362457,26887.11775199475,26887.11775199475,60213.19829162982,1333800695.315146
BRZEZIŃSKI,1931,baseline,1538115609.4214559,1537700876.7417195,648614.406914307,233881.72717775262,233881.72717775262,414732.6797365544,1537466995.0145416
BRZEŻAŃSKI,1931,baseline,1301850884.0561838,1301725412.0531542,160751.37111455068,35279.36808498763,35279.36808498763,125472.00302956304,1301690132.6850693
BRZOZOWSKI,1931,baseline,1348779491.0493283,1348508625.8808665,287889.39222742897,17024.223765524017,17024.223765524017,270865.1684619049,1348491601.657101
BUCZACKI,1931,baseline,1272450903.0965157,1272315852.114786,160101.01333400494,25050.031604229203,25050.031604229203,135050.98172977573,1272290802.0831816
BYDGOSKI,1931,baseline,1586259360.5524292,1585886156.0436132,417235.32589826046,44030.81708208278,44030.81708208278,373204.50881617767,1585842125.226531
BÓBRECKI,1931,baseline,1313635477.8530908,1313480594.1254954,189053.66670293806,34169.93910756151,34169.93910756151,154883.72759537655,1313446424.1863878
BĘDZIŃSKI,1931,baseline,1642165026.0639153,1640877548.554526,1371215.3272159414,83737.81782674903,83737.81782674903,1287477.5093891923,1640793810.7366993
BŁOŃSKI,1931,baseline,1481562278.03894,1481013757.4898095,606995.0782752166,58474.529144845415,58474.529144845415,548520.5491303712,1480955282.9606647
CHEŁMIŃSKI,1931,baseline,1519753886.117464,1519511059.5352085,283392.5817030791,40565.999447490416,40565.999447490416,242826.58225558867,1519470493.5357609
CHEŁMSKI,1931,baseline,1338405232.7996523,1338299739.1982994,136029.08380144864,30535.48244850963,30535.48244850963,105493.601352939,1338269203.7158508
CHODZIESKI,1931,baseline,1644211010.1807652,1644022535.0879881,219708.64161032022,31233.54883343712,31233.54883343712,188475.0927768831,1643991301.5391548
CHOJNICKI,1931,baseline,1494306278.166188,1494222318.8450797,106986.68867040679,23027.367562167463,23027.367562167463,83959.32110823932,1494199291.4775176
CHORZÓW,1931,baseline,1776130269.9535584,1703204466.5442352,75733997.36276774,2808193.9534443873,2808193.9534443873,72925803.40932335,1700396272.5907907
CHRZANOWSKI,1931,baseline,1607246041.7399592,1606425158.4458196,956639.2982787855,135756.0041392825,135756.0041392825,820883.294139503,1606289402.4416804
CIECHANOWSKI,1931,baseline,1415406055.8627505,1415231471.7247412,231303.55508991037,56719.41708072883,56719.41708072883,174584.13800918154,1415174752.3076606
CIESZYŃSKI,1931,baseline,1534048264.5508819,1533437488.7494202,690183.019506585,79407.21804494306,79407.21804494306,610775.8014616419,1533358081.5313752
CZARNKOWSKI,1931,baseline,1642154942.997844,1641994634.336334,180752.9463533232,20444.284843513953,20444.284843513953,160308.66150980926,1641974190.0514905
CZORTKOWSKI,1931,baseline,1265789218.250136,1265546142.1587086,277799.3674852933,34723.27605807034,34723.27605807034,243076.09142722297,1265511418.8826506
CZĘSTOCHOWSKI,1931,baseline,1526002563.5313106,1525614769.890731,428362.55257306114,40568.9119935134,40568.9119935134,387793.64057954773,1525574200.9787376
DOBROMILSKI,1931,baseline,1345415467.976026,1345299496.9051647,141816.0852240354,25845.014362861133,25845.014362861133,115971.07086117426,1345273651.890802
DOLIŃSKI,1931,baseline,1319312051.4159822,1319245766.4678984,88632.61307613537,22347.66499243981,22347.66499243981,66284.94808369556,1319223418.802906
DROHICKI,1931,baseline,1234867485.6475155,1234817721.5470927,61609.02825864994,11844.927835641724,11844.927835641724,49764.10042300822,1234805876.619257
DROHOBYCKI,1931,baseline,1338892782.9098544,1338529914.2158198,399931.1739635601,37062.47992903543,37062.47992903543,362868.69403452467,1338492851.7358909
DUBIEŃSKI,1931,baseline,1219428037.779462,1219352170.0651321,91191.91015502234,15324.195824989938,15324.195824989938,75867.71433003241,1219336845.869307
DZIAŁDOWSKI,1931,baseline,1422082556.0923293,1421995916.8281648,103917.31823611145,17278.05407156282,17278.05407156282,86639.26416454863,1421978638.7740932
DZIŚNIEŃSKI,1931,baseline,1063130559.3876495,1063085557.6843383,49638.59898854501,4636.895677323891,4636.895677323891,45001.70331122112,1063080920.788661
DĄBROWSKI,1931,baseline,1434042674.0194972,1433930248.2914598,162114.6891774703,49688.9611401379,49688.9611401379,112425.72803733242,1433880559.3303196
GARWOLIŃSKI,1931,baseline,1417664417.0644224,1417558918.4572458,180594.12252311828,75095.51534661447,75095.51534661447,105498.60717650379,1417483822.9418993
GNIEŹNIEŃSKI,1931,baseline,1722410323.389943,1722175415.1767766,306505.7414533216,71597.52828720897,71597.52828720897,234908.2131661126,1722103817.6484895
GORLICKI,1931,baseline,1415981853.913685,1415848209.4144566,169811.50090061282,36167.00167199032,36167.00167199032,133644.4992286225,1415812042.4127846
GOSTYNIŃSKI,1931,baseline,1517131403.7987804,1516938885.8307233,269901.19489503076,77383.22683783087,77383.22683783087,192517.96805719988,1516861502.6038854
GOSTYŃSKI,1931,baseline,1755524606.4244387,1755238502.594625,340418.48261298577,54314.65279939717,54314.65279939717,286103.8298135886,1755184187.9418256
GRODZIEŃSKI,1931,baseline,1245972495.9078248,1245919976.1057644,66542.65228686933,14022.850226471724,14022.850226471724,52519.8020603976,1245905953.255538
GRUDZIĄDZKI,1931,baseline,1494175058.5948665,1493695139.8898118,523397.50596294703,43478.8009079875,43478.8009079875,479918.7050549595,1493651661.0889037
GRÓDECKI,1931,baseline,1317254763.7757764,1317125593.5962818,236219.71835078418,107049.53885629006,107049.53885629006,129170.17949449412,1317018544.0574255
GRÓJECKI,1931,baseline,1377220989.3621836,1377045522.1238544,192189.66868787905,16722.430358745554,16722.430358745554,175467.23832913348,1377028799.6934958
HOROCHOWSKI,1931,baseline,1247278339.990101,1247178335.0651083,111789.96182100549,11785.036828161117,11785.036828161117,100004.92499284438,1247166550.02828
HORODEŃSKI,1931,baseline,1279139861.7362854,1278963780.0891507,190767.3064166918,14685.659282078446,14685.659282078446,176081.64713461336,1278949094.4298687
HRUBIESZOWSKI,1931,baseline,1286631653.0922503,1286490932.3698807,165268.23551693396,24547.513147465514,24547.513147465514,140720.72236946845,1286466384.8567333
INOWROCŁAWSKI,1931,baseline,1611401915.04423,1611114688.050623,341941.0344304343,54714.040823521966,54714.040823521966,287226.9936069123,1611059974.0097995
IWACEWICKI,1931,baseline,1216677805.2939594,1216651129.4029274,37179.090191036245,10503.199159106007,10503.199159106007,26675.891031930234,1216640626.2037683
IŁŻECKI,1931,baseline,1434103033.2878928,1433940087.099122,199508.09184943483,36561.90307864527,36561.90307864527,162946.18877078957,1433903525.1960435
JANOWSKI,1931,baseline,1362860697.3378053,1362774443.1976664,117017.29445405156,30763.154315229498,30763.154315229498,86254.14013882207,1362743680.0433512
JAROCIŃSKI,1931,baseline,1709364706.8956988,1709115691.5711138,297866.16827531793,48850.84369049269,48850.84369049269,249015.32458482523,1709066840.7274234
JAROSŁAWSKI,1931,baseline,1383531437.4333801,1383417406.8997471,154894.6723042683,40864.138671149034,40864.138671149034,114030.53363311925,1383376542.761076
JASIELSKI,1931,baseline,1401154881.5724862,1401009366.791819,193824.9638154042,48310.18314843066,48310.18314843066,145514.78066697353,1400961056.6086707
JAWOROWSKI,1931,baseline,1290348377.6865437,1290222112.8914683,160621.64672101248,34356.85164576276,34356.85164576276,126264.79507524973,1290187756.0398226
JĘDRZEJOWSKI,1931,baseline,1496717435.4088752,1496562806.556773,204818.88552964572,50190.03342748793,50190.03342748793,154628.85210215778,1496512616.5233455
KALISKI,1931,baseline,1627703246.7919247,1627428478.225135,298229.3413397968,23460.774550308037,23460.774550308037,274768.5667894887,1627405017.450585
KAMIONECKI,1931,baseline,1299035084.602768,1298919006.9795673,159430.53347084392,43352.91027029195,43352.91027029195,116077.62320055197,1298875654.069297
KARTUSKI,1931,baseline,1392970906.8710263,1392884179.5695343,102863.6030363592,16136.301544409358,16136.301544409358,86727.30149194984,1392868043.2679899
KATOWICE,1931,baseline,1695369473.3363113,1679872045.4315107,16116814.141298627,619386.2364979242,619386.2364979242,15497427.904800704,1679252659.1950128
KAŁUSKI,1931,baseline,1308960281.2118776,1308855930.843091,125193.60534216337,20843.236555561016,20843.236555561016,104350.36878660235,1308835087.6065354
KIELECKI,1931,baseline,1483254227.8543234,1483069825.8652935,225204.6445476465,40802.65551781955,40802.65551781955,184401.98902982695,1483029023.2097757
KOBRYŃSKI,1931,baseline,1274272040.2410853,1274232058.3382099,56745.05611790679,16763.153242502853,16763.153242502853,39981.90287540394,1274215295.1849673
KOLBUSZOWSKI,1931,baseline,1380939949.176154,1380820100.3112884,139219.37680559506,19370.511940113236,19370.511940113236,119848.86486548182,1380800729.7993484
KOLSKI,1931,baseline,1603594119.6205196,1603385464.7588468,269665.30911786825,61010.447444808255,61010.447444808255,208654.86167306,1603324454.3114018
KONECKI,1931,baseline,1489665898.958494,1489520916.1748452,195177.36811092994,50194.58446213777,50194.58446213777,144982.78364879216,1489470721.590383
KONIŃSKI,1931,baseline,1631903873.732698,1631738916.0890539,197412.65057541765,32455.006931413966,32455.006931413966,164957.6436440037,1631706461.0821226
KOPYCZYNIECKI,1931,baseline,1258728045.8836133,1258587234.8269854,176323.33408614632,35512.2774580901,35512.2774580901,140811.05662805622,1258551722.5495272
KOSOWSKI (KOSÓW HUCULSKI),1931,baseline,1265632983.4895709,1265600547.430423,42072.90098660139,9636.841838792066,9636.841838792066,32436.059147809323,1265590910.5885842
KOSTOPOLSKI,1931,baseline,1186033357.1955357,1185991406.491535,55483.33151293428,13532.627512112054,13532.627512112054,41950.704000822225,1185977873.8640227
KOSZYRSKI,1931,baseline,1170388755.1095743,1170359250.6381226,33843.06226175616,4338.5908100820525,4338.5908100820525,29504.471451674108,1170354912.0473125
KOWELSKI,1931,baseline,1279367911.5787587,1279337310.740856,46675.24467809142,16074.406775352298,16074.406775352298,30600.83790273912,1279321236.3340807
KOZIENICKI,1931,baseline,1400786879.1391873,1400681497.4243004,139965.55486269773,34583.83997592601,34583.83997592601,105381.7148867717,1400646913.5843246
KOŁOMYJSKI,1931,baseline,1328388631.8216205,1328252694.9643824,161617.836450773,25680.97921281718,25680.97921281718,135936.85723795582,1328227013.9851696
KOŚCIAŃSKI,1931,baseline,1819571908.079464,1819286706.9681718,366604.71699872665,81403.60570669295,81403.60570669295,285201.1112920337,1819205303.3624651
KOŚCIERSKI,1931,baseline,1430160410.9213762,1430063629.3977785,115085.16031747745,18303.636719721202,18303.636719721202,96781.52359775624,1430045325.7610588
KRAKOWSKI,1931,baseline,1545962445.743929,1545510486.0844562,3534158.310550653,3082198.651077975,3082198.651077975,451959.65947267786,1542428287.4333782
KRAKÓW (MIASTO),1931,baseline,1611567128.4962745,1543931008.6298501,68686035.76075986,1049915.8943354045,1049915.8943354045,67636119.86642446,1542881092.7355146
KRASNOSTAWSKI,1931,baseline,1333877492.9444053,1333754455.4441297,154734.81076828227,31697.310492853278,31697.310492853278,123037.50027542899,1333722758.133637
KROTOSZYŃSKI,1931,baseline,1709536257.7856061,1709259262.8531916,323403.1477029201,46408.21528842201,46408.21528842201,276994.93241449806,1709212854.6379032
KROŚNIEŃSKI,1931,baseline,1388090296.3434737,1387792073.96805,329585.3924376617,31363.017013990415,31363.017013990415,298222.37542367127,1387760710.951036
KRZEMIENIECKI,1931,baseline,1193150301.440415,1193061217.7229671,100878.4205882991,11794.703140552769,11794.703140552769,89083.71744774633,1193049423.0198267
KUTNOWSKI,1931,baseline,1570229073.170083,1569786004.1382716,573512.72073122,130443.68891966724,130443.68891966724,443069.0318115527,1569655560.4493518
KĘPIŃSKI,1931,baseline,1673945496.3488696,1673737663.5599852,231026.85862714116,23194.06974266011,23194.06974266011,207832.78888448107,1673714469.4902425
LESKI,1931,baseline,1304889808.2508407,1304828442.5812669,71305.06401623902,9939.394442676736,9939.394442676736,61365.669573562285,1304818503.1868243
LESZCZYŃSKI,1931,baseline,1831057804.5096948,1830773349.3063211,347661.6169768978,63206.4136032665,63206.4136032665,284455.2033736313,1830710142.8927178
LIDZKI,1931,baseline,1187218050.0111098,1187169027.9205935,60906.654852704734,11884.564336405827,11884.564336405827,49022.09051629891,1187157143.3562572
LIMANOWSKI,1931,baseline,1445267806.2274938,1445191752.6119676,107990.9093434131,31937.29381735562,31937.29381735562,76053.61552605749,1445159815.3181503
LIPNOWSKI,1931,baseline,1283830398.2234135,1283683739.4178567,162508.80328891773,15849.997732104677,15849.997732104677,146658.80555681305,1283667889.4201245
LUBACZOWSKI,1931,baseline,1276230549.7265768,1276135270.5532737,107871.61776153448,12592.444458513213,12592.444458513213,95279.17330302126,1276122678.1088152
LUBARTOWSKI,1931,baseline,1355134274.6255114,1355019181.6790538,183915.8246170109,68822.87815922228,68822.87815922228,115092.9464577886,1354950358.8008945
LUBAWSKI,1931,baseline,1424611098.7922494,1424407709.5825913,217116.8808654323,13727.671207175288,13727.671207175288,203389.209658257,1424393981.911384
LUBELSKI,1931,baseline,1377666091.7141707,1377355642.7687194,352789.5302441185,42340.584792967704,42340.584792967704,310448.94545115076,1377313302.1839266
LUBLINIECKI,1931,baseline,1670979588.91678,1670717413.9855456,336144.6722854588,73969.74105113847,73969.74105113847,262174.9312343203,1670643444.2444944
LUBOMELSKI,1931,baseline,1291568499.1027339,1291530758.14284,55678.858586149494,17937.89869204912,17937.89869204912,37740.95989410037,1291512820.2441478
LWOWSKI,1931,baseline,1337588856.0095677,1337415125.069359,2762306.1395663535,2588575.1993577126,2588575.1993577126,173730.94020864074,1334826549.8700013
LWÓW (MIASTO),1931,baseline,1375021541.9377005,1343486141.2368166,32269880.378736053,734479.6778522093,734479.6778522093,31535400.700883843,1342751661.5589645
M. ST. WARSZAWA,1931,baseline,1581075711.3173323,1465721354.192739,115558667.43827423,204310.31368098623,204310.31368098623,115354357.12459324,1465517043.8790581
MAKOWSKI (MAKÓW MAZOWIECKI),1931,baseline,1356269864.0306456,1356144395.2762513,143043.25376357173,17574.499369325687,17574.499369325687,125468.75439424605,1356126820.776882
MIECHOWSKI,1931,baseline,1510456072.1684449,1510271185.1826227,220103.90300051056,35216.91717835454,35216.91717835454,184886.985822156,1510235968.2654443
MIELECKI,1931,baseline,1414069430.6905506,1413967152.1878374,138308.46464608714,36029.96193293873,36029.96193293873,102278.50271314842,1413931122.2259045
MIĘDZYCHODZKI,1931,baseline,1828032741.5466204,1827878170.0013747,176706.58265995796,22135.037414324997,22135.037414324997,154571.54524563297,1827856034.9639604
MIŃSKI,1931,baseline,1425858973.3958216,1425629635.0263674,395274.37277942547,165936.0033251309,165936.0033251309,229338.36945429456,1425463699.0230422
MOGILEŃSKI,1931,baseline,1632460247.5443754,1632190150.1117094,313928.64477558085,43831.21210966712,43831.21210966712,270097.4326659137,1632146318.8995998
MORSKI,1931,baseline,1335576421.1514466,1335309749.1993523,272817.7767657196,6145.824671400378,6145.824671400378,266671.9520943192,1335303603.3746808
MOŁODECZAŃSKI,1931,baseline,1110327856.4619832,1110243122.1236959,96829.47652408478,12095.138236739624,12095.138236739624,84734.33828734515,1110231026.985459
MOŚCISKI,1931,baseline,1342704963.7741551,1342549671.6267018,185900.47613468792,30608.32868154613,30608.32868154613,155292.1474531418,1342519063.2980204
MYŚLENICKI,1931,baseline,1466437169.3059654,1466299529.0952575,169925.90467076364,32285.693962772308,32285.693962772308,137640.21070799133,1466267243.4012947
MŁAWSKI,1931,baseline,1417332106.3970377,1417193057.9653716,170564.3294705515,31515.897804609147,31515.897804609147,139048.43166594236,1417161542.067567
NADWÓRNIAŃSKI,1931,baseline,1304992490.371491,1304901240.4564342,109183.58462154673,17933.669564764652,17933.669564764652,91249.91505678208,1304883306.7868695
NIESZAWSKI,1931,baseline,1559543582.032303,1559330418.6604311,261733.9383182147,48570.56644636223,48570.56644636223,213163.37187185246,1559281848.0939848
NIEŚWIESKI,1931,baseline,1161441748.7645206,1161338464.9780438,114014.43962283201,10730.653146081562,10730.653146081562,103283.78647675045,1161327734.3248978
NIŻAŃSKI,1931,baseline,1394335699.5857134,1394228336.5784407,130006.66220142215,22643.65492879345,22643.65492879345,107363.0072726287,1394205692.923512
NOWOGRÓDZKI,1931,baseline,1155177920.3440742,1155119524.2054746,69898.99566149566,11502.857061974135,11502.857061974135,58396.13859952153,1155108021.3484128
NOWOSĄDECKI,1931,baseline,1427897826.078492,1427741373.314951,182800.99039928082,26348.226858334452,26348.226858334452,156452.76354094638,1427715025.0880926
NOWOTARSKI,1931,baseline,1463801696.96165,1463696785.0367985,133628.0018401557,28716.076988806828,28716.076988806828,104911.92485134887,1463668068.9598098
NOWOTOMYSKI,1931,baseline,1889857706.2498903,1889614603.8237638,273537.1429950872,30434.71686869142,30434.71686869142,243102.42612639576,1889584169.1068952
OBORNICKI,1931,baseline,1741923819.8712232,1741783738.8921094,232589.63203655405,92508.65292269929,92508.65292269929,140080.97911385476,1741691230.2391868
OLKUSKI,1931,baseline,1572741752.839662,1572503227.0996313,292637.4203629281,54111.68033225143,54111.68033225143,238525.74003067668,1572449115.4192991
OPATOWSKI,1931,baseline,1440506276.4438195,1440287236.806319,254098.78901680565,35059.15151621115,35059.15151621115,219039.63750059452,1440252177.6548028
OPOCZYŃSKI,1931,baseline,1494836092.5941002,1494725721.9436789,183753.16662227857,73382.51620074335,73382.51620074335,110370.6504215352,1494652339.427478
OSTROWSKI (OSTRÓW MAZOWIECKA),1931,baseline,1355158206.8902285,1355067388.0942967,130612.0119517414,39793.21601995523,39793.21601995523,90818.79593178617,1355027594.8782768
OSTROWSKI (OSTRÓW WIELKOPOLSKI),1931,baseline,1706888889.4057965,1706614319.7881153,311615.2574248931,37045.63974346596,37045.63974346596,274569.6176814271,1706577274.1483717
OSTROŁĘCKI,1931,baseline,1333166558.9336362,1333086776.7649236,110591.9110125576,30809.742300113372,30809.742300113372,79782.16871244423,1333055967.0226235
OSZMIAŃSKI,1931,baseline,1074124778.5633948,1074068180.1556313,60874.80231688132,4276.394553445539,4276.394553445539,56598.40776343578,1074063903.761078
PIOTRKOWSKI,1931,baseline,1519649071.7865567,1519469066.4612136,251056.8654632565,71051.54012019768,71051.54012019768,180005.32534305882,1519398014.9210935
PIŃCZOWSKI,1931,baseline,1466077235.685746,1465911186.6554058,192117.04102700955,26068.010686987254,26068.010686987254,166049.0303400223,1465885118.644719
PIŃSKI,1931,baseline,1194470825.7477725,1194438287.83231,40573.68380315565,8035.768340643593,8035.768340643593,32537.915462512054,1194430252.0639694
PODHAJECKI,1931,baseline,1290859788.3367417,1290754534.5943098,135769.1769879671,30515.434556032633,30515.434556032633,105253.74243193446,1290724019.1597538
POSTAWSKI,1931,baseline,1076021204.3754156,1075990578.8821878,37835.911505775286,7210.418277918351,7210.418277918351,30625.493227856932,1075983368.4639099
POZNAŃ (MIASTO),1931,baseline,1865597524.7995553,1827304222.0153282,39258412.697129786,965109.9129025132,965109.9129025132,38293302.784227274,1826339112.1024256
POZNAŃSKI,1931,baseline,1818759375.7123294,1818597796.7999742,4683175.5345076565,4521596.622152501,4521596.622152501,161578.9123551559,1814076200.1778216
PRUŻAŃSKI,1931,baseline,1259044181.0080428,1258991020.9703708,65023.693405511636,11863.655733584616,11863.655733584616,53160.03767192702,1258979157.3146372
PRZASNYCKI,1931,baseline,1296118419.1146443,1296013970.5201693,119028.02313906877,14579.428664036597,14579.428664036597,104448.59447503217,1295999391.0915053
PRZEMYSKI,1931,baseline,1372364925.9428205,1372079220.7739258,323286.0929570873,37580.92406217795,37580.92406217795,285705.1688949094,1372041639.8498635
PRZEMYŚLAŃSKI,1931,baseline,1310227693.812325,1310074169.4648128,186678.12057055676,33153.7730583348,33153.7730583348,153524.34751222195,1310041015.6917543
PRZEWORSKI,1931,baseline,1384357199.676015,1383981109.6461697,416831.8705950705,40741.84074964466,40741.84074964466,376090.0298454258,1383940367.80542
PSZCZYŃSKI,1931,baseline,1645913175.8222587,1645402985.835394,744350.7681776892,234160.7813128706,234160.7813128706,510189.98686481855,1645168825.054081
PUŁAWSKI,1931,baseline,1369881333.8872173,1369736597.1129532,176387.98506038546,31651.210796316816,31651.210796316816,144736.77426406863,1369704945.9021568
PUŁTUSKI,1931,baseline,1384584011.4171922,1384422731.6003418,222669.8580110509,61390.04116069788,61390.04116069788,161279.81685035303,1384361341.5591812
PŁOCKI,1931,baseline,1485179437.6354606,1484912590.7231848,309221.11527046154,42374.20299456328,42374.20299456328,266846.91227589827,1484870216.5201902
PŁOŃSKI,1931,baseline,1368763058.161578,1368611233.038178,207765.5167686024,55940.393368835474,55940.393368835474,151825.12339976692,1368555292.6448092
RADOMSKI,1931,baseline,1438570333.9303668,1438412610.4695995,191308.72843766114,33585.26767047161,33585.26767047161,157723.46076718954,1438379025.201929
RADOMSZCZAŃSKI,1931,baseline,1518310726.7606297,1518174052.6483788,197359.2844401034,60685.172189271165,60685.172189271165,136674.11225083223,1518113367.4761896
RADZIECHOWSKI,1931,baseline,1258594145.9531062,1258492433.7280762,115342.55101228872,13630.32598240765,13630.32598240765,101712.22502988107,1258478803.402094
RADZYMIŃSKI,1931,baseline,1428349664.998466,1428119391.4028049,524336.1403405687,294062.54467929876,294062.54467929876,230273.59566126997,1427825328.8581254
RADZYŃSKI,1931,baseline,1369017081.8981762,1368924017.224063,128214.12440041955,35149.45028720323,35149.45028720323,93064.67411321632,1368888867.7737758
RAWICKI,1931,baseline,1759471078.7965267,1759092953.48042,424872.13447115844,46746.81836450975,46746.81836450975,378125.3161066487,1759046206.6620555
RAWSKI (RAWA MAZOWIECKA),1931,baseline,1479968903.7217155,1479805537.5968754,227036.75188843138,63670.62704851081,63670.62704851081,163366.12483992055,1479741866.969827
RAWSKI (RAWA RUSKA),1931,baseline,1311110984.5624354,1311017840.5170438,119059.99489238796,25915.949500690476,25915.949500690476,93144.04539169748,1310991924.567543
ROHATYŃSKI,1931,baseline,1304683871.5400746,1304554646.3451047,157426.0599920308,28200.865022191065,28200.865022191065,129225.19496983972,1304526445.4800825
ROPCZYCKI,1931,baseline,1434430176.2823138,1434302229.289092,168696.30460187534,40749.31138005836,40749.31138005836,127946.99322181699,1434261479.977712
RUDECKI,1931,baseline,1329250361.9615223,1329072317.1614282,219921.6531568676,41876.85306262273,41876.85306262273,178044.80009424489,1329030440.3083656
RYBNICKI,1931,baseline,1580298410.3350558,1579350670.3526301,1022709.9592167016,74969.97679101293,74969.97679101293,947739.9824256886,1579275700.3758392
RYPIŃSKI,1931,baseline,1282394600.3850377,1282232989.0718358,179809.14471188688,18197.831510004642,18197.831510004642,161611.31320188224,1282214791.2403257
RZESZOWSKI,1931,baseline,1399906401.1844752,1399687428.206377,245837.82559356728,26864.847495314614,26864.847495314614,218972.97809825267,1399660563.3588817
RÓWIEŃSKI,1931,baseline,1206322846.2353985,1206215917.5537987,121815.64681457718,14886.965214647671,14886.965214647671,106928.6815999295,1206201030.588584
SAMBORSKI,1931,baseline,1351498180.1466124,1351349930.954739,205313.4982116514,57064.30633828523,57064.30633828523,148249.1918733662,1351292866.6484008
SANDOMIERSKI,1931,baseline,1399165978.984985,1399001259.1207087,179311.14404409725,14591.279767727907,14591.279767727907,164719.86427636934,1398986667.840941
SANOCKI,1931,baseline,1340606542.5267181,1340473030.0186896,148614.74126653513,15102.233237879651,15102.233237879651,133512.5080286555,1340457927.7854517
SARNEŃSKI,1931,baseline,1189351594.3851643,1189326592.6369483,34612.679077131776,9610.93086122806,9610.93086122806,25001.748215903714,1189316981.706087
SIEDLECKI,1931,baseline,1389667243.9217455,1389535997.2157862,183267.82389076593,52021.11793146702,52021.11793146702,131246.7059592989,1389483976.0978549
SIERADZKI,1931,baseline,1594099541.520055,1593890490.0606618,271476.76859637664,62425.30920308994,62425.30920308994,209051.4593932867,1593828064.7514586
SIERPECKI,1931,baseline,1307067279.2705092,1306884991.4671624,204865.77369714523,22577.970350368523,22577.970350368523,182287.8033467767,1306862413.496812
SKAŁACKI,1931,baseline,1231071738.3583963,1230905871.2871568,178360.48076853782,12493.40952902436,12493.40952902436,165867.07123951346,1230893377.8776278
SKIERNIEWICKI,1931,baseline,1527473982.7448778,1527218230.3129704,399250.5679989372,143498.1360914906,143498.1360914906,255752.4319074466,1527074732.176879
SOCHACZEWSKI,1931,baseline,1488160424.8196876,1487904045.7439618,361246.73120009643,104867.65547412731,104867.65547412731,256379.0757259691,1487799178.0884876
SOKALSKI,1931,baseline,1285963392.0722814,1285832464.9419632,149585.13175256338,18658.001434230657,18658.001434230657,130927.13031833273,1285813806.9405289
SOKOŁOWSKI,1931,baseline,1367922377.6821074,1367806243.1196997,167408.9374903412,51274.37508250255,51274.37508250255,116134.56240783865,1367754968.7446172
SOKÓLSKI,1931,baseline,1279989131.8038564,1279933678.7149634,80866.04986901103,25412.96097615939,25412.96097615939,55453.088892851636,1279908265.7539873
STANISŁAWOWSKI,1931,baseline,1325771644.3071115,1325559770.925755,244001.74276149695,32128.361405049487,32128.361405049487,211873.38135644747,1325527642.56435
STAROGARDZKI,1931,baseline,1449517043.2266104,1449318838.6930513,217724.19227688917,19519.65871779708,19519.65871779708,198204.5335590921,1449299319.0343335
STOLIŃSKI,1931,baseline,1157521739.6648426,1157503279.834407,25774.594956746965,7314.764521115742,7314.764521115742,18459.830435631222,1157495965.069886
STOPNICKI,1931,baseline,1388237282.5815008,1388121942.5364206,128871.48116865974,13531.436088518487,13531.436088518487,115340.04508014125,1388108411.100332
STOŁPECKI,1931,baseline,1138733128.4175434,1138667928.094734,71488.41099633473,6288.088186970835,6288.088186970835,65200.32280936389,1138661640.006547
STRYJSKI,1931,baseline,1315504249.8602872,1315401339.5854816,144062.74327238934,41152.46846669971,41152.46846669971,102910.27480568964,1315360187.117015
SUWALSKI,1931,baseline,1181718437.1322656,1181637459.074303,89875.28273756825,8897.224774947148,8897.224774947148,80978.05796262111,1181628561.849528
SZAMOTULSKI,1931,baseline,1766215312.8768656,1766035632.5049584,223556.1041252789,43875.73221809976,43875.73221809976,179680.37190717913,1765991756.7727404
SZCZUCZYŃSKI (WOJ. BIAŁOSTOCKIE),1931,baseline,1267183657.6065326,1267093440.4926655,101641.28584170845,11424.171974683528,11424.171974683528,90217.11386702492,1267082016.3206909
SZCZUCZYŃSKI (WOJ. NOWOGRÓDZKIE),1931,baseline,1216159236.0190015,1216113145.8835962,57141.01937959275,11050.883974228243,11050.883974228243,46090.135405364505,1216102094.9996219
SZUBIŃSKI,1931,baseline,1626793401.9411435,1626651610.646894,209203.91039021336,67412.61614057154,67412.61614057154,141791.29424964183,1626584198.0307534
SĘPOLEŃSKI,1931,baseline,1555569960.2683353,1555337381.1852684,266390.11050847144,33811.02744141637,33811.02744141637,232579.08306705506,1555303570.157827
SŁONIMSKI,1931,baseline,1210420137.1219897,1210368773.0920458,64944.36350197325,13580.333558024116,13580.333558024116,51364.02994394913,1210355192.7584877
TARNOBRZESKI,1931,baseline,1420014928.3035016,1419877098.3985145,163803.78034080504,25973.875353837175,25973.875353837175,137829.90498696786,1419851124.5231607
TARNOGÓRSKI,1931,baseline,1703387385.6929612,1701610667.5578988,2129966.718705064,353248.5836428124,353248.5836428124,1776718.135062252,1701257418.974256
TARNOPOLSKI,1931,baseline,1268141262.8167503,1267966175.4467828,205058.4271085429,29971.057141094596,29971.057141094596,175087.36996744832,1267936204.3896418
TARNOWSKI,1931,baseline,1460310677.2627637,1460016047.9938083,354814.3783228072,60185.109367403704,60185.109367403704,294629.2689554035,1459955862.884441
TCZEWSKI,1931,baseline,1429479949.7660708,1429104762.616318,388642.4639165468,13455.314163623992,13455.314163623992,375187.14975292276,1429091307.3021543
TOMASZOWSKI,1931,baseline,1262961186.5150867,1262842478.9778988,133314.38700496434,14606.849816962032,14606.849816962032,118707.5371880023,1262827872.1280818
TORUŃSKI,1931,baseline,1563060538.9447067,1562691000.0174441,420289.65862465324,50750.73136209446,50750.73136209446,369538.9272625588,1562640249.286082
TREMBOWELSKI,1931,baseline,1263835831.537764,1263691107.0785563,176257.66182609822,31533.2026184765,31533.2026184765,144724.45920762172,1263659573.875938
TUCHOLSKI,1931,baseline,1509120453.1073766,1509002413.5356493,152892.6327699321,34853.06104245452,34853.06104245452,118039.57172747758,1508967560.4746068
TURCZAŃSKI,1931,baseline,1303548445.4247062,1303481392.4055083,84424.91897877259,17371.899780738724,17371.899780738724,67053.01919803387,1303464020.5057275
TURECKI,1931,baseline,1545228357.9957454,1545100841.0909488,141955.5680292298,14438.663232563895,14438.663232563895,127516.9047966659,1545086402.4277163
TŁUMACKI,1931,baseline,1304957598.2896101,1304809772.5749402,184440.50024857715,36614.785578763236,36614.785578763236,147825.71466981393,1304773157.7893615
WADOWICKI,1931,baseline,1540181038.6596572,1539942317.8358195,339814.49315529095,101093.66931741532,101093.66931741532,238720.82383787565,1539841224.166502
WARSZAWSKI,1931,baseline,1459353152.1659882,1458857201.8404126,1560897.9184166405,1064947.5928411009,1064947.5928411009,495950.32557553955,1457792254.2475715
WIELUŃSKI,1931,baseline,1662800117.5720708,1662688584.0019739,129737.7035381337,18204.133441167593,18204.133441167593,111533.57009696611,1662670379.8685327
WILEJSKI,1931,baseline,1097244278.553129,1097201534.506668,52351.590674225794,9607.544213392552,9607.544213392552,42744.04646083324,1097191926.9624548
WILEŃSKO-TROCKI,1931,baseline,1155225018.204366,1155190189.5998936,197365.98214360495,162537.37767123844,162537.37767123844,34828.60447236652,1155027652.2222223
WILNO (MIASTO),1931,baseline,1176752710.3701625,1165613107.3257616,11250553.711975142,110950.66757420136,110950.66757420136,11139603.044400942,1165502156.6581874
WOLSZTYŃSKI,1931,baseline,1938120883.6521962,1937933095.1003864,231833.95528136074,44045.403471546386,44045.403471546386,187788.55180981435,1937889049.696915
WOŁKOWYSKI,1931,baseline,1266241015.8262277,1266201796.5116847,55165.30144960608,15945.986906522052,15945.986906522052,39219.31454308402,1266185850.5247781
WOŁOŻYŃSKI,1931,baseline,1113056319.1196563,1113006752.101232,55802.35102025314,6235.332596168247,6235.332596168247,49567.01842408489,1113000516.768636
WRZESIŃSKI,1931,baseline,1732105812.8472555,1731846998.192693,330756.5125125487,71941.8579498826,71941.8579498826,258814.6545626661,1731775056.334743
WYRZYSKI,1931,baseline,1589639380.984484,1589438999.9866302,241234.6169607012,40853.61910708228,40853.61910708228,200380.99785361893,1589398146.3675232
WYSOKOMAZOWIECKI,1931,baseline,1319300930.7555988,1319206861.558317,126324.78681982962,32255.589538012977,32255.589538012977,94069.19728181664,1319174605.9687788
WĄBRZESKI,1931,baseline,1510141312.7458262,1509921704.6050081,260998.94374555463,41390.80292743552,41390.80292743552,219608.1408181191,1509880313.8020806
WĄGROWIECKI,1931,baseline,1701982192.209428,1701833399.7570028,209962.1598268935,61169.70740184737,61169.70740184737,148792.45242504613,1701772230.049601
WĘGROWSKI,1931,baseline,1350117857.2372668,1350002474.9259896,154758.14901409278,39375.837736730384,39375.837736730384,115382.31127736239,1349963099.0882528
WŁOCŁAWSKI,1931,baseline,1551533690.9563174,1551145346.328003,439518.9337968895,51174.30548237978,51174.30548237978,388344.6283145097,1551094172.0225205
WŁODAWSKI,1931,baseline,1299224414.018159,1299167474.9202054,73147.29656351409,16208.198610085406,16208.198610085406,56939.09795342868,1299151266.7215953
WŁODZIMIERSKI,1931,baseline,1280632890.1995249,1280543084.0326703,110722.64936737229,20916.482512790782,20916.482512790782,89806.1668545815,1280522167.5501575
WŁOSZCZOWSKI,1931,baseline,1446003338.1937432,1445917001.7790344,114649.30382505596,28312.889116252645,28312.889116252645,86336.41470880332,1445888688.889918
ZALESZCZYCKI,1931,baseline,1267320140.3936634,1267180052.6317596,156457.19535976843,16369.433455891265,16369.433455891265,140087.76190387717,1267163683.1983037
ZAMOJSKI,1931,baseline,1331002057.6936615,1330832991.1333585,199761.97152777854,30695.41122476971,30695.41122476971,169066.56030300882,1330802295.7221336
ZBARASKI,1931,baseline,1248102243.5347893,1247934266.2172444,197191.72651472705,29214.408969853877,29214.408969853877,167977.31754487316,1247905051.8082745
ZBOROWSKI,1931,baseline,1258300950.131118,1258164522.8770378,158090.634458464,21663.380378347552,21663.380378347552,136427.25408011643,1258142859.4966595
ZDOŁBUNOWSKI,1931,baseline,1199170767.9983425,1199033135.8934858,150254.7329923756,12622.628135603876,12622.628135603876,137632.1048567717,1199020513.26535
ZŁOCZOWSKI,1931,baseline,1276338298.3784564,1276211315.185504,154469.35882106767,27486.165868739015,27486.165868739015,126983.19295232864,1276183829.0196352
ŁASKI,1931,baseline,1487890372.211129,1487527583.7025433,370467.04282847146,7678.534242751083,7678.534242751083,362788.5085857204,1487519905.1683004
ŁAŃCUCKI,1931,baseline,1385107069.5119982,1384921809.431892,209348.20715792134,24088.127051546122,24088.127051546122,185260.08010637522,1384897721.3048403
ŁOMŻYŃSKI,1931,baseline,1306977454.774615,1306861398.887849,136103.60704223684,20047.720276468222,20047.720276468222,116055.88676576862,1306841351.1675727
ŁOWICKI,1931,baseline,1538955795.0525324,1538754600.1331892,358307.9034961584,157112.98415305946,157112.98415305946,201194.91934309894,1538597487.1490362
ŁUCKI,1931,baseline,1247343210.8540485,1247288613.669069,68249.776287174,13652.591307565279,13652.591307565279,54597.18497960871,1247274961.0777614
ŁUKOWSKI,1931,baseline,1382420612.041787,1382319095.442626,144583.6701843869,43067.0710233658,43067.0710233658,101516.59916102109,1382276028.3716025
ŁUNINIECKI,1931,baseline,1168667844.046019,1168644832.1347427,31225.11829475103,8213.207018305133,8213.207018305133,23011.9112764459,1168636618.9277244
ŁÓDZKI,1931,baseline,1559371406.2839863,1558564050.4161367,1726362.5020763576,919006.6342267324,919006.6342267324,807355.8678496251,1557645043.78191
ŁÓDŹ (MIASTO),1931,baseline,1704899404.2824504,1549247585.1491654,155889720.51809373,237901.38480884736,237901.38480884736,155651819.1332849,1549009683.7643566
ŁĘCZYCKI,1931,baseline,1571147365.4223404,1570948896.5289085,385834.1409279421,187365.24749621146,187365.24749621146,198468.89343173063,1570761531.2814124
ŚNIATYŃSKI,1931,baseline,1328010857.2697105,1327762260.5730126,261278.60942800515,12681.91272996531,12681.91272996531,248596.69669803983,1327749578.6602826
ŚREDZKI,1931,baseline,1754304642.4466588,1754095329.611135,299101.9054300581,89789.06990633612,89789.06990633612,209312.83552372197,1754005540.5412288
ŚREMSKI,1931,baseline,1727249476.1191444,1727067962.1137898,228314.2417860601,46800.23643139746,46800.23643139746,181514.00535466263,1727021161.8773584
ŚWIECKI,1931,baseline,1514543133.5181043,1514407318.0395253,183803.2583041573,47987.77972498831,47987.77972498831,135815.478579169,1514359330.2598002
ŚWIĘCIAŃSKI,1931,baseline,1119725986.8886807,1119688244.8273268,45802.61636334376,8060.555009472184,8060.555009472184,37742.06135387158,1119680184.2723174
ŚWIĘTOCHŁOWICKI,1931,baseline,1731784670.6494756,1705966318.543197,27124888.313223273,1306536.2069446812,1306536.2069446812,25818352.10627859,1704659782.3362522
ŻNIŃSKI,1931,baseline,1649485259.3051608,1649271363.450552,273714.9909052392,59819.13629639305,59819.13629639305,213895.85460884613,1649211544.3142555
ŻYDACZOWSKI,1931,baseline,1314762598.5130427,1314645434.9165614,153720.91051966825,36557.314038269586,36557.314038269586,117163.59648139865,1314608877.602523
ŻYWIECKI,1931,baseline,1547070194.2784083,1546805046.1393445,344319.4490339417,79171.30997004679,79171.30997004679,265148.1390638949,1546725874.8293743
ŻÓŁKIEWSKI,1931,baseline,1314466876.122197,1314330440.7125914,215289.12337258094,78853.71376714762,78853.71376714762,136435.40960543332,1314251586.9988244
AUGUSTOWSKI,1932,baseline,1116478901.2692037,1116416506.3366287,75650.8639083362,13255.93133334261,13255.93133334261,62394.93257499359,1116403250.4052954
BARANOWICKI,1932,baseline,1105301811.0272734,1105248904.0625088,71270.50058261368,18363.535818029522,18363.535818029522,52906.964764584154,1105230540.5266907
BIALSKI (BIAŁA KRAKOWSKA),1932,baseline,1461977486.374071,1461105527.1997745,981829.1314206233,109869.9571241596,109869.9571241596,871959.1742964637,1460995657.2426503
BIALSKI (BIAŁA PODLASKA),1932,baseline,1247320217.0180006,1247201129.3145378,150664.3081041561,31576.604641280595,31576.604641280595,119087.7034628755,1247169552.7098966
BIAŁOSTOCKI,1932,baseline,1226958653.9966269,1226817509.1508107,169856.01658651786,28711.170770333236,28711.170770333236,141144.84581618462,1226788797.9800403
BIELSKI (BIELSK PODLASKI),1932,baseline,1216528837.4826455,1216482137.6320767,70882.64532620033,24182.794757388587,24182.794757388587,46699.850568811744,1216457954.8373194
BIELSKO,1932,baseline,1457135375.2221513,1455480173.4194365,1771005.190804413,115803.388089755,115803.388089755,1655201.802714658,1455364370.0313468
BIŁGORAJSKI,1932,baseline,1205288597.4496787,1205205963.4398313,105338.49090224758,22704.4810547447,22704.4810547447,82634.00984750288,1205183258.9587765
BOCHEŃSKI,1932,baseline,1391880935.2874956,1391678852.0180676,298850.62479336926,96767.3553652446,96767.3553652446,202083.26942812465,1391582084.6627023
BORSZCZOWSKI,1932,baseline,1117303781.2920892,1117169090.8365138,141502.1481315124,6811.692556102628,6811.692556102628,134690.45557540978,1117162279.1439576
BRASŁAWSKI,1932,baseline,997928931.5799286,997896900.6468163,35267.785396630556,3236.852284181004,3236.852284181004,32030.93311244955,997893663.7945321
BRODNICKI,1932,baseline,1372781741.7675343,1372563768.8966186,247984.33285760914,30011.46194192819,30011.46194192819,217972.87091568095,1372533757.4346766
BRODZKI,1932,baseline,1167759941.1010804,1167632699.4417908,144328.45352395822,17086.794234275014,17086.794234275014,127241.6592896832,1167615612.6475565
BRZESKI (BRZESKO),1932,baseline,1333301905.1188428,1333099783.594534,267226.37119281106,65104.84688365683,65104.84688365683,202121.52430915422,1333034678.7476501
BRZESKI (BRZEŚĆ N.BUG.),1932,baseline,1235187904.064096,1235127029.1684752,89686.63599698534,28811.74037631244,28811.74037631244,60874.895620672905,1235098217.428099
BRZEZIŃSKI,1932,baseline,1425614408.609541,1425208693.7693768,626754.9222651924,221040.0821010928,221040.0821010928,405714.8401640996,1424987653.6872756
BRZEŻAŃSKI,1932,baseline,1203920845.7743418,1203786922.187233,171690.13151366505,37766.54440464905,37766.54440464905,133923.587109016,1203749155.6428282
BRZOZOWSKI,1932,baseline,1247910661.4979668,1247599234.6564474,329995.2883145185,18568.44679533607,18568.44679533607,311426.84151918243,1247580666.2096522
BUCZACKI,1932,baseline,1176646921.2682426,1176501962.812813,171894.40693203575,26935.951502635464,26935.951502635464,144958.4554294003,1176475026.8613105
BYDGOSKI,1932,baseline,1469580186.3957036,1469217627.987485,409482.16562628484,46923.75740762126,46923.75740762126,362558.4082186636,1469170704.2300773
BÓBRECKI,1932,baseline,1213753890.5042415,1213575209.07766,214107.5320188431,35426.1054376275,35426.1054376275,178681.4265812156,1213539782.9722226
BĘDZIŃSKI,1932,baseline,1520586458.5088272,1519031256.3985267,1632726.7335648334,77524.6232643157,77524.6232643157,1555202.1103005176,1518953731.7752624
BŁOŃSKI,1932,baseline,1383922889.784071,1383404549.5194435,938780.1179360608,420439.853308564,420439.853308564,518340.2646274967,1382984109.6661348
CHEŁMIŃSKI,1932,baseline,1407983383.3365474,1407728675.6959782,295671.48607029987,40963.84550129593,40963.84550129593,254707.6405690039,1407687711.850477
CHEŁMSKI,1932,baseline,1238931165.8820076,1238811304.8073668,152972.24350240023,33111.168861510436,33111.168861510436,119861.0746408898,1238778193.6385052
CHODZIESKI,1932,baseline,1522896953.7551444,1522683917.3903627,246695.44700071996,33659.082219228374,33659.082219228374,213036.36478149157,1522650258.3081436
CHOJNICKI,1932,baseline,1384970763.8127859,1384889465.8633864,105021.14499911953,23723.195599525934,23723.195599525934,81297.94939959359,1384865742.6677868
CHORZÓW,1932,baseline,1635216906.100031,1576357542.1042795,61165863.561656386,2306499.565904982,2306499.565904982,58859363.9957514,1574051042.5383744
CHRZANOWSKI,1932,baseline,1487468947.5454025,1486694784.622544,900253.984528761,126091.06167023777,126091.06167023777,774162.9228585232,1486568693.5608737
CIECHANOWSKI,1932,baseline,1318493127.2538524,1318315891.0528097,235883.7870510129,58647.586008367376,58647.586008367376,177236.20104264552,1318257243.4668014
CIESZYŃSKI,1932,baseline,1419910984.2435791,1419284815.8770595,700665.8504855939,74497.48396593407,74497.48396593407,626168.3665196599,1419210318.3930936
CZARNKOWSKI,1932,baseline,1520065902.250561,1519884735.8732507,202828.69027294937,21662.31296269911,21662.31296269911,181166.37731025027,1519863073.560288
CZORTKOWSKI,1932,baseline,1170552760.2508113,1170296525.9651837,293627.65554953314,37393.36992180579,37393.36992180579,256234.28562772737,1170259132.5952618
CZĘSTOCHOWSKI,1932,baseline,1413828377.0311677,1413349955.21677,521726.37336339976,43304.55896564733,43304.55896564733,478421.8143977524,1413306650.6578043
DOBROMILSKI,1932,baseline,1243942697.5529938,1243791148.630281,179057.5998740504,27508.677161256524,27508.677161256524,151548.92271279386,1243763639.9531198
DOLIŃSKI,1932,baseline,1220005710.5284235,1219928589.07264,100666.02550222349,23544.569718610666,23544.569718610666,77121.45578361282,1219905044.5029213
DROHICKI,1932,baseline,1143653263.6733708,1143594689.4909692,71587.06695179411,13012.884550072156,13012.884550072156,58574.18240172196,1143581676.606419
DROHOBYCKI,1932,baseline,1238251359.0491107,1237884365.136439,404985.87526548293,37991.96259398807,37991.96259398807,366993.9126714949,1237846373.173845
DUBIEŃSKI,1932,baseline,1128444705.0788753,1128364934.879453,96037.11995475306,16266.920532446018,16266.920532446018,79770.19942230704,1128348667.9589205
DZIAŁDOWSKI,1932,baseline,1323672109.9614582,1323542239.5831556,147877.60114593845,18007.222843510277,18007.222843510277,129870.37830242816,1323524232.3603122
DZIŚNIEŃSKI,1932,baseline,986580363.1877531,986533379.4448676,52070.4934176546,5086.75053216875,5086.75053216875,46983.74288548585,986528292.6943355
DĄBROWSKI,1932,baseline,1326749307.7922807,1326600066.7069888,205985.0946106202,56744.00931884529,56744.00931884529,149241.0852917749,1326543322.69767
GARWOLIŃSKI,1932,baseline,1312680448.3838148,1312570764.196571,186872.27354061342,77188.0862967172,77188.0862967172,109684.18724389622,1312493576.1102743
GNIEŹNIEŃSKI,1932,baseline,1595115061.479518,1594849953.855925,337631.5159205825,72523.89232783958,72523.89232783958,265107.62359274295,1594777429.9635973
GORLICKI,1932,baseline,1309879275.022387,1309723988.8047714,193733.3470958972,38447.129480267424,38447.129480267424,155286.21761562975,1309685541.675291
GOSTYNIŃSKI,1932,baseline,1404661423.5532517,1404475499.0003254,261926.90396789004,76002.3510416593,76002.3510416593,185924.55292623074,1404399496.649284
GOSTYŃSKI,1932,baseline,1628499272.0869734,1628201714.9333045,357270.11296337825,59712.959294553424,59712.959294553424,297557.1536688248,1628142001.97401
GRODZIEŃSKI,1932,baseline,1158753101.0637517,1158703679.5429902,64085.01413635371,14663.4933749154,14663.4933749154,49421.52076143831,1158689016.0496154
GRUDZIĄDZKI,1932,baseline,1384961648.6633143,1384491739.3307505,513960.63165071467,44051.29908691968,44051.29908691968,469909.332563795,1384447688.0316637
GRÓDECKI,1932,baseline,1218536475.0515158,1218379236.9797065,271323.2088551365,114085.13704592863,114085.13704592863,157238.07180920785,1218265151.8426607
GRÓJECKI,1932,baseline,1302313040.6464927,1302125764.6737897,272682.0515802796,85406.0788771501,85406.0788771501,187275.97270312952,1302040358.5949125
HOROCHOWSKI,1932,baseline,1154109576.8765836,1154003894.741558,118572.88672365736,12890.75169816035,12890.75169816035,105682.135025497,1153991003.9898598
HORODEŃSKI,1932,baseline,1182516568.2677124,1182330365.2611551,201749.87600088023,15546.869443705817,15546.869443705817,186203.0065571744,1182314818.3917115
HRUBIESZOWSKI,1932,baseline,1190742620.1887176,1190584657.5284035,183994.53803238922,26031.877718320688,26031.877718320688,157962.66031406852,1190558625.6506853
INOWROCŁAWSKI,1932,baseline,1492434841.7303317,1492132547.79912,354672.71840069455,52378.787188899725,52378.787188899725,302293.93121179484,1492080169.011931
IWACEWICKI,1932,baseline,1127248433.7877545,1127217179.3642056,42457.143975405554,11202.720426474318,11202.720426474318,31254.423548931234,1127205976.643779
IŁŻECKI,1932,baseline,1327358828.867186,1327183420.371268,215036.53529179702,39628.03937378567,39628.03937378567,175408.49591801135,1327143792.3318942
JANOWSKI,1932,baseline,1261407169.3916366,1261302575.1174197,136058.41756505694,31464.143348172343,31464.143348172343,104594.2742168846,1261271110.9740715
JAROCIŃSKI,1932,baseline,1583372236.3474665,1583168113.363965,255212.21296356845,51089.22946219637,51089.22946219637,204122.98350137207,1583117024.134503
JAROSŁAWSKI,1932,baseline,1279729351.582419,1279588589.142419,185053.63678749598,44291.19678750945,44291.19678750945,140762.43999998653,1279544297.9456315
JASIELSKI,1932,baseline,1296290969.411588,1296132593.2730713,210217.54209311155,51841.40357649319,51841.40357649319,158376.13851661838,1296080751.869495
JAWOROWSKI,1932,baseline,1193604766.5844908,1193468759.4296238,173257.23753854353,37250.082671605574,37250.082671605574,136007.15486693796,1193431509.3469522
JĘDRZEJOWSKI,1932,baseline,1385108611.0760584,1384943933.7414606,218537.67613590194,53860.341538142704,53860.341538142704,164677.33459775924,1384890073.3999224
KALISKI,1932,baseline,1507165641.431357,1506872814.1865482,316011.7314044073,23184.486595692008,23184.486595692008,292827.2448087153,1506849629.6999526
KAMIONECKI,1932,baseline,1202056270.5900173,1201934359.427456,169876.380452806,47965.21789147043,47965.21789147043,121911.16256133559,1201886394.2095644
KARTUSKI,1932,baseline,1291350622.408337,1291247577.7941751,119960.40383798529,16915.789675965058,16915.789675965058,103044.61416202023,1291230662.0044992
KATOWICE,1932,baseline,1566975379.0284922,1554608209.5884461,12886600.395740822,519430.9556947164,519430.9556947164,12367169.440046106,1554088778.6327515
KAŁUSKI,1932,baseline,1210420471.0388954,1210303204.001289,139720.87103637418,22453.833429780785,22453.833429780785,117267.03760659341,1210280750.167859
KIELECKI,1932,baseline,1372765499.7030203,1372566784.0854323,242953.39128088224,44237.77369291991,44237.77369291991,198715.61758796233,1372522546.3117394
KOBRYŃSKI,1932,baseline,1179969475.8166847,1179923797.807085,63666.93511538296,17988.92551575071,17988.92551575071,45678.009599632256,1179905808.8815694
KOLBUSZOWSKI,1932,baseline,1277806181.189071,1277670901.9633937,156786.5786773276,21507.353000147556,21507.353000147556,135279.22567718005,1277649394.6103935
KOLSKI,1932,baseline,1484728276.6414587,1484504221.8863888,281961.6364924099,57906.88142256481,57906.88142256481,224054.7550698451,1484446315.0049663
KONECKI,1932,baseline,1378957963.0232537,1378773888.0850294,236558.92725161178,52483.989027292235,52483.989027292235,184074.93822431954,1378721404.096002
KONIŃSKI,1932,baseline,1511076544.596067,1510945682.228174,164047.79850156014,33185.4306084511,33185.4306084511,130862.36789310904,1510912496.7975655
KOPYCZYNIECKI,1932,baseline,1163419986.1167493,1163260626.3337083,195677.32740868384,36317.54436779675,36317.54436779675,159359.7830408871,1163224308.7893405
KOSOWSKI (KOSÓW HUCULSKI),1932,baseline,1170261612.783053,1170218470.6531084,52941.868016655615,9799.738072058517,9799.738072058517,43142.1299445971,1170208670.9150362
KOSTOPOLSKI,1932,baseline,1097958989.4369009,1097911192.1781743,62237.35493914252,14440.096212640394,14440.096212640394,47797.25872650213,1097896752.0819616
KOSZYRSKI,1932,baseline,1083928317.4094431,1083898297.3854363,34694.78842544571,4674.764418693317,4674.764418693317,30020.024006752392,1083893622.6210177
KOWELSKI,1932,baseline,1184204196.8313112,1184168700.1027489,52773.32342769712,17276.594865408984,17276.594865408984,35496.72856228814,1184151423.5078835
KOZIENICKI,1932,baseline,1296812064.175609,1296695169.350731,153994.7340115724,37099.90913340763,37099.90913340763,116894.82487816477,1296658069.4415975
KOŁOMYJSKI,1932,baseline,1227926411.9143903,1227780039.4406834,172663.53953528978,26291.065828224724,26291.065828224724,146372.47370706504,1227753748.374855
KOŚCIAŃSKI,1932,baseline,1683863207.4158251,1683628591.5154028,320706.94929152535,86091.04886903682,86091.04886903682,234615.9004224885,1683542500.4665337
KOŚCIERSKI,1932,baseline,1326293098.3997889,1326184711.7012036,127386.06196977227,18999.36338441101,18999.36338441101,108386.69858536126,1326165712.337819
KRAKOWSKI,1932,baseline,1430816294.3273265,1430430287.2207348,3481450.0852412814,3095442.978649578,3095442.978649578,386007.10659170337,1427334844.2420852
KRAKÓW (MIASTO),1932,baseline,1496731236.028129,1428662575.8483527,68971635.29917966,902975.1194030287,902975.1194030287,68068660.17977662,1427759600.7289495
KRASNOSTAWSKI,1932,baseline,1234632426.5932934,1234485222.5451927,181017.41126025832,33813.36315957942,33813.36315957942,147204.0481006789,1234451409.182033
KROTOSZYŃSKI,1932,baseline,1582390247.293765,1582149613.8437345,286592.3892006347,45958.93917000748,45958.93917000748,240633.45003062717,1582103654.9045644
KROŚNIEŃSKI,1932,baseline,1284025177.1217809,1283713738.0900037,345818.9319787,34379.90020148487,34379.90020148487,311439.03177721513,1283679358.1898022
KRZEMIENIECKI,1932,baseline,1104153927.2177923,1104062336.7843184,104166.05800122774,12575.624527339207,12575.624527339207,91590.43347388852,1104049761.159791
KUTNOWSKI,1932,baseline,1453952685.2024467,1453532863.0505226,548447.4981999599,128625.34627580245,128625.34627580245,419822.15192415746,1453404237.7042468
KĘPIŃSKI,1932,baseline,1548374104.0175946,1548197044.4107177,199061.53755268047,22001.930675862517,22001.930675862517,177059.60687681797,1548175042.480042
LESKI,1932,baseline,1206956331.849971,1206878325.8552353,89106.12003836669,11100.125302589424,11100.125302589424,78005.99473577726,1206867225.7299328
LESZCZYŃSKI,1932,baseline,1694335569.0471768,1694012660.4120324,384415.3879004118,61506.75275591931,61506.75275591931,322908.6351444925,1693951153.6592765
LIDZKI,1932,baseline,1100922263.1900918,1100873215.2093241,61543.8027251499,12495.821957321627,12495.821957321627,49047.980767828274,1100860719.3873668
LIMANOWSKI,1932,baseline,1336982736.7400546,1336860620.9610112,154506.96436539717,32391.18532209659,32391.18532209659,122115.77904330059,1336828229.7756891
LIPNOWSKI,1932,baseline,1194896302.5265672,1194746385.1554468,166367.04528978487,16449.67416932439,16449.67416932439,149917.37112046048,1194729935.4812775
LUBACZOWSKI,1932,baseline,1180824923.3009963,1180698763.978715,139837.7032511709,13678.38096985959,13678.38096985959,126159.32228131131,1180685085.5977452
LUBARTOWSKI,1932,baseline,1254468818.3095944,1254347184.01204,190221.25518408703,68586.95762963174,68586.95762963174,121634.29755445528,1254278597.0544102
LUBAWSKI,1932,baseline,1321040833.1387782,1320849685.5442703,205582.60263086235,14435.008122842015,14435.008122842015,191147.59450802035,1320835250.5361474
LUBELSKI,1932,baseline,1275220964.855865,1274925103.473863,341524.9514519016,45663.56944994403,45663.56944994403,295861.38200195757,1274879439.904413
LUBLINIECKI,1932,baseline,1546465883.259757,1546195540.5023162,334731.0434119933,64388.28597126323,64388.28597126323,270342.75744073006,1546131152.216345
LUBOMELSKI,1932,baseline,1195585312.6221359,1195537626.433284,67236.38509544957,19550.19624341239,19550.19624341239,47686.18885203719,1195518076.2370405
LWOWSKI,1932,baseline,1237603524.1139739,1237413848.2616978,2920954.8191340403,2731278.9668579353,2731278.9668579353,189675.85227610508,1234682569.2948399
LWÓW (MIASTO),1932,baseline,1276131947.0350528,1242816568.881732,34117172.08419713,801793.9308761462,801793.9308761462,33315378.15332098,1242014774.9508557
M. ST. WARSZAWA,1932,baseline,1474566864.2977014,1367871382.7931914,107807734.01444343,1112252.5099335844,1112252.5099335844,106695481.50450984,1366759130.283258
MAKOWSKI (MAKÓW MAZOWIECKI),1932,baseline,1262439038.7333474,1262309437.3363683,147758.92279327157,18157.525814412573,18157.525814412573,129601.39697885899,1262291279.810554
MIECHOWSKI,1932,baseline,1397582935.990718,1397398155.586309,222977.94076879887,38197.53635990143,38197.53635990143,184780.40440889745,1397359958.0499492
MIELECKI,1932,baseline,1308464940.2765164,1308341431.4192305,163382.47570321173,39873.61841737237,39873.61841737237,123508.85728583937,1308301557.8008132
MIĘDZYCHODZKI,1932,baseline,1691521016.4761713,1691345072.517367,199358.62354030524,23414.66473598251,23414.66473598251,175943.95880432273,1691321657.8526309
MIŃSKI,1932,baseline,1320821278.8226051,1320584680.1360118,406792.3912374868,170193.70464409323,170193.70464409323,236598.68659339356,1320414486.4313676
MOGILEŃSKI,1932,baseline,1511337785.0233693,1511138756.8755817,245213.48926069282,46185.34147309701,46185.34147309701,199028.1477875958,1511092571.5341086
MORSKI,1932,baseline,1239385063.4673457,1239116788.2434857,274999.1283773221,6723.90451739085,6723.90451739085,268275.2238599313,1239110064.3389683
MOŁODECZAŃSKI,1932,baseline,1030166790.4660367,1030085278.3595927,94958.92474238542,13446.81829838224,13446.81829838224,81512.10644400318,1030071831.5412943
MOŚCISKI,1932,baseline,1242051673.4472585,1241865199.994146,220307.74807348498,33834.29496128837,33834.29496128837,186473.4531121966,1241831365.699185
MYŚLENICKI,1932,baseline,1356991177.7741227,1356830716.304033,193146.80171606166,32685.33162643139,32685.33162643139,160461.47008963025,1356798030.9724066
MŁAWSKI,1932,baseline,1319606400.1515038,1319457003.5097134,182100.95871245037,32704.316921920992,32704.316921920992,149396.6417905294,1319424299.1927915
NADWÓRNIAŃSKI,1932,baseline,1206389501.8320408,1206307032.2474585,101709.90376198172,19240.319179477516,19240.319179477516,82469.5845825042,1206287791.928279
NIESZAWSKI,1932,baseline,1444346769.4873147,1444133402.7743368,261323.39966532256,47956.6866875224,47956.6866875224,213366.71297780017,1444085446.0876493
NIEŚWIESKI,1932,baseline,1076343388.7597232,1076233815.6216152,120667.19396885237,11094.055860763918,11094.055860763918,109573.13810808846,1076222721.5657544
NIŻAŃSKI,1932,baseline,1290435991.857595,1290314334.4366813,146665.73709388092,25008.316180343718,25008.316180343718,121657.4209135372,1290289326.120501
NOWOGRÓDZKI,1932,baseline,1070898984.3504126,1070837513.87042,73541.55585991262,12071.075867343492,12071.075867343492,61470.479992569126,1070825442.7945527
NOWOSĄDECKI,1932,baseline,1320834358.2382417,1320683335.210001,180575.25756905877,29552.22932838343,29552.22932838343,151023.02824067534,1320653782.9806726
NOWOTARSKI,1932,baseline,1354892119.9788194,1354776804.2085452,144516.44647310366,29200.676198971716,29200.676198971716,115315.77027413194,1354747603.5323462
NOWOTOMYSKI,1932,baseline,1748606145.2584012,1748405291.021505,232162.85522994638,31308.6183338585,31308.6183338585,200854.23689608788,1748373982.4031713
OBORNICKI,1932,baseline,1613838006.518986,1613664561.52453,271166.1399224352,97721.14546629439,97721.14546629439,173444.99445614082,1613566840.3790636
OLKUSKI,1932,baseline,1455185404.64462,1454908553.010141,334977.74009430443,58126.10561526264,58126.10561526264,276851.6344790418,1454850426.9045255
OPATOWSKI,1932,baseline,1333165222.2356877,1332925681.4812164,277253.41728456336,37712.66281311762,37712.66281311762,239540.75447144572,1332887968.8184032
OPOCZYŃSKI,1932,baseline,1385375233.1983593,1385263802.1422806,189964.39098943816,78533.33491097661,78533.33491097661,111431.05607846157,1385185268.8073697
OSTROWSKI (OSTRÓW MAZOWIECKA),1932,baseline,1261024613.0378156,1260930947.156938,133696.8805731893,40030.999695696984,40030.999695696984,93665.8808774923,1260890916.1572423
OSTROWSKI (OSTRÓW WIELKOPOLSKI),1932,baseline,1579852030.8450136,1579628788.4694831,259688.67426963442,36446.2987391826,36446.2987391826,223242.3755304518,1579592342.170744
OSTROŁĘCKI,1932,baseline,1241485571.4716527,1241420984.1271055,95744.3361491713,31156.99160204999,31156.99160204999,64587.34454712131,1241389827.1355035
OSZMIAŃSKI,1932,baseline,995775934.3186404,995717433.691614,62951.54948254595,4450.922456302133,4450.922456302133,58500.62702624381,995712982.7691578
PIOTRKOWSKI,1932,baseline,1408436820.872769,1408252168.7975838,256999.30383009324,72347.22864481696,72347.22864481696,184652.07518527628,1408179821.568939
PIŃCZOWSKI,1932,baseline,1356652767.098997,1356469800.3227751,210582.54379127722,27615.767569386386,27615.767569386386,182966.77622189085,1356442184.5552058
PIŃSKI,1932,baseline,1106703287.924407,1106662770.535411,49477.5402869839,8960.151290970938,8960.151290970938,40517.38899601296,1106653810.38412
PODHAJECKI,1932,baseline,1193765487.466026,1193657236.6745026,141046.99194601004,32796.20042243891,32796.20042243891,108250.79152357111,1193624440.47408
POSTAWSKI,1932,baseline,1001194630.7142739,1001159935.01038,42465.76908924056,7770.065195283766,7770.065195283766,34695.703893956794,1001152164.9451847
POZNAŃ (MIASTO),1932,baseline,1728298581.0173142,1691428344.1666527,37966641.76913899,1096404.9184774496,1096404.9184774496,36870236.850661546,1690331939.2481751
POZNAŃSKI,1932,baseline,1683342989.004875,1683155216.6702833,4467530.448283272,4279758.11369167,4279758.11369167,187772.33459160195,1678875458.5565917
PRUŻAŃSKI,1932,baseline,1166511405.0264096,1166450278.0684664,73833.23420521163,12706.276262158455,12706.276262158455,61126.95794305318,1166437571.7922044
PRZASNYCKI,1932,baseline,1206358109.455015,1206240667.3196523,132174.66390612148,14732.528543576806,14732.528543576806,117442.13536254466,1206225934.7911088
PRZEMYSKI,1932,baseline,1269609138.9639788,1269285661.2221744,365581.15146389924,42103.40965966193,42103.40965966193,323477.7418042373,1269243557.8125148
PRZEMYŚLAŃSKI,1932,baseline,1211831021.1111133,1211682012.5834503,184608.49478525092,35599.967122224494,35599.967122224494,149008.52766302644,1211646412.616328
PRZEWORSKI,1932,baseline,1280859595.3634958,1280432208.4974782,472400.0766141787,45013.21059649075,45013.21059649075,427386.86601768795,1280387195.2868817
PSZCZYŃSKI,1932,baseline,1523344156.1514783,1522890867.5943143,655747.6669518002,202459.10978804098,202459.10978804098,453288.5571637592,1522688408.4845264
PUŁAWSKI,1932,baseline,1268181609.5475397,1268035400.9395828,178771.4727961286,32562.864839429898,32562.864839429898,146208.6079566987,1268002838.0747435
PUŁTUSKI,1932,baseline,1290039209.9009964,1289875569.990299,226544.15415636834,62904.243459059326,62904.243459059326,163639.910697309,1289812665.74684
PŁOCKI,1932,baseline,1375154533.2499619,1374869590.9023783,325834.9993423502,40892.65175896651,40892.65175896651,284942.3475833837,1374828698.2506194
PŁOŃSKI,1932,baseline,1275263185.581313,1275096555.8903081,223918.9372233104,57289.246218489556,57289.246218489556,166629.69100482084,1275039266.6440897
RADOMSKI,1932,baseline,1331871788.6831174,1331648525.7511258,258464.84671530494,35201.914723738555,35201.914723738555,223262.93199156638,1331613323.8364022
RADOMSZCZAŃSKI,1932,baseline,1406975251.2452087,1406829643.8757567,212596.23518112756,66988.865728995,66988.865728995,145607.36945213255,1406762655.0100276
RADZIECHOWSKI,1932,baseline,1164436817.0171003,1164333773.5800576,118083.84660143482,15040.409558685706,15040.409558685706,103043.43704274912,1164318733.1704988
RADZYMIŃSKI,1932,baseline,1331420298.8988626,1331185638.3770354,536624.0663665701,301963.54453938646,301963.54453938646,234660.52182718355,1330883674.832496
RADZYŃSKI,1932,baseline,1267582602.4316478,1267466528.0336356,153081.7792453383,37007.38123321286,37007.38123321286,116074.39801212544,1267429520.6524024
RAWICKI,1932,baseline,1628403195.3738298,1627941489.3055294,510395.3463529851,48689.27805262546,48689.27805262546,461706.06830035965,1627892800.0274768
RAWSKI (RAWA MAZOWIECKA),1932,baseline,1373109881.5544403,1372942838.4079642,234538.65471242327,67495.5082363056,67495.5082363056,167043.1464761177,1372875342.8997278
RAWSKI (RAWA RUSKA),1932,baseline,1213049633.9222765,1212946838.600946,131303.34583565447,28508.024505187375,28508.024505187375,102795.32133046711,1212918330.5764408
ROHATYŃSKI,1932,baseline,1206517215.9262908,1206364378.7346613,182628.24308186586,29791.051452313728,29791.051452313728,152837.19162955214,1206334587.683209
ROPCZYCKI,1932,baseline,1327160089.8242757,1327011880.030883,193388.3495508653,45178.556158309875,45178.556158309875,148209.7933925554,1326966701.4747248
RUDECKI,1932,baseline,1229596511.7821107,1229393087.845942,248462.94346832516,45039.00729960934,45039.00729960934,203423.93616871582,1229348048.8386424
RYBNICKI,1932,baseline,1462612051.0240602,1461816178.511813,864204.6136905364,68332.1014433632,68332.1014433632,795872.5122471731,1461747846.4103696
RYPIŃSKI,1932,baseline,1193723320.8926382,1193551084.7603989,191071.78515284354,18835.652913594433,18835.652913594433,172236.1322392491,1193532249.1074853
RZESZOWSKI,1932,baseline,1295129569.015795,1294918018.0950565,241214.02555638336,29663.10481790222,29663.10481790222,211550.92073848113,1294888354.9902387
RÓWIEŃSKI,1932,baseline,1116551111.2132585,1116438082.371641,129114.46213045534,16085.620513006454,16085.620513006454,113028.8416174489,1116421996.751128
SAMBORSKI,1932,baseline,1250094767.2984855,1249926358.651908,228755.21687071133,60346.570293170604,60346.570293170604,168408.64657754073,1249866012.0816147
SANDOMIERSKI,1932,baseline,1294729921.301394,1294550450.0753727,195159.9652628267,15688.739241650328,15688.739241650328,179471.22602117638,1294534761.336131
SANOCKI,1932,baseline,1240106635.5702295,1239934596.2778301,188646.4451261884,16607.1527269902,16607.1527269902,172039.2923991982,1239917989.1251032
SARNEŃSKI,1932,baseline,1101233089.5621789,1101206757.7670956,36939.3006579101,10607.505574783918,10607.505574783918,26331.79508312618,1101196150.2615209
SIEDLECKI,1932,baseline,1286932807.58763,1286806220.8032653,181525.3517810744,54938.56741647256,54938.56741647256,126586.78436460184,1286751282.235849
SIERADZKI,1932,baseline,1475580156.6108086,1475367186.0065434,271400.5228812653,58429.918616161034,58429.918616161034,212970.60426510428,1475308756.0879273
SIERPECKI,1932,baseline,1216654645.6358202,1216465002.8135867,213103.4783178274,23460.65608440721,23460.65608440721,189642.8222334202,1216441542.1575024
SKAŁACKI,1932,baseline,1138664467.9171004,1138500287.6444888,177267.88954580555,13087.616934272222,13087.616934272222,164180.27261153332,1138487200.0275545
SKIERNIEWICKI,1932,baseline,1416358080.8733318,1416098860.2194293,432978.69922477787,173758.04532210386,173758.04532210386,259220.653902674,1415925102.174107
SOCHACZEWSKI,1932,baseline,1378018148.348503,1377754167.797945,366082.6589712858,102102.10841329287,102102.10841329287,263980.55055799294,1377652065.6895318
SOKALSKI,1932,baseline,1189873153.7115998,1189730566.7949169,163352.46627894635,20765.54959617622,20765.54959617622,142586.91668277013,1189709801.2453208
SOKOŁOWSKI,1932,baseline,1266932736.0277915,1266806996.6108072,180034.96568549142,54295.54870132717,54295.54870132717,125739.41698416426,1266752701.062106
SOKÓLSKI,1932,baseline,1191225629.0536864,1191164890.6896381,86645.18076375779,25906.816715478042,25906.816715478042,60738.36404827975,1191138983.8729227
STANISŁAWOWSKI,1932,baseline,1225761772.4922445,1225559034.6543348,237978.38189127657,35240.543981596165,35240.543981596165,202737.8379096804,1225523794.1103532
STAROGARDZKI,1932,baseline,1344857905.147264,1344687819.2999384,189539.14079933704,19453.293473612808,19453.293473612808,170085.84732572423,1344668366.0064647
STOLIŃSKI,1932,baseline,1072117443.2241722,1072094643.6886804,30900.020947691533,8100.485455925581,8100.485455925581,22799.535491765953,1072086543.2032245
STOPNICKI,1932,baseline,1284553583.7993402,1284427422.5348077,140739.22915597304,14577.964623492555,14577.964623492555,126161.26453248049,1284412844.5701842
STOŁPECKI,1932,baseline,1055237991.9638261,1055169855.4935331,74710.4484026129,6573.978109707642,6573.978109707642,68136.47029290526,1055163281.5154234
STRYJSKI,1932,baseline,1216645593.6349914,1216558328.0716863,130034.2759134699,42768.71260823956,42768.71260823956,87265.56330523035,1216515559.359078
SUWALSKI,1932,baseline,1098560908.0890884,1098480669.0289395,89749.3004423488,9510.24029345016,9510.24029345016,80239.06014889864,1098471158.788646
SZAMOTULSKI,1932,baseline,1636251100.9591246,1636039542.8953092,256225.74771272604,44667.68389717091,44667.68389717091,211558.06381555513,1635994875.211412
SZCZUCZYŃSKI (WOJ. BIAŁOSTOCKIE),1932,baseline,1178022916.267819,1177923460.4148886,111165.04164673884,11709.188716350649,11709.188716350649,99455.8529303882,1177911751.2261722
SZCZUCZYŃSKI (WOJ. NOWOGRÓDZKIE),1932,baseline,1127158437.9618182,1127103796.0055678,66118.47670126427,11476.520450738639,11476.520450738639,54641.95625052563,1127092319.485117
SZUBIŃSKI,1932,baseline,1506885933.3558402,1506711424.6820927,244753.84277040767,70245.16902274525,70245.16902274525,174508.67374766243,1506641179.5130699
SĘPOLEŃSKI,1932,baseline,1441301141.162033,1441048305.455245,287723.0117075312,34887.30491959715,34887.30491959715,252835.70678793403,1441013418.1503255
SŁONIMSKI,1932,baseline,1121636034.1437473,1121584462.228367,65773.15448921465,14201.239109110926,14201.239109110926,51571.91538010372,1121570260.989258
TARNOBRZESKI,1932,baseline,1314062373.8937178,1313910074.5201771,181286.76023817208,28987.386697649006,28987.386697649006,152299.37354052308,1313881087.1334796
TARNOGÓRSKI,1932,baseline,1576755770.9126508,1575187444.344561,1860645.2463415503,292318.6782516746,292318.6782516746,1568326.5680898756,1574895125.6663094
TARNOPOLSKI,1932,baseline,1172921665.5008752,1172742030.2791781,211175.1257087312,31539.904011731334,31539.904011731334,179635.22169699988,1172710490.3751664
TARNOWSKI,1932,baseline,1351581154.7633848,1351244351.4452293,409028.4691867248,72225.15103116933,72225.15103116933,336803.31815555546,1351172126.294198
TCZEWSKI,1932,baseline,1326619699.87748,1326301612.3506217,331342.8176580139,13255.290799719365,13255.290799719365,318087.52685829456,1326288357.059822
TOMASZOWSKI,1932,baseline,1168786630.4946084,1168659421.3133013,143055.56621049458,15846.38490342371,15846.38490342371,127209.18130707087,1168643574.928398
TORUŃSKI,1932,baseline,1448053105.9513557,1447684567.166989,420438.9773809019,51900.19301433374,51900.19301433374,368538.7843665682,1447632666.9739747
TREMBOWELSKI,1932,baseline,1168817074.7970924,1168657367.7062821,192738.19067374495,33031.09986359022,33031.09986359022,159707.0908101547,1168624336.6064186
TUCHOLSKI,1932,baseline,1398497532.7017395,1398377170.2172961,155511.34881059368,35148.864367365204,35148.864367365204,120362.48444322849,1398342021.3529289
TURCZAŃSKI,1932,baseline,1205731047.822211,1205663541.5329916,86313.45562343783,18807.166404082815,18807.166404082815,67506.289219355,1205644734.3665876
TURECKI,1932,baseline,1430249715.9686124,1430105597.8365886,158594.5587840325,14476.42676022216,14476.42676022216,144118.13202381035,1430091121.4098284
TŁUMACKI,1932,baseline,1206543672.521266,1206366668.3526561,214123.94864639136,37119.780036559445,37119.780036559445,177004.16860983192,1206329548.5726197
WADOWICKI,1932,baseline,1425360535.4434984,1425133402.8442311,324833.5621904609,97700.96292332276,97700.96292332276,227132.59926713817,1425035701.8813078
WARSZAWSKI,1932,baseline,1367990125.6525211,1367519206.6355445,7071496.299477498,6600577.28250106,6600577.28250106,470919.0169764385,1360918629.3530436
WIELUŃSKI,1932,baseline,1538666273.763489,1538538519.6945055,146422.91070536742,18668.841721737117,18668.841721737117,127754.0689836303,1538519850.8527837
WILEJSKI,1932,baseline,1017302900.1922252,1017257528.5876962,55397.81019259648,10026.205663517356,10026.205663517356,45371.60452907912,1017247502.3820326
WILEŃSKO-TROCKI,1932,baseline,1074878232.8538566,1074839495.4773602,200947.99892869435,162210.62243258848,162210.62243258848,38737.37649610585,1074677284.8549278
WILNO (MIASTO),1932,baseline,1096216436.7633188,1084862993.0987937,11473758.233081022,120314.56855595602,120314.56855595602,11353443.664525066,1084742678.5302377
WOLSZTYŃSKI,1932,baseline,1794798564.4907424,1794574925.0782218,266814.0227061516,43174.61018550943,43174.61018550943,223639.41252064216,1794531750.4680362
WOŁKOWYSKI,1932,baseline,1173347446.7802296,1173303617.7995036,60386.49551560286,16557.514789626086,16557.514789626086,43828.98072597677,1173287060.284714
WOŁOŻYŃSKI,1932,baseline,1031719579.6351613,1031663443.8963436,62667.655783726885,6531.916966097294,6531.916966097294,56135.73881762959,1031656911.9793775
WRZESIŃSKI,1932,baseline,1603487887.463533,1603202009.0752723,359519.5633277908,73641.17506719405,73641.17506719405,285878.3882605968,1603128367.9002051
WYRZYSKI,1932,baseline,1472251787.876618,1472021447.6169157,272305.1397657191,41964.880063532924,41964.880063532924,230340.25970218622,1471979482.7368522
WYSOKOMAZOWIECKI,1932,baseline,1227360548.6792648,1227257302.590725,135633.2132695246,32387.124729532392,32387.124729532392,103246.08853999221,1227224915.4659953
WĄBRZESKI,1932,baseline,1399153652.8368628,1398910858.3729243,284056.98329239,41262.51935379534,41262.51935379534,242794.46393859468,1398869595.8535705
WĄGROWIECKI,1932,baseline,1576382890.8862576,1576200344.9282339,247959.16933089023,65413.211307079546,65413.211307079546,182545.9580238107,1576134931.7169268
WĘGROWSKI,1932,baseline,1250399936.1359994,1250264699.144296,176369.7719850382,41132.78028160059,41132.78028160059,135236.9917034376,1250223566.3640144
WŁOCŁAWSKI,1932,baseline,1436792714.2774184,1436408232.5706074,434527.78419129545,50046.077380438444,50046.077380438444,384481.706810857,1436358186.493227
WŁODAWSKI,1932,baseline,1202725668.4288251,1202654300.2303822,88618.66898840685,17250.470545564993,17250.470545564993,71368.19844284185,1202637049.7598367
WŁODZIMIERSKI,1932,baseline,1184781926.2423022,1184689198.8499606,115518.54154972822,22791.149208098905,22791.149208098905,92727.39234162933,1184666407.7007525
WŁOSZCZOWSKI,1932,baseline,1338233332.9420662,1338126450.0273726,137838.39723540872,30955.48254168564,30955.48254168564,106882.91469372308,1338095494.5448308
ZALESZCZYCKI,1932,baseline,1171672203.1095161,1171523631.2080064,165945.57942763873,17373.67791786593,17373.67791786593,148571.9015097728,1171506257.5300884
ZAMOJSKI,1932,baseline,1231829247.358816,1231654357.1126196,209185.01249576863,34294.76629939609,34294.76629939609,174890.24619637255,1231620062.3463202
ZBARASKI,1932,baseline,1154480383.4862916,1154305419.9048622,205308.19057587493,30344.609146395345,30344.609146395345,174963.5814294796,1154275075.2957158
ZBOROWSKI,1932,baseline,1164003537.0220952,1163872345.114328,153148.2925474219,21956.384780213928,21956.384780213928,131191.90776720797,1163850388.7295477
ZDOŁBUNOWSKI,1932,baseline,1109843377.621517,1109699475.0022202,157415.59308411658,13512.973787423174,13512.973787423174,143902.61929669342,1109685962.0284328
ZŁOCZOWSKI,1932,baseline,1180697257.4654515,1180578851.5608814,147095.70777666615,28689.803206636992,28689.803206636992,118405.90457002915,1180550161.7576747
ŁASKI,1932,baseline,1377616576.0481598,1377270934.9463084,353771.81415830186,8130.712306816928,8130.712306816928,345641.1018514849,1377262804.2340016
ŁAŃCUCKI,1932,baseline,1281586437.2229192,1281392993.0067294,220023.29754756368,26579.08135776063,26579.08135776063,193444.21618980306,1281366413.9253716
ŁOMŻYŃSKI,1932,baseline,1216855322.8207343,1216754664.190178,120892.28003822971,20233.649481737197,20233.649481737197,100658.63055649251,1216734430.5406961
ŁOWICKI,1932,baseline,1424974389.1672757,1424761730.6763155,361827.0631793834,149168.57221939438,149168.57221939438,212658.490959989,1424612562.1040962
ŁUCKI,1932,baseline,1154378151.4904773,1154317236.1432004,75622.39623802848,14707.048961125265,14707.048961125265,60915.34727690321,1154302529.0942392
ŁUKOWSKI,1932,baseline,1280071078.2067013,1279953736.1704354,162726.60562045683,45384.569354465835,45384.569354465835,117342.03626599099,1279908351.601081
ŁUNINIECKI,1932,baseline,1082590897.9687278,1082563110.5320175,37013.84504366675,9226.408333401305,9226.408333401305,27787.43671026544,1082553884.1236842
ŁÓDZKI,1932,baseline,1443702740.3862073,1443012676.7647069,1511455.0200746066,821391.3985740729,821391.3985740729,690063.6215005338,1442191285.3661327
ŁÓDŹ (MIASTO),1932,baseline,1572005114.0307252,1435194860.5459867,137029521.67841938,219268.1936807341,219268.1936807341,136810253.48473865,1434975592.352306
ŁĘCZYCKI,1932,baseline,1454689082.5609164,1454463909.9250796,397261.26034521486,172088.62450848625,172088.62450848625,225172.63583672862,1454291821.3005712
ŚNIATYŃSKI,1932,baseline,1227406810.5481684,1227119894.1609013,300256.7720006725,13340.384733736413,13340.384733736413,286916.38726693613,1227106553.7761676
ŚREDZKI,1932,baseline,1624201759.3624594,1623952763.9189153,339008.4113633242,90012.96781926455,90012.96781926455,248995.44354405967,1623862750.951096
ŚREMSKI,1932,baseline,1599088167.3915493,1598870320.142731,264383.07165414863,46535.822835733125,46535.822835733125,217847.2488184155,1598823784.3198953
ŚWIECKI,1932,baseline,1404122102.748856,1403983316.703458,186428.43357499526,47642.38817699143,47642.38817699143,138786.04539800383,1403935674.3152812
ŚWIĘCIAŃSKI,1932,baseline,1042445964.0313044,1042406281.109227,48177.931260314996,8495.009182942043,8495.009182942043,39682.922077372954,1042397786.100044
ŚWIĘTOCHŁOWICKI,1932,baseline,1598791580.3518872,1579143467.9500875,20810165.579427253,1162053.1776276352,1162053.1776276352,19648112.40179962,1577981414.77246
ŻNIŃSKI,1932,baseline,1527026844.2862847,1526782199.7989607,308149.4129258918,63504.9256020333,63504.9256020333,244644.4873238585,1526718694.8733587
ŻYDACZOWSKI,1932,baseline,1215950293.2702496,1215807296.8453314,181643.88125126346,38647.45633324452,38647.45633324452,142996.42491801895,1215768649.3889983
ŻYWIECKI,1932,baseline,1431837498.3514569,1431573050.2333868,339076.30382165156,74628.18575146492,74628.18575146492,264448.11807018664,1431498422.0476353
ŻÓŁKIEWSKI,1932,baseline,1216020583.1750336,1215860602.2883134,244130.11004830827,84149.22332819733,84149.22332819733,159980.88672011092,1215776453.0649853
AUGUSTOWSKI,1933,baseline,1176513118.3620481,1176451829.0417395,74598.1391208588,13308.818812110474,13308.818812110474,61289.320308748334,1176438520.2229273
BARANOWICKI,1933,baseline,1163645971.0956073,1163598565.5470984,64732.47330977053,17326.924800922032,17326.924800922032,47405.5485088485,1163581238.6222975
BIALSKI (BIAŁA KRAKOWSKA),1933,baseline,1540890034.6979656,1540041213.8576913,960654.5618401414,111833.72156573631,111833.72156573631,848820.8402744051,1539929380.1361256
BIALSKI (BIAŁA PODLASKA),1933,baseline,1314318489.7875423,1314207043.632646,142660.14958197455,31213.994685579233,31213.994685579233,111446.15489639531,1314175829.6379604
BIAŁOSTOCKI,1933,baseline,1293377915.632848,1293230867.3908567,176094.76512565123,29046.523134408468,29046.523134408468,147048.24199124277,1293201820.8677223
BIELSKI (BIELSK PODLASKI),1933,baseline,1281970417.0051727,1281924328.6678703,70743.661747239,24655.32444471288,24655.32444471288,46088.337302526124,1281899673.3434255
BIELSKO,1933,baseline,1536114917.496776,1534345057.7153378,1885472.6746400245,115612.89320161562,115612.89320161562,1769859.781438409,1534229444.8221362
BIŁGORAJSKI,1933,baseline,1266500237.9827569,1266424715.1274118,99008.32940737982,23485.474062457586,23485.474062457586,75522.85534492222,1266401229.6533494
BOCHEŃSKI,1933,baseline,1465173226.4296296,1464986683.292934,282817.217725946,96274.08103046469,96274.08103046469,186543.1366954813,1464890409.2119036
BORSZCZOWSKI,1933,baseline,1170208230.088538,1170075950.8170955,139022.66278786637,6743.39134558495,6743.39134558495,132279.27144228143,1170069207.42575
BRASŁAWSKI,1933,baseline,1052168757.8676428,1052137887.6120721,33979.61146992128,3109.355899191489,3109.355899191489,30870.255570729787,1052134778.2561729
BRODNICKI,1933,baseline,1465625160.6990998,1465437609.2854917,218573.3476960756,31021.934087881644,31021.934087881644,187551.41360819395,1465406587.3514037
BRODZKI,1933,baseline,1225049588.8621922,1224921814.0597231,144817.0882482022,17042.285779270933,17042.285779270933,127774.80246893126,1224904771.773944
BRZESKI (BRZESKO),1933,baseline,1402361000.8079429,1402190374.9958217,233507.02048096608,62881.2083596599,62881.2083596599,170625.81212130617,1402127493.787462
BRZESKI (BRZEŚĆ N.BUG.),1933,baseline,1300976264.2052898,1300923509.5342956,81147.90259216327,28393.231597883838,28393.231597883838,52754.67099427943,1300895116.3026977
BRZEZIŃSKI,1933,baseline,1503609656.368004,1503184367.5782251,656227.0530753953,230938.26329631318,230938.26329631318,425288.7897790822,1502953429.3149288
BRZEŻAŃSKI,1933,baseline,1261421641.4973938,1261284463.1901524,173192.74269220358,36014.43545069947,36014.43545069947,137178.3072415041,1261248448.7547016
BRZOZOWSKI,1933,baseline,1310944544.7902975,1310647418.3312418,315078.32353410363,17951.864478344116,17951.864478344116,297126.45905575954,1310629466.4667635
BUCZACKI,1933,baseline,1232068781.82484,1231923170.4524438,171875.8938714449,26264.521475337726,26264.521475337726,145611.37239610715,1231896905.9309685
BYDGOSKI,1933,baseline,1562817569.457744,1562429741.9201028,434566.9994285811,46739.46178752638,46739.46178752638,387827.5376410547,1562383002.4583154
BÓBRECKI,1933,baseline,1272076939.31089,1271899229.7113054,211926.07488036508,34216.475295862685,34216.475295862685,177709.5995845024,1271865013.2360096
BĘDZIŃSKI,1933,baseline,1602953234.8872113,1601807275.8456857,1228041.1532267393,82082.11170129433,82082.11170129433,1145959.041525445,1601725193.7339845
BŁOŃSKI,1933,baseline,1459391836.047655,1458840261.53716,1015774.2391030218,464199.7286078347,464199.7286078347,551574.5104951871,1458376061.808552
CHEŁMIŃSKI,1933,baseline,1504476391.2019062,1504245188.5583782,273509.18742194545,42306.543893940456,42306.543893940456,231202.643528005,1504202882.0144842
CHEŁMSKI,1933,baseline,1303012024.3491254,1302901470.9628987,143830.34263863834,33276.95641212048,33276.95641212048,110553.38622651786,1302868194.0064867
CHODZIESKI,1933,baseline,1607683712.0647497,1607464715.853994,252236.72028349648,33240.50952776712,33240.50952776712,218996.21075572935,1607431475.3444662
CHOJNICKI,1933,baseline,1464370897.0409043,1464285555.7379878,109564.53142085878,24223.22850446235,24223.22850446235,85341.30291639644,1464261332.5094833
CHORZÓW,1933,baseline,1719072509.244973,1662948784.6627812,58636564.104412146,2512839.5222204244,2512839.5222204244,56123724.58219172,1660435945.1405609
CHRZANOWSKI,1933,baseline,1567675823.2807572,1566849314.8664274,950277.5591568518,123769.14482703217,123769.14482703217,826508.4143298197,1566725545.7216003
CIECHANOWSKI,1933,baseline,1387607157.7781696,1387421319.1999106,246998.15421264034,61159.57595374706,61159.57595374706,185838.57825889328,1387360159.623957
CIESZYŃSKI,1933,baseline,1496347321.9100475,1495706527.6335533,716274.8982981766,75480.62180403234,75480.62180403234,640794.2764941442,1495631047.0117493
CZARNKOWSKI,1933,baseline,1604699932.98327,1604514502.8397958,206936.463310021,21506.319835993385,21506.319835993385,185430.14347402763,1604492996.51996
CZORTKOWSKI,1933,baseline,1225501080.3007126,1225241079.1397197,296829.7604419988,36828.59944918773,36828.59944918773,260001.16099281103,1225204250.5402706
CZĘSTOCHOWSKI,1933,baseline,1489745761.9853847,1489346455.1825879,440743.46173225506,41436.65893531505,41436.65893531505,399306.80279694,1489305018.5236526
DOBROMILSKI,1933,baseline,1305672165.1260288,1305530266.2119892,168725.1569419429,26826.242902268634,26826.242902268634,141898.91403967427,1305503439.969087
DOLIŃSKI,1933,baseline,1278405827.9460049,1278328594.2309835,99787.96106928722,22554.246047920573,22554.246047920573,77233.71502136665,1278306039.9849355
DROHICKI,1933,baseline,1204220365.2999778,1204169496.5267823,63195.12457739802,12326.351381874298,12326.351381874298,50868.77319552372,1204157170.1754005
DROHOBYCKI,1933,baseline,1298494947.866285,1298132346.8156,399489.07379027957,36888.02310514648,36888.02310514648,362601.0506851331,1298095458.7924948
DUBIEŃSKI,1933,baseline,1183971453.2130384,1183897978.3303003,89124.44759227923,15649.56485408231,15649.56485408231,73474.88273819692,1183882328.7654462
DZIAŁDOWSKI,1933,baseline,1399722206.6712227,1399595793.4338148,145208.98521455217,18795.74780662584,18795.74780662584,126413.23740792634,1399576997.6860082
DZIŚNIEŃSKI,1933,baseline,1039336335.0340161,1039293459.5088958,47642.52589662973,4767.0007763145395,4767.0007763145395,42875.52512031519,1039288692.5081195
DĄBROWSKI,1933,baseline,1395246999.515978,1395118867.3319986,182584.2948610146,54452.1108816788,54452.1108816788,128132.18397933582,1395064415.221117
GARWOLIŃSKI,1933,baseline,1383213817.5991812,1383096856.9221654,209050.9475506693,92090.27053496972,92090.27053496972,116960.67701569959,1383004766.6516304
GNIEŹNIEŃSKI,1933,baseline,1682079447.0417392,1681818629.034441,333030.1319879134,72212.12468947798,72212.12468947798,260818.0072984354,1681746416.9097514
GORLICKI,1933,baseline,1376960640.2742224,1376801278.5084286,196778.63626851872,37416.87047491546,37416.87047491546,159361.76579360326,1376763861.6379538
GOSTYNIŃSKI,1933,baseline,1500041366.472187,1499854659.881817,265746.49350397446,79039.9031339953,79039.9031339953,186706.59036997915,1499775619.978683
GOSTYŃSKI,1933,baseline,1718060143.382149,1717759881.2381334,358264.4808724824,58002.33685689567,58002.33685689567,300262.14401558676,1717701878.9012766
GRODZIEŃSKI,1933,baseline,1221269514.3865833,1221215448.0446506,68763.61843976511,14697.276506854292,14697.276506854292,54066.341932910815,1221200750.7681437
GRUDZIĄDZKI,1933,baseline,1479000916.3901155,1478525213.0376148,520728.6866715833,45025.33417092967,45025.33417092967,475703.3525006536,1478480187.703444
GRÓDECKI,1933,baseline,1278160147.8540518,1278011143.4197073,263911.83522762125,114907.40088315937,114907.40088315937,149004.4343444619,1277896236.018824
GRÓJECKI,1933,baseline,1374769394.5863998,1374586491.5069408,314318.55431875447,131415.47485963374,131415.47485963374,182903.07945912072,1374455076.0320811
HOROCHOWSKI,1933,baseline,1211668144.1551125,1211570320.1899877,110360.28773238236,12536.322607619359,12536.322607619359,97823.96512476301,1211557783.8673801
HORODEŃSKI,1933,baseline,1237263554.5110397,1237093486.0007539,185264.96677561197,15196.456489734943,15196.456489734943,170068.51028587704,1237078289.544264
HRUBIESZOWSKI,1933,baseline,1251311107.831892,1251149275.912948,187845.04528274309,26013.12633870277,26013.12633870277,161831.9189440403,1251123262.7866092
INOWROCŁAWSKI,1933,baseline,1602122113.7530441,1601820424.012891,358105.6601591988,56415.92000611511,56415.92000611511,301689.7401530837,1601764008.092885
IWACEWICKI,1933,baseline,1187146290.6656716,1187115126.8895662,41785.97942864409,10622.20332301805,10622.20332301805,31163.776105626042,1187104504.686243
IŁŻECKI,1933,baseline,1396600089.1228216,1396435402.1231165,199975.0564515045,35288.05674648089,35288.05674648089,164686.9997050236,1396400114.06637
JANOWSKI,1933,baseline,1326112271.9424636,1325999241.758516,145173.83341631744,32143.649468743428,32143.649468743428,113030.18394757403,1325967098.1090474
JAROCIŃSKI,1933,baseline,1669899380.3328989,1669684060.9118903,266105.91336450353,50786.49235576884,50786.49235576884,215319.42100873467,1669633274.4195344
JAROSŁAWSKI,1933,baseline,1343941677.1588624,1343806806.8048065,176853.14422725307,41982.79017141805,41982.79017141805,134870.35405583502,1343764824.014635
JASIELSKI,1933,baseline,1362065660.8833017,1361916701.170635,200676.1646610516,51716.45199453536,51716.45199453536,148959.71266651622,1361864984.7186406
JAWOROWSKI,1933,baseline,1251940567.3173716,1251812822.6699212,164809.74626590597,37065.098815472054,37065.098815472054,127744.64745043391,1251775757.5711057
JĘDRZEJOWSKI,1933,baseline,1458575884.9432092,1458416467.5715113,208886.74091809933,49469.36922027718,49469.36922027718,159417.37169782215,1458366998.202291
KALISKI,1933,baseline,1589606970.60796,1589316652.1986008,315711.71467998176,25393.305320775064,25393.305320775064,290318.4093592067,1589291258.89328
KAMIONECKI,1933,baseline,1260934268.4581165,1260815760.156002,166549.75180471654,48041.44969040711,48041.44969040711,118508.30211430944,1260767718.7063117
KARTUSKI,1933,baseline,1370889436.9986043,1370787668.3002632,119608.26372530853,17839.56538422342,17839.56538422342,101768.69834108511,1370769828.734879
KATOWICE,1933,baseline,1651613683.7362738,1639420346.2621667,12702474.775612727,509137.30150581995,509137.30150581995,12193337.474106906,1638911208.960661
KAŁUSKI,1933,baseline,1268243125.845244,1268140557.0644825,124598.18771905641,22029.406957604377,22029.406957604377,102568.78076145203,1268118527.6575248
KIELECKI,1933,baseline,1445237514.1892416,1445048570.5228899,230147.7229733306,41204.0566215079,41204.0566215079,188943.6663518227,1445007366.4662683
KOBRYŃSKI,1933,baseline,1242525586.889637,1242486278.0785077,56408.89933547271,17100.088206069227,17100.088206069227,39308.81112940349,1242469177.9903016
KOLBUSZOWSKI,1933,baseline,1343584930.5794656,1343451218.6170387,154220.34814370584,20508.385716890403,20508.385716890403,133711.96242681544,1343430710.2313218
KOLSKI,1933,baseline,1606411529.0370457,1606188003.889318,296719.0947733766,73193.94704549116,73193.94704549116,223525.1477278854,1606114809.9422724
KONECKI,1933,baseline,1451966291.6511576,1451821385.6267636,195818.4151715638,50912.39077765334,50912.39077765334,144906.02439391045,1451770473.235986
KONIŃSKI,1933,baseline,1622578907.1339738,1622449089.4362078,164064.49083105536,34246.79306507149,34246.79306507149,129817.69776598387,1622414842.6431427
KOPYCZYNIECKI,1933,baseline,1218281529.5569859,1218124701.9378004,193176.76028547,36349.14109981351,36349.14109981351,156827.61918565648,1218088352.7967005
KOSOWSKI (KOSÓW HUCULSKI),1933,baseline,1224998652.9233444,1224950774.661673,57419.34354461859,9541.081873501847,9541.081873501847,47878.26167111674,1224941233.5797997
KOSTOPOLSKI,1933,baseline,1153333416.9954813,1153283873.8565657,63485.770939761256,13942.632024235443,13942.632024235443,49543.138915525815,1153269931.2245414
KOSZYRSKI,1933,baseline,1140799887.4481819,1140771237.2438557,33227.89415038853,4577.68982423963,4577.68982423963,28650.204326148898,1140766659.5540314
KOWELSKI,1933,baseline,1244592648.151834,1244560383.3343527,49011.156354942745,16746.33887354493,16746.33887354493,32264.817481397815,1244543636.995479
KOZIENICKI,1933,baseline,1365859882.144327,1365763488.6312344,134611.69223801233,38218.17914559625,38218.17914559625,96393.51309241609,1365725270.4520888
KOŁOMYJSKI,1933,baseline,1284454170.0167556,1284321611.5441442,158069.9306610669,25511.458049614022,25511.458049614022,132558.4726114529,1284296100.0860946
KOŚCIAŃSKI,1933,baseline,1777059976.353597,1776814901.3043916,331040.8384739702,85965.78926877183,85965.78926877183,245075.04920519833,1776728935.515123
KOŚCIERSKI,1933,baseline,1408242331.9897084,1408131428.2762868,130508.07956657217,19604.366144828313,19604.366144828313,110903.71342174386,1408111823.910142
KRAKOWSKI,1933,baseline,1506836538.5325747,1506472813.528839,3526062.9731654543,3162337.9694299074,3162337.9694299074,363725.0037355469,1503310475.5594091
KRAKÓW (MIASTO),1933,baseline,1574329184.4215868,1504618183.197975,70562848.78869158,851847.5650798047,851847.5650798047,69711001.22361177,1503766335.6328952
KRASNOSTAWSKI,1933,baseline,1298183116.2958333,1298039556.6724665,177723.67877350675,34164.055406657804,34164.055406657804,143559.62336684894,1298005392.61706
KROTOSZYŃSKI,1933,baseline,1669076953.7670863,1668828276.2834308,294523.2389017988,45845.7552464301,45845.7552464301,248677.4836553687,1668782430.5281844
KROŚNIEŃSKI,1933,baseline,1348836986.1483164,1348522530.8125877,347662.1044708361,33206.768742145985,33206.768742145985,314455.33572869014,1348489324.0438457
KRZEMIENIECKI,1933,baseline,1158523171.2613237,1158438613.7889853,96538.14039186283,11980.668053499234,11980.668053499234,84557.4723383636,1158426633.1209319
KUTNOWSKI,1933,baseline,1554597508.5656512,1554163425.8574302,568192.7937621805,134110.08554132693,134110.08554132693,434082.7082208535,1554029315.771889
KĘPIŃSKI,1933,baseline,1632644132.7285285,1632461400.6131473,204815.9351376738,22083.819756412566,22083.819756412566,182732.11538126125,1632439316.7933908
LESKI,1933,baseline,1267036611.4678273,1266956846.3303816,90589.46013918649,10824.322693702698,10824.322693702698,79765.1374454838,1266946022.007688
LESZCZYŃSKI,1933,baseline,1788032135.464723,1787712002.601935,381615.45452365687,61482.59173535734,61482.59173535734,320132.8627882995,1787650520.0101995
LIDZKI,1933,baseline,1159666699.7054837,1159622075.7440124,56614.186340364104,11990.224868922603,11990.224868922603,44623.9614714415,1159610085.5191433
LIMANOWSKI,1933,baseline,1406635964.163437,1406515157.369525,153073.67661533967,32266.882703275052,32266.882703275052,120806.79391206463,1406482890.4868217
LIPNOWSKI,1933,baseline,1257562214.0082147,1257407752.5677662,171467.24883335692,17005.80838489059,17005.80838489059,154461.44044846634,1257390746.7593813
LUBACZOWSKI,1933,baseline,1239801491.9949098,1239684788.0848088,130386.60162504119,13682.691524124612,13682.691524124612,116703.91010091658,1239671105.3932848
LUBARTOWSKI,1933,baseline,1320175643.8425891,1320052442.7064269,194400.94583987264,71199.8096776661,71199.8096776661,123201.13616220653,1319981242.8967493
LUBAWSKI,1933,baseline,1407431653.99782,1407241107.8699985,205461.91109438875,14915.783272910943,14915.783272910943,190546.1278214778,1407226192.0867255
LUBELSKI,1933,baseline,1342028695.1024978,1341718436.039922,356814.7897540388,46555.72717825095,46555.72717825095,310259.06257578783,1341671880.3127437
LUBLINIECKI,1933,baseline,1634145334.5891848,1633885903.301703,327373.0108376155,67941.72335570674,67941.72335570674,259431.28748190877,1633817961.5783472
LUBOMELSKI,1933,baseline,1257242985.927959,1257200542.844519,61536.794598327964,19093.711158223912,19093.711158223912,42443.08344010405,1257181449.1333606
LWOWSKI,1933,baseline,1297964359.8930793,1297790174.5552866,2980776.048090883,2806590.710298364,2806590.710298364,174185.33779251896,1294983583.8449883
LWÓW (MIASTO),1933,baseline,1337737581.9806955,1303409943.05825,35065750.58849589,738111.6660504492,738111.6660504492,34327638.92244544,1302671831.3921995
M. ST. WARSZAWA,1933,baseline,1557088979.6148872,1442339382.1824374,116233065.53760237,1483468.105152634,1483468.105152634,114749597.43244973,1440855914.0772848
MAKOWSKI (MAKÓW MAZOWIECKI),1933,baseline,1328525270.475828,1328395243.3851178,148926.5688819749,18899.478171871793,18899.478171871793,130027.09071010312,1328376343.906946
MIECHOWSKI,1933,baseline,1471774340.4859416,1471613265.120605,195379.00605646244,34303.64071978378,34303.64071978378,161075.36533667866,1471578961.479885
MIELECKI,1933,baseline,1375955329.4131243,1375847409.093653,146682.09421743517,38761.77474607115,38761.77474607115,107920.31947136403,1375808647.3189068
MIĘDZYCHODZKI,1933,baseline,1785507390.9294426,1785325064.6934516,205163.10149974123,22836.86550879126,22836.86550879126,182326.23599094996,1785302227.8279428
MIŃSKI,1933,baseline,1395084351.3915613,1394843320.0147226,484399.23185242293,243367.85501378786,243367.85501378786,241031.3768386351,1394599952.1597087
MOGILEŃSKI,1933,baseline,1610318208.5676894,1610114617.8136113,251575.4367751605,47984.68269703009,47984.68269703009,203590.7540781304,1610066633.1309142
MORSKI,1933,baseline,1316649147.247628,1316368038.180605,288176.4792425077,7067.412219637837,7067.412219637837,281109.0670228699,1316360970.7683854
MOŁODECZAŃSKI,1933,baseline,1084787976.2359257,1084715123.570114,85023.65572639334,12170.98991463112,12170.98991463112,72852.66581176221,1084702952.5801992
MOŚCISKI,1933,baseline,1303857233.3040524,1303691582.9609964,198342.05335688734,32691.710300997995,32691.710300997995,165650.34305588933,1303658891.2506955
MYŚLENICKI,1933,baseline,1428426026.9282641,1428272254.4365053,186876.65326925027,33104.161510570615,33104.161510570615,153772.49175867965,1428239150.2749949
MŁAWSKI,1933,baseline,1388842187.6092129,1388690115.6258955,186227.1306784902,34155.14736111091,34155.14736111091,152071.9833173793,1388655960.4785345
NADWÓRNIAŃSKI,1933,baseline,1262440697.5042381,1262358066.8057592,100923.3151277757,18292.616648958618,18292.616648958618,82630.69847881708,1262339774.1891103
NIESZAWSKI,1933,baseline,1556394919.4672728,1556177022.6090145,270491.55193311424,52594.69367482929,52594.69367482929,217896.85825828495,1556124427.9153397
NIEŚWIESKI,1933,baseline,1132972200.7264757,1132872618.450057,110009.49430669137,10427.217888143146,10427.217888143146,99582.27641854822,1132862191.232169
NIŻAŃSKI,1933,baseline,1356643157.910434,1356520938.5637417,147074.80949441448,24855.462802256763,24855.462802256763,122219.3466921577,1356496083.1009395
NOWOGRÓDZKI,1933,baseline,1127501796.4170177,1127448279.259372,64950.134665049336,11432.97701930788,11432.97701930788,53517.157645741456,1127436846.2823527
NOWOSĄDECKI,1933,baseline,1389194053.6279533,1389044052.7758894,179180.80742805943,29179.95536418953,29179.95536418953,150000.8520638699,1389014872.8205252
NOWOTARSKI,1933,baseline,1426172395.6564462,1426046314.4316084,154941.94782041767,28860.72298269682,28860.72298269682,126081.22483772085,1426017453.7086258
NOWOTOMYSKI,1933,baseline,1846000671.6521168,1845812490.052702,219640.28472316748,31458.68530841234,31458.68530841234,188181.59941475515,1845781031.3673935
OBORNICKI,1933,baseline,1702575262.422902,1702420988.1162074,253925.11259080557,99650.8058961335,99650.8058961335,154274.30669467206,1702321337.3103113
OLKUSKI,1933,baseline,1533333696.3763802,1533115878.5267394,270052.1318475447,52234.28220675803,52234.28220675803,217817.84964078668,1533063644.2445326
OPATOWSKI,1933,baseline,1402548084.9626904,1402359171.8693364,225178.13269525775,36265.03934124546,36265.03934124546,188913.0933540123,1402322906.8299952
OPOCZYŃSKI,1933,baseline,1458981683.5413952,1458885762.0230694,172407.57477819218,76486.05645235896,76486.05645235896,95921.51832583323,1458809275.966617
OSTROWSKI (OSTRÓW MAZOWIECKA),1933,baseline,1329839309.8084798,1329744104.4751482,138918.94081776566,43713.60748629331,43713.60748629331,95205.33333147234,1329700390.867662
OSTROWSKI (OSTRÓW WIELKOPOLSKI),1933,baseline,1666232816.2584853,1666030991.1064897,239856.29521009242,38031.14321451255,38031.14321451255,201825.15199557986,1665992959.9632752
OSTROŁĘCKI,1933,baseline,1309263487.5930238,1309201714.3628778,95388.5127095053,33615.28256367385,33615.28256367385,61773.23014583146,1309168099.0803142
OSZMIAŃSKI,1933,baseline,1048376707.3028525,1048324827.5946639,56048.88739032272,4169.179201711399,4169.179201711399,51879.70818861132,1048320658.4154621
PIOTRKOWSKI,1933,baseline,1484196006.3388925,1484007541.9248984,262805.9816130217,74341.56761886539,74341.56761886539,188464.4139941563,1483933200.3572795
PIŃCZOWSKI,1933,baseline,1428139894.4436324,1427987004.9779074,178278.82677773858,25389.361052678127,25389.361052678127,152889.46572506047,1427961615.6168547
PIŃSKI,1933,baseline,1165036399.4615526,1164999600.6486192,45572.87954425524,8774.066610772377,8774.066610772377,36798.812933482855,1164990826.5820084
PODHAJECKI,1933,baseline,1250816030.672444,1250710871.1477282,137460.56169407646,32301.036978206062,32301.036978206062,105159.5247158704,1250678570.11075
POSTAWSKI,1933,baseline,1055374774.1534867,1055343290.558451,38745.58054638628,7261.985510705699,7261.985510705699,31483.595035680577,1055336028.5729403
POZNAŃ (MIASTO),1933,baseline,1824306379.2707708,1784635102.7292264,40677736.35183178,1006459.8102871731,1006459.8102871731,39671276.54154461,1783628642.918939
POZNAŃSKI,1933,baseline,1776029274.931594,1775854200.9706872,4691689.712694609,4516615.751787813,4516615.751787813,175073.96090679505,1771337585.2188993
PRUŻAŃSKI,1933,baseline,1228474138.132079,1228421056.712109,65398.82505622496,12317.405086560137,12317.405086560137,53081.41996966482,1228408739.3070226
PRZASNYCKI,1933,baseline,1271543785.2471666,1271426562.0867114,132943.3606319318,15720.200176765886,15720.200176765886,117223.16045516591,1271410841.8865347
PRZEMYSKI,1933,baseline,1333012756.4537604,1332707036.7402823,346163.80090236076,40444.08742425185,40444.08742425185,305719.7134781089,1332666592.652858
PRZEMYŚLAŃSKI,1933,baseline,1270441062.694381,1270293183.845696,183248.4299453425,35369.58126019374,35369.58126019374,147878.84868514875,1270257814.2644358
PRZEWORSKI,1933,baseline,1345613244.0120437,1345221119.8960898,435533.4777538064,43409.36179986385,43409.36179986385,392124.1159539425,1345177710.5342898
PSZCZYŃSKI,1933,baseline,1606416626.7713182,1605974064.2113235,642249.5726324865,199687.01263775097,199687.01263775097,442562.5599947355,1605774377.1986856
PUŁAWSKI,1933,baseline,1335086721.7823093,1334940760.0666816,179710.77353184696,33749.05790421629,33749.05790421629,145961.71562763068,1334907011.0087774
PUŁTUSKI,1933,baseline,1357866064.1752954,1357702516.0897226,230405.8763977961,66857.79082523454,66857.79082523454,163548.08557256154,1357635658.2988975
PŁOCKI,1933,baseline,1467326756.8575199,1467041279.8151305,328232.90462937334,42755.86224004547,42755.86224004547,285477.0423893279,1466998523.9528904
PŁOŃSKI,1933,baseline,1341908288.2825134,1341736402.1854978,231873.01044589689,59986.91343030154,59986.91343030154,171886.09701559535,1341676415.2720675
RADOMSKI,1933,baseline,1401912919.6569612,1401730514.2817934,217386.1343620122,34980.75919423168,34980.75919423168,182405.37516778053,1401695533.5225992
RADOMSZCZAŃSKI,1933,baseline,1482805743.3572202,1482661825.785325,207257.90473516673,63340.332839991104,63340.332839991104,143917.5718951756,1482598485.452485
RADZIECHOWSKI,1933,baseline,1221544139.2644553,1221443304.4120133,115797.09138656162,14962.238944540495,14962.238944540495,100834.85244202112,1221428342.1730688
RADZYMIŃSKI,1933,baseline,1404866476.0884817,1404633401.8308146,677505.6254888067,444431.3678217169,444431.3678217169,233074.25766708987,1404188970.462993
RADZYŃSKI,1933,baseline,1335764003.0696263,1335641141.8614588,161605.56977281903,38744.361605112535,38744.361605112535,122861.20816770649,1335602397.4998536
RAWICKI,1933,baseline,1718026308.9551244,1717621258.3807745,454033.8325904114,48983.258240506315,48983.258240506315,405050.57434990513,1717572275.122534
RAWSKI (RAWA MAZOWIECKA),1933,baseline,1446860252.010821,1446697652.8533268,233776.94443985293,71177.78694549829,71177.78694549829,162599.15749435464,1446626475.0663812
RAWSKI (RAWA RUSKA),1933,baseline,1273639423.1557043,1273537079.1966178,130716.49505628864,28372.535969983288,28372.535969983288,102343.95908630535,1273508706.6606479
ROHATYŃSKI,1933,baseline,1263943601.2559571,1263810712.3643777,162171.26544646523,29282.373867049653,29282.373867049653,132888.8915794156,1263781429.9905107
ROPCZYCKI,1933,baseline,1395391927.4055986,1395252641.6625023,182473.8472543678,43188.10415793784,43188.10415793784,139285.74309642997,1395209453.5583444
RUDECKI,1933,baseline,1290112548.0700946,1289919290.84445,238188.16564866895,44930.9400042295,44930.9400042295,193257.22564443946,1289874359.904446
RYBNICKI,1933,baseline,1541961130.1150641,1541179318.0375428,849618.492323371,67806.41480202305,67806.41480202305,781812.0775213479,1541111511.6227407
RYPIŃSKI,1933,baseline,1255900031.6810653,1255719771.8362455,199651.74144712582,19391.89662736451,19391.89662736451,180259.84481976132,1255700379.939618
RZESZOWSKI,1933,baseline,1360964492.9554727,1360759550.8104873,233641.68246823153,28699.537482644973,28699.537482644973,204942.14498558655,1360730851.2730045
RÓWIEŃSKI,1933,baseline,1172699362.5512998,1172593104.9455388,121880.96850005243,15623.362739084934,15623.362739084934,106257.6057609675,1172577481.5827997
SAMBORSKI,1933,baseline,1311592944.83887,1311429560.0609474,222682.76920511667,59297.991282350995,59297.991282350995,163384.77792276567,1311370262.069665
SANDOMIERSKI,1933,baseline,1362099999.5129173,1361946934.0072794,167781.3294035399,14715.823765746614,14715.823765746614,153065.50563779328,1361932218.1835136
SANOCKI,1933,baseline,1302001319.3625214,1301837497.4791684,180221.8585560573,16399.975203062524,16399.975203062524,163821.88335299477,1301821097.5039654
SARNEŃSKI,1933,baseline,1157290832.6034067,1157263108.821925,38107.11548774943,10383.334006055826,10383.334006055826,27723.781481693597,1157252725.4879189
SIEDLECKI,1933,baseline,1357020064.884791,1356893809.7481117,187533.11130633665,61277.974627313655,61277.974627313655,126255.13667902301,1356832531.7734845
SIERADZKI,1933,baseline,1608629492.822975,1608424849.8591828,298702.3682627162,94059.40447068127,94059.40447068127,204642.96379203495,1608330790.4547122
SIERPECKI,1933,baseline,1280822980.5365505,1280637591.7048206,209897.42041556435,24508.588685650953,24508.588685650953,185388.8317299134,1280613083.116135
SKAŁACKI,1933,baseline,1193455020.350192,1193290060.3683493,178112.54410797812,13152.562265208871,13152.562265208871,164959.98184276925,1193276907.8060842
SKIERNIEWICKI,1933,baseline,1492698171.341663,1492438027.1064641,443879.4770166712,183735.24181806328,183735.24181806328,260144.23519860796,1492254291.8646462
SOCHACZEWSKI,1933,baseline,1462941358.4283285,1462666807.4559283,382404.33218859456,107853.35978848337,107853.35978848337,274550.9724001112,1462558954.09614
SOKALSKI,1933,baseline,1249202960.6555758,1249060932.016909,162731.40642862086,20702.767761803592,20702.767761803592,142028.63866681728,1249040229.2491472
SOKOŁOWSKI,1933,baseline,1335889729.3218224,1335758903.352534,188596.38183948077,57770.41255119517,57770.41255119517,130825.96928828562,1335701132.939983
SOKÓLSKI,1933,baseline,1255615917.7217765,1255554589.6128628,88103.54363409712,26775.43472045182,26775.43472045182,61328.10891364531,1255527814.1781423
STANISŁAWOWSKI,1933,baseline,1283305193.193387,1283117208.0576859,221519.06267424577,33533.92697307369,33533.92697307369,187985.13570117208,1283083674.1307127
STAROGARDZKI,1933,baseline,1427795112.2410848,1427613583.8169456,201609.30620905908,20080.882069811774,20080.882069811774,181528.4241392473,1427593502.9348757
STOLIŃSKI,1933,baseline,1127620576.166449,1127598256.748229,30339.099449232686,8019.681229038031,8019.681229038031,22319.418220194657,1127590237.067
STOPNICKI,1933,baseline,1351300904.634188,1351195692.4986672,118934.64246294918,13722.50694234814,13722.50694234814,105212.13552060103,1351181969.991725
STOŁPECKI,1933,baseline,1110703695.1087577,1110644582.06236,65378.07572153109,6265.029323772018,6265.029323772018,59113.04639775907,1110638317.0330362
STRYJSKI,1933,baseline,1275856556.1986976,1275772282.3331773,126276.75098035304,42002.88546018478,42002.88546018478,84273.86552016826,1275730279.4477172
SUWALSKI,1933,baseline,1157453157.65047,1157374992.2625456,87725.03349113146,9559.645566593977,9559.645566593977,78165.38792453748,1157365432.616979
SZAMOTULSKI,1933,baseline,1726422061.9088905,1726233799.919648,234055.30399020616,45793.31474746309,45793.31474746309,188261.98924274306,1726188006.6049004
SZCZUCZYŃSKI (WOJ. BIAŁOSTOCKIE),1933,baseline,1241489450.916563,1241389681.3534732,111788.75876076182,12019.19567090834,12019.19567090834,99769.56308985347,1241377662.1578023
SZCZUCZYŃSKI (WOJ. NOWOGRÓDZKIE),1933,baseline,1187034903.4043708,1186987827.2760665,58493.076764966616,11416.948460846086,11416.948460846086,47076.12830412053,1186976410.3276057
SZUBIŃSKI,1933,baseline,1597361588.5791655,1597207148.845541,225209.73664561234,70770.0030213294,70770.0030213294,154439.73362428293,1597136378.8425198
SĘPOLEŃSKI,1933,baseline,1523171621.525394,1522916377.3717334,290731.34576711385,35487.19210637757,35487.19210637757,255244.15366073628,1522880890.179627
SŁONIMSKI,1933,baseline,1181079295.5398152,1181030749.4984446,62171.35989733146,13625.318526629111,13625.318526629111,48546.04137070235,1181017124.1799178
TARNOBRZESKI,1933,baseline,1381724372.141811,1381575307.1130984,177758.34930399872,28693.320591558786,28693.320591558786,149065.02871243993,1381546613.792507
TARNOGÓRSKI,1933,baseline,1664001446.5846074,1662432542.7310205,1879671.4323985416,310767.57881164126,310767.57881164126,1568903.8535869003,1662121775.1522088
TARNOPOLSKI,1933,baseline,1229249350.4451306,1229065116.1111393,215440.51709240425,31206.18310124154,31206.18310124154,184234.3339911627,1229033909.9280381
TARNOWSKI,1933,baseline,1421652291.8579834,1421329399.1877625,389751.29072778684,66858.62050709748,66858.62050709748,322892.6702206893,1421262540.5672555
TCZEWSKI,1933,baseline,1407686416.617816,1407358105.4448261,342105.1860657107,13794.013075914021,13794.013075914021,328311.1729897967,1407344311.4317503
TOMASZOWSKI,1933,baseline,1228126586.314828,1227995443.2579103,147116.14863560916,15973.091718030797,15973.091718030797,131143.05691757836,1227979470.1661923
TORUŃSKI,1933,baseline,1549939277.1052,1549554362.4748588,437775.90378805844,52861.27344681151,52861.27344681151,384914.6303412469,1549501501.201412
TREMBOWELSKI,1933,baseline,1224422611.711014,1224262081.6972787,193642.03279673477,33112.019061404906,33112.019061404906,160530.01373532988,1224228969.6782174
TUCHOLSKI,1933,baseline,1484675504.5310504,1484553984.9631526,157841.33107191094,36321.763173970656,36321.763173970656,121519.56789794029,1484517663.1999786
TURCZAŃSKI,1933,baseline,1265058779.9328244,1264990609.0857964,86598.31415252971,18427.467124453717,18427.467124453717,68170.847028076,1264972181.618672
TURECKI,1933,baseline,1509358814.5957522,1509215150.4608352,159642.65198092017,15978.517063742225,15978.517063742225,143664.13491717796,1509199171.9437714
TŁUMACKI,1933,baseline,1263171574.0197098,1263013169.0919998,193961.44048417572,35556.51277427346,35556.51277427346,158404.92770990226,1262977612.5792255
WADOWICKI,1933,baseline,1501334496.1003041,1501113990.2402558,318824.6542838062,98318.79423557025,98318.79423557025,220505.86004823595,1501015671.4460204
WARSZAWSKI,1933,baseline,1442470838.0417855,1441936494.9907348,8947464.966205355,8413121.915154591,8413121.915154591,534343.0510507636,1433523373.0755801
WIELUŃSKI,1933,baseline,1622951241.6450622,1622825463.5909178,144790.75870114606,19012.704556698336,19012.704556698336,125778.05414444771,1622806450.8863611
WILEJSKI,1933,baseline,1071172085.8011494,1071132358.2137562,48944.7934842625,9217.20609110545,9217.20609110545,39727.58739315705,1071123141.0076652
WILEŃSKO-TROCKI,1933,baseline,1133100300.9652243,1133067142.196908,196431.36736873107,163272.5990523337,163272.5990523337,33158.76831639734,1132903869.5978556
WILNO (MIASTO),1933,baseline,1155513290.4707732,1143819903.9351883,11795095.319873609,101708.78428860533,101708.78428860533,11693386.535585003,1143718195.1508996
WOLSZTYŃSKI,1933,baseline,1895053093.6055741,1894853382.0125089,242952.04018832822,43240.44712305425,43240.44712305425,199711.59306527398,1894810141.5653858
WOŁKOWYSKI,1933,baseline,1235753396.6338305,1235710495.3775482,59334.33442086053,16433.07813859967,16433.07813859967,42901.25628226086,1235694062.2994096
WOŁOŻYŃSKI,1933,baseline,1086058944.2100155,1086005381.5932875,59648.398247197285,6085.781519183972,6085.781519183972,53562.616728013316,1085999295.8117683
WRZESIŃSKI,1933,baseline,1691148923.2770686,1690886173.2838843,337392.3112776093,74642.31809327574,74642.31809327574,262749.99318433355,1690811530.965791
WYRZYSKI,1933,baseline,1556724806.771449,1556503212.931943,264442.09262510075,42848.25311888978,42848.25311888978,221593.839506211,1556460364.678824
WYSOKOMAZOWIECKI,1933,baseline,1294056758.8637865,1293960644.3686688,129845.58100684607,33731.08588909794,33731.08588909794,96114.49511774813,1293926913.2827797
WĄBRZESKI,1933,baseline,1495595689.6471689,1495350848.798783,286606.54902500316,41765.70063920083,41765.70063920083,244840.84838580232,1495309083.0981438
WĄGROWIECKI,1933,baseline,1664213458.0123541,1664053762.900439,225080.5326125907,65385.42069739566,65385.42069739566,159695.11191519504,1663988377.4797416
WĘGROWSKI,1933,baseline,1318296559.6729739,1318159127.855599,181278.83008548495,43847.01271045745,43847.01271045745,137431.81737502752,1318115280.8428884
WŁOCŁAWSKI,1933,baseline,1539917040.9814918,1539512276.3082616,457844.2939374283,53079.6207073466,53079.6207073466,404764.6732300817,1539459196.6875544
WŁODAWSKI,1933,baseline,1265748685.434488,1265671204.2649558,94418.70619131508,16937.53665905828,16937.53665905828,77481.1695322568,1265654266.7282968
WŁODZIMIERSKI,1933,baseline,1244516510.1161294,1244431322.734494,107844.05675423559,22656.67511896689,22656.67511896689,85187.3816352687,1244408666.059375
WŁOSZCZOWSKI,1933,baseline,1408912649.351268,1408818058.7273195,123263.93070966443,28673.306760966636,28673.306760966636,94590.6239486978,1408789385.4205585
ZALESZCZYCKI,1933,baseline,1226065130.95015,1225912027.1521404,169809.24861431506,16705.450604721496,16705.450604721496,153103.79800959356,1225895321.7015357
ZAMOJSKI,1933,baseline,1294730376.1248956,1294541842.7105844,222294.6575703384,33761.24325916621,33761.24325916621,188533.41431117218,1294508081.4673252
ZBARASKI,1933,baseline,1210034211.9027247,1209864905.036739,200158.1040330991,30851.23804742256,30851.23804742256,169306.86598567656,1209834053.7986917
ZBOROWSKI,1933,baseline,1220823002.887375,1220695691.9885542,149358.9585888776,22048.05976791554,22048.05976791554,127310.89882096207,1220673643.9287863
ZDOŁBUNOWSKI,1933,baseline,1165334942.4988263,1165196668.6477656,151246.9862764519,12973.135215725179,12973.135215725179,138273.85106072674,1165183695.5125499
ZŁOCZOWSKI,1933,baseline,1238393485.4490318,1238272807.8566804,149165.98039756497,28488.38804597798,28488.38804597798,120677.592351587,1238244319.4686344
ŁASKI,1933,baseline,1582383004.4718256,1582025262.8292015,473932.2558519936,116190.61322795051,116190.61322795051,357741.6426240431,1581909072.2159736
ŁAŃCUCKI,1933,baseline,1346656003.7599986,1346466100.7977982,215718.1821016057,25815.21990102985,25815.21990102985,189902.96220057583,1346440285.577897
ŁOMŻYŃSKI,1933,baseline,1283182534.5358415,1283087930.7162538,116111.89696116828,21508.077373617012,21508.077373617012,94603.81958755128,1283066422.6388803
ŁOWICKI,1933,baseline,1514869029.5012472,1514657302.512541,368533.5190575628,156806.5303514602,156806.5303514602,211726.98870610262,1514500495.9821897
ŁUCKI,1933,baseline,1212494316.017084,1212438357.1093454,70190.59681461507,14231.68907608748,14231.68907608748,55958.907738527596,1212424125.4202693
ŁUKOWSKI,1933,baseline,1349296018.2846248,1349175766.8025346,168178.9372118136,47927.45512141966,47927.45512141966,120251.48209039394,1349127839.347413
ŁUNINIECKI,1933,baseline,1139151724.6329448,1139122883.1321416,37647.87604146113,8806.375238222849,8806.375238222849,28841.500803238287,1139114076.7569034
ŁÓDZKI,1933,baseline,1551371805.790207,1550706405.7760656,1547652.1432043146,882252.1290628493,882252.1290628493,665400.0141414654,1549824153.6470027
ŁÓDŹ (MIASTO),1933,baseline,1677018371.3053343,1532409793.885223,144832995.81015322,224418.3900417493,224418.3900417493,144608577.42011148,1532185375.495181
ŁĘCZYCKI,1933,baseline,1559948350.5231621,1559726830.1391566,399379.8795871147,177859.4955815417,177859.4955815417,221520.384005573,1559548970.643575
ŚNIATYŃSKI,1933,baseline,1283115115.554448,1282844112.4466524,283679.55101059313,12676.44321522326,12676.44321522326,271003.10779536987,1282831436.0034373
ŚREDZKI,1933,baseline,1713468414.4758239,1713252653.664261,308987.20127163193,93226.38970887485,93226.38970887485,215760.8115627571,1713159427.2745523
ŚREMSKI,1933,baseline,1687126942.3216598,1686927038.692291,247539.18704249393,47635.55767358444,47635.55767358444,199903.6293689095,1686879403.1346173
ŚWIECKI,1933,baseline,1493336236.7139902,1493190181.7705965,194766.30547003116,48711.36207618921,48711.36207618921,146054.94339384194,1493141470.4085202
ŚWIĘCIAŃSKI,1933,baseline,1099278235.4692676,1099242423.493077,44022.99649021314,8211.020299577649,8211.020299577649,35811.97619063549,1099234212.4727774
ŚWIĘTOCHŁOWICKI,1933,baseline,1687413534.184316,1665767442.0361788,22837544.946339868,1191452.798202714,1191452.798202714,21646092.148137152,1664575989.237976
ŻNIŃSKI,1933,baseline,1617759984.9476564,1617543061.553711,280259.9137003198,63336.519754908055,63336.519754908055,216923.39394541178,1617479725.033956
ŻYDACZOWSKI,1933,baseline,1274316804.4596095,1274191492.656959,163396.2432468336,38084.44059623719,38084.44059623719,125311.80265059641,1274153408.2163627
ŻYWIECKI,1933,baseline,1508651449.677591,1508387831.7230115,338203.49880877446,74585.54422918808,74585.54422918808,263617.9545795864,1508313246.1787822
ŻÓŁKIEWSKI,1933,baseline,1276329338.7844677,1276170979.6774387,242931.02632997028,84571.91930091879,84571.91930091879,158359.1070290515,1276086407.7581377
AUGUSTOWSKI,1934,baseline,1955216646.9174795,1955149758.653194,81925.13262312836,15036.868337680067,15036.868337680067,66888.2642854483,1955134721.7848563
BARANOWICKI,1934,baseline,2151606971.2691875,2151551385.2737756,75974.22940593076,20388.233994188435,20388.233994188435,55585.99541174233,2151530997.0397816
BIALSKI (BIAŁA KRAKOWSKA),1934,baseline,2286724931.4604945,2285851447.117736,998256.4873625389,124772.14460373949,124772.14460373949,873484.3427587994,2285726674.973132
BIALSKI (BIAŁA PODLASKA),1934,baseline,2212693956.0504546,2212562828.38978,166244.23334583011,35116.57267125101,35116.57267125101,131127.66067457912,2212527711.8171086
BIAŁOSTOCKI,1934,baseline,2155049814.934025,2154885792.008736,196921.14823572972,32898.22294713123,32898.22294713123,164022.9252885985,2154852893.785789
BIELSKI (BIELSK PODLASKI),1934,baseline,2158430381.0242424,2158377993.465338,80084.56600794123,27697.007103945914,27697.007103945914,52387.55890399531,2158350296.4582343
BIELSKO,1934,baseline,2278226455.8998594,2276076586.525024,2275405.4239024282,125536.04906710604,125536.04906710604,2149869.374835322,2275951050.475957
BIŁGORAJSKI,1934,baseline,2137428528.8699992,2137326577.3585608,127964.98038131408,26013.46894290845,26013.46894290845,101951.51143840562,2137300563.889618
BOCHEŃSKI,1934,baseline,2249970498.937539,2249783642.532229,291547.7631754694,104691.35786509774,104691.35786509774,186856.4053103717,2249678951.1743636
BORSZCZOWSKI,1934,baseline,2024409553.0317357,2024262284.9292233,154862.6610747815,7594.558562616678,7594.558562616678,147268.10251216483,2024254690.3706608
BRASŁAWSKI,1934,baseline,1762382335.314289,1762343463.1992686,42466.3419478175,3594.2269271713135,3594.2269271713135,38872.11502064618,1762339868.9723413
BRODNICKI,1934,baseline,2193692119.309582,2193460786.783622,267716.47152830934,36383.945567935654,36383.945567935654,231332.5259603737,2193424402.8380537
BRODZKI,1934,baseline,2259062323.4626274,2258924196.987459,157332.4343020088,19205.95913383354,19205.95913383354,138126.47516817527,2258904991.0283256
BRZESKI (BRZESKO),1934,baseline,2191082354.7046523,2190926676.790055,222202.5414548768,66524.62685743978,66524.62685743978,155677.91459743702,2190860152.1631975
BRZESKI (BRZEŚĆ N.BUG.),1934,baseline,2234145358.449963,2234083733.2082806,93970.05153409441,32344.809851759805,32344.809851759805,61625.2416823346,2234051388.398429
BRZEZIŃSKI,1934,baseline,2269915759.6388035,2269432393.3904896,735223.1950815682,251856.94676772808,251856.94676772808,483366.24831384013,2269180536.443722
BRZEŻAŃSKI,1934,baseline,2125772531.7127326,2125614521.6280246,199061.4336412084,41051.34893324321,41051.34893324321,158010.0847079652,2125573470.2790914
BRZOZOWSKI,1934,baseline,2132696815.2038352,2132381502.8040545,334817.20030066435,19504.800519997505,19504.800519997505,315312.39978066686,2132361998.0035346
BUCZACKI,1934,baseline,2103116017.5286243,2102952804.7956944,192746.59686297047,29533.863933158926,29533.863933158926,163212.73292981155,2102923270.9317613
BYDGOSKI,1934,baseline,2264264265.0330534,2263849418.680525,470729.1432188108,55882.79069051982,55882.79069051982,414846.35252829094,2263793535.8898344
BÓBRECKI,1934,baseline,2155761124.5020165,2155556717.9806075,242670.99498054385,38264.47357111007,38264.47357111007,204406.52140943377,2155518453.507036
BĘDZIŃSKI,1934,baseline,2353153581.4428797,2351950568.1550956,1299549.6295818477,96536.34179761051,96536.34179761051,1203013.2877842372,2351854031.8132977
BŁOŃSKI,1934,baseline,2253704625.2398176,2253110735.0735884,1091169.4878643078,497279.3216353155,497279.3216353155,593890.1662289923,2252613455.751953
CHEŁMIŃSKI,1934,baseline,2204001044.7061605,2203689428.3301315,360343.3602307492,48726.98420177583,48726.98420177583,311616.3760289734,2203640701.3459296
CHEŁMSKI,1934,baseline,2238302058.936893,2238166455.2554846,172272.88595638386,36669.20454784389,36669.20454784389,135603.68140853997,2238129786.0509367
CHODZIESKI,1934,baseline,2294936535.7308607,2294694347.069848,281352.2133256989,39163.55231306203,39163.55231306203,242188.6610126369,2294655183.517535
CHOJNICKI,1934,baseline,2143904625.663621,2143805827.3812573,127187.67833858747,28389.395974804345,28389.395974804345,98798.28236378313,2143777437.9852824
CHORZÓW,1934,baseline,2480434400.714356,2422693296.4047203,60769850.25558783,3028745.945952335,3028745.945952335,57741104.3096355,2419664550.458768
CHRZANOWSKI,1934,baseline,2331421133.5101247,2330506979.1592493,1050155.6670429173,136001.31616721468,136001.31616721468,914154.3508757026,2330370977.843082
CIECHANOWSKI,1934,baseline,2150401365.9585743,2150187824.857061,281211.46304903406,67670.36153568154,67670.36153568154,213541.1015133525,2150120154.4955254
CIESZYŃSKI,1934,baseline,2226940466.3783164,2226220485.4332995,802358.8918309283,82377.94681423782,82377.94681423782,719980.9450166904,2226138107.4864855
CZARNKOWSKI,1934,baseline,2286516831.2579827,2286305553.5603194,236414.4950525881,25136.79738958139,25136.79738958139,211277.69766300672,2286280416.76293
CZORTKOWSKI,1934,baseline,2119326322.6555367,2119047368.688852,320618.3715938539,41664.404909475335,41664.404909475335,278953.96668437857,2119005704.2839427
CZĘSTOCHOWSKI,1934,baseline,2230831457.636313,2230395851.2920856,481660.15387734055,46053.80964993759,46053.80964993759,435606.34422740294,2230349797.4824357
DOBROMILSKI,1934,baseline,2155237387.3482766,2155093563.4062977,173004.23053579312,29180.28855696471,29180.28855696471,143823.9419788284,2155064383.1177406
DOLIŃSKI,1934,baseline,2128631831.7948568,2128545680.1310866,111038.11486285992,24886.451092743373,24886.451092743373,86151.66377011655,2128520793.6799939
DROHICKI,1934,baseline,2087690598.2790298,2087628411.8137882,76309.22684979544,14122.761608216264,14122.761608216264,62186.46524157918,2087614289.05218
DROHOBYCKI,1934,baseline,2163847004.346929,2163475027.78907,413259.91085034056,41283.35299152036,41283.35299152036,371976.5578588202,2163433744.4360785
DUBIEŃSKI,1934,baseline,2274757881.7618384,2274672128.5686917,103633.76121367665,17880.568067099855,17880.568067099855,85753.1931465768,2274654248.0006247
DZIAŁDOWSKI,1934,baseline,2137151279.543647,2137000784.1872032,173059.36400949143,22564.007565510223,22564.007565510223,150495.3564439812,2136978220.1796377
DZIŚNIEŃSKI,1934,baseline,1782773457.6445436,1782722452.7874463,56687.25911653536,5682.402019369007,5682.402019369007,51004.85709716635,1782716770.385427
DĄBROWSKI,1934,baseline,2181823250.668763,2181699830.0747733,180866.43217288237,57445.838182694424,57445.838182694424,123420.59399018793,2181642384.2365904
GARWOLIŃSKI,1934,baseline,2205360112.222859,2205224885.994623,234648.64446118457,99422.41622552267,99422.41622552267,135226.2282356619,2205125463.5783978
GNIEŹNIEŃSKI,1934,baseline,2401773050.481582,2401498171.6992283,359263.80777121644,84385.02541751547,84385.02541751547,274878.78235370095,2401413786.673811
GORLICKI,1934,baseline,2169812655.5360518,2169637523.638204,214819.40978032045,39687.51193284156,39687.51193284156,175131.8978474789,2169597836.1262712
GOSTYNIŃSKI,1934,baseline,2243359125.2852,2243153151.1232805,274715.01910219924,68740.85718228169,68740.85718228169,205974.16191991756,2243084410.266098
GOSTYŃSKI,1934,baseline,2422073759.29899,2421724776.3209214,415279.2778374881,66296.29976912893,66296.29976912893,348982.97806835914,2421658480.0211525
GRODZIEŃSKI,1934,baseline,2038635194.0639377,2038570018.0644462,81855.85295355294,16679.85346209182,16679.85346209182,65175.99949146111,2038553338.2109842
GRUDZIĄDZKI,1934,baseline,2191488803.8348513,2190954348.6936107,588449.0311920653,53993.889951694786,53993.889951694786,534455.1412403706,2190900354.803659
GRÓDECKI,1934,baseline,2196538491.4062023,2196379127.490348,284247.97456053656,124884.05870604675,124884.05870604675,159363.91585448978,2196254243.4316416
GRÓJECKI,1934,baseline,2204907558.504494,2204705258.9460964,406868.1369737213,204568.57857593804,204568.57857593804,202299.55839778332,2204500690.3675203
HOROCHOWSKI,1934,baseline,2202001024.2799554,2201881157.7015467,134274.63860589586,14408.060197565988,14408.060197565988,119866.57840832988,2201866749.6413493
HORODEŃSKI,1934,baseline,2078008501.1462781,2077797200.0677264,228462.76032258614,17161.681770833908,17161.681770833908,211301.07855175223,2077780038.3859556
HRUBIESZOWSKI,1934,baseline,2175934032.7802925,2175757708.1198397,205730.24900908774,29405.58855636415,29405.58855636415,176324.6604527236,2175728302.5312834
INOWROCŁAWSKI,1934,baseline,2322766173.662369,2322451081.579381,380343.4537564493,65251.370768779576,65251.370768779576,315092.0829876697,2322385830.2086124
IWACEWICKI,1934,baseline,2094523985.5140934,2094486757.078904,49487.03847403625,12258.603284592,12258.603284592,37228.43518944425,2094474498.4756193
IŁŻECKI,1934,baseline,2189827066.1487713,2189662554.5611596,207423.11480582497,42911.52719411289,42911.52719411289,164511.58761171208,2189619643.0339656
JANOWSKI,1934,baseline,2174686318.732174,2174555581.875484,165754.51662072487,35017.659930519614,35017.659930519614,130736.85669020527,2174520564.2155533
JAROCIŃSKI,1934,baseline,2378476388.313773,2378224065.5235806,311222.9082914323,58900.11809852812,58900.11809852812,252322.7901929042,2378165165.405482
JAROSŁAWSKI,1934,baseline,2201793247.822343,2201643144.4650416,194608.36280871468,44505.00550755446,44505.00550755446,150103.35730116023,2201598639.459534
JASIELSKI,1934,baseline,2169425722.2830124,2169271159.3716173,211419.51126886808,56856.59987424482,56856.59987424482,154562.91139462325,2169214302.7717433
JAWOROWSKI,1934,baseline,2149080639.4992146,2148943556.988392,177528.66149010687,40446.15066704114,40446.15066704114,137082.51082306574,2148903110.8377247
JĘDRZEJOWSKI,1934,baseline,2231872886.8240886,2231724995.143852,207876.3669633253,59984.686727091306,59984.686727091306,147891.680236234,2231665010.457125
KALISKI,1934,baseline,2303864386.4780436,2303551385.8567414,341870.20224945317,28869.58094755306,28869.58094755306,313000.62130190013,2303522516.275794
KAMIONECKI,1934,baseline,2194158021.7100635,2194029716.8435135,181200.52658252005,52895.66003261309,52895.66003261309,128304.86654990698,2193976821.1834807
KARTUSKI,1934,baseline,2030807100.0479631,2030688100.171292,139971.01512787747,20971.138456798843,20971.138456798843,118999.87667107863,2030667129.0328352
KATOWICE,1934,baseline,2408407141.1264744,2395522673.2749515,13442514.958477233,558047.1069542514,558047.1069542514,12884467.851522982,2394964626.1679974
KAŁUSKI,1934,baseline,2109267492.9794252,2109154122.0124967,137840.47168766198,24469.504759063453,24469.504759063453,113370.96692859851,2109129652.5077376
KIELECKI,1934,baseline,2232275663.121047,2232079640.5717897,246093.26091204115,50070.711654758954,50070.711654758954,196022.5492572822,2232029569.860135
KOBRYŃSKI,1934,baseline,2130620640.599645,2130573657.1362789,66609.5398283807,19626.076462178797,19626.076462178797,46983.463366201904,2130554031.0598166
KOLBUSZOWSKI,1934,baseline,2131597797.4793289,2131446946.7124822,172696.4831832405,21845.7163365494,21845.7163365494,150850.76684669108,2131425100.9961457
KOLSKI,1934,baseline,2354805823.542161,2354556469.596428,329102.78253319446,79748.83680013873,79748.83680013873,249353.94573305573,2354476720.759628
KONECKI,1934,baseline,2240551349.555254,2240379160.565967,231627.76084965665,59438.771562627706,59438.771562627706,172188.98928702896,2240319721.7944045
KONIŃSKI,1934,baseline,2356014546.5555515,2355867020.5042567,185447.42485683627,37921.37356191779,37921.37356191779,147526.05129491846,2355829099.130695
KOPYCZYNIECKI,1934,baseline,2122189911.4282484,2122015194.6061006,215092.79365436296,40375.97150648351,40375.97150648351,174716.82214787946,2121974818.634594
KOSOWSKI (KOSÓW HUCULSKI),1934,baseline,2008104705.7760456,2008050067.1407874,65392.25134402071,10753.616085871918,10753.616085871918,54638.635258148795,2008039313.5247016
KOSTOPOLSKI,1934,baseline,2253328885.1000814,2253269844.49816,75084.78749080507,16044.185569204426,16044.185569204426,59040.601921600646,2253253800.3125906
KOSZYRSKI,1934,baseline,2002573520.4301004,2002538636.756003,40084.40997967744,5200.735881998402,5200.735881998402,34883.67409767904,2002533436.0201209
KOWELSKI,1934,baseline,2236131222.9465756,2236094820.1340194,55570.74757446624,19167.935018266486,19167.935018266486,36402.81255619975,2236075652.1990013
KOZIENICKI,1934,baseline,2200710151.2598357,2200594228.1697884,158603.27872010134,42680.188672635064,42680.188672635064,115923.09004746629,2200551547.981116
KOŁOMYJSKI,1934,baseline,2111064502.7505927,2110915086.5088215,178582.71465700617,29166.472885822623,29166.472885822623,149416.24177118356,2110885920.0359356
KOŚCIAŃSKI,1934,baseline,2483071274.0355268,2482798899.4388957,370543.3702048954,98168.7735738179,98168.7735738179,272374.59663107747,2482700730.665322
KOŚCIERSKI,1934,baseline,2079234044.6259518,2079102862.5978081,154092.38273711046,22910.354593611406,22910.354593611406,131182.02814349905,2079079952.2432146
KRAKOWSKI,1934,baseline,2285460195.2185216,2285092742.4759355,3833372.542679468,3465919.800093404,3465919.800093404,367452.7425860642,2281626822.6758423
KRAKÓW (MIASTO),1934,baseline,2359589394.032792,2283084354.2631936,77370372.57121512,865332.8016168043,865332.8016168043,76505039.76959832,2282219021.461577
KRASNOSTAWSKI,1934,baseline,2197150614.9633217,2196999460.1830163,189742.17097278667,38587.3906672562,38587.3906672562,151154.78030553047,2196960872.792349
KROTOSZYŃSKI,1934,baseline,2376459226.3890896,2376176748.0427504,335947.55408694537,53469.20774794114,53469.20774794114,282478.34633900423,2376123278.8350024
KROŚNIEŃSKI,1934,baseline,2163325736.0204177,2162974785.84338,386416.25024273107,35466.073205092565,35466.073205092565,350950.1770376385,2162939319.770175
KRZEMIENIECKI,1934,baseline,2201811066.691055,2201715561.3738127,109389.00503589102,13883.687793948575,13883.687793948575,95505.31724194245,2201701677.686019
KUTNOWSKI,1934,baseline,2315718411.851711,2315237383.164903,621709.3361933299,140680.64938604995,140680.64938604995,481028.6868072799,2315096702.515517
KĘPIŃSKI,1934,baseline,2341330677.861868,2341128105.5810266,228550.47594945627,25978.195108089025,25978.195108089025,202572.28084136726,2341102127.3859186
LESKI,1934,baseline,2063617283.9244359,2063526326.809974,102770.57147726724,11813.45701529399,11813.45701529399,90957.11446197325,2063514513.3529587
LESZCZYŃSKI,1934,baseline,2491454891.9360847,2491112351.4224935,413268.04952369054,70727.53593238122,70727.53593238122,342540.5135913093,2491041623.886561
LIDZKI,1934,baseline,2030211221.546877,2030158736.194177,66241.32109881003,13755.968398830904,13755.968398830904,52485.35269997912,2030144980.225778
LIMANOWSKI,1934,baseline,2176396969.3406687,2176270779.5904393,160518.27014042853,34328.519911400836,34328.519911400836,126189.7502290277,2176236451.070528
LIPNOWSKI,1934,baseline,1973732721.813485,1973554837.1904404,198947.43209385767,21062.80904928724,21062.80904928724,177884.62304457044,1973533774.381391
LUBACZOWSKI,1934,baseline,2108804067.6619265,2108683128.3409615,136311.80508219654,15372.484117073007,15372.484117073007,120939.32096512354,2108667755.8568444
LUBARTOWSKI,1934,baseline,2187440091.507626,2187303878.470109,212451.41834379887,76238.38082712426,76238.38082712426,136213.0375166746,2187227640.089282
LUBAWSKI,1934,baseline,2131398619.627388,2131165778.3780463,250444.38887476857,17603.139533022382,17603.139533022382,232841.24934174618,2131148175.2385132
LUBELSKI,1934,baseline,2223595638.3730655,2223271170.195751,376334.6262443431,51866.44893029469,51866.44893029469,324468.1773140484,2223219303.746821
LUBLINIECKI,1934,baseline,2374530432.2708006,2374223613.971594,385500.3177892772,78682.01858233842,78682.01858233842,306818.29920693877,2374144931.9530115
LUBOMELSKI,1934,baseline,2202293151.2865815,2202245302.7482715,69651.49174469932,21802.95343461494,21802.95343461494,47848.53831008438,2202223499.794837
LWOWSKI,1934,baseline,2238021592.152555,2237836334.499395,3222176.537080206,3036918.883920074,3036918.883920074,185257.65316013177,2234799415.6154747
LWÓW (MIASTO),1934,baseline,2288512315.533207,2251311415.9317613,37986951.090751156,786051.489305596,786051.489305596,37200899.60144556,2250525364.442456
M. ST. WARSZAWA,1934,baseline,2375634600.8056254,2253964512.2650423,123336437.00995171,1666348.4693683393,1666348.4693683393,121670088.54058337,2252298163.795674
MAKOWSKI (MAKÓW MAZOWIECKI),1934,baseline,2056777320.4428651,2056631002.227008,167520.1337713753,21201.91791428992,21201.91791428992,146318.21585708536,2056609800.3090937
MIECHOWSKI,1934,baseline,2238269932.3611712,2238077859.319319,239320.73559918688,47247.69374674024,47247.69374674024,192073.04185244665,2238030611.625572
MIELECKI,1934,baseline,2178694677.3943386,2178592730.322333,144058.29407158808,42111.22206596246,42111.22206596246,101947.07200562561,2178550619.100267
MIĘDZYCHODZKI,1934,baseline,2481305601.509539,2481092142.744105,240185.2537569514,26726.488322519283,26726.488322519283,213458.7654344321,2481065416.255782
MIŃSKI,1934,baseline,2216330516.437748,2216067719.7463007,524085.4791868936,261288.78773988865,261288.78773988865,262796.69144700497,2215806430.958561
MOGILEŃSKI,1934,baseline,2324914886.701605,2324689477.632585,279490.1935138878,54081.12449426141,54081.12449426141,225409.0690196264,2324635396.508091
MORSKI,1934,baseline,1961613816.3499384,1961296775.9550054,325498.34218492126,8457.94725194235,8457.94725194235,317040.3949329789,1961288318.0077534
MOŁODECZAŃSKI,1934,baseline,1917843644.308331,1917755872.9919415,102148.60003791035,14377.283648232453,14377.283648232453,87771.3163896779,1917741495.7082932
MOŚCISKI,1934,baseline,2173350004.0333014,2173182957.3874927,202222.4867106977,35175.8409019862,35175.8409019862,167046.6458087115,2173147781.546591
MYŚLENICKI,1934,baseline,2182901356.059553,2182745381.5832047,191875.52812848423,35901.051780440495,35901.051780440495,155974.47634804374,2182709480.5314245
MŁAWSKI,1934,baseline,2134401057.2569673,2134228236.487768,211431.44165679964,38610.67245754502,38610.67245754502,172820.76919925463,2134189625.8153105
NADWÓRNIAŃSKI,1934,baseline,2070023893.99987,2069933188.1739597,111550.73978649089,20844.913875984133,20844.913875984133,90705.82591050676,2069912343.2600837
NIESZAWSKI,1934,baseline,2288195442.1553965,2287946300.685713,307357.1864450698,58215.71676166866,58215.71676166866,249141.46968340114,2287888084.968951
NIEŚWIESKI,1934,baseline,2067740852.4610465,2067619613.055547,133334.23840165112,12094.832902281612,12094.832902281612,121239.40549936952,2067607518.2226448
NIŻAŃSKI,1934,baseline,2177801988.695598,2177665590.599852,164242.65914559763,27844.563399671777,27844.563399671777,136398.09574592585,2177637746.0364523
NOWOGRÓDZKI,1934,baseline,2033112319.0936913,2033048848.9246619,76809.39679623824,13339.227766823951,13339.227766823951,63470.1690294143,2033035509.6968951
NOWOSĄDECKI,1934,baseline,2169681450.11196,2169529655.7542424,183235.53040077866,31441.17268334942,31441.17268334942,151794.35771742923,2169498214.581559
NOWOTARSKI,1934,baseline,2178590022.2018948,2178456583.646254,164633.88748944798,31195.331848755544,31195.331848755544,133438.55564069244,2178425388.3144054
NOWOTOMYSKI,1934,baseline,2552278144.5894003,2552041097.4963245,273401.694327411,36354.60125158671,36354.60125158671,237047.09307582432,2552004742.895073
OBORNICKI,1934,baseline,2405767976.9019704,2405571388.099844,310060.72976535035,113471.9276388149,113471.9276388149,196588.80212653548,2405457916.172205
OLKUSKI,1934,baseline,2282520664.3298955,2282273375.7133164,306485.1163880064,59196.49980871309,59196.49980871309,247288.61657929336,2282214179.2135077
OPATOWSKI,1934,baseline,2199164017.867025,2198949172.023785,256797.39263846603,41951.549399041025,41951.549399041025,214845.843239425,2198907220.474386
OPOCZYŃSKI,1934,baseline,2237622231.6511874,2237504275.6872716,203569.9189945198,85613.95507841762,85613.95507841762,117955.96391610216,2237418661.732193
OSTROWSKI (OSTRÓW MAZOWIECKA),1934,baseline,2139095360.4064772,2138981497.1053078,161655.87747357614,47792.57630421213,47792.57630421213,113863.301169364,2138933704.5290036
OSTROWSKI (OSTRÓW WIELKOPOLSKI),1934,baseline,2386069323.365906,2385829492.881148,283948.8942107446,44118.40945287772,44118.40945287772,239830.48475786689,2385785374.471695
OSTROŁĘCKI,1934,baseline,2097141204.871299,2097073846.5642464,104477.05684222621,37118.74978964913,37118.74978964913,67358.30705257707,2097036727.8144567
OSZMIAŃSKI,1934,baseline,1829721862.5495946,1829655525.207352,71198.58744373953,4861.24520111684,4861.24520111684,66337.34224262269,1829650663.9621508
PIOTRKOWSKI,1934,baseline,2228960688.813676,2228749751.361763,292463.19191143283,81525.7399982212,81525.7399982212,210937.45191321164,2228668225.6217647
PIŃCZOWSKI,1934,baseline,2175290137.056764,2175113146.7330866,208221.77765964702,31231.453981823845,31231.453981823845,176990.32367782318,2175081915.2791047
PIŃSKI,1934,baseline,2103649941.5043344,2103609475.861416,50538.21390835215,10072.570990109843,10072.570990109843,40465.6429182423,2103599403.290426
PODHAJECKI,1934,baseline,2106215168.708225,2106097828.2347543,154322.28776199822,36981.81429127341,36981.81429127341,117340.47347072481,2106060846.420463
POSTAWSKI,1934,baseline,1790272772.6182895,1790232988.5764043,48307.75025818587,8523.708373065125,8523.708373065125,39784.04188512075,1790224464.8680313
POZNAŃ (MIASTO),1934,baseline,2547699788.937144,2505007079.5173135,43986076.95073613,1293367.5309058144,1293367.5309058144,42692709.419830315,2503713711.9864078
POZNAŃSKI,1934,baseline,2494785617.1715765,2494555619.930196,5014955.159303663,4784957.917922945,4784957.917922945,229997.24138071813,2489770662.012273
PRUŻAŃSKI,1934,baseline,2126145181.4960895,2126081013.4446545,78252.02461953754,14083.973184512864,14083.973184512864,64168.05143502467,2126066929.4714699
PRZASNYCKI,1934,baseline,2029139787.3499916,2029008898.106707,148239.06117089704,17349.817886469038,17349.817886469038,130889.243284428,2028991548.2888207
PRZEMYSKI,1934,baseline,2206762422.0406184,2206441795.601248,364301.29302688135,43674.85365613136,43674.85365613136,320626.43937075,2206398120.7475915
PRZEMYŚLAŃSKI,1934,baseline,2168124461.441185,2167960709.939737,202863.2409161308,39111.73946816642,39111.73946816642,163751.50144796437,2167921598.2002687
PRZEWORSKI,1934,baseline,2191903513.7844467,2191498553.885199,452216.7840224167,47256.88477451391,47256.88477451391,404959.8992479028,2191451297.0004244
PSZCZYŃSKI,1934,baseline,2356177547.992623,2355665068.993612,731318.0597532326,218839.0607425113,218839.0607425113,512478.99901072134,2355446229.9328694
PUŁAWSKI,1934,baseline,2185215400.4501395,2185063076.9481487,189299.5456032425,36976.04361250728,36976.04361250728,152323.5019907352,2185026100.9045362
PUŁTUSKI,1934,baseline,2124950823.2196639,2124769742.1921992,254173.17331540197,73092.14585055044,73092.14585055044,181081.02746485153,2124696650.0463486
PŁOCKI,1934,baseline,1962318590.5436354,1962001471.8314128,334864.47283213714,17745.760609542063,17745.760609542063,317118.71222259506,1961983726.0708032
PŁOŃSKI,1934,baseline,2102773623.7824311,2102574501.594048,266222.55694919266,67100.36856601205,67100.36856601205,199122.1883831806,2102507401.225482
RADOMSKI,1934,baseline,2230202608.332386,2229990564.992779,275092.67218769697,63049.332580415336,63049.332580415336,212043.3396072816,2229927515.660198
RADOMSZCZAŃSKI,1934,baseline,2215866350.5490236,2215706616.7913213,229480.8850191229,69747.12731708436,69747.12731708436,159733.75770203854,2215636869.6640043
RADZIECHOWSKI,1934,baseline,2183891834.9625854,2183775724.8989487,132940.3063123559,16830.242675724392,16830.242675724392,116110.06363663153,2183758894.656273
RADZYMIŃSKI,1934,baseline,2216775849.8086615,2216523673.922681,727747.3058171353,475571.41983672336,475571.41983672336,252175.88598041193,2216048102.5028443
RADZYŃSKI,1934,baseline,2179141498.963484,2179005264.2366734,178932.98815647486,42698.261345678446,42698.261345678446,136234.72681079642,2178962565.9753275
RAWICKI,1934,baseline,2423085197.567486,2422616633.584837,524628.6965146144,56064.7138655365,56064.7138655365,468563.9826490779,2422560568.870971
RAWSKI (RAWA MAZOWIECKA),1934,baseline,2199972783.539675,2199796215.541689,255064.42728362174,78496.42929750636,78496.42929750636,176567.9979861154,2199717719.1123915
RAWSKI (RAWA RUSKA),1934,baseline,2176068394.2336845,2175948595.2777,150990.5177614136,31191.561776563387,31191.561776563387,119798.95598485021,2175917403.7159233
ROHATYŃSKI,1934,baseline,2121900116.690524,2121734394.0514565,198711.5707573502,32988.93168980276,32988.93168980276,165722.63906754742,2121701405.1197667
ROPCZYCKI,1934,baseline,2208178472.6675715,2208038658.9386997,185749.34001569776,45935.611143838236,45935.611143838236,139813.72887185952,2207992723.3275557
RUDECKI,1934,baseline,2194870817.60017,2194662286.067616,257524.65948691082,48993.126932388615,48993.126932388615,208531.53255452221,2194613292.9406834
RYBNICKI,1934,baseline,2274256876.6850157,2273352355.4963384,981217.6694250748,76696.48074760594,76696.48074760594,904521.1886774689,2273275659.0155907
RYPIŃSKI,1934,baseline,1973554533.6826339,1973343746.1781402,235342.60340788192,24555.098914154627,24555.098914154627,210787.5044937273,1973319191.079226
RZESZOWSKI,1934,baseline,2190113687.473801,2189887563.8824835,257030.25155556458,30906.660238017826,30906.660238017826,226123.59131754676,2189856657.2222457
RÓWIEŃSKI,1934,baseline,2311646014.603025,2311525796.233545,138255.99647887965,18037.62699892043,18037.62699892043,120218.36947995922,2311507758.606546
SAMBORSKI,1934,baseline,2196827832.134822,2196647555.7708054,243609.31862949274,63332.954612843176,63332.954612843176,180276.36401664958,2196584222.8161926
SANDOMIERSKI,1934,baseline,2124729438.6929853,2124553907.0323076,192876.91147386696,17345.250795991364,17345.250795991364,175531.6606778756,2124536561.7815115
SANOCKI,1934,baseline,2119531147.000644,2119353805.3675778,195335.12742258896,17993.494356307616,17993.494356307616,177341.63306628136,2119335811.8732214
SARNEŃSKI,1934,baseline,2215790335.8111672,2215756172.664734,46083.64522957402,11920.498795941918,11920.498795941918,34163.1464336321,2215744252.165938
SIEDLECKI,1934,baseline,2205597827.267131,2205461171.514587,203915.31946441825,67259.5669201318,67259.5669201318,136655.75254428646,2205393911.9476666
SIERADZKI,1934,baseline,2349437988.1701202,2349215186.884273,326600.3898717063,103799.10402458094,103799.10402458094,222801.28584712537,2349111387.7802486
SIERPECKI,1934,baseline,2009832625.9976695,2009624890.9770017,239123.46058409213,31388.439916268722,31388.439916268722,207735.0206678234,2009593502.5370853
SKAŁACKI,1934,baseline,2114206562.967546,2114018533.0240674,202888.24639627666,14858.302917833324,14858.302917833324,188029.94347844334,2114003674.7211497
SKIERNIEWICKI,1934,baseline,2271690664.581383,2271397927.5336485,492676.46701953985,199939.41928498365,199939.41928498365,292737.0477345562,2271197988.1143637
SOCHACZEWSKI,1934,baseline,2239458555.1683197,2239146456.543015,428712.98171541194,116614.3564107039,116614.3564107039,312098.625304708,2239029842.1866045
SOKALSKI,1934,baseline,2167523620.098617,2167362220.124716,184530.76713495236,23130.79323380932,23130.79323380932,161399.97390114304,2167339089.331482
SOKOŁOWSKI,1934,baseline,2165330994.529521,2165182823.2803793,211225.94903319416,63054.69989132896,63054.69989132896,148171.2491418652,2165119768.5804877
SOKÓLSKI,1934,baseline,2086382663.3701043,2086308945.6260498,104039.24015009121,30321.496095496204,30321.496095496204,73717.74405459501,2086278624.1299543
STANISŁAWOWSKI,1934,baseline,2124936202.0277798,2124720366.1080813,254379.34041921666,38543.42072070393,38543.42072070393,215835.91969851273,2124681822.6873605
STAROGARDZKI,1934,baseline,2109471771.9735427,2109261715.7758033,233646.66697837226,23590.46923897376,23590.46923897376,210056.19773939849,2109238125.3065643
STOLIŃSKI,1934,baseline,2120290589.2009134,2120265158.8730445,34690.95939904165,9260.631530063845,9260.631530063845,25430.327868977798,2120255898.2415144
STOPNICKI,1934,baseline,2108516934.3001654,2108388725.0756745,144244.5040557192,16035.279564926064,16035.279564926064,128209.22449079316,2108372689.7961097
STOŁPECKI,1934,baseline,2130802859.8034523,2130733852.5708492,76267.8307571979,7260.5981540229905,7260.5981540229905,69007.23260317491,2130726591.972695
STRYJSKI,1934,baseline,2127619166.6175914,2127521394.2198405,142058.2806391125,44285.8828884223,44285.8828884223,97772.39775069019,2127477108.3369522
SUWALSKI,1934,baseline,1920787329.6060517,1920701099.0749016,96960.4027007132,10729.871550610866,10729.871550610866,86230.53115010232,1920690369.203351
SZAMOTULSKI,1934,baseline,2426612057.6565847,2426385745.244344,278551.9370717485,52239.52483109328,52239.52483109328,226312.4122406552,2426333505.719513
SZCZUCZYŃSKI (WOJ. BIAŁOSTOCKIE),1934,baseline,2049411561.8057306,2049296440.0643246,128604.22932389937,13482.487917892777,13482.487917892777,115121.7414060066,2049282957.5764067
SZCZUCZYŃSKI (WOJ. NOWOGRÓDZKIE),1934,baseline,2011880560.085969,2011823448.8697395,70162.8624305284,13051.646201130161,13051.646201130161,57111.21622939824,2011810397.2235384
SZUBIŃSKI,1934,baseline,2301634622.7778068,2301433922.216413,282258.22707966145,81557.66568592167,81557.66568592167,200700.56139373977,2301352364.550727
SĘPOLEŃSKI,1934,baseline,2205454377.6264052,2205150213.9870324,345475.4778255833,41311.83845305249,41311.83845305249,304163.6393725308,2205108902.1485796
SŁONIMSKI,1934,baseline,2109599399.3341348,2109540449.3046322,74618.26288687965,15668.233384077088,15668.233384077088,58950.029502802565,2109524781.071248
TARNOBRZESKI,1934,baseline,2204722173.308376,2204555485.64423,198908.364526598,32220.700380732433,32220.700380732433,166687.66414586556,2204523264.943849
TARNOGÓRSKI,1934,baseline,2416525890.043819,2414805956.1720757,2088595.7745945514,368661.90285180055,368661.90285180055,1719933.871742751,2414437294.269224
TARNOPOLSKI,1934,baseline,2193611333.320524,2193401949.69947,244598.2073304596,35214.586275980466,35214.586275980466,209383.62105447915,2193366735.113194
TARNOWSKI,1934,baseline,2220346703.736392,2220011010.837562,403905.4819935428,68212.58316355437,68212.58316355437,335692.89882998844,2219942798.2543983
TCZEWSKI,1934,baseline,2082431557.229352,2082043902.0996833,403780.95155502245,16125.821886319523,16125.821886319523,387655.1296687029,2082027776.277797
TOMASZOWSKI,1934,baseline,2122538569.642925,2122394727.6912596,161739.88755855904,17897.935893165235,17897.935893165235,143841.9516653938,2122376829.7553666
TORUŃSKI,1934,baseline,2266539247.2144237,2266092123.0804114,508753.8153246668,61629.68131257241,61629.68131257241,447124.1340120944,2266030493.399099
TREMBOWELSKI,1934,baseline,2157611111.7338243,2157421323.358875,226950.1837440057,37161.8087943276,37161.8087943276,189788.3749496781,2157384161.5500803
TUCHOLSKI,1934,baseline,2174739708.870391,2174597016.028323,184883.5502623861,42190.70819458826,42190.70819458826,142692.84206779784,2174554825.3201284
TURCZAŃSKI,1934,baseline,2112543665.2471254,2112465221.0174856,98540.32304751995,20096.09340787716,20096.09340787716,78444.2296396428,2112445124.9240777
TURECKI,1934,baseline,2202321116.227536,2202152840.1378226,185968.57400226712,17692.484288688902,17692.484288688902,168276.08971357823,2202135147.653534
TŁUMACKI,1934,baseline,2111200238.2781134,2111006043.527115,234449.2795964517,40254.528598299774,40254.528598299774,194194.75099815193,2110965788.9985168
WADOWICKI,1934,baseline,2259363756.7287073,2259132036.763883,338689.29549654736,106969.33067203766,106969.33067203766,231719.96482450972,2259025067.433211
WARSZAWSKI,1934,baseline,2253028061.5547647,2252456215.4397664,9923798.842324078,9351952.727326123,9351952.727326123,571846.1149979546,2243104262.7124405
WIELUŃSKI,1934,baseline,2340711625.2018213,2340570479.1415143,162680.20732996258,21534.14702267203,21534.14702267203,141146.06030729055,2340548944.9944916
WILEJSKI,1934,baseline,1883309810.6008465,1883262690.7771997,58069.537866285784,10949.714219664169,10949.714219664169,47119.82364662162,1883251741.0629802
WILEŃSKO-TROCKI,1934,baseline,1931455038.2104466,1931413438.1965425,209168.61008035095,167568.5961760402,167568.5961760402,41600.01390431072,1931245869.6003664
WILNO (MIASTO),1934,baseline,1962538779.4368532,1950351230.990773,12312148.318406904,124599.87232664484,124599.87232664484,12187548.44608026,1950226631.1184464
WOLSZTYŃSKI,1934,baseline,2604807346.0980344,2604551944.5853424,305169.59075564786,49768.078063444314,49768.078063444314,255401.51269220354,2604502176.507279
WOŁKOWYSKI,1934,baseline,2107120353.7669694,2107072097.0652466,67021.00074740929,18764.299024566888,18764.299024566888,48256.7017228424,2107053332.766222
WOŁOŻYŃSKI,1934,baseline,1928498481.0081286,1928433843.0101728,71703.83359564112,7065.835639893326,7065.835639893326,64637.997955747785,1928426777.174533
WRZESIŃSKI,1934,baseline,2415191282.674227,2414848021.3792562,427347.625516867,84086.33054585558,84086.33054585558,343261.2949710114,2414763935.0487103
WYRZYSKI,1934,baseline,2248142103.6348906,2247871344.395506,319659.22012530547,48899.98074057587,48899.98074057587,270759.2393847296,2247822444.4147654
WYSOKOMAZOWIECKI,1934,baseline,2130882186.803088,2130772680.4435468,146998.7348269869,37492.37528591782,37492.37528591782,109506.35954106908,2130735188.068261
WĄBRZESKI,1934,baseline,2211595496.3788834,2211294075.734034,350291.3719950739,48870.72714573011,48870.72714573011,301420.6448493438,2211245205.0068884
WĄGROWIECKI,1934,baseline,2368124330.4938054,2367915929.7327223,284135.7556690688,75734.99458587503,75734.99458587503,208400.76108319376,2367840194.7381363
WĘGROWSKI,1934,baseline,2136320233.646331,2136173699.705954,195236.51436220144,48702.573985056166,48702.573985056166,146533.94037714528,2136124997.131969
WŁOCŁAWSKI,1934,baseline,2277794765.3471913,2277348751.8092055,504122.48767187825,58108.949686212036,58108.949686212036,446013.5379856662,2277290642.8595195
WŁODAWSKI,1934,baseline,2157547996.691047,2157460224.224496,106965.59610150887,19193.129550066136,19193.129550066136,87772.46655144273,2157441031.094946
WŁODZIMIERSKI,1934,baseline,2209051888.3470736,2208951104.8914604,126358.74506155438,25575.289448080726,25575.289448080726,100783.45561347365,2208925529.602012
WŁOSZCZOWSKI,1934,baseline,2167715558.6358237,2167598911.29152,149838.14590501285,33190.80160128378,33190.80160128378,116647.34430372906,2167565720.4899187
ZALESZCZYCKI,1934,baseline,2079030383.288729,2078854923.374408,194718.73184010657,19258.81751929107,19258.81751929107,175459.9143208155,2078835664.5568888
ZAMOJSKI,1934,baseline,2200111703.317661,2199906233.9578357,244016.2664235099,38546.90659834311,38546.90659834311,205469.3598251668,2199867687.051237
ZBARASKI,1934,baseline,2186832487.3155847,2186645956.3878045,221598.72624689818,35067.7984668019,35067.7984668019,186530.92778009627,2186610888.589338
ZBOROWSKI,1934,baseline,2157214730.0551353,2157072044.089847,167443.21161019284,24757.246322046707,24757.246322046707,142685.96528814614,2157047286.843525
ZDOŁBUNOWSKI,1934,baseline,2361617555.7666965,2361461305.3902464,171120.20410089937,14869.827651204329,14869.827651204329,156250.37644969503,2361446435.5625954
ZŁOCZOWSKI,1934,baseline,2194251976.318778,2194113761.545927,169807.61500579148,31592.842155084927,31592.842155084927,138214.77285070656,2194082168.703772
ŁASKI,1934,baseline,2326354159.5118403,2325952811.159076,527839.8645490272,126491.51178525841,126491.51178525841,401348.35276376875,2325826319.647291
ŁAŃCUCKI,1934,baseline,2184586887.9913406,2184375976.9613137,239105.6130512002,28194.58302426643,28194.58302426643,210911.03002693376,2184347782.378289
ŁOMŻYŃSKI,1934,baseline,2078344864.1003132,2078240381.4377794,128284.3675878123,23801.705054096867,23801.705054096867,104482.66253371544,2078216579.7327254
ŁOWICKI,1934,baseline,2291666005.551074,2291427077.2618423,408972.2532405675,170043.96400867245,170043.96400867245,238928.2892318951,2291257033.2978334
ŁUCKI,1934,baseline,2273649838.26005,2273585823.3675623,80402.61524275912,16387.72275546717,16387.72275546717,64014.89248729195,2273569435.644807
ŁUKOWSKI,1934,baseline,2207584559.184823,2207451524.194932,185930.70531061015,52895.715419584245,52895.715419584245,133034.9898910259,2207398628.479512
ŁUNINIECKI,1934,baseline,2116009150.8112226,2115976709.9163384,42507.70183281785,10066.806948683854,10066.806948683854,32440.894884134002,2115966643.1093898
ŁÓDZKI,1934,baseline,2308654757.8936443,2307985811.5202665,1643610.8904143982,974664.5170363145,974664.5170363145,668946.3733780837,2307011147.00323
ŁÓDŹ (MIASTO),1934,baseline,2449642560.777449,2290354986.3229327,159522412.1343931,234837.6798767759,234837.6798767759,159287574.45451632,2290120148.643056
ŁĘCZYCKI,1934,baseline,2312262779.935891,2312014547.6587114,439991.17615627544,191758.89897629232,191758.89897629232,248232.27717998312,2311822788.759735
ŚNIATYŃSKI,1934,baseline,2083669495.9308004,2083344069.6744955,339760.7712741323,14334.514969204996,14334.514969204996,325426.2563049273,2083329735.1595263
ŚREDZKI,1934,baseline,2418555622.774058,2418281667.0785437,379360.5990879636,105404.90357421467,105404.90357421467,273955.6955137489,2418176262.1749697
ŚREMSKI,1934,baseline,2382983990.1430917,2382722644.7963285,315474.914322964,54129.56755973731,54129.56755973731,261345.34676322667,2382668515.228769
ŚWIECKI,1934,baseline,2197036610.7675056,2196857948.352066,234647.82022984003,55985.40479055339,55985.40479055339,178662.41543928665,2196801962.9472756
ŚWIĘCIAŃSKI,1934,baseline,1850133068.145471,1850089443.430039,52996.94376413837,9372.228331951625,9372.228331951625,43624.71543218674,1850080071.201707
ŚWIĘTOCHŁOWICKI,1934,baseline,2450643376.5437117,2424541755.7398643,27435984.3453376,1334363.5414901795,1334363.5414901795,26101620.80384742,2423207392.1983743
ŻNIŃSKI,1934,baseline,2326934944.4995136,2326663051.7777157,345373.3250635155,73480.60326595075,73480.60326595075,271892.72179756477,2326589571.17445
ŻYDACZOWSKI,1934,baseline,2158388771.8128448,2158241043.975556,190239.75362100502,42511.91633205191,42511.91633205191,147727.8372889531,2158198532.0592237
ŻYWIECKI,1934,baseline,2254153855.184113,2253885325.0120645,349908.36047601246,81378.18842736442,81378.18842736442,268530.172048648,2253803946.823637
ŻÓŁKIEWSKI,1934,baseline,2196132514.3852606,2195955701.7732463,268875.9948189653,92063.38280466787,92063.38280466787,176812.61201429743,2195863638.3904414
AUGUSTOWSKI,1935,baseline,2152995829.896308,2152932442.783559,77434.50719633527,14047.39444735207,14047.39444735207,63387.11274898319,2152918395.3891115
BARANOWICKI,1935,baseline,2380683288.1534367,2380628092.753345,74561.53435134837,19366.134259538758,19366.134259538758,55195.40009180961,2380608726.6190853
BIALSKI (BIAŁA KRAKOWSKA),1935,baseline,2505513770.126794,2504667479.39716,979500.5847521205,133209.85511803863,133209.85511803863,846290.729634082,2504534269.542042
BIALSKI (BIAŁA PODLASKA),1935,baseline,2438854314.1105494,2438725168.3154535,163125.85509717927,33980.06000125604,33980.06000125604,129145.79509592323,2438691188.255452
BIAŁOSTOCKI,1935,baseline,2373497619.046868,2373332556.57393,196014.80068194028,30952.32774416831,30952.32774416831,165062.47293777196,2373301604.246186
BIELSKI (BIELSK PODLASKI),1935,baseline,2378648513.438988,2378597495.759631,78058.64697660482,27040.96761920485,27040.96761920485,51017.67935739997,2378570454.7920117
BIELSKO,1935,baseline,2496598345.0512424,2494092394.564698,2633760.053348157,127809.56680369996,127809.56680369996,2505950.4865444573,2493964584.9978943
BIŁGORAJSKI,1935,baseline,2357285684.181421,2357185508.7882204,125906.75740102763,25731.36420081683,25731.36420081683,100175.3932002108,2357159777.42402
BOCHEŃSKI,1935,baseline,2469869580.8176346,2469658804.9411397,319629.35630563856,108853.47981075644,108853.47981075644,210775.87649488213,2469549951.461329
BORSZCZOWSKI,1935,baseline,2236496907.3858876,2236342500.544879,161908.84567684546,7502.004668379846,7502.004668379846,154406.84100846562,2236334998.5402107
BRASŁAWSKI,1935,baseline,1939560188.7253282,1939525944.2940323,37661.43435307171,3417.00305716728,3417.00305716728,34244.431295904425,1939522527.290975
BRODNICKI,1935,baseline,2401973875.6314325,2401759307.9337287,248144.2306897644,33576.53298596574,33576.53298596574,214567.69770379865,2401725731.4007425
BRODZKI,1935,baseline,2501671192.0324807,2501525353.3475018,165077.41444081475,19238.729461579474,19238.729461579474,145838.6849792353,2501506114.61804
BRZESKI (BRZESKO),1935,baseline,2407547251.3340297,2407353343.599243,264321.43855904054,70413.70377263209,70413.70377263209,193907.7347864085,2407282929.8954706
BRZESKI (BRZEŚĆ N.BUG.),1935,baseline,2464733914.2894635,2464676241.6069155,89135.81663181797,31463.134083620833,31463.134083620833,57672.68254819714,2464644778.4728317
BRZEZIŃSKI,1935,baseline,2488261263.8497467,2487745916.7306604,779445.8100484903,264098.69096216164,264098.69096216164,515347.1190863286,2487481818.039698
BRZEŻAŃSKI,1935,baseline,2345631502.937241,2345473344.892578,199522.41021107364,41364.36554809442,41364.36554809442,158158.04466297923,2345431980.52703
BRZOZOWSKI,1935,baseline,2348255713.546217,2347933544.7449026,342569.05292520055,20400.25161074585,20400.25161074585,322168.8013144547,2347913144.493292
BUCZACKI,1935,baseline,2322298844.1435804,2322134947.9288855,193087.10229920075,29190.887604446256,29190.887604446256,163896.21469475448,2322105757.041281
BYDGOSKI,1935,baseline,2475214036.5265,2474818606.6546984,444732.53194481344,49302.66014303338,49302.66014303338,395429.8718017801,2474769303.9945555
BÓBRECKI,1935,baseline,2379163882.4893513,2378975187.3543005,227022.93202982226,38327.796979146064,38327.796979146064,188695.1350506762,2378936859.5573215
BĘDZIŃSKI,1935,baseline,2576609635.845768,2575379099.8446956,1335266.7610111595,104730.75993894378,104730.75993894378,1230536.0010722158,2575274369.084757
BŁOŃSKI,1935,baseline,2473176333.550042,2472583003.7276473,1115970.6978378028,522640.8754428735,522640.8754428735,593329.8223949294,2472060362.8522043
CHEŁMIŃSKI,1935,baseline,2410485627.391965,2410229068.9489117,301862.99555957335,45304.55250653118,45304.55250653118,256558.44305304217,2410183764.396405
CHEŁMSKI,1935,baseline,2469992905.199352,2469870890.452044,157797.71028862344,35782.96298068111,35782.96298068111,122014.74730794232,2469835107.4890633
CHODZIESKI,1935,baseline,2507305767.626718,2507098831.2812133,241674.9017786818,34738.55627398725,34738.55627398725,206936.34550469453,2507064092.7249393
CHOJNICKI,1935,baseline,2344074900.591736,2343981369.8064275,119245.96196380407,25715.17665530965,25715.17665530965,93530.78530849442,2343955654.629772
CHORZÓW,1935,baseline,2706038795.34037,2651893251.9223323,57571047.99932194,3425504.5812838357,3425504.5812838357,54145543.4180381,2648467747.3410482
CHRZANOWSKI,1935,baseline,2554781233.858495,2553797921.169469,1123459.8103721193,140147.12134606013,140147.12134606013,983312.6890260591,2553657774.048123
CIECHANOWSKI,1935,baseline,2359599324.0930147,2359412464.0239224,254153.04210743337,67292.97301529125,67292.97301529125,186860.06909214213,2359345171.050907
CIESZYŃSKI,1935,baseline,2440414117.756156,2439668720.782372,833414.4054246276,88017.4316405347,88017.4316405347,745396.9737840929,2439580703.3507314
CZARNKOWSKI,1935,baseline,2498040798.748789,2497854964.166952,208163.1407604633,22328.558923791523,22328.558923791523,185834.5818366718,2497832635.6080284
CZORTKOWSKI,1935,baseline,2341566012.9473195,2341292855.0929074,314006.65515844716,40848.80074663361,40848.80074663361,273157.85441181355,2341252006.292161
CZĘSTOCHOWSKI,1935,baseline,2444932024.5856,2444457145.501111,521968.43005521054,47089.34556624375,47089.34556624375,474879.0844889668,2444410056.1555448
DOBROMILSKI,1935,baseline,2375199962.9114532,2375041225.065212,188425.47541459213,29687.629173101046,29687.629173101046,158737.8462414911,2375011537.4360385
DOLIŃSKI,1935,baseline,2347535476.4006186,2347444751.307976,115856.59464147422,25131.501999008262,25131.501999008262,90725.09264246596,2347419619.805977
DROHICKI,1935,baseline,2304139591.470345,2304083902.7516074,69419.98848487143,13731.26974743721,13731.26974743721,55688.71873743421,2304070171.48186
DROHOBYCKI,1935,baseline,2385944420.3274674,2385589251.2019415,397160.45404560934,41991.32851965759,41991.32851965759,355169.12552595173,2385547259.8734217
DUBIEŃSKI,1935,baseline,2523030526.307465,2522955148.2238827,92145.17024158401,16767.08665873034,16767.08665873034,75378.08358285367,2522938381.1372237
DZIAŁDOWSKI,1935,baseline,2343361004.23189,2343234242.15767,148590.19853081641,21828.12431043541,21828.12431043541,126762.074220381,2343212414.0333595
DZIŚNIEŃSKI,1935,baseline,1964864006.6118917,1964817974.8787282,51243.75875787422,5212.025594138747,5212.025594138747,46031.73316373547,1964812762.853134
DĄBROWSKI,1935,baseline,2397473102.882918,2397319508.0978994,214795.51654991045,61200.73153162239,61200.73153162239,153594.78501828806,2397258307.366368
GARWOLIŃSKI,1935,baseline,2424292201.795509,2424169591.736655,224667.25276079465,102057.193907483,102057.193907483,122610.05885331167,2424067534.542748
GNIEŹNIEŃSKI,1935,baseline,2624084519.8423758,2623858212.4933896,300092.86526384886,73785.51627801887,73785.51627801887,226307.34898583,2623784426.977112
GORLICKI,1935,baseline,2385417468.643726,2385231065.3259773,228815.4595902518,42412.141841739314,42412.141841739314,186403.31774851246,2385188653.1841354
GOSTYNIŃSKI,1935,baseline,2457451761.132089,2457268286.966112,250801.43283258757,67327.26685577769,67327.26685577769,183474.1659768099,2457200959.6992564
GOSTYŃSKI,1935,baseline,2645159104.347927,2644907521.605223,306893.3783323604,55310.63562806531,55310.63562806531,251582.74270429512,2644852210.969595
GRODZIEŃSKI,1935,baseline,2244984746.2116013,2244922281.6187882,78130.62253200852,15666.029718979391,15666.029718979391,62464.592813029136,2244906615.5890694
GRUDZIĄDZKI,1935,baseline,2397553377.2701464,2397044969.61135,557134.4459791132,48726.787182826905,48726.787182826905,508407.65879628627,2396996242.8241673
GRÓDECKI,1935,baseline,2425319230.0117135,2425163007.7551227,283734.03320341225,127511.77661269788,127511.77661269788,156222.25659071436,2425035495.97851
GRÓJECKI,1935,baseline,2421388621.02884,2421201953.7648053,400831.889443332,214164.62540862942,214164.62540862942,186667.2640347026,2420987789.1393967
HOROCHOWSKI,1935,baseline,2436814762.9776664,2436708837.9966407,119872.16226615489,13947.18124037563,13947.18124037563,105924.98102577926,2436694890.8154
HORODEŃSKI,1935,baseline,2293294408.0391374,2293097198.3421264,214387.85714144618,17178.160130349886,17178.160130349886,197209.6970110963,2293080020.181996
HRUBIESZOWSKI,1935,baseline,2402897777.4160366,2402735746.7043204,190042.20265858434,28011.490942411987,28011.490942411987,162030.71171617234,2402707735.213378
INOWROCŁAWSKI,1935,baseline,2539651402.4881783,2539402373.184157,306359.3909702608,57330.08694877917,57330.08694877917,249029.3040214816,2539345043.097208
IWACEWICKI,1935,baseline,2313168302.398256,2313128924.3045526,51271.08902697907,11892.995323639949,11892.995323639949,39378.09370333912,2313117031.309229
IŁŻECKI,1935,baseline,2406115499.4353347,2405947286.5608177,212122.06090372577,43909.18638678855,43909.18638678855,168212.8745169372,2405903377.374431
JANOWSKI,1935,baseline,2394730520.9298425,2394594318.8819056,170759.56153934222,34557.51360203694,34557.51360203694,136202.0479373053,2394559761.3683033
JAROCIŃSKI,1935,baseline,2598891827.179772,2598705431.1242824,236279.82704993596,49883.77155999667,49883.77155999667,186396.0554899393,2598655547.352722
JAROSŁAWSKI,1935,baseline,2424966866.8246684,2424802987.9497395,209203.71617165167,45324.841242649105,45324.841242649105,163878.87492900257,2424757663.1084967
JASIELSKI,1935,baseline,2386383631.467857,2386217980.587209,225579.95001567138,59929.069368056305,59929.069368056305,165650.88064761506,2386158051.5178413
JAWOROWSKI,1935,baseline,2372758632.1396728,2372618300.984136,181224.5112139413,40893.35567717007,40893.35567717007,140331.15553677123,2372577407.628459
JĘDRZEJOWSKI,1935,baseline,2448955733.1838465,2448809800.4550843,207409.33973032408,61476.61096819695,61476.61096819695,145932.72876212714,2448748323.844116
KALISKI,1935,baseline,2520857853.520721,2520564923.681969,320981.03117036767,28051.192418663697,28051.192418663697,292929.83875170397,2520536872.4895506
KAMIONECKI,1935,baseline,2423894507.350012,2423769642.9996057,178242.44923794083,53378.09883166147,53378.09883166147,124864.35040627935,2423716264.900774
KARTUSKI,1935,baseline,2221422727.4201736,2221308722.950974,134247.93636033149,20243.467160480337,20243.467160480337,114004.46919985116,2221288479.4838133
KATOWICE,1935,baseline,2634521634.7573843,2622106055.258056,12985383.829945317,569804.3306170511,569804.3306170511,12415579.499328265,2621536250.927439
KAŁUSKI,1935,baseline,2326061483.257374,2325939025.1423287,147310.29444326632,24852.179397855685,24852.179397855685,122458.11504541064,2325914172.9629307
KIELECKI,1935,baseline,2450529445.8114142,2450324207.872358,256250.8747751225,51012.93571872064,51012.93571872064,205237.93905640187,2450273194.9366393
KOBRYŃSKI,1935,baseline,2350406974.330916,2350363936.5854735,61943.34908805376,18905.603645802315,18905.603645802315,43037.74544225144,2350345030.9818277
KOLBUSZOWSKI,1935,baseline,2343797746.5256467,2343640622.361645,181494.75670382718,24370.59270236046,24370.59270236046,157124.1640014667,2343616251.768943
KOLSKI,1935,baseline,2576741004.8078194,2576533117.3200674,284894.74823358725,77007.26048187987,77007.26048187987,207887.48775170735,2576456110.0595856
KONECKI,1935,baseline,2459434124.660969,2459248423.0671735,246582.80402137918,60881.210226256,60881.210226256,185701.5937951232,2459187541.8569474
KONIŃSKI,1935,baseline,2576906406.7575126,2576786804.1109767,155984.36095303067,36381.714417102216,36381.714417102216,119602.64653592846,2576750422.3965597
KOPYCZYNIECKI,1935,baseline,2345308140.9289136,2345139854.441029,207765.47860154771,39478.99071688015,39478.99071688015,168286.48788466756,2345100375.450312
KOSOWSKI (KOSÓW HUCULSKI),1935,baseline,2213889434.8245673,2213833698.4101653,66682.96759504233,10946.55319325407,10946.55319325407,55736.41440178826,2213822751.856972
KOSTOPOLSKI,1935,baseline,2500503466.839458,2500440871.206997,77762.4614574886,15166.828995943255,15166.828995943255,62595.63246154535,2500425704.3780007
KOSZYRSKI,1935,baseline,2211602092.0773067,2211566936.6092167,40266.97903890914,5111.510948693368,5111.510948693368,35155.46809021578,2211561825.098268
KOWELSKI,1935,baseline,2472779184.3600297,2472747197.618814,50143.648916789774,18156.907701004373,18156.907701004373,31986.7412157854,2472729040.711113
KOZIENICKI,1935,baseline,2420762421.050612,2420650476.1204324,154842.9871855214,42898.05700576161,42898.05700576161,111944.93017975977,2420607578.0634265
KOŁOMYJSKI,1935,baseline,2327694039.8743505,2327534645.704575,188413.8367289545,29019.666953361608,29019.666953361608,159394.16977559292,2327505626.0376215
KOŚCIAŃSKI,1935,baseline,2710428041.9400387,2710198664.6981378,315246.8445415462,85869.60264081815,85869.60264081815,229377.24190072803,2710112795.095497
KOŚCIERSKI,1935,baseline,2273438090.6287518,2273318159.3088307,141642.08147280547,21710.761551930158,21710.761551930158,119931.3199208753,2273296448.547279
KRAKOWSKI,1935,baseline,2506732051.2393856,2506410390.05651,3995975.368870504,3674314.1859950195,3674314.1859950195,321661.18287548475,2502736075.870515
KRAKÓW (MIASTO),1935,baseline,2585393684.120765,2504151725.6287436,82009595.3192983,767636.827276682,767636.827276682,81241958.49202162,2503384088.801467
KRASNOSTAWSKI,1935,baseline,2423149741.34042,2422998120.6966176,188978.958008594,37358.314206816955,37358.314206816955,151620.64380177704,2422960762.382411
KROTOSZYŃSKI,1935,baseline,2596900131.6901035,2596688288.113012,256503.32373025006,44659.74663899081,44659.74663899081,211843.57709125927,2596643628.366373
KROŚNIEŃSKI,1935,baseline,2380619483.523038,2380252227.744995,404844.85612697154,37589.07808396251,37589.07808396251,367255.77804300905,2380214638.666911
KRZEMIENIECKI,1935,baseline,2441021640.2995353,2440940201.2734466,94384.35024171793,12945.324153171501,12945.324153171501,81439.02608854642,2440927255.9492936
KUTNOWSKI,1935,baseline,2536164702.365485,2535718581.8395834,585014.0883088936,138893.5624071691,138893.5624071691,446120.52590172447,2535579688.2771764
KĘPIŃSKI,1935,baseline,2559776629.029585,2559610994.2329197,189487.9599571971,23853.163291990153,23853.163291990153,165634.79666520696,2559587141.069628
LESKI,1935,baseline,2272650645.137714,2272553133.8895097,109738.0928542878,12226.84465044451,12226.84465044451,97511.2482038433,2272540907.0448594
LESZCZYŃSKI,1935,baseline,2719137848.7743945,2718871004.6098704,326683.0441055585,59838.87958145669,59838.87958145669,266844.16452410177,2718811165.730289
LIDZKI,1935,baseline,2240383937.1178,2240333721.628136,63409.71361604439,13194.223951779812,13194.223951779812,50215.48966426458,2240320527.4041843
LIMANOWSKI,1935,baseline,2390298279.853873,2390172675.073019,162382.66006800267,36777.87921415186,36777.87921415186,125604.78085385083,2390135897.1938047
LIPNOWSKI,1935,baseline,2167652515.884626,2167494859.48472,177814.51724705385,20158.1173416761,20158.1173416761,157656.39990537777,2167474701.3673787
LUBACZOWSKI,1935,baseline,2326992359.842479,2326868012.325449,139835.1765819752,15487.65955167312,15487.65955167312,124347.51703030206,2326852524.6658974
LUBARTOWSKI,1935,baseline,2409661784.23954,2409535652.472803,199696.61276142002,73564.84602437573,73564.84602437573,126131.7667370443,2409462087.6267786
LUBAWSKI,1935,baseline,2335457668.3394747,2335253445.0493455,220873.48468794444,16650.194558843872,16650.194558843872,204223.29012910055,2335236794.854787
LUBELSKI,1935,baseline,2449547139.712583,2449238050.21937,359657.6869998842,50568.19378641211,50568.19378641211,309089.4932134721,2449187482.0255833
LUBLINIECKI,1935,baseline,2598384008.043935,2598073534.4864593,394492.1909738261,84018.6334980233,84018.6334980233,310473.5574758028,2597989515.852961
LUBOMELSKI,1935,baseline,2432585639.878299,2432543309.00216,63089.28496468991,20758.40882553201,20758.40882553201,42330.8761391579,2432522550.5933347
LWOWSKI,1935,baseline,2471361327.4174566,2471194000.042514,3320122.481513315,3152795.106570934,3152795.106570934,167327.3749423807,2468041204.935943
LWÓW (MIASTO),1935,baseline,2524973581.6526814,2486259002.627066,39428837.605780296,714258.5801647858,714258.5801647858,38714579.02561551,2485544744.046901
M. ST. WARSZAWA,1935,baseline,2603833449.211688,2474852319.827697,130740566.18916838,1759436.8051769969,1759436.8051769969,128981129.38399138,2473092883.0225196
MAKOWSKI (MAKÓW MAZOWIECKI),1935,baseline,2256888885.474997,2256754445.6786146,155263.83361559847,20824.03723314151,20824.03723314151,134439.79638245696,2256733621.6413813
MIECHOWSKI,1935,baseline,2454485144.7817206,2454301708.7928185,232183.05610609296,48747.06720377606,48747.06720377606,183435.9889023169,2454252961.7256145
MIELECKI,1935,baseline,2395353648.1250186,2395218188.9526124,180151.31614000374,44692.14373407404,44692.14373407404,135459.17240592968,2395173496.8088784
MIĘDZYCHODZKI,1935,baseline,2707780921.591347,2707613469.0441246,191145.48796437652,23692.94074165613,23692.94074165613,167452.5472227204,2707589776.103383
MIŃSKI,1935,baseline,2435681012.7736263,2435442885.1987786,509785.4885844872,271657.91373701015,271657.91373701015,238127.57484747702,2435171227.285042
MOGILEŃSKI,1935,baseline,2541583127.741222,2541424591.395733,205995.4492297765,47459.10374075589,47459.10374075589,158536.34548902063,2541377132.291992
MORSKI,1935,baseline,2148275290.459723,2147953100.141536,330280.9750597476,8090.656872894498,8090.656872894498,322190.3181868531,2147945009.4846635
MOŁODECZAŃSKI,1935,baseline,2117407794.9380374,2117325412.988626,95968.56725193604,13586.61784055652,13586.61784055652,82381.94941137952,2117311826.3707855
MOŚCISKI,1935,baseline,2396057735.4139175,2395874919.614503,218484.57920470834,35668.779790025925,35668.779790025925,182815.7994146824,2395839250.834713
MYŚLENICKI,1935,baseline,2395660677.5889244,2395497819.99034,200877.39609045326,38019.79750645354,38019.79750645354,162857.59858399973,2395459800.192834
MŁAWSKI,1935,baseline,2340846308.2746286,2340692968.8274064,190816.62901955377,37477.18179762985,37477.18179762985,153339.4472219239,2340655491.645609
NADWÓRNIAŃSKI,1935,baseline,2281928727.093741,2281835316.007551,114570.88386963375,21159.79767985604,21159.79767985604,93411.0861897777,2281814156.2098713
NIESZAWSKI,1935,baseline,2503807895.6113863,2503609114.2506537,254969.9365413721,56188.57580888164,56188.57580888164,198781.36073249046,2503552925.6748447
NIEŚWIESKI,1935,baseline,2286654783.534048,2286544010.2878904,122600.65495334077,11827.408796019297,11827.408796019297,110773.24615732147,2286532182.8790946
NIŻAŃSKI,1935,baseline,2395936498.70279,2395787331.7235947,178718.52156907757,29551.54237427962,29551.54237427962,149166.97919479795,2395757780.1812205
NOWOGRÓDZKI,1935,baseline,2246829704.0766435,2246772997.0216184,69547.11792108495,12840.062895752533,12840.062895752533,56707.055025332425,2246760156.9587226
NOWOSĄDECKI,1935,baseline,2384071728.536306,2383903037.1466393,201737.450096671,33046.06043009214,33046.06043009214,168691.38966657885,2383869991.0862093
NOWOTARSKI,1935,baseline,2390813602.536861,2390662516.718371,183523.98543809727,32438.16694768525,32438.16694768525,151085.81849041203,2390630078.551423
NOWOTOMYSKI,1935,baseline,2784373633.975326,2784180830.817572,225453.02203016446,32649.8642762717,32649.8642762717,192803.15775389277,2784148180.9532957
OBORNICKI,1935,baseline,2627199494.41076,2627051217.587909,256324.4259672077,108047.60311639354,108047.60311639354,148276.82285081418,2626943169.9847927
OLKUSKI,1935,baseline,2501022361.327816,2500788409.972832,295904.91137221304,61953.556388206496,61953.556388206496,233951.35498400652,2500726456.416444
OPATOWSKI,1935,baseline,2416292193.7668996,2416076260.362152,259154.43848687844,43221.033739377424,43221.033739377424,215933.40474750102,2416033039.3284125
OPOCZYŃSKI,1935,baseline,2455234232.777878,2455115610.213278,208068.23890391074,89445.67430390185,89445.67430390185,118622.5646000089,2455026164.538974
OSTROWSKI (OSTRÓW MAZOWIECKA),1935,baseline,2352054190.9753084,2351950948.504216,150739.98070128102,47497.50960935619,47497.50960935619,103242.47109192483,2351903450.994607
OSTROWSKI (OSTRÓW WIELKOPOLSKI),1935,baseline,2608345253.74375,2608160634.6548233,223704.01805022327,39084.9291233024,39084.9291233024,184619.08892692087,2608121549.7257
OSTROŁĘCKI,1935,baseline,2305423292.493145,2305362954.028294,96890.48362445581,36552.018773534284,36552.018773534284,60338.46485092153,2305326402.0095205
OSZMIAŃSKI,1935,baseline,2019112462.5040343,2019051772.7967746,65329.65861856062,4639.951358887411,4639.951358887411,60689.70725967321,2019047132.8454158
PIOTRKOWSKI,1935,baseline,2442777925.0116596,2442561915.6901445,300403.8183038351,84394.49678893131,84394.49678893131,216009.32151490377,2442477521.1933556
PIŃCZOWSKI,1935,baseline,2386374682.6124187,2386205279.7658057,201224.12969524373,31821.283082620397,31821.283082620397,169402.84661262334,2386173458.482723
PIŃSKI,1935,baseline,2325867745.1644115,2325826022.473009,51798.32802445915,10075.63662189641,10075.63662189641,41722.69140256274,2325815946.836387
PODHAJECKI,1935,baseline,2323965347.6765137,2323838984.2858944,163127.51467595392,36764.124056595494,36764.124056595494,126363.39061935843,2323802220.1618376
POSTAWSKI,1935,baseline,1971857129.6852329,1971823517.9970074,41518.258316267274,7906.570090884804,7906.570090884804,33611.68822538247,1971815611.4269166
POZNAŃ (MIASTO),1935,baseline,2779990274.8409185,2734454378.901727,46538480.121957816,1002584.1827666112,1002584.1827666112,45535895.93919121,2733451794.718961
POZNAŃSKI,1935,baseline,2723485633.9781623,2723304801.9941564,5183596.21349297,5002764.229486859,5002764.229486859,180831.98400611087,2718302037.7646694
PRUŻAŃSKI,1935,baseline,2346292462.7666836,2346231405.409334,74789.60794939526,13732.250599969746,13732.250599969746,61057.3573494255,2346217673.1587343
PRZASNYCKI,1935,baseline,2230237317.2217503,2230113271.373315,141309.2292282191,17263.380792713342,17263.380792713342,124045.84843550577,2230096007.9925222
PRZEMYSKI,1935,baseline,2432101235.322641,2431781317.5062633,365435.5875847155,45517.77120695425,45517.77120695425,319917.81637776125,2431735799.7350564
PRZEMYŚLAŃSKI,1935,baseline,2393430775.724832,2393262361.464106,207943.74764267565,39529.48691663323,39529.48691663323,168414.2607260424,2393222831.9771895
PRZEWORSKI,1935,baseline,2413640012.2655463,2413209950.7099357,479309.46991765767,49247.91430725814,49247.91430725814,430061.5556103995,2413160702.7956285
PSZCZYŃSKI,1935,baseline,2579809805.8252587,2579288536.953278,743682.0587564148,222413.18677578671,222413.18677578671,521268.87198062806,2579066123.7665024
PUŁAWSKI,1935,baseline,2405903150.8212547,2405765244.899615,174413.60615528852,36507.684515673216,36507.684515673216,137905.92163961532,2405728737.2150993
PUŁTUSKI,1935,baseline,2333130302.020405,2332962442.183349,242344.96171974382,74485.12466400795,74485.12466400795,167859.83705573587,2332887957.0586853
PŁOCKI,1935,baseline,2155150806.239511,2154868799.280952,299139.42832388583,17132.469764499234,17132.469764499234,282006.9585593866,2154851666.8111873
PŁOŃSKI,1935,baseline,2308928904.721115,2308775938.7886477,220824.97129602073,67859.03882851523,67859.03882851523,152965.9324675055,2308708079.7498193
RADOMSKI,1935,baseline,2451132733.7248735,2450912184.2854705,284847.5937771758,64298.15437424147,64298.15437424147,220549.43940293437,2450847886.1310964
RADOMSZCZAŃSKI,1935,baseline,2427969122.2298856,2427813767.7979584,228732.42322396228,73377.99129653111,73377.99129653111,155354.43192743117,2427740389.8066616
RADZIECHOWSKI,1935,baseline,2415277671.7706385,2415157447.5662494,137093.46198002092,16869.257590615773,16869.257590615773,120224.20438940515,2415140578.3086586
RADZYMIŃSKI,1935,baseline,2435150741.6634083,2434911119.1691146,737691.9383087636,498069.44401516847,498069.44401516847,239622.49429359505,2434413049.7250996
RADZYŃSKI,1935,baseline,2398408793.5791802,2398277398.688773,172853.37442341528,41458.4840165701,41458.4840165701,131394.89040684517,2398235940.2047567
RAWICKI,1935,baseline,2646502056.0565696,2646122005.6337647,425092.92509376316,45042.50228889327,45042.50228889327,380050.4228048699,2646076963.131476
RAWSKI (RAWA MAZOWIECKA),1935,baseline,2412375876.744838,2412218405.57642,238931.93543653516,81460.76701821107,81460.76701821107,157471.1684183241,2412136944.8094015
RAWSKI (RAWA RUSKA),1935,baseline,2401689365.6384587,2401572279.573796,148656.39415715443,31570.3294938045,31570.3294938045,117086.06466334991,2401540709.244302
ROHATYŃSKI,1935,baseline,2341043264.305833,2340889926.9300995,186542.91116986758,33205.535436510574,33205.535436510574,153337.375733357,2340856721.394663
ROPCZYCKI,1935,baseline,2427870283.221264,2427720094.9154377,200297.91638760062,50109.61056139827,50109.61056139827,150188.30582620236,2427669985.3048763
RUDECKI,1935,baseline,2422271752.107713,2422067010.596102,254586.74262440833,49845.23101351817,49845.23101351817,204741.51161089016,2422017165.365089
RYBNICKI,1935,baseline,2490873942.224335,2489955641.9455743,997853.8092721005,79553.53051119292,79553.53051119292,918300.2787609075,2489876088.415063
RYPIŃSKI,1935,baseline,2167563199.679139,2167380147.7725244,206363.25368897576,23311.347074181398,23311.347074181398,183051.90661479437,2167356836.4254503
RZESZOWSKI,1935,baseline,2410246328.4065905,2410007819.266296,271170.33231133746,32661.19201640226,32661.19201640226,238509.14029493523,2409975158.0742793
RÓWIEŃSKI,1935,baseline,2566053692.009983,2565943496.048014,127510.46142589574,17314.499456761092,17314.499456761092,110195.96196913465,2565926181.5485573
SAMBORSKI,1935,baseline,2422837752.6058936,2422662291.798108,238990.98354027132,63530.17575475321,63530.17575475321,175460.80778551812,2422598761.6223536
SANDOMIERSKI,1935,baseline,2334162344.7926702,2333992902.680868,187192.82634513147,17750.714542630158,17750.714542630158,169442.1118025013,2333975151.9663253
SANOCKI,1935,baseline,2334363437.1302657,2334179739.882873,202480.24992809605,18783.002535254145,18783.002535254145,183697.2473928419,2334160956.8803377
SARNEŃSKI,1935,baseline,2456483527.883238,2456449798.825332,45513.07128553778,11784.013380099057,11784.013380099057,33729.05790543872,2456438014.811952
SIEDLECKI,1935,baseline,2426756795.366146,2426631242.8422585,192375.25919757123,66822.73530995124,66822.73530995124,125552.52388761999,2426564420.1069484
SIERADZKI,1935,baseline,2570945054.4112287,2570737979.9172034,313373.47940109234,106298.98537591551,106298.98537591551,207074.49402517683,2570631680.9318275
SIERPECKI,1935,baseline,2207038540.590625,2206861201.079923,207289.30365841894,29949.792956749294,29949.792956749294,177339.51070166964,2206831251.2869663
SKAŁACKI,1935,baseline,2337765059.9240665,2337584919.7540293,194656.2779827302,14516.107945436721,14516.107945436721,180140.17003729346,2337570403.646084
SKIERNIEWICKI,1935,baseline,2491028279.190444,2490750481.2959948,481626.90206522023,203829.0076159655,203829.0076159655,277797.89444925473,2490546652.2883787
SOCHACZEWSKI,1935,baseline,2456498654.5858917,2456174752.6550503,443445.76639605575,119543.83555438057,119543.83555438057,323901.9308416752,2456055208.8194957
SOKALSKI,1935,baseline,2393890890.8808126,2393739104.250999,175015.50449361856,23228.874679811932,23228.874679811932,151786.62981380662,2393715875.376319
SOKOŁOWSKI,1935,baseline,2382062959.15593,2381922842.8359456,201669.43404728104,61553.11406276404,61553.11406276404,140116.319984517,2381861289.721883
SOKÓLSKI,1935,baseline,2297317074.838094,2297261768.0810733,85043.83063255601,29737.073611849966,29737.073611849966,55306.75702070604,2297232031.0074615
STANISŁAWOWSKI,1935,baseline,2343282740.4118423,2343069550.7868795,252035.03630348173,38845.41134075287,38845.41134075287,213189.62496272885,2343030705.375539
STAROGARDZKI,1935,baseline,2305554397.971582,2305353682.454262,222440.01789815217,21724.500578048574,21724.500578048574,200715.5173201036,2305331957.953684
STOLIŃSKI,1935,baseline,2348903132.578533,2348876581.469468,35868.504092934825,9317.395028110148,9317.395028110148,26551.10906482468,2348867264.07444
STOPNICKI,1935,baseline,2316297950.0386243,2316175080.1373744,139350.7528024381,16480.851552650787,16480.851552650787,122869.9012497873,2316158599.285822
STOŁPECKI,1935,baseline,2361337888.242567,2361273303.5199976,71618.14997258855,7033.427403086554,7033.427403086554,64584.722569502,2361266270.0925946
STRYJSKI,1935,baseline,2346202707.779754,2346100687.3788652,145247.81598443125,43227.41509539513,43227.41509539513,102020.40088903613,2346057459.96377
SUWALSKI,1935,baseline,2114888942.371701,2114812357.1204088,86888.53330679159,10303.28201466887,10303.28201466887,76585.25129212272,2114802053.8383942
SZAMOTULSKI,1935,baseline,2649508513.94341,2649323013.6427293,234603.01562984486,49102.71494933253,49102.71494933253,185500.30068051233,2649273910.92778
SZCZUCZYŃSKI (WOJ. BIAŁOSTOCKIE),1935,baseline,2256302586.8378267,2256204906.2037125,110900.76742757893,13220.133313155055,13220.133313155055,97680.63411442388,2256191686.0703993
SZCZUCZYŃSKI (WOJ. NOWOGRÓDZKIE),1935,baseline,2217337487.009299,2217285251.915765,64742.092828613175,12506.99929490985,12506.99929490985,52235.09353370332,2217272744.91647
SZUBIŃSKI,1935,baseline,2515434731.337408,2515264690.8331614,242328.7600632385,72288.25581643455,72288.25581643455,170040.50424680393,2515192402.577345
SĘPOLEŃSKI,1935,baseline,2410435534.1912746,2410170310.157119,302690.8135746231,37466.77941875878,37466.77941875878,265224.0341558643,2410132843.3777
SŁONIMSKI,1935,baseline,2330713601.1640563,2330660026.055086,68777.33927681971,15202.230306683447,15202.230306683447,53575.10897013626,2330644823.8247795
TARNOBRZESKI,1935,baseline,2424748728.0620923,2424571682.4851108,211884.56222960234,34838.98524830177,34838.98524830177,177045.57698130058,2424536843.4998627
TARNOGÓRSKI,1935,baseline,2644281356.10249,2642553774.277261,2133628.0817676987,406046.2565383087,406046.2565383087,1727581.8252293898,2642147728.0207224
TARNOPOLSKI,1935,baseline,2426399556.279751,2426198596.625809,234643.5196579984,33683.865716413406,33683.865716413406,200959.65394158498,2426164912.7600927
TARNOWSKI,1935,baseline,2439656986.3967385,2439305622.0521197,428163.60840714164,76799.26378802054,76799.26378802054,351364.3446191211,2439228822.7883315
TCZEWSKI,1935,baseline,2275727017.1475782,2275366987.6078386,375043.6901664131,15014.150426730768,15014.150426730768,360029.53973968234,2275351973.457412
TOMASZOWSKI,1935,baseline,2343335396.7023635,2343202991.0137877,149555.72596014012,17150.037384544357,17150.037384544357,132405.68857559576,2343185840.976403
TORUŃSKI,1935,baseline,2479045058.4965544,2478612302.6322584,487588.4904500798,54832.62615382278,54832.62615382278,432755.86429625703,2478557470.0061045
TREMBOWELSKI,1935,baseline,2385482096.6036663,2385304092.3190928,214161.11198354585,36156.827410056925,36156.827410056925,178004.28457348893,2385267935.4916825
TUCHOLSKI,1935,baseline,2377964477.487707,2377838802.6670923,164354.8732872269,38680.0526721973,38680.0526721973,125674.82061502957,2377800122.61442
TURCZAŃSKI,1935,baseline,2329490893.553712,2329405078.3402123,105997.44322283837,20182.229723531498,20182.229723531498,85815.21349930686,2329384896.110489
TURECKI,1935,baseline,2410039099.493575,2409897399.542291,159007.32402793036,17307.372744096505,17307.372744096505,141699.95128383386,2409880092.169547
TŁUMACKI,1935,baseline,2329096047.983337,2328902021.491589,234199.8019629091,40173.31021515814,40173.31021515814,194026.491747751,2328861848.181374
WADOWICKI,1935,baseline,2477392067.9029,2477146990.1473775,356011.62179712043,110933.86627432403,110933.86627432403,245077.7555227964,2477036056.281103
WARSZAWSKI,1935,baseline,2473823364.555097,2473225250.3339715,10655216.258812068,10057102.037686473,10057102.037686473,598114.221125595,2463168148.296285
WIELUŃSKI,1935,baseline,2560178569.0092287,2560046034.247733,154164.06992688312,21629.30843133484,21629.30843133484,132534.76149554827,2560024404.939302
WILEJSKI,1935,baseline,2078842570.9787824,2078798189.2982419,54730.35254607584,10348.672005418064,10348.672005418064,44381.68054065778,2078787840.6262364
WILEŃSKO-TROCKI,1935,baseline,2127952917.1344283,2127916441.7712727,207002.72373833772,170527.36058293222,170527.36058293222,36475.36315540551,2127745914.4106898
WILNO (MIASTO),1935,baseline,2161446991.0038533,2148768681.164023,12786204.789868021,107894.95003769752,107894.95003769752,12678309.839830324,2148660786.2139854
WOLSZTYŃSKI,1935,baseline,2840825211.7141013,2840635562.7905827,233034.28732701688,43385.363808070135,43385.363808070135,189648.92351894674,2840592177.4267745
WOŁKOWYSKI,1935,baseline,2323123817.7166166,2323078886.100289,63059.91629317831,18128.299965496408,18128.299965496408,44931.6163276819,2323060757.8003235
WOŁOŻYŃSKI,1935,baseline,2129912304.9806793,2129852502.950752,66485.2171504225,6683.187223152445,6683.187223152445,59802.02992727006,2129845819.7635288
WRZESIŃSKI,1935,baseline,2639130404.2528915,2638880372.2738786,325449.62676498474,75417.64775199546,75417.64775199546,250031.9790129893,2638804954.626127
WYRZYSKI,1935,baseline,2457331867.8275514,2457101524.677941,274725.42046691146,44382.27085655214,44382.27085655214,230343.1496103593,2457057142.4070845
WYSOKOMAZOWIECKI,1935,baseline,2345512267.0807433,2345415642.2971373,133477.55955177132,36852.77594560015,36852.77594560015,96624.78360617117,2345378789.5211916
WĄBRZESKI,1935,baseline,2420049963.9535623,2419801439.12698,294146.36320344807,45621.53662127597,45621.53662127597,248524.8265821721,2419755817.5903587
WĄGROWIECKI,1935,baseline,2586833886.6753983,2586667650.8295627,233957.1679702836,67721.32213440376,67721.32213440376,166235.84583587985,2586599929.507428
WĘGROWSKI,1935,baseline,2350095960.7472878,2349955953.8920093,187458.49213819837,47451.636860131075,47451.636860131075,140006.8552780673,2349908502.2551494
WŁOCŁAWSKI,1935,baseline,2493337983.976569,2492915833.26337,477295.1001795841,55144.38698043465,55144.38698043465,422150.71319914947,2492860688.8763895
WŁODAWSKI,1935,baseline,2379832879.359903,2379748744.1645236,102674.73705603387,18539.54167682317,18539.54167682317,84135.19537921071,2379730204.6228466
WŁODZIMIERSKI,1935,baseline,2441895504.656734,2441809399.840592,110507.07442924113,24402.25828708559,24402.25828708559,86104.81614215554,2441784997.582305
WŁOSZCZOWSKI,1935,baseline,2379215582.7811756,2379103065.948808,146990.18312823103,34473.350760863774,34473.350760863774,112516.83236736727,2379068592.5980473
ZALESZCZYCKI,1935,baseline,2295389407.756038,2295224546.735538,183829.92155207295,18968.901052145608,18968.901052145608,164861.02049992734,2295205577.834486
ZAMOJSKI,1935,baseline,2427058847.910788,2426852885.496624,243266.03084126912,37303.616677106496,37303.616677106496,205962.41416416262,2426815581.8799467
ZBARASKI,1935,baseline,2420132021.8673944,2419963517.163461,202602.02032398502,34097.31639066249,34097.31639066249,168504.70393332254,2419929419.8470707
ZBOROWSKI,1935,baseline,2384725641.2914233,2384597261.9058743,153427.3578800445,25047.972330909008,25047.972330909008,128379.38554913549,2384572213.933543
ZDOŁBUNOWSKI,1935,baseline,2624581403.6836534,2624438498.132178,156973.68260317898,14068.131127802708,14068.131127802708,142905.55147537627,2624424430.00105
ZŁOCZOWSKI,1935,baseline,2425974050.977839,2425831884.781108,173233.06058852142,31066.863857159795,31066.863857159795,142166.19673136162,2425800817.9172506
ŁASKI,1935,baseline,2546537723.9952135,2546121702.1780763,544034.6309002684,128012.81376321445,128012.81376321445,416021.81713705405,2545993689.364313
ŁAŃCUCKI,1935,baseline,2404933333.347412,2404718151.0977955,244835.10070156847,29652.851084582173,29652.851084582173,215182.2496169863,2404688498.246711
ŁOMŻYŃSKI,1935,baseline,2285955761.8506565,2285867829.589147,111478.62345303246,23546.361943622793,23546.361943622793,87932.26150940967,2285844283.2272034
ŁOWICKI,1935,baseline,2512058698.8417315,2511842250.9593167,389729.4567893216,173281.5743747487,173281.5743747487,216447.88241457293,2511668969.384942
ŁUCKI,1935,baseline,2519095940.397946,2519036916.193214,74552.12660827488,15527.921876317,15527.921876317,59024.20473195787,2519021388.2713375
ŁUKOWSKI,1935,baseline,2429907299.3103848,2429789620.772813,169809.78637404356,52131.24880212233,52131.24880212233,117678.53757192122,2429737489.5240107
ŁUNINIECKI,1935,baseline,2342297878.876368,2342261249.4866505,46586.34808574841,9956.958368455822,9956.958368455822,36629.389717292586,2342251292.528282
ŁÓDZKI,1935,baseline,2528630335.73797,2528028208.1190248,1659826.1444192906,1057698.5254740312,1057698.5254740312,602127.6189452594,2526970509.5935507
ŁÓDŹ (MIASTO),1935,baseline,2683137170.2258077,2509261430.6141806,174098335.6644508,222596.05282366107,222596.05282366107,173875739.61162713,2509038834.561357
ŁĘCZYCKI,1935,baseline,2531917197.997239,2531670108.6734433,440193.25225934194,193103.92846366606,193103.92846366606,247089.32379567588,2531477004.74498
ŚNIATYŃSKI,1935,baseline,2296457577.0504932,2296146078.8352747,326206.74861789355,14708.533399711276,14708.533399711276,311498.21521818225,2296131370.301875
ŚREDZKI,1935,baseline,2641419044.518192,2641210009.1632814,309821.78636589804,100786.43145554824,100786.43145554824,209035.3549103498,2641109222.731826
ŚREMSKI,1935,baseline,2602764114.095857,2602581702.8096395,231937.17467085208,49525.88845315999,49525.88845315999,182411.28621769208,2602532176.9211864
ŚWIECKI,1935,baseline,2402091597.311596,2401936489.598319,207308.17273748366,52200.45946076474,52200.45946076474,155107.71327671892,2401884289.1388583
ŚWIĘCIAŃSKI,1935,baseline,2036600515.3771756,2036561008.5121012,48478.85211210835,8971.987037736433,8971.987037736433,39506.86507437191,2036552036.5250635
ŚWIĘTOCHŁOWICKI,1935,baseline,2682897599.8511233,2653509309.9734063,30753705.587486655,1365415.7097695593,1365415.7097695593,29388289.877717096,2652143894.2636366
ŻNIŃSKI,1935,baseline,2543087797.3701615,2542868522.9969673,283050.8993651765,63776.52617095453,63776.52617095453,219274.37319422196,2542804746.4707966
ŻYDACZOWSKI,1935,baseline,2382068795.103907,2381924699.6560693,186157.4313583068,42061.98352048442,42061.98352048442,144095.4478378224,2381882637.672549
ŻYWIECKI,1935,baseline,2470792406.6095104,2470534210.335012,342945.3335426267,84749.05904434095,84749.05904434095,258196.27449828575,2470449461.2759676
ŻÓŁKIEWSKI,1935,baseline,2424811445.640268,2424640454.0456305,264640.51170764497,93648.91707039205,93648.91707039205,170991.5946372529,2424546805.12856
AUGUSTOWSKI,1936,baseline,2313661677.3367743,2313585237.682332,92202.05881380985,15762.404371067561,15762.404371067561,76439.65444274229,2313569475.277961
BARANOWICKI,1936,baseline,2558056987.4709477,2557995553.9428697,82848.6245009722,21415.096422502113,21415.096422502113,61433.528078470095,2557974138.846447
BIALSKI (BIAŁA KRAKOWSKA),1936,baseline,2697875317.561028,2696961843.589394,1056323.1781555796,142849.20652165762,142849.20652165762,913473.9716339221,2696818994.3828726
BIALSKI (BIAŁA PODLASKA),1936,baseline,2621988768.971252,2621852964.0052023,172922.96819554231,37118.002145693674,37118.002145693674,135804.96604984865,2621815846.0030565
BIAŁOSTOCKI,1936,baseline,2551683035.638874,2551493979.2578526,223910.9272193052,34854.54619806412,34854.54619806412,189056.38102124108,2551459124.7116547
BIELSKI (BIELSK PODLASKI),1936,baseline,2556640492.7728987,2556580947.8739023,89760.54550931137,30215.646512935295,30215.646512935295,59544.89899637608,2556550732.2273893
BIELSKO,1936,baseline,2688573081.801402,2685913917.4536424,2797563.5042179762,138399.1564584183,138399.1564584183,2659164.347759558,2685775518.297184
BIŁGORAJSKI,1936,baseline,2531719542.0985723,2531605289.839981,142964.05290944013,28711.794318404725,28711.794318404725,114252.25859103541,2531576578.045663
BOCHEŃSKI,1936,baseline,2657491333.0779305,2657271967.634094,333888.47906795715,114523.03523177793,114523.03523177793,219365.4438361792,2657157444.5988626
BORSZCZOWSKI,1936,baseline,2398731175.979213,2398561052.947331,178145.90717388783,8022.875291864628,8022.875291864628,170123.0318820232,2398553030.072039
BRASŁAWSKI,1936,baseline,2081375858.7210186,2081339867.8147888,39813.011601431914,3822.105371687359,3822.105371687359,35990.906229744556,2081336045.709417
BRODNICKI,1936,baseline,2589133955.949141,2588900333.464006,271115.5664338659,37493.08129865979,37493.08129865979,233622.48513520614,2588862840.382707
BRODZKI,1936,baseline,2686031241.095056,2685869178.525804,183299.26158564098,21236.692333870167,21236.692333870167,162062.56925177082,2685847941.8334703
BRZESKI (BRZESKO),1936,baseline,2589266587.419045,2589085741.8533797,254745.1823355368,73899.61666990918,73899.61666990918,180845.56566562763,2589011842.2367096
BRZESKI (BRZEŚĆ N.BUG.),1936,baseline,2649041998.5595655,2648981927.036324,94646.58570536076,34575.06246357455,34575.06246357455,60071.52324178621,2648947351.9738603
BRZEZIŃSKI,1936,baseline,2678480981.6545362,2677940023.099028,824115.8321540765,283157.2766463197,283157.2766463197,540958.5555077569,2677656865.822382
BRZEŻAŃSKI,1936,baseline,2516256980.270941,2516074628.782459,225154.33101087422,42802.84252869602,42802.84252869602,182351.4884821782,2516031825.93993
BRZOZOWSKI,1936,baseline,2523147849.3835073,2522815371.537285,354392.996149051,21915.149926567385,21915.149926567385,332477.8462224836,2522793456.387358
BUCZACKI,1936,baseline,2490438319.891368,2490259305.342871,209570.6451098083,30556.09661275117,30556.09661275117,179014.54849705714,2490228749.2462583
BYDGOSKI,1936,baseline,2668242117.925145,2667803256.684955,494884.19214261736,56022.95195260303,56022.95195260303,438861.24019001436,2667747233.7330027
BÓBRECKI,1936,baseline,2552698712.4463463,2552497786.880329,241448.91922660853,40523.35320926413,40523.35320926413,200925.5660173444,2552457263.5271196
BĘDZIŃSKI,1936,baseline,2775475206.8527274,2774122840.8175507,1470712.2133875918,118346.17821094848,118346.17821094848,1352366.0351766434,2774004494.63934
BŁOŃSKI,1936,baseline,2661789792.1653495,2661118555.254588,1245671.477372821,574434.5666111131,574434.5666111131,671236.9107617079,2660544120.687977
CHEŁMIŃSKI,1936,baseline,2598852052.869289,2598570023.4489937,331967.7466761128,49938.32638067837,49938.32638067837,282029.4202954344,2598520085.122613
CHEŁMSKI,1936,baseline,2654016140.8118443,2653883568.7433214,172172.30411162434,39600.23558837061,39600.23558837061,132572.06852325372,2653843968.507733
CHODZIESKI,1936,baseline,2703112935.449023,2702863076.5599303,289878.2804466192,40019.391354252395,40019.391354252395,249858.8890923668,2702823057.1685762
CHOJNICKI,1936,baseline,2527459058.343511,2527354715.7303944,133387.5431658943,29044.9300487091,29044.9300487091,104342.6131171852,2527325670.8003454
CHORZÓW,1936,baseline,2913860906.0774136,2857367288.031623,60336852.973558754,3843234.9277684256,3843234.9277684256,56493618.04579033,2853524053.1038547
CHRZANOWSKI,1936,baseline,2751067478.319835,2750006913.1382103,1211043.1151186936,150477.9334933899,150477.9334933899,1060565.1816253036,2749856435.2047167
CIECHANOWSKI,1936,baseline,2542117196.6290255,2541908832.3235497,282800.1565064237,74435.85103085235,74435.85103085235,208364.3054755714,2541834396.472519
CIESZYŃSKI,1936,baseline,2627417938.348175,2626643633.2643237,868969.8118449444,94664.72799347655,94664.72799347655,774305.0838514678,2626548968.53633
CZARNKOWSKI,1936,baseline,2693067582.272916,2692856690.5465465,236798.10056874,25906.374199326092,25906.374199326092,210891.7263694139,2692830784.172347
CZORTKOWSKI,1936,baseline,2510911863.5340257,2510627392.2943697,328155.8588310871,43684.61917489408,43684.61917489408,284471.23965619307,2510583707.6751947
CZĘSTOCHOWSKI,1936,baseline,2632367713.665811,2631846495.946164,572446.132935329,51228.413288660355,51228.413288660355,521217.71964666864,2631795267.5328755
DOBROMILSKI,1936,baseline,2550920947.1175566,2550748629.0190763,204562.0404443953,32243.941964118545,32243.941964118545,172318.09848027676,2550716385.077112
DOLIŃSKI,1936,baseline,2518428209.1888056,2518333694.5597367,121035.4286678741,26520.799599355847,26520.799599355847,94514.62906851826,2518307173.7601376
DROHICKI,1936,baseline,2476034471.2668095,2475973577.6726813,76007.53810564819,15113.94397753091,15113.94397753091,60893.59412811728,2475958463.728704
DROHOBYCKI,1936,baseline,2560894072.0563555,2560508484.4852214,429798.6399099036,44211.06877570542,44211.06877570542,385587.57113419817,2560464273.4164457
DUBIEŃSKI,1936,baseline,2709288847.805452,2709203685.412496,104115.58257553224,18953.189619381254,18953.189619381254,85162.39295615099,2709184732.2228765
DZIAŁDOWSKI,1936,baseline,2525444819.050043,2525297088.7159805,172818.4261510661,25088.092088770973,25088.092088770973,147730.33406229512,2525272000.623892
DZIŚNIEŃSKI,1936,baseline,2109311548.5992978,2109261051.8901234,56319.206355406015,5822.497180920244,5822.497180920244,50496.70917448577,2109255229.3929424
DĄBROWSKI,1936,baseline,2578387413.8483257,2578222088.2935987,229181.35875552372,63855.80402836969,63855.80402836969,165325.55472715403,2578158232.48957
GARWOLIŃSKI,1936,baseline,2607482555.572648,2607333550.306073,261840.63078191335,112835.36420726943,112835.36420726943,149005.26657464393,2607220714.941866
GNIEŹNIEŃSKI,1936,baseline,2829045916.4302416,2828774776.2459154,357739.9599931349,86599.77566698544,86599.77566698544,271140.18432614947,2828688176.470248
GORLICKI,1936,baseline,2564540623.844872,2564335747.092772,249823.22924810002,44946.47714799634,44946.47714799634,204876.75210010368,2564290800.615624
GOSTYNIŃSKI,1936,baseline,2646266980.568016,2646056448.2068315,284762.76210288843,74230.40091844116,74230.40091844116,210532.36118444728,2645982217.805913
GOSTYŃSKI,1936,baseline,2852538129.1016235,2852217392.6793947,387386.52021275077,66650.09798407406,66650.09798407406,320736.4222286767,2852150742.581411
GRODZIEŃSKI,1936,baseline,2412408166.800449,2412339681.892521,86211.32757337172,17726.419645182006,17726.419645182006,68484.90792818971,2412321955.4728756
GRUDZIĄDZKI,1936,baseline,2584754524.8682494,2584224003.6733994,585281.410318901,54760.21546903271,54760.21546903271,530521.1948498682,2584169243.4579306
GRÓDECKI,1936,baseline,2603671812.0320835,2603506406.961929,301436.8304340497,136031.76027936346,136031.76027936346,165405.07015468628,2603370375.2016497
GRÓJECKI,1936,baseline,2605141860.999634,2604933229.145064,444141.14221725025,235509.28764702936,235509.28764702936,208631.8545702209,2604697719.8574166
HOROCHOWSKI,1936,baseline,2616596701.4313116,2616480060.237287,132508.84986196796,15867.655837444236,15867.655837444236,116641.19402452373,2616464192.5814495
HORODEŃSKI,1936,baseline,2458070097.057446,2457858197.264392,230208.32281528992,18308.529761437607,18308.529761437607,211899.7930538523,2457839888.7346306
HRUBIESZOWSKI,1936,baseline,2581034520.6923475,2580858333.5772734,207523.16400849028,31336.048934626753,31336.048934626753,176187.11507386353,2580826997.528339
INOWROCŁAWSKI,1936,baseline,2737133476.875113,2736841259.7250314,358168.4538149981,65951.30373346625,65951.30373346625,292217.15008153184,2736775308.421298
IWACEWICKI,1936,baseline,2485349089.6067657,2485304285.8640904,57876.883836908564,13073.141161375206,13073.141161375206,44803.74267553336,2485291212.722929
IŁŻECKI,1936,baseline,2587829781.989347,2587642496.332994,235414.14665309328,48128.49030005281,48128.49030005281,187285.65635304048,2587594367.842694
JANOWSKI,1936,baseline,2574006199.714532,2573856294.429807,188038.16916101874,38132.88443618354,38132.88443618354,149905.2847248352,2573818161.545371
JAROCIŃSKI,1936,baseline,2801907163.524987,2801655537.4029284,311706.8896187677,60080.76756015203,60080.76756015203,251626.1220586157,2801595456.6353683
JAROSŁAWSKI,1936,baseline,2605076160.8534346,2604894432.799723,229580.33033394607,47852.27662210801,47852.27662210801,181728.05371183806,2604846580.523101
JASIELSKI,1936,baseline,2564954364.1064844,2564783425.39973,236531.14633781608,65592.4395837206,65592.4395837206,170938.70675409547,2564717832.9601464
JAWOROWSKI,1936,baseline,2547109910.8422627,2546956211.8180585,197472.1755431771,43773.151339187956,43773.151339187956,153699.02420398913,2546912438.6667194
JĘDRZEJOWSKI,1936,baseline,2635531759.1964703,2635381844.969208,216673.54054714885,66759.31328510378,66759.31328510378,149914.22726204505,2635315085.655923
KALISKI,1936,baseline,2717212657.477129,2716893236.895244,351354.0410092461,31933.45912457543,31933.45912457543,319420.58188467065,2716861303.4361196
KAMIONECKI,1936,baseline,2602079276.084047,2601934287.634878,202126.5946052525,57138.14543693965,57138.14543693965,144988.44916831286,2601877149.4894414
KARTUSKI,1936,baseline,2394234496.086659,2394115420.441387,141454.72420834293,22379.07893679765,22379.07893679765,119075.64527154529,2394093041.3624506
KATOWICE,1936,baseline,2837623422.639344,2824512096.9079947,13723032.52469923,611706.7933498385,611706.7933498385,13111325.731349392,2823900390.114645
KAŁUSKI,1936,baseline,2495210852.4124594,2495088440.8070235,148679.80291266416,26268.197476650093,26268.197476650093,122411.60543601407,2495062172.6095467
KIELECKI,1936,baseline,2636702408.881628,2636482249.7620983,275454.33578009263,55295.21625037475,55295.21625037475,220159.1195297179,2636426954.545848
KOBRYŃSKI,1936,baseline,2525926864.9328203,2525878885.13841,68565.3230835517,20585.528673159,20585.528673159,47979.7944103927,2525858299.609737
KOLBUSZOWSKI,1936,baseline,2519747758.615646,2519584757.3369484,189621.7392548476,26620.4605572667,26620.4605572667,163001.2786975809,2519558136.876391
KOLSKI,1936,baseline,2776247000.042234,2776012735.457455,320467.3573526564,86202.77257414347,86202.77257414347,234264.58477851297,2775926532.684881
KONECKI,1936,baseline,2646443489.48325,2646240706.968578,268989.9974247331,66207.48275236614,66207.48275236614,202782.51467236696,2646174499.4858255
KONIŃSKI,1936,baseline,2777023570.49629,2776870176.9626474,194428.46184364817,41034.92820050529,41034.92820050529,153393.53364314287,2776829142.0344467
KOPYCZYNIECKI,1936,baseline,2515264464.347149,2515085300.8170476,220712.3010453814,41548.77094393833,41548.77094393833,179163.5301014431,2515043752.0461035
KOSOWSKI (KOSÓW HUCULSKI),1936,baseline,2373411976.061041,2373352915.001859,70583.21103803325,11522.151856435758,11522.151856435758,59061.059181597484,2373341392.850003
KOSTOPOLSKI,1936,baseline,2685608051.5582614,2685536953.05922,88251.91404101733,17153.41499938052,17153.41499938052,71098.49904163681,2685519799.6442204
KOSZYRSKI,1936,baseline,2376265148.108209,2376226092.1019807,44706.69098731069,5650.684758509869,5650.684758509869,39056.00622880083,2376220441.417222
KOWELSKI,1936,baseline,2656219685.422453,2656182653.7486596,57274.584401257875,20242.910607729355,20242.910607729355,37031.67379352852,2656162410.838052
KOZIENICKI,1936,baseline,2603332335.74182,2603207181.3428965,172618.77339145905,47464.37446779405,47464.37446779405,125154.39892366501,2603159716.9684286
KOŁOMYJSKI,1936,baseline,2494339501.981233,2494175290.3742814,194530.193406646,30318.586454826163,30318.586454826163,164211.60695181982,2494144971.7878265
KOŚCIAŃSKI,1936,baseline,2923953785.084682,2923671006.737694,383561.0182156475,100782.67122736468,100782.67122736468,282778.3469882828,2923570224.0664663
KOŚCIERSKI,1936,baseline,2450705297.165933,2450578034.8100452,151162.01450691465,23899.658618796297,23899.658618796297,127262.35588811834,2450554135.1514263
KRAKOWSKI,1936,baseline,2697866807.766496,2697536056.925599,4171810.6431363276,3841059.802239195,3841059.802239195,330750.84089713247,2693694997.1233597
KRAKÓW (MIASTO),1936,baseline,2780219624.5091915,2695194644.0881104,85816033.65262294,791053.2315420827,791053.2315420827,85024980.42108086,2694403590.8565683
KRASNOSTAWSKI,1936,baseline,2603371913.7786202,2603206129.780745,207209.0167861047,41425.01891073841,41425.01891073841,165783.9978753663,2603164704.761834
KROTOSZYŃSKI,1936,baseline,2799944298.5496225,2799670691.2111177,328172.3842904469,54565.045785436596,54565.045785436596,273607.3385050103,2799616126.1653323
KROŚNIEŃSKI,1936,baseline,2558395328.398476,2557986012.2825084,449317.94716127333,40001.83119323592,40001.83119323592,409316.1159680374,2557946010.451315
KRZEMIENIECKI,1936,baseline,2621133727.0091677,2621043149.5290475,105232.82868060203,14655.348560434646,14655.348560434646,90577.48012016738,2621028494.180487
KUTNOWSKI,1936,baseline,2731575718.259427,2731070684.356033,656379.7035500711,151345.80015556028,151345.80015556028,505033.90339451085,2730919338.555877
KĘPIŃSKI,1936,baseline,2758839438.788471,2758636292.4609365,231175.45793616652,28029.130401491013,28029.130401491013,203146.3275346755,2758608263.330535
LESKI,1936,baseline,2441237056.739357,2441118768.3430386,131729.5413439989,13441.145025688229,13441.145025688229,118288.39631831065,2441105327.198013
LESZCZYŃSKI,1936,baseline,2933185802.830651,2932852958.1651974,404649.36502956116,71804.6995760987,71804.6995760987,332844.66545346245,2932781153.4656215
LIDZKI,1936,baseline,2406653491.2320857,2406590768.1162744,77391.28951112897,14668.17369982164,14668.17369982164,62723.11581130733,2406576099.9425745
LIMANOWSKI,1936,baseline,2570901560.304036,2570771945.233739,168761.13322419088,39146.06292678089,39146.06292678089,129615.07029741,2570732799.170812
LIPNOWSKI,1936,baseline,2333917815.617148,2333749563.2058516,190420.04411878396,22167.632822398333,22167.632822398333,168252.41129638563,2333727395.573029
LUBACZOWSKI,1936,baseline,2498301361.414755,2498158251.2446623,159938.454654835,16828.284562236233,16828.284562236233,143110.17009259877,2498141422.9601
LUBARTOWSKI,1936,baseline,2590055832.6570315,2589921203.3571825,215556.82300915144,80927.52316005566,80927.52316005566,134629.29984909578,2589840275.8340225
LUBAWSKI,1936,baseline,2516728177.779692,2516494507.600454,252594.86541740698,18924.686179282176,18924.686179282176,233670.1792381248,2516475582.9142747
LUBELSKI,1936,baseline,2633112625.2648497,2632774313.7628746,393921.7181675397,55610.216192263724,55610.216192263724,338311.501975276,2632718703.5466824
LUBLINIECKI,1936,baseline,2799525401.646493,2799211036.4884763,406249.3950178297,91884.23700074786,91884.23700074786,314365.15801708185,2799119152.2514753
LUBOMELSKI,1936,baseline,2613862563.450411,2613815378.002208,70260.3460470184,23074.89784417998,23074.89784417998,47185.44820283843,2613792303.104364
LWOWSKI,1936,baseline,2652921356.5001736,2652736807.76794,3511281.200617511,3326732.4683836587,3326732.4683836587,184548.73223385215,2649410075.2995563
LWÓW (MIASTO),1936,baseline,2709905282.768595,2668999115.191229,41691302.71300834,785135.1356419927,785135.1356419927,40906167.577366345,2668213980.055587
M. ST. WARSZAWA,1936,baseline,2804095588.292613,2663046496.821985,143087020.09676623,2037928.6261383556,2037928.6261383556,141049091.47062787,2661008568.1958466
MAKOWSKI (MAKÓW MAZOWIECKI),1936,baseline,2430933332.817514,2430791487.1059327,164985.3106332596,23139.599051729252,23139.599051729252,141845.71158153034,2430768347.5068808
MIECHOWSKI,1936,baseline,2641729070.7118506,2641538149.8627114,244368.11158433423,53447.262444853244,53447.262444853244,190920.849139481,2641484702.6002665
MIELECKI,1936,baseline,2575401451.4582124,2575246377.613317,202111.84304949932,47037.998154173416,47037.998154173416,155073.8448953259,2575199339.615163
MIĘDZYCHODZKI,1936,baseline,2921511949.436756,2921323961.2007904,215567.73134906305,27579.495383194393,27579.495383194393,187988.23596586866,2921296381.705407
MIŃSKI,1936,baseline,2619991796.4021606,2619714743.097155,577542.5017878256,300489.19678207295,300489.19678207295,277053.30500575266,2619414253.900373
MOGILEŃSKI,1936,baseline,2739414418.7977886,2739221566.409594,247938.03864253068,55085.65044799755,55085.65044799755,192852.38819453312,2739166480.759146
MORSKI,1936,baseline,2316301842.020416,2315957524.2966223,353390.6883654312,9072.964572034667,9072.964572034667,344317.72379339655,2315948451.3320503
MOŁODECZAŃSKI,1936,baseline,2274384795.158927,2274296604.334772,103394.21729753686,15203.393142830884,15203.393142830884,88190.82415470597,2274281400.9416294
MOŚCISKI,1936,baseline,2573571292.313875,2573372302.80101,237385.321687094,38395.8088223305,38395.8088223305,198989.5128647635,2573333906.992188
MYŚLENICKI,1936,baseline,2577456571.6575274,2577288910.7300887,208132.39816383438,40471.47072502223,40471.47072502223,167660.92743881216,2577248439.2593637
MŁAWSKI,1936,baseline,2522011999.786101,2521850226.6916533,203775.0578875928,42001.9634401593,42001.9634401593,161773.09444743348,2521808224.7282133
NADWÓRNIAŃSKI,1936,baseline,2445815826.1605515,2445720026.380346,117961.49629810161,22161.716092554678,22161.716092554678,95799.78020554694,2445697864.664253
NIESZAWSKI,1936,baseline,2697412648.851652,2697186017.9955697,289780.9402774815,63150.08419508882,63150.08419508882,226630.8560823927,2697122867.9113746
NIEŚWIESKI,1936,baseline,2456832783.2476177,2456715609.194025,130361.86004820553,13187.806455578539,13187.806455578539,117174.053592627,2456702421.3875694
NIŻAŃSKI,1936,baseline,2575407342.7570376,2575249577.9456577,189858.13360406487,32093.322224268795,32093.322224268795,157764.81137979607,2575217484.6234336
NOWOGRÓDZKI,1936,baseline,2413583342.5398183,2413518876.207831,78956.57688982048,14490.244902434233,14490.244902434233,64466.33198738626,2413504385.9629283
NOWOSĄDECKI,1936,baseline,2563552732.2470765,2563375114.277922,212866.96155943177,35248.99240476508,35248.99240476508,177617.9691546667,2563339865.285517
NOWOTARSKI,1936,baseline,2572137067.7231236,2571977124.5439754,194382.32400612126,34439.144857877574,34439.144857877574,159943.17914824368,2571942685.3991175
NOWOTOMYSKI,1936,baseline,3004647979.526183,3004401611.645123,284140.3439224739,37772.46286236773,37772.46286236773,246367.88106010619,3004363839.1822605
OBORNICKI,1936,baseline,2833301280.423568,2833116059.0155177,306884.15729298576,121662.74924262086,121662.74924262086,185221.4080503649,2832994396.266275
OLKUSKI,1936,baseline,2693036865.838887,2692782237.963366,323222.3589563727,68594.4834350539,68594.4834350539,254627.8755213188,2692713643.479931
OPATOWSKI,1936,baseline,2598666528.6254053,2598432653.6192465,281699.75953157793,47824.75337250375,47824.75337250375,233875.0061590742,2598384828.865874
OPOCZYŃSKI,1936,baseline,2642054116.6064415,2641926564.44988,224463.1347645555,96910.97820314845,96910.97820314845,127552.15656140704,2641829653.471677
OSTROWSKI (OSTRÓW MAZOWIECKA),1936,baseline,2529764048.8921804,2529644993.3348556,172037.0825986541,52981.525273925894,52981.525273925894,119055.5573247282,2529592011.8095818
OSTROWSKI (OSTRÓW WIELKOPOLSKI),1936,baseline,2811798618.6898494,2811576734.8636823,269358.0015761089,47474.17540874988,47474.17540874988,221883.82616735902,2811529260.6882734
OSTROŁĘCKI,1936,baseline,2479653589.748134,2479586332.1595163,108201.91060886055,40944.321991137134,40944.321991137134,67257.58861772342,2479545387.8375254
OSZMIAŃSKI,1936,baseline,2168760223.6649156,2168695202.8240986,70167.68350751474,5146.842690408791,5146.842690408791,65020.84081710594,2168690055.981408
PIOTRKOWSKI,1936,baseline,2629750184.5328846,2629523184.30968,318052.6598693839,91052.4366647165,91052.4366647165,227000.22320466742,2629432131.8730154
PIŃCZOWSKI,1936,baseline,2568109493.367024,2567932790.344569,211326.86904554957,34623.84659103311,34623.84659103311,176703.02245451647,2567898166.497978
PIŃSKI,1936,baseline,2499077974.919867,2499033446.962568,55612.408532557805,11084.4512333373,11084.4512333373,44527.95729922051,2499022362.5113344
PODHAJECKI,1936,baseline,2493028794.1261826,2492900691.2600946,168420.92117956467,40318.055091982234,40318.055091982234,128102.86608758244,2492860373.205003
POSTAWSKI,1936,baseline,2116691315.3332145,2116653411.8246725,46672.46435483729,8768.955812644575,8768.955812644575,37903.508542192714,2116644642.8688598
POZNAŃ (MIASTO),1936,baseline,2998266547.646963,2949753144.800186,49775197.47192936,1261794.6251523711,1261794.6251523711,48513402.846776985,2948491350.1750336
POZNAŃSKI,1936,baseline,2937366114.553364,2937134503.8011656,5486383.021715194,5254772.269517009,5254772.269517009,231610.752198185,2931879731.5316486
PRUŻAŃSKI,1936,baseline,2521282456.3703647,2521218902.42874,78689.05699771173,15135.115373362732,15135.115373362732,63553.941624349,2521203767.313367
PRZASNYCKI,1936,baseline,2398955917.2168846,2398826002.844469,149279.5711922466,19365.198776770176,19365.198776770176,129914.37241547643,2398806637.6456923
PRZEMYSKI,1936,baseline,2612542301.0803275,2612198852.9961157,392623.60423705465,49175.52002512175,49175.52002512175,343448.0842119329,2612149677.4760904
PRZEMYŚLAŃSKI,1936,baseline,2568531415.8875866,2568342820.624352,230992.60513480013,42397.341900356805,42397.341900356805,188595.26323444332,2568300423.2824516
PRZEWORSKI,1936,baseline,2593546379.0531507,2593100256.5052137,498814.7231469387,52692.175210085545,52692.175210085545,446122.5479368532,2593047564.3300037
PSZCZYŃSKI,1936,baseline,2778904835.459602,2778353534.8695354,790247.9325034597,238947.34243670065,238947.34243670065,551300.5900667591,2778114587.5270987
PUŁAWSKI,1936,baseline,2586735931.1265883,2586579354.926596,196876.27454220256,40300.07455011853,40300.07455011853,156576.19999208403,2586539054.852046
PUŁTUSKI,1936,baseline,2513179401.3975015,2512995934.0361304,266461.8536071564,82994.49223633159,82994.49223633159,183467.3613708248,2512912939.5438943
PŁOCKI,1936,baseline,2320287160.208173,2319984446.848079,321588.9396813588,18875.579588126624,18875.579588126624,302713.3600932322,2319965571.2684913
PŁOŃSKI,1936,baseline,2486949289.767846,2486776462.6912436,248023.09497238047,75196.01837029733,75196.01837029733,172827.07660208314,2486701266.6728735
RADOMSKI,1936,baseline,2636751284.784069,2636507733.0163355,314340.2068500273,70788.43911644428,70788.43911644428,243551.76773358305,2636436944.577219
RADOMSZCZAŃSKI,1936,baseline,2614145331.914842,2613983126.2178907,242178.0358612212,79972.3389096686,79972.3389096686,162205.6969515526,2613903153.878981
RADZIECHOWSKI,1936,baseline,2593067606.8261867,2592938780.082742,147436.12837355593,18609.38492913302,18609.38492913302,128826.7434444229,2592920170.697813
RADZYMIŃSKI,1936,baseline,2621024152.2208877,2620755994.4308257,821017.8414277774,552860.0513657376,552860.0513657376,268157.7900620399,2620203134.37946
RADZYŃSKI,1936,baseline,2578652482.84048,2578506136.3116083,192119.00641885016,45772.47754706098,45772.47754706098,146346.52887178917,2578460363.834061
RAWICKI,1936,baseline,2854028680.933402,2853578380.140228,505618.4312236081,55317.638049193694,55317.638049193694,450300.7931744144,2853523062.5021787
RAWSKI (RAWA MAZOWIECKA),1936,baseline,2596513089.627984,2596334261.2821794,267019.053637572,88190.70783301743,88190.70783301743,178828.34580455456,2596246070.5743465
RAWSKI (RAWA RUSKA),1936,baseline,2578528787.534322,2578404018.4951267,159097.53193108566,34328.4927358851,34328.4927358851,124769.03919520056,2578369690.002391
ROHATYŃSKI,1936,baseline,2511079552.389726,2510931167.1008534,184222.29416137876,35837.00528844453,35837.00528844453,148385.28887293424,2510895330.095565
ROPCZYCKI,1936,baseline,2610457764.7565174,2610307679.5900583,203628.37996566307,53543.213506536944,53543.213506536944,150085.16645912614,2610254136.3765516
RUDECKI,1936,baseline,2600841641.073758,2600622691.2397747,272363.1602523061,53413.32626844434,53413.32626844434,218949.83398386172,2600569277.913506
RYBNICKI,1936,baseline,2682897528.090126,2681941313.8085513,1043705.8290149946,87491.54744024242,87491.54744024242,956214.2815747522,2681853822.2611113
RYPIŃSKI,1936,baseline,2333837414.3182516,2333645510.3101764,217552.68230252902,25648.67422735545,25648.67422735545,191904.00807517357,2333619861.635949
RZESZOWSKI,1936,baseline,2590579097.4697485,2590330037.1101227,283999.02090763143,34938.66128149061,34938.66128149061,249060.35962614082,2590295098.448841
RÓWIEŃSKI,1936,baseline,2756023988.5768332,2755896523.194543,146957.84490052657,19492.462610321614,19492.462610321614,127465.38229020496,2755877030.7319326
SAMBORSKI,1936,baseline,2601452445.3573213,2601263197.4540586,257707.15855480026,68459.25529219955,68459.25529219955,189247.9032626007,2601194738.198766
SANDOMIERSKI,1936,baseline,2510434966.189903,2510254737.443357,199700.9573083577,19472.210762661576,19472.210762661576,180228.74654569614,2510235265.2325945
SANOCKI,1936,baseline,2507878083.4211984,2507666279.250205,232492.31521351082,20688.144220314214,20688.144220314214,211804.1709931966,2507645591.1059847
SARNEŃSKI,1936,baseline,2638436250.029686,2638398809.039558,50684.59536722941,13243.605239605178,13243.605239605178,37440.99012762423,2638385565.4343185
SIEDLECKI,1936,baseline,2609773724.3053994,2609634699.2680054,213003.66976815453,73978.6323740978,73978.6323740978,139025.03739405674,2609560720.635631
SIERADZKI,1936,baseline,2769881231.227039,2769656110.975004,340243.90448906535,115123.65245450953,115123.65245450953,225120.25203455583,2769540987.32255
SIERPECKI,1936,baseline,2376566958.156283,2376375717.4507957,224172.6126463881,32931.9071591889,32931.9071591889,191240.7054871992,2376342785.5436363
SKAŁACKI,1936,baseline,2508628004.085091,2508445094.0421047,198483.24940813484,15573.206422053456,15573.206422053456,182910.0429860814,2508429520.835683
SKIERNIEWICKI,1936,baseline,2681608514.0508394,2681322534.8103623,509019.8576736195,223040.61719665086,223040.61719665086,285979.2404769687,2681099494.193166
SOCHACZEWSKI,1936,baseline,2644362701.156012,2643994498.103043,499537.299513243,131334.2465442715,131334.2465442715,368203.0529689715,2643863163.8564987
SOKALSKI,1936,baseline,2569975437.7618713,2569818876.744161,182206.00459998293,25644.986889831634,25644.986889831634,156561.0177101513,2569793231.7572713
SOKOŁOWSKI,1936,baseline,2561699613.5502663,2561552301.279792,216569.4407175671,69257.17024318651,69257.17024318651,147312.2704743806,2561483044.1095486
SOKÓLSKI,1936,baseline,2469184973.5029497,2469120512.963276,97936.8833428502,33476.343668988906,33476.343668988906,64460.5396738613,2469087036.619607
STANISŁAWOWSKI,1936,baseline,2512424712.9630885,2512207184.6010437,258072.28970097273,40543.92765629339,40543.92765629339,217528.36204467935,2512166640.6733875
STAROGARDZKI,1936,baseline,2485329403.7067313,2485115786.9231806,237748.530088952,24131.74653797263,24131.74653797263,213616.78355097937,2485091655.1766424
STOLIŃSKI,1936,baseline,2523104680.094697,2523074833.102905,40134.99487037455,10288.003078119727,10288.003078119727,29846.99179225482,2523064545.099827
STOPNICKI,1936,baseline,2491041304.1020136,2490907197.1030707,152139.5937474067,18032.59480477212,18032.59480477212,134106.9989426346,2490889164.508266
STOŁPECKI,1936,baseline,2537451171.170655,2537383652.153345,75340.22337860071,7821.206069077419,7821.206069077419,67519.01730952329,2537375830.947276
STRYJSKI,1936,baseline,2518243736.3586254,2518140970.5614142,149394.4772148485,46628.68000377219,46628.68000377219,102765.79721107631,2518094341.8814106
SUWALSKI,1936,baseline,2272549693.5170827,2272463513.758815,98036.04163392042,11856.283366244745,11856.283366244745,86179.75826767569,2272451657.4754486
SZAMOTULSKI,1936,baseline,2857669150.874508,2857452102.2323375,272701.8973097407,55653.25513944494,55653.25513944494,217048.6421702958,2857396448.977198
SZCZUCZYŃSKI (WOJ. BIAŁOSTOCKIE),1936,baseline,2425652792.9318976,2425545174.691183,122492.39672095541,14874.156006283527,14874.156006283527,107618.24071467188,2425530300.5351768
SZCZUCZYŃSKI (WOJ. NOWOGRÓDZKIE),1936,baseline,2382432293.1110296,2382373190.4162765,73156.42359349065,14053.728840159923,14053.728840159923,59102.694753330725,2382359136.687436
SZUBIŃSKI,1936,baseline,2711324273.8727875,2711129471.8089495,277360.2032299516,82558.13939176068,82558.13939176068,194802.06383819095,2711046913.6695576
SĘPOLEŃSKI,1936,baseline,2599459214.507052,2599162592.5398803,338990.57255805086,42368.6053862902,42368.6053862902,296621.9671717607,2599120223.934494
SŁONIMSKI,1936,baseline,2504786179.3307056,2504725872.190445,77227.22616613227,16920.085905700493,16920.085905700493,60307.14026043178,2504708952.1045394
TARNOBRZESKI,1936,baseline,2606732028.8457966,2606548990.807699,221353.52995859183,38315.491861212446,38315.491861212446,183038.03809737938,2606510675.315838
TARNOGÓRSKI,1936,baseline,2849037567.0540543,2847268550.210336,2209802.7598280907,440785.9161100693,440785.9161100693,1769016.8437180214,2846827764.294226
TARNOPOLSKI,1936,baseline,2603722579.9144416,2603511111.709284,247604.62534390853,36136.42018617015,36136.42018617015,211468.20515773838,2603474975.289098
TARNOWSKI,1936,baseline,2623926059.678741,2623564368.098153,440825.67982137005,79134.0992336157,79134.0992336157,361691.5805877543,2623485233.9989195
TCZEWSKI,1936,baseline,2453061850.037732,2452683720.025269,394850.10877115006,16720.096308296263,16720.096308296263,378130.0124628538,2452666999.928961
TOMASZOWSKI,1936,baseline,2516951688.636297,2516802059.3942432,168649.12272146926,19019.880667485006,19019.880667485006,149629.24205398426,2516783039.5135756
TORUŃSKI,1936,baseline,2671368195.2071157,2670919477.9250503,511318.6658881673,62601.38382281289,62601.38382281289,448717.2820653544,2670856876.5412273
TREMBOWELSKI,1936,baseline,2559062964.3942266,2558879658.4207025,221768.99293738086,38463.01941333826,38463.01941333826,183305.9735240426,2558841195.401289
TUCHOLSKI,1936,baseline,2563982689.963641,2563836354.0820003,189636.7471083225,43300.86546742498,43300.86546742498,146335.88164089754,2563793053.2165327
TURCZAŃSKI,1936,baseline,2501128120.428187,2501035412.188624,114513.87398672506,21805.634423910422,21805.634423910422,92708.23956281463,2501013606.5542
TURECKI,1936,baseline,2596425323.784476,2596265632.3046393,178959.746258902,19268.266422498153,19268.266422498153,159691.47983640386,2596246364.038217
TŁUMACKI,1936,baseline,2497301603.357653,2497105388.648146,238201.06583082362,41986.35632383317,41986.35632383317,196214.70950699045,2497063402.2918224
WADOWICKI,1936,baseline,2666540183.520129,2666290365.4952316,367795.8306886896,117977.80579101483,117977.80579101483,249818.0248976748,2666172387.6894407
WARSZAWSKI,1936,baseline,2662354650.2049594,2661670240.833344,11842210.859980658,11157801.488364968,11157801.488364968,684409.3716156885,2650512439.344979
WIELUŃSKI,1936,baseline,2758845424.063399,2758704864.1823773,165191.7455864131,24631.86456482831,24631.86456482831,140559.8810215848,2758680232.3178124
WILEJSKI,1936,baseline,2232952735.623057,2232902946.3318405,61071.33617260639,11282.044956216207,11282.044956216207,49789.29121639018,2232891664.2868843
WILEŃSKO-TROCKI,1936,baseline,2284845779.483832,2284801996.8361425,221744.4414657575,177961.79377630766,177961.79377630766,43782.64768944983,2284624035.042366
WILNO (MIASTO),1936,baseline,2320659370.2796683,2307229394.936395,13556830.695458723,126855.35218584939,126855.35218584939,13429975.343272874,2307102539.5842094
WOLSZTYŃSKI,1936,baseline,3066030406.898069,3065805066.8999357,277049.38742444274,51709.38929127765,51709.38929127765,225339.9981331651,3065753357.5106444
WOŁKOWYSKI,1936,baseline,2496646007.5600877,2496596048.803947,70338.99641311412,20380.24027265715,20380.24027265715,49958.756140456964,2496575668.5636744
WOŁOŻYŃSKI,1936,baseline,2287890675.832069,2287824406.8373313,73792.93805178559,7523.943314265161,7523.943314265161,66268.99473752044,2287816882.894017
WRZESIŃSKI,1936,baseline,2845532441.875907,2845188181.274421,432221.19890635775,87960.5974206116,87960.5974206116,344260.60148574616,2845100220.6770005
WYRZYSKI,1936,baseline,2648425662.211711,2648171411.1001816,304693.48628634436,50442.374756882746,50442.374756882746,254251.11152946163,2648120968.725425
WYSOKOMAZOWIECKI,1936,baseline,2521950360.668787,2521840798.378147,151031.12527615606,41468.83463610055,41468.83463610055,109562.29064005551,2521799329.543511
WĄBRZESKI,1936,baseline,2609175638.325845,2608897474.332606,328422.24255270686,50258.24931376779,50258.24931376779,278163.9932389391,2608847216.083292
WĄGROWIECKI,1936,baseline,2789246158.246163,2789045593.197143,278601.4259437497,78036.37692398977,78036.37692398977,200565.04901975996,2788967556.820219
WĘGROWSKI,1936,baseline,2527179703.5050964,2527017834.407142,213804.20312204535,51935.1051678438,51935.1051678438,161869.09795420154,2526965899.3019743
WŁOCŁAWSKI,1936,baseline,2685622758.0766673,2685150574.1699996,533635.6747940057,61451.76812626243,61451.76812626243,472183.9066677432,2685089122.401873
WŁODAWSKI,1936,baseline,2557007985.8752055,2556915551.534899,112825.66565383486,20391.325347217342,20391.325347217342,92434.34030661752,2556895160.209552
WŁODZIMIERSKI,1936,baseline,2622354068.3361554,2622258818.1136723,122559.55300947308,27309.33052656349,27309.33052656349,95250.2224829096,2622231508.783146
WŁOSZCZOWSKI,1936,baseline,2560031847.45186,2559918764.9443045,150761.28287477727,37678.77531917316,37678.77531917316,113082.50755560411,2559881086.1689854
ZALESZCZYCKI,1936,baseline,2460539321.302472,2460353401.474005,206056.0775443724,20136.249077263918,20136.249077263918,185919.82846710848,2460333265.224928
ZAMOJSKI,1936,baseline,2607059995.739546,2606828674.2442555,272690.9427126199,41369.44742238058,41369.44742238058,231321.49529023934,2606787304.796833
ZBARASKI,1936,baseline,2597185797.447505,2597001380.321311,220646.43408414588,36229.30789016539,36229.30789016539,184417.12619398048,2596965151.013421
ZBOROWSKI,1936,baseline,2560006830.012697,2559851533.8410034,182724.68674294153,27428.5150490291,27428.5150490291,155296.17169391242,2559824105.3259544
ZDOŁBUNOWSKI,1936,baseline,2818948291.065801,2818789296.260865,174968.22262401474,15973.417687856067,15973.417687856067,158994.80493615867,2818773322.8431773
ZŁOCZOWSKI,1936,baseline,2604383012.359335,2604223291.041399,193880.2960798369,34158.97814374313,34158.97814374313,159721.31793609378,2604189132.0632553
ŁASKI,1936,baseline,2743074417.862027,2742630973.951251,582079.1988299554,138635.2880539125,138635.2880539125,443443.9107760429,2742492338.663197
ŁAŃCUCKI,1936,baseline,2584384618.3329296,2584162220.442028,254425.54628097854,32027.655379391254,32027.655379391254,222397.8909015873,2584130192.7866488
ŁOMŻYŃSKI,1936,baseline,2458512394.295334,2458411999.156427,126712.24919801495,26317.110290827975,26317.110290827975,100395.13890718698,2458385682.046136
ŁOWICKI,1936,baseline,2704743467.6666465,2704507198.976403,425054.562334666,188785.87209152206,188785.87209152206,236268.69024314394,2704318413.104312
ŁUCKI,1936,baseline,2705602476.2213664,2705533732.1288505,86198.23372444,17454.14120879442,17454.14120879442,68744.09251564558,2705516277.987642
ŁUKOWSKI,1936,baseline,2612928463.428606,2612797384.7167573,188666.06607162367,57587.35422266508,57587.35422266508,131078.7118489586,2612739797.3625345
ŁUNINIECKI,1936,baseline,2515923598.5207863,2515884704.9172497,49893.54372552701,10999.940188859286,10999.940188859286,38893.603536667724,2515873704.977061
ŁÓDZKI,1936,baseline,2722942154.695401,2722308557.292998,1769546.7506368908,1135949.3482339242,1135949.3482339242,633597.4024029665,2721172607.944764
ŁÓDŹ (MIASTO),1936,baseline,2887814071.90283,2701795477.8846817,186256081.5572081,237487.53905963703,237487.53905963703,186018594.01814845,2701557990.345622
ŁĘCZYCKI,1936,baseline,2726909118.9208894,2726650105.0817146,469220.7046947837,210206.8655198799,210206.8655198799,259013.8391749038,2726439898.2161946
ŚNIATYŃSKI,1936,baseline,2459767545.555742,2459454086.4442635,328902.3149756385,15443.203497286768,15443.203497286768,313459.11147835176,2459438643.240766
ŚREDZKI,1936,baseline,2848644420.963209,2848377208.0734305,381374.5714067012,114161.68162826744,114161.68162826744,267212.8897784337,2848263046.3918023
ŚREMSKI,1936,baseline,2807103144.5653205,2806861030.976944,299698.87758773426,57585.28921144458,57585.28921144458,242113.5883762897,2806803445.6877327
ŚWIECKI,1936,baseline,2589917023.042289,2589741513.343538,232663.97597597653,57154.27722515786,57154.27722515786,175509.69875081867,2589684359.066313
ŚWIĘCIAŃSKI,1936,baseline,2185787904.622958,2185742287.628119,55546.03713814121,9929.042298856279,9929.042298856279,45616.99483928493,2185732358.58582
ŚWIĘTOCHŁOWICKI,1936,baseline,2890289306.3755713,2859046149.8576927,32781779.646537058,1538623.1286584616,1538623.1286584616,31243156.517878596,2857507526.7290344
ŻNIŃSKI,1936,baseline,2741301071.3735747,2741047887.903603,327252.4441407286,74068.97416912964,74068.97416912964,253183.46997159897,2740973818.929434
ŻYDACZOWSKI,1936,baseline,2555771666.6230574,2555627320.303016,189210.49041899643,44864.17037770877,44864.17037770877,144346.32004128766,2555582456.1326385
ŻYWIECKI,1936,baseline,2659810414.3264093,2659545131.6549454,356103.59383291384,90820.92236911423,90820.92236911423,265282.6714637996,2659454310.7325764
ŻÓŁKIEWSKI,1936,baseline,2603021549.095699,2602838724.5540876,282738.04236197146,99913.50075052507,99913.50075052507,182824.54161144636,2602738811.053337
AUGUSTOWSKI,1937,baseline,2481012294.877439,2480917607.0458794,113635.65033636469,18947.818776378313,18947.818776378313,94687.83155998639,2480898659.2271028
BARANOWICKI,1937,baseline,2747108488.5354614,2747024863.93879,111732.12576940676,28107.529097952356,28107.529097952356,83624.5966714544,2746996756.409692
BIALSKI (BIAŁA KRAKOWSKA),1937,baseline,2883742170.332228,2882726533.3903995,1179991.362572954,164354.4207444228,164354.4207444228,1015636.9418285312,2882562178.969655
BIALSKI (BIAŁA PODLASKA),1937,baseline,2810457512.6569576,2810288154.486358,215956.91254602227,46598.74194661779,46598.74194661779,169358.1705994045,2810241555.7444115
BIAŁOSTOCKI,1937,baseline,2736577216.839021,2736369569.9755054,249630.19797875045,41983.334462886014,41983.334462886014,207646.86351586445,2736327586.641042
BIELSKI (BIELSK PODLASKI),1937,baseline,2740563237.5035133,2740489375.2828174,109413.92878522456,35551.70808912635,35551.70808912635,73862.22069609821,2740453823.574728
BIELSKO,1937,baseline,2874104913.1869183,2871177787.8796477,3086462.9662979483,159337.65902772773,159337.65902772773,2927125.3072702205,2871018450.22062
BIŁGORAJSKI,1937,baseline,2712769472.1553473,2712624276.192436,181278.06861243286,36082.10570123284,36082.10570123284,145195.96291120004,2712588194.086735
BOCHEŃSKI,1937,baseline,2842318494.708177,2842042397.359644,400483.18284879735,124385.8343156767,124385.8343156767,276097.34853312065,2841918011.525328
BORSZCZOWSKI,1937,baseline,2570243771.92359,2570015834.4576726,238021.51194969314,10084.046032023578,10084.046032023578,227937.46591766956,2570005750.4116406
BRASŁAWSKI,1937,baseline,2232808412.590137,2232739688.8309603,73320.85907127174,4597.099894650407,4597.099894650407,68723.75917662133,2232735091.7310658
BRODNICKI,1937,baseline,2771646481.418122,2771351978.994669,356958.63219997956,62456.20874705756,62456.20874705756,294502.423452922,2771289522.785922
BRODZKI,1937,baseline,2882458551.6329913,2882258354.799334,225958.03075609368,25761.197098941528,25761.197098941528,200196.83365715216,2882232593.6022353
BRZESKI (BRZESKO),1937,baseline,2770242140.771062,2769997973.4424357,331727.2740756611,87559.94544934094,87559.94544934094,244167.32862632017,2769910413.4969864
BRZESKI (BRZEŚĆ N.BUG.),1937,baseline,2840353846.674813,2840264950.949541,131780.87750336883,42885.15223176587,42885.15223176587,88895.72527160296,2840222065.7973094
BRZEZIŃSKI,1937,baseline,2868214913.7748475,2867629853.9652495,877574.9476477904,292515.1380496814,292515.1380496814,585059.809598109,2867337338.8272
BRZEŻAŃSKI,1937,baseline,2694892953.676594,2694660734.6430964,287319.89013205527,55100.856634634045,55100.856634634045,232219.03349742122,2694605633.786462
BRZOZOWSKI,1937,baseline,2701453502.4896727,2701063972.2667856,415739.27455820586,26209.05167122266,26209.05167122266,389530.2228869832,2701037763.2151146
BUCZACKI,1937,baseline,2667636404.324315,2667401061.743613,273296.94555571955,37954.36485350531,37954.36485350531,235342.58070221424,2667363107.3787594
BYDGOSKI,1937,baseline,2865874163.613919,2865395252.1912584,547158.5939447887,68247.17128467822,68247.17128467822,478911.42266011046,2865327005.0199738
BÓBRECKI,1937,baseline,2734356354.8073864,2734108258.5332046,295896.12670060276,47799.85251850427,47799.85251850427,248096.2741820985,2734060458.680686
BĘDZIŃSKI,1937,baseline,2972816329.4502244,2971331544.3381734,1640576.2826458688,155791.17059481892,155791.17059481892,1484785.11205105,2971175753.1675787
BŁOŃSKI,1937,baseline,2851237384.7583256,2850517386.869387,1301052.0588054392,581054.1698672022,581054.1698672022,719997.8889382369,2849936332.69952
CHEŁMIŃSKI,1937,baseline,2790874445.3896017,2790518429.546809,417132.9925849622,61117.14979257073,61117.14979257073,356015.8427923915,2790457312.3970165
CHEŁMSKI,1937,baseline,2845250524.3033414,2845080955.0517645,219941.881122745,50372.629545887285,50372.629545887285,169569.2515768577,2845030582.422219
CHODZIESKI,1937,baseline,2895577081.0591707,2895285871.635372,337985.15339073085,46775.72959211431,46775.72959211431,291209.4237986165,2895239095.90578
CHOJNICKI,1937,baseline,2704967176.437453,2704833772.03923,169008.21809230623,35603.81986971583,35603.81986971583,133404.3982225904,2704798168.2193604
CHORZÓW,1937,baseline,3114615163.5076203,3053975972.5451913,65397342.18416094,4758151.221731566,4758151.221731566,60639190.962429374,3049217821.3234596
CHRZANOWSKI,1937,baseline,2940788435.148809,2939610511.402807,1352209.7285082277,174285.98250632308,174285.98250632308,1177923.7460019046,2939436225.420301
CIECHANOWSKI,1937,baseline,2723406216.8919816,2723159873.606566,326859.36536553584,80516.07994988795,80516.07994988795,246343.2854156479,2723079357.526616
CIESZYŃSKI,1937,baseline,2808551393.992158,2807694648.262325,964437.3763188533,107691.64648577532,107691.64648577532,856745.729833078,2807586956.615839
CZARNKOWSKI,1937,baseline,2877449445.808314,2877203826.9576273,275804.29031396523,30185.439627868505,30185.439627868505,245618.8506860967,2877173641.5179996
CZORTKOWSKI,1937,baseline,2690245353.8414164,2689900631.9886675,401638.8049874799,56916.952238755235,56916.952238755235,344721.85274872463,2689843715.036429
CZĘSTOCHOWSKI,1937,baseline,2822420444.4046392,2821846316.0509925,643884.3959259279,69756.04227916765,69756.04227916765,574128.3536467602,2821776560.0087132
DOBROMILSKI,1937,baseline,2731569441.3529696,2731363211.5422397,244236.9824473435,38007.17171721525,38007.17171721525,206229.81073012826,2731325204.3705225
DOLIŃSKI,1937,baseline,2696492002.8638997,2696381809.1531496,141954.83968642395,31761.128936191857,31761.128936191857,110193.71075023209,2696350048.0242133
DROHICKI,1937,baseline,2655367603.5523906,2655276156.8278832,111446.90719185976,20000.182684394946,20000.182684394946,91446.72450746481,2655256156.645199
DROHOBYCKI,1937,baseline,2742262766.3910193,2741840803.303409,475028.04667957616,53064.959069355,53064.959069355,421963.0876102212,2741787738.34434
DUBIEŃSKI,1937,baseline,2909764443.1295514,2909640778.517661,148771.4403186236,25106.828428111596,25106.828428111596,123664.61189051198,2909615671.689233
DZIAŁDOWSKI,1937,baseline,2703547399.6555085,2703363562.1986175,215283.05554811508,31445.598657297036,31445.598657297036,183837.45689081805,2703332116.5999603
DZIŚNIEŃSKI,1937,baseline,2263018382.5325994,2262955361.771733,70394.54752298383,7373.78665623014,7373.78665623014,63020.76086675369,2262947987.9850764
DĄBROWSKI,1937,baseline,2758638777.387779,2758411571.5309668,303414.1483910756,76208.2915786465,76208.2915786465,227205.8568124291,2758335363.239388
GARWOLIŃSKI,1937,baseline,2792099933.804252,2791903480.6777334,315181.26900596597,118728.14248724248,118728.14248724248,196453.12651872347,2791784752.5352464
GNIEŹNIEŃSKI,1937,baseline,3022999331.7936316,3022689993.897804,408797.77161077835,99459.87578275597,99459.87578275597,309337.8958280224,3022590534.022021
GORLICKI,1937,baseline,2744008023.93809,2743757172.4728303,305449.720348031,54598.255088290454,54598.255088290454,250851.4652597406,2743702574.217742
GOSTYNIŃSKI,1937,baseline,2830173698.3011465,2829927273.3064475,328081.1369686576,81656.1422694515,81656.1422694515,246424.9946992061,2829845617.164178
GOSTYŃSKI,1937,baseline,3046573704.1125937,3046176359.328306,474933.4389183245,77588.65463059908,77588.65463059908,397344.7842877254,3046098770.6736755
GRODZIEŃSKI,1937,baseline,2587107342.840366,2587025228.8097615,103380.60760529786,21266.577001098325,21266.577001098325,82114.03060419954,2587003962.2327604
GRUDZIĄDZKI,1937,baseline,2767199707.9243293,2766541313.527149,727664.6693978565,69270.2722176886,69270.2722176886,658394.3971801678,2766472043.2549314
GRÓDECKI,1937,baseline,2790176645.0235295,2789972886.9825625,343909.18050905614,140151.1395420315,140151.1395420315,203758.04096702463,2789832735.8430204
GRÓJECKI,1937,baseline,2788609355.070463,2788356519.99935,492728.32920834544,239893.25809520122,239893.25809520122,252835.07111314422,2788116626.741255
HOROCHOWSKI,1937,baseline,2807395914.2696395,2807228032.7831407,188672.7443307776,20791.257832170875,20791.257832170875,167881.48649860674,2807207241.5253086
HORODEŃSKI,1937,baseline,2631727029.018203,2631458975.2404222,291145.24056990544,23091.462789450183,23091.462789450183,268053.77778045525,2631435883.7776327
HRUBIESZOWSKI,1937,baseline,2767275884.6258817,2767049396.069733,267205.94113472005,40717.38498643388,40717.38498643388,226488.55614828615,2767008678.6847467
INOWROCŁAWSKI,1937,baseline,2927358658.990613,2927019463.3721337,418443.59415308165,79247.9756735349,79247.9756735349,339195.61847954674,2926940215.39646
IWACEWICKI,1937,baseline,2666507884.953312,2666446306.36085,78584.61346451589,17006.021002086047,17006.021002086047,61578.59246242984,2666429300.3398476
IŁŻECKI,1937,baseline,2769490024.385288,2769269658.2575407,276736.51547443186,56370.38772736412,56370.38772736412,220366.12774706772,2769213287.8698134
JANOWSKI,1937,baseline,2757020933.4711223,2756823512.584926,243355.1583309494,45934.27213492379,45934.27213492379,197420.88619602562,2756777578.3127913
JAROCIŃSKI,1937,baseline,2993416561.7507915,2993118884.959498,368076.85214196524,70400.06084838939,70400.06084838939,297676.79129357584,2993048484.8986497
JAROSŁAWSKI,1937,baseline,2789174162.675625,2788950692.290421,279103.70961272105,55633.32440895319,55633.32440895319,223470.38520376786,2788895058.966012
JASIELSKI,1937,baseline,2744956792.7275248,2744737493.9518976,297356.96925783996,78058.19363080648,78058.19363080648,219298.77562703346,2744659435.758267
JAWOROWSKI,1937,baseline,2729463449.9551277,2729271252.119363,240005.28613111807,47807.45036581348,47807.45036581348,192197.8357653046,2729223444.668997
JĘDRZEJOWSKI,1937,baseline,2819069823.3158894,2818881927.4018073,266102.49087349063,78206.57679124708,78206.57679124708,187895.91408224354,2818803720.825016
KALISKI,1937,baseline,2904521833.6136713,2904157624.043964,401351.1644084665,37141.59470130179,37141.59470130179,364209.5697071647,2904120482.4492626
KAMIONECKI,1937,baseline,2789226188.208597,2789040302.6507063,248603.82128330506,62718.26339222155,62718.26339222155,185885.55789108353,2788977584.387314
KARTUSKI,1937,baseline,2563362417.0187135,2563219928.7539454,170195.41984881865,27707.155080798002,27707.155080798002,142488.26476802066,2563192221.5988646
KATOWICE,1937,baseline,3032229448.59372,3017989314.5846257,14944069.881979091,703935.8728848384,703935.8728848384,14240134.009094253,3017285378.711741
KAŁUSKI,1937,baseline,2671525885.1032076,2671364969.6833344,191896.29437344288,30980.874500354133,30980.874500354133,160915.41987308874,2671333988.808834
KIELECKI,1937,baseline,2820944433.503506,2820692621.131081,316341.7303133156,64529.357888204635,64529.357888204635,251812.37242511092,2820628091.773193
KOBRYŃSKI,1937,baseline,2708195058.9021263,2708122796.472641,99223.35864627315,26960.9291611685,26960.9291611685,72262.42948510464,2708095835.54348
KOLBUSZOWSKI,1937,baseline,2696782734.937334,2696578952.7690306,237015.98762111051,33233.81931797917,33233.81931797917,203782.16830313133,2696545718.9497128
KOLSKI,1937,baseline,2968206023.538986,2967931638.2519894,371438.5565899318,97053.2695932684,97053.2695932684,274385.2869966634,2967834584.982396
KONECKI,1937,baseline,2831731712.526979,2831500783.453263,306609.2556569355,75680.18194040202,75680.18194040202,230929.0737165335,2831425103.2713223
KONIŃSKI,1937,baseline,2968192676.942995,2968001429.3584776,238113.6985674802,46866.114049755364,46866.114049755364,191247.58451772484,2967954563.2444277
KOPYCZYNIECKI,1937,baseline,2695381027.6766534,2695141399.247168,291737.6058912956,52109.17640608041,52109.17640608041,239628.42948521517,2695089290.070762
KOSOWSKI (KOSÓW HUCULSKI),1937,baseline,2540204586.689391,2540134449.309523,84197.40333097934,14060.023462583398,14060.023462583398,70137.37986839595,2540120389.2860603
KOSTOPOLSKI,1937,baseline,2885554221.586908,2885461703.819034,115026.650726487,22508.882852597046,22508.882852597046,92517.76787388996,2885439194.9361815
KOSZYRSKI,1937,baseline,2548906486.46948,2548848607.287644,64981.913419103366,7102.731582998183,7102.731582998183,57879.181836105185,2548841504.556061
KOWELSKI,1937,baseline,2849782920.021121,2849729257.941553,79999.75105963156,26337.671491645317,26337.671491645317,53662.07956798624,2849702920.2700615
KOZIENICKI,1937,baseline,2787916236.9375277,2787763150.6204767,207074.63929919832,53988.32224824268,53988.32224824268,153086.31705095564,2787709162.2982283
KOŁOMYJSKI,1937,baseline,2669186813.2113986,2668979672.805381,244162.72945444245,37022.323436558174,37022.323436558174,207140.4060178843,2668942650.481944
KOŚCIAŃSKI,1937,baseline,3122416821.884214,3122064693.325779,466865.71652574325,114737.15809053965,114737.15809053965,352128.55843520357,3121949956.1676884
KOŚCIERSKI,1937,baseline,2624417210.4999385,2624258792.9545417,187699.13366233074,29281.588265476406,29281.588265476406,158417.54539685434,2624229511.3662763
KRAKOWSKI,1937,baseline,2884490126.362515,2884074319.824225,4153249.1670397525,3737442.6287498735,3737442.6287498735,415806.53828987904,2880336877.195475
KRAKÓW (MIASTO),1937,baseline,2964592990.06929,2882087524.933578,83494375.22514644,988910.0894342364,988910.0894342364,82505465.1357122,2881098614.844144
KRASNOSTAWSKI,1937,baseline,2790055923.122714,2789824668.4571867,282922.2036354797,51667.53810819907,51667.53810819907,231254.66552728062,2789773000.9190784
KROTOSZYŃSKI,1937,baseline,2991405210.5252967,2991086147.272323,383428.213644413,64364.960670737746,64364.960670737746,319063.25297367526,2991021782.311652
KROŚNIEŃSKI,1937,baseline,2738255418.9094467,2737778046.2078733,526769.509978239,49396.80840496882,49396.80840496882,477372.70157327014,2737728649.3994684
KRZEMIENIECKI,1937,baseline,2814537404.587934,2814409680.1826262,147676.65559990905,19952.25029212194,19952.25029212194,127724.40530778712,2814389727.932334
KUTNOWSKI,1937,baseline,2921436992.272194,2920870897.656716,733152.4721556432,167057.85667751145,167057.85667751145,566094.6154781317,2920703839.8000383
KĘPIŃSKI,1937,baseline,2947370878.3013363,2947127577.4484572,277237.13078797015,33936.277908940116,33936.277908940116,243300.85287903002,2947093641.1705484
LESKI,1937,baseline,2613378457.267315,2613224462.3963065,170029.7438144287,16034.872806198297,16034.872806198297,153994.8710082304,2613208427.5235004
LESZCZYŃSKI,1937,baseline,3131669429.6186943,3131281542.4721336,473294.48969015793,85407.34312954356,85407.34312954356,387887.14656061435,3131196135.129004
LIDZKI,1937,baseline,2582332481.875633,2582247908.537694,102665.18827784616,18091.850338899283,18091.850338899283,84573.33793894688,2582229816.687355
LIMANOWSKI,1937,baseline,2749957825.8448544,2749777194.773995,227694.83021553588,47063.75935624687,47063.75935624687,180631.07085928903,2749730131.014639
LIPNOWSKI,1937,baseline,2818630781.025405,2818450704.912749,225685.23278027918,45609.120124211346,45609.120124211346,180076.11265606782,2818405095.7926245
LUBACZOWSKI,1937,baseline,2676982882.3114395,2676804425.3251066,198367.78946936905,19910.803136539085,19910.803136539085,178456.98633282995,2676784514.5219703
LUBARTOWSKI,1937,baseline,2774974794.440841,2774793101.797676,279259.5255437091,97566.88237870742,97566.88237870742,181692.6431650017,2774695534.9152975
LUBAWSKI,1937,baseline,2693572762.400035,2693301748.3093734,294581.37021945836,23567.27955785844,23567.27955785844,271014.09066159994,2693278181.0298157
LUBELSKI,1937,baseline,2821076973.0749264,2820670626.3135443,475833.85261613864,69487.09123400511,69487.09123400511,406346.7613821335,2820601139.22231
LUBLINIECKI,1937,baseline,2991388070.1083713,2991014955.937454,481693.3693039828,108579.19838728165,108579.19838728165,373114.17091670114,2990906376.739067
LUBOMELSKI,1937,baseline,2803288182.9244933,2803223357.2337384,94291.8087267814,29466.117971772455,29466.117971772455,64825.690755008945,2803193891.1157665
LWOWSKI,1937,baseline,2842718767.966493,2842495095.8675394,3393303.773162097,3169631.674208221,3169631.674208221,223672.09895387615,2839325464.1933312
LWÓW (MIASTO),1937,baseline,2899365891.604639,2860494968.770099,39822531.13622129,951608.30168174,951608.30168174,38870922.83453955,2859543360.4684176
M. ST. WARSZAWA,1937,baseline,2992939762.624175,2853317920.3671517,141764588.24700785,2142745.989984285,2142745.989984285,139621842.25702357,2851175174.377167
MAKOWSKI (MAKÓW MAZOWIECKI),1937,baseline,2603840945.173721,2603673130.336566,193578.0616131263,25763.22445828554,25763.22445828554,167814.83715484076,2603647367.1121078
MIECHOWSKI,1937,baseline,2824650593.153019,2824406646.522207,307193.551084554,63246.92027254303,63246.92027254303,243946.630812011,2824343399.6019344
MIELECKI,1937,baseline,2756287200.6997905,2756079286.529693,266162.8618186743,58248.69172160594,58248.69172160594,207914.17009706836,2756021037.8379717
MIĘDZYCHODZKI,1937,baseline,3119153757.565798,3118924971.395471,261020.01535584053,32233.84502920212,32233.84502920212,228786.1703266384,3118892737.5504417
MIŃSKI,1937,baseline,2807709363.8983054,2807387772.253917,631290.7088475013,309699.0644593677,309699.0644593677,321591.64438813354,2807078073.189458
MOGILEŃSKI,1937,baseline,2928507198.505467,2928281211.8244615,291030.4462666316,65043.765261211425,65043.765261211425,225986.6810054202,2928216168.0592003
MORSKI,1937,baseline,2480846626.4059367,2480430600.3797274,427249.96280968806,11223.93660009109,11223.93660009109,416026.02620959695,2480419376.443127
MOŁODECZAŃSKI,1937,baseline,2440665629.1151843,2440555588.2275834,128967.7259324462,18926.838331718052,18926.838331718052,110040.88760072815,2440536661.3892517
MOŚCISKI,1937,baseline,2756481134.0741115,2756223100.399045,302161.87411999115,44128.199053469165,44128.199053469165,258033.67506652197,2756178972.1999917
MYŚLENICKI,1937,baseline,2756376633.0073624,2756146509.4245415,277648.521579955,47524.93875895715,47524.93875895715,230123.58282099784,2756098984.4857826
MŁAWSKI,1937,baseline,2701378829.466526,2701188372.7810717,238734.43734572842,48277.75189092657,48277.75189092657,190456.68545480186,2701140095.0291805
NADWÓRNIAŃSKI,1937,baseline,2617272989.3376083,2617159929.811801,140421.34023395958,27361.814426577464,27361.814426577464,113059.52580738212,2617132567.9973745
NIESZAWSKI,1937,baseline,2884641662.532092,2884380914.506387,334508.41266785807,73760.38696277209,73760.38696277209,260748.02570508595,2884307154.1194243
NIEŚWIESKI,1937,baseline,2637667287.0791755,2637511121.976328,173405.21181706619,17240.108969801786,17240.108969801786,156165.1028472644,2637493881.867358
NIŻAŃSKI,1937,baseline,2757088716.4862337,2756896716.485812,231897.02830199944,39897.027880579575,39897.027880579575,192000.00042141986,2756856819.4579315
NOWOGRÓDZKI,1937,baseline,2590866812.464226,2590774499.327316,110995.7363921602,18682.599482180554,18682.599482180554,92313.13690997964,2590755816.7278337
NOWOSĄDECKI,1937,baseline,2742469964.4089017,2742251183.8888597,261945.19228141807,43164.67223945847,43164.67223945847,218780.5200419596,2742208019.2166204
NOWOTARSKI,1937,baseline,2750532157.9210486,2750338901.834302,234246.58494915886,40990.49820254713,40990.49820254713,193256.08674661172,2750297911.3360996
NOWOTOMYSKI,1937,baseline,3207530678.7306423,3207234014.725348,340284.53904740757,43620.5337529979,43620.5337529979,296664.0052944097,3207190394.191595
OBORNICKI,1937,baseline,3026850082.1919146,3026623770.34706,361643.38188459305,135331.5370302388,135331.5370302388,226311.84485435422,3026488438.81003
OLKUSKI,1937,baseline,2878786823.6501727,2878493734.2968874,378328.0983478945,85238.74506243477,85238.74506243477,293089.35328545974,2878408495.551825
OPATOWSKI,1937,baseline,2780974539.0823846,2780694812.3203306,335408.64878562884,55681.88673172425,55681.88673172425,279726.7620539046,2780639130.433599
OPOCZYŃSKI,1937,baseline,2826618069.5508165,2826455105.9565578,268881.37127697817,105917.77701792453,105917.77701792453,162963.59425905367,2826349188.1795397
OSTROWSKI (OSTRÓW MAZOWIECKA),1937,baseline,2711505486.035454,2711360901.3432674,203550.95765937687,58966.26547290859,58966.26547290859,144584.69218646828,2711301935.0777946
OSTROWSKI (OSTRÓW WIELKOPOLSKI),1937,baseline,3004243133.1636004,3003978864.170246,320901.43287912034,56632.43952486929,56632.43952486929,264268.9933542511,3003922231.7307215
OSTROŁĘCKI,1937,baseline,2657552312.343938,2657464443.6000776,133373.01286489164,45504.2690048171,45504.2690048171,87868.74386007455,2657418939.331073
OSZMIAŃSKI,1937,baseline,2326664835.3371325,2326581155.6948595,90050.64068205703,6370.99840912978,6370.99840912978,83679.64227292725,2326574784.69645
PIOTRKOWSKI,1937,baseline,2816633740.751416,2816369718.32619,362500.15244527813,98477.7272191295,98477.7272191295,264022.4252261486,2816271240.598971
PIŃCZOWSKI,1937,baseline,2746536077.5080223,2746310389.016851,266859.65214087616,41171.16096955818,41171.16096955818,225688.49117131796,2746269217.855881
PIŃSKI,1937,baseline,2682086218.829241,2682023161.4241705,77415.98470490068,14358.579634643767,14358.579634643767,63057.405070256915,2682008802.844536
PODHAJECKI,1937,baseline,2669999197.4865317,2669817532.663831,231902.8836872604,50238.060987224504,50238.060987224504,181664.82270003587,2669767294.602844
POSTAWSKI,1937,baseline,2271005112.342796,2270955466.5944905,60614.129709478264,10968.381403924468,10968.381403924468,49645.748305553796,2270944498.2130866
POZNAŃ (MIASTO),1937,baseline,3200994053.6742887,3150656732.9736805,51869325.25378256,1532004.5531744156,1532004.5531744156,50337320.70060815,3149124728.420506
POZNAŃSKI,1937,baseline,3137009031.431591,3136723345.219314,5666567.344577649,5380881.132300778,5380881.132300778,285686.2122768703,3131342464.0870132
PRUŻAŃSKI,1937,baseline,2703885849.5980644,2703791823.34709,113386.57912162758,19360.328147024855,19360.328147024855,94026.25097460274,2703772463.018943
PRZASNYCKI,1937,baseline,2570586633.6720963,2570435672.520607,172558.15598503937,21597.00449583292,21597.00449583292,150961.15148920644,2570414075.5161114
PRZEMYSKI,1937,baseline,2797904287.1259766,2797520155.40241,442926.2691272822,58794.545560906205,58794.545560906205,384131.723566376,2797461360.856849
PRZEMYŚLAŃSKI,1937,baseline,2751868040.5579743,2751629987.4568725,285800.900400775,47747.79929899336,47747.79929899336,238053.10110178168,2751582239.6575737
PRZEWORSKI,1937,baseline,2776988669.3376718,2776462815.1042776,588812.4716657639,62958.238271478454,62958.238271478454,525854.2333942854,2776399856.866006
PSZCZYŃSKI,1937,baseline,2969714661.748203,2969051996.2304,934068.0223057289,271402.5045032439,271402.5045032439,662665.5178024849,2968780593.725897
PUŁAWSKI,1937,baseline,2770967647.426288,2770762358.5338926,252676.44553249382,47387.55313670944,47387.55313670944,205288.89239578438,2770714970.980756
PUŁTUSKI,1937,baseline,2719047650.491876,2718832576.112922,302496.0904289981,87421.7114749855,87421.7114749855,215074.37895401265,2718745154.4014473
PŁOCKI,1937,baseline,2684562389.4542127,2684222035.1758003,365949.3289475568,25595.050535318038,25595.050535318038,340354.27841223875,2684196440.125265
PŁOŃSKI,1937,baseline,2763623394.344617,2763408049.974075,297012.04266088933,81667.67211855396,81667.67211855396,215344.37054233538,2763326382.301956
RADOMSKI,1937,baseline,2822807021.326336,2822525161.1366735,359847.231478032,77987.04181585125,77987.04181585125,281860.1896621808,2822447174.0948577
RADOMSZCZAŃSKI,1937,baseline,2800734826.787386,2800541954.7456527,284740.5748083651,91868.53307516524,91868.53307516524,192872.04173319982,2800450086.2125773
RADZIECHOWSKI,1937,baseline,2781088031.81567,2780920253.402932,190307.06118758148,22528.648449993674,22528.648449993674,167778.41273758782,2780897724.7544823
RADZYMIŃSKI,1937,baseline,2808725163.8675895,2808420988.8772087,864466.7438035676,560291.7534228755,560291.7534228755,304174.99038069206,2807860697.123786
RADZYŃSKI,1937,baseline,2762232660.448452,2762044099.4828444,242727.64498519347,54166.679377630084,54166.679377630084,188560.96560756338,2761989932.803467
RAWICKI,1937,baseline,3048148021.0872216,3047639271.672956,574786.567531901,66037.1532662711,66037.1532662711,508749.41426562984,3047573234.5196896
RAWSKI (RAWA MAZOWIECKA),1937,baseline,2780591010.9450383,2780379072.436978,305586.4404679207,93647.93240730737,93647.93240730737,211938.5080606133,2780285424.5045705
RAWSKI (RAWA RUSKA),1937,baseline,2763174871.6313267,2763015734.5815706,198095.96443980394,38958.914683730276,38958.914683730276,159137.04975607365,2762976775.666887
ROHATYŃSKI,1937,baseline,2689089150.170933,2688882715.5032988,250475.45952374703,44040.791889753615,44040.791889753615,206434.66763399343,2688838674.711409
ROPCZYCKI,1937,baseline,2793643414.3588448,2793444704.5606503,263918.88777274603,65209.089578274914,65209.089578274914,198709.79819447114,2793379495.471072
RUDECKI,1937,baseline,2786653513.8227816,2786367772.00521,343302.8043674043,57560.98679595321,57560.98679595321,285741.81757145113,2786310211.018414
RYBNICKI,1937,baseline,2867489258.421715,2866339140.9184623,1250319.114392537,100201.6111401374,100201.6111401374,1150117.5032523996,2866238939.307322
RYPIŃSKI,1937,baseline,2751756055.5819206,2751539018.839859,274261.9840323823,57225.24197041908,57225.24197041908,217036.74206196322,2751481793.5978885
RZESZOWSKI,1937,baseline,2773146250.4465117,2772844529.6225896,344020.57529104006,42299.75136885327,42299.75136885327,301720.8239221868,2772802229.8712206
RÓWIEŃSKI,1937,baseline,2961403888.221936,2961235672.4161253,193829.79072047168,25613.984909312236,25613.984909312236,168215.80581115943,2961210058.431216
SAMBORSKI,1937,baseline,2786407028.9114604,2786175901.1066384,308829.4134430544,77701.6086209594,77701.6086209594,231127.80482209503,2786098199.4980173
SANDOMIERSKI,1937,baseline,2686148899.145111,2685924342.342274,247832.4921106714,23275.689273821252,23275.689273821252,224556.80283685014,2685901066.6530004
SANOCKI,1937,baseline,2684902821.1223426,2684648850.8703156,278936.48369171366,24966.231664566774,24966.231664566774,253970.2520271469,2684623884.638651
SARNEŃSKI,1937,baseline,2834045104.7913957,2833996181.653773,66241.12152889943,17317.983906193527,17317.983906193527,48923.1376227059,2833978863.6698666
SIEDLECKI,1937,baseline,2795689611.531891,2795519541.117874,253901.5730999586,83831.15908340932,83831.15908340932,170070.41401654927,2795435709.958791
SIERADZKI,1937,baseline,2960631568.3580914,2960361123.730169,395411.95595827437,124967.3280359526,124967.3280359526,270444.6279223218,2960236156.402133
SIERPECKI,1937,baseline,2756112680.3546968,2755879837.310336,282043.8293467865,49200.78498584722,49200.78498584722,232843.04436093924,2755830636.52535
SKAŁACKI,1937,baseline,2689627179.039013,2689387286.422454,259106.6160557033,19213.999496689274,19213.999496689274,239892.61655901404,2689368072.4229574
SKIERNIEWICKI,1937,baseline,2872181088.632333,2871845639.567195,572805.7671664744,237356.70202896706,237356.70202896706,335449.06513750734,2871608282.865166
SOCHACZEWSKI,1937,baseline,2829545185.7684984,2829136650.384743,546571.6051331374,138036.22137800913,138036.22137800913,408535.38375512837,2828998614.1633654
SOKALSKI,1937,baseline,2754839461.39756,2754644849.7152667,225280.2820015269,30668.59970798344,30668.59970798344,194611.68229354348,2754614181.1155586
SOKOŁOWSKI,1937,baseline,2744135587.7589984,2743946983.0300665,269873.36554399185,81268.63661208095,81268.63661208095,188604.72893191088,2743865714.3934546
SOKÓLSKI,1937,baseline,2647908161.181793,2647825000.8885,121931.05962000936,38770.766327078825,38770.766327078825,83160.29329293052,2647786230.1221733
STANISŁAWOWSKI,1937,baseline,2689387239.122183,2689125730.81055,312026.145014717,50517.83338199592,50517.83338199592,261508.31163272107,2689075212.977168
STAROGARDZKI,1937,baseline,2662517560.5173316,2662255989.3826814,291693.12920424645,30121.994554147444,30121.994554147444,261571.13465009897,2662225867.3881273
STOLIŃSKI,1937,baseline,2709881599.171616,2709840573.846722,54431.85621691188,13406.531323082692,13406.531323082692,41025.32489382919,2709827167.315399
STOPNICKI,1937,baseline,2665233220.7325864,2665062300.629288,192494.3982891259,21574.294991151353,21574.294991151353,170920.10329797457,2665040726.334297
STOŁPECKI,1937,baseline,2726524972.233549,2726435312.938821,99665.64232037877,10006.347591900932,10006.347591900932,89659.29472847783,2726425306.591229
STRYJSKI,1937,baseline,2696741608.02312,2696614841.090326,179461.36478513764,52694.43199090406,52694.43199090406,126766.93279423358,2696562146.6583347
SUWALSKI,1937,baseline,2436668028.1701117,2436562964.8711586,119384.89040493054,14321.591451835136,14321.591451835136,105063.29895309541,2436548643.279707
SZAMOTULSKI,1937,baseline,3051983040.4974365,3051716899.2459745,328644.12018153974,62502.86871969679,62502.86871969679,266141.25146184297,3051654396.377255
SZCZUCZYŃSKI (WOJ. BIAŁOSTOCKIE),1937,baseline,2600616086.4153514,2600486044.82697,147258.2731766201,17216.684795521334,17216.684795521334,130041.58838109876,2600468828.1421747
SZCZUCZYŃSKI (WOJ. NOWOGRÓDZKIE),1937,baseline,2554462422.845779,2554376966.010175,102716.98998377091,17260.154379677497,17260.154379677497,85456.83560409342,2554359705.8557954
SZUBIŃSKI,1937,baseline,2906891644.2048554,2906667440.4858046,320782.26340163307,96578.54435059802,96578.54435059802,224203.71905103506,2906570861.941454
SĘPOLEŃSKI,1937,baseline,2790333960.400462,2789953180.633241,431649.69714765396,50869.92992709247,50869.92992709247,380779.7672205615,2789902310.7033143
SŁONIMSKI,1937,baseline,2688178114.9020715,2688095639.5869536,104043.16230608225,21567.84718846601,21567.84718846601,82475.31511761624,2688074071.739765
TARNOBRZESKI,1937,baseline,2790314818.8232946,2790085080.825232,277077.17683006957,47339.17876746932,47339.17876746932,229737.99806260024,2790037741.6464643
TARNOGÓRSKI,1937,baseline,3044189502.3349767,3042225314.3687983,2490902.2757677073,526714.3095896145,526714.3095896145,1964187.9661780926,3041698600.059209
TARNOPOLSKI,1937,baseline,2791932406.5557637,2791675985.111648,303172.71398320695,46751.26986724938,46751.26986724938,256421.44411595757,2791629233.8417807
TARNOWSKI,1937,baseline,2807329082.12848,2806906717.842721,521656.90894529887,99292.62318599812,99292.62318599812,422364.28575930075,2806807425.219535
TCZEWSKI,1937,baseline,2628624145.007218,2628120869.5002403,523839.21864085895,20563.71166341687,20563.71166341687,503275.50697744207,2628100305.788577
TOMASZOWSKI,1937,baseline,2698227704.352051,2698032267.262592,219646.24436511064,24209.154906069678,24209.154906069678,195437.08945904096,2698008058.1076856
TORUŃSKI,1937,baseline,2872468108.61913,2871918594.762829,628812.5165269385,79298.660225853,79298.660225853,549513.8563010856,2871839296.102603
TREMBOWELSKI,1937,baseline,2743179492.85485,2742923972.9384475,303461.6070375176,47941.690635240055,47941.690635240055,255519.9164022775,2742876031.2478123
TUCHOLSKI,1937,baseline,2743731595.106308,2743549242.5040793,235269.15014985437,52916.547920972385,52916.547920972385,182352.602228882,2743496325.956158
TURCZAŃSKI,1937,baseline,2678734142.515463,2678621172.157075,138599.76131085775,25629.40292296842,25629.40292296842,112970.35838788933,2678595542.754152
TURECKI,1937,baseline,2775047579.1872015,2774841029.4963613,228474.6606832614,21924.96984278965,21924.96984278965,206549.69084047174,2774819104.5265183
TŁUMACKI,1937,baseline,2673719198.196367,2673464938.7680907,305724.4722008721,51465.04392475665,51465.04392475665,254259.42827611545,2673413473.724166
WADOWICKI,1937,baseline,2850891513.231468,2850575296.2540207,448126.039718793,131909.06227104733,131909.06227104733,316216.9774477457,2850443387.1917496
WARSZAWSKI,1937,baseline,2852218750.8954797,2851512247.4070077,11913674.435116416,11207170.946644442,11207170.946644442,706503.4884719744,2840305076.4603634
WIELUŃSKI,1937,baseline,2947529572.514341,2947353401.488243,205195.40689206574,29024.380794408724,29024.380794408724,176171.026097657,2947324377.1074486
WILEJSKI,1937,baseline,2395924532.276714,2395862933.2635145,75676.55965241037,14077.546452916124,14077.546452916124,61599.01319949426,2395848855.7170615
WILEŃSKO-TROCKI,1937,baseline,2451563806.947389,2451507317.6572704,231610.2726712711,175120.98255270004,175120.98255270004,56489.29011857106,2451332196.674718
WILNO (MIASTO),1937,baseline,2489128025.3066015,2475839267.712749,13449576.70402052,160819.11016808823,160819.11016808823,13288757.593852432,2475678448.602581
WOLSZTYŃSKI,1937,baseline,3272575116.7615223,3272296570.5905185,338968.50794076105,60422.33693711435,60422.33693711435,278546.1710036467,3272236148.2535815
WOŁKOWYSKI,1937,baseline,2677157494.048183,2677092626.1571064,89710.73688834993,24842.845811961473,24842.845811961473,64867.89107638845,2677067783.3112946
WOŁOŻYŃSKI,1937,baseline,2455139375.140477,2455052436.669153,96789.0811763852,9850.609852350703,9850.609852350703,86938.47132403449,2455042586.059301
WRZESIŃSKI,1937,baseline,3040595961.346898,3040207296.489027,489375.14048012777,100710.28260891326,100710.28260891326,388664.8578712145,3040106586.206418
WYRZYSKI,1937,baseline,2843820328.5640106,2843526948.678672,352572.47253416333,59192.58719519882,59192.58719519882,293379.8853389645,2843467756.0914764
WYSOKOMAZOWIECKI,1937,baseline,2704123332.719275,2703982178.3055487,187977.45287386005,46823.03914744756,46823.03914744756,141154.4137264125,2703935355.2664013
WĄBRZESKI,1937,baseline,2792265634.37248,2791915647.2758374,413824.7495364212,63837.65289421201,63837.65289421201,349987.0966422092,2791851809.6229434
WĄGROWIECKI,1937,baseline,2980919464.484225,2980676895.2576704,332420.3990799771,89851.17252521859,89851.17252521859,242569.22655475856,2980587044.085145
WĘGROWSKI,1937,baseline,2707045113.6848607,2706838531.788972,267785.54165146116,61203.64576259619,61203.64576259619,206581.895888865,2706777328.1432095
WŁOCŁAWSKI,1937,baseline,2872090237.1657457,2871580128.71404,580560.8401112375,70452.38840545354,70452.38840545354,510108.45170578395,2871509676.3256345
WŁODAWSKI,1937,baseline,2740926106.3783274,2740804553.879379,147159.3025245509,25606.803575881542,25606.803575881542,121552.49894866937,2740778947.075803
WŁODZIMIERSKI,1937,baseline,2812615047.7971387,2812477268.691485,173261.3017494696,35482.196096005195,35482.196096005195,137779.1056534644,2812441786.495389
WŁOSZCZOWSKI,1937,baseline,2746695227.932789,2746549430.0440574,190225.14363690192,44427.25490533043,44427.25490533043,145797.8887315715,2746505002.789152
ZALESZCZYCKI,1937,baseline,2635011955.705174,2634761765.336251,275399.9893631371,25209.620440102284,25209.620440102284,250190.3689230348,2634736555.715811
ZAMOJSKI,1937,baseline,2794029892.1803255,2793737112.1038046,345737.76769744244,52957.691176405315,52957.691176405315,292780.07652103715,2793684154.412628
ZBARASKI,1937,baseline,2785704234.6694674,2785460453.8386827,288336.48114950856,44555.65036473573,44555.65036473573,243780.8307847728,2785415898.188318
ZBOROWSKI,1937,baseline,2744863228.7466455,2744659636.1403704,236641.3259206906,33048.71964527679,33048.71964527679,203592.60627541383,2744626587.420725
ZDOŁBUNOWSKI,1937,baseline,3030401779.4368415,3030205796.738424,217078.4600802146,21095.761662477078,21095.761662477078,195982.69841773753,3030184700.9767613
ZŁOCZOWSKI,1937,baseline,2792609684.5239215,2792409496.906824,240600.86783152056,40413.25073444359,40413.25073444359,200187.617097077,2792369083.65609
ŁASKI,1937,baseline,2932409584.3552475,2931919156.9050646,640016.1986895382,149588.74850669227,149588.74850669227,490427.45018284593,2931769568.156558
ŁAŃCUCKI,1937,baseline,2767027744.070504,2766759086.637895,307208.0506555117,38550.61804616463,38550.61804616463,268657.43260934704,2766720536.019849
ŁOMŻYŃSKI,1937,baseline,2635412806.1892757,2635289384.3796144,153116.7104891635,29694.900827825226,29694.900827825226,123421.80966133827,2635259689.4787865
ŁOWICKI,1937,baseline,2893478553.193436,2893192666.842353,486944.1484246807,201057.79734151153,201057.79734151153,285886.35108316917,2892991609.0450115
ŁUCKI,1937,baseline,2904758369.002544,2904663138.9927254,118169.85747421977,22939.847655964888,22939.847655964888,95230.00981825488,2904640199.1450696
ŁUKOWSKI,1937,baseline,2799250300.0847406,2799081648.7476277,236112.83711434566,67461.50000150854,67461.50000150854,168651.33711283712,2799014187.2476263
ŁUNINIECKI,1937,baseline,2701421254.080169,2701370430.566007,65358.27122475434,14534.757063139972,14534.757063139972,50823.51416161437,2701355895.808944
ŁÓDZKI,1937,baseline,2911657580.763368,2910978837.5608854,1824703.6701136772,1145960.467630701,1145960.467630701,678743.2024829763,2909832877.0932546
ŁÓDŹ (MIASTO),1937,baseline,3074140934.8497605,2889349890.233895,185050825.9020873,259781.2862214374,259781.2862214374,184791044.61586586,2889090108.9476733
ŁĘCZYCKI,1937,baseline,2915971180.5559106,2915667877.9646955,526446.3540974106,223143.76288228063,223143.76288228063,303302.5912151299,2915444734.201813
ŚNIATYŃSKI,1937,baseline,2631189866.4000554,2630805353.085708,403628.3327947494,19115.018447399692,19115.018447399692,384513.3143473497,2630786238.0672607
ŚREDZKI,1937,baseline,3042833496.5816226,3042500095.4766555,459754.5461829563,126353.441216135,126353.441216135,333401.1049668213,3042373742.0354395
ŚREMSKI,1937,baseline,2998546197.131761,2998256634.76451,355891.1713284834,66328.80407760994,66328.80407760994,289562.3672508735,2998190305.9604325
ŚWIECKI,1937,baseline,2772766381.993018,2772546068.517294,290607.1131011,70293.63737657636,70293.63737657636,220313.47572452368,2772475774.879917
ŚWIĘCIAŃSKI,1937,baseline,2345113127.4203,2345055435.672815,69504.05130424451,11812.303819415047,11812.303819415047,57691.74748482946,2345043623.3689957
ŚWIĘTOCHŁOWICKI,1937,baseline,3092525977.5473933,3055160071.6679115,39157206.00322643,1791300.1237445232,1791300.1237445232,37365905.879481904,3053368771.544167
ŻNIŃSKI,1937,baseline,2930502230.1146703,2930203037.9720807,385667.37964054744,86475.23705082326,86475.23705082326,299192.14258972416,2930116562.7350297
ŻYDACZOWSKI,1937,baseline,2737632886.492707,2737438879.668238,246401.513670249,52394.689201744564,52394.689201744564,194006.82446850443,2737386484.9790363
ŻYWIECKI,1937,baseline,2843301220.1792307,2842969178.843578,435770.2455787736,103728.90992592061,103728.90992592061,332041.335652853,2842865449.933652
ŻÓŁKIEWSKI,1937,baseline,2789585262.1812963,2789373205.1729403,316362.00924846315,104305.00089193646,104305.00089193646,212057.00835652667,2789268900.172048
AUGUSTOWSKI,1938,baseline,2670340158.399379,2670255231.7207227,103105.32798670982,18178.6493303797,18178.6493303797,84926.67865633011,2670237053.071392
BARANOWICKI,1938,baseline,2934941823.7556357,2934871487.512189,94754.76505244605,24418.521605362002,24418.521605362002,70336.24344708404,2934847068.9905834
BIALSKI (BIAŁA KRAKOWSKA),1938,baseline,3061344685.6510158,3060236314.952135,1294149.665439974,185778.9665596307,185778.9665596307,1108370.6988803435,3060050535.9855757
BIALSKI (BIAŁA PODLASKA),1938,baseline,2987268538.3568034,2987109234.592109,201920.38427532528,42616.61958124017,42616.61958124017,159303.7646940851,2987066617.972528
BIAŁOSTOCKI,1938,baseline,2934160981.3236756,2933943064.228986,257335.36994992563,39418.27525978699,39418.27525978699,217917.09469013865,2933903645.953726
BIELSKI (BIELSK PODLASKI),1938,baseline,2928375746.736681,2928308059.0975757,102355.9553651198,34668.316259707026,34668.316259707026,67687.63910541277,2928273390.781316
BIELSKO,1938,baseline,3051979247.5193787,3048618028.6222334,3538708.353326881,177489.456181716,177489.456181716,3361218.8971451647,3048440539.166052
BIŁGORAJSKI,1938,baseline,2867583164.269334,2867450884.152296,167262.54232302253,34982.42528531185,34982.42528531185,132280.11703771068,2867415901.7270107
BOCHEŃSKI,1938,baseline,3011803629.295796,3011544295.666485,393511.11719253566,134177.48788170883,134177.48788170883,259333.62931082686,3011410118.178603
BORSZCZOWSKI,1938,baseline,2697895142.9558105,2697693831.1883616,210567.4887858027,9255.721336825032,9255.721336825032,201311.76744897768,2697684575.467025
BRASŁAWSKI,1938,baseline,2415202178.833655,2415142823.975508,63618.24735240815,4263.389205711031,4263.389205711031,59354.85814669712,2415138560.5863023
BRODNICKI,1938,baseline,2954771682.1494308,2954424084.7248006,416943.5450529618,69346.12042264272,69346.12042264272,347597.42463031906,2954354738.6043777
BRODZKI,1938,baseline,3028752982.4946127,3028570438.529662,206949.7109472449,24405.745996269023,24405.745996269023,182543.96495097587,3028546032.7836657
BRZESKI (BRZESKO),1938,baseline,2932935969.3626685,2932706718.033919,318686.48301861936,89435.1542687791,89435.1542687791,229251.32874984024,2932617282.87965
BRZESKI (BRZEŚĆ N.BUG.),1938,baseline,3019432838.917889,3019364129.5917497,108709.42225602924,40000.096116388086,40000.096116388086,68709.32613964115,3019324129.495633
BRZEZIŃSKI,1938,baseline,3054907980.051466,3054308257.104526,922402.8417310533,322679.8947912049,322679.8947912049,599722.9469398485,3053985577.209735
BRZEŻAŃSKI,1938,baseline,2833654443.753856,2833461102.9804916,242495.23760376705,49154.46423930654,49154.46423930654,193340.7733644605,2833411948.5162525
BRZOZOWSKI,1938,baseline,2853671705.845457,2853310526.35976,386390.7859922949,25211.300295103592,25211.300295103592,361179.4856971913,2853285315.059465
BUCZACKI,1938,baseline,2799289753.0873704,2799078177.0974865,246395.0150205226,34819.0251363237,34819.0251363237,211575.9898841989,2799043358.07235
BYDGOSKI,1938,baseline,3054052909.773187,3053540045.1959763,585298.9700992587,72434.39288856676,72434.39288856676,512864.577210692,3053467610.8030877
BÓBRECKI,1938,baseline,2875810398.281985,2875583678.0230155,272570.2192767167,45849.96030760411,45849.96030760411,226720.25896911262,2875537828.062708
BĘDZIŃSKI,1938,baseline,3160674255.319021,3158967405.1164536,1890287.2664127606,183437.06384514694,183437.06384514694,1706850.2025676137,3158783968.0526085
BŁOŃSKI,1938,baseline,3039984833.5580163,3039213161.3641734,1423879.597920096,652207.4040771432,652207.4040771432,771672.1938429527,3038560953.9600964
CHEŁMIŃSKI,1938,baseline,2973192403.321984,2972776432.4962106,483511.1035238344,67540.27775060211,67540.27775060211,415970.82577323227,2972708892.21846
CHEŁMSKI,1938,baseline,3012198781.392381,3012041142.289806,205237.48548946605,47598.3829139514,47598.3829139514,157639.10257551467,3011993543.906892
CHODZIESKI,1938,baseline,3085790435.6020226,3085495148.158611,343413.4791727651,48126.03576067673,48126.03576067673,295287.4434120884,3085447022.12285
CHOJNICKI,1938,baseline,2880832655.582736,2880673619.817218,198877.8925120773,39842.126993511156,39842.126993511156,159035.76551856613,2880633777.690224
CHORZÓW,1938,baseline,3316551291.129775,3247317776.4462233,75014940.59866513,5781425.915113395,5781425.915113395,69233514.68355174,3241536350.53111
CHRZANOWSKI,1938,baseline,3122738631.72127,3121427053.073292,1507234.0089299642,195655.36095137263,195655.36095137263,1311578.6479785915,3121231397.7123404
CIECHANOWSKI,1938,baseline,2902477932.1924706,2902235224.852064,328461.7362645178,85754.39585813777,85754.39585813777,242707.34040638007,2902149470.456206
CIESZYŃSKI,1938,baseline,2981176926.2361603,2980255111.645888,1041820.7961175973,120006.20584542037,120006.20584542037,921814.5902721769,2980135105.4400425
CZARNKOWSKI,1938,baseline,3065746935.2706647,3065500875.652261,277105.25747052,31045.639066560845,31045.639066560845,246059.61840395915,3065469830.013194
CZORTKOWSKI,1938,baseline,2821779026.1790485,2821456026.0370083,373302.81349264854,50302.67145242306,50302.67145242306,323000.1420402255,2821405723.365556
CZĘSTOCHOWSKI,1938,baseline,3002539945.41184,3001900969.2541747,713522.5557497855,74546.39808442409,74546.39808442409,638976.1576653614,3001826422.85609
DOBROMILSKI,1938,baseline,2878764264.821104,2878577248.359213,223568.80149808235,36552.339606818176,36552.339606818176,187016.46189126416,2878540696.019606
DOLIŃSKI,1938,baseline,2835824465.732528,2835712412.833847,142356.12920978467,30303.23052893803,30303.23052893803,112052.89868084666,2835682109.603318
DROHICKI,1938,baseline,2820746068.173361,2820679591.0310774,84024.83415817097,17547.69187465445,17547.69187465445,66477.14228351651,2820662043.339203
DROHOBYCKI,1938,baseline,2886303522.6315084,2885856020.16433,497610.45474614605,50107.98756791624,50107.98756791624,447502.4671782298,2885805912.176762
DUBIEŃSKI,1938,baseline,3056384035.2829075,3056287239.8938823,118899.20200672437,22103.81298138925,22103.81298138925,96795.38902533513,3056265136.0809007
DZIAŁDOWSKI,1938,baseline,2882255426.744553,2882043671.5209293,246728.36922036458,34973.14559632269,34973.14559632269,211755.2236240419,2882008698.375333
DZIŚNIEŃSKI,1938,baseline,2442126263.8177867,2442072683.4376993,60117.14401716014,6536.763929982252,6536.763929982252,53580.38008717789,2442066146.6737695
DĄBROWSKI,1938,baseline,2920516700.8274794,2920313335.708293,280960.9200689594,77595.80088222104,77595.80088222104,203365.1191867384,2920235739.9074106
GARWOLIŃSKI,1938,baseline,2971432569.5761213,2971265945.7443266,294863.067017953,128239.23522322721,128239.23522322721,166623.83179472582,2971137706.5091033
GNIEŹNIEŃSKI,1938,baseline,3221996122.6150784,3221693943.04146,403137.54826942325,100957.9746510277,100957.9746510277,302179.57361839555,3221592985.066809
GORLICKI,1938,baseline,2901493223.7287855,2901246973.163239,300439.6193980235,54189.05385177965,54189.05385177965,246250.5655462439,2901192784.1093874
GOSTYNIŃSKI,1938,baseline,3017734500.758941,3017509423.7336574,332306.65055116493,107229.62526730684,107229.62526730684,225077.0252838581,3017402194.10839
GOSTYŃSKI,1938,baseline,3247137530.6649165,3246761826.764407,453313.6569229885,77609.75641343211,77609.75641343211,375703.90050955635,3246684217.0079937
GRODZIEŃSKI,1938,baseline,2793090520.389964,2793012603.816089,98080.67374158738,20164.09986701925,20164.09986701925,77916.57387456813,2792992439.7162223
GRUDZIĄDZKI,1938,baseline,2947921012.0153637,2947147881.4375997,851550.7983649961,78420.22060108974,78420.22060108974,773130.5777639063,2947069461.2169986
GRÓDECKI,1938,baseline,2936819796.3584404,2936638798.957502,326965.90319422085,145968.50225599238,145968.50225599238,180997.4009382285,2936492830.455246
GRÓJECKI,1938,baseline,2970337620.656671,2970104369.6976113,500388.64253142854,267137.6834716077,267137.6834716077,233250.95905982086,2969837232.0141397
HOROCHOWSKI,1938,baseline,2954419232.2102346,2954294808.269718,143193.7466368541,18769.806120357553,18769.806120357553,124423.94051649654,2954276038.463598
HORODEŃSKI,1938,baseline,2759689251.541136,2759457597.733909,252745.01850135927,21091.21127467569,21091.21127467569,231653.80722668357,2759436506.5226345
HRUBIESZOWSKI,1938,baseline,2921081298.442202,2920873266.0563407,245278.46362119538,37246.07775967592,37246.07775967592,208032.38586151946,2920836019.978581
INOWROCŁAWSKI,1938,baseline,3119413976.4840994,3119073535.037357,423306.73276937427,82865.28602709838,82865.28602709838,340441.4467422759,3118990669.75133
IWACEWICKI,1938,baseline,2844410327.992838,2844359301.427763,66062.10594539458,15035.540870623006,15035.540870623006,51026.56507477157,2844344265.8868923
IŁŻECKI,1938,baseline,2938360502.38326,2938144214.76528,273832.6624977438,57545.0445174905,57545.0445174905,216287.61798025327,2938086669.7207623
JANOWSKI,1938,baseline,2920340277.2017307,2920162766.026179,223337.11357204794,45825.93802028245,45825.93802028245,177511.17555176548,2920116940.0881586
JAROCIŃSKI,1938,baseline,3190013681.5906386,3189740095.0300937,343973.6092357894,70387.04869095936,70387.04869095936,273586.56054483005,3189669707.981403
JAROSŁAWSKI,1938,baseline,2944280957.7873697,2944085547.7509794,248101.2318283524,52691.19543793651,52691.19543793651,195410.0363904159,2944032856.5555415
JASIELSKI,1938,baseline,2900591798.7232122,2900382247.2252817,287031.985510889,77480.48758022647,77480.48758022647,209551.4979306625,2900304766.7377014
JAWOROWSKI,1938,baseline,2873108750.19712,2872938679.0189033,217901.28681562992,47830.10859868098,47830.10859868098,170071.17821694893,2872890848.9103045
JĘDRZEJOWSKI,1938,baseline,2995215769.603016,2995047638.5470243,249193.24795257102,81062.19196103424,81062.19196103424,168131.0559915368,2994966576.3550634
KALISKI,1938,baseline,3095299231.190162,3094955619.431557,381736.32924435835,38124.57063930985,38124.57063930985,343611.75860504847,3094917494.860918
KAMIONECKI,1938,baseline,2937652594.734146,2937490684.253593,224738.57181850093,62828.09126518212,62828.09126518212,161910.4805533188,2937427856.162328
KARTUSKI,1938,baseline,2728487704.113326,2728331367.739831,188297.12183755252,31960.74834228924,31960.74834228924,156336.37349526328,2728299406.9914885
KATOWICE,1938,baseline,3223561881.1167254,3207442629.075697,16935071.25276136,815819.2117327072,815819.2117327072,16119252.041028652,3206626809.863964
KAŁUSKI,1938,baseline,2809380058.221688,2809239787.5898843,170622.74480102336,30352.112997623975,30352.112997623975,140270.6318033994,2809209435.4768867
KIELECKI,1938,baseline,2996890886.6348553,2996628073.20283,328315.219773522,65501.78774784292,65501.78774784292,262813.4320256791,2996562571.415082
KOBRYŃSKI,1938,baseline,2876240577.0149,2876186496.637245,77754.89210583619,23674.514451124098,23674.514451124098,54080.377654712094,2876162822.122794
KOLBUSZOWSKI,1938,baseline,2869241412.1581225,2869060508.4481893,205481.8706280853,24578.160694755323,24578.160694755323,180903.70993332998,2869035930.2874947
KOLSKI,1938,baseline,3163458508.970583,3163230928.4697566,327004.71464062104,99424.2138141156,99424.2138141156,227580.50082650542,3163131504.2559423
KONECKI,1938,baseline,3008756679.6225033,3008513354.6163692,321029.1461300434,77704.1399960408,77704.1399960408,243325.0061340026,3008435650.476373
KONIŃSKI,1938,baseline,3163340151.0394044,3163192556.038808,196041.50792277508,48446.507325904975,48446.507325904975,147595.00059687012,3163144109.5314817
KOPYCZYNIECKI,1938,baseline,2827625900.8830376,2827422240.069551,251204.35362035263,47543.540134004994,47543.540134004994,203660.81348634764,2827374696.529417
KOSOWSKI (KOSÓW HUCULSKI),1938,baseline,2668545756.8687196,2668476835.0799427,82324.61468830617,13402.82591168531,13402.82591168531,68921.78877662086,2668463432.254031
KOSTOPOLSKI,1938,baseline,3036636381.1226516,3036550812.8088923,105329.89219144697,19761.57843199365,19761.57843199365,85568.31375945332,3036531051.23046
KOSZYRSKI,1938,baseline,2704826847.1495557,2704780228.571021,53215.71737894119,6597.13884450509,6597.13884450509,46618.5785344361,2704773631.4321766
KOWELSKI,1938,baseline,3009316152.582989,3009272214.6465545,67562.10659066855,23624.170156035645,23624.170156035645,43937.9364346329,3009248590.4763985
KOZIENICKI,1938,baseline,2961319073.9585886,2961176179.6083407,197792.881905929,54898.53165823515,54898.53165823515,142894.35024769386,2961121281.0766826
KOŁOMYJSKI,1938,baseline,2800519110.0227833,2800337351.0411634,216717.41237683798,34958.43075688575,34958.43075688575,181758.98161995225,2800302392.6104064
KOŚCIAŃSKI,1938,baseline,3329163399.3797684,3328821622.4055862,459991.3271587397,118214.35297668602,118214.35297668602,341776.97418205364,3328703408.0526094
KOŚCIERSKI,1938,baseline,2793909845.7463536,2793726967.8556128,215865.09401076206,32987.20326973259,32987.20326973259,182877.89074102946,2793693980.652343
KRAKOWSKI,1938,baseline,3060473822.0907516,3060061191.0123506,4620629.848214956,4207998.769814247,4207998.769814247,412631.0784007092,3055853192.2425365
KRAKÓW (MIASTO),1938,baseline,3150821324.629707,3057678199.300219,94129275.01601258,986149.6865247119,986149.6865247119,93143125.32948786,3056692049.613694
KRASNOSTAWSKI,1938,baseline,2952745301.547808,2952534167.035676,260864.42004053865,49729.90790824186,49729.90790824186,211134.51213229678,2952484437.1277676
KROTOSZYŃSKI,1938,baseline,3187997539.89127,3187701438.519417,360082.9829991027,63981.611145880495,63981.611145880495,296101.3718532222,3187637456.908271
KROŚNIEŃSKI,1938,baseline,2891315436.3373775,2890836438.7463455,526923.8391922307,47926.24816017951,47926.24816017951,478997.5910320512,2890788512.498185
KRZEMIENIECKI,1938,baseline,2957534210.374564,2957430990.197738,120245.0954503018,17024.918624342172,17024.918624342172,103220.17682595963,2957413965.279114
KUTNOWSKI,1938,baseline,3113690337.403499,3113135233.645002,732686.715779836,177582.95728240843,177582.95728240843,555103.7584974276,3112957650.6877193
KĘPIŃSKI,1938,baseline,3139080455.7759075,3138849825.0279903,265239.4707527284,34608.722835639615,34608.722835639615,230630.74791708877,3138815216.305155
LESKI,1938,baseline,2755955581.76541,2755813789.491976,157272.95580699114,15480.682372970143,15480.682372970143,141792.27343402102,2755798308.8096027
LESZCZYŃSKI,1938,baseline,3338566822.53036,3338182379.3687863,469794.92274935945,85351.76117574649,85351.76117574649,384443.16157361295,3338097027.6076107
LIDZKI,1938,baseline,2795701324.202105,2795633493.8371925,84492.3424486955,16661.977535978393,16661.977535978393,67830.36491271711,2795616831.8596563
LIMANOWSKI,1938,baseline,2910226284.96532,2910053587.117413,220620.77269138556,47922.92478427481,47922.92478427481,172697.84790711076,2910005664.192629
LIPNOWSKI,1938,baseline,3005170108.0299625,3005012112.0170164,210059.71718852065,52063.704242172025,52063.704242172025,157996.0129463486,3004960048.312774
LUBACZOWSKI,1938,baseline,2823311839.500217,2823156115.075136,174979.56227632563,19255.13719580628,19255.13719580628,155724.42508051934,2823136859.9379406
LUBARTOWSKI,1938,baseline,2942906401.4688377,2942745293.5289445,257688.07662958096,96580.1367364878,96580.1367364878,161107.93989309316,2942648713.392208
LUBAWSKI,1938,baseline,2869328032.0933113,2869045566.094424,308854.82656410005,26388.82767686785,26388.82767686785,282465.9988872322,2869019177.266747
LUBELSKI,1938,baseline,2988926706.3387146,2988518788.0256395,473737.0368653139,65818.72379031006,65818.72379031006,407918.3130750038,2988452969.3018494
LUBLINIECKI,1938,baseline,3182399761.36636,3182005170.689873,519658.3769891282,125067.70050221396,125067.70050221396,394590.6764869142,3181880102.989371
LUBOMELSKI,1938,baseline,2963236881.7424026,2963183531.897085,80762.58768581992,27412.742368258834,27412.742368258834,53349.84531756108,2963156119.154717
LWOWSKI,1938,baseline,2991630682.368925,2991435551.874787,3697648.544443874,3502518.0503058457,3502518.0503058457,195130.49413802865,2987933033.824481
LWÓW (MIASTO),1938,baseline,3053055078.8149185,3009891357.9492927,43995902.94596399,832182.0803382206,832182.0803382206,43163720.86562578,3009059175.8689547
M. ST. WARSZAWA,1938,baseline,3202327109.307049,3042857472.684744,161839139.93437555,2369503.312070673,2369503.312070673,159469636.6223049,3040487969.372673
MAKOWSKI (MAKÓW MAZOWIECKI),1938,baseline,2773334192.6405683,2773171200.677746,190064.03774154908,27072.074919106704,27072.074919106704,162991.96282244238,2773144128.6028266
MIECHOWSKI,1938,baseline,3000392168.4365892,3000178962.4983315,280818.05691162834,67612.11865394165,67612.11865394165,213205.9382576867,3000111350.379678
MIELECKI,1938,baseline,2919057814.5429616,2918871251.249433,235959.8364001516,49396.542871620404,49396.542871620404,186563.29352853118,2918821854.7065616
MIĘDZYCHODZKI,1938,baseline,3325958817.3993344,3325725141.2229657,266835.892407293,33159.71603854268,33159.71603854268,233676.17636875034,3325691981.506927
MIŃSKI,1938,baseline,2992246722.4170456,2991945117.864561,642656.0305193751,341051.47803512117,341051.47803512117,301604.5524842539,2991604066.386526
MOGILEŃSKI,1938,baseline,3120588741.9965634,3120379253.8686314,276931.7462392432,67443.61830711224,67443.61830711224,209488.12793213097,3120311810.2503242
MORSKI,1938,baseline,2641308648.556674,2640820588.5029955,500623.5993254807,12563.54564723973,12563.54564723973,488060.053678241,2640808024.9573483
MOŁODECZAŃSKI,1938,baseline,2618980117.3497157,2618884314.9621315,112063.3945729014,16261.006988435145,16261.006988435145,95802.38758446625,2618868053.955143
MOŚCISKI,1938,baseline,2905276696.7427635,2905051392.7094026,267712.9015532534,42408.86819208471,42408.86819208471,225304.0333611687,2905008983.8412104
MYŚLENICKI,1938,baseline,2920393112.2671385,2920173334.359849,270023.7654878403,50245.85819822775,50245.85819822775,219777.9072896125,2920123088.501651
MŁAWSKI,1938,baseline,2878244422.4315333,2878061424.1235867,234373.5045471899,51375.19660061984,51375.19660061984,182998.30794657004,2878010048.926986
NADWÓRNIAŃSKI,1938,baseline,2748476409.5394177,2748363146.6906757,138456.83397715905,25193.98523539886,25193.98523539886,113262.84874176019,2748337952.7054405
NIESZAWSKI,1938,baseline,3073425484.767956,3073200061.265006,302690.5860750895,77267.08312567846,77267.08312567846,225423.50294941105,3073122794.1818805
NIEŚWIESKI,1938,baseline,2815159376.183763,2815030542.3329024,144008.6219881115,15174.771127502278,15174.771127502278,128833.85086060922,2815015367.5617747
NIŻAŃSKI,1938,baseline,2919869982.4683013,2919693245.0527043,216382.51289595032,39645.097298986104,39645.097298986104,176737.41559696422,2919653599.955405
NOWOGRÓDZKI,1938,baseline,2782800340.035547,2782724851.3607144,91967.15889987475,16478.48406722736,16478.48406722736,75488.67483264739,2782708372.876647
NOWOSĄDECKI,1938,baseline,2901248458.2514586,2901036235.3595443,255596.87056264575,43373.97864836541,43373.97864836541,212222.89191428034,2900992861.380896
NOWOTARSKI,1938,baseline,2913998552.4380107,2913799939.7026963,241681.4702217665,43068.734907788945,43068.734907788945,198612.73531397755,2913756870.9677887
NOWOTOMYSKI,1938,baseline,3420850571.3667364,3420565331.094762,330613.08689191326,45372.814917363045,45372.814917363045,285240.2719745502,3420519958.2798443
OBORNICKI,1938,baseline,3226403106.428427,3226188690.215557,358013.48088617634,143597.2680157728,143597.2680157728,214416.21287040354,3226045092.947541
OLKUSKI,1938,baseline,3059478991.401634,3059190839.2747107,383562.895847047,95410.76892321798,95410.76892321798,288152.126923829,3059095428.5057874
OPATOWSKI,1938,baseline,2950142353.1951294,2949865059.602504,333955.57422543503,56661.98159994758,56661.98159994758,277293.5926254875,2949808397.620904
OPOCZYŃSKI,1938,baseline,3005101084.869886,3004947764.0468445,265889.1224145701,112568.29937318622,112568.29937318622,153320.8230413839,3004835195.7474713
OSTROWSKI (OSTRÓW MAZOWIECKA),1938,baseline,2897173434.75823,2897050131.481971,183572.9578185631,60269.68155887669,60269.68155887669,123303.27625968642,2896989861.8004117
OSTROWSKI (OSTRÓW WIELKOPOLSKI),1938,baseline,3201751634.677735,3201495881.142724,312923.48946128075,57169.95445061907,57169.95445061907,255753.5350106617,3201438711.1882734
OSTROŁĘCKI,1938,baseline,2840194339.697247,2840116862.7597947,123578.85584358222,46101.91839103655,46101.91839103655,77476.93745254567,2840070760.8414035
OSZMIAŃSKI,1938,baseline,2492489442.754228,2492420893.0527067,74283.38174370838,5733.680222439986,5733.680222439986,68549.70152126839,2492415159.372484
PIOTRKOWSKI,1938,baseline,3000048047.2803164,2999800663.0472083,352986.2465185215,105602.01341047163,105602.01341047163,247384.23310804987,2999695061.0337977
PIŃCZOWSKI,1938,baseline,2917433795.0532217,2917228392.6709623,247784.89560091033,42382.51334131475,42382.51334131475,205402.3822595956,2917186010.157621
PIŃSKI,1938,baseline,2846647188.46163,2846592384.5556917,67745.16295421915,12941.257016369485,12941.257016369485,54803.90593784966,2846579443.2986755
PODHAJECKI,1938,baseline,2807717852.6670136,2807566689.894447,195585.65370706978,44422.88114010082,44422.88114010082,151162.77256696895,2807522267.0133066
POSTAWSKI,1938,baseline,2459052993.9984283,2459012177.510388,50570.55540789719,9754.067367494707,9754.067367494707,40816.48804040248,2459002423.4430203
POZNAŃ (MIASTO),1938,baseline,3416215009.2127585,3359379811.118024,58305811.73142943,1470613.6366947643,1470613.6366947643,56835198.09473466,3357909197.481329
POZNAŃSKI,1938,baseline,3344893090.8082743,3344615010.874859,6252279.607153857,5974199.673738702,5974199.673738702,278079.9334151549,3338640811.2011204
PRUŻAŃSKI,1938,baseline,2876724993.2598863,2876656256.1552243,86217.99841051546,17480.893748871396,17480.893748871396,68737.10466164406,2876638775.2614756
PRZASNYCKI,1938,baseline,2744092720.248372,2743941274.2930927,173565.6782484256,22119.72296921846,22119.72296921846,151445.95527920715,2743919154.5701237
PRZEMYSKI,1938,baseline,2950261013.9399276,2949896446.346903,419589.32362827996,55021.730603466494,55021.730603466494,364567.59302481345,2949841424.616299
PRZEMYŚLAŃSKI,1938,baseline,2895032960.624961,2894829384.0320797,250222.02069376124,46645.42781253981,46645.42781253981,203576.59288122144,2894782738.604267
PRZEWORSKI,1938,baseline,2933546099.8912444,2933060469.954709,544426.5105348978,58796.57399956977,58796.57399956977,485629.936535328,2933001673.3807096
PSZCZYŃSKI,1938,baseline,3155826129.187381,3155121714.0018573,1015468.5353348565,311053.34981165914,311053.34981165914,704415.1855231973,3154810660.6520457
PUŁAWSKI,1938,baseline,2938445190.322064,2938257578.4142823,235110.0590031425,47498.151221965665,47498.151221965665,187611.90778117682,2938210080.2630606
PUŁTUSKI,1938,baseline,2898296161.5604053,2898088800.402934,302312.1425662671,94950.98509499808,94950.98509499808,207361.15747126902,2897993849.417839
PŁOCKI,1938,baseline,2966282693.41786,2965948922.7852817,399085.62463160034,65314.99205300547,65314.99205300547,333770.63257859484,2965883607.7932286
PŁOŃSKI,1938,baseline,2951258188.5158553,2951059397.7354813,288230.3403868728,89439.56001294235,89439.56001294235,198790.78037393047,2950969958.1754684
RADOMSKI,1938,baseline,2999714607.2040515,2999435434.987252,360972.99498050543,81800.77818106282,81800.77818106282,279172.2167994426,2999353634.209071
RADOMSZCZAŃSKI,1938,baseline,2982532859.8439946,2982359269.1425066,272883.5715624487,99292.87007416596,99292.87007416596,173590.70148828274,2982259976.2724323
RADZIECHOWSKI,1938,baseline,2926543484.315811,2926395865.969018,169046.24329797347,21427.896504807388,21427.896504807388,147618.34679316607,2926374438.072513
RADZYMIŃSKI,1938,baseline,2997848063.928336,2997542102.8249526,931693.6368460471,625732.5334623862,625732.5334623862,305961.1033836609,2996916370.29149
RADZYŃSKI,1938,baseline,2936640827.6876445,2936464685.5138545,228654.1054331425,52511.93164305735,52511.93164305735,176142.17379008516,2936412173.5822115
RAWICKI,1938,baseline,3248961490.290694,3248447642.946468,578851.1647625862,65003.82053635353,65003.82053635353,513847.34422623273,3248382639.1259317
RAWSKI (RAWA MAZOWIECKA),1938,baseline,2961762842.278522,2961575606.9634733,288518.0762993918,101282.76125050389,101282.76125050389,187235.3150488879,2961474324.202223
RAWSKI (RAWA RUSKA),1938,baseline,2913796878.2641463,2913658982.7599835,176407.04727495706,38511.543112474654,38511.543112474654,137895.5041624824,2913620471.2168713
ROHATYŃSKI,1938,baseline,2827159632.685029,2826987769.304204,212064.26647008315,40200.88564484265,40200.88564484265,171863.3808252405,2826947568.418559
ROPCZYCKI,1938,baseline,2956541730.2679725,2956358469.041124,246231.4853628178,62970.25851452141,62970.25851452141,183261.22684829638,2956295498.7826095
RUDECKI,1938,baseline,2934216620.9638376,2933964679.746929,310211.1817445719,58269.964836287836,58269.964836287836,251941.21690828406,2933906409.782093
RYBNICKI,1938,baseline,3048604621.799601,3047346492.697401,1375007.215600497,116878.11340028791,116878.11340028791,1258129.1022002092,3047229614.5840006
RYPIŃSKI,1938,baseline,2952987415.5391593,2952789805.8189783,266850.11088799697,69240.39070678098,69240.39070678098,197609.72018121596,2952720565.4282713
RZESZOWSKI,1938,baseline,2930779479.5656347,2930501124.8133736,319188.03444009606,40833.28217873174,40833.28217873174,278354.7522613643,2930460291.5311947
RÓWIEŃSKI,1938,baseline,3111507949.7559223,3111366220.6934047,164217.65189771942,22488.589380447862,22488.589380447862,141729.06251727155,3111343732.1040244
SAMBORSKI,1938,baseline,2934159235.981788,2933954386.969992,282340.72110614926,77491.70931013397,77491.70931013397,204849.01179601531,2933876895.260682
SANDOMIERSKI,1938,baseline,2847881651.865241,2847674989.4917836,230216.34288030502,23553.969422947775,23553.969422947775,206662.37345735726,2847651435.522361
SANOCKI,1938,baseline,2831554565.725619,2831325886.709646,252986.03907137818,24307.02309905498,24307.02309905498,228679.0159723232,2831301579.6865473
SARNEŃSKI,1938,baseline,2990926181.480833,2990880247.1079855,61535.035857643714,15600.663010158923,15600.663010158923,45934.37284748479,2990864646.4449754
SIEDLECKI,1938,baseline,2977634696.538693,2977486034.0473046,233182.74580879556,84520.25442017576,84520.25442017576,148662.49138861982,2977401513.7928843
SIERADZKI,1938,baseline,3154723162.6247535,3154490327.662163,364763.27543423994,131928.31284354808,131928.31284354808,232834.96259069187,3154358399.3493195
SIERPECKI,1938,baseline,2963999463.0817175,2963783474.1297045,275412.06283198897,59423.11081903112,59423.11081903112,215988.95201295786,2963724051.0188856
SKAŁACKI,1938,baseline,2824106105.692327,2823896001.795332,227579.86616863377,17475.969173238493,17475.969173238493,210103.89699539528,2823878525.8261585
SKIERNIEWICKI,1938,baseline,3061459087.272257,3061139674.7765045,573284.2618751664,253871.76612270964,253871.76612270964,319412.4957524568,3060885803.0103817
SOCHACZEWSKI,1938,baseline,3016173259.2672253,3015760036.536303,563244.9278775061,150022.19695530678,150022.19695530678,413222.7309221994,3015610014.339348
SOKALSKI,1938,baseline,2905257897.208645,2905079799.778419,207556.8100752764,29459.379849407294,29459.379849407294,178097.4302258691,2905050340.3985696
SOKOŁOWSKI,1938,baseline,2927487048.9439497,2927317795.2834063,247422.21030728825,78168.54976378783,78168.54976378783,169253.66054350042,2927239626.7336426
SOKÓLSKI,1938,baseline,2850333385.521237,2850262959.2964373,108755.34516100147,38329.120361104666,38329.120361104666,70426.22479989681,2850224630.176076
STANISŁAWOWSKI,1938,baseline,2825517486.8396664,2825270656.5354567,293114.1965439485,46283.89233469205,46283.89233469205,246830.30420925646,2825224372.643122
STAROGARDZKI,1938,baseline,2834358146.0921755,2834055456.5201983,337159.10857608035,34469.53659896684,34469.53659896684,302689.5719771135,2834020986.983599
STOLIŃSKI,1938,baseline,2869624885.579066,2869588437.5422354,48710.05954283735,12262.02271212964,12262.02271212964,36448.03683070771,2869576175.519523
STOPNICKI,1938,baseline,2825086904.2343287,2824936823.399835,172102.1493821276,22021.314888353652,22021.314888353652,150080.83449377393,2824914802.0849466
STOŁPECKI,1938,baseline,2898720149.392264,2898644441.087518,84665.22363337196,8956.918887647596,8956.918887647596,75708.30474572437,2898635484.1686306
STRYJSKI,1938,baseline,2838593891.2315803,2838472174.8654766,175114.05909293215,53397.692989565134,53397.692989565134,121716.366103367,2838418777.1724873
SUWALSKI,1938,baseline,2619647197.0428867,2619547221.5497155,113432.15180582841,13456.658634830046,13456.658634830046,99975.49317099836,2619533764.891081
SZAMOTULSKI,1938,baseline,3253511877.8796144,3253248693.123287,329475.4762972341,66290.7199704044,66290.7199704044,263184.7563268297,3253182402.403317
SZCZUCZYŃSKI (WOJ. BIAŁOSTOCKIE),1938,baseline,2782465401.104258,2782347018.5860047,135450.35970645928,17067.841452839228,17067.841452839228,118382.51825362004,2782329950.7445517
SZCZUCZYŃSKI (WOJ. NOWOGRÓDZKIE),1938,baseline,2744660727.604115,2744588199.848075,88523.27195300184,15995.51591308059,15995.51591308059,72527.75603992125,2744572204.332162
SZUBIŃSKI,1938,baseline,3097772287.0326304,3097563904.492702,308735.59989507275,100353.05996639484,100353.05996639484,208382.5399286779,3097463551.4327354
SĘPOLEŃSKI,1938,baseline,2972601583.074733,2972146685.74843,510005.7398977694,55108.41359451207,55108.41359451207,454897.3263032573,2972091577.334835
SŁONIMSKI,1938,baseline,2870415259.14949,2870346332.740583,88319.29026249802,19392.88135556912,19392.88135556912,68926.4089069289,2870326939.859227
TARNOBRZESKI,1938,baseline,2955440660.02368,2955227379.0682554,262168.27694821265,48887.32152311493,48887.32152311493,213280.95542509772,2955178491.746732
TARNOGÓRSKI,1938,baseline,3237164896.404907,3234987183.893102,2791078.162917333,613365.6511119421,613365.6511119421,2177712.511805391,3234373818.24199
TARNOPOLSKI,1938,baseline,2930251806.609891,2930024219.8829145,268904.40775139915,41317.68077517887,41317.68077517887,227586.72697622026,2929982902.2021394
TARNOWSKI,1938,baseline,2972314336.162955,2971875381.2708964,535419.3143627887,96464.42230485652,96464.42230485652,438954.89205793216,2971778916.848592
TCZEWSKI,1938,baseline,2797877899.710103,2797240154.854444,660796.5073444053,23051.65168501086,23051.65168501086,637744.8556593944,2797217103.202759
TOMASZOWSKI,1938,baseline,2848431352.7354593,2848257746.8719616,196271.22921863644,22665.36572067001,22665.36572067001,173605.86349796643,2848235081.506241
TORUŃSKI,1938,baseline,3061336576.408763,3060700653.3433294,721531.942931445,85608.87749837525,85608.87749837525,635923.0654330697,3060615044.4658313
TREMBOWELSKI,1938,baseline,2878416109.766558,2878198117.684561,260963.2932028479,42971.211205582826,42971.211205582826,217992.08199726508,2878155146.4733553
TUCHOLSKI,1938,baseline,2922467436.1298294,2922256760.9068704,270091.8929889247,59416.67003025169,59416.67003025169,210675.222958673,2922197344.2368402
TURCZAŃSKI,1938,baseline,2821367898.259509,2821266707.1463213,125931.54590813805,24740.432720377703,24740.432720377703,101191.11318776035,2821241966.713601
TURECKI,1938,baseline,2955376619.067203,2955212660.9614744,186383.8280206799,22425.722291762646,22425.722291762646,163958.10572891726,2955190235.2391825
TŁUMACKI,1938,baseline,2807777788.819125,2807558215.6580744,267704.33725465287,48131.176203739225,48131.176203739225,219573.16105091362,2807510084.4818707
WADOWICKI,1938,baseline,3024517437.496871,3024204311.9987984,457781.87935938744,144656.3812867756,144656.3812867756,313125.49807261187,3024059655.6175117
WARSZAWSKI,1938,baseline,3042534477.3213425,3041758234.819541,13721822.177675413,12945579.675873874,12945579.675873874,776242.5018015398,3028812655.143667
WIELUŃSKI,1938,baseline,3136777446.603121,3136633147.6457825,175770.62705859722,31471.669720313672,31471.669720313672,144298.95733828354,3136601675.9760623
WILEJSKI,1938,baseline,2569394490.7358103,2569343200.4949636,63760.20694967963,12469.966102941118,12469.966102941118,51290.24084673851,2569330730.5288606
WILEŃSKO-TROCKI,1938,baseline,2706424587.8465614,2706379070.709218,235877.01888968598,190359.88154672206,190359.88154672206,45517.13734296392,2706188710.8276715
WILNO (MIASTO),1938,baseline,2764711593.150648,2749888827.6015506,14951392.081144068,128626.5320464338,128626.5320464338,14822765.549097635,2749760201.0695043
WOLSZTYŃSKI,1938,baseline,3490649573.8995013,3490373236.170245,337724.04814950377,61386.31889345485,61386.31889345485,276337.7292560489,3490311849.8513517
WOŁKOWYSKI,1938,baseline,2867954850.878726,2867898144.6278243,80095.65440744189,23389.4035059978,23389.4035059978,56706.250901444095,2867874755.2243185
WOŁOŻYŃSKI,1938,baseline,2631186519.51649,2631108759.988925,86415.4487809377,8655.921215974617,8655.921215974617,77759.5275649631,2631100104.067709
WRZESIŃSKI,1938,baseline,3241193744.7439013,3240841852.8249664,455315.3056686361,103423.38673381062,103423.38673381062,351891.91893482546,3240738429.4382324
WYRZYSKI,1938,baseline,3030180419.72234,3029889891.880279,353572.0839270301,63044.24186595422,63044.24186595422,290527.84206107585,3029826847.638413
WYSOKOMAZOWIECKI,1938,baseline,2895813058.507308,2895692084.6084137,168093.62307781112,47119.72418371005,47119.72418371005,120973.89889410108,2895644964.88423
WĄBRZESKI,1938,baseline,2975150734.8052883,2974741979.392737,480270.4271919593,71515.01464048609,71515.01464048609,408755.4125514732,2974670464.3780966
WĄGROWIECKI,1938,baseline,3176963443.711672,3176737472.7763968,318757.65347042837,92786.71819549725,92786.71819549725,225970.9352749311,3176644686.0582013
WĘGROWSKI,1938,baseline,2887086066.399224,2886905093.102529,240220.36169173403,59247.06499706141,59247.06499706141,180973.2966946726,2886845846.037532
WŁOCŁAWSKI,1938,baseline,3059994017.733091,3059466455.722784,599351.6893683273,71789.67906150724,71789.67906150724,527562.01030682,3059394666.0437226
WŁODAWSKI,1938,baseline,2907569625.8324165,2907454732.3477173,138851.0501354202,23957.56543634828,23957.56543634828,114893.48469907191,2907430774.782281
WŁODZIMIERSKI,1938,baseline,2967463424.7637887,2967356820.3062153,139182.2698367349,32577.81226368011,32577.81226368011,106604.4575730548,2967324242.493952
WŁOSZCZOWSKI,1938,baseline,2917684842.102104,2917554077.504046,177849.76803149394,47085.1699733654,47085.1699733654,130764.59805812853,2917506992.3340726
ZALESZCZYCKI,1938,baseline,2762986070.684603,2762767746.813417,241186.04751307002,22862.17632656737,22862.17632656737,218323.87118650266,2762744884.63709
ZAMOJSKI,1938,baseline,2954060003.9074016,2953771444.6853704,337988.14706373634,49428.925032394436,49428.925032394436,288559.2220313419,2953722015.760338
ZBARASKI,1938,baseline,2923685789.383118,2923479258.037631,246646.27867718803,40114.9331898062,40114.9331898062,206531.34548738183,2923439143.104441
ZBOROWSKI,1938,baseline,2885494071.940798,2885333125.1452894,191180.67778221032,30233.882273873023,30233.882273873023,160946.7955083373,2885302891.2630157
ZDOŁBUNOWSKI,1938,baseline,3178013707.8649936,3177850616.2566547,181523.86031948787,18432.251981004232,18432.251981004232,163091.60833848364,3177832184.004674
ZŁOCZOWSKI,1938,baseline,2935576405.659571,2935406620.110896,207369.23403206543,37583.68535711841,37583.68535711841,169785.54867494703,2935369036.425539
ŁASKI,1938,baseline,3124404417.302798,3123909953.226273,651905.645875131,157441.5693501106,157441.5693501106,494464.0765250205,3123752511.656923
ŁAŃCUCKI,1938,baseline,2925352479.4177713,2925110366.649698,279301.9063781627,37189.13830448095,37189.13830448095,242112.7680736817,2925073177.511393
ŁOMŻYŃSKI,1938,baseline,2818192223.91763,2818087921.81091,134358.60936052047,30056.502640781804,30056.502640781804,104302.10671973866,2818057865.3082695
ŁOWICKI,1938,baseline,3084361902.153919,3084102585.73234,475478.9046205927,216162.48304121266,216162.48304121266,259316.42157938008,3083886423.2492986
ŁUCKI,1938,baseline,3056584312.7713027,3056506870.0250483,97711.95607408477,20269.209819817213,20269.209819817213,77442.74625426755,3056486600.8152285
ŁUKOWSKI,1938,baseline,2977167690.7345095,2977022426.928653,211498.7035407647,66234.89768389025,66234.89768389025,145263.80585687445,2976956192.0309687
ŁUNINIECKI,1938,baseline,2868789693.648412,2868742653.6089697,60023.43018756456,12983.390745116589,12983.390745116589,47040.039442447975,2868729670.2182245
ŁÓDZKI,1938,baseline,3102340520.3696337,3101635003.646389,2014032.1035720485,1308515.3803274538,1308515.3803274538,705516.7232445946,3100326488.266062
ŁÓDŹ (MIASTO),1938,baseline,3291840948.183863,3078296536.0300713,213811739.6612062,267327.5074142509,267327.5074142509,213544412.15379193,3078029208.522657
ŁĘCZYCKI,1938,baseline,3107022822.693273,3106752924.6925435,511521.2844903065,241623.2837603629,241623.2837603629,269898.0007299436,3106511301.408783
ŚNIATYŃSKI,1938,baseline,2758871559.8162575,2758516409.7229757,372758.7654045545,17608.672123186025,17608.672123186025,355150.0932813685,2758498801.050853
ŚREDZKI,1938,baseline,3243448970.3883605,3243134300.786124,449235.7222167495,134566.11998011242,134566.11998011242,314669.6022366371,3242999734.666144
ŚREMSKI,1938,baseline,3196310113.2998614,3196032631.2096496,346411.81237768964,68929.72216557126,68929.72216557126,277482.09021211835,3195963701.487484
ŚWIECKI,1938,baseline,2953447089.703161,2953190186.1379323,336404.81540705106,79501.25017880366,79501.25017880366,256903.5652282474,2953110684.8877535
ŚWIĘCIAŃSKI,1938,baseline,2557276669.8144894,2557227628.710151,60195.26478980736,11154.160451241964,11154.160451241964,49041.1043385654,2557216474.5497
ŚWIĘTOCHŁOWICKI,1938,baseline,3291191331.054946,3248216205.577611,45165894.68663093,2190769.2092956696,2190769.2092956696,42975125.47733526,3246025436.368315
ŻNIŃSKI,1938,baseline,3122647018.4257464,3122367136.727767,367529.9272714236,87648.22929174946,87648.22929174946,279881.69797967415,3122279488.498475
ŻYDACZOWSKI,1938,baseline,2879149650.8476524,2878977396.7548137,222641.3524579507,50387.25961938118,50387.25961938118,172254.09283856952,2878927009.4951944
ŻYWIECKI,1938,baseline,3016599873.4808874,3016257454.7137012,457202.59584433166,114783.82865806276,114783.82865806276,342418.7671862689,3016142670.885043
ŻÓŁKIEWSKI,1938,baseline,2937969241.1680202,2937769390.807665,307373.9394583412,107523.57910279612,107523.57910279612,199850.36035554513,2937661867.228562
