District,year,scenario,ma_total,ma_total_no_self,ma_domestic,ma_domestic_no_self,ma_domestic_inter,ma_domestic_self,ma_foreign
AUGUSTOWSKI,1924,fixed14,328298704.2312974,328298457.46997243,272.0316060113132,25.27028109500316,25.27028109500316,246.76132491631006,328298432.19969136
BARANOWICKI,1924,fixed14,329208600.1258457,329208379.6372426,256.10469881852066,35.61609575976333,35.61609575976333,220.48860305875735,329208344.02114683
BIALSKI (BIAŁA KRAKOWSKA),1924,fixed14,406496201.55751747,406491388.5601331,5003.279276288088,190.28189196490732,190.28189196490732,4812.997384323181,406491198.27824116
BIALSKI (BIAŁA PODLASKA),1924,fixed14,370351741.9207188,370351236.95251906,578.0578815575338,73.0896818324648,73.0896818324648,504.968199725069,370351163.86283726
BIAŁOSTOCKI,1924,fixed14,363077616.88899606,363076725.3390287,954.0588943806141,62.508927035717484,62.508927035717484,891.5499673448966,363076662.83010167
BIELSKI (BIELSK PODLASKI),1924,fixed14,359253000.9768784,359252803.24427724,252.64861855422708,54.916017420995345,54.916017420995345,197.73260113323175,359252748.3282598
BIELSKO,1924,fixed14,407474546.3871377,407454395.26446635,20330.08202401629,178.95935265990184,178.95935265990184,20151.12267135639,407454216.3051137
BIŁGORAJSKI,1924,fixed14,358351473.34767956,358351148.585716,375.97212758426696,51.21016401051701,51.21016401051701,324.76196357374994,358351097.375552
BOCHEŃSKI,1924,fixed14,399316614.83628565,399315743.5918714,1099.300019258224,228.05560502079945,228.05560502079945,871.2444142374246,399315515.5362664
BORSZCZOWSKI,1924,fixed14,325999010.0315484,325998488.44269586,533.921221624626,12.332369105561195,12.332369105561195,521.5888525190649,325998476.11032677
BRASŁAWSKI,1924,fixed14,295011827.9533553,295011658.2479089,179.1466703660752,9.441223926843854,9.441223926843854,169.70544643923134,295011648.806685
BRODNICKI,1924,fixed14,409570961.77992135,409569903.585843,1143.067665132508,84.87358681154026,84.87358681154026,1058.1940783209677,409569818.7122562
BRODZKI,1924,fixed14,349496567.3775212,349495956.6068257,662.3651271307508,51.59443163133695,51.59443163133695,610.7706954994138,349495905.0123941
BRZESKI (BRZESKO),1924,fixed14,372879218.2286181,372878204.1599195,1064.7033982330752,50.634699626122966,50.634699626122966,1014.0686986069521,372878153.52521986
BRZESKI (BRZEŚĆ N.BUG.),1924,fixed14,369087898.68718696,369087654.30721295,317.8486787253699,73.46870468572264,73.46870468572264,244.37997403964727,369087580.83850825
BRZEZIŃSKI,1924,fixed14,423285527.55791074,423283095.8432335,2881.784424822599,450.06974762775445,450.06974762775445,2431.714677194844,423282645.7734859
BRZEŻAŃSKI,1924,fixed14,356403888.85584056,356403340.96337104,600.8951473532021,53.00267782461954,53.00267782461954,547.8924695285825,356403287.96069324
BRZOZOWSKI,1924,fixed14,365762053.5025698,365760648.2353762,1442.764523081182,37.497329470406484,37.497329470406484,1405.2671936107756,365760610.7380467
BUCZACKI,1924,fixed14,349618575.98292184,349618070.2258264,551.4587968677765,45.70170140209817,45.70170140209817,505.75709546567833,349618024.524125
BYDGOSKI,1924,fixed14,434178212.4566122,434176029.15918183,2321.5916437014603,138.29421330319232,138.29421330319232,2183.297430398268,434175890.86496854
BÓBRECKI,1924,fixed14,354741591.85513455,354740597.5901405,1041.6235588490688,47.358564784224335,47.358564784224335,994.2649940648445,354740550.2315757
BĘDZIŃSKI,1924,fixed14,428725042.4591624,428722138.04086185,3039.065736686763,134.64743613367438,134.64743613367438,2904.4183005530886,428722003.3934257
BŁOŃSKI,1924,fixed14,410052371.51008904,410050067.24275964,2489.3980582282916,185.13072883731294,185.13072883731294,2304.267329390979,410049882.1120308
CHEŁMIŃSKI,1924,fixed14,410483050.60378796,410481777.6496313,1360.2712168413063,87.31706024090528,87.31706024090528,1272.9541566004011,410481690.3325711
CHEŁMSKI,1924,fixed14,370285700.2091141,370285075.6688502,703.7003686340544,79.16010472708714,79.16010472708714,624.5402639069672,370284996.50874543
CHODZIESKI,1924,fixed14,442543269.087847,442542261.6350369,1113.8308839019846,106.37807379480536,106.37807379480536,1007.4528101071793,442542155.2569631
CHOJNICKI,1924,fixed14,395748671.8973311,395748288.50840646,424.2698823580508,40.8809577308595,40.8809577308595,383.3889246271913,395748247.62744874
CHORZÓW,1924,fixed14,445198644.73617643,444840243.9260752,361671.315387954,3270.5052867574263,3270.5052867574263,358400.8101011966,444836973.42078847
CHRZANOWSKI,1924,fixed14,424331955.58658594,424328345.49121803,3971.070051285987,360.9746834072288,360.9746834072288,3610.095367878758,424327984.5165346
CIECHANOWSKI,1924,fixed14,393244735.0834585,393243387.099618,1538.3654079856829,190.38156751280258,190.38156751280258,1347.9838404728803,393243196.7180505
CIESZYŃSKI,1924,fixed14,402756008.44160265,402752202.59918416,3969.600510421445,163.75809191297824,163.75809191297824,3805.842418508467,402752038.8410922
CZARNKOWSKI,1924,fixed14,440447639.6090857,440446810.8861556,899.4460172344767,70.7230871593936,70.7230871593936,828.7229300750831,440446740.1630685
CZORTKOWSKI,1924,fixed14,349773281.11829,349772203.22973907,1131.8509316251282,53.96238068523825,53.96238068523825,1077.88855093989,349772149.26735836
CZĘSTOCHOWSKI,1924,fixed14,415766264.83034414,415764289.35977304,2064.146833621186,88.67626248626303,88.67626248626303,1975.470571134923,415764200.68351054
DOBROMILSKI,1924,fixed14,364909521.3226987,364908800.63311964,773.1175025199216,52.42792345905947,52.42792345905947,720.6895790608621,364908748.2051962
DOLIŃSKI,1924,fixed14,361150113.82121336,361149792.0734301,369.4227971429686,47.67501391826341,47.67501391826341,321.7477832247052,361149744.3984162
DROHICKI,1924,fixed14,335202733.4755254,335202508.0325074,250.7886016846112,25.34558370743289,25.34558370743289,225.4430179771783,335202482.6869237
DROHOBYCKI,1924,fixed14,369780857.4266417,369779154.9765789,1784.0381305580513,81.58806775545453,81.58806775545453,1702.4500628025967,369779073.3885111
DUBIEŃSKI,1924,fixed14,333940646.2041787,333940299.23544353,367.5470906879832,20.578355540690143,20.578355540690143,346.96873514729305,333940278.657088
DZIAŁDOWSKI,1924,fixed14,385355754.2074393,385355274.3839829,510.040107108387,30.216650733994353,30.216650733994353,479.82345637439266,385355244.1673322
DZIŚNIEŃSKI,1924,fixed14,290123030.9368295,290122824.1274856,217.05587237433366,10.246528473803641,10.246528473803641,206.80934390053002,290122813.8809571
DĄBROWSKI,1924,fixed14,383799498.1099254,383798805.3273307,785.4899950965258,92.70740046629403,92.70740046629403,692.7825946302318,383798712.61993027
GARWOLIŃSKI,1924,fixed14,382862636.05351853,382862150.82453126,614.6866540923871,129.45766680468878,129.45766680468878,485.2289872876983,382862021.36686444
GNIEŹNIEŃSKI,1924,fixed14,466043798.31500477,466042035.689474,1999.9866796261886,237.36114885731573,237.36114885731573,1762.6255307688727,466041798.32832515
GORLICKI,1924,fixed14,378818015.5524075,378817183.3582832,918.8028364551517,86.60871221075314,86.60871221075314,832.1941242443986,378817096.749571
GOSTYNIŃSKI,1924,fixed14,410918511.3605841,410917260.81187683,1376.7606934273563,126.21198620991652,126.21198620991652,1250.5487072174399,410917134.59989065
GOSTYŃSKI,1924,fixed14,470605254.2441297,470603757.5024621,1685.0594509295133,188.31778332340534,188.31778332340534,1496.741667606108,470603569.1846788
GRODZIEŃSKI,1924,fixed14,337931928.62599117,337931660.2847569,298.6468677890857,30.305633554092932,30.305633554092932,268.3412342349928,337931629.97912335
GRUDZIĄDZKI,1924,fixed14,412276011.579169,412273919.3859506,2204.8603512470168,112.6671329341774,112.6671329341774,2092.1932183128392,412273806.7188177
GRÓDECKI,1924,fixed14,362535703.6722392,362534952.85722214,955.640589436087,204.82557236451453,204.82557236451453,750.8150170715725,362534748.03164977
GRÓJECKI,1924,fixed14,385526778.2650009,385525753.2996871,1402.6081542217698,377.64284041623273,377.64284041623273,1024.965313805537,385525375.65684664
HOROCHOWSKI,1924,fixed14,333687877.3965486,333687006.2477691,883.0198812533905,11.871101707669972,11.871101707669972,871.1487795457206,333686994.3766674
HORODEŃSKI,1924,fixed14,346060315.228,346059571.5889243,765.5352450745868,21.89616938602139,21.89616938602139,743.6390756885654,346059549.6927549
HRUBIESZOWSKI,1924,fixed14,356810854.18770885,356810206.63993907,714.8388715331821,67.29110178130057,67.29110178130057,647.5477697518816,356810139.3488373
INOWROCŁAWSKI,1924,fixed14,430937525.41967523,430935783.3433203,1849.6658307273658,107.58947582581531,107.58947582581531,1742.0763549015505,430935675.7538445
IWACEWICKI,1924,fixed14,333356153.53434503,333355957.72852504,223.0549953781765,27.24917538040266,27.24917538040266,195.80581999777382,333355930.4793497
IŁŻECKI,1924,fixed14,383662778.84540504,383662040.36345685,784.9589285512876,46.476980352930376,46.476980352930376,738.4819481983573,383661993.8864765
JANOWSKI,1924,fixed14,372292777.0519623,372292322.14528394,520.1882278393617,65.28154945264986,65.28154945264986,454.9066783867119,372292256.8637345
JAROCIŃSKI,1924,fixed14,457267556.2813397,457266315.7719444,1404.6529010005693,164.1435056930678,164.1435056930678,1240.5093953075016,457266151.6284387
JAROSŁAWSKI,1924,fixed14,381111807.2754802,381111074.0688873,827.3066118480634,94.10001893320647,94.10001893320647,733.206592914857,381110979.9688684
JASIELSKI,1924,fixed14,376360809.1167088,376359838.9812338,1059.221407217555,89.08593220368643,89.08593220368643,970.1354750138686,376359749.8953016
JAWOROWSKI,1924,fixed14,355831046.2661225,355830442.6343864,699.3929750857693,95.76123900628072,95.76123900628072,603.6317360794886,355830346.8731474
JĘDRZEJOWSKI,1924,fixed14,411102961.29656154,411102198.45303756,872.0473227511122,109.20379879175044,109.20379879175044,762.8435239593617,411102089.2492388
KALISKI,1924,fixed14,433136670.5586978,433134725.75934666,2010.4452713498983,65.64592021118364,65.64592021118364,1944.7993511387147,433134660.11342645
KAMIONECKI,1924,fixed14,355598814.2622597,355598319.73393756,580.5187544697785,85.99043233106745,85.99043233106745,494.528322138711,355598233.74350524
KARTUSKI,1924,fixed14,374693954.601065,374693503.9814522,477.89962820723537,27.280015498008346,27.280015498008346,450.619612709227,374693476.70143676
KATOWICE,1924,fixed14,436967949.92469686,436887825.7966168,80999.51278852487,875.3847084627575,875.3847084627575,80124.1280800621,436886950.4119083
KAŁUSKI,1924,fixed14,348614025.1570438,348613541.1893066,509.0988639117014,25.131126680749816,25.131126680749816,483.9677372309516,348613516.0581799
KIELECKI,1924,fixed14,407984838.72255445,407984042.38249236,896.6883580169313,100.34829593572627,100.34829593572627,796.340062081205,407983942.03419644
KOBRYŃSKI,1924,fixed14,351816797.87774515,351816604.6750365,237.95578509532402,44.75307642347624,44.75307642347624,193.20270867184777,351816559.92196006
KOLBUSZOWSKI,1924,fixed14,363163678.1984799,363162974.5485519,727.4106155554805,23.76068760956371,23.76068760956371,703.6499279459168,363162950.7878643
KOLSKI,1924,fixed14,437163759.60919875,437162353.6901176,1551.0873900001081,145.1683088744068,145.1683088744068,1405.9190811257013,437162208.52180874
KONECKI,1924,fixed14,409606789.9642238,409606056.3888211,859.1664959748834,125.5910933203931,125.5910933203931,733.5754026544903,409605930.7977278
KONIŃSKI,1924,fixed14,438098914.8732124,438097947.31266433,1046.996511261759,79.43596321665292,79.43596321665292,967.560548045106,438097867.8767011
KOPYCZYNIECKI,1924,fixed14,345961852.4366572,345961172.67909575,726.8127786322611,47.0552171909096,47.0552171909096,679.7575614413515,345961125.62387854
KOSOWSKI (KOSÓW HUCULSKI),1924,fixed14,334017903.4321442,334017646.9322775,268.1182400448613,11.618373336250206,11.618373336250206,256.4998667086111,334017635.31390417
KOSTOPOLSKI,1924,fixed14,322709222.8924042,322709060.8020117,180.86069335778026,18.770300843938543,18.770300843938543,162.09039251384172,322709042.03171086
KOSZYRSKI,1924,fixed14,321588562.9387216,321588452.8591473,124.85625718882244,14.776682915205498,14.776682915205498,110.07957427361694,321588438.0824644
KOWELSKI,1924,fixed14,348958178.5219888,348958058.8117947,154.47073599076862,34.760541841508065,34.760541841508065,119.71019414926056,348958024.05125284
KOZIENICKI,1924,fixed14,384823553.8857279,384823102.50990623,549.252668758017,97.87684708780411,97.87684708780411,451.3758216702129,384823004.63305914
KOŁOMYJSKI,1924,fixed14,366914931.6744727,366914194.82149416,786.6906268346072,49.837648344700206,49.837648344700206,736.852978489907,366914144.98384583
KOŚCIAŃSKI,1924,fixed14,489962544.8154181,489961224.95980626,1597.3667039506186,277.5110920623674,277.5110920623674,1319.8556118882511,489960947.4487142
KOŚCIERSKI,1924,fixed14,385464674.9207128,385464148.8370715,560.3775464503049,34.29390509480585,34.29390509480585,526.083641355499,385464114.5431664
KRAKOWSKI,1924,fixed14,407263434.65200627,407261759.4048813,2530.1815742939593,854.9344493230684,854.9344493230684,1675.2471249708908,407260904.470432
KRAKÓW (MIASTO),1924,fixed14,407575988.41138995,407191827.7634873,384459.3876575519,298.7397548641098,298.7397548641098,384160.6479026878,407191529.0237324
KRASNOSTAWSKI,1924,fixed14,362131812.0925512,362131032.52976644,833.6060842112809,54.04329951188323,54.04329951188323,779.5627846993976,362130978.48646694
KROTOSZYŃSKI,1924,fixed14,450902541.0310587,450900848.9147352,1808.9451113184573,116.82878782347217,116.82878782347217,1692.1163234949852,450900732.0859474
KROŚNIEŃSKI,1924,fixed14,373237628.47342306,373236354.1116037,1348.1092378945648,73.74741854264957,73.74741854264957,1274.3618193519153,373236280.36418515
KRZEMIENIECKI,1924,fixed14,323400887.1542306,323400554.40616274,347.5815854508578,14.833517587556246,14.833517587556246,332.74806786330157,323400539.5726451
KUTNOWSKI,1924,fixed14,431833814.4281994,431830735.25660205,3330.931419590618,251.75982224265806,251.75982224265806,3079.17159734796,431830483.4967798
KĘPIŃSKI,1924,fixed14,427778369.3788093,427777531.32943857,889.203488195877,51.154117494363184,51.154117494363184,838.0493707015138,427777480.1753211
LESKI,1924,fixed14,348440011.8152395,348439586.3886328,449.99262879429494,24.56602212062209,24.56602212062209,425.42660667367284,348439561.8226107
LESZCZYŃSKI,1924,fixed14,490854780.2631429,490853028.3961162,1942.102676302702,190.23564966311994,190.23564966311994,1751.8670266395823,490852838.16046655
LIDZKI,1924,fixed14,325948820.6911545,325948638.447992,213.41508771972516,31.171925221914382,31.171925221914382,182.24316249781077,325948607.2760668
LIMANOWSKI,1924,fixed14,378336589.9261877,378335936.7874675,717.5155946981735,64.3768745246321,64.3768745246321,653.1387201735414,378335872.410593
LIPNOWSKI,1924,fixed14,357054815.02635443,357054004.5075247,871.6007185829933,61.081888853072535,61.081888853072535,810.5188297299208,357053943.4256359
LUBACZOWSKI,1924,fixed14,351883291.8129109,351882682.58091605,646.5250440667982,37.29304923493201,37.29304923493201,609.2319948318661,351882645.28786683
LUBARTOWSKI,1924,fixed14,375305923.67956644,375305376.0771331,680.0141811898723,132.41174787100857,132.41174787100857,547.6024333188637,375305243.66538525
LUBAWSKI,1924,fixed14,393874640.8488885,393873809.90357757,874.0073404368743,43.06202945692558,43.06202945692558,830.9453109799488,393873766.8415481
LUBELSKI,1924,fixed14,380363200.13508654,380361525.4742582,1771.9458547738475,97.28502643306054,97.28502643306054,1674.660828340787,380361428.18923175
LUBLINIECKI,1924,fixed14,405125020.2337986,405123772.73748904,1301.9240987491273,54.42778914946371,54.42778914946371,1247.4963095996636,405123718.3096999
LUBOMELSKI,1924,fixed14,350225675.2845133,350225478.97699034,231.7570161406426,35.4494931945807,35.4494931945807,196.3075229460619,350225443.5274972
LWOWSKI,1924,fixed14,366514315.1785961,366513335.3257761,1672.4608460190357,692.6080260334144,692.6080260334144,979.8528199856212,366512642.7177501
LWÓW (MIASTO),1924,fixed14,373966131.51185036,373788206.05302274,178222.71757304357,297.25874544266946,297.25874544266946,177925.4588276009,373787908.7942773
M. ST. WARSZAWA,1924,fixed14,408618113.07987785,408037471.1724553,581260.8037062103,618.8962837062768,618.8962837062768,580641.907422504,408036852.2761716
MAKOWSKI (MAKÓW MAZOWIECKI),1924,fixed14,366428872.0304102,366428269.0328543,639.445077954002,36.447522093334825,36.447522093334825,602.9975558606673,366428232.5853322
MIECHOWSKI,1924,fixed14,397316446.8352671,397315550.72870415,955.5845555924484,59.47799260934794,59.47799260934794,896.1065629831005,397315491.25071156
MIELECKI,1924,fixed14,391822216.2930119,391821620.03549445,681.6400021099616,85.3824846538925,85.3824846538925,596.2575174560691,391821534.6530098
MIĘDZYCHODZKI,1924,fixed14,482450892.8049546,482449961.6169077,993.9561208245342,62.76807398933754,62.76807398933754,931.1880468351967,482449898.84883374
MIŃSKI,1924,fixed14,391881165.81644994,391880151.1536122,1374.7518029874986,360.08896523961573,360.08896523961573,1014.6628377478828,391879791.06464696
MOGILEŃSKI,1924,fixed14,438206857.69892687,438205748.96961486,1228.1900634970316,119.46075149833966,119.46075149833966,1108.7293119986919,438205629.5088634
MORSKI,1924,fixed14,361623878.787798,361622799.38754594,1095.0139208144099,15.613668790104171,15.613668790104171,1079.4002520243057,361622783.77387714
MOŁODECZAŃSKI,1924,fixed14,305029185.934774,305028806.864294,394.3566234608029,15.286143461390548,15.286143461390548,379.0704799994123,305028791.5781505
MOŚCISKI,1924,fixed14,361477271.1434718,361476459.6243925,855.7058931187771,44.18681381029902,44.18681381029902,811.5190793084781,361476415.4375787
MYŚLENICKI,1924,fixed14,375175733.7185986,375174842.64710754,940.4504105077792,49.37891940780844,49.37891940780844,891.0714910999708,375174793.2681881
MŁAWSKI,1924,fixed14,387542951.4304723,387542133.91621304,900.8263021092439,83.31204281971232,83.31204281971232,817.5142592895315,387542050.6041702
NADWÓRNIAŃSKI,1924,fixed14,356236207.8754454,356235842.85259926,398.76899902031346,33.74615289508365,33.74615289508365,365.0228461252298,356235809.1064464
NIESZAWSKI,1924,fixed14,429188701.85814536,429187587.1906178,1251.5503526355021,136.88282507716164,136.88282507716164,1114.6675275583405,429187450.3077927
NIEŚWIESKI,1924,fixed14,305644612.2372198,305644136.0901049,488.02357949412976,11.87646455857869,11.87646455857869,476.1471149355511,305644124.21364033
NIŻAŃSKI,1924,fixed14,374742493.598236,374741865.6735822,661.3763895861139,33.45173571702483,33.45173571702483,627.9246538690891,374741832.22184646
NOWOGRÓDZKI,1924,fixed14,321418593.97691643,321418314.38392836,309.89213674557317,30.29914866724313,30.29914866724313,279.59298807833005,321418284.0847797
NOWOSĄDECKI,1924,fixed14,378014354.92179894,378013518.2839848,906.6686266955192,70.0308124766871,70.0308124766871,836.6378142188321,378013448.2531723
NOWOTARSKI,1924,fixed14,387391324.46484876,387390716.3840037,690.9556490215837,82.87480397646044,82.87480397646044,608.0808450451233,387390633.50919974
NOWOTOMYSKI,1924,fixed14,507308270.298482,507306595.7184233,1777.2396070116797,102.6595483231622,102.6595483231622,1674.5800586885175,507306493.05887496
OBORNICKI,1924,fixed14,464565176.362222,464564409.2784929,991.7766452465967,224.69291613871715,224.69291613871715,767.0837291078795,464564184.5855768
OLKUSKI,1924,fixed14,405391234.6722022,405390139.0913968,1164.0974094769463,68.51660409561617,68.51660409561617,1095.58080538133,405390070.57479274
OPATOWSKI,1924,fixed14,392120176.01678735,392119221.8658617,1012.4051603150252,58.25423469415429,58.25423469415429,954.1509256208709,392119163.61162704
OPOCZYŃSKI,1924,fixed14,413959080.6710461,413958590.7513837,694.0110840456425,204.09142167263482,204.09142167263482,489.9196623730077,413958386.65996206
OSTROWSKI (OSTRÓW MAZOWIECKA),1924,fixed14,372993069.7822897,372992661.7935186,516.796843387709,108.80807230937663,108.80807230937663,407.98877107833243,372992552.9854463
OSTROWSKI (OSTRÓW WIELKOPOLSKI),1924,fixed14,448919450.5250393,448918148.0191459,1394.0704970779825,91.56460367946522,91.56460367946522,1302.5058933985172,448918056.4545422
OSTROŁĘCKI,1924,fixed14,364079185.9822306,364078831.60008395,429.37934368157653,74.99719703005124,74.99719703005124,354.3821466515253,364078756.6028869
OSZMIAŃSKI,1924,fixed14,293235779.2508844,293235513.7437842,274.923254203248,9.416153970671875,9.416153970671875,265.50710023257614,293235504.3276302
PIOTRKOWSKI,1924,fixed14,413369456.57326835,413368442.61301494,1163.1688274421426,149.2085740040046,149.2085740040046,1013.960253438138,413368293.40444094
PIŃCZOWSKI,1924,fixed14,386136134.6445945,386135367.9028027,810.3822616682426,43.64046988657173,43.64046988657173,766.7417917816708,386135324.2623328
PIŃSKI,1924,fixed14,329659170.7109332,329659000.0075793,193.8088333393672,23.105479483767887,23.105479483767887,170.70335385559932,329658976.90209985
PODHAJECKI,1924,fixed14,357637283.1848493,357636889.9491986,453.6023652067029,60.36671445851233,60.36671445851233,393.2356507481906,357636829.5824841
POSTAWSKI,1924,fixed14,293797652.3207102,293797428.2284328,236.76067118349275,12.668393790481572,12.668393790481572,224.0922773930112,293797415.560039
POZNAŃ (MIASTO),1924,fixed14,492565918.45646304,492363257.0455404,203450.78038852377,789.369465884367,789.369465884367,202661.4109226394,492362467.6760745
POZNAŃSKI,1924,fixed14,486163905.7454577,486162712.4113598,3409.881487909307,2216.5473899550166,2216.5473899550166,1193.3340979542904,486160495.8639698
PRUŻAŃSKI,1924,fixed14,348781524.5269644,348781204.84614223,358.3333157117507,38.652493507885765,38.652493507885765,319.6808222038649,348781166.1936487
PRZASNYCKI,1924,fixed14,353487712.56631595,353487164.5848835,589.2909542224751,41.309521787169146,41.309521787169146,547.9814324353059,353487123.2753617
PRZEMYSKI,1924,fixed14,379261557.5514559,379260030.7178087,1627.9857741445182,101.15212698617826,101.15212698617826,1526.83364715834,379259929.56568176
PRZEMYŚLAŃSKI,1924,fixed14,359821191.0303116,359820538.7825337,732.3882172919964,80.14043940845414,80.14043940845414,652.2477778835422,359820458.6420943
PRZEWORSKI,1924,fixed14,381724574.9217637,381722446.29127365,2221.4844296855335,92.8539395979813,92.8539395979813,2128.630490087552,381722353.43733406
PSZCZYŃSKI,1924,fixed14,423861804.4928437,423858565.57319945,3568.571133126224,329.6514889257011,329.6514889257011,3238.919644200523,423858235.92171055
PUŁAWSKI,1924,fixed14,374633816.69580686,374633073.3066744,817.2609643661696,73.87183197845175,73.87183197845175,743.3891323877178,374632999.43484247
PUŁTUSKI,1924,fixed14,373265000.0235347,373264196.28568506,907.9278084775884,104.18995880702447,104.18995880702447,803.737849670564,373264092.09572625
PŁOCKI,1924,fixed14,399928368.21648586,399926854.29481095,1592.927520246824,79.00584534907443,79.00584534907443,1513.9216748977497,399926775.2889656
PŁOŃSKI,1924,fixed14,379370408.10917616,379369599.48281,1004.1188798213502,195.49251364873115,195.49251364873115,808.6263661726191,379369403.99029636
RADOMSKI,1924,fixed14,395026186.104647,395025436.0623937,845.5292453269872,95.4869920398524,95.4869920398524,750.0422532871348,395025340.57540166
RADOMSZCZAŃSKI,1924,fixed14,418981295.61598057,418980555.63180566,887.2229929847064,147.2388180278119,147.2388180278119,739.9841749568944,418980408.3929876
RADZIECHOWSKI,1924,fixed14,340999787.89821994,340999278.6861712,536.8183849998226,27.606336265768107,27.606336265768107,509.21204873405446,340999251.07983494
RADZYMIŃSKI,1924,fixed14,397109717.7904063,397108641.1019394,2046.9742805131796,970.285813606669,970.285813606669,1076.6884669065107,397107670.81612575
RADZYŃSKI,1924,fixed14,374078894.9448991,374078304.01492697,668.4826446906195,77.55267253653689,77.55267253653689,590.9299721540826,374078226.4622544
RAWICKI,1924,fixed14,471637918.01007265,471635660.1148005,2414.7950381726496,156.8997660020455,156.8997660020455,2257.895272170604,471635503.2150345
RAWSKI (RAWA MAZOWIECKA),1924,fixed14,404565880.95159554,404565188.3891673,841.2340629863575,148.67163473574357,148.67163473574357,692.562428250614,404565039.7175326
RAWSKI (RAWA RUSKA),1924,fixed14,362418968.94409215,362418453.39714706,591.1966780862612,75.64973299197959,75.64973299197959,515.5469450942816,362418377.74741405
ROHATYŃSKI,1924,fixed14,354510426.2437936,354509814.57091856,654.641205544088,42.9683305267549,42.9683305267549,611.6728750173331,354509771.60258806
ROPCZYCKI,1924,fixed14,389983085.79682255,389982326.94639957,850.5777171776667,91.72729420135764,91.72729420135764,758.8504229763091,389982235.21910536
RUDECKI,1924,fixed14,357040116.9481669,357039162.97081625,1004.3038250418425,50.32647437709659,50.32647437709659,953.9773506647459,357039112.6443419
RYBNICKI,1924,fixed14,414645907.1316559,414642771.1574949,3357.0996323619115,221.12547140800064,221.12547140800064,3135.974160953911,414642550.0320235
RYPIŃSKI,1924,fixed14,356814365.3126395,356813364.8354015,1066.542401850423,66.06516384377073,66.06516384377073,1000.4772380066522,356813298.7702376
RZESZOWSKI,1924,fixed14,380936002.99308324,380934654.17049354,1420.1798807509153,71.35729104016626,71.35729104016626,1348.822589710749,380934582.8132025
RÓWIEŃSKI,1924,fixed14,327440714.7355486,327440206.2950538,527.836766186041,19.396271360627292,19.396271360627292,508.4404948254137,327440186.89878243
SAMBORSKI,1924,fixed14,374484239.6905907,374483344.12686956,1050.844218046181,155.28049693449904,155.28049693449904,895.5637211116818,374483188.8463726
SANDOMIERSKI,1924,fixed14,374386319.91018444,374385405.7827396,942.8855709573717,28.75812609785949,28.75812609785949,914.1274448595121,374385377.0246135
SANOCKI,1924,fixed14,358307345.5616661,358306472.61844975,909.6608475664699,36.71763119943434,36.71763119943434,872.9432163670356,358306435.9008185
SARNEŃSKI,1924,fixed14,329103459.65580755,329103349.86210126,133.25829470120908,23.464588376450095,23.464588376450095,109.793706324759,329103326.39751285
SIEDLECKI,1924,fixed14,380177459.7313024,380176775.27292997,800.9567334386736,116.49836102605943,116.49836102605943,684.4583724126142,380176658.7745689
SIERADZKI,1924,fixed14,437794058.2584463,437792978.83175176,1283.7538170514058,204.3271224966174,204.3271224966174,1079.4266945547884,437792774.50462925
SIERPECKI,1924,fixed14,355248820.0064004,355247866.9390435,1007.48285385261,54.415496973627164,54.415496973627164,953.0673568789829,355247812.5235466
SKAŁACKI,1924,fixed14,338904776.65953714,338904052.1530634,753.3214698598722,28.814996101156556,28.814996101156556,724.5064737587156,338904023.3380673
SKIERNIEWICKI,1924,fixed14,418843057.76240766,418841767.14476633,1594.8234274216459,304.20578610068566,304.20578610068566,1290.6176413209603,418841462.9389802
SOCHACZEWSKI,1924,fixed14,408468876.58805794,408467842.1965108,1305.6774906121098,271.2859434767742,271.2859434767742,1034.3915471353355,408467570.91056734
SOKALSKI,1924,fixed14,355862626.0901642,355861868.3777579,813.740019534892,56.02761330763708,56.02761330763708,757.7124062272549,355861812.3501446
SOKOŁOWSKI,1924,fixed14,375733091.3727983,375732594.9359934,595.7968807448904,99.36007574743077,99.36007574743077,496.4368049974596,375732495.5759176
SOKÓLSKI,1924,fixed14,352230942.96604,352230696.7143171,302.974740939853,56.72301801307774,56.72301801307774,246.25172292677524,352230639.9912991
STANISŁAWOWSKI,1924,fixed14,365352421.8068219,365351255.2946754,1231.9259657521827,65.41381926441922,65.41381926441922,1166.5121464877634,365351189.88085616
STAROGARDZKI,1924,fixed14,393184347.6020785,393183050.9425012,1339.7057444599593,43.04616712181798,43.04616712181798,1296.6595773381414,393183007.89633405
STOLIŃSKI,1924,fixed14,315012548.959772,315012479.5844642,85.28110933166883,15.905801559997016,15.905801559997016,69.37530777167181,315012463.67866266
STOPNICKI,1924,fixed14,368610072.049577,368609554.25046223,542.601838875642,24.802724150612324,24.802724150612324,517.7991147250297,368609529.4477381
STOŁPECKI,1924,fixed14,308837270.8372821,308836922.4894306,362.4904436560267,14.142592129956096,14.142592129956096,348.3478515260706,308836908.3468385
STRYJSKI,1924,fixed14,352538448.0457634,352537916.7199286,567.7187691149945,36.39293440539339,36.39293440539339,531.3258347096012,352537880.32699424
SUWALSKI,1924,fixed14,325762192.278907,325761776.3728236,437.06893822699277,21.162854839311464,21.162854839311464,415.9060833876813,325761755.20996875
SZAMOTULSKI,1924,fixed14,473737585.61201394,473736560.0330787,1165.3330856851276,139.75415036966652,139.75415036966652,1025.578935315461,473736420.2789283
SZCZUCZYŃSKI (WOJ. BIAŁOSTOCKIE),1924,fixed14,347833476.3747287,347833007.6499607,502.9641258767673,34.23935788157728,34.23935788157728,468.72476799519,347832973.4106028
SZCZUCZYŃSKI (WOJ. NOWOGRÓDZKIE),1924,fixed14,322842595.4355511,322842400.61041963,212.86535764717834,18.040226172622248,18.040226172622248,194.8251314745561,322842382.57019347
SZUBIŃSKI,1924,fixed14,439896955.23212165,439896222.60860854,921.5111804205612,188.88766730184977,188.88766730184977,732.6235131187115,439896033.72094125
SĘPOLEŃSKI,1924,fixed14,422631241.4612799,422629942.6724756,1401.2015607155051,102.41275636278199,102.41275636278199,1298.7888043527232,422629840.2597192
SŁONIMSKI,1924,fixed14,334244771.38165414,334244548.9835945,257.1573143909868,34.759254766223066,34.759254766223066,222.39805962476376,334244514.2243397
TARNOBRZESKI,1924,fixed14,392581438.56446743,392580654.85342765,843.6897528357683,59.97871305388672,59.97871305388672,783.7110397818816,392580594.8747146
TARNOGÓRSKI,1924,fixed14,436093762.1321321,436084336.64301634,9953.574466316677,528.0853505223808,528.0853505223808,9425.489115794297,436083808.5576658
TARNOPOLSKI,1924,fixed14,351001526.91698337,351000754.1890778,829.1349898255006,56.40708422957189,56.40708422957189,772.7279055959287,351000697.78199357
TARNOWSKI,1924,fixed14,389542758.69115573,389541340.4770249,1533.8301237494534,115.61599290560036,115.61599290560036,1418.2141308438531,389541224.861032
TCZEWSKI,1924,fixed14,387122603.5096155,387120638.62220746,1997.9132741564285,33.0258661378349,33.0258661378349,1964.8874080185935,387120605.5963413
TOMASZOWSKI,1924,fixed14,349696101.8662087,349695498.38876325,646.1173733476845,42.63992792094448,42.63992792094448,603.47744542674,349695455.7488353
TORUŃSKI,1924,fixed14,431162176.6701246,431160155.389151,2170.1290680816587,148.84809448030205,148.84809448030205,2021.2809736013567,431160006.5410565
TREMBOWELSKI,1924,fixed14,349266566.6274969,349265929.22076654,697.5235477699383,60.11681743769131,60.11681743769131,637.406730332247,349265869.1039491
TUCHOLSKI,1924,fixed14,409763943.42853916,409763268.0459549,750.2553160008042,74.87273175852243,74.87273175852243,675.3825842422818,409763193.17322314
TURCZAŃSKI,1924,fixed14,360376292.152047,360375871.0231537,478.6580035309234,57.52911027782051,57.52911027782051,421.1288932531029,360375813.49404347
TURECKI,1924,fixed14,404741330.4970474,404740551.6056373,815.1866186811844,36.29520854532752,36.29520854532752,778.8914101358569,404740515.31042874
TŁUMACKI,1924,fixed14,360118437.58059853,360117644.2145652,862.545886126585,69.17985280731794,69.17985280731794,793.366033319267,360117575.03471243
WADOWICKI,1924,fixed14,405128185.5988103,405126914.7259935,1493.176458219065,222.30364143352324,222.30364143352324,1270.8728167855418,405126692.4223521
WARSZAWSKI,1924,fixed14,405904560.8809309,405902562.81738406,5838.025073521101,3839.96152667072,3839.96152667072,1998.0635468503808,405898722.8558574
WIELUŃSKI,1924,fixed14,381016050.9804558,381015523.91731334,543.193063343538,16.129920829604046,16.129920829604046,527.0631425139339,381015507.7873925
WILEJSKI,1924,fixed14,292872906.8677864,292872667.50191706,248.4392632683408,9.073393911380162,9.073393911380162,239.36586935696064,292872658.4285231
WILEŃSKO-TROCKI,1924,fixed14,317124654.07283425,317124455.48637205,286.7715463610208,88.18508416760437,88.18508416760437,198.58646219341642,317124367.3012879
WILNO (MIASTO),1924,fixed14,324837489.5423972,324781983.1977561,55584.97016640444,78.625525273017,78.625525273017,55506.34464113142,324781904.5722308
WOLSZTYŃSKI,1924,fixed14,524079775.61987644,524078782.6822134,1161.6555187159493,168.71785568214653,168.71785568214653,992.9376630338027,524078613.96435773
WOŁKOWYSKI,1924,fixed14,348074477.8338853,348074273.2996646,246.8469394437484,42.31271877341892,42.31271877341892,204.53422067032946,348074230.98694587
WOŁOŻYŃSKI,1924,fixed14,295762881.03561366,295762582.10992044,308.4880766789193,9.562383474974427,9.562383474974427,298.9256932039449,295762572.54753697
WRZESIŃSKI,1924,fixed14,460261699.86768174,460260260.603334,1630.225949636527,190.96160189286087,190.96160189286087,1439.2643477436661,460260069.6417321
WYRZYSKI,1924,fixed14,432368390.1335225,432367346.1245231,1188.114538928097,144.1055395019452,144.1055395019452,1044.0089994261518,432367202.0189836
WYSOKOMAZOWIECKI,1924,fixed14,355826011.8378231,355825587.5488693,477.10093468396866,52.81198091550186,52.81198091550186,424.2889537684668,355825534.7368884
WĄBRZESKI,1924,fixed14,415681174.8189914,415680072.6636916,1212.8259742488592,110.67067436340623,110.67067436340623,1102.155299885453,415679961.9930172
WĄGROWIECKI,1924,fixed14,457358452.6949889,457357707.05806535,929.1931008741041,183.5561773146085,183.5561773146085,745.6369235594956,457357523.50188804
WĘGROWSKI,1924,fixed14,359908227.9791177,359907703.10725427,573.8470109479165,48.97514754918512,48.97514754918512,524.8718633987314,359907654.1321067
WŁOCŁAWSKI,1924,fixed14,423200189.308815,423197890.62450695,2427.9827491495435,129.2984411084321,129.2984411084321,2298.6843080411113,423197761.32606584
WŁODAWSKI,1924,fixed14,352545054.1900342,352544712.66895187,378.71507424337125,37.19399187490317,37.19399187490317,341.52108236846806,352544675.47495997
WŁODZIMIERSKI,1924,fixed14,354769096.31070083,354768708.7329745,438.6519973995827,51.074271107107194,51.074271107107194,387.57772629247546,354768657.65870345
WŁOSZCZOWSKI,1924,fixed14,392101190.1768715,392100694.97826326,554.2899223412294,59.09131411765276,59.09131411765276,495.19860822357657,392100635.8869491
ZALESZCZYCKI,1924,fixed14,344686016.6450029,344685318.4354889,721.9670328390685,23.7575188135416,23.7575188135416,698.2095140255268,344685294.67797005
ZAMOJSKI,1924,fixed14,369724628.4497455,369723691.1158091,1017.6160125080715,80.28207611107209,80.28207611107209,937.3339363969994,369723610.83373296
ZBARASKI,1924,fixed14,342156931.9443199,342156160.3121872,809.9125768382011,38.280444170505284,38.280444170505284,771.6321326676958,342156122.03174305
ZBOROWSKI,1924,fixed14,335722828.96901417,335722210.3173865,641.1840398440427,22.53241217873922,22.53241217873922,618.6516276653034,335722187.78497434
ZDOŁBUNOWSKI,1924,fixed14,326960352.9992482,326959682.12851375,689.0416325497249,18.1708980618796,18.1708980618796,670.8707344878453,326959663.9576157
ZŁOCZOWSKI,1924,fixed14,351285259.02578855,351284703.0049081,618.3197855284708,62.29890510161651,62.29890510161651,556.0208804268543,351284640.706003
ŁASKI,1924,fixed14,419866509.5009185,419865436.00837046,1227.9147469710692,154.4221989458047,154.4221989458047,1073.4925480252646,419865281.5861715
ŁAŃCUCKI,1924,fixed14,377913902.34800506,377912849.43706,1106.950552482056,54.039607400131416,54.039607400131416,1052.9109450819246,377912795.3974526
ŁOMŻYŃSKI,1924,fixed14,360215504.1698067,360215037.6735155,528.7181897303958,62.22189846894481,62.22189846894481,466.496291261451,360214975.451617
ŁOWICKI,1924,fixed14,425127129.3162713,425125924.2827989,1605.0445194170684,400.011047035419,400.011047035419,1205.0334723816495,425125524.2717519
ŁUCKI,1924,fixed14,336525652.3335907,336525461.22766,217.00332258978082,25.89739190086834,25.89739190086834,191.10593068891248,336525435.3302681
ŁUKOWSKI,1924,fixed14,375909196.17351145,375908704.2562763,576.6329220924409,84.71568697693962,84.71568697693962,491.91723511550134,375908619.54058933
ŁUNINIECKI,1924,fixed14,318953881.0967733,318953734.69927174,164.53441555458386,18.13691398163887,18.13691398163887,146.39750157294498,318953716.5623578
ŁÓDZKI,1924,fixed14,429094421.8156719,429092447.24936664,3054.1899727968503,1079.6236675658008,1079.6236675658008,1974.5663052310495,429091367.6256991
ŁÓDŹ (MIASTO),1924,fixed14,430310473.60506654,429677076.49181944,633713.521232766,316.4079856930484,316.4079856930484,633397.1132470729,429676760.08383375
ŁĘCZYCKI,1924,fixed14,430027211.3832452,430026075.2031585,1396.2987465378726,260.11865979951403,260.11865979951403,1136.1800867383586,430025815.0844987
ŚNIATYŃSKI,1924,fixed14,362283783.54093224,362282507.9054236,1301.3004600831523,25.66495147292513,25.66495147292513,1275.6355086102271,362282482.24047214
ŚREDZKI,1924,fixed14,466039745.89960545,466038580.7844283,1383.9454620425665,218.83028487220574,218.83028487220574,1165.1151771703608,466038361.9541434
ŚREMSKI,1924,fixed14,460469958.98665756,460469084.80121005,1007.7170294502471,133.53158193232406,133.53158193232406,874.185447517923,460468951.2696281
ŚWIECKI,1924,fixed14,414401459.21627235,414400763.3484868,805.9613124652963,110.09352691293955,110.09352691293955,695.8677855523567,414400653.2549599
ŚWIĘCIAŃSKI,1924,fixed14,308044318.7821437,308044106.3317025,234.40922138904023,21.958780183795223,21.958780183795223,212.450441205245,308044084.3729223
ŚWIĘTOCHŁOWICKI,1924,fixed14,444980987.5817956,444884183.46584547,98237.31853773473,1433.2025876225225,1433.2025876225225,96804.1159501122,444882750.26325786
ŻNIŃSKI,1924,fixed14,442963880.9684691,442962748.5982824,1299.4909246590805,167.12073797491172,167.12073797491172,1132.3701866841689,442962581.4775444
ŻYDACZOWSKI,1924,fixed14,355659702.9672676,355659112.1006213,641.6316394469574,50.7649931426308,50.7649931426308,590.8666463043265,355659061.33562815
ŻYWIECKI,1924,fixed14,401037406.8301354,401036100.1701702,1459.577967363404,152.91800215001746,152.91800215001746,1306.6599652133866,401035947.25216806
ŻÓŁKIEWSKI,1924,fixed14,360756072.81453025,360755259.44585645,942.4779878960555,129.10931408670547,129.10931408670547,813.3686738093501,360755130.33654237
AUGUSTOWSKI,1925,fixed14,355905297.30537486,355904987.9379853,335.9761515100617,26.608761993705343,26.608761993705343,309.36738951635635,355904961.32922333
BARANOWICKI,1925,fixed14,356593940.76727325,356593712.41635656,266.3084213570176,37.95750470575344,37.95750470575344,228.35091665126416,356593674.4588519
BIALSKI (BIAŁA KRAKOWSKA),1925,fixed14,442244380.6213356,442239905.26662165,4665.875948163474,190.52123418961983,190.52123418961983,4475.354713973855,442239714.74538743
BIALSKI (BIAŁA PODLASKA),1925,fixed14,401604119.5202926,401603512.7558987,684.3826897990634,77.61829589692525,77.61829589692525,606.7643939021382,401603435.1376028
BIAŁOSTOCKI,1925,fixed14,393842820.18487316,393842023.1723219,862.8313098738864,65.81875858387983,65.81875858387983,797.0125512900066,393841957.3535633
BIELSKI (BIELSK PODLASKI),1925,fixed14,389503628.9589578,389503419.84368694,265.4696420593351,56.354371193335886,56.354371193335886,209.11527086599924,389503363.48931575
BIELSKO,1925,fixed14,443404925.6712546,443384938.83554053,20165.660258335407,178.8245443322035,178.8245443322035,19986.835714003202,443384760.0109962
BIŁGORAJSKI,1925,fixed14,387252889.11183023,387252481.5044122,461.80752993451216,54.20011183882309,54.20011183882309,407.60741809568907,387252427.3043003
BOCHEŃSKI,1925,fixed14,433732353.6243522,433731434.5953186,1144.6217912040852,225.59275758839846,225.59275758839846,919.0290336156867,433731209.00256103
BORSZCZOWSKI,1925,fixed14,350730217.7458991,350729528.5977346,702.6129940356168,13.464829521528403,13.464829521528403,689.1481645140884,350729515.13290507
BRASŁAWSKI,1925,fixed14,319543592.7198581,319543445.2036331,157.137626868669,9.621401893229084,9.621401893229084,147.5162249754399,319543435.5822312
BRODNICKI,1925,fixed14,447143776.84107846,447142608.04619753,1260.248786629918,91.45390568387124,91.45390568387124,1168.7948809460468,447142516.59229183
BRODZKI,1925,fixed14,377068619.283261,377067920.7197955,752.1544676583321,53.59100215185502,53.59100215185502,698.5634655064771,377067867.12879336
BRZESKI (BRZESKO),1925,fixed14,404470774.1175094,404469728.51325244,1096.919290292175,51.31503334476454,51.31503334476454,1045.6042569474105,404469677.1982191
BRZESKI (BRZEŚĆ N.BUG.),1925,fixed14,399961443.9232586,399961153.5420979,368.25546501608585,77.874304383135,77.874304383135,290.38116063295087,399961075.6677936
BRZEZIŃSKI,1925,fixed14,461569749.0238339,461567471.92618734,2663.4334692651582,386.3358226824981,386.3358226824981,2277.09764658266,461567085.59036463
BRZEŻAŃSKI,1925,fixed14,383716061.7795659,383715385.5001684,733.2316455215313,56.95224804859654,56.95224804859654,676.2793974729348,383715328.54792035
BRZOZOWSKI,1925,fixed14,395946033.5426712,395944691.13642937,1380.8214724770712,38.41523060812116,38.41523060812116,1342.40624186895,395944652.72119874
BUCZACKI,1925,fixed14,375940961.58391637,375940300.9544777,710.2668495677867,49.637410962434934,49.637410962434934,660.6294386053518,375940251.3170668
BYDGOSKI,1925,fixed14,475443486.79551333,475442062.5557021,1573.4252917179315,149.18548046134376,149.18548046134376,1424.2398112565877,475441913.3702216
BÓBRECKI,1925,fixed14,382190664.87067384,382189660.0694505,1054.0048752355476,49.20365191833887,49.20365191833887,1004.8012233172088,382189610.8657986
BĘDZIŃSKI,1925,fixed14,467161892.2787278,467156864.5670993,5166.122154160239,138.41052561709571,138.41052561709571,5027.711628543143,467156726.15657365
BŁOŃSKI,1925,fixed14,446614362.61491865,446611841.8661155,2698.4013509848633,177.6525478485073,177.6525478485073,2520.748803136356,446611664.2135677
CHEŁMIŃSKI,1925,fixed14,449151181.9391284,449149788.08935887,1486.4433565010734,92.59358700799852,92.59358700799852,1393.8497694930747,449149695.4957719
CHEŁMSKI,1925,fixed14,400745608.90874684,400744866.851778,826.0760734255927,84.01910452380628,84.01910452380628,742.0569689017864,400744782.83267343
CHODZIESKI,1925,fixed14,484825094.070408,484824035.1973562,1163.3139900419992,104.44093826801095,104.44093826801095,1058.8730517739882,484823930.75641793
CHOJNICKI,1925,fixed14,432182699.3866648,432182268.00170225,473.4876669287048,42.10270434702872,42.10270434702872,431.38496258167606,432182225.8989979
CHORZÓW,1925,fixed14,485273262.20520586,484927300.747267,349292.9391527827,3331.4812139489136,3331.4812139489136,345961.4579388338,484923969.2660531
CHRZANOWSKI,1925,fixed14,461931885.52134603,461928297.2470883,3949.343781573994,361.069523844819,361.069523844819,3588.274257729175,461927936.17756444
CIECHANOWSKI,1925,fixed14,427687201.1150697,427685780.5917751,1613.5991423965922,193.0758478150958,193.0758478150958,1420.5232945814964,427685587.5159273
CIESZYŃSKI,1925,fixed14,438140056.0257593,438136426.5919704,3792.793754158788,163.35996523839154,163.35996523839154,3629.4337889203966,438136263.2320051
CZARNKOWSKI,1925,fixed14,482560589.7248397,482559654.9525713,1004.7763575654983,70.00408917471856,70.00408917471856,934.7722683907797,482559584.9484821
CZORTKOWSKI,1925,fixed14,375945275.87716323,375944075.6610162,1261.829811874747,61.61366486931307,61.61366486931307,1200.216147005434,375944014.04735136
CZĘSTOCHOWSKI,1925,fixed14,453799572.12229645,453797963.5567777,1701.8109014971515,93.24538281059864,93.24538281059864,1608.5655186865529,453797870.31139493
DOBROMILSKI,1925,fixed14,394356364.3659395,394355645.0763161,772.5201676835073,53.23054434709444,53.23054434709444,719.2896233364129,394355591.8457718
DOLIŃSKI,1925,fixed14,388968100.6069347,388967758.1288186,391.4860493290332,49.007933217951546,49.007933217951546,342.47811611108165,388967709.1208854
DROHICKI,1925,fixed14,363054584.71069723,363054350.3894272,261.1271452447544,26.805875152465696,26.805875152465696,234.32127009228867,363054323.583552
DROHOBYCKI,1925,fixed14,398925011.7048035,398923475.7038579,1619.573604165436,83.5726585199109,83.5726585199109,1536.0009456455252,398923392.13119936
DUBIEŃSKI,1925,fixed14,360248660.2301515,360248270.4661371,412.47566063991104,22.711646259945397,22.711646259945397,389.76401437996566,360248247.75449085
DZIAŁDOWSKI,1925,fixed14,419338103.98743623,419337653.0295479,483.8861391304236,32.92825087347542,32.92825087347542,450.9578882569482,419337620.1012971
DZIŚNIEŃSKI,1925,fixed14,314214766.0921711,314214572.250508,204.10099290530806,10.259329880078116,10.259329880078116,193.84166302522993,314214561.99117815
DĄBROWSKI,1925,fixed14,416418344.8615341,416417623.25705504,815.3122259482279,93.7077468755088,93.7077468755088,721.6044790727191,416417529.5493082
GARWOLIŃSKI,1925,fixed14,415646416.65812254,415645882.5223708,664.7354132998212,130.59966156227165,130.59966156227165,534.1357517375495,415645751.9227092
GNIEŹNIEŃSKI,1925,fixed14,510965708.4513792,510963812.9496969,2128.0005688728374,232.49888661447406,232.49888661447406,1895.5016822583634,510963580.4508103
GORLICKI,1925,fixed14,410538070.6570901,410537199.6151178,959.4865945653463,88.44462224756397,88.44462224756397,871.0419723177823,410537111.17049557
GOSTYNIŃSKI,1925,fixed14,448817346.70985407,448816135.6623093,1352.7907792335097,141.7432344844981,141.7432344844981,1211.0475447490116,448815993.91907483
GOSTYŃSKI,1925,fixed14,514273883.961748,514272200.9951415,1878.0354239073233,195.06881742429093,195.06881742429093,1682.9666064830324,514272005.92632407
GRODZIEŃSKI,1925,fixed14,366356107.27025944,366355845.5759228,293.10867769347766,31.414341048075368,31.414341048075368,261.6943366454023,366355814.16158175
GRUDZIĄDZKI,1925,fixed14,450304088.26891154,450301678.0388603,2528.899936649695,118.66988547178197,118.66988547178197,2410.230051177913,450301559.36897486
GRÓDECKI,1925,fixed14,391165682.11961883,391164943.41046077,945.4134459847987,206.70428793291904,206.70428793291904,738.7091580518796,391164736.7061728
GRÓJECKI,1925,fixed14,419207306.7008833,419206247.981745,1433.3977200451645,374.67858170467576,374.67858170467576,1058.7191383404888,419205873.3031633
HOROCHOWSKI,1925,fixed14,360060620.3881135,360059768.32604694,864.8296141617569,12.767547579226699,12.767547579226699,852.0620665825302,360059755.55849934
HORODEŃSKI,1925,fixed14,371644404.7732552,371643476.87768954,951.9568025153811,24.061236789129435,24.061236789129435,927.8955657262517,371643452.81645274
HRUBIESZOWSKI,1925,fixed14,385646540.9126249,385645942.59701073,672.2504245698169,73.93481037421189,73.93481037421189,598.315614195605,385645868.66220033
INOWROCŁAWSKI,1925,fixed14,472025662.89956975,472023789.3163947,1983.8900413526703,110.30686627200534,110.30686627200534,1873.583175080665,472023679.0095284
IWACEWICKI,1925,fixed14,361080232.5245706,361080035.0572225,226.01465412089502,28.547305989757312,28.547305989757312,197.4673481311377,361080006.5099165
IŁŻECKI,1925,fixed14,416594536.4080324,416593857.62014395,725.8048002332131,47.01691173162553,47.01691173162553,678.7878885015875,416593810.6032322
JANOWSKI,1925,fixed14,403329270.7517769,403328705.88925236,633.0729483931,68.21042387511505,68.21042387511505,564.862524517985,403328637.6788285
JAROCIŃSKI,1925,fixed14,499388146.2072067,499386658.7401998,1654.8914072805637,167.4244003319253,167.4244003319253,1487.4670069486383,499386491.3157995
JAROSŁAWSKI,1925,fixed14,412478776.2753655,412477943.78818583,927.3211516419289,94.83397199151831,94.83397199151831,832.4871796504106,412477848.95421386
JASIELSKI,1925,fixed14,407590502.6077915,407589480.1917916,1116.1642575313363,93.7482576525744,93.7482576525744,1022.4159998787619,407589386.44353396
JAWOROWSKI,1925,fixed14,383881471.698703,383880857.11968786,711.7143163296863,97.13530118202665,97.13530118202665,614.5790151476597,383880759.9843867
JĘDRZEJOWSKI,1925,fixed14,447288146.81890124,447287361.88075894,897.9114063212512,112.9732640562836,112.9732640562836,784.9381422649676,447287248.9074949
KALISKI,1925,fixed14,472626893.115344,472624560.0200767,2398.337161642201,65.24189434552088,65.24189434552088,2333.09526729668,472624494.7781823
KAMIONECKI,1925,fixed14,383655707.91649646,383655131.23248863,664.0160130312499,87.33200519223053,87.33200519223053,576.6840078390194,383655043.9004834
KARTUSKI,1925,fixed14,408688787.7346732,408688281.07618034,535.533486865644,28.874993951477684,28.874993951477684,506.6584929141663,408688252.20118636
KATOWICE,1925,fixed14,476116860.8019216,476039210.84959203,78525.14950841505,875.1971788307337,875.1971788307337,77649.95232958432,476038335.6524132
KAŁUSKI,1925,fixed14,375466389.6341607,375465829.72190124,586.0134638288717,26.10120441705537,26.10120441705537,559.9122594118164,375465803.62069684
KIELECKI,1925,fixed14,443749536.90208715,443748755.8263927,882.6054048380805,101.52971042999602,101.52971042999602,781.0756944080845,443748654.2966823
KOBRYŃSKI,1925,fixed14,381115867.32449615,381115650.852848,264.0267248318575,47.555076648738904,47.555076648738904,216.47164818311862,381115603.29777133
KOLBUSZOWSKI,1925,fixed14,393792492.12764144,393791765.7824814,750.6956305334484,24.350470456380357,24.350470456380357,726.345160077068,393791741.4320109
KOLSKI,1925,fixed14,479153098.04923904,479151477.23727435,1777.4455519647693,156.63358732996534,156.63358732996534,1620.8119646348039,479151320.60368705
KONECKI,1925,fixed14,445601168.1115859,445600569.33126366,722.7975896419075,124.01726740550659,124.01726740550659,598.7803222364009,445600445.31399626
KONIŃSKI,1925,fixed14,480082846.7111925,480081834.5586561,1097.8235313727946,85.67099500131856,85.67099500131856,1012.1525363714761,480081748.8876611
KOPYCZYNIECKI,1925,fixed14,372017783.7135149,372016992.19465655,844.4087646351244,52.88990626203459,52.88990626203459,791.5188583730898,372016939.30475026
KOSOWSKI (KOSÓW HUCULSKI),1925,fixed14,358994930.20659435,358994688.9396934,253.67780062158096,12.410899655010436,12.410899655010436,241.26690096657052,358994676.52879375
KOSTOPOLSKI,1925,fixed14,348429870.5844645,348429692.6787427,198.18260733570173,20.276885556202394,20.276885556202394,177.90572177949934,348429672.40185714
KOSZYRSKI,1925,fixed14,348155025.4541127,348154864.04362166,176.92030128000735,15.50981020341999,15.50981020341999,161.41049107658736,348154848.53381145
KOWELSKI,1925,fixed14,377150339.2639486,377150196.8082874,179.94859857554988,37.49293733813325,37.49293733813325,142.45566123741662,377150159.31535006
KOZIENICKI,1925,fixed14,417628151.18456787,417627687.83881855,563.5999055614135,100.25415624845832,100.25415624845832,463.34574931295515,417627587.5846623
KOŁOMYJSKI,1925,fixed14,393751247.7528527,393750366.1140506,934.8355076126795,53.19670558879331,53.19670558879331,881.6388020238862,393750312.91734505
KOŚCIAŃSKI,1925,fixed14,535880881.6631657,535879319.3525317,1828.4215257501419,266.11089173331493,266.11089173331493,1562.310634016827,535879053.2416399
KOŚCIERSKI,1925,fixed14,420508100.24968946,420507417.1504037,718.6493147485991,35.55002898491206,35.55002898491206,683.099285763687,420507381.6003747
KRAKOWSKI,1925,fixed14,442758446.75030714,442756889.9827143,2397.6141580602466,840.8465652031306,840.8465652031306,1556.767592857116,442756049.1361491
KRAKÓW (MIASTO),1925,fixed14,443056659.65582347,442681313.5687628,375636.3019503571,290.2148896446958,290.2148896446958,375346.0870607124,442681023.35387313
KRASNOSTAWSKI,1925,fixed14,391758089.691539,391757285.8135475,861.7210400615027,57.843048602301494,57.843048602301494,803.8779914592012,391757227.9704989
KROTOSZYŃSKI,1925,fixed14,492425561.65395665,492423797.9164981,1887.8896870439637,124.15222854297195,124.15222854297195,1763.7374585009918,492423673.7642696
KROŚNIEŃSKI,1925,fixed14,403995080.8271468,403993503.09045815,1652.7114854834954,74.97479685342786,74.97479685342786,1577.7366886300674,403993428.1156613
KRZEMIENIECKI,1925,fixed14,348905306.0573753,348904889.96116185,432.20675079530486,16.1105373305294,16.1105373305294,416.0962134647755,348904873.8506245
KUTNOWSKI,1925,fixed14,472009901.657112,472006369.37159115,3840.178207092843,307.89268623442973,307.89268623442973,3532.2855208584133,472006061.4789049
KĘPIŃSKI,1925,fixed14,466727405.9455432,466726457.5759387,1003.0256143582549,54.65600984627887,54.65600984627887,948.369604511976,466726402.91992885
LESKI,1925,fixed14,376670105.9986798,376669695.39661825,435.80976537620666,25.20770380028253,25.20770380028253,410.6020615759241,376669670.1889144
LESZCZYŃSKI,1925,fixed14,536853732.0199665,536851996.13972044,1936.8816501928802,201.00140418960692,201.00140418960692,1735.8802460032732,536851795.1383163
LIDZKI,1925,fixed14,353194639.52437145,353194424.4773279,246.9952282878184,31.948184712048086,31.948184712048086,215.04704357577032,353194392.52914315
LIMANOWSKI,1925,fixed14,410406615.51266617,410405942.69196385,737.8563880370989,65.0356857255373,65.0356857255373,672.8207023115616,410405877.65627813
LIPNOWSKI,1925,fixed14,387971434.4316764,387970488.0670047,1009.1364091882912,62.77173742758535,62.77173742758535,946.3646717607058,387970425.2952672
LUBACZOWSKI,1925,fixed14,379768639.4987715,379768032.6686804,645.2063277428979,38.37623666189248,38.37623666189248,606.8300910810054,379767994.29244375
LUBARTOWSKI,1925,fixed14,406670428.0971613,406669759.7706883,807.5843506710605,139.25787763344132,139.25787763344132,668.3264730376192,406669620.51281065
LUBAWSKI,1925,fixed14,429373698.12655795,429372550.8014014,1193.1223001520846,45.797143605010625,45.797143605010625,1147.325156547074,429372505.0042578
LUBELSKI,1925,fixed14,412171759.384856,412170014.8527553,1849.625344050683,105.09324334633301,105.09324334633301,1744.53210070435,412169909.75951195
LUBLINIECKI,1925,fixed14,441865504.11360544,441864282.79506105,1278.2014370949312,56.88289273925976,56.88289273925976,1221.3185443556715,441864225.9121683
LUBOMELSKI,1925,fixed14,378897413.5227125,378897182.9879992,268.65057812702895,38.115864827409055,38.115864827409055,230.5347132996199,378897144.8721344
LWOWSKI,1925,fixed14,395382779.9005142,395381689.772851,1778.727622105454,688.5999589159828,688.5999589159828,1090.1276631894711,395381001.1728921
LWÓW (MIASTO),1925,fixed14,403389790.83239096,403213478.4862282,176631.02472847496,318.6785657533077,318.6785657533077,176312.34616272166,403213159.8076625
M. ST. WARSZAWA,1925,fixed14,444478353.0196612,443907216.33012944,571775.2143455661,638.5248138123022,638.5248138123022,571136.6895317538,443906577.8053156
MAKOWSKI (MAKÓW MAZOWIECKI),1925,fixed14,402072320.7082501,402071655.22857714,716.4477597044021,50.96808671291365,50.96808671291365,665.4796729914884,402071604.2604904
MIECHOWSKI,1925,fixed14,432287746.93422973,432286820.021994,991.6937305472775,64.78149479851271,64.78149479851271,926.9122357487647,432286755.2404992
MIELECKI,1925,fixed14,425143245.32470685,425142600.4087263,731.487485986016,86.57150540423518,86.57150540423518,644.9159805817809,425142513.83722085
MIĘDZYCHODZKI,1925,fixed14,529384185.2240389,529383203.6387809,1044.3329544301635,62.74769638764608,62.74769638764608,981.5852580425175,529383140.8910845
MIŃSKI,1925,fixed14,425618374.5872066,425617284.94116277,1449.8916483650962,360.24560448796177,360.24560448796177,1089.6460438771344,425616924.69555825
MOGILEŃSKI,1925,fixed14,480058668.97388405,480057363.46215755,1426.839042068713,121.32731558889145,121.32731558889145,1305.5117264798216,480057242.134842
MORSKI,1925,fixed14,394540362.80548644,394539301.3143324,1078.2617640592603,16.770610044278623,16.770610044278623,1061.4911540149817,394539284.5437224
MOŁODECZAŃSKI,1925,fixed14,330422446.9147759,330422135.43337536,327.37893976131704,15.897539171708642,15.897539171708642,311.4814005896084,330422119.53583616
MOŚCISKI,1925,fixed14,390785034.74814945,390784213.7936346,866.1229634037539,45.168448578848604,45.168448578848604,820.9545148249053,390784168.625186
MYŚLENICKI,1925,fixed14,407287166.776202,407286051.50384486,1164.9702898152261,49.69793266836371,49.69793266836371,1115.2723571468623,407286001.8059122
MŁAWSKI,1925,fixed14,421544277.2545703,421543385.6728101,976.6089127101185,85.0271524503792,85.0271524503792,891.5817602597393,421543300.6456576
NADWÓRNIAŃSKI,1925,fixed14,382652634.0757277,382652265.8049831,405.07015647148427,36.799411850668534,36.799411850668534,368.2707446208157,382652229.00557125
NIESZAWSKI,1925,fixed14,470149967.9336556,470148729.62566537,1387.2866082041478,148.9786179426135,148.9786179426135,1238.3079902615343,470148580.6470474
NIEŚWIESKI,1925,fixed14,330943706.6510329,330943208.5421121,510.55953463624314,12.450613776025314,12.450613776025314,498.10892086021784,330943196.0914983
NIŻAŃSKI,1925,fixed14,406220703.62396026,406220055.9622233,681.9737086585897,34.31197164729631,34.31197164729631,647.6617370112933,406220021.6502516
NOWOGRÓDZKI,1925,fixed14,348110767.4438498,348110463.7411948,335.78301485335754,32.08035980244352,32.08035980244352,303.702655050914,348110431.66083497
NOWOSĄDECKI,1925,fixed14,409818701.77679765,409817899.6231026,873.947027511647,71.79333247835635,71.79333247835635,802.1536950332907,409817827.82977015
NOWOTARSKI,1925,fixed14,420654262.8946176,420653650.4451012,696.195072308776,83.74555590210839,83.74555590210839,612.4495164066676,420653566.6995453
NOWOTOMYSKI,1925,fixed14,556610325.0662996,556608696.2875043,1730.5055462981304,101.72675103904261,101.72675103904261,1628.7787952590877,556608594.5607532
OBORNICKI,1925,fixed14,509349096.4308683,509348253.14010406,1053.4435267883935,210.1527625294157,210.1527625294157,843.2907642589778,509348042.9873415
OLKUSKI,1925,fixed14,441225543.8218004,441224463.2936584,1159.6498002432159,79.12165821631588,79.12165821631588,1080.5281420269,441224384.17200017
OPATOWSKI,1925,fixed14,425830825.55732036,425829897.02395844,987.2000112111782,58.66664930107296,58.66664930107296,928.5333619101052,425829838.35730916
OPOCZYŃSKI,1925,fixed14,450468840.84495085,450468297.67866284,730.0356864974361,186.8693984823548,186.8693984823548,543.1662880150814,450468110.80926436
OSTROWSKI (OSTRÓW MAZOWIECKA),1925,fixed14,404971108.9364239,404970634.9110634,585.312505870032,111.28714533652845,111.28714533652845,474.0253605335036,404970523.62391806
OSTROWSKI (OSTRÓW WIELKOPOLSKI),1925,fixed14,490081938.48152345,490080465.76522636,1570.476926756418,97.76062968193945,97.76062968193945,1472.7162970744785,490080368.0045967
OSTROŁĘCKI,1925,fixed14,395559375.67313427,395558978.20374566,474.3396384193045,76.87024981517479,76.87024981517479,397.46938860412973,395558901.33349586
OSZMIAŃSKI,1925,fixed14,317588389.86347693,317588089.62832004,309.7717022433272,9.536545346489751,9.536545346489751,300.23515689683745,317588080.0917747
PIOTRKOWSKI,1925,fixed14,450936001.27375257,450935036.9718644,1103.373219607876,139.07133143633814,139.07133143633814,964.3018881715379,450934897.90053296
PIŃCZOWSKI,1925,fixed14,416150243.3923632,416149390.19963396,894.9945820541164,41.801852829892496,41.801852829892496,853.192729224224,416149348.39778113
PIŃSKI,1925,fixed14,356905251.1019619,356905079.1902429,196.24468444053295,24.33296544654653,24.33296544654653,171.91171899398643,356905054.85727745
PODHAJECKI,1925,fixed14,385037133.23519266,385036626.0977062,572.0694630048429,64.93197655562744,64.93197655562744,507.1374864492155,385036561.16572964
POSTAWSKI,1925,fixed14,318255761.6531438,318255569.46298784,204.99324898792318,12.803093000165193,12.803093000165193,192.19015598775798,318255556.6598948
POZNAŃ (MIASTO),1925,fixed14,540418382.6180036,540252507.8074853,166677.63064832703,802.8201300543946,802.8201300543946,165874.81051827263,540251704.9873552
POZNAŃSKI,1925,fixed14,533382373.7222902,533381188.6543604,3046.034435325055,1860.9665055079183,1860.9665055079183,1185.0679298171362,533379327.6878549
PRUŻAŃSKI,1925,fixed14,377840815.78625983,377840540.09915525,317.05801143784794,41.37090682801731,41.37090682801731,275.6871046098306,377840498.7282484
PRZASNYCKI,1925,fixed14,384421270.61513716,384420658.65753204,655.7404484168803,43.78284327472269,43.78284327472269,611.9576051421576,384420614.87468874
PRZEMYSKI,1925,fixed14,410154913.03880584,410153357.3635579,1658.8133877937412,103.13813983864502,103.13813983864502,1555.6752479550962,410153254.22541803
PRZEMYŚLAŃSKI,1925,fixed14,387822066.82662606,387821332.1843097,817.47051183655,82.82819553050547,82.82819553050547,734.6423163060446,387821249.3561142
PRZEWORSKI,1925,fixed14,413308890.591027,413306713.58251107,2272.043150710177,95.03463477472492,95.03463477472492,2177.008515935452,413306618.5478763
PSZCZYŃSKI,1925,fixed14,461673118.4931459,461669821.52276355,3625.729508292463,328.7591259359216,328.7591259359216,3296.9703823565414,461669492.7636376
PUŁAWSKI,1925,fixed14,406159552.7206508,406158736.4389333,893.1450786228703,76.86336109640902,76.86336109640902,816.2817175264613,406158659.5755722
PUŁTUSKI,1925,fixed14,406266860.05743575,406266051.6624561,920.8895997979561,112.49462014298817,112.49462014298817,808.3949796549679,406265939.16783595
PŁOCKI,1925,fixed14,436605938.19964767,436604226.6082569,1797.2337035064122,85.64231272338598,85.64231272338598,1711.5913907830263,436604140.9659442
PŁOŃSKI,1925,fixed14,412356461.1377354,412355611.0614322,1047.0636107836851,196.9873075476967,196.9873075476967,850.0763032359885,412355414.07412463
RADOMSKI,1925,fixed14,429299309.86146116,429298530.56170505,875.6788114618199,96.37905535133903,96.37905535133903,779.2997561104809,429298434.1826497
RADOMSZCZAŃSKI,1925,fixed14,457351193.33001924,457350485.36845154,847.6370905447494,139.67552284898986,139.67552284898986,707.9615676957595,457350345.6929287
RADZIECHOWSKI,1925,fixed14,367932304.1491962,367931741.7653618,590.8704909432316,28.486656544739958,28.486656544739958,562.3838343984917,367931713.27870524
RADZYMIŃSKI,1925,fixed14,431783388.315668,431782264.889986,2091.1359327051086,967.7102506718513,967.7102506718513,1123.4256820332575,431781297.1797353
RADZYŃSKI,1925,fixed14,405688220.19665414,405687557.4824991,744.1358655557307,81.42171057742675,81.42171057742675,662.7141549783039,405687476.0607886
RAWICKI,1925,fixed14,515454645.6249954,515452358.3442778,2453.452912772139,166.17219514547594,166.17219514547594,2287.280717626663,515452192.17208266
RAWSKI (RAWA MAZOWIECKA),1925,fixed14,440626020.325683,440625205.9364112,952.3697430597672,137.98047127140916,137.98047127140916,814.3892717883581,440625067.95593995
RAWSKI (RAWA RUSKA),1925,fixed14,391143464.00956166,391142943.22977376,598.0280187932044,77.2482308874089,77.2482308874089,520.7797879057955,391142865.9815429
ROHATYŃSKI,1925,fixed14,381594181.40614724,381593465.6670113,761.3901632873303,45.651027386507096,45.651027386507096,715.7391359008233,381593420.01598394
ROPCZYCKI,1925,fixed14,423004275.0400996,423003490.5394797,877.5444191772732,93.04379922623869,93.04379922623869,784.5006199510345,423003397.49568045
RUDECKI,1925,fixed14,385529909.1962677,385528985.1948332,975.5309294435483,51.52949493849792,51.52949493849792,924.0014345050504,385528933.6653383
RYBNICKI,1925,fixed14,451490442.11019105,451487172.40304846,3490.6755185576953,220.96837595662637,220.96837595662637,3269.707142601069,451486951.4346725
RYPIŃSKI,1925,fixed14,387646485.8295201,387645346.15160865,1207.835471866909,68.1575604308687,68.1575604308687,1139.6779114360404,387645277.99404824
RZESZOWSKI,1925,fixed14,412688577.1770972,412687315.2232126,1335.7284177348963,73.77453313763573,73.77453313763573,1261.9538845972606,412687241.44867945
RÓWIEŃSKI,1925,fixed14,353544658.9625067,353544128.4204499,551.8694812013746,21.327424379349974,21.327424379349974,530.5420568220246,353544107.0930255
SAMBORSKI,1925,fixed14,404368773.1698225,404367933.8476256,992.9036285228522,153.58143164813526,153.58143164813526,839.3221968747168,404367780.266194
SANDOMIERSKI,1925,fixed14,406424492.09225494,406423548.4303793,973.5591068630598,29.89723124422629,29.89723124422629,943.6618756188335,406423518.53314805
SANOCKI,1925,fixed14,387402502.80408776,387401647.39755476,893.2394739993646,37.83294099145484,37.83294099145484,855.4065330079097,387401609.56461376
SARNEŃSKI,1925,fixed14,355541003.9778448,355540891.2989122,137.9530290793203,25.274096568331334,25.274096568331334,112.67893251098896,355540866.0248157
SIEDLECKI,1925,fixed14,412653712.2811479,412652970.49685514,862.0971606265934,120.31286786539638,120.31286786539638,741.7842927611971,412652850.18398726
SIERADZKI,1925,fixed14,477664485.0780257,477663405.18402404,1271.2491544325007,191.3551527731519,191.3551527731519,1079.8940016593488,477663213.82887125
SIERPECKI,1925,fixed14,385997377.7973097,385996405.48555905,1028.7239958766938,56.41224521358582,56.41224521358582,972.311750663108,385996349.07331383
SKAŁACKI,1925,fixed14,365058255.777637,365057435.9476709,850.9664671523808,31.136500989629575,31.136500989629575,819.8299661627512,365057404.81116986
SKIERNIEWICKI,1925,fixed14,456342073.6600402,456340719.2992909,1645.0334156774697,290.67266639041884,290.67266639041884,1354.3607492870508,456340428.6266245
SOCHACZEWSKI,1925,fixed14,444905055.8867816,444903939.47165877,1385.56975808699,269.15463523975905,269.15463523975905,1116.415122847231,444903670.3170235
SOKALSKI,1925,fixed14,383958965.12733954,383958256.12149066,767.1344799516365,58.12863108251547,58.12863108251547,709.0058488691211,383958197.9928596
SOKOŁOWSKI,1925,fixed14,407821310.9149814,407820672.0051313,741.6152979495114,102.7054478518446,102.7054478518446,638.9098500976668,407820569.29968345
SOKÓLSKI,1925,fixed14,381988770.7649299,381988469.52396667,358.0410962899763,56.80013306231819,56.80013306231819,301.2409632276581,381988412.7238336
STANISŁAWOWSKI,1925,fixed14,392749800.9035857,392748565.01878685,1306.2671291520523,70.38233028462362,70.38233028462362,1235.8847988674288,392748494.63645655
STAROGARDZKI,1925,fixed14,428868428.9129969,428867148.9813589,1325.1319300319174,45.20029203290296,45.20029203290296,1279.9316379990144,428867103.78106683
STOLIŃSKI,1925,fixed14,340467999.4419286,340467919.6952879,96.48469764565725,16.738056878582384,16.738056878582384,79.74664076707487,340467902.957231
STOPNICKI,1925,fixed14,399573445.3905351,399572894.765252,576.0894262992023,25.464143132815032,25.464143132815032,550.6252831663872,399572869.30110884
STOŁPECKI,1925,fixed14,334480184.0053197,334479770.8433867,427.9202639220039,14.758330935833865,14.758330935833865,413.1619329861701,334479756.08505577
STRYJSKI,1925,fixed14,380281159.28095347,380280550.2950084,645.3260457971788,36.34010076915616,36.34010076915616,608.9859450280227,380280513.95490766
SUWALSKI,1925,fixed14,353127080.8142182,353126590.9109471,512.1404834050873,22.237212214035598,22.237212214035598,489.9032711910516,353126568.67373484
SZAMOTULSKI,1925,fixed14,519596341.1784782,519595204.3471153,1268.4148668604848,131.5835039422698,131.5835039422698,1136.831362918215,519595072.7636113
SZCZUCZYŃSKI (WOJ. BIAŁOSTOCKIE),1925,fixed14,377314692.11606115,377314245.0416461,481.7865328315894,34.712117804432665,34.712117804432665,447.0744150271567,377314210.32952833
SZCZUCZYŃSKI (WOJ. NOWOGRÓDZKIE),1925,fixed14,349830251.123809,349830026.63907444,243.28398425690537,18.79924970360977,18.79924970360977,224.4847345532956,349830007.83982474
SZUBIŃSKI,1925,fixed14,481821828.97688854,481821014.8219292,990.5620688687592,176.4071095288223,176.4071095288223,814.1549593399369,481820838.41481966
SĘPOLEŃSKI,1925,fixed14,462539878.92915785,462538617.8134609,1362.2704038633783,101.15470689986377,101.15470689986377,1261.1156969635144,462538516.658754
SŁONIMSKI,1925,fixed14,362254527.64923733,362254261.79570484,302.0313722649427,36.177839760627684,36.177839760627684,265.853532504315,362254225.6178651
TARNOBRZESKI,1925,fixed14,425839482.2755189,425838730.9950659,813.3204593554748,62.04000640714977,62.04000640714977,751.280452948325,425838668.9550595
TARNOGÓRSKI,1925,fixed14,476105359.056324,476096277.15040547,9621.692276996453,539.7863585029911,539.7863585029911,9081.905918493461,476095737.364047
TARNOPOLSKI,1925,fixed14,378013012.22671777,378012194.2323103,881.5357573311451,63.54134981225633,63.54134981225633,817.9944075188888,378012130.69096047
TARNOWSKI,1925,fixed14,422695296.04278255,422693889.30172455,1524.3140795119007,117.57302154652898,117.57302154652898,1406.7410579653717,422693771.728703
TCZEWSKI,1925,fixed14,422224290.90973175,422222173.8753764,2151.3096087611766,34.275253430537866,34.275253430537866,2117.034355330639,422222139.600123
TOMASZOWSKI,1925,fixed14,377938713.5916021,377937949.0236353,808.9117922690881,44.343825525498346,44.343825525498346,764.5679667435897,377937904.6798098
TORUŃSKI,1925,fixed14,472194284.6577691,472192003.92722976,2430.9319094384846,150.20137013399474,150.20137013399474,2280.73053930449,472191853.72585964
TREMBOWELSKI,1925,fixed14,375836276.35645527,375835437.33560157,904.6124755775476,65.59162187598,65.59162187598,839.0208537015676,375835371.7439797
TUCHOLSKI,1925,fixed14,447555053.09245104,447554206.4862078,921.9675970841156,75.36135382027766,75.36135382027766,846.6062432638379,447554131.12485397
TURCZAŃSKI,1925,fixed14,389131949.46787196,389131527.66350394,479.25933451848994,57.45496646284974,57.45496646284974,421.8043680556402,389131470.20853746
TURECKI,1925,fixed14,441298804.1534831,441297960.26832503,881.438882647486,37.55372460849094,37.55372460849094,843.8851580389951,441297922.71460044
TŁUMACKI,1925,fixed14,387129217.9712365,387128387.2109237,905.8135568761774,75.05324397360775,75.05324397360775,830.7603129025696,387128312.1576797
WADOWICKI,1925,fixed14,440468713.883533,440467391.8437467,1542.677785891471,220.63799959547995,220.63799959547995,1322.0397862959912,440467171.2057471
WARSZAWSKI,1925,fixed14,441599839.32872456,441597839.19089407,5895.208231129693,3895.070400660105,3895.070400660105,2000.1378304695872,441593944.1204934
WIELUŃSKI,1925,fixed14,415177374.71954936,415176824.8700576,566.3536096238214,16.504117826476325,16.504117826476325,549.8494917973451,415176808.36593974
WILEJSKI,1925,fixed14,317202718.20087385,317202482.40036213,245.0515005067405,9.250988777711747,9.250988777711747,235.80051172902876,317202473.14937335
WILEŃSKO-TROCKI,1925,fixed14,343726819.5624634,343726630.84701514,277.47074819293323,88.7552999073954,88.7552999073954,188.71544828553786,343726542.0917152
WILNO (MIASTO),1925,fixed14,352023079.803072,351970238.51731396,52920.86320957024,79.57745155087552,79.57745155087552,52841.28575801937,351970158.93986243
WOLSZTYŃSKI,1925,fixed14,573842888.3213242,573841791.0758184,1265.307120589981,168.06161475114516,168.06161475114516,1097.2455058388357,573841623.0142037
WOŁKOWYSKI,1925,fixed14,377325344.54019856,377325123.12663454,265.1992478143954,43.785683825438404,43.785683825438404,221.413563988957,377325079.3409507
WOŁOŻYŃSKI,1925,fixed14,320228902.72044516,320228527.3480874,385.37976487628674,10.007407042968666,10.007407042968666,375.37235783331806,320228517.3406803
WRZESIŃSKI,1925,fixed14,504584860.510623,504583324.7783441,1727.3862027341352,191.65392388512342,191.65392388512342,1535.7322788490117,504583133.1244202
WYRZYSKI,1925,fixed14,473499509.8007395,473498382.4038036,1257.8495992600378,130.45266330084735,130.45266330084735,1127.3969359591906,473498251.9511403
WYSOKOMAZOWIECKI,1925,fixed14,386115986.9351819,386115492.11816007,548.3412686431939,53.524246829235146,53.524246829235146,494.8170218139588,386115438.59391326
WĄBRZESKI,1925,fixed14,454253290.44185805,454252113.25563216,1296.450570915331,119.26434507215546,119.26434507215546,1177.1862258431754,454251993.9912871
WĄGROWIECKI,1925,fixed14,501310543.95791775,501309718.5414926,1003.5157437713011,178.0993186453195,178.0993186453195,825.4164251259816,501309540.44217396
WĘGROWSKI,1925,fixed14,390522861.1921929,390522261.87031573,650.207208560199,50.88533139594068,50.88533139594068,599.3218771642584,390522210.98498434
WŁOCŁAWSKI,1925,fixed14,463619304.37512064,463616741.6506765,2703.1218186407227,140.39737449637045,140.39737449637045,2562.724444144352,463616601.253302
WŁODAWSKI,1925,fixed14,381548062.7389738,381547671.61929053,430.8359956208896,39.71631232393725,39.71631232393725,391.11968329695236,381547631.9029782
WŁODZIMIERSKI,1925,fixed14,383107968.51062316,383107527.24412835,495.33949129153916,54.07299648333318,54.07299648333318,441.266494808206,383107473.17113185
WŁOSZCZOWSKI,1925,fixed14,427039687.5292859,427039162.4036755,584.5044200145728,59.378809633162774,59.378809633162774,525.1256103814101,427039103.02486587
ZALESZCZYCKI,1925,fixed14,370171848.3073307,370171006.0204128,868.6419060300389,26.354988097449084,26.354988097449084,842.2869179325897,370170979.6654247
ZAMOJSKI,1925,fixed14,399710477.1941757,399709492.6864461,1070.9553092028798,86.44757956434037,86.44757956434037,984.5077296385393,399709406.2388665
ZBARASKI,1925,fixed14,368542576.895202,368541650.5430121,967.6325642428451,41.28037437245615,41.28037437245615,926.352189870389,368541609.26263773
ZBOROWSKI,1925,fixed14,362141501.4945403,362140732.9714486,792.203705251481,23.68061358563049,23.68061358563049,768.5230916658505,362140709.290835
ZDOŁBUNOWSKI,1925,fixed14,352822502.29251623,352821703.8883409,818.0964764417683,19.69230109115585,19.69230109115585,798.4041753506125,352821684.1960398
ZŁOCZOWSKI,1925,fixed14,378936529.8111537,378935927.30183876,667.6119064884318,65.10259150666806,65.10259150666806,602.5093149817637,378935862.19924724
ŁASKI,1925,fixed14,457801195.1822059,457800206.50243735,1134.442667705171,145.7628991613348,145.7628991613348,988.6797685438362,457800060.7395382
ŁAŃCUCKI,1925,fixed14,409301278.6640478,409300309.2475272,1024.9741336703069,55.55761306597658,55.55761306597658,969.4165206043303,409300253.6899141
ŁOMŻYŃSKI,1925,fixed14,391306200.2456065,391305677.4709153,586.259071003484,63.48437984737451,63.48437984737451,522.7746911561095,391305613.9865355
ŁOWICKI,1925,fixed14,463284461.38543046,463283254.32507,1597.9661211670216,390.9057607716439,390.9057607716439,1207.0603603953778,463282863.41930926
ŁUCKI,1925,fixed14,363716825.47105914,363716595.04125243,258.3588378273299,27.92903115530122,27.92903115530122,230.4298066720287,363716567.1122213
ŁUKOWSKI,1925,fixed14,407851604.3121854,407851012.3753508,680.2181936547014,88.28135904556669,88.28135904556669,591.9368346091347,407850924.09399176
ŁUNINIECKI,1925,fixed14,344946036.5862341,344945895.6100108,160.12318879679657,19.146965496433964,19.146965496433964,140.97622330036262,344945876.4630453
ŁÓDZKI,1925,fixed14,468989930.4190972,468988122.3174932,2702.5934621556517,894.4918581654546,894.4918581654546,1808.1016039901972,468987227.825635
ŁÓDŹ (MIASTO),1925,fixed14,469289269.0106328,468816882.8376958,472715.6605109714,329.48757389715695,329.48757389715695,472386.1729370742,468816553.35012186
ŁĘCZYCKI,1925,fixed14,472798581.4192114,472797395.09358186,1568.5913322031531,382.26570264547314,382.26570264547314,1186.32562955768,472797012.8278792
ŚNIATYŃSKI,1925,fixed14,388389148.99726164,388387753.15730464,1423.984792291933,28.144835288670777,28.144835288670777,1395.8399570032623,388387725.01246935
ŚREDZKI,1925,fixed14,509374798.7386884,509373626.374383,1378.966950677843,206.60264522748125,206.60264522748125,1172.3643054503618,509373419.77173775
ŚREMSKI,1925,fixed14,503325431.73602915,503324528.5691663,1035.3467277970826,132.1798649187768,132.1798649187768,903.1668628783059,503324396.38930136
ŚWIECKI,1925,fixed14,452510658.1080314,452509914.31623024,856.5087337033082,112.71693256329095,112.71693256329095,743.7918011400172,452509801.5992977
ŚWIĘCIAŃSKI,1925,fixed14,333732223.7196289,333731992.59095097,252.68475226044583,21.55607436387436,21.55607436387436,231.12867789657147,333731971.0348766
ŚWIĘTOCHŁOWICKI,1925,fixed14,485011702.96063536,484916029.87962526,97182.69779145098,1509.6167813773034,1509.6167813773034,95673.08101007367,484914520.2628439
ŻNIŃSKI,1925,fixed14,485283302.15853864,485282246.8023793,1223.8283582100053,168.47219887433778,168.47219887433778,1055.3561593356676,485282078.3301804
ŻYDACZOWSKI,1925,fixed14,383115295.289754,383114621.6391006,726.0687101808309,52.4180568201219,52.4180568201219,673.6506533607089,383114569.22104377
ŻYWIECKI,1925,fixed14,436068348.55901873,436067025.783951,1475.0767292509292,152.3016614908918,152.3016614908918,1322.7750677600375,436066873.4822895
ŻÓŁKIEWSKI,1925,fixed14,389144132.0329256,389143376.5382518,886.6796811600136,131.1850074215928,131.1850074215928,755.4946737384208,389143245.3532444
AUGUSTOWSKI,1926,fixed14,372312214.44363564,372311882.0759456,359.36457508513536,26.99688506039852,26.99688506039852,332.3676900247368,372311855.07906055
BARANOWICKI,1926,fixed14,373319071.20556533,373318851.44694936,259.77726517480096,40.01864922986769,40.01864922986769,219.75861594493324,373318811.42830014
BIALSKI (BIAŁA KRAKOWSKA),1926,fixed14,486857725.0721091,486853751.64737344,4138.780130706354,165.35539504409314,165.35539504409314,3973.424735662261,486853586.2919784
BIALSKI (BIAŁA PODLASKA),1926,fixed14,420121118.2281265,420120457.1024669,737.9504472965274,76.82478766966723,76.82478766966723,661.1256596268602,420120380.2776792
BIAŁOSTOCKI,1926,fixed14,411758522.3531445,411757811.1123532,777.5753405352616,66.33454919920264,66.33454919920264,711.2407913360589,411757744.777804
BIELSKI (BIELSK PODLASKI),1926,fixed14,407458919.62983924,407458691.6931178,283.1276207658394,55.1908993025081,55.1908993025081,227.93672146333134,407458636.5022185
BIELSKO,1926,fixed14,488284022.05894756,488267940.34891194,16240.216764168112,158.5067285425185,158.5067285425185,16081.710035625592,488267781.8421834
BIŁGORAJSKI,1926,fixed14,406523388.0391251,406522885.57207537,556.7275360917314,54.260486346213995,54.260486346213995,502.46704974551744,406522831.311589
BOCHEŃSKI,1926,fixed14,473368797.0564559,473367879.9239746,1116.757184574586,199.62470323744017,199.62470323744017,917.1324813371458,473367680.29927135
BORSZCZOWSKI,1926,fixed14,369901317.8831282,369900543.79376847,787.3305228093221,13.241163094588352,13.241163094588352,774.0893597147337,369900530.5526054
BRASŁAWSKI,1926,fixed14,334205648.09826165,334205497.83974004,160.04975757562516,9.791235975484893,9.791235975484893,150.25852160014028,334205488.04850405
BRODNICKI,1926,fixed14,466575424.1437048,466574237.8205752,1273.506846409398,87.18371681743886,87.18371681743886,1186.323129591959,466574150.63685834
BRODZKI,1926,fixed14,396587003.47240764,396586298.1546628,754.2332968164261,48.91555194321437,48.91555194321437,705.3177448732117,396586249.2391108
BRZESKI (BRZESKO),1926,fixed14,436789379.7386627,436788375.31874186,1052.491965134028,48.07204423859155,48.07204423859155,1004.4199208954366,436788327.2466976
BRZESKI (BRZEŚĆ N.BUG.),1926,fixed14,418688157.21100646,418687845.4229679,390.39051943727566,78.60248086359421,78.60248086359421,311.78803857368143,418687766.820487
BRZEZIŃSKI,1926,fixed14,481361121.40251815,481359277.3842934,2207.7161406135633,363.69791586350226,363.69791586350226,1844.018224750061,481358913.6863775
BRZEŻAŃSKI,1926,fixed14,404427449.95435417,404426749.84994,754.4370870713727,54.33267287790731,54.33267287790731,700.1044141934655,404426695.5172671
BRZOZOWSKI,1926,fixed14,415835014.16354233,415833769.778752,1281.3797443071553,36.994953982070605,36.994953982070605,1244.3847903250846,415833732.78379804
BUCZACKI,1926,fixed14,396710663.078939,396709943.29474074,768.4278209586191,48.64362271204008,48.64362271204008,719.7841982465791,396709894.65111804
BYDGOSKI,1926,fixed14,500107056.059802,500105565.5247726,1636.6146104005002,146.07958095938594,146.07958095938594,1490.5350294411141,500105419.4451916
BÓBRECKI,1926,fixed14,402628092.8715384,402627138.5287053,999.558224073223,45.2153909604969,45.2153909604969,954.3428331127261,402627093.3133143
BĘDZIŃSKI,1926,fixed14,514704445.4687637,514700255.7965371,4321.56822922146,131.89600256519728,131.89600256519728,4189.672226656262,514700123.9005345
BŁOŃSKI,1926,fixed14,465767735.5810535,465765509.2272546,2388.2378126400304,161.8840137636227,161.8840137636227,2226.353798876408,465765347.34324086
CHEŁMIŃSKI,1926,fixed14,468486559.6584675,468485250.6908129,1395.7607574347508,86.79310287968826,86.79310287968826,1308.9676545550624,468485163.89771
CHEŁMSKI,1926,fixed14,420051106.6089124,420050340.1916421,850.5659189536319,84.14864868167071,84.14864868167071,766.4172702719612,420050256.0429934
CHODZIESKI,1926,fixed14,515237290.3161154,515236237.5582163,1157.1268963632904,104.36899725574202,104.36899725574202,1052.7578991075484,515236133.189219
CHOJNICKI,1926,fixed14,455926436.7531541,455926016.2221661,462.1085879583368,41.57760003185052,41.57760003185052,420.53098792648626,455925974.6445661
CHORZÓW,1926,fixed14,538941008.9785033,538644189.2900041,299659.50825457764,2839.8197553239,2839.8197553239,296819.68849925377,538641349.4702488
CHRZANOWSKI,1926,fixed14,505574009.8469327,505570764.198826,3557.92157194289,312.2734652770476,312.2734652770476,3245.648106665842,505570451.92536074
CIECHANOWSKI,1926,fixed14,446197052.4698914,446195765.1842817,1462.1434173692812,174.85780761135223,174.85780761135223,1287.285609757929,446195590.3264741
CIESZYŃSKI,1926,fixed14,482223239.74621266,482220209.1952327,3173.549235648378,142.99825566630085,142.99825566630085,3030.550979982077,482220066.196977
CZARNKOWSKI,1926,fixed14,513034643.65633595,513033674.6354665,1038.963126547466,69.9422570994072,69.9422570994072,969.0208694480588,513033604.6932094
CZORTKOWSKI,1926,fixed14,396864502.0548037,396863276.60740864,1287.7340299921545,62.2866349318572,62.2866349318572,1225.4473950602974,396863214.3207737
CZĘSTOCHOWSKI,1926,fixed14,475916697.20498574,475915317.1481256,1474.1376560489514,94.08079587453949,94.08079587453949,1380.056860174412,475915223.0673297
DOBROMILSKI,1926,fixed14,415431445.10132706,415430711.90243834,783.3369248145793,50.13803607921162,50.13803607921162,733.1988887353677,415430661.7644023
DOLIŃSKI,1926,fixed14,409876642.82877386,409876303.6636839,384.54104817788414,45.375958231805306,45.375958231805306,339.1650899460788,409876258.2877257
DROHICKI,1926,fixed14,380198759.7007753,380198498.9646518,288.1048447286558,27.3687212506025,27.3687212506025,260.7361234780533,380198471.5959306
DROHOBYCKI,1926,fixed14,419755590.3707103,419754319.55526143,1350.539474394852,79.7240254834457,79.7240254834457,1270.8154489114063,419754239.83123595
DUBIEŃSKI,1926,fixed14,378797141.42864186,378796732.8202213,432.1627054521472,23.554284921597258,23.554284921597258,408.6084205305499,378796709.2659364
DZIAŁDOWSKI,1926,fixed14,437453885.2015561,437453480.41209805,437.6254029971627,32.83594496145637,32.83594496145637,404.78945803570633,437453447.5761531
DZIŚNIEŃSKI,1926,fixed14,328802140.5850032,328801930.174799,221.13289560485148,10.722691423223434,10.722691423223434,210.41020418162805,328801919.4521076
DĄBROWSKI,1926,fixed14,448674703.87223107,448673954.48671776,837.2362879016316,87.85077458129852,87.85077458129852,749.3855133203331,448673866.6359432
GARWOLIŃSKI,1926,fixed14,434370088.82038647,434369524.9946094,683.4609493542265,119.63517227942486,119.63517227942486,563.8257770748016,434369405.3594371
GNIEŹNIEŃSKI,1926,fixed14,543623790.4255166,543621925.9995399,2096.418379753815,231.99240303354077,231.99240303354077,1864.425976720274,543621694.0071368
GORLICKI,1926,fixed14,443421993.3158787,443421162.4989951,914.6519024863109,83.83501890955101,83.83501890955101,830.8168835767599,443421078.6639762
GOSTYNIŃSKI,1926,fixed14,467745295.3943373,467744178.457437,1246.6731051845522,129.73620485201607,129.73620485201607,1116.9369003325362,467744048.7212321
GOSTYŃSKI,1926,fixed14,553460595.544889,553458863.5502104,1930.5805482452167,198.58586964242176,198.58586964242176,1731.994678602795,553458664.9643407
GRODZIEŃSKI,1926,fixed14,383128798.568416,383128527.3342478,302.6449832805671,31.410815099647145,31.410815099647145,271.23416818091994,383128495.9234327
GRUDZIĄDZKI,1926,fixed14,469645985.6980487,469643835.32355255,2265.781716472706,115.4072202792567,115.4072202792567,2150.3744961934494,469643719.91633224
GRÓDECKI,1926,fixed14,411467763.0704554,411467042.8665482,892.7762925851538,172.57238536228894,172.57238536228894,720.2039072228648,411466870.2941628
GRÓJECKI,1926,fixed14,437704565.2492228,437703574.4511975,1322.3987974269153,331.60077212037277,331.60077212037277,990.7980253065425,437703242.85042536
HOROCHOWSKI,1926,fixed14,378670436.5513823,378669837.9406182,611.4399248405682,12.829160761491192,12.829160761491192,598.6107640790771,378669825.11145747
HORODEŃSKI,1926,fixed14,392667784.23890424,392666780.11925703,1027.7975967175478,23.677949486784637,23.677949486784637,1004.1196472307631,392666756.44130754
HRUBIESZOWSKI,1926,fixed14,404768859.02035004,404768149.15788126,784.6029853279073,74.7405165372707,74.7405165372707,709.8624687906366,404768074.4173647
INOWROCŁAWSKI,1926,fixed14,497911132.6131112,497909297.48053396,1944.838356932849,109.70577967945903,109.70577967945903,1835.1325772533899,497909187.7747543
IWACEWICKI,1926,fixed14,378131660.51318544,378131422.52016157,267.09831312575545,29.105289306224194,29.105289306224194,237.9930238195313,378131393.4148723
IŁŻECKI,1926,fixed14,435750621.71794224,435749903.57084197,763.7641880896243,45.617087838482625,45.617087838482625,718.1471002511418,435749857.9537541
JANOWSKI,1926,fixed14,422442347.4303474,422441725.1227849,688.6638204603041,66.3562579455663,66.3562579455663,622.3075625147378,422441658.76652694
JAROCIŃSKI,1926,fixed14,539513694.5802383,539512065.5764891,1801.224342103541,172.2205928850841,172.2205928850841,1629.003749218457,539511893.3558962
JAROSŁAWSKI,1926,fixed14,432718791.78283924,432717866.262107,1014.9726305479026,89.45189830773504,89.45189830773504,925.5207322401675,432717776.8102087
JASIELSKI,1926,fixed14,438752209.94808877,438751234.4265882,1064.6458678043573,89.12436721019324,89.12436721019324,975.521500594164,438751145.30222094
JAWOROWSKI,1926,fixed14,403814946.3822878,403814302.45789486,727.8751862968338,83.95079336046203,83.95079336046203,643.9243929363718,403814218.5071015
JĘDRZEJOWSKI,1926,fixed14,471030437.2860725,471029612.1971317,939.9374341635915,114.84849330933943,114.84849330933943,825.0889408542521,471029497.34863836
KALISKI,1926,fixed14,508431455.3719325,508429565.6316163,1956.1996057234333,66.45928948977124,66.45928948977124,1889.740316233662,508429499.1723268
KAMIONECKI,1926,fixed14,403546996.063171,403546404.0230833,668.3352229822517,76.29513527824989,76.29513527824989,592.0400877040018,403546327.72794807
KARTUSKI,1926,fixed14,430427409.0773264,430426908.3016468,528.8646910322035,28.089011414743077,28.089011414743077,500.77567961746047,430426880.2126354
KATOWICE,1926,fixed14,527563960.23825884,527500902.70853406,63818.48849082085,760.9587660334648,760.9587660334648,63057.52972478738,527500141.749768
KAŁUSKI,1926,fixed14,395628251.0269007,395627665.39043236,610.2059374699655,24.56946907187757,24.56946907187757,585.6364683980879,395627640.82096326
KIELECKI,1926,fixed14,463475217.47011507,463474445.1953257,872.4585343090619,100.18374489521477,100.18374489521477,772.2747894138471,463474345.01158077
KOBRYŃSKI,1926,fixed14,399022693.07668525,399022453.1479013,288.28166363434457,48.35287969578329,48.35287969578329,239.92878393856125,399022404.7950216
KOLBUSZOWSKI,1926,fixed14,412523467.74826705,412522727.57151484,763.5174879806406,23.34073581388378,23.34073581388378,740.1767521667568,412522704.23077905
KOLSKI,1926,fixed14,498854283.28243154,498852911.888271,1517.502704681155,146.10854409824012,146.10854409824012,1371.3941605829148,498852765.77972686
KONECKI,1926,fixed14,465353526.3305532,465352945.09203196,698.9145834495496,117.67606221928196,117.67606221928196,581.2385212302677,465352827.4159697
KONIŃSKI,1926,fixed14,503924655.95082337,503923682.2052636,1053.6916909786216,79.94613123142506,79.94613123142506,973.7455597471966,503923602.2591324
KOPYCZYNIECKI,1926,fixed14,392537276.03815234,392536436.89565164,891.9869721899086,52.844471520410494,52.844471520410494,839.1425006694981,392536384.0511801
KOSOWSKI (KOSÓW HUCULSKI),1926,fixed14,378989202.4020056,378988964.0447822,250.38019319683082,12.022969798568012,12.022969798568012,238.35722339826282,378988952.02181244
KOSTOPOLSKI,1926,fixed14,366051463.49963605,366051291.2867526,193.27166601935903,21.058782545754806,21.058782545754806,172.21288347360422,366051270.22797006
KOSZYRSKI,1926,fixed14,364789202.37729675,364789027.6721861,190.42502048013608,15.719909779891537,15.719909779891537,174.70511070024455,364789011.9522763
KOWELSKI,1926,fixed14,395802950.0476404,395802788.1964796,199.96658402715815,38.11542324399677,38.11542324399677,161.85116078316136,395802750.08105636
KOZIENICKI,1926,fixed14,436640975.52559775,436640488.450402,581.876262142516,94.80106638469044,94.80106638469044,487.0751957578256,436640393.6493356
KOŁOMYJSKI,1926,fixed14,416311354.130345,416310472.94381714,932.7865634704815,51.60003561822315,51.60003561822315,881.1865278522583,416310421.34378153
KOŚCIAŃSKI,1926,fixed14,573304116.2992322,573302526.0917194,1850.510034648125,260.3025218230486,260.3025218230486,1590.2075128250763,573302265.7891976
KOŚCIERSKI,1926,fixed14,442680241.51723,442679577.6529937,698.4536779651964,34.58944166844372,34.58944166844372,663.8642362967528,442679543.063552
KRAKOWSKI,1926,fixed14,483770648.51283735,483769016.1427454,2329.3309673494596,696.9608754018308,696.9608754018308,1632.3700919476287,483768319.18187
KRAKÓW (MIASTO),1926,fixed14,483981399.21850497,483677028.0383216,304654.99828257645,283.818099220514,283.818099220514,304371.18018335593,483676744.2202224
KRASNOSTAWSKI,1926,fixed14,410821087.1069361,410820241.1950139,903.7498597812394,57.83793759503397,57.83793759503397,845.9119221862054,410820183.3570763
KROTOSZYŃSKI,1926,fixed14,532176124.89707005,532174197.5477432,2057.1295627349336,129.78023585987,129.78023585987,1927.3493268750638,532174067.7675073
KROŚNIEŃSKI,1926,fixed14,434789563.0719102,434788088.6666805,1545.8126113075405,71.40738159906505,71.40738159906505,1474.4052297084754,434788017.2592989
KRZEMIENIECKI,1926,fixed14,366852294.7915311,366851816.8139274,494.43692974083757,16.45932608334032,16.45932608334032,477.97760365749724,366851800.3546013
KUTNOWSKI,1926,fixed14,491655776.53334254,491652694.12872887,3368.745026779213,286.34041310318486,286.34041310318486,3082.404613676028,491652407.7883158
KĘPIŃSKI,1926,fixed14,523851624.13689774,523850527.273924,1163.4808857036728,66.61791195339946,66.61791195339946,1096.8629737502733,523850460.65601206
LESKI,1926,fixed14,403065219.84002656,403064803.59825414,440.082813995429,23.841041563040754,23.841041563040754,416.24177243238825,403064779.7572126
LESZCZYŃSKI,1926,fixed14,575273434.2448839,575271740.2998058,1897.3514431224035,203.40636498503173,203.40636498503173,1693.9450781373716,575271536.8934407
LIDZKI,1926,fixed14,369524051.8760778,369523812.4774583,271.4372852311176,32.03866575430231,32.03866575430231,239.3986194768153,369523780.4387925
LIMANOWSKI,1926,fixed14,447113737.97936034,447113081.1102262,717.7812520025767,60.9121178850146,60.9121178850146,656.8691341175621,447113020.1981083
LIPNOWSKI,1926,fixed14,405240956.5589306,405240022.7190448,992.2281430369273,58.388257250077544,58.388257250077544,933.8398857868498,405239964.33078754
LUBACZOWSKI,1926,fixed14,399192730.70285124,399192101.7547651,664.3734816731842,35.425395548982365,35.425395548982365,628.9480861242018,399192066.32936954
LUBARTOWSKI,1926,fixed14,425791384.27703637,425790671.8491224,847.0169258851877,134.5890118999665,134.5890118999665,712.4279139852212,425790537.2601105
LUBAWSKI,1926,fixed14,448306204.68260604,448304848.41716444,1400.4146269887378,44.149185441491724,44.149185441491724,1356.2654415472462,448304804.267979
LUBELSKI,1926,fixed14,431546451.38583124,431544811.7512403,1744.7002953809067,105.06570445013213,105.06570445013213,1639.6345909307745,431544706.68553585
LUBLINIECKI,1926,fixed14,518788590.50139815,518787458.7013896,1234.5816266223976,102.78161808688307,102.78161808688307,1131.8000085355145,518787355.91977155
LUBOMELSKI,1926,fixed14,397266735.8995129,397266480.0331952,294.1610617760865,38.29474407950191,38.29474407950191,255.86631769658462,397266441.7384511
LWOWSKI,1926,fixed14,415945208.013304,415944206.458203,1548.1881101727267,546.6330092030379,546.6330092030379,1001.5551009696889,415943659.8251938
LWÓW (MIASTO),1926,fixed14,424343076.6991922,424206765.449338,136612.61484621564,301.36499205052434,301.36499205052434,136311.24985416513,424206464.084346
M. ST. WARSZAWA,1926,fixed14,463760132.32054824,463266354.89506465,494402.49835638696,625.0728728140473,625.0728728140473,493777.42548357294,463265729.82219183
MAKOWSKI (MAKÓW MAZOWIECKI),1926,fixed14,419612547.32706565,419611891.1643062,703.1570292898713,46.994269870307654,46.994269870307654,656.1627594195636,419611844.1700364
MIECHOWSKI,1926,fixed14,467110162.6056349,467109192.07362807,1037.252301332871,66.72029450037654,66.72029450037654,970.5320068324944,467109125.3533336
MIELECKI,1926,fixed14,445006168.141474,445005476.6334168,775.3555095110594,83.8474522550914,83.8474522550914,691.508057255968,445005392.7859645
MIĘDZYCHODZKI,1926,fixed14,561482208.9803379,561481122.4554888,1148.5135224921455,61.988673468635206,61.988673468635206,1086.5248490235103,561481060.4668154
MIŃSKI,1926,fixed14,444569356.71996355,444568318.8893601,1362.1921819676402,324.3615784368914,324.3615784368914,1037.8306035307487,444567994.5277816
MOGILEŃSKI,1926,fixed14,509281152.04582334,509279743.99094856,1527.8675154521065,119.81264068865883,119.81264068865883,1408.0548747634477,509279624.1783079
MORSKI,1926,fixed14,415714618.3413038,415713631.3955294,1003.5685744317751,16.622799986648758,16.622799986648758,986.9457744451264,415713614.7727294
MOŁODECZAŃSKI,1926,fixed14,345821160.58904487,345820897.71680176,279.6636210767584,16.791377981515485,16.791377981515485,262.8722430952429,345820880.9254238
MOŚCISKI,1926,fixed14,410362179.62350523,410361329.8895366,891.9904319714115,42.25646333309747,42.25646333309747,849.733968638314,410361287.6330733
MYŚLENICKI,1926,fixed14,443642872.35890573,443641616.4175747,1301.5571599663342,45.61582894728331,45.61582894728331,1255.941331019051,443641570.8017458
MŁAWSKI,1926,fixed14,439675490.27365917,439674658.03996354,910.4095323224244,78.17583669564968,78.17583669564968,832.2336956267748,439674579.86412686
NADWÓRNIAŃSKI,1926,fixed14,404216496.6081866,404216121.04465324,411.05587815993823,35.49234479101905,35.49234479101905,375.5635333689192,404216085.55230844
NIESZAWSKI,1926,fixed14,489464165.2349475,489462976.5943234,1326.15073180537,137.5101076797458,137.5101076797458,1188.6406241256243,489462839.0842157
NIEŚWIESKI,1926,fixed14,346589719.0622722,346589231.0181381,500.73488922050683,12.69075512608236,12.69075512608236,488.04413409442446,346589218.327383
NIŻAŃSKI,1926,fixed14,425492690.96728414,425492030.96200025,693.5398491994756,33.53456535346517,33.53456535346517,660.0052838460105,425491997.4274349
NOWOGRÓDZKI,1926,fixed14,364388480.7802095,364388148.3987916,365.46797287546883,33.086554993772936,33.086554993772936,332.3814178816959,364388115.3122366
NOWOSĄDECKI,1926,fixed14,446228107.27198756,446227326.87832433,848.0296851796468,67.6360219460298,67.6360219460298,780.393663233617,446227259.24230236
NOWOTARSKI,1926,fixed14,458943141.4914599,458942509.48912364,708.3923889805336,76.39005272396857,76.39005272396857,632.0023362565651,458942433.0990709
NOWOTOMYSKI,1926,fixed14,591065198.1555005,591063636.0917774,1662.76246424036,100.69874125633214,100.69874125633214,1562.063722984028,591063535.3930362
OBORNICKI,1926,fixed14,542510031.1793487,542509123.979448,1110.7541825074804,203.5542817354301,203.5542817354301,907.1999007720505,542508920.4251662
OLKUSKI,1926,fixed14,481193351.8982565,481192319.0036662,1107.833329255339,74.9387390039608,74.9387390039608,1032.8945902513783,481192244.0649272
OPATOWSKI,1926,fixed14,445555131.45190394,445554173.5821823,1014.8737006356604,57.00397894881066,57.00397894881066,957.8697216868497,445554116.5782033
OPOCZYŃSKI,1926,fixed14,470257152.66324484,470256636.6135698,690.9818668448395,174.93219178943409,174.93219178943409,516.0496750554054,470256461.681378
OSTROWSKI (OSTRÓW MAZOWIECKA),1926,fixed14,423102887.228421,423102366.16651285,625.9858553750042,104.9239472908423,104.9239472908423,521.0619080841619,423102261.2425656
OSTROWSKI (OSTRÓW WIELKOPOLSKI),1926,fixed14,533010259.3648406,533008661.4369191,1702.9514682354618,105.02354669779291,105.02354669779291,1597.927921537669,533008556.4133724
OSTROŁĘCKI,1926,fixed14,413270507.9927578,413270057.9207165,522.8806655454295,72.8086242900844,72.8086242900844,450.0720412553451,413269985.11209226
OSZMIAŃSKI,1926,fixed14,332448724.799438,332448337.64111936,396.7800873837237,9.621768764497403,9.621768764497403,387.1583186192263,332448328.0193506
PIOTRKOWSKI,1926,fixed14,470296928.6680832,470296014.38369733,1043.487827895668,129.2034420333833,129.2034420333833,914.2843858622847,470295885.1802553
PIŃCZOWSKI,1926,fixed14,456584727.2143696,456583746.3410533,1038.904464798978,58.031148500654844,58.031148500654844,980.8733162983232,456583688.3099048
PIŃSKI,1926,fixed14,373877125.2278017,373876934.0129219,216.3622538300198,25.147374114596087,25.147374114596087,191.2148797154237,373876908.86554784
PODHAJECKI,1926,fixed14,405830281.5060143,405829724.1230287,618.9736455068288,61.59065990398669,61.59065990398669,557.3829856028422,405829662.5323688
POSTAWSKI,1926,fixed14,332940007.4932417,332939781.6978721,239.1336717893295,13.338302115357614,13.338302115357614,225.7953696739719,332939768.35956997
POZNAŃ (MIASTO),1926,fixed14,576321327.8420928,576171114.6781523,150998.72635910663,785.5624187428402,785.5624187428402,150213.1639403638,576170329.1157336
POZNAŃSKI,1926,fixed14,568640864.7250637,568639730.0180635,2845.026065181632,1710.3190651301154,1710.3190651301154,1134.7070000515166,568638019.6989985
PRUŻAŃSKI,1926,fixed14,395613714.82972157,395613429.0074677,328.1284633935626,42.306209503324204,42.306209503324204,285.82225389023836,395613386.7012582
PRZASNYCKI,1926,fixed14,401660612.27402174,401660006.42041355,647.3013859115027,41.44777776966818,41.44777776966818,605.8536081418346,401659964.9726358
PRZEMYSKI,1926,fixed14,430592115.10562944,430590694.3169784,1519.9498314957364,99.16118046129439,99.16118046129439,1420.788651034442,430590595.15579796
PRZEMYŚLAŃSKI,1926,fixed14,408332364.5249244,408331602.760566,835.2859626009908,73.521604178964,73.521604178964,761.7643584220268,408331529.2389618
PRZEWORSKI,1926,fixed14,433434454.354041,433432388.0677213,2159.71756109576,93.43124136974907,93.43124136974907,2066.2863197260112,433432294.6364799
PSZCZYŃSKI,1926,fixed14,509207573.2708029,509204926.583262,2930.48248454016,283.7949436083512,283.7949436083512,2646.6875409318086,509204642.7883184
PUŁAWSKI,1926,fixed14,425072466.4371504,425071591.98625207,948.171735588677,73.72083722449224,73.72083722449224,874.4508983641848,425071518.26541483
PUŁTUSKI,1926,fixed14,424219467.1479577,424218746.1091948,823.1840744781981,102.14531159477167,102.14531159477167,721.0387628834264,424218643.9638832
PŁOCKI,1926,fixed14,455137175.95190006,455135671.3576667,1583.6349258247963,79.04069241974237,79.04069241974237,1504.594233405054,455135592.3169742
PŁOŃSKI,1926,fixed14,430528307.3497609,430527476.70222336,1008.299657459314,177.65211994896822,177.65211994896822,830.6475375103457,430527299.0501034
RADOMSKI,1926,fixed14,448585811.71770555,448585109.0873605,795.2189897322968,92.58864466356432,92.58864466356432,702.6303450687325,448585016.4987158
RADOMSZCZAŃSKI,1926,fixed14,476845816.7989753,476845132.7380759,814.7379528854981,130.6770535179839,130.6770535179839,684.0608993675141,476845002.0610224
RADZIECHOWSKI,1926,fixed14,386965260.01199526,386964673.0551663,613.093089857154,26.136260951054304,26.136260951054304,586.9568289060998,386964646.9189054
RADZYMIŃSKI,1926,fixed14,450845586.8288475,450844500.36352515,1945.9101740945075,859.4448516767466,859.4448516767466,1086.465322417761,450843640.91867346
RADZYŃSKI,1926,fixed14,424362964.9826527,424362302.0891568,741.7790777104644,78.88558179079855,78.88558179079855,662.8934959196658,424362223.203575
RAWICKI,1926,fixed14,555051940.4428375,555049675.864621,2435.730296048623,171.1520795825477,171.1520795825477,2264.5782164660754,555049504.7125415
RAWSKI (RAWA MAZOWIECKA),1926,fixed14,459699009.2072319,459698200.005196,936.6130596506717,127.41102370662796,127.41102370662796,809.2020359440438,459698072.59417224
RAWSKI (RAWA RUSKA),1926,fixed14,411156629.82698166,411156109.8977636,588.9512180565027,69.02200002013713,69.02200002013713,519.9292180363656,411156040.8757636
ROHATYŃSKI,1926,fixed14,402282953.3972079,402282213.80228186,782.7314512338056,43.13652517928747,43.13652517928747,739.5949260545182,402282170.6657567
ROPCZYCKI,1926,fixed14,448394434.4070675,448393629.92773265,893.63252097515,89.15318616621816,89.15318616621816,804.4793348089319,448393540.7745465
RUDECKI,1926,fixed14,405288250.0400777,405287335.4988486,960.7919344588263,46.25070538879772,46.25070538879772,914.5412290700285,405287289.24814326
RYBNICKI,1926,fixed14,497593412.257155,497590242.31379485,3357.3176503817126,187.37429025488987,187.37429025488987,3169.943360126823,497590054.9395046
RYPIŃSKI,1926,fixed14,404929176.4860142,404928061.68797106,1178.3060863760375,63.508043243570235,63.508043243570235,1114.7980431324672,404927998.1799278
RZESZOWSKI,1926,fixed14,437446494.3296874,437445209.920398,1355.186343362028,70.7770539260824,70.7770539260824,1284.4092894359458,437445139.14334404
RÓWIEŃSKI,1926,fixed14,371481008.69994414,371480452.14506614,578.5888240358629,22.03394605256474,22.03394605256474,556.5548779832982,371480430.1111201
SAMBORSKI,1926,fixed14,425120819.9375293,425119942.602932,1014.227692302233,136.89309497492357,136.89309497492357,877.3345973273094,425119805.709837
SANDOMIERSKI,1926,fixed14,427939427.4749029,427938456.1971555,1001.1885568684784,29.91080941308586,29.91080941308586,971.2777474553925,427938426.2863461
SANOCKI,1926,fixed14,415256745.6144593,415255933.98985916,847.5070740715187,35.88247394033281,35.88247394033281,811.6246001311858,415255898.1073852
SARNEŃSKI,1926,fixed14,373204335.63723046,373204216.0629999,145.8097025680332,26.235472009554368,26.235472009554368,119.57423055847885,373204189.8275279
SIEDLECKI,1926,fixed14,431297097.46166795,431296350.59269655,860.6258477884261,113.75687642004542,113.75687642004542,746.8689713683807,431296236.83582014
SIERADZKI,1926,fixed14,502331933.3705905,502330891.8586452,1223.3152079914146,181.8032627228777,181.8032627228777,1041.511945268537,502330710.0553825
SIERPECKI,1926,fixed14,403261795.7967034,403260873.5489468,974.968092735368,52.720336139147925,52.720336139147925,922.2477565962201,403260820.82861066
SKAŁACKI,1926,fixed14,384556495.1799047,384555668.94679385,856.3607194451821,30.127608601152073,30.127608601152073,826.2331108440301,384555638.81918526
SKIERNIEWICKI,1926,fixed14,475846437.34968406,475845280.32761914,1421.3826786567697,264.3606137002985,264.3606137002985,1157.0220649564712,475845015.96700543
SOCHACZEWSKI,1926,fixed14,464076019.2969032,464075018.3877061,1243.5196738992533,242.61047678068877,242.61047678068877,1000.9091971185645,464074775.7772293
SOKALSKI,1926,fixed14,403685981.605914,403685318.86680955,715.4738443621846,52.7347399172803,52.7347399172803,662.7391044449043,403685266.13206965
SOKOŁOWSKI,1926,fixed14,426251870.18770474,426251184.378131,783.9998210822338,98.19024729134249,98.19024729134249,685.8095737908912,426251086.1878837
SOKÓLSKI,1926,fixed14,399418001.15586054,399417610.26611227,445.9065387540448,55.01679043154935,55.01679043154935,390.88974832249545,399417555.2493218
STANISŁAWOWSKI,1926,fixed14,414558208.42070055,414557104.36582136,1172.687036039561,68.6321568480645,68.6321568480645,1104.0548791914964,414557035.7336645
STAROGARDZKI,1926,fixed14,448580072.28906053,448578949.5322692,1166.5844271705423,43.82763580627849,43.82763580627849,1122.7567913642638,448578905.70463336
STOLIŃSKI,1926,fixed14,357254104.09152234,357253999.6273704,121.78141688861966,17.317264978670902,17.317264978670902,104.46415190994875,357253982.31010544
STOPNICKI,1926,fixed14,421473034.6142432,421472399.70406723,660.5781962652915,25.6680203105666,25.6680203105666,634.9101759547249,421472374.0360469
STOŁPECKI,1926,fixed14,350273286.0470236,350272825.6350861,475.4822847151461,15.070347243163514,15.070347243163514,460.4119374719826,350272810.56473887
STRYJSKI,1926,fixed14,400103395.21461695,400102832.40204114,596.2492328746797,33.43665706833547,33.43665706833547,562.8125758063443,400102798.96538407
SUWALSKI,1926,fixed14,369409932.4369652,369409396.25568825,558.5029838892547,22.321706889962023,22.321706889962023,536.1812769992927,369409373.93398136
SZAMOTULSKI,1926,fixed14,552803943.9768082,552802829.4784304,1242.8526507692225,128.35427301906614,128.35427301906614,1114.4983777501564,552802701.1241574
SZCZUCZYŃSKI (WOJ. BIAŁOSTOCKIE),1926,fixed14,394550548.2087274,394550074.9066754,507.0379500425427,33.735897990207306,33.735897990207306,473.3020520523354,394550041.1707774
SZCZUCZYŃSKI (WOJ. NOWOGRÓDZKIE),1926,fixed14,366090518.0205075,366090264.70917666,272.2386731297658,18.927342301906442,18.927342301906442,253.31133082785934,366090245.78183436
SZUBIŃSKI,1926,fixed14,509677433.8923537,509676535.92149824,1075.1065276622617,177.13567224140198,177.13567224140198,897.9708554208596,509676358.785826
SĘPOLEŃSKI,1926,fixed14,488451400.78579724,488450268.7280471,1232.8268640410813,100.76911387159264,100.76911387159264,1132.0577501694886,488450167.9589332
SŁONIMSKI,1926,fixed14,379034151.9735467,379033854.0961892,334.55354393877644,36.67618643758228,36.67618643758228,297.8773575011942,379033817.42000276
TARNOBRZESKI,1926,fixed14,445822077.13570464,445821307.03771734,831.1061647563662,61.0081774760563,61.0081774760563,770.0979872803099,445821246.0295399
TARNOGÓRSKI,1926,fixed14,535147291.3361811,535139751.8345793,8014.151851934424,474.6502501241435,474.6502501241435,7539.50160181028,535139277.18432915
TARNOPOLSKI,1926,fixed14,398292667.3422431,398291881.889373,848.0924086575992,62.63953860078815,62.63953860078815,785.4528700568111,398291819.2498344
TARNOWSKI,1926,fixed14,457038803.6112764,457037498.8189467,1416.0367844401703,111.2444547504118,111.2444547504118,1304.7923296897586,457037387.574492
TCZEWSKI,1926,fixed14,441685506.63663626,441683668.5705064,1871.3413143492571,33.275184507817976,33.275184507817976,1838.066129841439,441683635.2953219
TOMASZOWSKI,1926,fixed14,396727258.8466444,396726468.42005646,836.3446870761416,45.91809913570748,45.91809913570748,790.426587940434,396726422.5019573
TORUŃSKI,1926,fixed14,492443772.06848204,492441902.4274818,2019.2121363691876,149.5711361370769,149.5711361370769,1869.6410002321106,492441752.85634565
TREMBOWELSKI,1926,fixed14,396303305.25265807,396302427.84486234,941.8951305219508,64.48733481011196,64.48733481011196,877.4077957118388,396302363.35752755
TUCHOLSKI,1926,fixed14,471193408.7323709,471192508.3334342,973.5859508615812,73.18701416601357,73.18701416601357,900.3989366955676,471192435.14642006
TURCZAŃSKI,1926,fixed14,409078871.0460506,409078446.47535384,478.40768688549883,53.83699010558847,53.83699010558847,424.57069677991035,409078392.6383637
TURECKI,1926,fixed14,472531629.5295467,472530793.48143816,872.115533389992,36.067424879452815,36.067424879452815,836.0481085105392,472530757.41401327
TŁUMACKI,1926,fixed14,408636018.0031806,408635185.0466429,904.5280286564682,71.5714909585808,71.5714909585808,832.9565376978875,408635113.47515196
WADOWICKI,1926,fixed14,481574582.6981794,481573300.40787274,1477.2786404460337,194.98833376922397,194.98833376922397,1282.2903066768097,481573105.419539
WARSZAWSKI,1926,fixed14,460938182.15547234,460936260.39046633,5391.095773637529,3469.330767654417,3469.330767654417,1921.7650059831126,460932791.0596987
WIELUŃSKI,1926,fixed14,523557511.4217796,523556948.40886474,616.242096496899,53.22918163946179,53.22918163946179,563.0129148574372,523556895.1796831
WILEJSKI,1926,fixed14,332056095.0254653,332055814.86680025,289.5107370561104,9.352071998836621,9.352071998836621,280.15866505727377,332055805.51472825
WILEŃSKO-TROCKI,1926,fixed14,359560161.5135865,359559943.44843096,294.92545430706156,76.86029875009197,76.86029875009197,218.0651555569696,359559866.5881322
WILNO (MIASTO),1926,fixed14,368054883.8334617,368013407.0086766,41569.38264997429,92.55786483284687,92.55786483284687,41476.82478514145,368013314.45081174
WOLSZTYŃSKI,1926,fixed14,611252428.6588608,611251330.9208508,1263.8297129369053,166.0917029025335,166.0917029025335,1097.7380100343717,611251164.8291478
WOŁKOWYSKI,1926,fixed14,394718294.429741,394718052.7441016,285.37377144463125,43.688131988743294,43.688131988743294,241.68563945588795,394718009.0559696
WOŁOŻYŃSKI,1926,fixed14,335341486.01231444,335341033.540347,462.6914263181247,10.219458901838676,10.219458901838676,452.471967416286,335341023.3208881
WRZESIŃSKI,1926,fixed14,538539079.6294553,538537460.0765309,1810.3334941093683,190.78056969755204,190.78056969755204,1619.5529244118163,538537269.2959613
WYRZYSKI,1926,fixed14,500328223.82257694,500327143.94999105,1211.0001377631297,131.1275518664072,131.1275518664072,1079.8725858967225,500327012.8224392
WYSOKOMAZOWIECKI,1926,fixed14,403656850.29899144,403656313.179236,588.6992904572708,51.57953502585266,51.57953502585266,537.1197554314181,403656261.599701
WĄBRZESKI,1926,fixed14,473850642.1623632,473849507.89585733,1247.3937174497628,113.12721164390449,113.12721164390449,1134.2665058058583,473849394.7686457
WĄGROWIECKI,1926,fixed14,532013953.7409463,532013055.9415349,1074.24974570865,176.45033428499886,176.45033428499886,897.799411423651,532012879.49120057
WĘGROWSKI,1926,fixed14,408279476.57354623,408278817.2131984,708.2124307915373,48.85208295057519,48.85208295057519,659.360347840962,408278768.36111546
WŁOCŁAWSKI,1926,fixed14,482877282.4150989,482874973.5727054,2439.4247528212663,130.58235932316552,130.58235932316552,2308.8423934981006,482874842.9903461
WŁODAWSKI,1926,fixed14,399809999.734054,399809590.9109303,448.6187889196189,39.79566512570579,39.79566512570579,408.8231237939131,399809551.11526513
WŁODZIMIERSKI,1926,fixed14,402454532.04670405,402454079.8030919,508.75017534593326,56.506563199748584,56.506563199748584,452.24361214618466,402454023.2965287
WŁOSZCZOWSKI,1926,fixed14,446037068.7501331,446036460.1264997,665.7984174683259,57.17478405039302,57.17478405039302,608.6236334179329,446036402.95171565
ZALESZCZYCKI,1926,fixed14,391068734.9249586,391067837.5113462,923.5858753333207,26.172262992468323,26.172262992468323,897.4136123408524,391067811.33908325
ZAMOJSKI,1926,fixed14,419423220.6734367,419422235.1846154,1075.300653013399,89.81183169397013,89.81183169397013,985.4888213194287,419422145.37278366
ZBARASKI,1926,fixed14,388234704.387236,388233758.2026247,986.1062511704092,39.921639886972436,39.921639886972436,946.1846112834368,388233718.2809848
ZBOROWSKI,1926,fixed14,380966615.0908761,380965827.9156033,809.5061695415872,22.33089674176089,22.33089674176089,787.1752727998263,380965805.58470654
ZDOŁBUNOWSKI,1926,fixed14,370853209.3855745,370852365.1938653,864.4808854975637,20.289176286217806,20.289176286217806,844.1917092113459,370852344.904689
ZŁOCZOWSKI,1926,fixed14,398654431.4361581,398653823.29453313,667.4268507235483,59.285225773366726,59.285225773366726,608.1416249501816,398653764.0093074
ŁASKI,1926,fixed14,477962598.0631434,477961554.202282,1181.4033683337493,137.54250700701587,137.54250700701587,1043.8608613267334,477961416.659775
ŁAŃCUCKI,1926,fixed14,429330097.1775146,429329099.15549225,1051.9402685015625,53.918246151926596,53.918246151926596,998.0220223496359,429329045.2372461
ŁOMŻYŃSKI,1926,fixed14,408813797.15180665,408813219.688061,637.860580048165,60.39683435930051,60.39683435930051,577.4637456888645,408813159.2912266
ŁOWICKI,1926,fixed14,482876942.7905732,482875917.77380073,1379.5803409375744,354.56356849932155,354.56356849932155,1025.016772438253,482875563.21023226
ŁUCKI,1926,fixed14,381746073.69202936,381745820.4430791,281.83050079166287,28.58155053404828,28.58155053404828,253.24895025761458,381745791.8615286
ŁUKOWSKI,1926,fixed14,426452911.938311,426452270.63946784,726.1598298735837,84.86098672892851,84.86098672892851,641.2988431446552,426452185.7784811
ŁUNINIECKI,1926,fixed14,361626576.0882935,361626417.23568594,178.73796096591974,19.88535343294342,19.88535343294342,158.85260753297632,361626397.3503325
ŁÓDZKI,1926,fixed14,488836887.0405956,488834888.68100107,2838.7994428936518,840.4398483878903,840.4398483878903,1998.3595945057616,488834048.2411527
ŁÓDŹ (MIASTO),1926,fixed14,489174625.66029805,488727865.49553907,447076.9393260489,316.77456703905574,316.77456703905574,446760.16475900984,488727548.720972
ŁĘCZYCKI,1926,fixed14,492564337.9643537,492563154.51348746,1535.9970100232454,352.54614381928155,352.54614381928155,1183.4508662039639,492562801.9673436
ŚNIATYŃSKI,1926,fixed14,411019001.5227845,411017598.5372653,1430.4411139662468,27.455594752793967,27.455594752793967,1402.9855192134528,411017571.0816705
ŚREDZKI,1926,fixed14,546714320.5411508,546713094.6060424,1427.9820719001114,202.04696342879726,202.04696342879726,1225.9351084713142,546712892.5590789
ŚREMSKI,1926,fixed14,538265107.913771,538264166.9555084,1071.567805162526,130.6095424948326,130.6095424948326,940.9582626676934,538264036.3459659
ŚWIECKI,1926,fixed14,473602407.7397277,473601693.40007293,822.9115797391732,108.57192497246582,108.57192497246582,714.3396547667074,473601584.82814795
ŚWIĘCIAŃSKI,1926,fixed14,348986791.0934721,348986495.2372279,316.6534438271389,20.797199586704643,20.797199586704643,295.85624424043425,348986474.4400283
ŚWIĘTOCHŁOWICKI,1926,fixed14,539660538.0164002,539581403.2194505,80522.32946951396,1387.532519782535,1387.532519782535,79134.79694973143,539580015.6869307
ŻNIŃSKI,1926,fixed14,515676764.5178397,515675608.1627703,1326.2024398848216,169.84737042878638,169.84737042878638,1156.3550694560352,515675438.3153998
ŻYDACZOWSKI,1926,fixed14,403593619.3915761,403592918.4941562,748.8257335519311,47.92831362203287,47.92831362203287,700.8974199298982,403592870.56584257
ŻYWIECKI,1926,fixed14,479624206.4325483,479622906.22402644,1433.7556256920325,133.54710382668551,133.54710382668551,1300.208521865347,479622772.6769226
ŻÓŁKIEWSKI,1926,fixed14,409289855.71786976,409289133.0724218,834.6692165273239,112.02376852596116,112.02376852596116,722.6454480013628,409289021.04865324
AUGUSTOWSKI,1927,fixed14,400476736.5180637,400476324.63542396,443.03008594589056,31.14744617489749,31.14744617489749,411.8826397709931,400476293.4879778
BARANOWICKI,1927,fixed14,401167953.65023685,401167644.64557266,355.45395339780555,46.449289173153375,46.449289173153375,309.0046642246522,401167598.19628346
BIALSKI (BIAŁA KRAKOWSKA),1927,fixed14,525970525.4378382,525965835.7890359,4891.834398428473,202.185596180238,202.185596180238,4689.6488022482345,525965633.60343975
BIALSKI (BIAŁA PODLASKA),1927,fixed14,452201395.5603219,452200616.7391446,868.6690997137061,89.84792240786457,89.84792240786457,778.8211773058416,452200526.89122224
BIAŁOSTOCKI,1927,fixed14,443267712.1754172,443266908.189744,882.7854943429821,78.79982111764238,78.79982111764238,803.9856732253397,443266829.38992286
BIELSKI (BIELSK PODLASKI),1927,fixed14,438425825.397144,438425559.5574125,330.9372011283066,65.09746965570272,65.09746965570272,265.83973147260383,438425494.4599429
BIELSKO,1927,fixed14,527626503.0501619,527607327.13228923,19394.50794668119,218.590073993779,218.590073993779,19175.917872687412,527607108.5422152
BIŁGORAJSKI,1927,fixed14,436029437.49958885,436028802.2842504,701.3335855978555,66.1182471249887,66.1182471249887,635.2153384728668,436028736.1660032
BOCHEŃSKI,1927,fixed14,510504426.1563099,510503306.710001,1350.2851146158227,230.83880566707313,230.83880566707313,1119.4463089487497,510503075.8711953
BORSZCZOWSKI,1927,fixed14,394831014.4175559,394830053.1876101,977.6718671488916,16.44192130791026,16.44192130791026,961.2299458409814,394830036.7456888
BRASŁAWSKI,1927,fixed14,358842700.208598,358842520.8787502,190.37453939956106,11.0446915340232,11.0446915340232,179.32984786553786,358842509.83405864
BRODNICKI,1927,fixed14,505001902.8059679,505000263.1760109,1748.6629574120332,109.033000410929,109.033000410929,1639.6299570011042,505000154.1430105
BRODZKI,1927,fixed14,424480952.40105325,424480056.6401763,954.6242003122721,58.863323347458504,58.863323347458504,895.7608769648136,424479997.77685297
BRZESKI (BRZESKO),1927,fixed14,470336366.4946199,470335119.18024033,1305.04899284122,57.734613250715114,57.734613250715114,1247.314379590505,470335061.4456271
BRZESKI (BRZEŚĆ N.BUG.),1927,fixed14,450305309.44266367,450304975.7924596,427.37781099075437,93.72760694655017,93.72760694655017,333.6502040442042,450304882.06485265
BRZEZIŃSKI,1927,fixed14,520123516.9232362,520121361.90751654,2626.1972786629667,471.18155904825585,471.18155904825585,2155.0157196147106,520120890.7259575
BRZEŻAŃSKI,1927,fixed14,432001038.89432824,432000220.0775485,885.1627635126288,66.34598379693189,66.34598379693189,818.8167797156968,432000153.7315647
BRZOZOWSKI,1927,fixed14,446569561.03416777,446568124.77591795,1480.245673552802,43.98742371086161,43.98742371086161,1436.2582498419404,446568080.7884942
BUCZACKI,1927,fixed14,423224019.4124506,423223097.7475206,981.487674286972,59.82274430351544,59.82274430351544,921.6649299834565,423223037.9247763
BYDGOSKI,1927,fixed14,542304218.3071709,542302395.3041164,2001.7015685770275,178.69851404892873,178.69851404892873,1823.0030545280988,542302216.6056023
BÓBRECKI,1927,fixed14,430374506.13622105,430373379.5027167,1180.7002924118428,54.06678808420877,54.06678808420877,1126.633504327634,430373325.43592864
BĘDZIŃSKI,1927,fixed14,556768833.9780369,556763727.412797,5280.643027580697,174.07778764592254,174.07778764592254,5106.565239934775,556763553.3350093
BŁOŃSKI,1927,fixed14,503270982.5847792,503268332.3210058,2849.1583522861356,198.89457891309692,198.89457891309692,2650.2637733730385,503268133.4264269
CHEŁMIŃSKI,1927,fixed14,507420349.6549064,507418544.74949807,1911.145746493549,106.24033816804013,106.24033816804013,1804.905408325509,507418438.5091599
CHEŁMSKI,1927,fixed14,451216856.15889853,451215978.4922098,979.7189864935507,102.05229776672009,102.05229776672009,877.6666887268306,451215876.439912
CHODZIESKI,1927,fixed14,558982329.3731643,558981126.6854053,1327.7109543486808,125.02319523372566,125.02319523372566,1202.6877591149553,558981001.66221
CHOJNICKI,1927,fixed14,494144565.7891099,494143999.10548776,617.9602034537393,51.27658134266858,51.27658134266858,566.6836221110707,494143947.8289064
CHORZÓW,1927,fixed14,583420960.0184715,583031914.5931762,392720.95283154026,3675.527536226124,3675.527536226124,389045.4252953141,583028239.06564
CHRZANOWSKI,1927,fixed14,546434626.8095186,546430901.273559,4107.7554727390225,382.21951317421406,382.21951317421406,3725.5359595648083,546430519.0540458
CIECHANOWSKI,1927,fixed14,481863439.0489921,481862002.0829794,1641.1963336533727,204.230320924089,204.230320924089,1436.9660127292836,481861797.85265845
CIESZYŃSKI,1927,fixed14,523294101.697908,523290340.5430012,4009.6142747891536,248.4593680035996,248.4593680035996,3761.154906785554,523290092.0836332
CZARNKOWSKI,1927,fixed14,556553777.3290132,556552588.5092335,1272.0085955128345,83.18881573324376,83.18881573324376,1188.8197797795908,556552505.3204178
CZORTKOWSKI,1927,fixed14,423197189.9793556,423195661.50975496,1607.464850410402,78.99524983714008,78.99524983714008,1528.469600573262,423195582.51450515
CZĘSTOCHOWSKI,1927,fixed14,514321298.5190543,514319533.2447195,1883.937949082333,118.66361429221308,118.66361429221308,1765.2743347901198,514319414.58110523
DOBROMILSKI,1927,fixed14,445410848.70004237,445409996.654558,911.2956052073977,59.250120805683615,59.250120805683615,852.045484401714,445409937.4044372
DOLIŃSKI,1927,fixed14,437928196.47049385,437927793.62632394,457.34140037351705,54.497230490104734,54.497230490104734,402.8441698834123,437927739.12909347
DROHICKI,1927,fixed14,408654285.20454466,408653895.5503648,422.20875807587896,32.55457817348922,32.55457817348922,389.6541799023897,408653862.9957866
DROHOBYCKI,1927,fixed14,449222006.70353186,449220483.8068773,1617.233824940754,94.33717044311842,94.33717044311842,1522.8966544976356,449220389.4697069
DUBIEŃSKI,1927,fixed14,405490248.0733449,405489783.1648671,494.0355440216304,29.127066250585628,29.127066250585628,464.9084777710448,405489754.03780085
DZIAŁDOWSKI,1927,fixed14,472788247.2542651,472787662.6919748,625.8135141510519,41.25122388593597,41.25122388593597,584.562290265116,472787621.44075096
DZIŚNIEŃSKI,1927,fixed14,353099126.02605194,353098887.1843332,251.03329156292307,12.19157283234153,12.19157283234153,238.84171873058153,353098874.99276036
DĄBROWSKI,1927,fixed14,483220607.17466205,483219673.4085308,1039.356374723853,105.59024344317375,105.59024344317375,933.7661312806792,483219567.8182873
GARWOLIŃSKI,1927,fixed14,468178498.9468821,468177740.7794806,897.6994938864605,139.5320923484802,139.5320923484802,758.1674015379803,468177601.24738824
GNIEŹNIEŃSKI,1927,fixed14,589812585.1909593,589810750.1128608,2113.4427896409534,278.36469112993245,278.36469112993245,1835.078098511021,589810471.7481697
GORLICKI,1927,fixed14,477047529.47107065,477046472.3659239,1155.6296034945385,98.52445673804527,98.52445673804527,1057.1051467564932,477046373.84146714
GOSTYNIŃSKI,1927,fixed14,505858721.22723705,505857259.86753166,1619.1713531649234,157.8116477500914,157.8116477500914,1461.359705414832,505857102.0558839
GOSTYŃSKI,1927,fixed14,600567420.5253438,600565499.3093227,2161.086987309677,239.87096617355306,239.87096617355306,1921.2160211361243,600565259.4383565
GRODZIEŃSKI,1927,fixed14,412119477.3603185,412119160.29430616,353.99019422809135,36.92418189150013,36.92418189150013,317.0660123365912,412119123.3701243
GRUDZIĄDZKI,1927,fixed14,508823028.3458163,508820297.30821997,2877.344486564632,146.30689025822912,146.30689025822912,2731.037596306403,508820151.0013297
GRÓDECKI,1927,fixed14,440464231.8051544,440463353.1894349,1079.2040979944807,200.58837846746613,200.58837846746613,878.6157195270144,440463152.6010564
GRÓJECKI,1927,fixed14,472252440.5080198,472251172.1937824,1644.8632462084236,376.549008792415,376.549008792415,1268.3142374160086,472250795.6447736
HOROCHOWSKI,1927,fixed14,405374876.461133,405374189.4612643,702.8907538263085,15.890885103410392,15.890885103410392,686.9998687228981,405374173.5703792
HORODEŃSKI,1927,fixed14,418382300.21710247,418381015.64169985,1313.9976329060055,29.422230305901984,29.422230305901984,1284.5754026001034,418380986.21946955
HRUBIESZOWSKI,1927,fixed14,434213519.38229764,434212497.27661717,1113.3593827415743,91.25370228510181,91.25370228510181,1022.1056804564726,434212406.0229149
INOWROCŁAWSKI,1927,fixed14,539788198.0435711,539786177.8499613,2154.292627389418,134.09901746620008,134.09901746620008,2020.193609923218,539786043.7509438
IWACEWICKI,1927,fixed14,406379816.3519851,406379598.01899654,253.38816238262982,35.0551738261723,35.0551738261723,218.3329885564575,406379562.9638227
IŁŻECKI,1927,fixed14,469368183.5613762,469367302.9045894,938.2883876146634,57.63160079584084,57.63160079584084,880.6567868188225,469367245.2729886
JANOWSKI,1927,fixed14,454286011.68784493,454285214.93154585,877.7837560670068,81.02745701957906,81.02745701957906,796.7562990474278,454285133.90408885
JAROCIŃSKI,1927,fixed14,585188389.2464818,585186275.8810259,2315.7685293380327,202.40307346591288,202.40307346591288,2113.36545587212,585186073.4779525
JAROSŁAWSKI,1927,fixed14,464588351.9971263,464587419.2113035,1039.1516109049876,106.36578812463803,106.36578812463803,932.7858227803495,464587312.8455154
JASIELSKI,1927,fixed14,471657840.3771296,471656775.9609021,1170.3667440026131,105.95051645669524,105.95051645669524,1064.416227545918,471656670.01038563
JAWOROWSKI,1927,fixed14,432227214.13762206,432226451.1776948,861.7382829518674,98.77835573848216,98.77835573848216,762.9599272133852,432226352.3993391
JĘDRZEJOWSKI,1927,fixed14,508447552.461927,508446575.87057376,1124.680924993052,148.08957179499166,148.08957179499166,976.5913531980603,508446427.781002
KALISKI,1927,fixed14,550786559.216126,550784455.9562023,2186.5818172543127,83.32189356865358,83.32189356865358,2103.259923685659,550784372.6343087
KAMIONECKI,1927,fixed14,431948933.4419541,431948106.2868239,917.3521635421415,90.19703339294658,90.19703339294658,827.155130149195,431948016.0897905
KARTUSKI,1927,fixed14,466224003.52242595,466223347.58290035,690.1882270185968,34.24870140520408,34.24870140520408,655.9395256133927,466223313.33419895
KATOWICE,1927,fixed14,570837123.2497674,570759486.8044668,78624.41984934134,987.9745487992287,987.9745487992287,77636.44530054211,570758498.829918
KAŁUSKI,1927,fixed14,422712521.7715596,422711794.950428,756.3982477235865,29.577116146055854,29.577116146055854,726.8211315775307,422711765.3733119
KIELECKI,1927,fixed14,500044321.28354776,500043267.62704283,1179.4890753779025,125.83257045528624,125.83257045528624,1053.6565049226163,500043141.7944724
KOBRYŃSKI,1927,fixed14,429000728.6393484,429000443.341851,342.48372160536144,57.18622423983469,57.18622423983469,285.29749736552674,429000386.1556268
KOLBUSZOWSKI,1927,fixed14,443748788.2429723,443747878.3889737,938.2526929736129,28.39869440885531,28.39869440885531,909.8539985647575,443747849.9902793
KOLSKI,1927,fixed14,540137141.8039558,540135707.5704839,1612.2330232903498,177.99955141203122,177.99955141203122,1434.2334718783186,540135529.5709325
KONECKI,1927,fixed14,502155176.6501523,502154349.4153968,978.4906501840546,151.25589465526375,151.25589465526375,827.2347555287909,502154198.15950215
KONIŃSKI,1927,fixed14,545860277.0621349,545859100.347681,1272.86195435384,96.14750055509198,96.14750055509198,1176.714453798748,545859004.2001805
KOPYCZYNIECKI,1927,fixed14,418775779.74532807,418774616.4796965,1228.9891672847345,65.72353568952629,65.72353568952629,1163.2656315952083,418774550.7561608
KOSOWSKI (KOSÓW HUCULSKI),1927,fixed14,404133420.1463,404133142.51850915,292.36271482857416,14.734923936236562,14.734923936236562,277.6277908923376,404133127.7835852
KOSTOPOLSKI,1927,fixed14,392169883.736469,392169633.77901006,275.90847928734746,25.95102037411893,25.95102037411893,249.95745891322855,392169607.8279897
KOSZYRSKI,1927,fixed14,391892742.57662576,391892524.9654073,236.49829362136188,18.887075166672236,18.887075166672236,217.61121845468963,391892506.0783321
KOWELSKI,1927,fixed14,424548877.34099364,424548669.09349376,254.70889677332283,46.46139689282102,46.46139689282102,208.2474998805018,424548622.6320969
KOZIENICKI,1927,fixed14,470416870.04256487,470416250.3364687,733.6576748684184,113.9515786592345,113.9515786592345,619.7060962091839,470416136.38489
KOŁOMYJSKI,1927,fixed14,443250021.6641465,443248869.9222754,1214.4650076102282,62.72313656211475,62.72313656211475,1151.7418710481134,443248807.1991389
KOŚCIAŃSKI,1927,fixed14,622628703.0745617,622626667.9119469,2339.5086582571926,304.3460435200482,304.3460435200482,2035.1626147371444,622626363.5659034
KOŚCIERSKI,1927,fixed14,479777941.8899465,479777131.93319446,852.749554150485,42.79280207002202,42.79280207002202,809.9567520804629,479777089.14039236
KRAKOWSKI,1927,fixed14,522190359.19184434,522188350.15615964,2771.057483340739,762.0217986147273,762.0217986147273,2009.0356847260116,522187588.134361
KRAKÓW (MIASTO),1927,fixed14,522412343.93473005,522089235.9972965,323456.2449975215,348.3075639600188,348.3075639600188,323107.9374335615,522088887.68973255
KRASNOSTAWSKI,1927,fixed14,441122092.717815,441121043.6323668,1119.0334033260424,69.94795511335376,69.94795511335376,1049.0854482126886,441120973.68441164
KROTOSZYŃSKI,1927,fixed14,577185112.3069062,577182817.5307362,2451.4382700941087,156.66210012198925,156.66210012198925,2294.7761699721195,577182660.8686361
KROŚNIEŃSKI,1927,fixed14,467153739.5659961,467152031.78525037,1791.4912451168195,83.71049932485117,83.71049932485117,1707.7807457919685,467151948.074751
KRZEMIENIECKI,1927,fixed14,392735077.03542346,392734515.09302545,581.9800720608463,20.03767409202954,20.03767409202954,561.9423979688167,392734495.0553514
KUTNOWSKI,1927,fixed14,531982569.8862632,531978962.3282213,3963.8375093973596,356.27946754802724,356.27946754802724,3607.5580418493323,531978606.0487538
KĘPIŃSKI,1927,fixed14,567586439.9064459,567584891.4919977,1628.5225358192674,80.10808763438209,80.10808763438209,1548.4144481848853,567584811.3839101
LESKI,1927,fixed14,432465620.7092833,432465093.73616034,555.2736650300458,28.300542036151047,28.300542036151047,526.9731229938948,432465065.4356183
LESZCZYŃSKI,1927,fixed14,624700736.0617416,624698664.7075031,2316.6754115783533,245.32117309194476,245.32117309194476,2071.3542384864086,624698419.38633
LIDZKI,1927,fixed14,397170131.4271342,397169869.02038383,299.78171375880856,37.37496338248506,37.37496338248506,262.4067503763235,397169831.64542043
LIMANOWSKI,1927,fixed14,481570277.61829454,481569504.12228477,845.9779330834259,72.48192332043713,72.48192332043713,773.4960097629888,481569431.6403614
LIPNOWSKI,1927,fixed14,436997568.0086488,436996431.8715354,1205.932356488972,69.79524310403424,69.79524310403424,1136.1371133849377,436996362.07629234
LUBACZOWSKI,1927,fixed14,427589430.37489134,427588707.8859538,765.1665624971993,42.67762491787587,42.67762491787587,722.4889375793234,427588665.20832884
LUBARTOWSKI,1927,fixed14,457978050.39998966,457977234.80695045,979.6653438752373,164.07230463852616,164.07230463852616,815.5930392367112,457977070.7346458
LUBAWSKI,1927,fixed14,484793112.8604293,484791500.70254064,1667.9009409008856,55.74305222606406,55.74305222606406,1612.1578886748216,484791444.9594884
LUBELSKI,1927,fixed14,464216262.8111892,464214229.7983133,2158.7775732117693,125.76469735051766,125.76469735051766,2033.0128758612518,464214104.03361595
LUBLINIECKI,1927,fixed14,561480943.3572987,561479288.1514165,1786.136284400094,130.93040221580554,130.93040221580554,1655.2058821842884,561479157.2210144
LUBOMELSKI,1927,fixed14,426576022.453146,426575755.0260281,313.82624117235866,46.39912328182646,46.39912328182646,267.4271178905322,426575708.6269048
LWOWSKI,1927,fixed14,445181292.93453115,445180104.94883657,1813.755118541524,625.769423943445,625.769423943445,1187.9856945980791,445179479.1794126
LWÓW (MIASTO),1927,fixed14,454159029.67880446,454004334.14682597,155057.203214529,361.6712360637666,361.6712360637666,154695.53197846524,454003972.47558993
M. ST. WARSZAWA,1927,fixed14,500630684.5708111,500082500.41565305,548944.5136679325,760.3585099082638,760.3585099082638,548184.1551580242,500081740.05714315
MAKOWSKI (MAKÓW MAZOWIECKI),1927,fixed14,452949604.41697544,452948796.6645748,863.2194130800237,55.467012476222685,55.467012476222685,807.7524006038011,452948741.19756234
MIECHOWSKI,1927,fixed14,504490012.7117377,504488757.6225585,1339.1285052720204,84.03932609245489,84.03932609245489,1255.0891791795655,504488673.5832324
MIELECKI,1927,fixed14,478976323.4792539,478975471.21085805,954.3779155043753,102.10951963930621,102.10951963930621,852.2683958650691,478975369.1013384
MIĘDZYCHODZKI,1927,fixed14,609901954.3711853,609900811.7665356,1215.8746629087036,73.2700131760792,73.2700131760792,1142.6046497326245,609900738.4965224
MIŃSKI,1927,fixed14,479405701.8077116,479404503.5975962,1570.5163187688308,372.3062034329431,372.3062034329431,1198.2101153358878,479404131.2913928
MOGILEŃSKI,1927,fixed14,552253125.7911062,552251313.0621718,1952.097450712776,139.36851633563316,139.36851633563316,1812.7289343771429,552251173.6936555
MORSKI,1927,fixed14,450217824.7064248,450216703.3004674,1142.2204840889729,20.814526682946916,20.814526682946916,1121.405957406026,450216682.4859407
MOŁODECZAŃSKI,1927,fixed14,371577016.7008051,371576519.75510883,515.9746489186306,19.02895258901541,19.02895258901541,496.94569632961515,371576500.72615623
MOŚCISKI,1927,fixed14,440100205.01307935,440099125.79258734,1129.092495692613,49.872003703549176,49.872003703549176,1079.220491989064,440099075.92058367
MYŚLENICKI,1927,fixed14,478196411.99190027,478195048.8982802,1417.8083583220923,54.71473826736951,54.71473826736951,1363.0936200547228,478194994.18354195
MŁAWSKI,1927,fixed14,474975760.79408675,474974739.11379564,1113.3601880873698,91.67989695374479,91.67989695374479,1021.6802911336251,474974647.4338987
NADWÓRNIAŃSKI,1927,fixed14,430779797.85419255,430779320.8000211,520.6618351952982,43.60766377879044,43.60766377879044,477.0541714165077,430779277.19235736
NIESZAWSKI,1927,fixed14,530001357.8050088,529999911.1407825,1609.4155237904306,162.7512974401428,162.7512974401428,1446.664226350288,529999748.38948506
NIEŚWIESKI,1927,fixed14,372320120.7406054,372319485.2121014,650.6474169550572,15.118912913409744,15.118912913409744,635.5285040416475,372319470.09318846
NIŻAŃSKI,1927,fixed14,457540201.29856664,457539428.8973648,813.6893500383433,41.28814818696864,41.28814818696864,772.4012018513746,457539387.60921663
NOWOGRÓDZKI,1927,fixed14,391467386.55416095,391467011.8649027,413.477265381512,38.78800709171947,38.78800709171947,374.6892582897925,391466973.0768956
NOWOSĄDECKI,1927,fixed14,480329531.3464878,480328647.96577764,964.5651414565946,81.18443128357748,81.18443128357748,883.3807101730171,480328566.7813464
NOWOTARSKI,1927,fixed14,494818520.9927353,494817788.9680739,823.2024315823049,91.17777016165714,91.17777016165714,732.0246614206478,494817697.79030377
NOWOTOMYSKI,1927,fixed14,642355490.5439771,642353710.5977502,1898.7491329553686,118.80290599695812,118.80290599695812,1779.9462269584105,642353591.7948442
OBORNICKI,1927,fixed14,588871916.604959,588870810.6534781,1341.7391994183624,235.78771849845558,235.78771849845558,1105.9514809199068,588870574.8657596
OLKUSKI,1927,fixed14,519950819.05685645,519949515.5875242,1398.1291977841129,94.65986547540616,94.65986547540616,1303.4693323087067,519949420.9276587
OPATOWSKI,1927,fixed14,479985611.8950947,479984309.4161055,1374.0159588613624,71.53696964676733,71.53696964676733,1302.478989214595,479984237.87913585
OPOCZYŃSKI,1927,fixed14,507622599.2746513,507621844.0865025,978.5802013439406,223.39205252246842,223.39205252246842,755.1881488214723,507621620.69444996
OSTROWSKI (OSTRÓW MAZOWIECKA),1927,fixed14,456022689.27281773,456022049.0716412,763.3014419412151,123.10026546984827,123.10026546984827,640.2011764713668,456021925.97137576
OSTROWSKI (OSTRÓW WIELKOPOLSKI),1927,fixed14,577832893.8444147,577831171.5037776,1853.258547227163,130.91791008411343,130.91791008411343,1722.3406371430497,577831040.5858675
OSTROŁĘCKI,1927,fixed14,445461601.54301834,445461056.7571613,630.7573012450505,85.97144425461164,85.97144425461164,544.7858569904389,445460970.78571707
OSZMIAŃSKI,1927,fixed14,357159123.62763125,357158732.2936864,402.98013231794124,11.646187457572745,11.646187457572745,391.3339448603685,357158720.6474989
PIOTRKOWSKI,1927,fixed14,508264694.2371731,508263494.1926939,1363.0928943127128,163.04841514798443,163.04841514798443,1200.0444791647283,508263331.14427876
PIŃCZOWSKI,1927,fixed14,492744293.4292433,492742992.97368634,1373.3914210385294,72.93586403245378,72.93586403245378,1300.4555570060757,492742920.0378223
PIŃSKI,1927,fixed14,401656813.2217655,401656567.03374225,276.07774627973066,29.889723015675564,29.889723015675564,246.18802326405512,401656537.14401925
PODHAJECKI,1927,fixed14,433491587.3572212,433490824.1683375,836.3856647010125,73.19678104265478,73.19678104265478,763.1888836583577,433490750.9715565
POSTAWSKI,1927,fixed14,357591234.7806061,357590987.3141226,262.3635906513579,14.897107188224615,14.897107188224615,247.4664834631333,357590972.41701543
POZNAŃ (MIASTO),1927,fixed14,625895299.520303,625736222.9122525,160063.33693203624,986.7288815625647,986.7288815625647,159076.60805047367,625735236.183371
POZNAŃSKI,1927,fixed14,617473696.077115,617472247.8850243,3289.238378438906,1841.0462877036414,1841.0462877036414,1448.1920907352644,617470406.8387367
PRUŻAŃSKI,1927,fixed14,425299550.82062477,425299219.9975018,380.2778360359961,49.45471306460983,49.45471306460983,330.8231229713862,425299170.54278874
PRZASNYCKI,1927,fixed14,432889610.8279111,432888893.2431878,766.634630086237,49.04990679296413,49.04990679296413,717.5847232932729,432888844.193281
PRZEMYSKI,1927,fixed14,461945038.0964016,461943433.0443359,1720.5084274781807,115.45636180174796,115.45636180174796,1605.0520656764327,461943317.5879741
PRZEMYŚLAŃSKI,1927,fixed14,436651058.2974563,436650099.87240523,1045.5260150468173,87.10096392959268,87.10096392959268,958.4250511172247,436650012.7714413
PRZEWORSKI,1927,fixed14,465540129.68322426,465537639.4614102,2598.282107647668,108.06029364270839,108.06029364270839,2490.2218140049595,465537531.4011166
PSZCZYŃSKI,1927,fixed14,550733263.5012193,550730117.0902101,3504.9107422646143,358.499733091647,358.499733091647,3146.411009172967,550729758.590477
PUŁAWSKI,1927,fixed14,457479142.0126734,457478077.0459216,1154.0535716023314,89.08681982053655,89.08681982053655,1064.966751781795,457477987.9591018
PUŁTUSKI,1927,fixed14,457669299.77726054,457668340.64485323,1077.8774804179143,118.7450731665223,118.7450731665223,959.1324072513919,457668221.8997801
PŁOCKI,1927,fixed14,492056604.03663605,492054755.7215995,1944.864671550511,96.54963497199161,96.54963497199161,1848.3150365785195,492054659.1719645
PŁOŃSKI,1927,fixed14,464513981.51081383,464512895.73417056,1291.2252115215429,205.44856820506888,205.44856820506888,1085.776643316474,464512690.28560233
RADOMSKI,1927,fixed14,483687849.07704806,483686942.673736,1020.5986586321823,114.19534653713386,114.19534653713386,906.4033120950484,483686828.47838944
RADOMSZCZAŃSKI,1927,fixed14,515463225.1098726,515462366.349719,1024.4437696221669,165.68361606901775,165.68361606901775,858.760153553149,515462200.66610295
RADZIECHOWSKI,1927,fixed14,414234172.5791104,414233455.5023703,748.5997233798623,31.522983332404788,31.522983332404788,717.0767400474575,414233423.979387
RADZYMIŃSKI,1927,fixed14,486393763.51614434,486392485.94269866,2253.575339848121,976.0018941570527,976.0018941570527,1277.5734456910686,486391509.9408045
RADZYŃSKI,1927,fixed14,456850631.17901486,456849887.22850156,837.6504282133002,93.69991492084809,93.69991492084809,743.9505132924521,456849793.5285866
RAWICKI,1927,fixed14,602305152.4618523,602302477.5880277,2877.4209558738257,202.54713125912605,202.54713125912605,2674.8738246146995,602302275.0408964
RAWSKI (RAWA MAZOWIECKA),1927,fixed14,496546181.9933264,496545160.9742182,1180.4524132700208,159.43330502663403,159.43330502663403,1021.0191082433867,496545001.54091316
RAWSKI (RAWA RUSKA),1927,fixed14,440409397.0925373,440408747.4064539,731.4941329408526,81.80804957366131,81.80804957366131,649.6860833671914,440408665.59840435
ROHATYŃSKI,1927,fixed14,429617353.7719954,429616552.3128039,853.757320685751,52.29812921644974,52.29812921644974,801.4591914693012,429616500.0146747
ROPCZYCKI,1927,fixed14,482597888.24878776,482596903.03177273,1092.4698680032461,107.25285295942373,107.25285295942373,985.2170150438225,482596795.77891976
RUDECKI,1927,fixed14,434126796.3797664,434125603.99981517,1247.1705290547545,54.79057785677257,54.79057785677257,1192.3799511979819,434125549.20923734
RYBNICKI,1927,fixed14,538006343.1429785,538001802.1563178,4779.485024664295,238.49836397786365,238.49836397786365,4540.986660686432,538001563.6579539
RYPIŃSKI,1927,fixed14,436644036.9094965,436642691.29842764,1421.7348474916303,76.1237786464391,76.1237786464391,1345.611068845191,436642615.174649
RZESZOWSKI,1927,fixed14,470244100.2719987,470242595.0461793,1589.0471324139917,83.82131303351572,83.82131303351572,1505.225819380476,470242511.2248663
RÓWIEŃSKI,1927,fixed14,398014209.6394753,398013494.9836271,741.7352084492115,27.079360224477668,27.079360224477668,714.6558482247339,398013467.90426683
SAMBORSKI,1927,fixed14,455376582.59442925,455375536.0745818,1207.1100435508129,160.59019606538124,160.59019606538124,1046.5198474854317,455375375.4843857
SANDOMIERSKI,1927,fixed14,460911550.97388524,460910238.5004394,1349.9972414166282,37.52379558979133,37.52379558979133,1312.473445826837,460910200.9766438
SANOCKI,1927,fixed14,445635101.8883115,445634187.37027884,957.2634997230695,42.74546707675526,42.74546707675526,914.5180326463142,445634144.62481177
SARNEŃSKI,1927,fixed14,400063033.6684558,400062874.1101352,191.90233963150456,32.34401906459165,32.34401906459165,159.55832056691293,400062841.76611614
SIEDLECKI,1927,fixed14,464738244.3276725,464737323.8497608,1053.6801832894284,133.20227156845533,133.20227156845533,920.4779117209732,464737190.6474892
SIERADZKI,1927,fixed14,543624920.2340543,543623612.9036586,1539.556818572299,232.22642289898542,232.22642289898542,1307.3303956733137,543623380.6772357
SIERPECKI,1927,fixed14,434890647.7726727,434889417.7014728,1292.9020538960422,62.83085402340804,62.83085402340804,1230.0711998726342,434889354.8706188
SKAŁACKI,1927,fixed14,410969397.25632906,410968341.70175064,1092.836314544295,37.28173615951771,37.28173615951771,1055.5545783847772,410968304.4200145
SKIERNIEWICKI,1927,fixed14,514321156.2142364,514319730.5643691,1752.5844330796963,326.93456579817854,326.93456579817854,1425.6498672815178,514319403.6298033
SOCHACZEWSKI,1927,fixed14,501500141.277884,501498792.1585593,1635.974117982244,286.85479332873587,286.85479332873587,1349.119324653508,501498505.303766
SOKALSKI,1927,fixed14,432254207.21055776,432253371.6631419,899.0950130840921,63.54759722765062,63.54759722765062,835.5474158564415,432253308.1155447
SOKOŁOWSKI,1927,fixed14,459261997.8262682,459261179.4525226,934.4464262407673,116.07268057529177,116.07268057529177,818.3737456654756,459261063.379842
SOKÓLSKI,1927,fixed14,429828624.9669602,429828170.72208965,518.6746428230871,64.42977227350244,64.42977227350244,454.2448705495847,429828106.2923174
STANISŁAWOWSKI,1927,fixed14,442143637.7680259,442142290.50831586,1430.3027144651726,83.04300446362257,83.04300446362257,1347.25971000155,442142207.4653114
STAROGARDZKI,1927,fixed14,486222669.6802209,486221371.96090674,1352.811321874165,55.09200768090418,55.09200768090418,1297.719314193261,486221316.86889905
STOLIŃSKI,1927,fixed14,383103029.1951197,383102881.4857919,168.668696918897,20.959369206874545,20.959369206874545,147.70932771202246,383102860.52642274
STOPNICKI,1927,fixed14,453876728.2902898,453875885.1706772,875.3379754763107,32.21836284950155,32.21836284950155,843.1196126268092,453875852.9523143
STOŁPECKI,1927,fixed14,376361560.84094256,376361061.79712576,517.1140512826325,18.070234457883146,18.070234457883146,499.0438168247494,376361043.7268913
STRYJSKI,1927,fixed14,428151976.26532614,428151322.2396294,693.9802203521715,39.954523624928186,39.954523624928186,654.0256967272434,428151282.28510576
SUWALSKI,1927,fixed14,397324478.2161097,397323921.512164,583.2875974432415,26.583651703055594,26.583651703055594,556.7039457401859,397323894.9285123
SZAMOTULSKI,1927,fixed14,600161943.6697612,600160611.7979634,1480.0465705406123,148.1747726920813,148.1747726920813,1331.871797848531,600160463.6231906
SZCZUCZYŃSKI (WOJ. BIAŁOSTOCKIE),1927,fixed14,424736275.24247926,424735671.4590002,643.5853337448248,39.80185464290205,39.80185464290205,603.7834791019227,424735631.6571455
SZCZUCZYŃSKI (WOJ. NOWOGRÓDZKIE),1927,fixed14,393582613.28580403,393582338.92084295,296.8803565617355,22.51539545713115,22.51539545713115,274.36496110460433,393582316.4054475
SZUBIŃSKI,1927,fixed14,552807549.8334821,552806382.1872202,1381.6852028438948,214.0389408779846,214.0389408779846,1167.64626196591,552806168.1482793
SĘPOLEŃSKI,1927,fixed14,529704964.93744546,529703400.56522715,1686.7769537092047,122.404735390031,122.404735390031,1564.3722183191737,529703278.16049176
SŁONIMSKI,1927,fixed14,407596310.22309047,407595959.5048535,395.2014551791071,44.48321820806524,44.48321820806524,350.71823697104185,407595915.0216353
TARNOBRZESKI,1927,fixed14,479708120.29484296,479707115.3825606,1079.4921213293321,74.57983896341463,74.57983896341463,1004.9122823659175,479707040.8027216
TARNOGÓRSKI,1927,fixed14,579302474.9100312,579293380.5048906,9711.62572297128,617.2205823527418,617.2205823527418,9094.405140618537,579292763.2843082
TARNOPOLSKI,1927,fixed14,425561501.48717916,425560503.13663524,1075.630169586631,77.27962564185451,77.27962564185451,998.3505439447765,425560425.8570096
TARNOWSKI,1927,fixed14,492312586.66746056,492310996.4236986,1723.4443322931716,133.20057033923823,133.20057033923823,1590.2437619539332,492310863.22312826
TCZEWSKI,1927,fixed14,478849936.6206315,478847531.94208115,2445.907193969563,41.22864361430559,41.22864361430559,2404.678550355258,478847490.71343756
TOMASZOWSKI,1927,fixed14,425560262.5876522,425559268.24561274,1052.3068793026991,57.9648398148937,57.9648398148937,994.3420394878056,425559210.2807729
TORUŃSKI,1927,fixed14,533616406.2765086,533614238.6097968,2354.798674770946,187.13196296188426,187.13196296188426,2167.666711809062,533614051.47783387
TREMBOWELSKI,1927,fixed14,423090048.7978359,423088912.11714876,1217.622427749308,80.9417406160158,80.9417406160158,1136.6806871332922,423088831.1754081
TUCHOLSKI,1927,fixed14,510651947.79156476,510650906.03430706,1133.2995914735905,91.54233377255008,91.54233377255008,1041.7572577010403,510650814.4919733
TURCZAŃSKI,1927,fixed14,438196568.15914583,438196105.634053,526.5833430296278,64.05825019789981,64.05825019789981,462.525092831728,438196041.5758028
TURECKI,1927,fixed14,511395818.6245446,511394880.03525794,982.7017222860156,44.11243555304435,44.11243555304435,938.5892867329713,511394835.92282236
TŁUMACKI,1927,fixed14,435833836.81399065,435832891.41754776,1033.4295611945067,88.03311833187556,88.03311833187556,945.3964428626311,435832803.38442945
WADOWICKI,1927,fixed14,519863138.38047487,519861542.72291744,1825.1792479371288,229.52169050742407,229.52169050742407,1595.6575574297046,519861313.20122695
WARSZAWSKI,1927,fixed14,497601285.00027204,497599017.56850654,6227.572973835336,3960.141208329382,3960.141208329382,2267.4317655059535,497595057.4272982
WIELUŃSKI,1927,fixed14,567040010.7908584,567039326.2540287,751.7570169854705,67.22018726514519,67.22018726514519,684.5368297203253,567039259.0338414
WILEJSKI,1927,fixed14,356745359.10075384,356745075.3335555,295.1041817371764,11.336983422733836,11.336983422733836,283.76719831444257,356745063.9965721
WILEŃSKO-TROCKI,1927,fixed14,386456168.7082774,386455932.18649185,323.5158129223838,86.99402739994709,86.99402739994709,236.52178552243672,386455845.1924645
WILNO (MIASTO),1927,fixed14,395501476.7360534,395456756.52458906,44824.86813590571,104.65667160874165,104.65667160874165,44720.21146429697,395456651.8679175
WOLSZTYŃSKI,1927,fixed14,664443134.2624134,664441856.7014731,1474.46716274657,196.9062224833835,196.9062224833835,1277.5609402631865,664441659.7952507
WOŁKOWYSKI,1927,fixed14,424577740.01773447,424577399.94011635,391.3342354767961,51.256617389789575,51.256617389789575,340.0776180870065,424577348.683499
WOŁOŻYŃSKI,1927,fixed14,360181536.3669299,360181149.2631129,399.1681137155003,12.064296748980976,12.064296748980976,387.10381696651933,360181137.1988162
WRZESIŃSKI,1927,fixed14,584251595.3191408,584249645.2982639,2169.3111013723524,219.2902243778789,219.2902243778789,1950.0208769944736,584249426.0080395
WYRZYSKI,1927,fixed14,542558645.3852649,542557359.7493426,1445.4834289114397,159.84750668281842,159.84750668281842,1285.6359222286212,542557199.9018359
WYSOKOMAZOWIECKI,1927,fixed14,434731023.72606325,434730359.9208146,724.6719267171871,60.86667807488352,60.86667807488352,663.8052486423036,434730299.0541365
WĄBRZESKI,1927,fixed14,513238544.35214794,513236981.81280994,1703.1545318457665,140.61519383946285,140.61519383946285,1562.5393380063038,513236841.1976161
WĄGROWIECKI,1927,fixed14,577375594.0799859,577374459.8875412,1341.7127453415528,207.5203006202545,207.5203006202545,1134.1924447212984,577374252.3672405
WĘGROWSKI,1927,fixed14,439744494.5883413,439743669.9677553,882.5834785904458,57.9628925769363,57.9628925769363,824.6205860135095,439743612.0048627
WŁOCŁAWSKI,1927,fixed14,522662833.6575508,522660399.73655367,2594.1971743069635,160.27617714166817,160.27617714166817,2433.9209971652954,522660239.4603765
WŁODAWSKI,1927,fixed14,429451380.8989625,429450903.27732486,525.1631251332212,47.54148752361881,47.54148752361881,477.62163760960243,429450855.73583734
WŁODZIMIERSKI,1927,fixed14,431319685.1328393,431319129.04602385,627.7609685410897,71.67415311698369,71.67415311698369,556.086815424106,431319057.37187076
WŁOSZCZOWSKI,1927,fixed14,481193798.2118984,481192962.9877907,907.5462454179693,72.32213770245001,72.32213770245001,835.2241077155193,481192890.665653
ZALESZCZYCKI,1927,fixed14,416677818.63070416,416676657.2228565,1194.00317372475,32.595326089961816,32.595326089961816,1161.4078476347881,416676624.62753046
ZAMOJSKI,1927,fixed14,450064050.0550008,450062868.7092187,1293.063114673735,111.71733262887194,111.71733262887194,1181.3457820448632,450062756.9918861
ZBARASKI,1927,fixed14,414869819.80906147,414868775.71149737,1094.0351169450482,49.93755284683401,49.93755284683401,1044.0975640982142,414868725.7739445
ZBOROWSKI,1927,fixed14,407710854.4466504,407709893.4837583,988.2475380437264,27.284645920776057,27.284645920776057,960.9628921229504,407709866.19911236
ZDOŁBUNOWSKI,1927,fixed14,397112824.4500713,397111915.2318044,934.378006216701,25.159739307098526,25.159739307098526,909.2182669096024,397111890.07206506
ZŁOCZOWSKI,1927,fixed14,426646247.5945521,426645424.9243209,893.8817498953512,71.21151863525374,71.21151863525374,822.6702312600975,426645353.71280223
ŁASKI,1927,fixed14,516864422.4076117,516862978.6179797,1618.0858147572883,174.29618276922162,174.29618276922162,1443.7896319880667,516862804.32179695
ŁAŃCUCKI,1927,fixed14,461272392.4596816,461271133.35216075,1323.0045044004596,63.89698357985272,63.89698357985272,1259.1075208206069,461271069.4551772
ŁOMŻYŃSKI,1927,fixed14,440575350.15853584,440574629.06063074,792.2373922152394,71.13948710352558,71.13948710352558,721.0979051117139,440574557.92114365
ŁOWICKI,1927,fixed14,522093597.30078477,522092211.60101336,1813.2474900181135,427.5477186080259,427.5477186080259,1385.6997714100876,522091784.0532948
ŁUCKI,1927,fixed14,409466999.99083036,409466665.47538334,369.4734853914467,34.958038398036706,34.958038398036706,334.51544699340997,409466630.51734495
ŁUKOWSKI,1927,fixed14,459306616.24054,459305912.86275584,804.0963554150405,100.71857122188703,100.71857122188703,703.3777841931535,459305812.1441846
ŁUNINIECKI,1927,fixed14,388030164.57657903,388030005.34524155,183.64662560205454,24.415288100214244,24.415288100214244,159.2313375018403,388029980.92995346
ŁÓDZKI,1927,fixed14,528578366.90417,528575488.2812756,3976.650517853182,1098.0276234697876,1098.0276234697876,2878.6228943833944,528574390.2536521
ŁÓDŹ (MIASTO),1927,fixed14,528973181.2563869,528378762.3192439,594829.315511129,410.3783681631019,410.3783681631019,594418.9371429658,528378351.94087577
ŁĘCZYCKI,1927,fixed14,532864004.01278687,532862407.8265354,2034.8788815404844,438.6926300529512,438.6926300529512,1596.1862514875331,532861969.13390535
ŚNIATYŃSKI,1927,fixed14,437175960.1558929,437174408.3925678,1585.9436861753304,34.180361100503696,34.180361100503696,1551.7633250748268,437174374.2122067
ŚREDZKI,1927,fixed14,593288726.2649432,593287184.0336385,1776.492443450003,234.2611386719782,234.2611386719782,1542.2313047780249,593286949.7724998
ŚREMSKI,1927,fixed14,584188950.6333892,584187704.6777714,1400.7764305770702,154.82081281590698,154.82081281590698,1245.9556177611632,584187549.8569586
ŚWIECKI,1927,fixed14,513353320.6873085,513352383.40256613,1072.1458677614655,134.86112538940927,134.86112538940927,937.2847423720564,513352248.5414407
ŚWIĘCIAŃSKI,1927,fixed14,374810462.9258634,374810192.4465877,294.1925935480514,23.71331788647825,23.71331788647825,270.4792756615731,374810168.7332698
ŚWIĘTOCHŁOWICKI,1927,fixed14,584163713.1062937,584062784.5677832,102843.25554737817,1914.717037011546,1914.717037011546,100928.53851036662,584060869.8507463
ŻNIŃSKI,1927,fixed14,559364323.1675854,559362813.7452471,1709.6202259337483,200.19788761405113,200.19788761405113,1509.4223383196972,559362613.5473595
ŻYDACZOWSKI,1927,fixed14,431336669.8380027,431335881.2127973,845.8923587749175,57.26715335706914,57.26715335706914,788.6252054178484,431335823.9456439
ŻYWIECKI,1927,fixed14,517879433.6500337,517877931.76545113,1663.965998066827,162.0814154767663,162.0814154767663,1501.8845825900607,517877769.68403566
ŻÓŁKIEWSKI,1927,fixed14,438168792.51981187,438167951.51275855,972.5263217618511,131.51926844262925,131.51926844262925,841.0070533192219,438167819.9934901
AUGUSTOWSKI,1928,fixed14,413329520.1189503,413329023.40318,534.5175710119075,37.801800756941624,37.801800756941624,496.7157702549659,413328985.6013793
BARANOWICKI,1928,fixed14,413755848.1695372,413755387.2538491,521.8627238243479,60.947035718527324,60.947035718527324,460.91568810582055,413755326.30681336
BIALSKI (BIAŁA KRAKOWSKA),1928,fixed14,544245213.3189465,544239353.5262569,6100.106531564233,240.31384205265113,240.31384205265113,5859.792689511582,544239113.2124149
BIALSKI (BIAŁA PODLASKA),1928,fixed14,466903869.8454294,466902958.8426585,1022.2974272564586,111.29465635246933,111.29465635246933,911.0027709039892,466902847.5480022
BIAŁOSTOCKI,1928,fixed14,457746803.8997323,457745858.813537,1042.2297369293037,97.14354163789766,97.14354163789766,945.0861952914062,457745761.66999537
BIELSKI (BIELSK PODLASKI),1928,fixed14,452580967.653931,452580649.56402594,398.2190529714975,80.12914790202773,80.12914790202773,318.08990506946975,452580569.43487805
BIELSKO,1928,fixed14,546049405.4419402,546028004.6593996,21666.952230550505,266.16968995955193,266.16968995955193,21400.782540590953,546027738.4897096
BIŁGORAJSKI,1928,fixed14,449087403.81022483,449086653.67032313,829.6468895602535,79.50698785469736,79.50698785469736,750.1399017055561,449086574.16333526
BOCHEŃSKI,1928,fixed14,527636064.2596757,527634688.6012769,1649.327182667882,273.668783833464,273.668783833464,1375.658398834418,527634414.93249303
BORSZCZOWSKI,1928,fixed14,405245784.07723856,405244659.0757429,1145.0473504256997,20.045854727698096,20.045854727698096,1125.0014956980017,405244639.02988815
BRASŁAWSKI,1928,fixed14,369922776.39278096,369922533.7507993,256.2226979739648,13.580716321887211,13.580716321887211,242.6419816520776,369922520.170083
BRODNICKI,1928,fixed14,523820131.8196741,523818112.9063169,2150.534239533065,131.62088235080304,131.62088235080304,2018.913357182262,523817981.28543454
BRODZKI,1928,fixed14,436521001.38533926,436519920.91948354,1150.809219478307,70.34336375741205,70.34336375741205,1080.465855720895,436519850.5761198
BRZESKI (BRZESKO),1928,fixed14,485635955.4619128,485634352.8412098,1672.922702449745,70.30199943931042,70.30199943931042,1602.6207030104345,485634282.5392104
BRZESKI (BRZEŚĆ N.BUG.),1928,fixed14,464694067.29709184,464693604.5166356,577.9192856897022,115.13882944805889,115.13882944805889,462.7804562416433,464693489.3778061
BRZEZIŃSKI,1928,fixed14,538450662.027715,538448155.780314,3082.9807978915264,576.7333969432549,576.7333969432549,2506.2474009482717,538447579.0469171
BRZEŻAŃSKI,1928,fixed14,443620460.05296415,443619535.56486195,1004.2339652174502,79.74586303018283,79.74586303018283,924.4881021872674,443619455.81899893
BRZOZOWSKI,1928,fixed14,460284534.97418565,460282770.16534734,1818.018997944696,53.21015963477988,53.21015963477988,1764.808838309916,460282716.9551877
BUCZACKI,1928,fixed14,434218682.69350195,434217576.6067813,1178.681075882351,72.59435522995632,72.59435522995632,1106.0867206523947,434217504.0124261
BYDGOSKI,1928,fixed14,563622877.6215451,563620616.9584115,2481.5119853608494,220.8488516557532,220.8488516557532,2260.6631337050962,563620396.1095598
BÓBRECKI,1928,fixed14,442174334.9780332,442172982.94061023,1416.4531235416832,64.41570060995149,64.41570060995149,1352.0374229317317,442172918.5249096
BĘDZIŃSKI,1928,fixed14,576618785.9128026,576613172.9374362,5831.920524319449,218.94515801021683,218.94515801021683,5612.975366309232,576612953.9922782
BŁOŃSKI,1928,fixed14,521028034.6081453,521024898.2494885,3377.2905159728816,240.9318591431596,240.9318591431596,3136.358656829722,521024657.31762934
CHEŁMIŃSKI,1928,fixed14,527661630.8294304,527659375.74149954,2390.799602031222,135.71167115158605,135.71167115158605,2255.087930879636,527659240.02982837
CHEŁMSKI,1928,fixed14,465221391.43621314,465220391.0248129,1124.1197583671178,123.7083580862926,123.7083580862926,1000.4114002808251,465220267.31645477
CHODZIESKI,1928,fixed14,580387922.5407444,580386556.9927529,1515.3860275103734,149.83803599586588,149.83803599586588,1365.5479915145077,580386407.154717
CHOJNICKI,1928,fixed14,513137900.84912807,513137231.0816861,731.1548975644317,61.38745559257776,61.38745559257776,669.7674419718539,513137169.6942305
CHORZÓW,1928,fixed14,604527448.3423368,604053046.0607482,478861.70940364426,4459.427815107967,4459.427815107967,474402.2815885363,604048586.6329331
CHRZANOWSKI,1928,fixed14,565600966.5433459,565596465.6496023,4956.337269529109,455.44352595709745,455.44352595709745,4500.893743572012,565596010.2060764
CIECHANOWSKI,1928,fixed14,498879142.8392233,498877522.2568872,1861.8829110480956,241.30057492667146,241.30057492667146,1620.582336121424,498877280.9563123
CIESZYŃSKI,1928,fixed14,541485617.3320949,541481090.3379865,4822.435483281905,295.4413748466306,295.4413748466306,4526.994108435275,541480794.8966116
CZARNKOWSKI,1928,fixed14,577757465.6203128,577756075.4516335,1489.2530683697514,99.08438901975077,99.08438901975077,1390.1686793500007,577755976.3672445
CZORTKOWSKI,1928,fixed14,434055430.43321335,434053609.4736823,1917.5524995953192,96.59296854501906,96.59296854501906,1820.9595310503003,434053512.88071376
CZĘSTOCHOWSKI,1928,fixed14,532415111.9926201,532413064.3482975,2192.7871071189825,145.14278448775062,145.14278448775062,2047.644322631232,532412919.205513
DOBROMILSKI,1928,fixed14,458564242.3429352,458563205.1959406,1108.2926014407146,71.1456068517096,71.1456068517096,1037.146994589005,458563134.05033374
DOLIŃSKI,1928,fixed14,449770806.26456195,449770350.98370135,520.848081707008,65.56722108258903,65.56722108258903,455.2808606244189,449770285.41648024
DROHICKI,1928,fixed14,421521865.47655034,421521230.8094394,676.074838068655,41.40772711412963,41.40772711412963,634.6671109545254,421521189.4017123
DROHOBYCKI,1928,fixed14,461904033.2342941,461902277.4606682,1869.9754115633812,114.20178565139575,114.20178565139575,1755.7736259119854,461902163.2588826
DUBIEŃSKI,1928,fixed14,417038703.4274162,417038139.8081963,600.3389858507766,36.719765932993035,36.719765932993035,563.6192199177835,417038103.08843035
DZIAŁDOWSKI,1928,fixed14,489812264.2027602,489811515.9971182,798.5298984573333,50.3242564097839,50.3242564097839,748.2056420475494,489811465.67286175
DZIŚNIEŃSKI,1928,fixed14,364031096.885134,364030788.55149657,323.80257288165046,15.46893547966723,15.46893547966723,308.33363740198325,364030773.0825611
DĄBROWSKI,1928,fixed14,498999039.0133547,498997827.27978283,1340.9280497409725,129.19447788379898,129.19447788379898,1211.7335718571735,498997698.085305
GARWOLIŃSKI,1928,fixed14,483880491.01340294,483879537.4480564,1118.2748309124415,164.7094843854205,164.7094843854205,953.5653465270211,483879372.738572
GNIEŹNIEŃSKI,1928,fixed14,612368545.6746713,612366718.2264739,2162.517650452053,335.06945314816585,335.06945314816585,1827.4481973038874,612366383.1570208
GORLICKI,1928,fixed14,492256148.9079632,492254757.45943815,1509.291317221063,117.84279217553173,117.84279217553173,1391.4485250455314,492254639.616646
GOSTYNIŃSKI,1928,fixed14,524078111.6601858,524076277.9366549,2025.3987613107984,191.67523042451606,191.67523042451606,1833.7235308862823,524076086.2614245
GOSTYŃSKI,1928,fixed14,623402178.7824484,623400049.8401371,2416.585702654074,287.64339137675364,287.64339137675364,2128.94231127732,623399762.1967458
GRODZIEŃSKI,1928,fixed14,425343265.7538495,425342882.40856546,428.8520685284324,45.506784508978704,45.506784508978704,383.34528401945374,425342836.90178096
GRUDZIĄDZKI,1928,fixed14,528330865.10207385,528327546.72865695,3494.820794917004,176.4473780328093,176.4473780328093,3318.3734168841947,528327370.2812789
GRÓDECKI,1928,fixed14,452994757.24899405,452993630.67508614,1356.1298659129056,229.55595798974275,229.55595798974275,1126.573907923163,452993401.11912817
GRÓJECKI,1928,fixed14,488457286.7603337,488455724.56018394,2000.9950306897533,438.79488090546755,438.79488090546755,1562.2001497842857,488455285.765303
HOROCHOWSKI,1928,fixed14,416923496.0644058,416922635.16371393,880.6793595611334,19.778667674411796,19.778667674411796,860.9006918867216,416922615.38504624
HORODEŃSKI,1928,fixed14,428871292.8348205,428869576.08838475,1753.1552389734,36.408803224841044,36.408803224841044,1716.746435748559,428869539.6795815
HRUBIESZOWSKI,1928,fixed14,447263639.1061938,447262290.74201727,1458.764256356016,110.40007986817162,110.40007986817162,1348.3641764878444,447262180.3419374
INOWROCŁAWSKI,1928,fixed14,560321573.0682511,560319248.460922,2486.082886825743,161.4755576285418,161.4755576285418,2324.607329197201,560319086.9853643
IWACEWICKI,1928,fixed14,419156056.2027218,419155795.52489173,306.46885704251855,45.79102698883264,45.79102698883264,260.6778300536859,419155749.7338647
IŁŻECKI,1928,fixed14,484822745.2805302,484821732.43513936,1083.0789371178819,70.2335462865811,70.2335462865811,1012.8453908313008,484821662.2015931
JANOWSKI,1928,fixed14,468737418.4818705,468736460.31746846,1055.8436575295302,97.67925551643914,97.67925551643914,958.1644020130911,468736362.6382129
JAROCIŃSKI,1928,fixed14,607345791.9160218,607343175.8056796,2854.365593415139,238.2552511747662,238.2552511747662,2616.1103422403726,607342937.5504284
JAROSŁAWSKI,1928,fixed14,478775905.0356792,478774924.35418236,1109.526560070732,128.8450632239618,128.8450632239618,980.6814968467703,478774795.50911915
JASIELSKI,1928,fixed14,486438365.62894446,486437174.3312242,1320.564867522487,129.2671472191833,129.2671472191833,1191.2977203033038,486437045.06407696
JAWOROWSKI,1928,fixed14,444489372.6400676,444488428.83500683,1059.213338241469,115.40827748919867,115.40827748919867,943.8050607522705,444488313.4267293
JĘDRZEJOWSKI,1928,fixed14,525887141.36818707,525886044.9640245,1275.7631341173465,179.35897155776271,179.35897155776271,1096.4041625595837,525885865.60505295
KALISKI,1928,fixed14,571135108.6941478,571132793.5222076,2418.677411917284,103.50547173484041,103.50547173484041,2315.171940182444,571132690.0167359
KAMIONECKI,1928,fixed14,444212690.880889,444211639.07344204,1157.9162297256578,106.10878279728591,106.10878279728591,1051.807446928372,444211532.9646593
KARTUSKI,1928,fixed14,485173878.9899595,485173106.1496469,815.8867754459309,43.046462837705064,43.046462837705064,772.8403126082259,485173063.10318404
KATOWICE,1928,fixed14,591272451.9658405,591182615.2483574,91043.89056005349,1207.173077034588,1207.173077034588,89836.7174830189,591181408.0752804
KAŁUSKI,1928,fixed14,434148721.5607692,434147829.35343355,927.7914262723189,35.584090654384624,35.584090654384624,892.2073356179342,434147793.7693429
KIELECKI,1928,fixed14,517065427.24290603,517064142.8549894,1435.414950749805,151.02703411099245,151.02703411099245,1284.3879166388126,517063991.8279553
KOBRYŃSKI,1928,fixed14,442586661.1712907,442586258.68052924,475.5175595273618,73.02679808270442,73.02679808270442,402.4907614446574,442586185.65373117
KOLBUSZOWSKI,1928,fixed14,457905404.89506537,457904217.64198536,1222.096121322933,34.843041277062134,34.843041277062134,1187.2530800458708,457904182.79894406
KOLSKI,1928,fixed14,560038255.4193046,560036652.3011547,1820.6139453183323,217.49579545020066,217.49579545020066,1603.1181498681317,560036434.8053592
KONECKI,1928,fixed14,519350289.5895268,519349263.2408091,1211.4460962106273,185.09737850468224,185.09737850468224,1026.348717705945,519349078.1434306
KONIŃSKI,1928,fixed14,566071557.0478214,566070020.84048,1652.079503926247,115.87216248662997,115.87216248662997,1536.207341439617,566069904.9683175
KOPYCZYNIECKI,1928,fixed14,429662497.1928914,429661035.455972,1540.9841817158622,79.24726232133587,79.24726232133587,1461.7369193945262,429660956.2087097
KOSOWSKI (KOSÓW HUCULSKI),1928,fixed14,414497697.78767365,414497383.2610831,332.6660673272015,18.139476786762675,18.139476786762675,314.52659054043886,414497365.12160635
KOSTOPOLSKI,1928,fixed14,403592281.3423443,403591940.3363307,373.7747762173021,32.76876263707353,32.76876263707353,341.00601358022857,403591907.56756806
KOSZYRSKI,1928,fixed14,404091272.9778003,404090989.25904477,307.5905153391896,23.87175976400711,23.87175976400711,283.7187555751825,404090965.387285
KOWELSKI,1928,fixed14,437271581.0922465,437271310.2177991,328.5213779588884,57.64693065200571,57.64693065200571,270.8744473068827,437271252.5708685
KOZIENICKI,1928,fixed14,486012509.7104665,486011774.9397478,870.7935973289792,136.0228786246008,136.0228786246008,734.7707187043784,486011638.91686916
KOŁOMYJSKI,1928,fixed14,454122945.06391066,454121367.294648,1654.1494976772035,76.38023503362244,76.38023503362244,1577.769262643581,454121290.914413
KOŚCIAŃSKI,1928,fixed14,646682137.1646839,646679616.9690568,2880.1296319117628,359.9340047784063,359.9340047784063,2520.1956271333565,646679257.0350521
KOŚCIERSKI,1928,fixed14,499555660.47508365,499554759.76150775,956.1381782305145,55.424602325116346,55.424602325116346,900.7135759053982,499554704.3369054
KRAKOWSKI,1928,fixed14,540035246.4003006,540032662.772618,3443.750814523747,860.1231320118968,860.1231320118968,2583.6276825118503,540031802.6494861
KRAKÓW (MIASTO),1928,fixed14,540287097.6838962,539930353.851402,357180.10112888203,436.268634753797,436.268634753797,356743.8324941282,539929917.5827672
KRASNOSTAWSKI,1928,fixed14,454683062.1631865,454681802.02325106,1344.2120415808122,84.07210613795189,84.07210613795189,1260.1399354428604,454681717.95114493
KROTOSZYŃSKI,1928,fixed14,599015858.3232833,599013164.8909649,2880.788286503525,187.35596798650738,187.35596798650738,2693.4323185170174,599012977.5349969
KROŚNIEŃSKI,1928,fixed14,481623489.2208637,481621428.9421653,2160.4878923421525,100.20919392789695,100.20919392789695,2060.2786984142554,481621328.7329714
KRZEMIENIECKI,1928,fixed14,403944560.0007562,403943857.6953799,727.316741077815,25.011364769058407,25.011364769058407,702.3053763087565,403943832.68401515
KUTNOWSKI,1928,fixed14,551342097.970127,551337787.1270598,4750.275341211028,439.4322740222886,439.4322740222886,4310.843067188739,551337347.6947858
KĘPIŃSKI,1928,fixed14,588566163.0172964,588564161.9696565,2096.8802133278887,95.83257343779803,95.83257343779803,2001.0476398900905,588564066.137083
LESKI,1928,fixed14,445438581.4511229,445437907.7613083,707.751344791107,34.061530216185,34.061530216185,673.689814574922,445437873.6997781
LESZCZYŃSKI,1928,fixed14,648744482.4607426,648741965.6261754,2810.4559388168536,293.62137164709816,293.62137164709816,2516.8345671697557,648741672.0048038
LIDZKI,1928,fixed14,409700554.48026246,409700199.54849464,402.5390047660434,47.607236946173586,47.607236946173586,354.9317678198698,409700151.9412577
LIMANOWSKI,1928,fixed14,497298534.55419415,497297602.9091503,1018.5360582676473,86.89101436780606,86.89101436780606,931.6450438998412,497297516.0181359
LIPNOWSKI,1928,fixed14,451880199.2880289,451878848.9272234,1433.858560617435,83.49775513966254,83.49775513966254,1350.3608054777724,451878765.4294683
LUBACZOWSKI,1928,fixed14,439967129.7828764,439966277.43769693,904.0049654517594,51.65978598987555,51.65978598987555,852.3451794618838,439966225.77791095
LUBARTOWSKI,1928,fixed14,472624440.91619784,472623515.9014002,1121.6463106984354,196.63151306024022,196.63151306024022,925.0147976381952,472623319.26988715
LUBAWSKI,1928,fixed14,502499460.2054094,502497693.94722366,1834.3438255080312,68.08563974677456,68.08563974677456,1766.2581857612565,502497625.8615839
LUBELSKI,1928,fixed14,479097900.7378711,479095462.7542216,2587.248032845724,149.26438339928217,149.26438339928217,2437.983649446442,479095313.48983824
LUBLINIECKI,1928,fixed14,581714015.6985905,581711794.6951498,2379.2300407992043,158.22660008415812,158.22660008415812,2221.003440715046,581711636.4685497
LUBOMELSKI,1928,fixed14,439689213.11138076,439688916.216782,353.441461641215,56.54686282134966,56.54686282134966,296.8945988198654,439688859.66991913
LWOWSKI,1928,fixed14,457788952.69308496,457787515.16456926,2134.476856955689,696.9483412431767,696.9483412431767,1437.5285157125124,457786818.216228
LWÓW (MIASTO),1928,fixed14,467017511.75715315,466847906.4439736,170047.06682732727,441.7536478127542,441.7536478127542,169605.31317951452,466847464.6903258
M. ST. WARSZAWA,1928,fixed14,518064163.9012296,517434565.2321993,630528.150820306,929.48179001681,929.48179001681,629598.6690302893,517433635.7504093
MAKOWSKI (MAKÓW MAZOWIECKI),1928,fixed14,468757852.1916053,468756882.3461538,1035.7757378835493,65.93028632720873,65.93028632720873,969.8454515563405,468756816.41586745
MIECHOWSKI,1928,fixed14,521956208.13032746,521954687.2142705,1621.6506464209629,100.73458946178322,100.73458946178322,1520.9160569591797,521954586.479681
MIELECKI,1928,fixed14,494459931.8802034,494458880.30061877,1178.0183443033613,126.43875961201829,126.43875961201829,1051.5795846913431,494458753.86185914
MIĘDZYCHODZKI,1928,fixed14,633511988.6893207,633510803.8740354,1271.3319932256563,86.51670787482814,86.51670787482814,1184.8152853508282,633510717.3573275
MIŃSKI,1928,fixed14,495672865.4769543,495671507.3930012,1794.1910899884817,436.1071369110582,436.1071369110582,1358.0839530774235,495671071.2858643
MOGILEŃSKI,1928,fixed14,573271712.0308825,573269453.1469488,2421.788463420714,162.90452985967443,162.90452985967443,2258.8839335610396,573269290.242419
MORSKI,1928,fixed14,468403753.8777498,468402501.91989076,1278.478730383228,26.5208713153758,26.5208713153758,1251.957859067852,468402475.3990194
MOŁODECZAŃSKI,1928,fixed14,383210890.7729642,383209988.2963406,926.5558539329278,24.079230307035694,24.079230307035694,902.4766236258921,383209964.2171103
MOŚCISKI,1928,fixed14,453193256.36103594,453191815.3022176,1500.615745312285,59.55692695855227,59.55692695855227,1441.0588183537327,453191755.74529064
MYŚLENICKI,1928,fixed14,494078638.3920759,494077116.00790477,1588.1952043919082,65.81103322516059,65.81103322516059,1522.3841711667476,494077050.1968715
MŁAWSKI,1928,fixed14,491878785.96665746,491877580.7769458,1313.7111441267136,108.52143250088785,108.52143250088785,1205.1897116258258,491877472.2555133
NADWÓRNIAŃSKI,1928,fixed14,441643801.8007199,441643195.8047915,660.2192215469657,54.22329310026978,54.22329310026978,605.995928446696,441643141.5814984
NIESZAWSKI,1928,fixed14,549702672.6124482,549700940.1837357,1926.185601607184,193.75688907150365,193.75688907150365,1732.4287125356805,549700746.4268466
NIEŚWIESKI,1928,fixed14,383900923.0376915,383899980.4979715,961.962216401255,19.422496390147447,19.422496390147447,942.5397200111075,383899961.0754751
NIŻAŃSKI,1928,fixed14,472036718.53712374,472035798.7393745,971.011649193839,51.213899996477394,51.213899996477394,919.7977491973617,472035747.52547455
NOWOGRÓDZKI,1928,fixed14,403675429.4584946,403674900.6945294,579.4924644904612,50.728499280433184,50.728499280433184,528.763965210028,403674849.9660301
NOWOSĄDECKI,1928,fixed14,495811427.15915596,495810429.9067719,1096.2365958796952,98.98421182803686,98.98421182803686,997.2523840516584,495810330.9225601
NOWOTARSKI,1928,fixed14,511331336.26443464,511330484.84328794,960.973298425191,109.55215172526894,109.55215172526894,851.4211466999221,511330375.2911362
NOWOTOMYSKI,1928,fixed14,665282028.9089363,665280017.9868354,2150.318544754696,139.39644379863753,139.39644379863753,2010.9221009560588,665279878.5903915
OBORNICKI,1928,fixed14,611540551.652818,611539243.0026926,1587.4473478735283,278.7972225378487,278.7972225378487,1308.6501253356796,611538964.2054701
OLKUSKI,1928,fixed14,538113043.7610116,538111525.5275323,1631.8584730579519,113.624993800472,113.624993800472,1518.23347925748,538111411.9025385
OPATOWSKI,1928,fixed14,495824940.9339203,495823341.70783067,1685.9837070200713,86.75761738044181,86.75761738044181,1599.2260896396294,495823254.9502133
OPOCZYŃSKI,1928,fixed14,525144315.28682154,525143347.05238813,1240.2326662059277,271.99823279935924,271.99823279935924,968.2344334065683,525143075.05415535
OSTROWSKI (OSTRÓW MAZOWIECKA),1928,fixed14,471322886.69000345,471322097.96410584,935.8698112000166,147.14391358889355,147.14391358889355,788.725897611123,471321950.8201923
OSTROWSKI (OSTRÓW WIELKOPOLSKI),1928,fixed14,599457456.971682,599455600.6240699,2016.4829652978322,160.1353532734667,160.1353532734667,1856.3476120243654,599455440.4887166
OSTROŁĘCKI,1928,fixed14,460436468.4434895,460435777.8808187,793.8413644458957,103.27869367732656,103.27869367732656,690.5626707685691,460435674.60212505
OSZMIAŃSKI,1928,fixed14,368296983.8125461,368296481.65140885,517.5038493987316,15.342712161764597,15.342712161764597,502.1611372369671,368296466.3086967
PIOTRKOWSKI,1928,fixed14,526229155.2118416,526227578.8230265,1775.2198835074007,198.83106841778473,198.83106841778473,1576.388815089616,526227379.9919581
PIŃCZOWSKI,1928,fixed14,509551798.42365247,509550199.26416403,1686.7011690356253,87.54168057862073,87.54168057862073,1599.1594884570045,509550111.72248346
PIŃSKI,1928,fixed14,414161189.02669567,414160837.4806645,389.5541222967157,38.008091118519076,38.008091118519076,351.54603117819664,414160799.4725734
PODHAJECKI,1928,fixed14,445145703.26731485,445144757.9118759,1031.8129511251216,86.45751217355516,86.45751217355516,945.3554389515665,445144671.4543637
POSTAWSKI,1928,fixed14,368704053.3900785,368703724.0141583,347.8898537079015,18.513933521516915,18.513933521516915,329.37592018638463,368703705.50022477
POZNAŃ (MIASTO),1928,fixed14,650149447.7810487,649968095.3710523,182571.80019743857,1219.3902010958795,1219.3902010958795,181352.4099963427,649966875.9808512
POZNAŃSKI,1928,fixed14,641335531.143223,641333716.1332264,3927.779685872303,2112.7696892135486,2112.7696892135486,1815.0099966587547,641331603.3635372
PRUŻAŃSKI,1928,fixed14,438755378.38149244,438754902.7718095,538.1847670241008,62.57508408478351,62.57508408478351,475.6096829393173,438754840.1967254
PRZASNYCKI,1928,fixed14,447397237.79430735,447396413.10096574,883.7024564270514,59.00911478434308,59.00911478434308,824.6933416427083,447396354.09185094
PRZEMYSKI,1928,fixed14,475792534.30676246,475790680.63403004,1991.150813328826,137.47808092186006,137.47808092186006,1853.672732406966,475790543.1559491
PRZEMYŚLAŃSKI,1928,fixed14,448742115.7326249,448740982.7539372,1235.2320703712721,102.2533826960657,102.2533826960657,1132.9786876752064,448740880.5005545
PRZEWORSKI,1928,fixed14,479888681.47567785,479885651.42614037,3158.860629728755,128.81109225630252,128.81109225630252,3030.049537472453,479885522.6150481
PSZCZYŃSKI,1928,fixed14,570292503.7567016,570288902.1172882,4033.2895544312423,431.6501410807947,431.6501410807947,3601.6394133504477,570288470.4671471
PUŁAWSKI,1928,fixed14,472309639.00350296,472308393.45778835,1352.2546909109058,106.70897624241684,106.70897624241684,1245.545714668489,472308286.7488121
PUŁTUSKI,1928,fixed14,473427664.31016487,473426445.18733597,1359.2607079618722,140.13787906666695,140.13787906666695,1219.1228288952052,473426305.0494569
PŁOCKI,1928,fixed14,509648244.32262933,509645989.9094577,2371.778428587305,117.36525693648507,117.36525693648507,2254.41317165082,509645872.5442007
PŁOŃSKI,1928,fixed14,480548126.009817,480546764.08825433,1603.338573973711,241.4170113215158,241.4170113215158,1361.9215626521952,480546522.671243
RADOMSKI,1928,fixed14,499974308.62810564,499973243.35083365,1202.90233061771,137.6250586705547,137.6250586705547,1065.2772719471554,499973105.725775
RADOMSZCZAŃSKI,1928,fixed14,533723175.7250579,533722070.86194503,1305.5885591144909,200.72544621455543,200.72544621455543,1104.8631128999355,533721870.1364988
RADZIECHOWSKI,1928,fixed14,426019066.3724691,426018237.46384454,866.9242776401366,38.0156530525897,38.0156530525897,828.9086245875469,426018199.44819146
RADZYMIŃSKI,1928,fixed14,503077946.377096,503076474.07134026,2611.153114637109,1138.8473588549793,1138.8473588549793,1472.3057557821298,503075335.2239814
RADZYŃSKI,1928,fixed14,471762756.27065367,471761937.5851292,930.8505096944057,112.16498524509633,112.16498524509633,818.6855244493094,471761825.42014396
RAWICKI,1928,fixed14,625196301.6165725,625193122.3794663,3417.510533952948,238.273427773616,238.273427773616,3179.2371061793324,625192884.1060386
RAWSKI (RAWA MAZOWIECKA),1928,fixed14,513928242.336927,513927008.42704284,1427.8627363916635,193.95285223397548,193.95285223397548,1233.909884157688,513926814.4741906
RAWSKI (RAWA RUSKA),1928,fixed14,453163100.07560116,453162248.54511756,948.1058005105922,96.5753169107082,96.5753169107082,851.530483599884,453162151.96980065
ROHATYŃSKI,1928,fixed14,441106588.15131825,441105688.6987363,962.3025652722094,62.84998333373579,62.84998333373579,899.4525819384737,441105625.848753
ROPCZYCKI,1928,fixed14,498156840.91330093,498155608.80680925,1363.606671519934,131.5001798050363,131.5001798050363,1232.1064917148976,498155477.3066294
RUDECKI,1928,fixed14,446663675.9130486,446662039.3841277,1701.3265242789087,64.7976032798203,64.7976032798203,1636.5289209990883,446661974.58652437
RYBNICKI,1928,fixed14,557005710.6604879,556999616.6206521,6375.141528250632,281.10169249133884,281.10169249133884,6094.039835759293,556999335.5189596
RYPIŃSKI,1928,fixed14,451505563.38514024,451503987.55497485,1667.1547655414129,91.32460018685029,91.32460018685029,1575.8301653545625,451503896.2303747
RZESZOWSKI,1928,fixed14,485003301.6772471,485001411.9106653,1990.8333815118601,101.06679972949524,101.06679972949524,1889.766581782365,485001310.8438656
RÓWIEŃSKI,1928,fixed14,409631609.4394462,409630692.2061074,951.3676004034784,34.13426152512728,34.13426152512728,917.2333388783511,409630658.0718458
SAMBORSKI,1928,fixed14,468528133.32734764,468526784.6656506,1536.4477272054523,187.7860301610021,187.7860301610021,1348.6616970444502,468526596.87962043
SANDOMIERSKI,1928,fixed14,476019285.07460225,476017686.3513179,1644.428636556123,45.705352188759974,45.705352188759974,1598.723284367363,476017640.6459657
SANOCKI,1928,fixed14,459068760.3540113,459067704.41189456,1107.662098857993,51.71998212704117,51.71998212704117,1055.9421167309517,459067652.6919124
SARNEŃSKI,1928,fixed14,411878674.0552931,411878468.5102652,246.71680224933533,41.1717743271498,41.1717743271498,205.54502792218554,411878427.33849084
SIEDLECKI,1928,fixed14,480233545.48534214,480232438.37179816,1265.4678720478573,158.3543280411209,158.3543280411209,1107.1135440067364,480232280.0174701
SIERADZKI,1928,fixed14,563322292.2060269,563320596.8676896,1981.7523868802002,286.414049589617,286.414049589617,1695.3383372905832,563320310.45364
SIERPECKI,1928,fixed14,449733445.84189403,449731875.36423147,1645.5135046522528,75.03584208454193,75.03584208454193,1570.477662567711,449731800.3283894
SKAŁACKI,1928,fixed14,422166431.04154336,422165173.01760834,1303.0069815084594,44.983046460593165,44.983046460593165,1258.0239350478662,422165128.0345619
SKIERNIEWICKI,1928,fixed14,532596727.92053235,532595011.61370564,2113.592252275138,397.285425528063,397.285425528063,1716.3068267470749,532594614.3282801
SOCHACZEWSKI,1928,fixed14,519275956.1984093,519274250.5414643,2048.294137025528,342.63719198343125,342.63719198343125,1705.6569450420966,519273907.9042723
SOKALSKI,1928,fixed14,444654476.29366285,444653382.8154255,1169.552490474777,76.07425314144092,76.07425314144092,1093.478237333336,444653306.7411724
SOKOŁOWSKI,1928,fixed14,474547236.6102462,474546261.90244025,1113.552854976128,138.8450490261143,138.8450490261143,974.7078059500137,474546123.0573912
SOKÓLSKI,1928,fixed14,443761275.6774675,443760708.33700335,645.7473030832274,78.40683892067254,78.40683892067254,567.3404641625549,443760629.93016446
STANISŁAWOWSKI,1928,fixed14,453539393.8499269,453537739.75859886,1755.053360152542,100.96203215726358,100.96203215726358,1654.0913279952783,453537638.7965667
STAROGARDZKI,1928,fixed14,505369382.9677109,505367974.6292939,1474.47246424483,66.13404728422299,66.13404728422299,1408.338416960607,505367908.49524665
STOLIŃSKI,1928,fixed14,394529702.74613273,394529493.48304516,235.95592227763996,26.692834706135333,26.692834706135333,209.26308757150463,394529466.7902104
STOPNICKI,1928,fixed14,468701336.9821428,468700287.8101104,1088.4134362155676,39.241403827930846,39.241403827930846,1049.1720323876368,468700248.5687066
STOŁPECKI,1928,fixed14,388139314.9910611,388138591.2457579,747.1995253356207,23.454222169557816,23.454222169557816,723.7453031660629,388138567.79153574
STRYJSKI,1928,fixed14,440206037.70273304,440205243.6423169,841.7609239940599,47.70050783056183,47.70050783056183,794.0604161634981,440205195.94180906
SUWALSKI,1928,fixed14,410049043.6552049,410048420.74931103,655.6139603878751,32.708066526519815,32.708066526519815,622.9058938613553,410048388.0412445
SZAMOTULSKI,1928,fixed14,623230057.8259187,623228482.0735602,1750.1630544798784,174.41069606330834,174.41069606330834,1575.7523584165701,623228307.6628642
SZCZUCZYŃSKI (WOJ. BIAŁOSTOCKIE),1928,fixed14,438592126.04213023,438591324.73067755,849.8676040948073,48.55615141313976,48.55615141313976,801.3114526816676,438591276.17452615
SZCZUCZYŃSKI (WOJ. NOWOGRÓDZKIE),1928,fixed14,406057756.3244523,406057407.72150284,376.830455765304,28.227506367670387,28.227506367670387,348.6029493976336,406057379.4939965
SZUBIŃSKI,1928,fixed14,574057614.1860304,574056154.8268379,1720.5286332619394,261.16944073989777,261.16944073989777,1459.3591925220417,574055893.6573972
SĘPOLEŃSKI,1928,fixed14,550183614.2026024,550181666.42908,2094.8227230116663,147.04920068373048,147.04920068373048,1947.7735223279358,550181519.3798794
SŁONIMSKI,1928,fixed14,420587105.21914494,420586601.99149936,561.0691432102118,57.84149765970091,57.84149765970091,503.22764555051083,420586544.1500017
TARNOBRZESKI,1928,fixed14,495129097.07889485,495127780.27105635,1408.6328657821764,91.82502728979831,91.82502728979831,1316.807838492378,495127688.44602907
TARNOGÓRSKI,1928,fixed14,600234113.4172921,600223541.5440241,11317.78333074261,745.9100627811571,745.9100627811571,10571.873267961453,600222795.6339613
TARNOPOLSKI,1928,fixed14,437093677.92132556,437092468.7707896,1301.2352041385723,92.08466822710066,92.08466822710066,1209.1505359114717,437092376.6861214
TARNOWSKI,1928,fixed14,508446206.60103035,508444195.32207304,2173.6147694773385,162.33581214050997,162.33581214050997,2011.2789573368286,508444032.9862609
TCZEWSKI,1928,fixed14,497895276.7324876,497892395.214364,2930.641055896784,49.122932278336144,49.122932278336144,2881.518123618448,497892346.09143174
TOMASZOWSKI,1928,fixed14,438332690.9234032,438331504.0308679,1258.7262544710552,71.8337191614678,71.8337191614678,1186.8925353095874,438331432.19714874
TORUŃSKI,1928,fixed14,553868670.8330246,553866251.1477978,2648.8825356292705,229.19730874848273,229.19730874848273,2419.685226880788,553866021.950489
TREMBOWELSKI,1928,fixed14,434304054.08445394,434302689.87016577,1462.2186894424221,98.00440126305759,98.00440126305759,1364.2142881793645,434302591.8657645
TUCHOLSKI,1928,fixed14,530192202.1745584,530191110.851919,1201.4321872201992,110.10954782121418,110.10954782121418,1091.322639398985,530191000.7423712
TURCZAŃSKI,1928,fixed14,450854618.5787628,450854089.25631785,606.7682184718818,77.44577349999234,77.44577349999234,529.3224449718895,450854011.8105444
TURECKI,1928,fixed14,529912105.6037842,529910967.4883256,1191.520495147348,53.40503657263595,53.40503657263595,1138.115458574712,529910914.083289
TŁUMACKI,1928,fixed14,447074270.823767,447073144.0917704,1234.2726249407322,107.54062838879099,107.54062838879099,1126.7319965519412,447073036.55114204
WADOWICKI,1928,fixed14,537658842.3472472,537656766.9018537,2347.116300900196,271.6709073242191,271.6709073242191,2075.445393575977,537656495.2309463
WARSZAWSKI,1928,fixed14,514909077.92452574,514906358.6465263,7375.83314526164,4656.555145817139,4656.555145817139,2719.277999444501,514901702.0913805
WIELUŃSKI,1928,fixed14,587807958.2569818,587807069.5110915,970.9188862031235,82.1729958362337,82.1729958362337,888.7458903668899,587806987.3380957
WILEJSKI,1928,fixed14,367878487.01936036,367878134.1165505,367.85289976378493,14.950089951635741,14.950089951635741,352.9028098121492,367878119.1664606
WILEŃSKO-TROCKI,1928,fixed14,398682612.34809774,398682296.24004745,415.3437121002196,99.23566179717639,99.23566179717639,316.1080503030432,398682197.00438565
WILNO (MIASTO),1928,fixed14,407935120.45371443,407887912.35528207,47349.864134640964,141.76570231525832,141.76570231525832,47208.09843232571,407887770.58957976
WOLSZTYŃSKI,1928,fixed14,690426782.1400077,690425316.5107318,1697.6466168925617,232.01734103161883,232.01734103161883,1465.629275860943,690425084.4933908
WOŁKOWYSKI,1928,fixed14,438193368.14203787,438192899.5317421,532.5314347359838,63.921138949972026,63.921138949972026,468.6102957860118,438192835.61060315
WOŁOŻYŃSKI,1928,fixed14,371346578.4945183,371346136.9823667,457.0454212019469,15.533269560222891,15.533269560222891,441.512151641724,371346121.4490971
WRZESIŃSKI,1928,fixed14,606535768.2832611,606533439.6263256,2583.881438897773,255.22450344029158,255.22450344029158,2328.6569354574813,606533184.4018222
WYRZYSKI,1928,fixed14,563325823.3722064,563324263.6047281,1755.7596375104574,195.99215913931423,195.99215913931423,1559.7674783711432,563324067.612569
WYSOKOMAZOWIECKI,1928,fixed14,449078421.7443158,449077567.2730557,928.3697683143669,73.89850821705683,73.89850821705683,854.47126009731,449077493.3745475
WĄBRZESKI,1928,fixed14,532596918.6851763,532594975.036429,2112.1916844086745,168.5429371277634,168.5429371277634,1943.6487472809113,532594806.4934919
WĄGROWIECKI,1928,fixed14,599630323.0495876,599628932.2914869,1636.9196537237256,246.16155305526678,246.16155305526678,1390.7581006684588,599628686.1299338
WĘGROWSKI,1928,fixed14,454259800.0669009,454258789.7251586,1079.9398458491582,69.59810353497906,69.59810353497906,1010.3417423141791,454258720.12705505
WŁOCŁAWSKI,1928,fixed14,541904709.4682177,541902106.506996,2798.907358716178,195.94613708300952,195.94613708300952,2602.9612216331684,541901910.560859
WŁODAWSKI,1928,fixed14,442750775.9652205,442750225.10092527,609.0689242938932,58.20462906105429,58.20462906105429,550.8642952328389,442750166.8962962
WŁODZIMIERSKI,1928,fixed14,443988927.71398735,443988221.5826529,795.92729050079,89.79595606380407,89.79595606380407,706.131334436986,443988131.78669685
WŁOSZCZOWSKI,1928,fixed14,497534209.5992415,497533180.9010181,1116.0929204695383,87.39469709875841,87.39469709875841,1028.69822337078,497533093.506321
ZALESZCZYCKI,1928,fixed14,427119879.2943966,427118488.6012967,1431.1119235216004,40.41882367394274,40.41882367394274,1390.6930998476575,427118448.18247306
ZAMOJSKI,1928,fixed14,463687456.57782406,463686098.83530295,1494.3483372487603,136.6058161387677,136.6058161387677,1357.7425211099926,463685962.2294868
ZBARASKI,1928,fixed14,426151586.2130948,426150465.5761658,1181.1562718384055,60.51934283916631,60.51934283916631,1120.6369289992392,426150405.05682296
ZBOROWSKI,1928,fixed14,419235501.59099466,419234393.5299602,1140.9714362015668,32.91040178521757,32.91040178521757,1108.0610344163492,419234360.61955845
ZDOŁBUNOWSKI,1928,fixed14,408524097.2534085,408523024.82567155,1104.2049912636953,31.777254357668212,31.777254357668212,1072.4277369060271,408522993.0484172
ZŁOCZOWSKI,1928,fixed14,438712866.4534989,438711850.6135877,1100.2059862226224,84.36607497818886,84.36607497818886,1015.8399112444334,438711766.2475127
ŁASKI,1928,fixed14,535356610.4815429,535354646.39371294,2179.041269838997,214.95343990421455,214.95343990421455,1964.0878299347823,535354431.44027305
ŁAŃCUCKI,1928,fixed14,475599804.91984665,475598166.48184264,1715.6192122092905,77.18120818794492,77.18120818794492,1638.4380040213455,475598089.30063444
ŁOMŻYŃSKI,1928,fixed14,455317554.8255021,455316620.2545454,1020.1337138565211,85.5627571606987,85.5627571606987,934.5709566958225,455316534.69178826
ŁOWICKI,1928,fixed14,540778925.4267635,540777107.7376946,2330.885924741246,513.1968557358966,513.1968557358966,1817.6890690053494,540776594.5408388
ŁUCKI,1928,fixed14,421737746.56055003,421737299.95579314,490.1507859661324,43.5460291146118,43.5460291146118,446.60475685152056,421737256.40976405
ŁUKOWSKI,1928,fixed14,474449542.3712028,474448760.3813628,902.6448716388841,120.65503160584935,120.65503160584935,781.9898400330347,474448639.7263312
ŁUNINIECKI,1928,fixed14,399768194.3548044,399768019.0712233,207.28767332842943,32.00409228807725,32.00409228807725,175.28358104035217,399767987.06713104
ŁÓDZKI,1928,fixed14,547511037.8302268,547507170.9437698,5208.076251464018,1341.1897945855437,1341.1897945855437,3866.8864568784743,547505829.7539753
ŁÓDŹ (MIASTO),1928,fixed14,547954440.7454485,547232591.4608154,722369.7069611574,520.4223281438968,520.4223281438968,721849.2846330135,547232071.0384873
ŁĘCZYCKI,1928,fixed14,552163223.364921,552161067.8470789,2688.797417064544,533.2795750162029,533.2795750162029,2155.517842048341,552160534.5675039
ŚNIATYŃSKI,1928,fixed14,447579622.83873427,447577773.55310386,1892.3672091097187,43.081578744615655,43.081578744615655,1849.285630365103,447577730.47152513
ŚREDZKI,1928,fixed14,615935170.5700927,615933275.7000757,2171.6901915866515,276.82017465459523,276.82017465459523,1894.8700169320562,615932998.879901
ŚREMSKI,1928,fixed14,606533403.6743492,606531836.6134129,1751.8056948979638,184.7447586226486,184.7447586226486,1567.0609362753153,606531651.8686543
ŚWIECKI,1928,fixed14,533291463.359965,533290347.93845373,1278.8391641701314,163.41765288291015,163.41765288291015,1115.4215112872214,533290184.5208008
ŚWIĘCIAŃSKI,1928,fixed14,386456787.6589713,386456478.36256826,338.50556810239783,29.20916505068525,29.20916505068525,309.29640305171256,386456449.1534032
ŚWIĘTOCHŁOWICKI,1928,fixed14,605244773.7684337,605126129.1718336,121121.62864988681,2477.032049813173,2477.032049813173,118644.59660007364,605123652.1397839
ŻNIŃSKI,1928,fixed14,580816836.4808344,580814929.5991563,2144.066447002816,237.18476895048815,237.18476895048815,1906.8816780523277,580814692.4143873
ŻYDACZOWSKI,1928,fixed14,443102043.7871632,443101142.19957423,969.7731913688865,68.18560243775721,68.18560243775721,901.5875889311293,443101074.0139718
ŻYWIECKI,1928,fixed14,535684262.54190654,535682493.1011751,1963.779334153907,194.3386027389629,194.3386027389629,1769.4407314149441,535682298.7625724
ŻÓŁKIEWSKI,1928,fixed14,450675458.4516707,450674423.8643264,1187.242431278397,152.65508699831526,152.65508699831526,1034.5873442800817,450674271.2092394
AUGUSTOWSKI,1929,fixed14,415583495.09186745,415583117.91164696,409.7030397432798,32.52281927457988,32.52281927457988,377.18022046869993,415583085.3888277
BARANOWICKI,1929,fixed14,416279395.4500059,416279064.7973778,379.81453691441664,49.16190887710217,49.16190887710217,330.65262803731446,416279015.63546896
BIALSKI (BIAŁA KRAKOWSKA),1929,fixed14,545448059.1718265,545442362.3218098,5926.9324461161395,230.08242945849238,230.08242945849238,5696.850016657647,545442132.2393804
BIALSKI (BIAŁA PODLASKA),1929,fixed14,468928427.4004849,468927724.77654785,799.5556959583382,96.93175889614065,96.93175889614065,702.6239370621976,468927627.84478897
BIAŁOSTOCKI,1929,fixed14,459870777.78177077,459869855.3114748,1006.1994197760696,83.7291238032836,83.7291238032836,922.470295972786,459869771.58235097
BIELSKI (BIELSK PODLASKI),1929,fixed14,454752639.4089667,454752378.232375,331.65086271361133,70.47427097337284,70.47427097337284,261.1765917402385,454752307.758104
BIELSKO,1929,fixed14,547246863.8612567,547229193.1605924,17932.1929365792,261.49227230474946,261.49227230474946,17670.70066427445,547228931.6683202
BIŁGORAJSKI,1929,fixed14,451750930.5171185,451750371.578197,626.1522712647599,67.21334975221899,67.21334975221899,558.9389215125409,451750304.36484724
BOCHEŃSKI,1929,fixed14,529295445.637505,529294377.9695446,1333.7830668137135,266.1151063841587,266.1151063841587,1067.6679604295548,529294111.8544382
BORSZCZOWSKI,1929,fixed14,408600442.7939733,408599643.6262913,815.396439187403,16.228757120969668,16.228757120969668,799.1676820664333,408599627.39753413
BRASŁAWSKI,1929,fixed14,372873397.37526524,372873199.2888229,210.0012819511271,11.914839653455285,11.914839653455285,198.08644229767182,372873187.37398326
BRODNICKI,1929,fixed14,523933997.4886603,523932455.30308914,1659.586657029855,117.4010859197001,117.4010859197001,1542.1855711101548,523932337.9020032
BRODZKI,1929,fixed14,439601995.24921775,439601188.3367685,869.5063928407061,62.593943603792695,62.593943603792695,806.9124492369134,439601125.7428249
BRZESKI (BRZESKO),1929,fixed14,487544253.21983653,487543091.7032591,1223.726559902207,62.209982476562345,62.209982476562345,1161.5165774256448,487543029.49327666
BRZESKI (BRZEŚĆ N.BUG.),1929,fixed14,466964303.0365812,466963932.9882741,467.3875888186299,97.3392816752767,97.3392816752767,370.0483071433532,466963835.6489924
BRZEZIŃSKI,1929,fixed14,539482999.5833294,539480589.7255238,3028.390428733681,618.5326232270414,618.5326232270414,2409.8578055066396,539479971.1929007
BRZEŻAŃSKI,1929,fixed14,447086295.46590406,447085602.7810506,759.1671781960887,66.48232480764248,66.48232480764248,692.6848533884462,447085536.29872584
BRZOZOWSKI,1929,fixed14,462682180.1497897,462680754.9590288,1470.4067853889944,45.21602443827318,45.21602443827318,1425.1907609507211,462680709.7430043
BUCZACKI,1929,fixed14,437875548.87316495,437874725.74287605,881.0153925043028,57.88510356673415,57.88510356673415,823.1302889375686,437874667.85777247
BYDGOSKI,1929,fixed14,563225015.0189214,563222784.306655,2420.6151074224695,189.90284103388095,189.90284103388095,2230.7122663885884,563222594.403814
BÓBRECKI,1929,fixed14,445544486.4779548,445543414.0566689,1129.4666690928434,57.04538317463055,57.04538317463055,1072.4212859182128,445543357.0112857
BĘDZIŃSKI,1929,fixed14,577590434.3964171,577584172.2426661,6497.93537491177,235.78162387931383,235.78162387931383,6262.153751032456,577583936.4610423
BŁOŃSKI,1929,fixed14,522085582.5318548,522082399.248835,3428.9443298182473,245.6613100043701,245.6613100043701,3183.283019813877,522082153.587525
CHEŁMIŃSKI,1929,fixed14,527586010.4654912,527584207.8641312,1925.0315440048298,122.43018403957717,122.43018403957717,1802.6013599652526,527584085.43394715
CHEŁMSKI,1929,fixed14,467663509.76714003,467662717.63809043,896.6420642156311,104.51301458744571,104.51301458744571,792.1290496281854,467662613.1250758
CHODZIESKI,1929,fixed14,580063005.6776547,580061825.9751645,1311.1603352225468,131.45784499816816,131.45784499816816,1179.7024902243786,580061694.5173196
CHOJNICKI,1929,fixed14,512944732.9433865,512944180.4503945,606.1629681927808,53.66997621923517,53.66997621923517,552.4929919735456,512944126.7804183
CHORZÓW,1929,fixed14,605360382.7703016,604867346.4318247,498322.8858770948,5286.547400195512,5286.547400195512,493036.3384768993,604862059.8844244
CHRZANOWSKI,1929,fixed14,566768006.7833111,566763193.4470912,5271.710647923927,458.37442803567467,458.37442803567467,4813.336219888252,566762735.0726632
CIECHANOWSKI,1929,fixed14,499849119.3368288,499847713.61792266,1643.5517163509257,237.8328101831779,237.8328101831779,1405.7189061677477,499847475.7851125
CIESZYŃSKI,1929,fixed14,542709436.9190096,542705333.5611935,4380.901051468768,277.5432354576635,277.5432354576635,4103.357816011105,542705056.017958
CZARNKOWSKI,1929,fixed14,577547340.8805156,577546223.0028726,1205.1620421963946,87.28439912817484,87.28439912817484,1117.8776430682199,577546135.7184734
CZORTKOWSKI,1929,fixed14,437821328.72470134,437819935.7179546,1466.90854360018,73.90179680239898,73.90179680239898,1393.006746797781,437819861.81615776
CZĘSTOCHOWSKI,1929,fixed14,533517236.97584945,533515238.35926926,2138.636031229568,140.01945104121972,140.01945104121972,1998.6165801883483,533515098.33981824
DOBROMILSKI,1929,fixed14,461290460.5694706,461289676.83541435,845.1269487310179,61.39289250833216,61.39289250833216,783.7340562226858,461289615.44252187
DOLIŃSKI,1929,fixed14,453210148.83961207,453209721.25666445,484.63446704966464,57.05151946224394,57.05151946224394,427.5829475874207,453209664.205145
DROHICKI,1929,fixed14,423757798.83685684,423757310.1116021,523.5250045325802,34.79974978543902,34.79974978543902,488.72525474714115,423757275.31185234
DROHOBYCKI,1929,fixed14,465072784.1211223,465070882.0993045,1997.5904542736491,95.5686365045083,95.5686365045083,1902.0218177691409,465070786.530668
DUBIEŃSKI,1929,fixed14,420008331.54813516,420007857.87881804,504.33767760322485,30.668360450429454,30.668360450429454,473.6693171527954,420007827.21045756
DZIAŁDOWSKI,1929,fixed14,490636292.9133765,490635729.07646275,609.1381182025866,45.301204429455225,45.301204429455225,563.8369137731314,490635683.7752583
DZIŚNIEŃSKI,1929,fixed14,366720921.40881014,366720656.3012382,278.2093759831421,13.101804043287961,13.101804043287961,265.1075719398541,366720643.19943416
DĄBROWSKI,1929,fixed14,500898389.9119908,500897535.067996,967.8654369570587,113.021442192623,113.021442192623,854.8439947644357,500897422.04655385
GARWOLIŃSKI,1929,fixed14,485548137.62221766,485547442.0043128,857.1850720945641,161.5671672571601,161.5671672571601,695.617904837404,485547280.43714553
GNIEŹNIEŃSKI,1929,fixed14,612035231.4403076,612033715.4751662,1812.4734776919463,296.5083363545762,296.5083363545762,1515.9651413373701,612033418.9668299
GORLICKI,1929,fixed14,494384102.3062993,494383045.1618796,1157.4751382439347,100.33071854698844,100.33071854698844,1057.1444196969462,494382944.8311611
GOSTYNIŃSKI,1929,fixed14,524852795.8582257,524851342.3704048,1635.282446195319,181.7946253052856,181.7946253052856,1453.4878208900334,524851160.5757795
GOSTYŃSKI,1929,fixed14,623263887.8782717,623262075.9595045,2056.222593617617,244.30382644375956,244.30382644375956,1811.9187671738573,623261831.655678
GRODZIEŃSKI,1929,fixed14,427613633.0804899,427613307.1574195,365.2938034668128,39.37073306445173,39.37073306445173,325.9230704023611,427613267.7866864
GRUDZIĄDZKI,1929,fixed14,528057849.04566365,528054705.9358028,3294.9507229720543,151.84086217267452,151.84086217267452,3143.10986079938,528054554.09494066
GRÓDECKI,1929,fixed14,456099464.76382697,456098646.0486744,1043.8463132609274,225.1311606496009,225.1311606496009,818.7151526113266,456098420.9175137
GRÓJECKI,1929,fixed14,483989144.8793821,483987879.95683295,1342.501692307492,77.57914316950446,77.57914316950446,1264.9225491379875,483987802.3776898
HOROCHOWSKI,1929,fixed14,419819044.5035107,419818397.76363254,664.0036390835911,17.263760903801263,17.263760903801263,646.7398781797898,419818380.4998716
HORODEŃSKI,1929,fixed14,432747276.86569864,432746051.310585,1254.3513333014523,28.79621969670821,28.79621969670821,1225.555113604744,432746022.5143653
HRUBIESZOWSKI,1929,fixed14,449882111.85855186,449881041.8298086,1160.5793829779454,90.55063969752979,90.55063969752979,1070.0287432804157,449880951.2791689
INOWROCŁAWSKI,1929,fixed14,560301437.6385555,560299380.8581703,2198.511058649258,141.73067347511372,141.73067347511372,2056.780385174144,560299239.1274968
IWACEWICKI,1929,fixed14,421605870.8516838,421605658.25836194,250.39305299831997,37.79973115476045,37.79973115476045,212.59332184355952,421605620.4586308
IŁŻECKI,1929,fixed14,486639157.59083503,486638368.78623194,852.4604126277425,63.655809545539206,63.655809545539206,788.8046030822032,486638305.1304224
JANOWSKI,1929,fixed14,470904678.9350277,470904007.272221,758.1279289753539,86.46512227348542,86.46512227348542,671.6628067018685,470903920.80709875
JAROCIŃSKI,1929,fixed14,607322541.3263503,607320565.666767,2185.3039948430514,209.64441155250915,209.64441155250915,1975.6595832905425,607320356.0223554
JAROSŁAWSKI,1929,fixed14,481311276.6755555,481310521.18626535,865.2175140203341,109.72822386670532,109.72822386670532,755.4892901536288,481310411.4580415
JASIELSKI,1929,fixed14,488717466.17771465,488716539.85751486,1033.8921405727526,107.57194078990601,107.57194078990601,926.3201997828465,488716432.2855741
JAWOROWSKI,1929,fixed14,447544999.21478707,447544264.33672583,842.3555829585824,107.47752169348732,107.47752169348732,734.8780612650951,447544156.8592041
JĘDRZEJOWSKI,1929,fixed14,527259206.96455353,527258338.57244354,1030.2780307007472,161.88592067792123,161.88592067792123,868.392110022826,527258176.68652284
KALISKI,1929,fixed14,571683421.0597335,571681408.545785,2111.483222707698,98.96927416291999,98.96927416291999,2012.513948544778,571681309.5765108
KAMIONECKI,1929,fixed14,447311380.32963306,447310607.0160074,871.2118630747731,97.89823748378262,97.89823748378262,773.3136255909905,447310509.11776996
KARTUSKI,1929,fixed14,484880108.21281487,484879506.9831218,639.7465332038338,38.51684016809089,38.51684016809089,601.2296930357429,484879468.46628165
KATOWICE,1929,fixed14,592125408.0436327,592028394.2834212,98294.11631538201,1280.3561037841366,1280.3561037841366,97013.76021159787,592027113.9273174
KAŁUSKI,1929,fixed14,437468449.57149625,437467716.88979757,763.4425574474764,30.76085874865684,30.76085874865684,732.6816986988196,437467686.1289388
KIELECKI,1929,fixed14,518588705.7070174,518587606.8683999,1234.6196405312346,135.78102299874303,135.78102299874303,1098.8386175324915,518587471.0873769
KOBRYŃSKI,1929,fixed14,444795055.493255,444794762.7032203,354.3722280254657,61.582193339894616,61.582193339894616,292.7900346855711,444794701.121027
KOLBUSZOWSKI,1929,fixed14,459926001.2169023,459925166.79772955,864.7349287584086,30.315756052385005,30.315756052385005,834.4191727060236,459925136.4819735
KOLSKI,1929,fixed14,560442461.9014007,560441159.921838,1504.3362457434325,202.3566831416932,202.3566831416932,1301.9795626017394,560440957.5651549
KONECKI,1929,fixed14,520794085.18698454,520793211.31538963,1045.036210775149,171.164615853152,171.164615853152,873.8715949219968,520793040.15077376
KONIŃSKI,1929,fixed14,566407938.6998745,566406793.0345254,1254.928771477136,109.2634223107664,109.2634223107664,1145.6653491663697,566406683.771103
KOPYCZYNIECKI,1929,fixed14,433299996.65118307,433298990.3448321,1068.5236065734302,62.2172556685649,62.2172556685649,1006.3063509048654,433298928.1275765
KOSOWSKI (KOSÓW HUCULSKI),1929,fixed14,418069608.26661557,418069351.7316655,271.58393208708685,15.048982012747711,15.048982012747711,256.5349500743391,418069336.68268347
KOSTOPOLSKI,1929,fixed14,406394732.2545087,406394472.4750602,286.9718985964346,27.192450175292635,27.192450175292635,259.7794484211419,406394445.28261006
KOSZYRSKI,1929,fixed14,406384029.25590867,406383810.64703935,238.9241828985014,20.315313578843,20.315313578843,218.60886931965842,406383790.3317258
KOWELSKI,1929,fixed14,439903426.12775016,439903228.6409766,245.72411875841374,48.23734524812883,48.23734524812883,197.4867735102849,439903180.4036314
KOZIENICKI,1929,fixed14,487799346.81695706,487798761.49714214,710.7362476030524,125.41643265553378,125.41643265553378,585.3198149475187,487798636.08070946
KOŁOMYJSKI,1929,fixed14,458344154.4518694,458343089.41621053,1128.3522487313794,63.31658982571796,63.31658982571796,1065.0356589056614,458343026.0996207
KOŚCIAŃSKI,1929,fixed14,646293027.8934088,646290995.0580143,2356.327225417508,323.49183099348926,323.49183099348926,2032.835394424019,646290671.5661833
KOŚCIERSKI,1929,fixed14,498967299.9966674,498966605.5399547,743.330847638632,48.87413494353976,48.87413494353976,694.4567126950923,498966556.66581976
KRAKOWSKI,1929,fixed14,541463730.8028936,541461358.7508953,3275.9238517652916,903.8718533618085,903.8718533618085,2372.051998403483,541460454.8790419
KRAKÓW (MIASTO),1929,fixed14,541746725.1571481,541358973.094849,388156.18058263784,404.1182835651144,404.1182835651144,387752.06229907274,541358568.9765655
KRASNOSTAWSKI,1929,fixed14,457148085.1268815,457147162.69886917,994.0068850951297,71.5788727739569,71.5788727739569,922.4280123211728,457147091.11999637
KROTOSZYŃSKI,1929,fixed14,599169035.4787055,599166837.6778657,2358.7674258255065,160.96658604503563,160.96658604503563,2197.800839780471,599166676.7112797
KROŚNIEŃSKI,1929,fixed14,484012727.4423262,484011051.46279705,1759.5669915820363,83.58746245432745,83.58746245432745,1675.979529127709,484010967.8753346
KRZEMIENIECKI,1929,fixed14,406816882.0090483,406816334.21000886,569.0134696104972,21.21443024144195,21.21443024144195,547.7990393690552,406816312.99557865
KUTNOWSKI,1929,fixed14,551930267.767627,551926541.1008472,4144.084281251375,417.4175015084221,417.4175015084221,3726.6667797429523,551926123.6833458
KĘPIŃSKI,1929,fixed14,588939949.9437814,588938433.5894334,1603.8693840347814,87.51503611450917,87.51503611450917,1516.3543479202722,588938346.0743973
LESKI,1929,fixed14,447932741.76889294,447932261.1834381,509.92106930655893,29.335614509117562,29.335614509117562,480.5854547974414,447932231.8478236
LESZCZYŃSKI,1929,fixed14,648418567.1350017,648416499.7921869,2319.0471906142143,251.70437584587242,251.70437584587242,2067.3428147683417,648416248.087811
LIDZKI,1929,fixed14,412299674.93781567,412299394.99334836,320.3759709733191,40.431503640415016,40.431503640415016,279.9444673329041,412299354.5618447
LIMANOWSKI,1929,fixed14,499154841.74123716,499154166.17151403,752.2957795793877,76.72605646237976,76.72605646237976,675.5697231170079,499154089.4454576
LIPNOWSKI,1929,fixed14,453223411.24924314,453222307.11092526,1181.7764770957567,77.63815924254104,77.63815924254104,1104.1383178532158,453222229.47276604
LUBACZOWSKI,1929,fixed14,442852794.80086714,442852169.8003948,670.2211548699084,45.220682518397986,45.220682518397986,625.0004723515104,442852124.5797123
LUBARTOWSKI,1929,fixed14,474773845.61958957,474773157.3752911,860.715070985704,172.47077252967216,172.47077252967216,688.2442984560319,474772984.9045186
LUBAWSKI,1929,fixed14,502935419.591804,502934093.99718326,1386.4677571829516,60.87313638742362,60.87313638742362,1325.594620795528,502934033.12404686
LUBELSKI,1929,fixed14,481215411.0162847,481213238.9712486,2298.7450377186815,126.70000165438128,126.70000165438128,2172.0450360643003,481213112.27124697
LUBLINIECKI,1929,fixed14,582465704.5141124,582463901.1145273,1977.1819428758558,173.78235778338203,173.78235778338203,1803.399585092474,582463727.3321695
LUBOMELSKI,1929,fixed14,442071046.50742674,442070819.2180749,275.02983654390107,47.74048472967818,47.74048472967818,227.28935181422287,442070771.4775902
LWOWSKI,1929,fixed14,460943225.6097798,460942061.1892599,1894.2404193160173,729.8198994429083,729.8198994429083,1164.420519873109,460941331.36936045
LWÓW (MIASTO),1929,fixed14,470255853.4320715,470071155.82453513,185052.6557463703,355.04820994932703,355.04820994932703,184697.60753642095,470070800.77632517
M. ST. WARSZAWA,1929,fixed14,519461348.0800268,518766825.9669815,695240.5554270019,718.4423816732665,718.4423816732665,694522.1130453286,518766107.5245998
MAKOWSKI (MAKÓW MAZOWIECKI),1929,fixed14,469791233.84926635,469790421.30755883,874.9699745864153,62.42826708391234,62.42826708391234,812.541707502503,469790358.8792918
MIECHOWSKI,1929,fixed14,523240361.76948816,523239179.7079446,1276.54660077291,94.48505717187864,94.48505717187864,1182.0615436010314,523239085.2228874
MIELECKI,1929,fixed14,496493011.98165035,496492271.5008963,846.53587053876,106.05511645934203,106.05511645934203,740.480754079418,496492165.4457798
MIĘDZYCHODZKI,1929,fixed14,633229246.5996084,633228232.1099519,1091.070795789157,76.581139169396,76.581139169396,1014.489656619761,633228155.5288126
MIŃSKI,1929,fixed14,497260824.68863297,497259536.7503532,1730.4597768491064,442.52149713351173,442.52149713351173,1287.9382797155947,497259094.2288561
MOGILEŃSKI,1929,fixed14,573138674.997478,573136885.8299447,1933.23270197361,144.06516872285053,144.06516872285053,1789.1675332507593,573136741.764776
MORSKI,1929,fixed14,468549259.77384907,468547933.0446808,1349.6894958208845,22.96032748415931,22.96032748415931,1326.7291683367253,468547910.08435327
MOŁODECZAŃSKI,1929,fixed14,385686550.6117325,385685888.5179277,682.3291464028553,20.235341595081714,20.235341595081714,662.0938048077735,385685868.2825861
MOŚCISKI,1929,fixed14,455832523.4377261,455831458.0602479,1117.3408275062445,51.96334932990394,51.96334932990394,1065.3774781763407,455831406.09689856
MYŚLENICKI,1929,fixed14,495753085.51026946,495752034.1736686,1111.888008802575,60.55140793084311,60.55140793084311,1051.336600871732,495751973.6222607
MŁAWSKI,1929,fixed14,492702617.88722336,492701639.0744175,1082.14855608844,103.3357502349274,103.3357502349274,978.8128058535127,492701535.73866725
NADWÓRNIAŃSKI,1929,fixed14,445569496.29196566,445568966.86260617,572.4646334952274,43.03527405624018,43.03527405624018,529.4293594389873,445568923.82733214
NIESZAWSKI,1929,fixed14,549910185.3859818,549908744.8147829,1624.801300768214,184.2301017670345,184.2301017670345,1440.5711990011796,549908560.584681
NIEŚWIESKI,1929,fixed14,386231790.1805281,386231105.66322,700.6822925818669,16.164984480153638,16.164984480153638,684.5173081017133,386231089.4982355
NIŻAŃSKI,1929,fixed14,474190401.8483268,474189704.3039715,741.5053593981061,43.96100415187802,43.96100415187802,697.5443552462281,474189660.3429674
NOWOGRÓDZKI,1929,fixed14,406263327.46013004,406262929.7476086,439.0121875190488,41.29966609161824,41.29966609161824,397.71252142743054,406262888.4479425
NOWOSĄDECKI,1929,fixed14,497800017.619506,497799196.54740345,905.6594990005534,84.58739643317642,84.58739643317642,821.072102567377,497799111.960007
NOWOTARSKI,1929,fixed14,512960283.319008,512959629.0452771,755.3418393599944,101.06810851777297,101.06810851777297,654.2737308422214,512959527.9771686
NOWOTOMYSKI,1929,fixed14,664730439.3584445,664728787.3311329,1777.1641109594461,125.13679940700473,125.13679940700473,1652.0273115524415,664728662.1943334
OBORNICKI,1929,fixed14,611183914.5352361,611182886.617119,1286.6046194992182,258.68650239160405,258.68650239160405,1027.918117107614,611182627.9306166
OLKUSKI,1929,fixed14,539324982.9818404,539323660.203986,1435.90881565265,113.13096134726429,113.13096134726429,1322.7778543053857,539323547.0730247
OPATOWSKI,1929,fixed14,497634467.7150524,497633139.8751518,1406.2777004803536,78.43779984248349,78.43779984248349,1327.8399006378702,497633061.43735194
OPOCZYŃSKI,1929,fixed14,526447438.3006349,526446726.59341836,980.1652920116468,268.4580754351691,268.4580754351691,711.7072165764777,526446458.1353429
OSTROWSKI (OSTRÓW MAZOWIECKA),1929,fixed14,473083197.78627765,473082573.1702149,762.9851043757279,138.36904165037674,138.36904165037674,624.6160627253512,473082434.80117327
OSTROWSKI (OSTRÓW WIELKOPOLSKI),1929,fixed14,599702607.6010913,599700910.8409101,1834.8590861564714,138.0989049715676,138.0989049715676,1696.7601811849038,599700772.7420051
OSTROŁĘCKI,1929,fixed14,462176942.24072903,462176420.32457954,618.4687948560559,96.55264541184748,96.55264541184748,521.9161494442084,462176323.77193415
OSZMIAŃSKI,1929,fixed14,370640549.758873,370640156.8393737,405.73090575525543,12.811406469673532,12.811406469673532,392.9194992855819,370640144.0279672
PIOTRKOWSKI,1929,fixed14,527309588.04758275,527308289.7868078,1499.9040086664836,201.6432337048975,201.6432337048975,1298.260774961586,527308088.14357406
PIŃCZOWSKI,1929,fixed14,510965526.2354014,510964343.2492623,1262.9428036164848,79.95666448779308,79.95666448779308,1182.9861391286918,510964263.2925978
PIŃSKI,1929,fixed14,416526554.31454164,416526269.00445604,317.22282130242377,31.91273572380287,31.91273572380287,285.3100855786209,416526237.09172034
PODHAJECKI,1929,fixed14,448628569.77845734,448627920.98886985,721.9301633907387,73.1405758812262,73.1405758812262,648.7895875095126,448627847.84829396
POSTAWSKI,1929,fixed14,371457801.74647003,371457544.1220628,273.65994719737495,16.0355399918664,16.0355399918664,257.62440720550853,371457528.0865228
POZNAŃ (MIASTO),1929,fixed14,649685527.6634594,649482331.0912484,204141.19892831772,944.6267173075701,944.6267173075701,203196.57221101015,649481386.4645311
POZNAŃSKI,1929,fixed14,640921150.8784,640919782.339846,3662.76639082157,2294.227836841063,2294.227836841063,1368.5385539805072,640917488.1120092
PRUŻAŃSKI,1929,fixed14,441096348.6684771,441095979.53016096,421.74948795927827,52.61117177229361,52.61117177229361,369.13831618698464,441095926.9189892
PRZASNYCKI,1929,fixed14,449055714.25102764,449055017.05149525,752.1887557021656,54.989223287795916,54.989223287795916,697.1995324143697,449054962.06227195
PRZEMYSKI,1929,fixed14,478478603.23039496,478476921.83001554,1797.6352284996244,116.23484911588828,116.23484911588828,1681.4003793837362,478476805.59516644
PRZEMYŚLAŃSKI,1929,fixed14,452023689.83310974,452022803.3074428,979.110433684712,92.58476673586063,92.58476673586063,886.5256669488514,452022710.72267604
PRZEWORSKI,1929,fixed14,482345214.7454248,482342753.1900887,2568.3233821003405,106.76804596677451,106.76804596677451,2461.555336133566,482342646.4220427
PSZCZYŃSKI,1929,fixed14,571267644.9485137,571264256.6870525,3832.507666196908,444.24620494468456,444.24620494468456,3388.2614612522234,571263812.4408475
PUŁAWSKI,1929,fixed14,474294580.3262334,474293606.10968494,1070.1600711270423,95.94352267269636,95.94352267269636,974.2165484543459,474293510.16616225
PUŁTUSKI,1929,fixed14,474736561.85975534,474735518.91266656,1181.4862746339245,138.5391858555596,138.5391858555596,1042.9470887783648,474735380.3734807
PŁOCKI,1929,fixed14,510499873.7449389,510497913.9944998,2071.22820513687,111.47776603842978,111.47776603842978,1959.7504390984404,510497802.51673377
PŁOŃSKI,1929,fixed14,481818479.311522,481817388.0889334,1331.4812778293226,240.2586892116177,240.2586892116177,1091.222588617705,481817147.8302442
RADOMSKI,1929,fixed14,501627310.0216718,501626393.3035712,1042.3474217868256,125.62932120271897,125.62932120271897,916.7181005841067,501626267.67425
RADOMSZCZAŃSKI,1929,fixed14,534724364.5680568,534723456.93256885,1106.1033307193256,198.46784276379935,198.46784276379935,907.6354879555264,534723258.4647261
RADZIECHOWSKI,1929,fixed14,428977292.2377129,428976673.7813261,651.8003162423072,33.34392941123058,33.34392941123058,618.4563868310767,428976640.4373967
RADZYMIŃSKI,1929,fixed14,504620828.5137336,504619395.64946145,2633.2500554501135,1200.3857832545007,1200.3857832545007,1432.8642721956128,504618195.2636782
RADZYŃSKI,1929,fixed14,473697644.7093685,473697007.9847982,736.9071117473998,100.18254144478654,100.18254144478654,636.7245703026132,473696907.80225676
RAWICKI,1929,fixed14,625132271.8428696,625129563.6008421,2911.7152263951157,203.47319890306582,203.47319890306582,2708.24202749205,625129360.1276432
RAWSKI (RAWA MAZOWIECKA),1929,fixed14,514899825.6371729,514898801.5558581,1222.0282858019175,197.94697099666539,197.94697099666539,1024.081314805252,514898603.6088871
RAWSKI (RAWA RUSKA),1929,fixed14,456131577.3584458,456130953.3523514,712.222550591516,88.21645617569324,88.21645617569324,624.0060944158228,456130865.13589525
ROHATYŃSKI,1929,fixed14,444602218.505601,444601463.9346225,807.5002136818019,52.92923523113121,52.92923523113121,754.5709784506707,444601411.0053873
ROPCZYCKI,1929,fixed14,500223292.7277539,500222378.9673206,1025.2187731334132,111.45833988788152,111.45833988788152,913.7604332455315,500222267.50898075
RUDECKI,1929,fixed14,449568732.97073776,449567529.7411987,1261.7025039095388,58.47296490906932,58.47296490906932,1203.2295390004695,449567471.26823384
RYBNICKI,1929,fixed14,558045255.234387,558039319.0734159,6215.221404143765,279.0604330802508,279.0604330802508,5936.160971063514,558039040.0129828
RYPIŃSKI,1929,fixed14,452873257.2494714,452871999.8106125,1342.208926301672,84.77006737957721,84.77006737957721,1257.4388589220946,452871915.0405451
RZESZOWSKI,1929,fixed14,487311707.92745167,487310328.4993582,1464.9689973105596,85.5409038039425,85.5409038039425,1379.4280935066172,487310242.9584544
RÓWIEŃSKI,1929,fixed14,412454745.3908927,412454015.03446156,758.8565950133551,28.500163912485753,28.500163912485753,730.3564311008694,412453986.53429765
SAMBORSKI,1929,fixed14,471533589.34482443,471532575.7668138,1188.5576344206875,174.97962382115125,174.97962382115125,1013.5780105995362,471532400.78719
SANDOMIERSKI,1929,fixed14,477824461.0486649,477823284.29759425,1218.0043730597836,41.25330239276402,41.25330239276402,1176.7510706670196,477823243.04429185
SANOCKI,1929,fixed14,461621735.546928,461620867.0812699,912.5090071729979,44.0433491044571,44.0433491044571,868.4656580685408,461620823.03792083
SARNEŃSKI,1929,fixed14,414610160.4451389,414610003.57946086,190.9594969157106,34.09381891025436,34.09381891025436,156.86567800545623,414609969.48564196
SIEDLECKI,1929,fixed14,482022221.9090273,482021368.5532884,1001.6046612951844,148.24892241430442,148.24892241430442,853.35573888088,482021220.304366
SIERADZKI,1929,fixed14,564026762.2812889,564025354.346866,1703.6962312055368,295.76180834592384,295.76180834592384,1407.934422859613,564025058.5850576
SIERPECKI,1929,fixed14,451106966.00427485,451105684.313436,1351.6885630363095,69.99772417680747,69.99772417680747,1281.690838859502,451105614.3157118
SKAŁACKI,1929,fixed14,425413341.50783366,425412387.0267409,991.4374393862015,36.9563466393488,36.9563466393488,954.4810927468527,425412350.0703943
SKIERNIEWICKI,1929,fixed14,533630055.8450067,533628541.46860284,1915.6408126357385,401.26440879142564,401.26440879142564,1514.3764038443128,533628140.20419407
SOCHACZEWSKI,1929,fixed14,520463369.2346288,520461838.1335866,1879.612461357845,348.5114191036517,348.5114191036517,1531.1010422541933,520461489.62216747
SOKALSKI,1929,fixed14,447678847.8984215,447678017.44860286,898.7481403849048,68.2983217314878,68.2983217314878,830.449818653417,447677949.15028113
SOKOŁOWSKI,1929,fixed14,476395930.4227638,476395180.6114386,877.0291021844054,127.21777695982166,127.21777695982166,749.8113252245837,476395053.3936616
SOKÓLSKI,1929,fixed14,445996492.4108427,445996088.4498242,474.09357915931287,70.13256064413379,70.13256064413379,403.9610185151791,445996018.31726354
STANISŁAWOWSKI,1929,fixed14,457387971.63541317,457386605.2520115,1448.4881068371487,82.10470514207033,82.10470514207033,1366.3834016950784,457386523.1473063
STAROGARDZKI,1929,fixed14,504473739.6463477,504472493.67907524,1303.9025084148018,57.935235950325534,57.935235950325534,1245.9672724644763,504472435.74383926
STOLIŃSKI,1929,fixed14,397181577.2526789,397181406.7662946,192.66982562918548,22.183441325502393,22.183441325502393,170.48638430368308,397181384.58285326
STOPNICKI,1929,fixed14,470512487.8432052,470511731.5422641,791.7150645863552,35.414123455035266,35.414123455035266,756.30094113132,470511696.1281406
STOŁPECKI,1929,fixed14,390511867.7114071,390511373.2217251,513.9231574575899,19.433475454282753,19.433475454282753,494.48968200330717,390511353.7882497
STRYJSKI,1929,fixed14,443217031.05240095,443216383.420194,690.5008189083766,42.8686119330506,42.8686119330506,647.632206975326,443216340.55158204
SUWALSKI,1929,fixed14,412274751.5384246,412274260.0615897,519.5970647601922,28.120229833208064,28.120229833208064,491.47683492698417,412274231.9413599
SZAMOTULSKI,1929,fixed14,622922021.3372633,622920730.9968139,1452.685101517185,162.34465202963088,162.34465202963088,1290.3404494875542,622920568.6521618
SZCZUCZYŃSKI (WOJ. BIAŁOSTOCKIE),1929,fixed14,440649031.5804459,440648399.80925673,675.1839281188979,43.41273896965573,43.41273896965573,631.7711891492422,440648356.39651775
SZCZUCZYŃSKI (WOJ. NOWOGRÓDZKIE),1929,fixed14,408366882.8663018,408366595.2711127,311.61519983878134,24.02001075775193,24.02001075775193,287.5951890810294,408366571.2511019
SZUBIŃSKI,1929,fixed14,573697148.7974664,573695999.6869766,1381.0885943377402,231.97810445268027,231.97810445268027,1149.11048988506,573695767.7088721
SĘPOLEŃSKI,1929,fixed14,549690088.5148531,549688557.6649115,1660.3171406936442,129.46719910715177,129.46719910715177,1530.8499415864924,549688428.1977124
SŁONIMSKI,1929,fixed14,422899042.4981015,422898691.1690169,398.6754933602071,47.346408774678764,47.346408774678764,351.32908458552834,422898643.8226081
TARNOBRZESKI,1929,fixed14,497223197.7888674,497222203.5834518,1072.3672728893778,78.16185732529792,78.16185732529792,994.2054155640798,497222125.4215945
TARNOGÓRSKI,1929,fixed14,600980761.570082,600969861.2128141,11775.02269697088,874.6654291142847,874.6654291142847,10900.357267856596,600968986.547385
TARNOPOLSKI,1929,fixed14,440496680.8220561,440495688.72980833,1065.1406069414188,73.0483591637489,73.0483591637489,992.09224777767,440495615.6814492
TARNOWSKI,1929,fixed14,510371243.0329692,510369515.8261771,1866.713224035673,139.50643201409676,139.50643201409676,1727.2067920215761,510369376.3197451
TCZEWSKI,1929,fixed14,497031860.3175653,497029412.84356505,2490.979816739221,43.50581647265641,43.50581647265641,2447.4740002665644,497029369.3377486
TOMASZOWSKI,1929,fixed14,440934825.7538029,440933941.6408245,943.8753553554122,59.76237698621603,59.76237698621603,884.1129783691962,440933881.87844753
TORUŃSKI,1929,fixed14,553757711.1223882,553755439.1171613,2473.8337973619687,201.82857040521793,201.82857040521793,2272.005226956751,553755237.2885909
TREMBOWELSKI,1929,fixed14,437842879.73299927,437841907.53548837,1050.3174800719469,78.11996921509851,78.11996921509851,972.1975108568485,437841829.4155192
TUCHOLSKI,1929,fixed14,529822231.9120525,529821345.9115499,982.1930261466198,96.19252353933122,96.19252353933122,886.0005026072886,529821249.7190264
TURCZAŃSKI,1929,fixed14,453747420.81637937,453747018.0343664,469.99250491899136,67.21049193019577,67.21049193019577,402.7820129887956,453746950.8238745
TURECKI,1929,fixed14,530559792.1961069,530558909.42363286,933.2821100950553,50.50963603265905,50.50963603265905,882.7724740623962,530558858.9139968
TŁUMACKI,1929,fixed14,450881908.8947913,450881046.2341503,950.2779324940163,87.6172914597453,87.6172914597453,862.6606410342711,450880958.61685884
WADOWICKI,1929,fixed14,539060797.4305736,539059176.3291664,1887.6726348085908,266.5712276976977,266.5712276976977,1621.1014071108932,539058909.7579387
WARSZAWSKI,1929,fixed14,516103716.83387077,516100886.54330647,6586.493526824679,3756.2029624902248,3756.2029624902248,2830.290564334454,516097130.34034395
WIELUŃSKI,1929,fixed14,588314717.2217019,588314017.2773044,780.0271625207329,80.08276511115436,80.08276511115436,699.9443974095785,588313937.1945393
WILEJSKI,1929,fixed14,370227830.4761616,370227539.6976879,303.2516365795159,12.473162894260188,12.473162894260188,290.7784736852557,370227527.22452503
WILEŃSKO-TROCKI,1929,fixed14,401542063.3358787,401541810.89103466,361.34811455245745,108.90327056344054,108.90327056344054,252.44484398901693,401541701.9877641
WILNO (MIASTO),1929,fixed14,410838871.1145746,410784874.58723396,54114.520105066724,117.99276440446071,117.99276440446071,53996.527340662265,410784756.59446955
WOLSZTYŃSKI,1929,fixed14,689745811.5394222,689744586.3243817,1427.095536930575,201.880496556649,201.880496556649,1225.215040373926,689744384.4438852
WOŁKOWYSKI,1929,fixed14,440507568.81586355,440507238.89933574,384.9402932803263,55.02376545982311,55.02376545982311,329.9165278205032,440507183.8755703
WOŁOŻYŃSKI,1929,fixed14,373694752.0365733,373694401.2548426,363.73119793060744,12.949467230437769,12.949467230437769,350.78173070016965,373694388.30537534
WRZESIŃSKI,1929,fixed14,606475019.7636532,606473134.7223036,2111.719433587797,226.67808403531086,226.67808403531086,1885.041349552486,606472908.0442196
WYRZYSKI,1929,fixed14,563074110.279327,563072788.9635787,1496.8993587999034,175.58361036665636,175.58361036665636,1321.315748433247,563072613.3799683
WYSOKOMAZOWIECKI,1929,fixed14,451093479.9056009,451092835.1984039,711.836078034099,67.12888102922885,67.12888102922885,644.7071970048702,451092768.06952286
WĄBRZESKI,1929,fixed14,532613659.9899441,532612149.3161157,1660.3260493011721,149.65222092231647,149.65222092231647,1510.6738283788557,532611999.6638948
WĄGROWIECKI,1929,fixed14,599270889.5725582,599269808.8077365,1299.9285051782958,219.16368347639937,219.16368347639937,1080.7648217018964,599269589.644053
WĘGROWSKI,1929,fixed14,456097233.39236045,456096403.6028567,893.0132689777344,63.22376527632422,63.22376527632422,829.7895037014101,456096340.37909144
WŁOCŁAWSKI,1929,fixed14,542346863.0547181,542344302.4941788,2742.9060774895934,182.34553817575207,182.34553817575207,2560.560539313841,542344120.1486406
WŁODAWSKI,1929,fixed14,445075372.28923124,445074955.7837297,466.023548420789,49.51804687818022,49.51804687818022,416.5055015426088,445074906.2656828
WŁODZIMIERSKI,1929,fixed14,446853341.9162629,446852789.214938,626.6868962778827,73.985571315607,73.985571315607,552.7013249622757,446852715.22936666
WŁOSZCZOWSKI,1929,fixed14,499018465.28783697,499017726.62505805,819.6838908568579,81.0211119828791,81.0211119828791,738.6627788739788,499017645.6039461
ZALESZCZYCKI,1929,fixed14,430968785.7046014,430967821.7058398,995.7239266192568,31.72516498088544,31.72516498088544,963.9987616383713,430967789.9806748
ZAMOJSKI,1929,fixed14,466331496.8770135,466330377.4596843,1231.9299219394863,112.51259272377192,112.51259272377192,1119.4173292157145,466330264.9470916
ZBARASKI,1929,fixed14,429456452.0625851,429455576.2233564,925.330224057126,49.49099534946604,49.49099534946604,875.8392287076599,429455526.7323611
ZBOROWSKI,1929,fixed14,422178679.4679797,422177876.00462586,831.5181251751991,28.05477128419014,28.05477128419014,803.463353891009,422177847.94985455
ZDOŁBUNOWSKI,1929,fixed14,411381844.33265585,411380940.01200294,930.7490381135518,26.428385188093824,26.428385188093824,904.320652925458,411380913.58361775
ZŁOCZOWSKI,1929,fixed14,441796009.5760392,441795246.3036954,837.5870456747346,74.31470188446696,74.31470188446696,763.2723437902675,441795171.9889935
ŁASKI,1929,fixed14,536241708.0167558,536239769.78114814,2154.7540903710747,216.51848266550826,216.51848266550826,1938.2356077055665,536239553.26266545
ŁAŃCUCKI,1929,fixed14,477973288.0009377,477972097.2815879,1256.115468532796,65.39611877509816,65.39611877509816,1190.719349757698,477972031.88546914
ŁOMŻYŃSKI,1929,fixed14,457091891.30294013,457091182.4254075,788.1962911807206,79.31875857823005,79.31875857823005,708.8775326024905,457091103.1066489
ŁOWICKI,1929,fixed14,541673586.5851157,541672092.6721017,2013.616098237972,519.7030843163901,519.7030843163901,1493.913013921582,541671572.9690174
ŁUCKI,1929,fixed14,424310255.4621869,424309898.7385084,392.94067596037564,36.21699752237126,36.21699752237126,356.72367843800436,424309862.5215109
ŁUKOWSKI,1929,fixed14,476302676.56143343,476302053.78646785,731.4051127002086,108.63014707835484,108.63014707835484,622.7749656218538,476301945.15632075
ŁUNINIECKI,1929,fixed14,402318619.1289964,402318455.70235336,189.69757769621083,26.27093473017591,26.27093473017591,163.4266429660349,402318429.43141866
ŁÓDZKI,1929,fixed14,548362747.8173141,548358488.9286753,5765.3686612270585,1506.4800224656037,1506.4800224656037,4258.888638761455,548356982.4486529
ŁÓDŹ (MIASTO),1929,fixed14,548989536.3024708,548129269.9454246,860779.3415681876,512.9845219678955,512.9845219678955,860266.3570462196,548128756.9609026
ŁĘCZYCKI,1929,fixed14,552798039.3790573,552796320.9832062,2256.4003317065,538.0044806400874,538.0044806400874,1718.3958510664122,552795782.9787256
ŚNIATYŃSKI,1929,fixed14,451937353.9707663,451935814.78503203,1572.973452689917,33.787718424260895,33.787718424260895,1539.185734265656,451935780.9973136
ŚREDZKI,1929,fixed14,615767057.1991547,615765511.8475573,1801.7578263762996,256.4062289581516,256.4062289581516,1545.351597418148,615765255.4413284
ŚREMSKI,1929,fixed14,606405618.2238023,606404361.0775394,1422.3574306501034,165.2111678163455,165.2111678163455,1257.1462628337579,606404195.8663716
ŚWIECKI,1929,fixed14,532618239.00189185,532617313.3615843,1072.3790114962362,146.73870396865925,146.73870396865925,925.6403075275769,532617166.62288034
ŚWIĘCIAŃSKI,1929,fixed14,389477764.27337486,389477511.7818133,278.91238253300196,26.42082098583283,26.42082098583283,252.49156154716914,389477485.3609923
ŚWIĘTOCHŁOWICKI,1929,fixed14,606047573.3740624,605902454.4837723,147894.1763583659,2775.286068240745,2775.286068240745,145118.89029012516,605899679.1977041
ŻNIŃSKI,1929,fixed14,580514043.3767291,580512525.329569,1723.7452790066318,205.6981187845081,205.6981187845081,1518.0471602221237,580512319.6314502
ŻYDACZOWSKI,1929,fixed14,446456454.92438275,446455695.87347853,819.180998760173,60.130094502850184,60.130094502850184,759.0509042573228,446455635.743384
ŻYWIECKI,1929,fixed14,537014633.4239962,537013002.0264606,1815.561203425258,184.16366789642473,184.16366789642473,1631.3975355288333,537012817.8627927
ŻÓŁKIEWSKI,1929,fixed14,453750976.04039145,453750123.67799956,997.73311846315,145.3707265960552,145.3707265960552,852.3623918670949,453749978.307273
AUGUSTOWSKI,1930,fixed14,413365133.8906089,413364750.809687,414.3470950894405,31.266173179804987,31.266173179804987,383.0809219096355,413364719.54351383
BARANOWICKI,1930,fixed14,414184295.94245225,414184010.1374381,331.3216629377466,45.51664880000229,45.51664880000229,285.80501413774437,414183964.6207893
BIALSKI (BIAŁA KRAKOWSKA),1930,fixed14,541116746.0066437,541111014.5757123,5958.675953837838,227.24502249829135,227.24502249829135,5731.430931339547,541110787.3306898
BIALSKI (BIAŁA PODLASKA),1930,fixed14,465912552.7874395,465911883.40924877,762.8608420129563,93.48265125391325,93.48265125391325,669.378190759043,465911789.92659754
BIAŁOSTOCKI,1930,fixed14,457158358.32010496,457157436.51360834,1002.4413206995662,80.63482407185647,80.63482407185647,921.8064966277097,457157355.87878424
BIELSKI (BIELSK PODLASKI),1930,fixed14,452029338.6343586,452029079.2831271,327.52874528459324,68.17751384787807,68.17751384787807,259.3512314367152,452029011.1056133
BIELSKO,1930,fixed14,542917017.1657448,542903042.2872635,14241.589515940399,266.71103466878407,266.71103466878407,13974.878481271615,542902775.5762289
BIŁGORAJSKI,1930,fixed14,448934681.9389077,448934178.38134474,568.564748390718,65.00718544263114,65.00718544263114,503.5575629480869,448934113.3741593
BOCHEŃSKI,1930,fixed14,525292146.31335336,525291064.5201653,1359.3656043966066,277.572416361313,277.572416361313,1081.7931880352935,525290786.94774896
BORSZCZOWSKI,1930,fixed14,406224513.38243586,406223727.8713984,802.0330653724122,16.5220279039565,16.5220279039565,785.5110374684557,406223711.3493705
BRASŁAWSKI,1930,fixed14,371795341.54654497,371795162.49592084,190.50823355610873,11.457609390555533,11.457609390555533,179.0506241655532,371795151.0383114
BRODNICKI,1930,fixed14,519865511.3547892,519864094.03546274,1536.3119284684703,118.99260201013959,118.99260201013959,1417.3193264583308,519863975.04286075
BRODZKI,1930,fixed14,436981882.4848095,436981148.72611034,798.9495740897711,65.1908749302261,65.1908749302261,733.758699159545,436981083.5352354
BRZESKI (BRZESKO),1930,fixed14,484027533.7891594,484026461.05491024,1136.5267865520761,63.79253739121723,63.79253739121723,1072.734249160859,484026397.26237285
BRZESKI (BRZEŚĆ N.BUG.),1930,fixed14,464088769.5104745,464088440.18170077,422.618731528669,93.28995784548151,93.28995784548151,329.3287736831875,464088346.89174294
BRZEZIŃSKI,1930,fixed14,535369653.84966236,535367080.92643917,3214.164024314212,641.2408011097938,641.2408011097938,2572.9232232044183,535366439.68563807
BRZEŻAŃSKI,1930,fixed14,444392561.4180569,444391847.598584,783.252860062775,69.43338713177292,69.43338713177292,713.819472931002,444391778.16519684
BRZOZOWSKI,1930,fixed14,459571244.4594247,459569747.985272,1542.6721725004907,46.1980198172279,46.1980198172279,1496.4741526832627,459569701.7872522
BUCZACKI,1930,fixed14,435290660.76897925,435289839.2565724,880.5437092583226,59.03130244667255,59.03130244667255,821.5124068116501,435289780.22527
BYDGOSKI,1930,fixed14,558749077.02398,558746786.6787757,2485.98922867113,195.64402440885635,195.64402440885635,2290.345204262274,558746591.0347513
BÓBRECKI,1930,fixed14,442873535.04747146,442872457.02394384,1137.9650700987045,59.94154248071174,59.94154248071174,1078.0235276179928,442872397.08240134
BĘDZIŃSKI,1930,fixed14,572925204.2778163,572918614.599322,6843.46265613878,253.7841617754308,253.7841617754308,6589.678494363349,572918360.8151602
BŁOŃSKI,1930,fixed14,518189706.5907654,518186321.46842486,3633.0776504813753,247.95530993192995,247.95530993192995,3385.122340549445,518186073.5131149
CHEŁMIŃSKI,1930,fixed14,528474711.87984514,528473016.22943926,1831.2678948991222,135.61748905648162,135.61748905648162,1695.6504058426406,528472880.6119502
CHEŁMSKI,1930,fixed14,464708104.5250863,464707384.74501127,819.7530871614526,99.97301214155328,99.97301214155328,719.7800750198994,464707284.7719991
CHODZIESKI,1930,fixed14,575107014.8893045,575105827.1468177,1318.1670089872428,130.42452210884755,130.42452210884755,1187.7424868783953,575105696.7222955
CHOJNICKI,1930,fixed14,508915277.57944846,508914727.9840377,604.3725331634289,54.77712236824706,54.77712236824706,549.5954107951818,508914673.2069153
CHORZÓW,1930,fixed14,600364313.605027,599876000.2721252,494013.75118175946,5700.418279971569,5700.418279971569,488313.3329017879,599870299.8538452
CHRZANOWSKI,1930,fixed14,562261049.6687777,562256180.3687298,5337.626574987611,468.3265270898735,468.3265270898735,4869.300047897737,562255712.0422027
CIECHANOWSKI,1930,fixed14,496252140.268902,496250780.1156256,1600.8221677138954,240.6688913168193,240.6688913168193,1360.153276397076,496250539.4467343
CIESZYŃSKI,1930,fixed14,538422026.8684556,538417962.3366487,4331.3922762796865,266.8604693773631,266.8604693773631,4064.5318069023233,538417695.4761794
CZARNKOWSKI,1930,fixed14,572609695.2107785,572608678.4796966,1103.4856692651001,86.75458737519159,86.75458737519159,1016.7310818899086,572608591.7251092
CZORTKOWSKI,1930,fixed14,435282642.2359901,435281264.1123833,1452.0647060939789,73.94109926383904,73.94109926383904,1378.1236068301398,435281190.171284
CZĘSTOCHOWSKI,1930,fixed14,529401745.4010705,529399714.7458606,2173.933209803002,143.27799984945082,143.27799984945082,2030.655209953551,529399571.4678607
DOBROMILSKI,1930,fixed14,458245344.11633754,458244578.74870193,829.0587524808839,63.69111688236794,63.69111688236794,765.3676355985159,458244515.05758506
DOLIŃSKI,1930,fixed14,450428032.8371842,450427560.293375,532.0111889978659,59.467379808205905,59.467379808205905,472.54380918966007,450427500.8259952
DROHICKI,1930,fixed14,421243691.9189417,421243260.24120015,464.53662343900936,32.85888189906958,32.85888189906958,431.6777415399398,421243227.38231826
DROHOBYCKI,1930,fixed14,462124566.37413704,462122444.8130908,2220.4034655384953,98.84241926547442,98.84241926547442,2121.561046273021,462122345.97067153
DUBIEŃSKI,1930,fixed14,417580175.3820534,417579681.1375677,523.9543974331284,29.709911764430917,29.709911764430917,494.24448566869745,417579651.42765594
DZIAŁDOWSKI,1930,fixed14,487110949.7127624,487110395.6014841,600.2419497240826,46.130671433726874,46.130671433726874,554.1112782903557,487110349.4708127
DZIŚNIEŃSKI,1930,fixed14,365385278.1718373,365385025.2369924,265.0243858194374,12.08954095963119,12.08954095963119,252.93484485980622,365385013.14745146
DĄBROWSKI,1930,fixed14,497255288.0704196,497254432.916034,971.2606128589637,116.10622722539534,116.10622722539534,855.1543856335684,497254316.80980676
GARWOLIŃSKI,1930,fixed14,482227013.4970584,482226382.42725915,794.392525527159,163.3227263358727,163.3227263358727,631.0697991912864,482226219.10453284
GNIEŹNIEŃSKI,1930,fixed14,606777081.9865931,606775602.1146445,1773.3413920008477,293.4694433928341,293.4694433928341,1479.8719486080136,606775308.6452011
GORLICKI,1930,fixed14,490849871.51202637,490848898.3609533,1075.7092125934246,102.55813949011964,102.55813949011964,973.1510731033048,490848795.80281377
GOSTYNIŃSKI,1930,fixed14,520853768.57563466,520852512.25027055,1434.962076403562,178.63671231741833,178.63671231741833,1256.3253640861435,520852333.61355823
GOSTYŃSKI,1930,fixed14,617865721.0347322,617863847.7578303,2109.924898575766,236.64799669303662,236.64799669303662,1873.2769018827291,617863611.1098336
GRODZIEŃSKI,1930,fixed14,425317060.61570215,425316738.064206,360.4137796472016,37.862283556820714,37.862283556820714,322.55149609038085,425316700.2019225
GRUDZIĄDZKI,1930,fixed14,523996977.5849003,523993746.40301657,3383.3281650761232,152.14628128949326,152.14628128949326,3231.18188378663,523993594.25673527
GRÓDECKI,1930,fixed14,453272260.2382189,453271459.3976984,1038.234570464385,237.39404991691703,237.39404991691703,800.8405205474678,453271222.00364846
GRÓJECKI,1930,fixed14,480461789.01772016,480460603.1368722,1264.5102641981591,78.62941621086938,78.62941621086938,1185.8808479872898,480460524.50745595
HOROCHOWSKI,1930,fixed14,422033217.80980223,422032685.5990359,560.2143591324502,28.003592802126118,28.003592802126118,532.2107663303241,422032657.5954431
HORODEŃSKI,1930,fixed14,430247599.48124856,430246436.48940635,1191.855164373245,28.86332215834885,28.86332215834885,1162.9918422148962,430246407.6260842
HRUBIESZOWSKI,1930,fixed14,447071107.2003096,447070131.2399598,1063.1596142024343,87.19926443039782,87.19926443039782,975.9603497720365,447070044.04069537
INOWROCŁAWSKI,1930,fixed14,555791367.5878224,555789404.8343296,2105.022213124935,142.2687203228487,142.2687203228487,1962.7534928020864,555789262.5656093
IWACEWICKI,1930,fixed14,419340182.78483874,419339991.334082,226.83877593847168,35.38801917993595,35.38801917993595,191.45075675853573,419339955.9460628
IŁŻECKI,1930,fixed14,483205815.64859486,483205056.8486782,822.2475714427802,63.44765481021414,63.44765481021414,758.7999166325661,483204993.4010234
JANOWSKI,1930,fixed14,467773653.89904267,467773103.7631233,634.8077464211002,84.671827046525,84.671827046525,550.1359193745752,467773019.09129626
JAROCIŃSKI,1930,fixed14,602173953.7010282,602172236.6872199,1927.0424996758252,210.02869133377067,210.02869133377067,1717.0138083420545,602172026.6585286
JAROSŁAWSKI,1930,fixed14,478072033.0331779,478071242.75533193,903.3234840304441,113.04563803948051,113.04563803948051,790.2778459909636,478071129.7096939
JASIELSKI,1930,fixed14,485281221.47777325,485280289.53364354,1040.434968398815,108.4908386853317,108.4908386853317,931.9441297134833,485280181.04280484
JAWOROWSKI,1930,fixed14,444772871.8560782,444772061.54495275,922.4563934427019,112.14526798862653,112.14526798862653,810.3111254540754,444771949.3996848
JĘDRZEJOWSKI,1930,fixed14,523269508.3401632,523268580.5401072,1089.963091735913,162.16303573331143,162.16303573331143,927.8000560026015,523268418.37707144
KALISKI,1930,fixed14,567094231.9753478,567092302.8992088,2027.9244797653084,98.84834078666901,98.84834078666901,1929.0761389786394,567092204.050868
KAMIONECKI,1930,fixed14,444598359.86177397,444597619.2379288,843.193207835777,102.56936271547126,102.56936271547126,740.6238451203058,444597516.6685661
KARTUSKI,1930,fixed14,481335009.390855,481334413.2085763,640.3984339866829,44.216155311928866,44.216155311928866,596.182278674754,481334368.99242103
KATOWICE,1930,fixed14,587242686.3572162,587144668.5599228,99325.04180647325,1307.2445129822843,1307.2445129822843,98017.79729349096,587143361.3154098
KAŁUSKI,1930,fixed14,434791277.27091366,434790537.4776614,771.856736019092,32.06348369004949,32.06348369004949,739.7932523290425,434790505.41417766
KIELECKI,1930,fixed14,514781293.30503887,514780233.86788595,1196.4343690133906,136.99721609973435,136.99721609973435,1059.4371529136563,514780096.87066984
KOBRYŃSKI,1930,fixed14,442056348.76883537,442056103.95696896,303.06617648935077,58.254310094097164,58.254310094097164,244.81186639525362,442056045.7026589
KOLBUSZOWSKI,1930,fixed14,456744072.15434396,456743287.2802074,815.7908488852103,30.916712359860558,30.916712359860558,784.8741365253497,456743256.36349505
KOLSKI,1930,fixed14,555972299.1789328,555970953.5061302,1546.8499317024223,201.17712914210102,201.17712914210102,1345.6728025603213,555970752.3290011
KONECKI,1930,fixed14,516965140.383971,516964313.4860529,997.4113079152121,170.51338982307243,170.51338982307243,826.8979180921397,516964142.97266304
KONIŃSKI,1930,fixed14,561812775.0333065,561811586.9922496,1297.7228154407046,109.68175856637626,109.68175856637626,1188.0410568743284,561811477.3104911
KOPYCZYNIECKI,1930,fixed14,430778048.2122568,430777116.8532084,994.3962082030556,63.037159832540866,63.037159832540866,931.3590483705148,430777053.81604856
KOSOWSKI (KOSÓW HUCULSKI),1930,fixed14,415611869.47120154,415611605.75558925,279.15388728065386,15.438274983603058,15.438274983603058,263.7156122970508,415611590.31731427
KOSTOPOLSKI,1930,fixed14,404129977.12142706,404129749.40649456,253.9890072515292,26.27407471256354,26.27407471256354,227.71493253896566,404129723.1324198
KOSZYRSKI,1930,fixed14,404038985.04829425,404038782.64791626,221.80459902797986,19.404221076772544,19.404221076772544,202.40037795120733,404038763.2436952
KOWELSKI,1930,fixed14,437233608.55588853,437233440.6936076,214.30605056385787,46.4437696575887,46.4437696575887,167.86228090626918,437233394.249838
KOZIENICKI,1930,fixed14,484449688.0983892,484449103.2595764,709.4928305723448,124.65401771835353,124.65401771835353,584.8388128539913,484448978.60555863
KOŁOMYJSKI,1930,fixed14,455685286.5070893,455684367.94289476,984.7240623271089,66.15986774155218,66.15986774155218,918.5641945855567,455684301.783027
KOŚCIAŃSKI,1930,fixed14,640614858.6924865,640612906.4304353,2274.097802318125,321.8357510142214,321.8357510142214,1952.2620513039035,640612584.5946842
KOŚCIERSKI,1930,fixed14,495288614.2949412,495287965.367008,703.1297133352659,54.20178013722928,54.20178013722928,648.9279331980366,495287911.16522783
KRAKOWSKI,1930,fixed14,537254103.5998939,537251483.2035202,3568.160409324567,947.7640355678129,947.7640355678129,2620.396373756754,537250535.4394846
KRAKÓW (MIASTO),1930,fixed14,537561141.7846167,537150223.2209488,411346.4870071815,427.9233392799422,427.9233392799422,410918.56366790156,537149795.2976096
KRASNOSTAWSKI,1930,fixed14,454256571.3748616,454255739.88167924,900.2931617693538,68.79997937061432,68.79997937061432,831.4931823987395,454255671.08169985
KROTOSZYŃSKI,1930,fixed14,594195769.484148,594193654.3961453,2272.9938086866637,157.9058059383501,157.9058059383501,2115.0880027483136,594193496.4903394
KROŚNIEŃSKI,1930,fixed14,480649918.41634405,480648211.5894452,1791.4433726356806,84.6164737274367,84.6164737274367,1706.826898908244,480648126.97297144
KRZEMIENIECKI,1930,fixed14,404470595.1620277,404470091.89848423,524.3233096111388,21.059766086729265,21.059766086729265,503.26354352440956,404470070.8387181
KUTNOWSKI,1930,fixed14,547627287.3925694,547624024.375311,3677.5723179841834,414.5550595058697,414.5550595058697,3263.0172584783136,547623609.8202515
KĘPIŃSKI,1930,fixed14,584037471.9795538,584036122.9669268,1438.9958109119452,89.9831838624992,89.9831838624992,1349.012627049446,584036032.983743
LESKI,1930,fixed14,444914295.4336891,444913866.0273593,459.55495897739206,30.14862917747635,30.14862917747635,429.40632979991574,444913835.8787301
LESZCZYŃSKI,1930,fixed14,642709620.421269,642707713.3957381,2155.4921916811086,248.4666607711755,248.4666607711755,1907.0255309099332,642707464.9290774
LIDZKI,1930,fixed14,410419625.4793202,410419345.1519749,318.93065968888226,38.60331439646325,38.60331439646325,280.327345292419,410419306.5486605
LIMANOWSKI,1930,fixed14,495469516.66773516,495468895.67148083,698.6904611227767,77.69420674848251,77.69420674848251,620.9962543742942,495468817.97727406
LIPNOWSKI,1930,fixed14,450092144.3435209,450091079.4762339,1141.899625644929,77.03233865390783,77.03233865390783,1064.8672869910213,450091002.4438952
LUBACZOWSKI,1930,fixed14,440126378.9159873,440125747.6939997,678.0868008855089,46.86481327326968,46.86481327326968,631.2219876122392,440125700.82918644
LUBARTOWSKI,1930,fixed14,471657249.5467225,471656612.7266513,802.7735130642761,165.9534419115818,165.9534419115818,636.8200711526944,471656446.7732094
LUBAWSKI,1930,fixed14,499144473.61426705,499143260.9216687,1274.5004947585612,61.8078964408093,61.8078964408093,1212.6925983177518,499143199.1137723
LUBELSKI,1930,fixed14,478003429.8235764,478001368.81370467,2183.2614636067938,122.25159185718873,122.25159185718873,2061.009871749605,478001246.5621128
LUBLINIECKI,1930,fixed14,577660484.822251,577658682.7143886,1986.0170554182362,183.90919301773556,183.90919301773556,1802.1078624005006,577658498.8051956
LUBOMELSKI,1930,fixed14,439289629.83641106,439289406.8894628,268.6693736142083,45.72242537888277,45.72242537888277,222.94694823532555,439289361.1670374
LWOWSKI,1930,fixed14,458081400.9633525,458080249.74418706,1925.4938073950002,774.2746419514746,774.2746419514746,1151.2191654435258,458079475.4695451
LWÓW (MIASTO),1930,fixed14,467346288.53808904,467149569.40344507,197076.57789327044,357.44324930291964,357.44324930291964,196719.13464396753,467149211.9601958
M. ST. WARSZAWA,1930,fixed14,515805275.7076797,515095436.2601256,710601.4701176388,762.0225635381207,762.0225635381207,709839.4475541007,515094674.23756206
MAKOWSKI (MAKÓW MAZOWIECKI),1930,fixed14,466713617.0032599,466712818.03923184,862.9674692141629,64.00344113298128,64.00344113298128,798.9640280811816,466712754.0357907
MIECHOWSKI,1930,fixed14,519235413.39405996,519234194.3972333,1315.9194337727977,96.92260712760701,96.92260712760701,1218.9968266451906,519234097.4746262
MIELECKI,1930,fixed14,492998644.8615201,492997932.8305689,819.9826593356979,107.95170811483167,107.95170811483167,712.0309512208662,492997824.8788608
MIĘDZYCHODZKI,1930,fixed14,627715929.8307753,627714910.9812258,1094.9920969265156,76.14254753912579,76.14254753912579,1018.8495493873897,627714834.8386784
MIŃSKI,1930,fixed14,493860254.61303633,493858837.7138151,1866.5163625069806,449.6171412257102,449.6171412257102,1416.8992212812705,493858388.09667385
MOGILEŃSKI,1930,fixed14,568397904.1948018,568396235.016377,1813.0919307509512,143.91350593820565,143.91350593820565,1669.1784248127456,568396091.1028711
MORSKI,1930,fixed14,469705093.25907195,469703516.74106616,1604.1777189130594,27.65971312731191,27.65971312731191,1576.5180057857474,469703489.081353
MOŁODECZAŃSKI,1930,fixed14,383914830.34504217,383914371.7378724,477.6407387019123,19.033569004691035,19.033569004691035,458.60716969722125,383914352.70430344
MOŚCISKI,1930,fixed14,452830633.76652426,452829564.3056071,1123.5328117865852,54.071894560214965,54.071894560214965,1069.4609172263702,452829510.2337125
MYŚLENICKI,1930,fixed14,492046519.7090274,492045574.6773394,1006.3901049649942,61.35841693333906,61.35841693333906,945.0316880316551,492045513.31892246
MŁAWSKI,1930,fixed14,489102400.6844976,489101454.3501126,1050.1211358057583,103.78675088131976,103.78675088131976,946.3343849244386,489101350.56336176
NADWÓRNIAŃSKI,1930,fixed14,442963518.5114978,442962948.3874003,613.214302850373,43.09020534810661,43.09020534810661,570.1240975022664,442962905.29719496
NIESZAWSKI,1930,fixed14,545534404.7156531,545533000.3948187,1589.9412131739862,185.6203787409633,185.6203787409633,1404.3208344330228,545532814.7744399
NIEŚWIESKI,1930,fixed14,384213266.7657629,384212672.00096405,610.0230189940246,15.258220122251322,15.258220122251322,594.7647988717732,384212656.7427439
NIŻAŃSKI,1930,fixed14,470954085.4884341,470953404.2672919,725.6866791332329,44.465536928118766,44.465536928118766,681.2211422051141,470953359.80175495
NOWOGRÓDZKI,1930,fixed14,404349858.39468926,404349478.581454,418.436342940913,38.62310766269362,38.62310766269362,379.8132352782194,404349439.9583463
NOWOSĄDECKI,1930,fixed14,494170752.3659545,494169886.5378163,950.4403502673525,84.61221204629591,84.61221204629591,865.8281382210566,494169801.9256042
NOWOTARSKI,1930,fixed14,509062910.02335423,509062282.0945249,730.1366622820883,102.20783302042486,102.20783302042486,627.9288292616634,509062179.8866919
NOWOTOMYSKI,1930,fixed14,658784301.2603933,658782661.36758,1765.168288813782,125.27547561045186,125.27547561045186,1639.8928132033302,658782536.0921044
OBORNICKI,1930,fixed14,605908829.5245982,605907866.6144192,1224.2071570267947,261.29697805211396,261.29697805211396,962.9101789746808,605907605.3174412
OLKUSKI,1930,fixed14,535127564.34883344,535126221.39499193,1461.2157079984352,118.26186653968792,118.26186653968792,1342.9538414587473,535126103.1331254
OPATOWSKI,1930,fixed14,494094111.9680408,494092809.12028617,1380.99453806528,78.14678340295646,78.14678340295646,1302.8477546623235,494092730.97350276
OPOCZYŃSKI,1930,fixed14,522516527.004946,522515891.7392106,907.971919813583,272.70618441936165,272.70618441936165,635.2657353942213,522515619.03302616
OSTROWSKI (OSTRÓW MAZOWIECKA),1930,fixed14,470033021.30228925,470032421.3685599,738.1280149519786,138.19428563015717,138.19428563015717,599.9337293218214,470032283.17427427
OSTROWSKI (OSTRÓW WIELKOPOLSKI),1930,fixed14,594714987.452107,594713150.9065175,1971.3356139512919,134.79002450125148,134.79002450125148,1836.5455894500403,594713016.116493
OSTROŁĘCKI,1930,fixed14,459220978.43774676,459220484.23253167,590.4611043543846,96.25588925482893,96.25588925482893,494.20521509955563,459220387.97664243
OSZMIAŃSKI,1930,fixed14,368870211.1941274,368869884.36877507,338.61628948359447,11.790937161472266,11.790937161472266,326.8253523221222,368869872.5778379
PIOTRKOWSKI,1930,fixed14,523330102.43582016,523328900.94243586,1408.4423442384204,206.94895994163863,206.94895994163863,1201.4933842967819,523328693.9934759
PIŃCZOWSKI,1930,fixed14,507114362.339874,507113259.04722786,1185.146694431619,81.85404824553696,81.85404824553696,1103.292646186082,507113177.1931796
PIŃSKI,1930,fixed14,414167574.7751175,414167322.332804,282.76392437320317,30.321610843645924,30.321610843645924,252.44231352955723,414167292.01119316
PODHAJECKI,1930,fixed14,445926747.17719924,445926098.9608199,725.0039866407615,76.78760728839498,76.78760728839498,648.2163793523665,445926022.1732126
POSTAWSKI,1930,fixed14,370175868.47162235,370175662.47636956,221.19701507307636,15.201762281198379,15.201762281198379,205.995252791878,370175647.2746073
POZNAŃ (MIASTO),1930,fixed14,643998897.4365423,643777693.8876886,222026.73871748633,823.1898637632618,823.1898637632618,221203.54885372307,643776870.6978248
POZNAŃSKI,1930,fixed14,635329679.0431709,635328543.1865039,3611.7567644003393,2475.900097381755,2475.900097381755,1135.856667018584,635326067.2864065
PRUŻAŃSKI,1930,fixed14,438531419.5129988,438531103.9160263,365.41085877231524,49.813886239767804,49.813886239767804,315.59697253254745,438531054.10214007
PRZASNYCKI,1930,fixed14,446174956.35744214,446174259.24272424,752.0152950268297,54.90057713328966,54.90057713328966,697.11471789354,446174204.3421471
PRZEMYSKI,1930,fixed14,475289319.49029243,475287461.3386243,1977.5457810657672,119.39411295244965,119.39411295244965,1858.1516681133176,475287341.94451135
PRZEMYŚLAŃSKI,1930,fixed14,449260164.98185754,449259209.7703121,1051.8746724472257,96.6631269810027,96.6631269810027,955.2115454662231,449259113.10718507
PRZEWORSKI,1930,fixed14,479081420.18734986,479078981.41271996,2548.164268671758,109.3896388020933,109.3896388020933,2438.7746298696643,479078872.0230812
PSZCZYŃSKI,1930,fixed14,566638564.3171989,566635153.5787797,3860.5453903495254,449.8069712437759,449.8069712437759,3410.7384191057495,566634703.7718085
PUŁAWSKI,1930,fixed14,471107360.0560331,471106477.0791789,977.1519197838497,94.17506562212328,94.17506562212328,882.9768541617265,471106382.9041133
PUŁTUSKI,1930,fixed14,471491206.2604885,471490170.5542823,1176.394874714697,140.68866848969722,140.68866848969722,1035.7062062249997,471490029.8656138
PŁOCKI,1930,fixed14,506640478.87172747,506638624.7122745,1964.0984270461724,109.93897407492412,109.93897407492412,1854.1594529712484,506638514.7733004
PŁOŃSKI,1930,fixed14,478459695.47034574,478458649.7278566,1288.6703887334704,242.92789958546783,242.92789958546783,1045.7424891480025,478458406.799957
RADOMSKI,1930,fixed14,498098271.756521,498097362.3370814,1034.6076344282365,125.18819482619686,125.18819482619686,909.4194396020397,498097237.14888656
RADOMSZCZAŃSKI,1930,fixed14,530600484.6716817,530599590.99538577,1095.687254013543,202.0109581036716,202.0109581036716,893.6762959098713,530599388.9844277
RADZIECHOWSKI,1930,fixed14,426981902.2928272,426981286.4119527,651.76656101073,35.885686511971606,35.885686511971606,615.8808744987584,426981250.52626616
RADZYMIŃSKI,1930,fixed14,501197505.96446836,501195989.7930765,2747.832021834639,1231.6606299623652,1231.6606299623652,1516.1713918722737,501194758.1324465
RADZYŃSKI,1930,fixed14,470559472.3592211,470558854.33590376,716.5142100465218,98.4908926858933,98.4908926858933,618.0233173606285,470558755.84501106
RAWICKI,1930,fixed14,619749888.8715727,619747267.7550992,2822.1183443457076,201.00187072789407,201.00187072789407,2621.1164736178134,619747066.7532284
RAWSKI (RAWA MAZOWIECKA),1930,fixed14,511071407.7923392,511070380.67644113,1229.5019207332139,202.38602270564778,202.38602270564778,1027.1158980275661,511070178.29041845
RAWSKI (RAWA RUSKA),1930,fixed14,453319294.616939,453318666.2669605,720.4164645367828,92.06648598462651,92.06648598462651,628.3499785521562,453318574.2004745
ROHATYŃSKI,1930,fixed14,441934710.0975134,441933782.7995202,982.0966384402501,54.79864523207386,54.79864523207386,927.2979932081762,441933728.00087494
ROPCZYCKI,1930,fixed14,496671938.43769765,496670971.6132355,1079.821038901778,112.99657675295376,112.99657675295376,966.8244621488241,496670858.61665875
RUDECKI,1930,fixed14,446719644.5096266,446718455.22010434,1250.1922490836541,60.90272677014729,60.90272677014729,1189.289522313507,446718394.31737757
RYBNICKI,1930,fixed14,553561675.7882218,553555556.5569129,6397.193048544664,277.9617396131795,277.9617396131795,6119.231308931484,553555278.5951732
RYPIŃSKI,1930,fixed14,449761375.39370036,449760208.89795804,1250.8473937312665,84.35165143894433,84.35165143894433,1166.4957422923221,449760124.5463066
RZESZOWSKI,1930,fixed14,483945559.9781391,483944233.4409728,1414.1532200660504,87.61605374776337,87.61605374776337,1326.537166318287,483944145.82491904
RÓWIEŃSKI,1930,fixed14,410122486.62697965,410121848.607822,666.1263524099189,28.107194790914747,28.107194790914747,638.0191576190042,410121820.5006272
SAMBORSKI,1930,fixed14,468491717.15283537,468490708.8589063,1194.7147940508137,186.42086498236853,186.42086498236853,1008.2939290684451,468490522.4380413
SANDOMIERSKI,1930,fixed14,474412800.3242019,474411700.62146914,1141.4717138400338,41.7689810932491,41.7689810932491,1099.7027327467847,474411658.85248804
SANOCKI,1930,fixed14,458509218.26739055,458508334.3747022,928.9231146026434,45.03042626065354,45.03042626065354,883.8926883419899,458508289.34427595
SARNEŃSKI,1930,fixed14,412298368.1786938,412298230.3272622,170.20406002355406,32.35262847118867,32.35262847118867,137.8514315523654,412298197.97463375
SIEDLECKI,1930,fixed14,478827865.63801026,478827061.6806645,952.0762686911245,148.1189229003412,148.1189229003412,803.9573457907833,478826913.5617416
SIERADZKI,1930,fixed14,559551228.9385868,559549852.169538,1655.1676264046823,278.39857752999495,278.39857752999495,1376.7690488746873,559549573.7709605
SIERPECKI,1930,fixed14,448025285.1274671,448024089.6855013,1265.2415713415082,69.79960553897364,69.79960553897364,1195.4419658025347,448024019.8858957
SKAŁACKI,1930,fixed14,422887146.6222845,422886141.2702137,1043.7655732004732,38.413502459265885,38.413502459265885,1005.3520707412073,422886102.85671127
SKIERNIEWICKI,1930,fixed14,529648162.09278977,529646620.6404364,1949.8160588720764,408.3637055452418,408.3637055452418,1541.4523533268346,529646212.2767309
SOCHACZEWSKI,1930,fixed14,516720825.0733846,516719226.0506673,1952.824511352412,353.80179405890675,353.80179405890675,1599.0227172935051,516718872.24887323
SOKALSKI,1930,fixed14,444979742.9792879,444978894.93083507,918.8354727392361,70.78701990196015,70.78701990196015,848.0484528372759,444978824.14381516
SOKOŁOWSKI,1930,fixed14,473312861.37549186,473312160.2514907,827.5963539744665,126.47235282144834,126.47235282144834,701.1240011530182,473312033.7791379
SOKÓLSKI,1930,fixed14,443511157.15805864,443510825.28506273,400.5979946448179,68.7249987148262,68.7249987148262,331.8729959299917,443510756.560064
STANISŁAWOWSKI,1930,fixed14,454666905.6733192,454665507.4550246,1483.0230680068555,84.80477338718853,84.80477338718853,1398.218294619667,454665422.6502512
STAROGARDZKI,1930,fixed14,500476063.716743,500474774.42061377,1348.5373056047615,59.24117634256999,59.24117634256999,1289.2961292621915,500474715.1794374
STOLIŃSKI,1930,fixed14,395067767.25213665,395067613.77547693,174.48845947151494,21.011799756011918,21.011799756011918,153.47665971550302,395067592.7636772
STOPNICKI,1930,fixed14,467159393.4313682,467158674.07796365,755.2069678687576,35.85356334309404,35.85356334309404,719.3534045256636,467158638.2244003
STOŁPECKI,1930,fixed14,388509178.6368033,388508800.53930336,396.3405354398216,18.243035515590574,18.243035515590574,378.09749992423104,388508782.29626787
STRYJSKI,1930,fixed14,440403206.0505327,440402487.2839645,763.830426156245,45.063857945385784,45.063857945385784,718.7665682108593,440402442.22010654
SUWALSKI,1930,fixed14,410055474.58837324,410055023.11990064,478.88897401748443,27.420501417143146,27.420501417143146,451.4684726003413,410054995.69939923
SZAMOTULSKI,1930,fixed14,617495621.292727,617494414.0553756,1371.830084840362,164.59273340699434,164.59273340699434,1207.2373514333676,617494249.4626422
SZCZUCZYŃSKI (WOJ. BIAŁOSTOCKIE),1930,fixed14,438028278.52711564,438027696.6340816,624.3119125114252,42.4188784869781,42.4188784869781,581.8930340244472,438027654.2152031
SZCZUCZYŃSKI (WOJ. NOWOGRÓDZKIE),1930,fixed14,406206735.50883526,406206435.4687207,322.9806894952427,22.940574860429813,22.940574860429813,300.0401146348129,406206412.5281458
SZUBIŃSKI,1930,fixed14,568908427.6127417,568907364.2029465,1297.9362491436477,234.5264540249763,234.5264540249763,1063.4097951186714,568907129.6764926
SĘPOLEŃSKI,1930,fixed14,545142564.5175874,545141122.0639406,1572.862649692775,130.4090028518955,130.4090028518955,1442.4536468408794,545140991.6549377
SŁONIMSKI,1930,fixed14,420612754.1778957,420612477.0757499,321.3497425076796,44.247596707001506,44.247596707001506,277.1021458006781,420612432.8281532
TARNOBRZESKI,1930,fixed14,493765993.8257578,493765089.1201742,984.3217402860761,79.61615668678147,79.61615668678147,904.7055835992946,493765009.50401753
TARNOGÓRSKI,1930,fixed14,595996243.613441,595984914.7705488,12254.575537107936,925.7326449438492,925.7326449438492,11328.842892164086,595983989.0379039
TARNOPOLSKI,1930,fixed14,437885026.2139802,437883942.3262074,1158.2416361785374,74.3538633698003,74.3538633698003,1083.887772808737,437883867.97234404
TARNOWSKI,1930,fixed14,506659722.94798476,506657894.67997867,1970.2368081918617,141.96880210903757,141.96880210903757,1828.268006082824,506657752.7111766
TCZEWSKI,1930,fixed14,493165334.5738408,493162915.520581,2463.2438645386883,44.190604746847924,44.190604746847924,2419.0532597918404,493162871.32997626
TOMASZOWSKI,1930,fixed14,438197462.64381254,438196669.57157207,850.609343285123,57.53710279140576,57.53710279140576,793.0722404937172,438196612.03446925
TORUŃSKI,1930,fixed14,549359835.0460541,549357470.2255093,2568.6341844142516,203.8136395547194,203.8136395547194,2364.820544859532,549357266.4118698
TREMBOWELSKI,1930,fixed14,435271358.45620495,435270419.58016676,1019.4892167896573,80.61317862456777,80.61317862456777,938.8760381650895,435270338.96698815
TUCHOLSKI,1930,fixed14,525835454.0144422,525834597.61645,966.4292543216025,110.03126208050281,110.03126208050281,856.3979922410997,525834487.5851879
TURCZAŃSKI,1930,fixed14,450829510.4109909,450829092.2944933,487.9691565127672,69.85265890487776,69.85265890487776,418.11649760788947,450829022.4418344
TURECKI,1930,fixed14,526311645.54229933,526310746.14111584,949.5859179658262,50.18473449100264,50.18473449100264,899.4011834748236,526310695.9563814
TŁUMACKI,1930,fixed14,448212629.2250717,448211694.5201913,1024.1555213439526,89.45064090886093,89.45064090886093,934.7048804350916,448211605.0695504
WADOWICKI,1930,fixed14,534865552.13842237,534863937.0213321,1886.522955230849,271.4058649674243,271.4058649674243,1615.1170902634246,534863665.61546713
WARSZAWSKI,1930,fixed14,512495295.62101024,512492307.2777519,6914.456792234138,3926.1135339038706,3926.1135339038706,2988.343258330268,512488381.164218
WIELUŃSKI,1930,fixed14,583423201.6730884,583422491.8985581,793.0153696368053,83.24083937697817,83.24083937697817,709.7745302598271,583422408.6577188
WILEJSKI,1930,fixed14,368466655.82114464,368466401.5470973,265.75516657559916,11.481119291707229,11.481119291707229,254.27404728389195,368466390.06597805
WILEŃSKO-TROCKI,1930,fixed14,400092262.15935993,400092055.7251734,331.0852631350849,124.651076624267,124.651076624267,206.4341865108179,400091931.0740968
WILNO (MIASTO),1930,fixed14,409367845.7236695,409305778.366877,62170.65345378853,103.29666123351592,103.29666123351592,62067.356792555016,409305675.07021576
WOLSZTYŃSKI,1930,fixed14,683496320.4695698,683495102.449211,1417.4064618959046,199.3861031948084,199.3861031948084,1218.0203587010963,683494903.0631078
WOŁKOWYSKI,1930,fixed14,438072613.4394873,438072352.18358576,314.1947829598013,52.93888147029207,52.93888147029207,261.2559014895092,438072299.2447043
WOŁOŻYŃSKI,1930,fixed14,371839454.5165394,371839131.7684601,335.0812867855921,12.333207499748246,12.333207499748246,322.74807928584386,371839119.4352526
WRZESIŃSKI,1930,fixed14,601401613.0391252,601399816.7684436,2022.030797568737,225.76011595931809,225.76011595931809,1796.270681609419,601399591.0083276
WYRZYSKI,1930,fixed14,558413799.4153765,558412478.0700153,1498.6832078509929,177.33784665920297,177.33784665920297,1321.3453611917898,558412300.7321687
WYSOKOMAZOWIECKI,1930,fixed14,448399361.59751767,448398756.52930105,671.125838173432,66.05762154761244,66.05762154761244,605.0682166258196,448398690.4716795
WĄBRZESKI,1930,fixed14,528431034.94144005,528429579.7976861,1606.0984138555418,150.95465993416545,150.95465993416545,1455.1437539213764,528429428.84302616
WĄGROWIECKI,1930,fixed14,594165387.1366986,594164379.9988171,1225.7154640287763,218.57758244341775,218.57758244341775,1007.1378815853586,594164161.4212346
WĘGROWSKI,1930,fixed14,453152677.45445424,453151853.12856305,886.8862326880715,62.56034150131384,62.56034150131384,824.3258911867576,453151790.56822157
WŁOCŁAWSKI,1930,fixed14,538121874.5391378,538119260.9774969,2794.3286636551247,180.76702271874333,180.76702271874333,2613.5616409363815,538119080.2104741
WŁODAWSKI,1930,fixed14,442290296.54382014,442289921.43879336,422.5769347885647,47.47190805094681,47.47190805094681,375.1050267376179,442289873.9668853
WŁODZIMIERSKI,1930,fixed14,444172830.85120624,444172311.7323669,592.0097832056442,72.89094387478306,72.89094387478306,519.1188393308612,444172238.84142303
WŁOSZCZOWSKI,1930,fixed14,495349834.93995714,495349201.18961537,715.4875605994514,81.737218782476,81.737218782476,633.7503418169754,495349119.4523966
ZALESZCZYCKI,1930,fixed14,428479737.37240523,428478841.8983789,927.2383422235794,31.76431589944647,31.76431589944647,895.4740263241329,428478810.134063
ZAMOJSKI,1930,fixed14,463398482.45942944,463397422.9688405,1166.6732566001747,107.18266761880359,107.18266761880359,1059.490588981371,463397315.78617287
ZBARASKI,1930,fixed14,426928526.63837516,426927578.7261907,999.5219702884897,51.60978580076886,51.60978580076886,947.9121844877208,426927527.1164049
ZBOROWSKI,1930,fixed14,419613920.9162785,419613120.10237175,829.7793859613276,28.965479232161353,28.965479232161353,800.8139067291663,419613091.1368925
ZDOŁBUNOWSKI,1930,fixed14,409021595.07932335,409020764.01448524,856.8326510920102,25.76781298935366,25.76781298935366,831.0648381026566,409020738.2466723
ZŁOCZOWSKI,1930,fixed14,439110855.82712585,439110070.00335485,862.9177572357778,77.09398619848236,77.09398619848236,785.8237710372955,439109992.90936863
ŁASKI,1930,fixed14,513630181.15585244,513628061.87214345,2153.7182025519623,34.43449352039665,34.43449352039665,2119.2837090315656,513628027.4376499
ŁAŃCUCKI,1930,fixed14,474745326.5400594,474744239.5181387,1153.9482316349138,66.92631096735974,66.92631096735974,1087.021920667554,474744172.59182775
ŁOMŻYŃSKI,1930,fixed14,454209640.4076853,454208991.230357,728.0338808138673,78.85655253695639,78.85655253695639,649.1773282769109,454208912.37380445
ŁOWICKI,1930,fixed14,537580652.0455835,537579277.0909901,1902.548720121867,527.5941267571345,527.5941267571345,1374.9545933647325,537578749.4968634
ŁUCKI,1930,fixed14,429373278.38758063,429372940.3302354,377.2831379441016,39.22579269964484,39.22579269964484,338.05734524445677,429372901.1044427
ŁUKOWSKI,1930,fixed14,473132876.329357,473132250.46178174,732.9536916446068,107.08611634834226,107.08611634834226,625.8675752962646,473132143.37566537
ŁUNINIECKI,1930,fixed14,400165932.95343804,400165762.48415834,194.9201561669269,24.450876497161506,24.450876497161506,170.46927966976537,400165738.03328186
ŁÓDZKI,1930,fixed14,544147842.9561985,544143088.0904405,6334.695292036654,1579.829534061085,1579.829534061085,4754.865757975569,544141508.2609065
ŁÓDŹ (MIASTO),1930,fixed14,544838749.742229,543914297.8313347,924977.4683749416,525.5574806834973,525.5574806834973,924451.9108942581,543913772.273854
ŁĘCZYCKI,1930,fixed14,548473350.9443258,548471808.9200301,2083.4515916047985,541.4272958983859,541.4272958983859,1542.0242957064129,548471267.4927342
ŚNIATYŃSKI,1930,fixed14,449346276.5691553,449344509.3766364,1800.5869385102194,33.39441960531563,33.39441960531563,1767.1925189049039,449344475.9822168
ŚREDZKI,1930,fixed14,610472846.1207421,610471335.3765453,1768.847476750238,258.1032799707873,258.1032799707873,1510.7441967794507,610471077.2732654
ŚREMSKI,1930,fixed14,601225256.8838664,601224065.3965178,1356.4258763718656,164.9385277111368,164.9385277111368,1191.4873486607287,601223900.45799
ŚWIECKI,1930,fixed14,528298505.14511603,528297593.2798623,1060.600950070684,148.7356962873033,148.7356962873033,911.8652537833806,528297444.54416597
ŚWIĘCIAŃSKI,1930,fixed14,388322806.33835596,388322589.1328208,243.1889417914785,25.983406630855452,25.983406630855452,217.20553516062304,388322563.1494142
ŚWIĘTOCHŁOWICKI,1930,fixed14,601027761.9278,600875549.0205661,155198.84258572088,2985.9353517473687,2985.9353517473687,152212.9072339735,600872563.0852144
ŻNIŃSKI,1930,fixed14,575641270.7019982,575639859.1619776,1615.709826599455,204.16980598044927,204.16980598044927,1411.5400206190056,575639654.9921716
ŻYDACZOWSKI,1930,fixed14,443746374.86751086,443745490.1218449,947.5591656218796,62.8134996557768,62.8134996557768,884.7456659661028,443745427.30834526
ŻYWIECKI,1930,fixed14,532800859.4186393,532799244.71947294,1798.1124641186098,183.41329779667362,183.41329779667362,1614.6991663219362,532799061.3061752
ŻÓŁKIEWSKI,1930,fixed14,450964878.34281516,450963989.2538562,1041.5870520024525,152.4980930014056,152.4980930014056,889.0889590010469,450963836.7557632
AUGUSTOWSKI,1931,fixed14,392675984.9150582,392675668.48648816,346.2288851218033,29.800315087703744,29.800315087703744,316.42857003409955,392675638.6861731
BARANOWICKI,1931,fixed14,393869138.2289586,393868830.02075714,350.82841819891104,42.6202167165081,42.6202167165081,308.20820148240296,393868787.4005404
BIALSKI (BIAŁA KRAKOWSKA),1931,fixed14,511957302.4715585,511951727.80843264,5778.20664087979,203.54351503819174,203.54351503819174,5574.663125841598,511951524.2649176
BIALSKI (BIAŁA PODLASKA),1931,fixed14,442581723.84415436,442581052.804723,759.793326977963,88.753895662142,88.753895662142,671.039431315821,442580964.0508274
BIAŁOSTOCKI,1931,fixed14,433938034.86695325,433937192.1813195,917.9146346237698,75.22900087324845,75.22900087324845,842.6856337505213,433937116.9523186
BIELSKI (BIELSK PODLASKI),1931,fixed14,429403353.1039822,429403130.21782625,286.8890423934243,64.002886441,64.002886441,222.88615595242428,429403066.21493983
BIELSKO,1931,fixed14,513584154.6550723,513574493.93967634,9906.560414378018,245.8450184254403,245.8450184254403,9660.715395952579,513574248.0946579
BIŁGORAJSKI,1931,fixed14,428501752.49747056,428501360.78342223,451.70933967645294,59.99529135585657,59.99529135585657,391.71404832059636,428501300.7881309
BOCHEŃSKI,1931,fixed14,498151882.6915103,498150960.33416766,1183.0840280053094,260.7266853518411,260.7266853518411,922.3573426534683,498150699.6074823
BORSZCZOWSKI,1931,fixed14,390724710.9157944,390723981.5777463,744.5651773112493,15.22712919666906,15.22712919666906,729.3380481145803,390723966.35061705
BRASŁAWSKI,1931,fixed14,353158914.2246602,353158748.0349824,177.19629875221966,11.006620923049237,11.006620923049237,166.18967782917042,353158737.02836144
BRODNICKI,1931,fixed14,491011034.5062877,491009676.36402106,1465.106076561597,106.96380991206442,106.96380991206442,1358.1422666495328,491009569.40021116
BRODZKI,1931,fixed14,418843730.26640046,418843022.4905068,767.9623396682648,60.18644601554467,60.18644601554467,707.7758936527201,418842962.3040608
BRZESKI (BRZESKO),1931,fixed14,459858721.2319814,459857897.89862776,882.0425366345472,58.709182964752785,58.709182964752785,823.3333536697944,459857839.1894448
BRZESKI (BRZEŚĆ N.BUG.),1931,fixed14,441257288.9509681,441256942.20015,433.76927015808303,87.01845212212976,87.01845212212976,346.7508180359533,441256855.1816979
BRZEZIŃSKI,1931,fixed14,507090964.8220189,507088576.493545,3016.095784847904,627.7673109164972,627.7673109164972,2388.3284739314067,507087948.7262341
BRZEŻAŃSKI,1931,fixed14,427147327.1856854,427146604.62782544,785.4422492780826,62.88438933819116,62.88438933819116,722.5578599398915,427146541.7434361
BRZOZOWSKI,1931,fixed14,438931397.1412842,438929837.3052113,1602.2569572405764,42.42088428159297,42.42088428159297,1559.8360729589836,438929794.884327
BUCZACKI,1931,fixed14,419047052.65217674,419046274.93168145,832.0680069842078,54.34751170008946,54.34751170008946,777.7204952841183,419046220.58416975
BYDGOSKI,1931,fixed14,527294608.5141407,527292459.33468485,2322.138513328435,172.9590574402736,172.9590574402736,2149.179455888161,527292286.3756274
BÓBRECKI,1931,fixed14,425398491.3657782,425397599.4340958,946.6492002650047,54.71751788044475,54.71751788044475,891.9316823845598,425397544.71657795
BĘDZIŃSKI,1931,fixed14,541278383.8199441,541270969.6002663,7663.670051917874,249.45037415514153,249.45037415514153,7414.219677762732,541270720.1498922
BŁOŃSKI,1931,fixed14,490438207.00623256,490435048.2311709,3390.1549350913974,231.3798733758346,231.3798733758346,3158.775061715563,490434816.8512975
CHEŁMIŃSKI,1931,fixed14,499312067.83952415,499310669.4697573,1521.1927044295503,122.82293758224542,122.82293758224542,1398.3697668473048,499310546.6468197
CHEŁMSKI,1931,fixed14,442636274.0682629,442635666.56038076,699.9511194854671,92.44323737107308,92.44323737107308,607.507882114394,442635574.1171434
CHODZIESKI,1931,fixed14,542052985.7783607,542051900.403485,1202.8583195854578,117.48344387837146,117.48344387837146,1085.3748757070864,542051782.9200411
CHOJNICKI,1931,fixed14,480490283.4759665,480489799.9779278,532.8863038000859,49.388265089985985,49.388265089985985,483.49803871009993,480489750.58966273
CHORZÓW,1931,fixed14,566690298.9699883,566270339.8455839,425641.19492009014,5682.070515652536,5682.070515652536,419959.1244044376,566264657.7750683
CHRZANOWSKI,1931,fixed14,531763203.6311817,531758476.3959261,5161.425568609623,434.19031299600226,434.19031299600226,4727.235255613621,531758042.20561314
CIECHANOWSKI,1931,fixed14,469763594.1443669,469762588.76358,1228.7401179594303,223.35933107693802,223.35933107693802,1005.3807868824924,469762365.40424895
CIESZYŃSKI,1931,fixed14,509439297.8048985,509435780.5194054,3751.617992511895,234.33249941736005,234.33249941736005,3517.285493094535,509435546.186906
CZARNKOWSKI,1931,fixed14,539674067.5501895,539673144.3778435,1001.6467810371282,78.47443503415278,78.47443503415278,923.1723460029755,539673065.9034084
CZORTKOWSKI,1931,fixed14,419249297.2804047,419247897.4737849,1466.7765796703025,66.96995991265719,66.96995991265719,1399.8066197576452,419247830.503825
CZĘSTOCHOWSKI,1931,fixed14,500874259.6802246,500872026.4860757,2371.8904783173098,138.6963294249617,138.6963294249617,2233.194148892348,500871887.7897463
DOBROMILSKI,1931,fixed14,437962753.25482184,437962085.4101493,725.977575468171,58.13290291797705,58.13290291797705,667.844672550194,437962027.27724636
DOLIŃSKI,1931,fixed14,432884975.78087056,432884594.0645588,436.0465567970736,54.33024500966813,54.33024500966813,381.71631178740546,432884539.7343138
DROHICKI,1931,fixed14,400742438.80198866,400742152.2245767,317.0081618304522,30.43074988252654,30.43074988252654,286.57741194792567,400742121.7938268
DROHOBYCKI,1931,fixed14,443300118.2428913,443298028.58447623,2177.293176299913,87.63476120597917,87.63476120597917,2089.658415093934,443297940.949715
DUBIEŃSKI,1931,fixed14,399970641.16535044,399970204.26459193,465.6043027272537,28.703544196611297,28.703544196611297,436.9007585306424,399970175.56104773
DZIAŁDOWSKI,1931,fixed14,460931704.45867527,460931205.5276007,542.1363065983917,43.20523199698226,43.20523199698226,498.9310746014095,460931162.3223687
DZIŚNIEŃSKI,1931,fixed14,347286801.3132251,347286542.1611143,270.6562153782484,11.504104560506132,11.504104560506132,259.1521108177423,347286530.6570097
DĄBROWSKI,1931,fixed14,472321947.4280051,472321299.99996144,754.0132671260448,106.58522343046798,106.58522343046798,647.4280436955768,472321193.414738
GARWOLIŃSKI,1931,fixed14,457434844.46653223,457434236.929823,760.5481588947366,153.01144965472906,153.01144965472906,607.5367092400076,457434083.91837335
GNIEŹNIEŃSKI,1931,fixed14,571816675.6410019,571815322.8708885,1619.1413839298832,266.37127037138384,266.37127037138384,1352.7701135584994,571815056.499618
GORLICKI,1931,fixed14,466891307.48383874,466890537.8628793,865.1389098501077,95.51795040322358,95.51795040322358,769.6209594468841,466890442.34492886
GOSTYNIŃSKI,1931,fixed14,493827184.99312025,493826076.33646667,1275.1325879756969,166.47593438271977,166.47593438271977,1108.6566535929771,493825909.8605323
GOSTYŃSKI,1931,fixed14,581725884.1618762,581724236.5706525,1852.5572748102854,204.96605115276628,204.96605115276628,1647.591223657519,581724031.6046014
GRODZIEŃSKI,1931,fixed14,403896035.1767167,403895732.7299966,337.95631343459723,35.50959337530291,35.50959337530291,302.4467200592943,403895697.22040325
GRUDZIĄDZKI,1931,fixed14,494621436.73226535,494618673.01586556,2901.341061839327,137.62466204631076,137.62466204631076,2763.716399793016,494618535.3912035
GRÓDECKI,1931,fixed14,434569636.9621869,434568893.1075722,961.5449333387878,217.690318661199,217.690318661199,743.8546146775888,434568675.41725355
GRÓJECKI,1931,fixed14,455130313.5633078,455129303.0969954,1083.89852308231,73.43221069314693,73.43221069314693,1010.4663123891631,455129229.6647847
HOROCHOWSKI,1931,fixed14,403622264.88697845,403621688.9868347,602.3163702929812,26.4162265376376,26.4162265376376,575.9001437553436,403621662.57060814
HORODEŃSKI,1931,fixed14,414867499.64588445,414866485.64136505,1040.1768307292175,26.172311303761457,26.172311303761457,1014.0045194254561,414866459.46905375
HRUBIESZOWSKI,1931,fixed14,426625554.6395855,426624744.2686538,891.5273404304545,81.15640871124563,81.15640871124563,810.3709317192089,426624663.1122451
INOWROCŁAWSKI,1931,fixed14,524649491.61283064,524647837.55362374,1784.0556249920583,129.99641808882757,129.99641808882757,1654.0592069032307,524647707.5572056
IWACEWICKI,1931,fixed14,398907374.3400161,398907220.72108704,187.0065301495471,33.38760108116802,33.38760108116802,153.6189290683791,398907187.33348596
IŁŻECKI,1931,fixed14,459445702.4666548,459444764.10553366,999.3764811821675,61.015360032384166,61.015360032384166,938.3611211497833,459444703.0901736
JANOWSKI,1931,fixed14,445973214.73644644,445972718.0231925,576.1441141628798,79.4308602086803,79.4308602086803,496.7132539541995,445972638.5923323
JAROCIŃSKI,1931,fixed14,567344921.6938319,567343487.6848444,1619.0721922715925,185.0632047780325,185.0632047780325,1434.00898749356,567343302.6216396
JAROSŁAWSKI,1931,fixed14,456834480.4869012,456833823.817235,760.1829915568429,103.51332535203646,103.51332535203646,656.6696662048065,456833720.30390966
JASIELSKI,1931,fixed14,462026190.41257405,462025352.4340133,938.7902959591332,100.81173524090453,100.81173524090453,837.9785607182287,462025251.6222781
JAWOROWSKI,1931,fixed14,426415763.632605,426415036.5092794,829.9160364154111,102.79271078003097,102.79271078003097,727.1233256353802,426414933.7165686
JĘDRZEJOWSKI,1931,fixed14,496043567.9162847,496042677.45235837,1048.731299871396,158.26737358110478,158.26737358110478,890.4639262902913,496042519.1849848
KALISKI,1931,fixed14,535205878.80012316,535204296.4854809,1674.4324463227695,92.11780404323346,92.11780404323346,1582.314642279536,535204204.36767685
KAMIONECKI,1931,fixed14,426198792.751711,426198124.2934336,762.5820849387859,94.12380753205824,94.12380753205824,668.4582774067277,426198030.16962606
KARTUSKI,1931,fixed14,454519029.6898195,454518530.25176287,540.1587015005423,40.72064480515189,40.72064480515189,499.43805669539034,454518489.53111804
KATOWICE,1931,fixed14,554507378.37616,554418133.0618613,90442.79540357958,1197.481104875681,1197.481104875681,89245.3142987039,554416935.5807564
KAŁUSKI,1931,fixed14,417797537.5026428,417796936.57831436,630.0007223878239,29.076393983980637,29.076393983980637,600.9243284038432,417796907.5019204
KIELECKI,1931,fixed14,488422507.76089543,488421445.84187496,1194.3288758317115,132.40985537264967,132.40985537264967,1061.9190204590618,488421313.4320196
KOBRYŃSKI,1931,fixed14,420424688.6775719,420424458.43307525,284.48160717029515,54.23711057629047,54.23711057629047,230.24449659400466,420424404.1959647
KOLBUSZOWSKI,1931,fixed14,434552586.692446,434551896.516652,718.7144342927431,28.53864028921663,28.53864028921663,690.1757940035264,434551867.9780117
KOLSKI,1931,fixed14,526290071.1464464,526288869.56197596,1388.5073591423923,186.92288871284742,186.92288871284742,1201.5844704295448,526288682.63908726
KONECKI,1931,fixed14,490473328.24972993,490472493.33479,999.3469331914707,164.43199324751396,164.43199324751396,834.9149399439567,490472328.90279675
KONIŃSKI,1931,fixed14,530525037.86370856,530524087.9191864,1053.2973951392207,103.35287299173037,103.35287299173037,949.9445221474904,530523984.56631345
KOPYCZYNIECKI,1931,fixed14,414649902.4891025,414649091.5979612,870.0553444123099,59.164203119085215,59.164203119085215,810.8911412932247,414649032.4337581
KOSOWSKI (KOSÓW HUCULSKI),1931,fixed14,400293679.38522583,400293492.595114,200.82791944213295,14.037807582476391,14.037807582476391,186.79011185965655,400293478.5573064
KOSTOPOLSKI,1931,fixed14,386146405.0760377,386146163.493771,266.40464004282984,24.822373322392266,24.822373322392266,241.58226672043756,386146138.6713977
KOSZYRSKI,1931,fixed14,384644975.01153463,384644805.1036091,187.7972769668649,17.88935142673824,17.88935142673824,169.90792554012666,384644787.21425766
KOWELSKI,1931,fixed14,417182499.7718214,417182323.5502308,219.64992169455513,43.42833114182211,43.42833114182211,176.22159055273303,417182280.12189966
KOZIENICKI,1931,fixed14,459812932.2637408,459812325.40018123,724.0209369193722,117.15737738748331,117.15737738748331,606.8635595318889,459812208.2428039
KOŁOMYJSKI,1931,fixed14,439848472.2085257,439847689.38652337,842.2561572030016,59.43415485759479,59.43415485759479,782.8220023454069,439847629.9523685
KOŚCIAŃSKI,1931,fixed14,602577671.6013216,602576029.2085992,1935.5971984517848,293.2044761549421,293.2044761549421,1642.3927222968427,602575736.0041231
KOŚCIERSKI,1931,fixed14,467513545.0186526,467512987.6811679,606.4732414304456,49.13575670631121,49.13575670631121,557.3374847241344,467512938.54541117
KRAKOWSKI,1931,fixed14,508922806.5969466,508920203.8888009,3495.0747404010954,892.3665947335037,892.3665947335037,2602.708145667592,508919311.5222062
KRAKÓW (MIASTO),1931,fixed14,509214021.03909266,508824523.7098099,389907.8109452724,410.481662522393,410.481662522393,389497.32928274997,508824113.2281474
KRASNOSTAWSKI,1931,fixed14,432952257.08039373,432951548.54214823,771.7744944653958,63.23624895354298,63.23624895354298,708.5382455118529,432951485.30589926
KROTOSZYŃSKI,1931,fixed14,560033347.252067,560031752.1164132,1735.357886459816,140.2222326723648,140.2222326723648,1595.1356537874512,560031611.8941805
KROŚNIEŃSKI,1931,fixed14,457949035.3825957,457947318.00408757,1794.1661890430053,76.78768088968872,76.78768088968872,1717.3785081533165,457947241.2164067
KRZEMIENIECKI,1931,fixed14,387363252.1092229,387362739.1012317,532.7785523742801,19.77056116373172,19.77056116373172,513.0079912105484,387362719.33067054
KUTNOWSKI,1931,fixed14,518966282.89442027,518963731.38489056,2952.9393639619925,401.4298342653455,401.4298342653455,2551.509529696647,518963329.9550563
KĘPIŃSKI,1931,fixed14,550630845.5572889,550629648.7069037,1278.6726036097616,81.82221839055462,81.82221839055462,1196.850385219207,550629566.8846853
LESKI,1931,fixed14,424616998.2506613,424616644.86308634,381.06993983155536,27.682364856634134,27.682364856634134,353.3875749749212,424616617.18072146
LESZCZYŃSKI,1931,fixed14,604598854.0830789,604597215.9858297,1856.5046088878432,218.40735974157226,218.40735974157226,1638.097249146271,604596997.57847
LIDZKI,1931,fixed14,389970282.3397721,389970000.03538585,319.0473928489928,36.7430065887782,36.7430065887782,282.3043862602146,389969963.29237926
LIMANOWSKI,1931,fixed14,470605187.9833849,470604750.0120738,510.33999225048774,72.36868112575458,72.36868112575458,437.9713111247332,470604677.6433927
LIPNOWSKI,1931,fixed14,426746906.1805317,426746061.61385447,914.701719885298,70.13504269136327,70.13504269136327,844.5666771939347,426745991.4788118
LUBACZOWSKI,1931,fixed14,420854751.5221602,420854202.83628684,591.4959290400786,42.810055730929214,42.810055730929214,548.6858733091494,420854160.0262311
LUBARTOWSKI,1931,fixed14,448563567.18180656,448562904.3940047,812.7304596836489,149.94265781676344,149.94265781676344,662.7878018668854,448562754.4513469
LUBAWSKI,1931,fixed14,471896023.9561086,471894852.69504225,1227.8463872959096,56.58532089545788,56.58532089545788,1171.2610664004517,471894796.10972136
LUBELSKI,1931,fixed14,454589381.49239105,454587593.7045164,1903.6508059175635,115.86293122810349,115.86293122810349,1787.78787468946,454587477.84158516
LUBLINIECKI,1931,fixed14,545359484.2223994,545357974.4309504,1688.4734838718564,178.68203492188914,178.68203492188914,1509.7914489499672,545357795.7489154
LUBOMELSKI,1931,fixed14,418602854.9183892,418602637.57885087,259.7733737742862,42.43383545094699,42.43383545094699,217.3395383233392,418602595.1450154
LWOWSKI,1931,fixed14,439248606.56444585,439247606.0969844,1713.8003827567838,713.3329212608124,713.3329212608124,1000.4674614959714,439246892.7640631
LWÓW (MIASTO),1931,fixed14,448176904.11629945,447995300.64211726,181920.25360667205,316.7794244930409,316.7794244930409,181603.47418217902,447994983.8626928
M. ST. WARSZAWA,1931,fixed14,488371818.3692358,487707525.17668974,665027.3303464953,734.1378004702506,734.1378004702506,664293.192546025,487706791.0388893
MAKOWSKI (MAKÓW MAZOWIECKI),1931,fixed14,441993346.4442753,441992623.90512335,781.0549226003453,58.515770638653976,58.515770638653976,722.5391519616913,441992565.38935274
MIECHOWSKI,1931,fixed14,491757732.6642826,491756667.95230246,1160.636864955028,95.9248847783445,95.9248847783445,1064.7119801766835,491756572.02741766
MIELECKI,1931,fixed14,468748160.8100767,468747571.8170404,686.2589222483662,97.2658859035909,97.2658859035909,588.9930363447753,468747474.5511545
MIĘDZYCHODZKI,1931,fixed14,590707338.3784876,590706448.2445753,959.1208908765254,68.98697852975812,68.98697852975812,890.1339123467673,590706379.2575967
MIŃSKI,1931,fixed14,468162120.94177604,468160800.24682075,1741.2618472544705,420.56689195759355,420.56689195759355,1320.694955296877,468160379.6799288
MOGILEŃSKI,1931,fixed14,536196123.0992893,536194567.6843903,1684.9597166509898,129.5448176726693,129.5448176726693,1555.4148989783205,536194438.1395726
MORSKI,1931,fixed14,443823813.8496178,443822278.1610948,1560.571516785813,24.88299382738785,24.88299382738785,1535.6885229584252,443822253.27810097
MOŁODECZAŃSKI,1931,fixed14,364959608.19611406,364959120.2349701,506.12795675707866,18.166812805542712,18.166812805542712,487.961143951536,364959102.0681573
MOŚCISKI,1931,fixed14,433219103.6220675,433218209.3384104,943.695894605321,49.412237480035856,49.412237480035856,894.2836571252851,433218159.9261729
MYŚLENICKI,1931,fixed14,466944449.1615378,466943656.5304035,849.5132383778748,56.88210401096371,56.88210401096371,792.631134366911,466943599.64829946
MŁAWSKI,1931,fixed14,462844899.68036276,462844098.93968135,894.9424215100535,94.20174006387926,94.20174006387926,800.7406814461742,462844004.73794127
NADWÓRNIAŃSKI,1931,fixed14,427038830.08852285,427038304.60601085,563.8740500334009,38.39153804094491,38.39153804094491,525.4825119924559,427038266.21447283
NIESZAWSKI,1931,fixed14,516458786.5627621,516457559.01505363,1399.500028879988,171.95232042803576,171.95232042803576,1227.547708451952,516457387.0627332
NIEŚWIESKI,1931,fixed14,365554029.65359426,365553434.87141246,609.1661007077316,14.383918902162117,14.383918902162117,594.7821818055695,365553420.4874936
NIŻAŃSKI,1931,fixed14,449203412.27104926,449202793.99778587,660.0090992870995,41.73583593057735,41.73583593057735,618.2732633565222,449202752.26194996
NOWOGRÓDZKI,1931,fixed14,384470472.474838,384470136.187954,373.7436268239885,37.456742806043174,37.456742806043174,336.28688401794534,384470098.7312112
NOWOSĄDECKI,1931,fixed14,469683215.3635245,469682314.3962069,976.9562286735711,75.98891110025517,75.98891110025517,900.9673175733159,469682238.4072958
NOWOTARSKI,1931,fixed14,482903407.07027763,482902802.91210634,698.0840024244451,93.92583114471205,93.92583114471205,604.1581712797331,482902708.9862752
NOWOTOMYSKI,1931,fixed14,619455628.4529022,619454228.4946284,1514.3145340886842,114.35626034677631,114.35626034677631,1399.958273741908,619454114.1383681
OBORNICKI,1931,fixed14,570710356.4543886,570709549.7675577,1049.4188140733013,242.73198319518528,242.73198319518528,806.686830878116,570709307.0355746
OLKUSKI,1931,fixed14,506243062.99573606,506241689.39330614,1492.7959703791619,119.19354043059666,119.19354043059666,1373.6024299485653,506241570.1997657
OPATOWSKI,1931,fixed14,469713499.0307118,469712237.64324784,1337.9126306397288,76.5251666290428,76.5251666290428,1261.387464010686,469712161.1180812
OPOCZYŃSKI,1931,fixed14,495510432.9932107,495509797.3997792,898.1431178105263,262.54968630353727,262.54968630353727,635.593431506989,495509534.8500929
OSTROWSKI (OSTRÓW MAZOWIECKA),1931,fixed14,445721891.9698631,445721368.9700445,652.3122233603116,129.31240472634985,129.31240472634985,522.9998186339617,445721239.65763974
OSTROWSKI (OSTRÓW WIELKOPOLSKI),1931,fixed14,560675087.543825,560673506.3748745,1701.163313887043,119.9943633347199,119.9943633347199,1581.168950552323,560673386.3805112
OSTROŁĘCKI,1931,fixed14,435455756.8587079,435455297.41571116,549.6393439160456,90.19634715897291,90.19634715897291,459.44299675707276,435455207.219364
OSZMIAŃSKI,1931,fixed14,350746475.80968046,350746149.87542105,337.22730992978717,11.293050507236073,11.293050507236073,325.9342594225511,350746138.5823705
PIOTRKOWSKI,1931,fixed14,495525066.4052236,495524029.8053487,1235.4079898681325,198.80811494247203,198.80811494247203,1036.5998749256605,495523830.99723375
PIŃCZOWSKI,1931,fixed14,480388006.7541642,480387050.524654,1035.8678334008382,79.6383231532013,79.6383231532013,956.229510247637,480386970.88633084
PIŃSKI,1931,fixed14,394188036.98155147,394187849.6048778,215.0657094515311,27.689035834996968,27.689035834996968,187.37667361653413,394187821.915842
PODHAJECKI,1931,fixed14,428638894.67161274,428638288.5450104,676.573992250467,70.44738992702332,70.44738992702332,606.1266023234436,428638218.0976205
POSTAWSKI,1931,fixed14,351714108.55440956,351713932.19083595,191.1706023481488,14.80702872706342,14.80702872706342,176.36357362108538,351713917.38380724
POZNAŃ (MIASTO),1931,fixed14,606142135.569077,605921615.243694,221207.82987881734,687.504495771718,687.504495771718,220520.32538304562,605920927.7391982
POZNAŃSKI,1931,fixed14,598099969.8947048,598099039.4073427,3375.811262269408,2445.3239001334405,2445.3239001334405,930.4873621359677,598096594.0834426
PRUŻAŃSKI,1931,fixed14,417080683.4681611,417080377.3345048,353.05688178635944,46.92322548820652,46.92322548820652,306.1336562981529,417080330.4112793
PRZASNYCKI,1931,fixed14,423139970.00987816,423139368.51989573,652.8154622942805,51.32547988676915,51.32547988676915,601.4899824075113,423139317.19441587
PRZEMYSKI,1931,fixed14,454611951.43375206,454610306.1383043,1753.46433034051,108.16888252348824,108.16888252348824,1645.2954478170218,454610197.96942174
PRZEMYŚLAŃSKI,1931,fixed14,431245770.0075913,431244885.90419525,972.6271877406849,88.52379166934793,88.52379166934793,884.103396071337,431244797.3804036
PRZEWORSKI,1931,fixed14,457599999.2353543,457597833.43899655,2265.818373305603,100.02201557362821,100.02201557362821,2165.7963577319747,457597733.416981
PSZCZYŃSKI,1931,fixed14,535371756.5610325,535368818.52086276,3351.743560021636,413.70339032893685,413.70339032893685,2938.040169692699,535368404.81747246
PUŁAWSKI,1931,fixed14,447762872.0633356,447762038.5650943,920.887954185265,87.3897128586695,87.3897128586695,833.4982413265955,447761951.1753814
PUŁTUSKI,1931,fixed14,446807160.6188191,446806231.85386366,1059.3336721839712,130.56871669103657,130.56871669103657,928.7649554929346,446806101.28514695
PŁOCKI,1931,fixed14,480418261.88720435,480416725.1911351,1640.2179960035694,103.52192674632151,103.52192674632151,1536.696069257248,480416621.66920835
PŁOŃSKI,1931,fixed14,453354273.6773708,453353399.35932696,1098.7240933881842,224.40604954206222,224.40604954206222,874.3180438461219,453353174.9532774
RADOMSKI,1931,fixed14,472891321.237556,472890412.9526517,1027.8648179429297,119.57991363112635,119.57991363112635,908.2849043118033,472890293.37273806
RADOMSZCZAŃSKI,1931,fixed14,501827748.6661113,501826961.59846544,986.1076029025857,199.03995701882684,199.03995701882684,787.0676458837588,501826762.5585084
RADZIECHOWSKI,1931,fixed14,409189288.44247085,409188702.7104679,618.8838671154241,33.1518641701133,33.1518641701133,585.7320029453108,409188669.5586037
RADZYMIŃSKI,1931,fixed14,474869323.2562601,474867997.175601,2485.3153422769738,1159.2346831285881,1159.2346831285881,1326.0806591483856,474866837.94091785
RADZYŃSKI,1931,fixed14,446950866.92240256,446950330.98920524,628.2954001449036,92.3622028092014,92.3622028092014,535.9331973357022,446950238.6270024
RAWICKI,1931,fixed14,583527483.2617966,583525305.7447997,2353.3663044261107,175.84930752980378,175.84930752980378,2177.516996896307,583525129.8954922
RAWSKI (RAWA MAZOWIECKA),1931,fixed14,484165548.9961965,484164608.216782,1133.2088597799566,192.42944526930364,192.42944526930364,940.7794145106529,484164415.7873367
RAWSKI (RAWA RUSKA),1931,fixed14,433500251.268358,433499714.8780839,620.8540421221728,84.46376798091325,84.46376798091325,536.3902741412596,433499630.4143159
ROHATYŃSKI,1931,fixed14,424906872.2020697,424906128.0306364,794.3115006735567,50.14006742512902,50.14006742512902,744.1714332484277,424906077.89056903
ROPCZYCKI,1931,fixed14,472190593.198211,472189856.38758093,840.4945433564169,103.68391329311015,103.68391329311015,736.8106300633067,472189752.70366764
RUDECKI,1931,fixed14,427968038.59544706,427967013.28568363,1081.0952504661595,55.78548706104129,55.78548706104129,1025.3097634051182,427966957.5001966
RYBNICKI,1931,fixed14,523217019.8487067,523211562.0815796,5709.241353845609,251.47422678038748,251.47422678038748,5457.767127065222,523211310.60735285
RYPIŃSKI,1931,fixed14,426432779.10959363,426431848.43564415,1007.0931298697542,76.41918039977911,76.41918039977911,930.6739494699751,426431772.01646376
RZESZOWSKI,1931,fixed14,460828363.50305897,460827102.4994676,1340.5269325396057,79.52334117617477,79.52334117617477,1261.0035913634308,460827022.97612643
RÓWIEŃSKI,1931,fixed14,391936030.59742093,391935414.8253166,642.4167437352104,26.64463945045506,26.64463945045506,615.7721042847553,391935388.1806772
SAMBORSKI,1931,fixed14,448922252.40847564,448921398.6832124,1027.3865258984242,173.66126264481352,173.66126264481352,853.7252632536107,448921225.02194977
SANDOMIERSKI,1931,fixed14,450721596.89549303,450720648.3202751,988.7805140197158,40.20529607501748,40.20529607501748,948.5752179446984,450720608.114979
SANOCKI,1931,fixed14,437536069.6541539,437535300.79329455,810.2237888010225,41.36292944497291,41.36292944497291,768.8608593560496,437535259.4303651
SARNEŃSKI,1931,fixed14,393519966.15252256,393519822.1745096,173.86543252507704,29.88741953037925,29.88741953037925,143.9780129946978,393519792.28709006
SIEDLECKI,1931,fixed14,454294094.36339426,454293338.5506497,894.4382972568462,138.6255526989786,138.6255526989786,755.8127445578676,454293199.925097
SIERADZKI,1931,fixed14,528595274.8504297,528594070.98206496,1465.9966622331403,262.12829748781144,262.12829748781144,1203.8683647453288,528593808.85376745
SIERPECKI,1931,fixed14,424793101.81484854,424792052.0708268,1113.139123400991,63.395101644561855,63.395101644561855,1049.744021756429,424791988.67572516
SKAŁACKI,1931,fixed14,406146848.70725906,406145893.5255999,990.805715585729,35.624056413223755,35.624056413223755,955.1816591725052,406145857.9015435
SKIERNIEWICKI,1931,fixed14,501189677.2510528,501188204.44496524,1853.169409050785,380.36332147699267,380.36332147699267,1472.8060875737922,501187824.08164376
SOCHACZEWSKI,1931,fixed14,488813366.5679276,488811890.1531752,1812.3710336292352,335.9562811893267,335.9562811893267,1476.4147524399084,488811554.196894
SOKALSKI,1931,fixed14,425625942.72064555,425625188.7482469,819.4822959379526,65.5098972821234,65.5098972821234,753.9723986558292,425625123.2383496
SOKOŁOWSKI,1931,fixed14,449066720.64104176,449066051.8548675,786.7415779231308,117.95540371439759,117.95540371439759,668.7861742087332,449065933.89946383
SOKÓLSKI,1931,fixed14,421066202.7144376,421065883.37574637,383.3227709988575,63.98407976726694,63.98407976726694,319.33869123159053,421065819.3916666
STANISŁAWOWSKI,1931,fixed14,437895102.22956586,437893882.1105488,1296.7375827090286,76.6185656310457,76.6185656310457,1220.119017077983,437893805.4919832
STAROGARDZKI,1931,fixed14,472362514.4447546,472361373.0407749,1194.7099846331498,53.3060049414663,53.3060049414663,1141.4039796916836,472361319.73476994
STOLIŃSKI,1931,fixed14,376876101.85662055,376875995.5516661,125.77201504202584,19.467060548892118,19.467060548892118,106.30495449313372,376875976.0846055
STOPNICKI,1931,fixed14,443854807.43358696,443854143.22281384,698.5617256706058,34.350952573934734,34.350952573934734,664.2107730966711,443854108.8718613
STOŁPECKI,1931,fixed14,369593154.0996559,369592778.629395,392.76385942406836,17.29359853308184,17.29359853308184,375.47026089098654,369592761.3357965
STRYJSKI,1931,fixed14,422376974.0095731,422376381.3783396,634.3543746980253,41.72314121241259,41.72314121241259,592.6312334856127,422376339.6551984
SUWALSKI,1931,fixed14,389545462.8102153,389544996.4804298,491.67019643626855,25.340410942157984,25.340410942157984,466.3297854941106,389544971.1400189
SZAMOTULSKI,1931,fixed14,581381102.0983919,581380067.369832,1187.8108482616874,153.08228839555576,153.08228839555576,1034.7285598661317,581379914.2875437
SZCZUCZYŃSKI (WOJ. BIAŁOSTOCKIE),1931,fixed14,415856756.0633439,415856236.52844244,559.0663189125144,39.531417506683745,39.531417506683745,519.5349014058306,415856196.99702495
SZCZUCZYŃSKI (WOJ. NOWOGRÓDZKIE),1931,fixed14,386076877.4904813,386076612.0703972,286.9988291124222,21.578744984684054,21.578744984684054,265.4200841277381,386076590.4916522
SZUBIŃSKI,1931,fixed14,536615302.2037804,536614485.66772723,1029.5860156789163,213.0499625353747,213.0499625353747,816.5360531435415,536614272.6177647
SĘPOLEŃSKI,1931,fixed14,514425666.2855816,514424326.9282709,1456.1793815983547,116.82207091119908,116.82207091119908,1339.3573106871556,514424210.1062
SŁONIMSKI,1931,fixed14,399682348.9299172,399682053.1389626,337.5054667061255,41.714512120936114,41.714512120936114,295.7909545851894,399682011.4244505
TARNOBRZESKI,1931,fixed14,470658246.81907326,470657453.095543,868.71231195404,74.98878176032402,74.98878176032402,793.723530193716,470657378.1067613
TARNOGÓRSKI,1931,fixed14,562524016.4339342,562513784.8155429,11138.745224256063,907.1268329397402,907.1268329397402,10231.618391316322,562512877.68871
TARNOPOLSKI,1931,fixed14,420704122.9486383,420703114.6698806,1077.4952151460338,69.21645742091799,69.21645742091799,1008.2787577251158,420703045.4534232
TARNOWSKI,1931,fixed14,481195230.9129136,481193534.2260917,1824.4662226233752,127.77940070282149,127.77940070282149,1696.6868219205537,481193406.446691
TCZEWSKI,1931,fixed14,465612919.7451956,465610759.14826983,2200.5656335956983,39.96870778581355,39.96870778581355,2160.596925809885,465610719.17956203
TOMASZOWSKI,1931,fixed14,418221447.12888277,418220763.52567285,736.0391368835593,52.435926961173585,52.435926961173585,683.6032099223858,418220711.0897459
TORUŃSKI,1931,fixed14,518889975.4479988,518887847.3775926,2312.2470220830505,184.17661588609116,184.17661588609116,2128.0704061969595,518887663.2009767
TREMBOWELSKI,1931,fixed14,418614762.45541734,418613929.0280948,908.4225853396479,74.99526285577078,74.99526285577078,833.4273224838771,418613854.03283197
TUCHOLSKI,1931,fixed14,496250712.4565813,496250032.69999593,778.9255650997649,99.16897974801925,99.16897974801925,679.7565853517456,496249933.5310162
TURCZAŃSKI,1931,fixed14,431926654.6261626,431926268.48674595,449.667237622719,63.527821010500034,63.527821010500034,386.13941661221895,431926204.95892495
TURECKI,1931,fixed14,497155982.0136903,497155247.6798181,780.5999568091223,46.266084633999334,46.266084633999334,734.333872175123,497155201.4137335
TŁUMACKI,1931,fixed14,431677037.35066956,431676186.064092,931.7391363205243,80.45255876160495,80.45255876160495,851.2865775589194,431676105.6115332
WADOWICKI,1931,fixed14,506599638.7411689,506598264.01530635,1628.3197230744238,253.5938604899503,253.5938604899503,1374.7258625844736,506598010.42144585
WARSZAWSKI,1931,fixed14,485350383.27918994,485347527.24121165,6608.658580047605,3752.620601783115,3752.620601783115,2856.03797826449,485343774.6206099
WIELUŃSKI,1931,fixed14,550336002.4773542,550335360.1869963,722.9497442897139,80.65938653514067,80.65938653514067,642.2903577545732,550335279.5276098
WILEJSKI,1931,fixed14,350373323.3509496,350373077.2000475,257.1569639866039,11.006061903959708,11.006061903959708,246.1509020826442,350373066.1939856
WILEŃSKO-TROCKI,1931,fixed14,380044860.12791216,380044659.5598069,331.7428864546026,131.1747812170941,131.1747812170941,200.5681052375085,380044528.3850257
WILNO (MIASTO),1931,fixed14,388685123.0626605,388620973.2320434,64252.30782069093,102.4772035270822,102.4772035270822,64149.83061716385,388620870.75483984
WOLSZTYŃSKI,1931,fixed14,642101728.4978578,642100647.0765778,1258.96886704965,177.54758701390077,177.54758701390077,1081.4212800357493,642100469.5289907
WOŁKOWYSKI,1931,fixed14,416153184.19792527,416152958.3449597,275.8177728603539,49.964807287527215,49.964807287527215,225.8529655728267,416152908.3801524
WOŁOŻYŃSKI,1931,fixed14,353750545.16773814,353750259.7252658,297.02980509787375,11.58733277406657,11.58733277406657,285.4424723238072,353750248.137933
WRZESIŃSKI,1931,fixed14,566952010.4767721,566950520.0362083,1697.0404456695728,206.59988185360618,206.59988185360618,1490.4405638159667,566950313.4363264
WYRZYSKI,1931,fixed14,526852501.9491389,526851348.0115155,1315.1198276432,161.18220423584887,161.18220423584887,1153.9376234073513,526851186.82931125
WYSOKOMAZOWIECKI,1931,fixed14,425557424.46961236,425556882.7516495,603.4140358360415,61.69607302127071,61.69607302127071,541.7179628147708,425556821.0555765
WĄBRZESKI,1931,fixed14,498826189.4509732,498824924.78965884,1401.9298290983527,137.26851473372645,137.26851473372645,1264.6613143646262,498824787.5211441
WĄGROWIECKI,1931,fixed14,559895655.4059325,559894798.552185,1055.7817508758299,198.92800339217266,198.92800339217266,856.8537474836571,559894599.6241816
WĘGROWSKI,1931,fixed14,430098742.10526514,430098077.65109295,723.047778313213,58.59360609525635,58.59360609525635,664.4541722179566,430098019.05748683
WŁOCŁAWSKI,1931,fixed14,509765588.40946704,509763352.04233515,2406.196369539531,169.82923765873966,169.82923765873966,2236.3671318807915,509763182.2130975
WŁODAWSKI,1931,fixed14,421151877.62991375,421151549.73371565,372.1025211301944,44.20632303876948,44.20632303876948,327.89619809142494,421151505.5273926
WŁODZIMIERSKI,1931,fixed14,424364369.78184736,424363852.6134739,584.1965275536139,67.028154058748,67.028154058748,517.1683734948659,424363785.5853198
WŁOSZCZOWSKI,1931,fixed14,469964678.42527354,469964181.23822355,577.6087214855086,80.42167148026189,80.42167148026189,497.1870500052467,469964100.81655204
ZALESZCZYCKI,1931,fixed14,413105707.93275046,413104901.20685935,835.670450680734,28.94455957450446,28.94455957450446,806.7258911062296,413104872.2622998
ZAMOJSKI,1931,fixed14,442050911.7926458,442049938.18603206,1069.6380292144147,96.03141544067407,96.03141544067407,973.6066137737406,442049842.1546166
ZBARASKI,1931,fixed14,410047922.8303241,410046955.4963519,1015.0760010630543,47.7420288570234,47.7420288570234,967.3339722060309,410046907.75432307
ZBOROWSKI,1931,fixed14,402275266.13089544,402274480.484836,812.3884459000744,26.74238646715758,26.74238646715758,785.6460594329169,402274453.7424495
ZDOŁBUNOWSKI,1931,fixed14,391100224.16720116,391099431.58274615,816.9990843507924,24.414629333365397,24.414629333365397,792.584455017427,391099407.1681168
ZŁOCZOWSKI,1931,fixed14,421029747.5722732,421029016.3118969,802.4156316653639,71.15525539562678,71.15525539562678,731.2603762697371,421028945.15664154
ŁASKI,1931,fixed14,485750310.0917522,485748220.89510244,2122.353078844152,33.15642910619071,33.15642910619071,2089.1966497379613,485748187.7386733
ŁAŃCUCKI,1931,fixed14,453246102.95206213,453245036.09153724,1128.4474535275783,61.58692858229866,61.58692858229866,1066.8605249452796,453244974.50460863
ŁOMŻYŃSKI,1931,fixed14,430700506.5006346,430699838.1675313,741.660364158021,73.32726082663258,73.32726082663258,668.3331033313884,430699764.84027046
ŁOWICKI,1931,fixed14,508411091.9097092,508409933.2849416,1679.0468663086585,520.4220987244897,520.4220987244897,1158.6247675841687,508409412.8628429
ŁUCKI,1931,fixed14,410261630.57252187,410261316.1627398,351.7772472648428,37.36746516986372,37.36746516986372,314.40978209497905,410261278.7952746
ŁUKOWSKI,1931,fixed14,449140964.65677434,449140380.0513256,685.0820458672906,100.47659714241098,100.47659714241098,584.6054487248797,449140279.5747285
ŁUNINIECKI,1931,fixed14,381292740.8945058,381292608.3754023,154.76713725133035,22.24803369989063,22.24803369989063,132.5191035514397,381292586.12736857
ŁÓDZKI,1931,fixed14,515052645.50104517,515047996.1664206,6388.610663252679,1739.2760386678995,1739.2760386678995,4649.33462458478,515046256.89038193
ŁÓDŹ (MIASTO),1931,fixed14,515900640.55186135,515004285.6462081,896916.7231432272,561.817489969841,561.817489969841,896354.9056532573,515003723.8287181
ŁĘCZYCKI,1931,fixed14,520000803.640014,519999660.7136604,1733.842353757761,590.9160001781454,590.9160001781454,1142.9263535796156,519999069.79766023
ŚNIATYŃSKI,1931,fixed14,434247483.4468447,434246051.8486169,1461.5231028339758,29.924875040893422,29.924875040893422,1431.5982277930825,434246021.9237419
ŚREDZKI,1931,fixed14,574817218.5731449,574816013.1995887,1444.4334601086514,239.0599038620276,239.0599038620276,1205.3735562466238,574815774.1396848
ŚREMSKI,1931,fixed14,566229267.3364245,566228222.048487,1194.9464140037196,149.65847649859845,149.65847649859845,1045.2879375051211,566228072.3900105
ŚWIECKI,1931,fixed14,498357538.61350507,498356756.49048823,915.1251826575121,133.00216577389864,133.00216577389864,782.1230168836136,498356623.48832244
ŚWIĘCIAŃSKI,1931,fixed14,368769914.7170843,368769697.371203,242.64655167724928,25.300670371283964,25.300670371283964,217.34588130596532,368769672.0705326
ŚWIĘTOCHŁOWICKI,1931,fixed14,567306347.4061956,567157666.8016853,151511.54162005495,2830.9371097189405,2830.9371097189405,148680.604510336,567154835.8645756
ŻNIŃSKI,1931,fixed14,542834076.7925384,542832845.0266684,1414.471021859627,182.70515191011796,182.70515191011796,1231.765869949509,542832662.3215165
ŻYDACZOWSKI,1931,fixed14,426244602.4938903,426243927.7817992,732.0423333674256,57.33024226563088,57.33024226563088,674.7120911017947,426243870.4515569
ŻYWIECKI,1931,fixed14,504450967.8703913,504449440.95707756,1693.1137033682792,166.20038962214565,166.20038962214565,1526.9133137461336,504449274.75668794
ŻÓŁKIEWSKI,1931,fixed14,431560765.7773795,431559980.0843547,925.5341056933462,139.84108092372924,139.84108092372924,785.693024769617,431559840.2432738
AUGUSTOWSKI,1932,fixed14,365083683.10619015,365083323.79138,389.9268091575962,30.6119989979691,30.6119989979691,359.3148101596271,365083293.179381
BARANOWICKI,1932,fixed14,365036206.6520579,365035901.97577703,349.74371111709314,45.067430287137356,45.067430287137356,304.6762808299558,365035856.9083468
BIALSKI (BIAŁA KRAKOWSKA),1932,fixed14,473889917.82854533,473884896.46170825,5214.09167283113,192.72483574663306,192.72483574663306,5021.366837084497,473884703.7368725
BIALSKI (BIAŁA PODLASKA),1932,fixed14,409819339.56254184,409818653.7700617,778.6048025560317,92.81232236609388,92.81232236609388,685.7924801899378,409818560.9577393
BIAŁOSTOCKI,1932,fixed14,403589503.9050667,403588691.0917278,891.8131511070346,78.99981219640665,78.99981219640665,812.813338910628,403588612.0919156
BIELSKI (BIELSK PODLASKI),1932,fixed14,397895786.9666979,397895518.03543615,335.3839450447556,66.45268335736267,66.45268335736267,268.9312616873929,397895451.5827528
BIELSKO,1932,fixed14,475514698.0237402,475505166.18361866,9762.046809443202,230.206687925205,230.206687925205,9531.840121517997,475504935.97693074
BIŁGORAJSKI,1932,fixed14,396546180.5324145,396545704.66646934,539.4572765265125,63.591331388159794,63.591331388159794,475.86594513835274,396545641.075138
BOCHEŃSKI,1932,fixed14,461334720.53020793,461333556.7896828,1431.5165305230016,267.7760054086641,267.7760054086641,1163.7405251143375,461333289.0136774
BORSZCZOWSKI,1932,fixed14,361336335.1282686,361335559.48394173,791.8226980745936,16.178371162312427,16.178371162312427,775.6443269122813,361335543.30557054
BRASŁAWSKI,1932,fixed14,328656983.38263595,328656798.9255306,196.7703569963799,12.313251670459524,12.313251670459524,184.45710532592037,328656786.61227894
BRODNICKI,1932,fixed14,454975434.7973382,454974179.5530818,1365.058516802831,109.81426043309315,109.81426043309315,1255.244256369738,454974069.7388214
BRODZKI,1932,fixed14,387518067.9625537,387517335.21374273,796.9341242949179,64.1853133147197,64.1853133147197,732.7488109801982,387517271.0284294
BRZESKI (BRZESKO),1932,fixed14,425231467.2883988,425230303.3275746,1225.1020679241344,61.14124374359313,61.14124374359313,1163.9608241805413,425230242.18633085
BRZESKI (BRZEŚĆ N.BUG.),1932,fixed14,408579776.96451306,408579426.40316683,443.1152613224347,92.55391508589275,92.55391508589275,350.56134623654197,408579333.84925175
BRZEZIŃSKI,1932,fixed14,469967370.8969872,469965034.49970675,2945.172054780717,608.7747743060697,608.7747743060697,2336.3972804746477,469964425.72493243
BRZEŻAŃSKI,1932,fixed14,395014034.69936615,395013263.47121835,837.8240612758588,66.59591347810367,66.59591347810367,771.2281477977551,395013196.8753049
BRZOZOWSKI,1932,fixed14,406087667.2604181,406085873.84111565,1839.0103628025374,45.591060321710216,45.591060321710216,1793.4193024808271,406085828.2500553
BUCZACKI,1932,fixed14,387568767.5117397,387567932.7368991,893.1542782392216,58.37943759607547,58.37943759607547,834.7748406431461,387567874.35746145
BYDGOSKI,1932,fixed14,488500845.9718545,488498758.10028785,2271.429287920383,183.55772126987762,183.55772126987762,2087.8715666505054,488498574.5425666
BÓBRECKI,1932,fixed14,392217064.5567844,392216035.5808688,1083.3285662023895,54.352650554203066,54.352650554203066,1028.9759156481864,392215981.2282182
BĘDZIŃSKI,1932,fixed14,501095743.046184,501086787.0760758,9189.634539744708,233.66443153007953,233.66443153007953,8955.970108214628,501086553.4116443
BŁOŃSKI,1932,fixed14,457967086.0571578,457964101.0818383,4274.203239488879,1289.2279199968334,1289.2279199968334,2984.975319492046,457962811.8539183
CHEŁMIŃSKI,1932,fixed14,462556616.317982,462555149.5285529,1591.2370415650503,124.44761246617843,124.44761246617843,1466.7894290988718,462555025.0809404
CHEŁMSKI,1932,fixed14,409720628.4095659,409719938.1634593,787.8695628403478,97.62345625965138,97.62345625965138,690.2461065806965,409719840.54000306
CHODZIESKI,1932,fixed14,502740831.3863411,502739604.57003057,1354.6854553597072,127.8691448378475,127.8691448378475,1226.8163105218598,502739476.7008857
CHOJNICKI,1932,fixed14,445302994.06521374,445302525.89326376,519.0125386247128,50.84058860165549,50.84058860165549,468.1719500230573,445302475.0526751
CHORZÓW,1932,fixed14,524558257.2410125,524219302.7720721,343697.46284917387,4742.993908792658,4742.993908792658,338954.4689403812,524214559.7781633
CHRZANOWSKI,1932,fixed14,492141870.5858141,492137412.39999324,4860.604451075815,402.41863020105285,402.41863020105285,4458.185820874762,492137009.98136306
CIECHANOWSKI,1932,fixed14,437562265.1834406,437561244.53017104,1249.550024065751,228.89675452904547,228.89675452904547,1020.6532695367055,437561015.63341653
CIESZYŃSKI,1932,fixed14,471518180.00682384,471514574.07989204,3824.209081316173,218.2821494964647,218.2821494964647,3605.9269318197084,471514355.79774255
CZARNKOWSKI,1932,fixed14,499534577.2280755,499533533.9420298,1125.5718178465238,82.28577214443254,82.28577214443254,1043.2860457020913,499533451.6562576
CZORTKOWSKI,1932,fixed14,387797842.8894331,387796367.3084859,1547.51816090545,71.93721370253527,71.93721370253527,1475.5809472029148,387796295.3712722
CZĘSTOCHOWSKI,1932,fixed14,464030981.87306356,464028226.776835,2902.3328609536925,147.23663240592234,147.23663240592234,2755.0962285477704,464028079.5402026
DOBROMILSKI,1932,fixed14,404640207.87349445,404639335.1460124,933.5752305538169,60.84774849393733,60.84774849393733,872.7274820598795,404639274.2982639
DOLIŃSKI,1932,fixed14,400307244.79315305,400306800.67245126,501.32253887685664,57.20183708155273,57.20183708155273,444.1207017953039,400306743.4706142
DROHICKI,1932,fixed14,371123943.14114416,371123605.8289561,369.94372244289843,32.63153440040627,32.63153440040627,337.31218804249215,371123573.1974217
DROHOBYCKI,1932,fixed14,409959395.05018777,409957281.63580257,2208.117764991848,94.70337981682748,94.70337981682748,2113.4143851750205,409957186.93242276
DUBIEŃSKI,1932,fixed14,370126160.4497413,370125701.0756723,490.20866968644975,30.834600709780442,30.834600709780442,459.3740689766693,370125670.24107164
DZIAŁDOWSKI,1932,fixed14,429037563.80758005,429036815.920718,793.0886290125234,45.20176697433366,45.20176697433366,747.8868620381897,429036770.71895105
DZIŚNIEŃSKI,1932,fixed14,322228003.66037905,322227733.0942616,282.9175461946194,12.351428759333634,12.351428759333634,270.5661174352857,322227720.74283284
DĄBROWSKI,1932,fixed14,436965806.2134552,436964946.77615756,974.0553505839719,114.61805294535954,114.61805294535954,859.4372976386123,436964832.1581046
GARWOLIŃSKI,1932,fixed14,423549197.1444716,423548565.5041878,788.3526866837581,156.7124029183562,156.7124029183562,631.6402837654019,423548408.7917849
GNIEŹNIEŃSKI,1932,fixed14,529479084.71691716,529477558.03692055,1794.8876749605993,268.2076783817737,268.2076783817737,1526.6799965788255,529477289.82924217
GORLICKI,1932,fixed14,431894108.6852188,431893214.43571,994.8984261982571,100.64891738927099,100.64891738927099,894.2495088089861,431893113.78679264
GOSTYNIŃSKI,1932,fixed14,457197007.57902884,457195936.89199245,1231.7971101229978,161.11007374869848,161.11007374869848,1070.6870363742992,457195775.7819187
GOSTYŃSKI,1932,fixed14,539490485.3556409,539488771.807957,1932.3509560051962,218.8032721426894,218.8032721426894,1713.5476838625068,539488553.0046849
GRODZIEŃSKI,1932,fixed14,375498118.61252564,375497834.0079333,321.45175648872095,36.847164158957376,36.847164158957376,284.6045923297636,375497797.16076916
GRUDZIĄDZKI,1932,fixed14,458453079.89596176,458450373.82071376,2845.5472049832506,139.47195693967612,139.47195693967612,2706.0752480435744,458450234.3487568
GRÓDECKI,1932,fixed14,401993538.145395,401992632.6557086,1137.276907641309,231.78722127549543,231.78722127549543,905.4896863658136,401992400.86848736
GRÓJECKI,1932,fixed14,430221225.0843718,430220146.61489034,1391.7030995332289,313.23361805963066,313.23361805963066,1078.4694814735983,430219833.38127226
HOROCHOWSKI,1932,fixed14,373472457.8040722,373471849.2104778,637.1165728478982,28.522978503317425,28.522978503317425,608.5935943445808,373471820.68749934
HORODEŃSKI,1932,fixed14,383545100.9466824,383544028.65611005,1099.9896796771761,27.699107365355058,27.699107365355058,1072.290572311821,383544000.9570027
HRUBIESZOWSKI,1932,fixed14,394817414.9732076,394816505.3108206,995.0036149136354,85.34122788107703,85.34122788107703,909.6623870325584,394816419.9695927
INOWROCŁAWSKI,1932,fixed14,485979259.5968127,485977518.7713637,1870.4770777067909,129.65162870272465,129.65162870272465,1740.8254490040663,485977389.119735
IWACEWICKI,1932,fixed14,369587706.0184376,369587526.0330317,215.47247460883415,35.48706874218971,35.48706874218971,179.98540586664444,369587490.545963
IŁŻECKI,1932,fixed14,425292284.5903624,425291274.46233106,1074.2795958618246,64.15156445168729,64.15156445168729,1010.1280314101374,425291210.3107666
JANOWSKI,1932,fixed14,412772300.45076406,412771698.1218532,684.4624338271682,82.13352291773197,82.13352291773197,602.3289109094362,412771615.98833025
JAROCIŃSKI,1932,fixed14,525847965.7527205,525846790.2660576,1369.249444395873,193.76278154490367,193.76278154490367,1175.4866628509694,525846596.50327605
JAROSŁAWSKI,1932,fixed14,422541143.565596,422540332.95442414,922.0033497555518,111.39217795868122,111.39217795868122,810.6111717968705,422540221.5622462
JASIELSKI,1932,fixed14,427562580.1644338,427561668.1209424,1020.2975028116088,108.25401143597101,108.25401143597101,912.0434913756377,427561559.86693096
JAWOROWSKI,1932,fixed14,394436755.3549978,394435972.1281712,893.5650867001984,110.3382601083801,110.3382601083801,783.2268265918184,394435861.7899111
JĘDRZEJOWSKI,1932,fixed14,459041313.3835108,459040365.0532093,1116.785861968147,168.4555604532564,168.4555604532564,948.3303015148906,459040196.59764886
KALISKI,1932,fixed14,495602269.60806346,495600583.29859024,1777.3635850256383,91.05411180925107,91.05411180925107,1686.3094732163872,495600492.2444784
KAMIONECKI,1932,fixed14,394161482.0348452,394160779.9828607,802.0312971138574,99.97931262754474,99.97931262754474,702.0519844863126,394160680.0035481
KARTUSKI,1932,fixed14,421283591.06256,421282997.65770406,635.3766922360245,41.97183627169265,41.97183627169265,593.4048559643319,421282955.6858678
KATOWICE,1932,fixed14,513144567.22600746,513073348.1869229,72245.17212794574,1026.1330433800388,1026.1330433800388,71219.03908456571,513072322.0538795
KAŁUSKI,1932,fixed14,386357271.8100171,386356596.50223774,706.2281839630591,30.92040463206821,30.92040463206821,675.3077793309909,386356565.5818331
KIELECKI,1932,fixed14,452035978.39385337,452034834.04668504,1285.1397764074095,140.79260808703893,140.79260808703893,1144.3471683203707,452034693.25407696
KOBRYŃSKI,1932,fixed14,389295109.27571267,389294846.2289448,320.54531165703315,57.49854376161726,57.49854376161726,263.0467678954159,389294788.73040104
KOLBUSZOWSKI,1932,fixed14,402096332.0982534,402095553.0633656,809.3022794545781,30.267391650473005,30.267391650473005,779.0348878041051,402095522.79597396
KOLSKI,1932,fixed14,487264125.79997873,487262835.53186774,1469.7746410100083,179.5065300293905,179.5065300293905,1290.2681109806178,487262656.0253377
KONECKI,1932,fixed14,454031085.18521744,454030025.1495903,1231.7535172998269,171.71789013847965,171.71789013847965,1060.0356271613473,454029853.43170017
KONIŃSKI,1932,fixed14,491252562.8929747,491251809.2935246,857.3671659989053,103.76771592681776,103.76771592681776,753.5994500720875,491251705.5258087
KOPYCZYNIECKI,1932,fixed14,382860421.766069,382859504.05804634,977.2324720382413,59.52444938202758,59.52444938202758,917.7080226562138,382859444.53359693
KOSOWSKI (KOSÓW HUCULSKI),1932,fixed14,370176462.4593689,370176214.0160163,263.212661903322,14.769309352604042,14.769309352604042,248.44335255071795,370176199.24670696
KOSTOPOLSKI,1932,fixed14,357477747.970327,357477472.7194014,301.80982281516947,26.55889720626235,26.55889720626235,275.2509256089071,357477446.1605042
KOSZYRSKI,1932,fixed14,356224660.1625202,356224487.28567296,191.96253539539867,19.085688168817178,19.085688168817178,172.8768472265815,356224468.1999848
KOWELSKI,1932,fixed14,386145844.9517817,386145640.53613836,250.5830960907324,46.16745274963538,46.16745274963538,204.41564334109702,386145594.3686856
KOZIENICKI,1932,fixed14,425674875.6669277,425674202.50261647,795.8627519509864,122.6984407358849,122.6984407358849,673.1643112151015,425674079.80417573
KOŁOMYJSKI,1932,fixed14,406585844.2721705,406585001.3543976,904.5737407926762,61.65596791053659,61.65596791053659,842.9177728821396,406584939.6984297
KOŚCIAŃSKI,1932,fixed14,557664422.8967842,557663071.8100172,1658.1510097377495,307.0642427775289,307.0642427775289,1351.0867669602208,557662764.7457745
KOŚCIERSKI,1932,fixed14,433499490.7205556,433498866.55214286,674.4690101077929,50.30059736213312,50.30059736213312,624.1684127456598,433498816.2515455
KRAKOWSKI,1932,fixed14,470955529.70042855,470953306.79442453,3117.915877433516,895.0098734242368,895.0098734242368,2222.906004009279,470952411.7845511
KRAKÓW (MIASTO),1932,fixed14,471253704.51257163,470861716.30567515,392362.2491470226,374.04225049888026,374.04225049888026,391988.2068965237,470861342.26342463
KRASNOSTAWSKI,1932,fixed14,400727342.21153414,400726494.504959,914.5587446332805,66.85216948331028,66.85216948331028,847.7065751499703,400726427.65278953
KROTOSZYŃSKI,1932,fixed14,518413742.6156834,518412356.8755462,1525.7119071172815,139.97176995351595,139.97176995351595,1385.7401371637654,518412216.9037763
KROŚNIEŃSKI,1932,fixed14,423624928.720605,423623135.23110235,1876.382752774007,82.89325013552438,82.89325013552438,1793.4895026384827,423623052.33785224
KRZEMIENIECKI,1932,fixed14,358470247.41139936,358469719.9679379,548.6311384226989,21.187676960689398,21.187676960689398,527.4434614620095,358469698.7802609
KUTNOWSKI,1932,fixed14,480531129.31645554,480528711.67914736,2806.4403445190146,388.8030363267361,388.8030363267361,2417.6373081922784,480528322.87611103
KĘPIŃSKI,1932,fixed14,508810423.58334017,508809403.94702655,1097.8413454050683,78.20503183441114,78.20503183441114,1019.6363135706572,508809325.74199474
LESKI,1932,fixed14,392744742.9497487,392744293.73523664,479.0074858999983,29.79297386509658,29.79297386509658,449.2145120349017,392744263.94226277
LESZCZYŃSKI,1932,fixed14,559405174.1820168,559403314.6423049,2074.3728063589924,214.83309436789975,214.83309436789975,1859.5397119910926,559403099.8092105
LIDZKI,1932,fixed14,361609458.1078408,361609175.6543598,320.8994153513385,38.44593443826146,38.44593443826146,282.45348091307704,361609137.2084254
LIMANOWSKI,1932,fixed14,435337473.90852666,435336770.6782136,776.6007333299169,73.37042025836851,73.37042025836851,703.2303130715484,435336697.3077933
LIPNOWSKI,1932,fixed14,397161803.6622642,397160940.33042747,935.7612769894929,72.42944021267752,72.42944021267752,863.3318367768154,397160867.90098727
LUBACZOWSKI,1932,fixed14,389382360.40370095,389381633.8877634,772.7153374717753,46.19939991360664,46.19939991360664,726.5159375581687,389381587.6883635
LUBARTOWSKI,1932,fixed14,415236693.7243131,415235993.26671606,852.7972981467011,152.339701144374,152.339701144374,700.4575970023271,415235840.92701495
LUBAWSKI,1932,fixed14,437576498.23479855,437575397.4697395,1159.4059667560455,58.640907687652266,58.640907687652266,1100.7650590683932,437575338.8288318
LUBELSKI,1932,fixed14,420777282.4475375,420775578.6653244,1827.2024983799058,123.42028529071823,123.42028529071823,1703.7822130891875,420775455.2450391
LUBLINIECKI,1932,fixed14,505524902.92985624,505523346.1022009,1722.5482901083358,165.72063481747566,165.72063481747566,1556.82765529086,505523180.3815661
LUBOMELSKI,1932,fixed14,387523141.5694209,387522866.95811534,319.8852793518033,45.27397379459005,45.27397379459005,274.61130555721326,387522821.6841415
LWOWSKI,1932,fixed14,406300014.3915094,406298922.1017986,1847.923558517772,755.6338477393489,755.6338477393489,1092.2897107784231,406298166.4679509
LWÓW (MIASTO),1932,fixed14,414577540.79622823,414385686.93415993,192200.57716422103,346.715095914119,346.715095914119,191853.86206830692,414385340.219064
M. ST. WARSZAWA,1932,fixed14,455437745.4592643,454823316.2880947,617044.9671154859,2615.7959458829905,2615.7959458829905,614429.1711696029,454820700.4921488
MAKOWSKI (MAKÓW MAZOWIECKI),1932,fixed14,411297324.3646197,411296578.0267452,806.5234609830526,60.18558651978544,60.18558651978544,746.3378744632671,411296517.8411587
MIECHOWSKI,1932,fixed14,455010982.6630078,455009918.5647999,1166.5503009077427,102.45209301500836,102.45209301500836,1064.0982078927343,455009816.1127069
MIELECKI,1932,fixed14,433727931.44923896,433727220.1965814,816.1227390424647,104.87008146021594,104.87008146021594,711.2526575822487,433727115.32649994
MIĘDZYCHODZKI,1932,fixed14,546605717.2697716,546604704.0581604,1084.8121804171246,71.60056921538585,71.60056921538585,1013.2116112017387,546604632.4575912
MIŃSKI,1932,fixed14,433661055.8009379,433659693.2958649,1791.3069928750851,428.8019198805919,428.8019198805919,1362.5050729944933,433659264.493945
MOGILEŃSKI,1932,fixed14,496342750.8666357,496341604.7196941,1281.033933423728,134.88699182063087,134.88699182063087,1146.1469416030973,496341469.8327023
MORSKI,1932,fixed14,411914638.75339735,411913093.83208466,1571.4547951572708,26.53348250987616,26.53348250987616,1544.9213126473946,411913067.29860216
MOŁODECZAŃSKI,1932,fixed14,338768880.3031157,338768410.8978957,488.8198819044693,19.414661892791877,19.414661892791877,469.40522001167744,338768391.4832338
MOŚCISKI,1932,fixed14,400736892.42038894,400735818.5723912,1127.2810327054783,53.43303497414329,53.43303497414329,1073.847997731335,400735765.13935626
MYŚLENICKI,1932,fixed14,432093302.9469113,432092378.89458376,980.9267816246457,56.874454146325476,56.874454146325476,924.0523274783203,432092322.0201296
MŁAWSKI,1932,fixed14,430803523.9446275,430802663.61152405,956.9840489085351,96.65094540026007,96.65094540026007,860.333103508275,430802566.9605786
NADWÓRNIAŃSKI,1932,fixed14,394778937.0000932,394778462.0810268,515.843466635291,40.92440021838811,40.92440021838811,474.9190664169028,394778421.1566266
NIESZAWSKI,1932,fixed14,478294617.96678454,478293389.24809206,1398.0586131356715,169.33992063309051,169.33992063309051,1228.718692502581,478293219.9081714
NIEŚWIESKI,1932,fixed14,338711072.3334538,338710441.3326706,646.0771870593845,15.076403931799085,15.076403931799085,631.0007831275855,338710426.2562667
NIŻAŃSKI,1932,fixed14,415820322.4424524,415819621.8516944,745.8615508658623,45.27079292677531,45.27079292677531,700.590757939087,415819576.5809015
NOWOGRÓDZKI,1932,fixed14,356417660.8564781,356417306.8653295,392.9672478926248,38.976099307367214,38.976099307367214,353.9911485852576,356417267.8892302
NOWOSĄDECKI,1932,fixed14,434470182.8410919,434469313.14208776,950.754750386586,81.05574625113428,81.05574625113428,869.6990041354517,434469232.0863415
NOWOTARSKI,1932,fixed14,446975572.67090654,446974908.5999252,757.4784867606321,93.40750543750562,93.40750543750562,664.0709813231265,446974815.19241977
NOWOTOMYSKI,1932,fixed14,573182169.4209877,573181012.7581142,1274.2533186758121,117.59044517327408,117.59044517327408,1156.662873502538,573180895.167669
OBORNICKI,1932,fixed14,529107406.56457907,529106407.74379843,1256.683077617477,257.8622969904645,257.8622969904645,998.8207806270125,529106149.88150144
OLKUSKI,1932,fixed14,468399340.9367882,468397746.6263469,1721.9017448274567,127.59130350261005,127.59130350261005,1594.3104413248466,468397619.03504336
OPATOWSKI,1932,fixed14,434703249.2838378,434701869.83622617,1459.9014232270545,80.45381156305507,80.45381156305507,1379.4476116639994,434701789.3824146
OPOCZYŃSKI,1932,fixed14,459215909.306367,459215267.6063585,917.539980057207,275.8399715960993,275.8399715960993,641.7000084611077,459214991.7663869
OSTROWSKI (OSTRÓW MAZOWIECKA),1932,fixed14,414688870.5124267,414688331.1170492,670.4857817420826,131.0904042927607,131.0904042927607,539.3953774493219,414688200.02664495
OSTROWSKI (OSTRÓW WIELKOPOLSKI),1932,fixed14,519041716.8562619,519040431.2664154,1405.2486302140135,119.65878375894756,119.65878375894756,1285.589846455066,519040311.6076317
OSTROŁĘCKI,1932,fixed14,405404396.5659758,405404024.6256838,463.7188746028992,91.77858255262183,91.77858255262183,371.9402920502773,405403932.8471012
OSZMIAŃSKI,1932,fixed14,325131875.02685696,325131538.13825357,348.66913131645754,11.780527925891409,11.780527925891409,336.8886033905661,325131526.3577256
PIOTRKOWSKI,1932,fixed14,459219904.77595705,459218841.41676104,1268.470607117571,205.11141106586376,205.11141106586376,1063.3591960517072,459218636.30534995
PIŃCZOWSKI,1932,fixed14,444518372.90160275,444517319.2475678,1137.771743129929,84.11770817421876,84.11770817421876,1053.6540349557104,444517235.1298596
PIŃSKI,1932,fixed14,365273398.907933,365273165.57972294,263.30123234952237,29.973022297250623,29.973022297250623,233.32821005227171,365273135.60670066
PODHAJECKI,1932,fixed14,396394772.94506353,396394149.5593012,698.3966092534868,75.01084691409363,75.01084691409363,623.3857623393931,396394074.5484543
POSTAWSKI,1932,fixed14,327173383.3870653,327173183.58429694,215.69811021261864,15.89534189438186,15.89534189438186,199.8027683182368,327173167.68895507
POZNAŃ (MIASTO),1932,fixed14,561011934.945062,560799609.654839,213094.2852586035,768.9950356146416,768.9950356146416,212325.29022298884,560798840.6598034
POZNAŃSKI,1932,fixed14,553519878.8430839,553518797.5151943,3432.4995210973166,2351.1716315258604,2351.1716315258604,1081.3278895714564,553516446.3435627
PRUŻAŃSKI,1932,fixed14,386710900.0799257,386710548.06702363,402.4467789964318,50.4338769556881,50.4338769556881,352.0129020407437,386710497.6331467
PRZASNYCKI,1932,fixed14,393723814.27580446,393723137.9596866,728.5171341311765,52.20101625365244,52.20101625365244,676.316117877524,393723085.75867033
PRZEMYSKI,1932,fixed14,420550060.2624793,420548197.44544274,1980.9462072819215,118.12917068708762,118.12917068708762,1862.8170365948338,420548079.316272
PRZEMYŚLAŃSKI,1932,fixed14,398862178.30373853,398861320.2056747,952.7538490901861,94.65578526364021,94.65578526364021,858.098063826546,398861225.54988945
PRZEWORSKI,1932,fixed14,423367584.5210445,423365123.32068205,2570.194665971803,108.99430353722819,108.99430353722819,2461.200362434575,423365014.3263785
PSZCZYŃSKI,1932,fixed14,495523616.8729848,495521006.5120924,2976.681352634918,366.32046022868957,366.32046022868957,2610.3608924062282,495520640.1916322
PUŁAWSKI,1932,fixed14,414532058.93013364,414531216.95601743,932.4579625911456,90.48384634906944,90.48384634906944,841.9741162420761,414531126.47217107
PUŁTUSKI,1932,fixed14,416113455.8888277,416112513.5327577,1075.8850028298514,133.5289328407919,133.5289328407919,942.3560699890595,416112380.00382483
PŁOCKI,1932,fixed14,444796228.3265513,444794587.4239763,1740.9831523533182,100.08057730835762,100.08057730835762,1640.9025750449607,444794487.343399
PŁOŃSKI,1932,fixed14,422335476.3611022,422334516.78773105,1188.4903406461415,228.91696949588086,228.91696949588086,959.5733711502606,422334287.8707616
RADOMSKI,1932,fixed14,437789416.66127276,437788130.9530475,1409.0267117390897,123.31848650772203,123.31848650772203,1285.7082252313676,437788007.634561
RADOMSZCZAŃSKI,1932,fixed14,465021091.68096876,465020253.16921544,1054.0450203638052,215.53326703563337,215.53326703563337,838.5117533281718,465020037.6359484
RADZIECHOWSKI,1932,fixed14,378579283.3242025,378578689.9261252,629.2596592450258,35.861581956999636,35.861581956999636,593.3980772880261,378578654.06454325
RADZYMIŃSKI,1932,fixed14,442607119.8194531,442605768.4757241,2535.1751667868984,1183.8314377453962,1183.8314377453962,1351.3437290415022,442604584.64428633
RADZYŃSKI,1932,fixed14,413826664.59155905,413825996.15185463,764.4126263641962,95.97292195200453,95.97292195200453,668.4397044121916,413825900.17893267
RAWICKI,1932,fixed14,540017256.9410428,540014598.1060786,2838.817868367248,179.98290421838144,179.98290421838144,2658.8349641488667,540014418.1231744
RAWSKI (RAWA MAZOWIECKA),1932,fixed14,449161694.31976783,449160732.3654233,1169.0240981149182,207.06975357862993,207.06975357862993,961.9543445362883,449160525.29566973
RAWSKI (RAWA RUSKA),1932,fixed14,401073774.05644274,401073182.08719385,683.644213349063,91.6749644613293,91.6749644613293,591.9692488877337,401073090.41222936
ROHATYŃSKI,1932,fixed14,392943158.2376546,392942278.0913954,933.0981873783866,52.95192816652106,52.95192816652106,880.1462592118655,392942225.13946724
ROPCZYCKI,1932,fixed14,436876851.79740316,436875998.29902464,964.8859893841918,111.38761086582504,111.38761086582504,853.4983785183667,436875886.9114138
RUDECKI,1932,fixed14,395880427.3980101,395879255.93696344,1231.3110528732373,59.850006250816136,59.850006250816136,1171.4610466224212,395879196.0869572
RYBNICKI,1932,fixed14,484281131.73170114,484276548.5264811,4813.17142660168,229.96620657919485,229.96620657919485,4583.205220022485,484276318.56027454
RYPIŃSKI,1932,fixed14,396923000.2519375,396922008.3926533,1070.5093866297052,78.65010242046098,78.65010242046098,991.8592842092442,396921929.74255085
RZESZOWSKI,1932,fixed14,426364382.77994645,426363164.5178891,1304.7681239424876,86.50606656768365,86.50606656768365,1218.262057374804,426363078.0118225
RÓWIEŃSKI,1932,fixed14,362746133.04124343,362745482.14003897,679.4842334411693,28.583028953759616,28.583028953759616,650.9012044874097,362745453.55701
SAMBORSKI,1932,fixed14,415282423.4532891,415281453.6354147,1154.8813814926427,185.0635071638101,185.0635071638101,969.8178743288327,415281268.5719076
SANDOMIERSKI,1932,fixed14,417094039.46788543,417093005.94373775,1076.1331726970977,42.60902498285933,42.60902498285933,1033.5241477142383,417092963.33471274
SANOCKI,1932,fixed14,404747424.07583433,404746433.3500952,1035.1116167905975,44.38587768108671,44.38587768108671,990.7257391095109,404746388.96421754
SARNEŃSKI,1932,fixed14,364367078.331508,364366926.6941304,184.10300303201228,32.46562544093392,32.46562544093392,151.63737759107835,364366894.22850496
SIEDLECKI,1932,fixed14,420709056.1345471,420708327.1569761,872.6395961311828,143.6620251052488,143.6620251052488,728.977571025934,420708183.494951
SIERADZKI,1932,fixed14,489294191.2177366,489292964.78012246,1472.2446564675547,245.80704230522554,245.80704230522554,1226.4376141623293,489292718.97308016
SIERPECKI,1932,fixed14,395313821.8375444,395312729.73804426,1157.5869325330161,65.48743243736024,65.48743243736024,1092.099500095656,395312664.25061184
SKAŁACKI,1932,fixed14,375661742.3047929,375660796.83693105,982.9992848039171,37.531422951902314,37.531422951902314,945.4678618520148,375660759.3055081
SKIERNIEWICKI,1932,fixed14,464693335.55178666,464691842.7731873,1956.3451162598599,463.56651687246836,463.56651687246836,1492.7785993873915,464691379.2066704
SOCHACZEWSKI,1932,fixed14,452630985.42211187,452629465.2326109,1845.7529485927446,325.5634475680635,325.5634475680635,1520.189501024681,452629139.6691633
SOKALSKI,1932,fixed14,393816238.29891646,393815417.1810983,892.0470864990676,70.92926831380393,70.92926831380393,821.1178181852637,393815346.25183
SOKOŁOWSKI,1932,fixed14,415926677.66682833,415925953.56900686,845.5115793650712,121.41375793650495,121.41375793650495,724.0978214285662,415925832.15524894
SOKÓLSKI,1932,fixed14,391822165.8109653,391821816.03586584,415.65813801049336,65.88303855294329,65.88303855294329,349.7750994575501,391821750.15282726
STANISŁAWOWSKI,1932,fixed14,404869375.9455456,404868208.4355454,1250.5031893733715,82.99318914961167,82.99318914961167,1167.5100002237598,404868125.4423562
STAROGARDZKI,1932,fixed14,438115801.297223,438114821.82082283,1033.4209432775392,53.94454311268407,53.94454311268407,979.4764001648551,438114767.8762797
STOLIŃSKI,1932,fixed14,349062786.29469895,349062654.9986076,152.36895815849388,21.072866822869972,21.072866822869972,131.2960913356239,349062633.9257408
STOPNICKI,1932,fixed14,410702635.3274099,410701908.80028754,762.9287902827348,36.401667879169615,36.401667879169615,726.5271224035652,410701872.39861965
STOŁPECKI,1932,fixed14,342460519.2350997,342460126.85639393,410.4823094007591,18.10360367150003,18.10360367150003,392.3787057292591,342460108.7527903
STRYJSKI,1932,fixed14,390649048.106661,390648545.5689065,546.8243762938754,44.28662173006947,44.28662173006947,502.5377545638059,390648501.28228474
SUWALSKI,1932,fixed14,362086055.48346055,362085593.4093549,488.5347805549772,26.46067494038273,26.46067494038273,462.0741056145945,362085566.94868
SZAMOTULSKI,1932,fixed14,538671831.6145581,538670613.3113657,1373.6735158129122,155.37032344741255,155.37032344741255,1218.3031923654996,538670457.9410423
SZCZUCZYŃSKI (WOJ. BIAŁOSTOCKIE),1932,fixed14,386551498.2081424,386550925.4699497,613.3824051030797,40.64421240737974,40.64421240737974,572.7381926956999,386550884.8257373
SZCZUCZYŃSKI (WOJ. NOWOGRÓDZKIE),1932,fixed14,357770971.5559283,357770656.88832104,337.0729068539429,22.405299623813924,22.405299623813924,314.667607230129,357770634.48302144
SZUBIŃSKI,1932,fixed14,497133696.21655005,497132691.2703405,1225.8026676717473,220.85645813681197,220.85645813681197,1004.9462095349354,497132470.4138824
SĘPOLEŃSKI,1932,fixed14,476630953.49017274,476629497.480682,1577.1434443643973,121.13395364187708,121.13395364187708,1456.0094907225202,476629376.3467284
SŁONIMSKI,1932,fixed14,370346666.9846494,370346369.99654126,340.53298867340675,43.5448805223537,43.5448805223537,296.98810815105304,370346326.45166075
TARNOBRZESKI,1932,fixed14,435531157.79449606,435530280.74537945,958.9322656587559,81.88314903703856,81.88314903703856,877.0491166217173,435530198.8622304
TARNOGÓRSKI,1932,fixed14,520751421.1548373,520742389.60467696,9790.284539371683,758.734378999087,758.734378999087,9031.550160372597,520741630.87029797
TARNOPOLSKI,1932,fixed14,389113715.78851765,389112681.3199651,1107.6217025173783,73.1531499884292,73.1531499884292,1034.468552528949,389112608.16681516
TARNOWSKI,1932,fixed14,445413892.73506,445411953.1797893,2077.5581086230472,138.00283796138098,138.00283796138098,1939.5552706616663,445411815.17695135
TCZEWSKI,1932,fixed14,431948316.29352266,431946484.5172128,1872.0674217806402,40.29111195475553,40.29111195475553,1831.7763098258847,431946444.22610086
TOMASZOWSKI,1932,fixed14,387028491.34238976,387027758.7806103,788.8006176408217,56.238838219948825,56.238838219948825,732.5617794208729,387027702.5417721
TORUŃSKI,1932,fixed14,480722347.7009302,480720225.3900647,2310.33460742787,188.02374195018555,188.02374195018555,2122.3108654776847,480720037.36632276
TREMBOWELSKI,1932,fixed14,387136087.19924223,387135167.49117213,998.2233961644245,78.5153260541378,78.5153260541378,919.7080701102866,387135088.97584605
TUCHOLSKI,1932,fixed14,459841631.5368813,459840938.4032971,793.8846907546508,100.75110654887249,100.75110654887249,693.1335842057783,459840837.65219057
TURCZAŃSKI,1932,fixed14,399511238.0119043,399510849.2622335,457.30262439158594,68.55295362982845,68.55295362982845,388.7496707617575,399510780.7092799
TURECKI,1932,fixed14,460161677.0843988,460160847.14874357,876.1158091705548,46.18015390630214,46.18015390630214,829.9356552642527,460160800.96858966
TŁUMACKI,1932,fixed14,399103298.1586589,399102278.8415987,1102.1992381498055,82.88217787994627,82.88217787994627,1019.3170602698593,399102195.9594208
WADOWICKI,1932,fixed14,468804343.4016326,468803035.4090854,1552.4607272398396,244.4681800097432,244.4681800097432,1307.9925472300963,468802790.9409054
WARSZAWSKI,1932,fixed14,453096317.02853614,453093605.1388008,17710.875093811024,14998.985358461241,14998.985358461241,2711.8897353497828,453078606.1534423
WIELUŃSKI,1932,fixed14,509244041.3596621,509243305.66002834,818.1677541579379,82.4681203995959,82.4681203995959,735.699633758342,509243223.19190794
WILEJSKI,1932,fixed14,324784783.4680303,324784522.1857627,272.7499341418613,11.467666586696861,11.467666586696861,261.2822675551644,324784510.71809614
WILEŃSKO-TROCKI,1932,fixed14,353548348.52490294,353548125.4472826,356.1002301091761,133.02260976236153,133.02260976236153,223.07762034681457,353547992.42467284
WILNO (MIASTO),1932,fixed14,361754773.89844424,361689392.62003624,65492.359982555616,111.08157453652872,111.08157453652872,65381.27840801909,361689281.5384617
WOLSZTYŃSKI,1932,fixed14,595348507.2664887,595347219.3902181,1466.2562767367403,178.3800061989527,178.3800061989527,1287.8762705377876,595347041.010212
WOŁKOWYSKI,1932,fixed14,385600855.8417662,385600603.4430338,304.0071695395552,51.60843717206922,51.60843717206922,252.39873236748596,385600551.83459663
WOŁOŻYŃSKI,1932,fixed14,327842855.77267766,327842532.50279814,335.3948731461417,12.124993632029563,12.124993632029563,323.2698795141122,327842520.3778045
WRZESIŃSKI,1932,fixed14,524878289.03681314,524876642.7438438,1856.5259911609298,210.23302176975136,210.23302176975136,1646.2929693911785,524876432.510822
WYRZYSKI,1932,fixed14,487922046.23663867,487920719.7720801,1491.6963223310931,165.23176380073704,165.23176380073704,1326.464558530356,487920554.54031634
WYSOKOMAZOWIECKI,1932,fixed14,395744376.818757,395743782.25366694,657.549929377623,62.98483933098751,62.98483933098751,594.5650900466355,395743719.2688276
WĄBRZESKI,1932,fixed14,462153786.8510206,462152388.66621405,1535.7107681061923,137.52596156324574,137.52596156324574,1398.1848065429465,462152251.1402525
WĄGROWIECKI,1932,fixed14,518870494.7396764,518869443.5090147,1263.1810902606005,211.9504285474977,211.9504285474977,1051.2306617131028,518869231.5585862
WĘGROWSKI,1932,fixed14,398304422.09929186,398303643.3076176,839.1640539614565,60.37237973726122,60.37237973726122,778.7916742241953,398303582.9352379
WŁOCŁAWSKI,1932,fixed14,472079748.33705056,472077534.21539354,2379.7733001528195,165.65164317739482,165.65164317739482,2214.1216569754247,472077368.5637504
WŁODAWSKI,1932,fixed14,389826933.7664897,389826522.77717346,457.52379178065405,46.53447556102389,46.53447556102389,410.98931621963015,389826476.2426979
WŁODZIMIERSKI,1932,fixed14,392312100.8616163,392311566.8707295,605.0442500516392,71.053363285557,71.053363285557,533.9908867660822,392311495.81736624
WŁOSZCZOWSKI,1932,fixed14,434933173.48984176,434932557.9812961,701.6457272887925,86.13718165635377,86.13718165635377,615.5085456324388,434932471.8441145
ZALESZCZYCKI,1932,fixed14,381958436.6308645,381957581.0472075,886.3077304575824,30.724073399376387,30.724073399376387,855.583657058206,381957550.32313406
ZAMOJSKI,1932,fixed14,409107837.2211911,409106830.0776136,1111.6034798556932,104.45990234318751,104.45990234318751,1007.1435775125058,409106725.61771125
ZBARASKI,1932,fixed14,379300505.7825203,379299498.21662575,1057.7057331622786,50.13983861607495,50.13983861607495,1007.5658945462036,379299448.0767871
ZBOROWSKI,1932,fixed14,372137302.90312994,372136547.40595263,783.78529029869,28.28811298054287,28.28811298054287,755.4971773181471,372136519.11783963
ZDOŁBUNOWSKI,1932,fixed14,361950585.4789771,361949756.78439885,854.8421818153178,26.147603544190222,26.147603544190222,828.6945782711275,361949730.6367953
ZŁOCZOWSKI,1932,fixed14,389483129.5959736,389482447.7297808,757.574697481023,75.70850467751099,75.70850467751099,681.866192803512,389482372.0212761
ŁASKI,1932,fixed14,449757321.60890704,449755331.15933406,2025.4416528304637,34.99207984119817,34.99207984119817,1990.4495729892656,449755296.1672542
ŁAŃCUCKI,1932,fixed14,419375699.00166386,419374585.0110086,1180.8894804749682,66.8988252114032,66.8988252114032,1113.990655263565,419374518.1121834
ŁOMŻYŃSKI,1932,fixed14,400939850.0183378,400939270.3536882,654.4602924900046,74.7956428830094,74.7956428830094,579.6646496069951,400939195.55804527
ŁOWICKI,1932,fixed14,470746350.2206451,470745125.5804034,1715.7675866643929,491.1273449138318,491.1273449138318,1224.640241750561,470744634.4530585
ŁUCKI,1932,fixed14,379678970.9454803,379678620.1511844,390.79165452030986,39.99735861065335,39.99735861065335,350.7942959096565,379678580.15382576
ŁUKOWSKI,1932,fixed14,415876250.80332,415875575.0636446,780.24137972478,104.50170431699362,104.50170431699362,675.7396754077864,415875470.56194025
ŁUNINIECKI,1932,fixed14,353180803.88973147,353180643.8697245,184.13811011858343,24.11810314915493,24.11810314915493,160.0200069694285,353180619.75162137
ŁÓDZKI,1932,fixed14,476877874.03061163,476873900.14893645,5542.389963823291,1568.5082886282707,1568.5082886282707,3973.8816751950203,476872331.6406478
ŁÓDŹ (MIASTO),1932,fixed14,477876885.12657994,477089033.4809162,788393.3463533033,541.7006895773852,541.7006895773852,787851.6456637259,477088491.78022665
ŁĘCZYCKI,1932,fixed14,481431459.2846222,481430162.5789513,1840.1264412738806,543.4207704111155,543.4207704111155,1296.705670862765,481429619.1581809
ŚNIATYŃSKI,1932,fixed14,401344367.5081377,401342715.2376249,1683.7822067923807,31.511693982392014,31.511693982392014,1652.2705128099888,401342683.7259309
ŚREDZKI,1932,fixed14,531949064.8398154,531947630.9453171,1670.546291684164,236.65179341822358,236.65179341822358,1433.8944982659405,531947394.29352367
ŚREMSKI,1932,fixed14,524458192.4492058,524456937.92837167,1405.3038326003762,150.7829984441645,150.7829984441645,1254.5208341562118,524456787.1453732
ŚWIECKI,1932,fixed14,461965957.20324385,461965157.9735709,932.4959675470556,133.26629458486295,133.26629458486295,799.2296729621926,461965024.7072763
ŚWIĘCIAŃSKI,1932,fixed14,343248679.68735975,343248451.1646092,254.97936485235235,26.456614310592922,26.456614310592922,228.52275054175942,343248424.7079949
ŚWIĘTOCHŁOWICKI,1932,fixed14,525123849.7056964,525010701.77056247,115699.51820859074,2551.5830746443644,2551.5830746443644,113147.93513394638,525008150.18748784
ŻNIŃSKI,1932,fixed14,502336207.4607053,502334798.6221361,1598.2096186668723,189.37104950480588,189.37104950480588,1408.8385691620665,502334609.2510866
ŻYDACZOWSKI,1932,fixed14,394216997.84364015,394216174.3675795,884.3670845489899,60.89102394653894,60.89102394653894,823.476060602451,394216113.4765556
ŻYWIECKI,1932,fixed14,466869226.4305566,466867703.5484662,1680.6360054560348,157.75391508174394,157.75391508174394,1522.8820903742908,466867545.79455113
ŻÓŁKIEWSKI,1932,fixed14,399225728.790877,399224807.5060935,1070.484850446962,149.200067002857,149.200067002857,921.284783444105,399224658.3060265
AUGUSTOWSKI,1933,fixed14,384703737.69878185,384703384.7508807,384.04100863925635,31.093107540370497,31.093107540370497,352.94790109888584,384703353.6577732
BARANOWICKI,1933,fixed14,384297503.80285776,384297230.8076807,316.4361276466453,43.440950647786856,43.440950647786856,272.9951769988584,384297187.3667301
BIALSKI (BIAŁA KRAKOWSKA),1933,fixed14,499461712.86594975,499456824.74624914,5082.486439750533,194.36673917044132,194.36673917044132,4888.119700580091,499456630.37951
BIALSKI (BIAŁA PODLASKA),1933,fixed14,431793605.4271812,431792963.6402229,736.5120445102492,94.72508622990145,94.72508622990145,641.7869582803478,431792868.9151367
BIAŁOSTOCKI,1933,fixed14,425399518.6768613,425398671.86752963,928.7072620250719,81.89793035810732,81.89793035810732,846.8093316669646,425398589.96959925
BIELSKI (BIELSK PODLASKI),1933,fixed14,419248495.48674023,419248230.07701087,333.75451925930327,68.34478991596886,68.34478991596886,265.4097293433344,419248161.73222095
BIELSKO,1933,fixed14,501323420.460489,501313228.33742183,10423.049975686086,230.92690857271725,230.92690857271725,10192.123067113369,501312997.4105133
BIŁGORAJSKI,1933,fixed14,416678065.4212637,416677630.5064507,500.2808635446323,65.36605056893657,65.36605056893657,434.9148129756957,416677565.1404002
BOCHEŃSKI,1933,fixed14,485629187.4288361,485628113.1795503,1341.2792200507024,267.02993425474415,267.02993425474415,1074.2492857959583,485627846.14961606
BORSZCZOWSKI,1933,fixed14,378495130.3895653,378494368.63056743,777.8107957982801,16.051797924438727,16.051797924438727,761.7589978738414,378494352.5787695
BRASŁAWSKI,1933,fixed14,346477407.30186874,346477229.5287779,189.7842739498762,12.011183067457024,12.011183067457024,177.77309088241918,346477217.5175948
BRODNICKI,1933,fixed14,485699877.2423659,485698797.1866979,1194.595000451234,114.53933243748456,114.53933243748456,1080.0556680137495,485698682.64736545
BRODZKI,1933,fixed14,406534125.87877136,406533390.0597393,800.1174260625363,64.29839395462693,64.29839395462693,735.8190321079094,406533325.7613453
BRZESKI (BRZESKO),1933,fixed14,447202130.8039187,447201148.21801364,1042.8405843030155,60.25467920456031,60.25467920456031,982.5859050984552,447201087.96333444
BRZESKI (BRZEŚĆ N.BUG.),1933,fixed14,430304551.7665802,430304247.96731627,396.951453711617,93.15218973817643,93.15218973817643,303.79926397344053,430304154.81512654
BRZEZIŃSKI,1933,fixed14,495621339.9593438,495618890.84121084,3087.5618637039124,638.4437307455462,638.4437307455462,2449.1181329583665,495618252.3974801
BRZEŻAŃSKI,1933,fixed14,413902597.85088,413901807.8797174,855.0204087460208,65.04924611746084,65.04924611746084,789.97116262856,413901742.8304713
BRZOZOWSKI,1933,fixed14,426590035.853892,426588324.78645694,1755.9435087052468,44.876073576807975,44.876073576807975,1711.0674351284388,426588279.91038334
BUCZACKI,1933,fixed14,405847636.6462903,405846798.11148506,895.5524758039428,57.01767058873078,57.01767058873078,838.534805215212,405846741.0938145
BYDGOSKI,1933,fixed14,519539864.9574385,519537631.5680859,2417.500939532575,184.11158695003687,184.11158695003687,2233.3893525825383,519537447.456499
BÓBRECKI,1933,fixed14,411103445.4727208,411102422.09328264,1077.0650261278006,53.68558792513124,53.68558792513124,1023.3794382026693,411102368.4076947
BĘDZIŃSKI,1933,fixed14,528373532.38862365,528366933.1338688,6848.020948124763,248.76619328330003,248.76619328330003,6599.254754841463,528366684.36767554
BŁOŃSKI,1933,fixed14,482915561.1351048,482912384.7731413,4722.849851940275,1546.4878884870873,1546.4878884870873,3176.361963453187,482910838.2852528
CHEŁMIŃSKI,1933,fixed14,494101395.20111,494100063.77032626,1460.4510082491572,129.02022451215163,129.02022451215163,1331.4307837370056,494099934.75010175
CHEŁMSKI,1933,fixed14,430898283.9113046,430897647.2655491,735.7915698095456,99.14581437316278,99.14581437316278,636.6457554363828,430897548.11973476
CHODZIESKI,1933,fixed14,530712851.0296387,530711589.892257,1388.9650498792294,127.82766813137322,127.82766813137322,1261.1373817478561,530711462.06458884
CHOJNICKI,1933,fixed14,470822151.72033596,470821660.26385397,543.7224256222705,52.265943645155744,52.265943645155744,491.4564819771148,470821607.9979103
CHORZÓW,1933,fixed14,553337826.7152857,553014626.0218142,328419.7787591132,5219.08528770297,5219.08528770297,323200.69347141025,553009406.9365265
CHRZANOWSKI,1933,fixed14,518666606.08005005,518661846.45131457,5155.833483058445,396.20474755484406,396.20474755484406,4759.628735503601,518661450.246567
CIECHANOWSKI,1933,fixed14,460494113.5483856,460493043.3564531,1317.0318960799073,246.8399635618241,246.8399635618241,1070.1919325180831,460492796.51648957
CIESZYŃSKI,1933,fixed14,496903940.1420192,496900249.98859894,3910.068370810029,219.91495055798399,219.91495055798399,3690.153420252045,496900030.0736484
CZARNKOWSKI,1933,fixed14,527313884.32288414,527312816.48301226,1150.440839847199,82.60096795037273,82.60096795037273,1067.8398718968263,527312733.8820443
CZORTKOWSKI,1933,fixed14,406019942.4163258,406018445.14300627,1568.0190580814794,70.74573858112366,70.74573858112366,1497.2733195003557,406018374.3972677
CZĘSTOCHOWSKI,1933,fixed14,488961423.06806403,488959123.5728627,2441.8969428979144,142.4017415677172,142.4017415677172,2299.4952013301972,488958981.1711211
DOBROMILSKI,1933,fixed14,424724863.90371495,424724046.74790984,877.0815490104399,59.925743874375705,59.925743874375705,817.1558051360641,424723986.82216597
DOLIŃSKI,1933,fixed14,419496053.99888754,419495609.23171645,500.79400050018484,56.02682943186672,56.02682943186672,444.76717106831813,419495553.20488703
DROHICKI,1933,fixed14,390726823.6072684,390726530.6683577,324.92963127997837,31.99072055068489,31.99072055068489,292.93891072929347,390726498.6776371
DROHOBYCKI,1933,fixed14,429906359.5849919,429904271.46785927,2181.0032765713872,92.88614400332166,92.88614400332166,2088.1171325680657,429904178.5817153
DUBIEŃSKI,1933,fixed14,388347765.1297195,388347342.0086029,453.53958531765613,30.41846871692983,30.41846871692983,423.1211166007263,388347311.5901342
DZIAŁDOWSKI,1933,fixed14,453718749.4123365,453718021.43417335,775.9722160465053,47.994052889533236,47.994052889533236,727.9781631569721,453717973.44012046
DZIŚNIEŃSKI,1933,fixed14,339410445.12444407,339410198.2163935,258.8353929312115,11.92734235130758,11.92734235130758,246.90805057990394,339410186.2890511
DĄBROWSKI,1933,fixed14,459525171.0792893,459524433.2021979,849.993126047863,112.11603459921896,112.11603459921896,737.877091448644,459524321.0861633
GARWOLIŃSKI,1933,fixed14,446224391.08274186,446223717.53920674,855.1927011523333,181.64916606358537,181.64916606358537,673.5435350887478,446223535.8900407
GNIEŹNIEŃSKI,1933,fixed14,558321337.9798661,558319836.0025593,1772.0514812213544,270.0741744436275,270.0741744436275,1501.9773067777269,558319565.9283849
GORLICKI,1933,fixed14,453995855.75376844,453994938.0343277,1016.4685115573881,98.7490708237201,98.7490708237201,917.719440733668,453994839.28525686
GOSTYNIŃSKI,1933,fixed14,487843722.5106051,487842647.32003576,1245.2943847343097,170.1038153956852,170.1038153956852,1075.1905693386245,487842477.2162204
GOSTYŃSKI,1933,fixed14,569119336.4591017,569117607.3341417,1943.4497234957132,214.32476351527748,214.32476351527748,1729.1249599804357,569117393.0093782
GRODZIEŃSKI,1933,fixed14,395653822.4733031,395653511.12049633,348.67276516430815,37.3199583809124,37.3199583809124,311.35280678339575,395653473.80053794
GRUDZIĄDZKI,1933,fixed14,489539574.1368667,489536834.69549274,2882.6113918822566,143.17001796869772,143.17001796869772,2739.441373913559,489536691.5254748
GRÓDECKI,1933,fixed14,421680562.2748564,421679704.2003648,1092.6051729647706,234.53068140399822,234.53068140399822,858.0744915607725,421679469.6696834
GRÓJECKI,1933,fixed14,454106640.6167505,454105587.32952726,1525.10682905589,471.8196058364323,471.8196058364323,1053.2872232194577,454105115.50992143
HOROCHOWSKI,1933,fixed14,392102040.7827974,392101477.4421861,591.5558544958777,28.21524319998613,28.21524319998613,563.3406112958916,392101449.2269429
HORODEŃSKI,1933,fixed14,401381421.47784364,401380442.10128254,1006.5121155785587,27.135554488141278,27.135554488141278,979.3765610904175,401380414.96572804
HRUBIESZOWSKI,1933,fixed14,414894052.6678027,414893120.7234471,1017.8106344001952,85.86627874044102,85.86627874044102,931.9443556597543,414893034.8571683
INOWROCŁAWSKI,1933,fixed14,521496383.02573085,521494645.6796476,1879.2351067481827,141.88902356151414,141.88902356151414,1737.3460831866685,521494503.7906241
IWACEWICKI,1933,fixed14,389207057.0259765,389206877.5625837,213.83564074299596,34.372247923513164,34.372247923513164,179.4633928194828,389206843.19033575
IŁŻECKI,1933,fixed14,447477370.42744714,447476422.04148704,1010.8119473384955,62.42598723862519,62.42598723862519,948.3859600998703,447476359.6154998
JANOWSKI,1933,fixed14,433932265.12072486,433931614.21179026,734.8725492361197,83.96361462404548,83.96361462404548,650.9089346120742,433931530.2481756
JAROCIŃSKI,1933,fixed14,554578014.3201975,554576774.3564104,1433.8904094243283,193.92662236328354,193.92662236328354,1239.9637870610447,554576580.429788
JAROSŁAWSKI,1933,fixed14,443734259.57631886,443733482.8960074,884.4084194598283,107.72810799414407,107.72810799414407,776.6803114656843,443733375.1678994
JASIELSKI,1933,fixed14,449257013.89075345,449256156.0738014,965.4191815806287,107.60222956278601,107.60222956278601,857.8169520178427,449256048.47157186
JAWOROWSKI,1933,fixed14,413720922.0227295,413720186.37735164,846.2820701735301,110.63669229189985,110.63669229189985,735.6453778816302,413720075.74065936
JĘDRZEJOWSKI,1933,fixed14,483376739.32995737,483375821.2902979,1075.0130659659656,156.97340654240216,156.97340654240216,918.0396594235633,483375664.3168914
KALISKI,1933,fixed14,522729260.28805816,522727588.42626035,1769.7950288972302,97.93323109441678,97.93323109441678,1671.8617978028135,522727490.49302924
KAMIONECKI,1933,fixed14,413486262.676764,413485580.2208926,782.9086763627498,100.45280497693169,100.45280497693169,682.4558713858181,413485479.7680876
KARTUSKI,1933,fixed14,447151672.02679,447151085.96957326,630.2409051880222,44.183688400194455,44.183688400194455,586.0572167878278,447151041.78588486
KATOWICE,1933,fixed14,541093446.5283122,541023228.5384682,71229.56455807626,1011.5747141138818,1011.5747141138818,70217.98984396238,541022216.9637542
KAŁUSKI,1933,fixed14,404874039.8171538,404873449.1524881,621.1440143178431,30.47934862487322,30.47934862487322,590.66466569297,404873418.6731395
KIELECKI,1933,fixed14,475888319.5356218,475887231.46236324,1221.9911947282042,133.91793613760714,133.91793613760714,1088.073258590597,475887097.5444271
KOBRYŃSKI,1933,fixed14,409904558.39461803,409904332.0262669,282.6212563293806,56.25290516803346,56.25290516803346,226.36835116134716,409904275.7733617
KOLBUSZOWSKI,1933,fixed14,422726644.4615775,422725874.4521165,800.0524093561415,30.042948363104085,30.042948363104085,770.0094609930375,422725844.4091681
KOLSKI,1933,fixed14,527699429.5452397,527698142.3269879,1521.0032280608755,233.78497631872287,233.78497631872287,1287.2182517421527,527697908.5420116
KONECKI,1933,fixed14,478087909.4487547,478087074.9758496,1005.4916711222716,171.01876606733276,171.01876606733276,834.4729050549388,478086903.9570836
KONIŃSKI,1933,fixed14,527035620.46856135,527034872.88507175,859.4520652362941,111.8685756422511,111.8685756422511,747.5834895940429,527034761.0164961
KOPYCZYNIECKI,1933,fixed14,400947471.570038,400946568.4440325,962.4194345828796,59.29342904718995,59.29342904718995,903.1260055356896,400946509.1506034
KOSOWSKI (KOSÓW HUCULSKI),1933,fixed14,387616800.387626,387616524.6702273,290.23884530519905,14.521446578053993,14.521446578053993,275.71739872714505,387616510.1487807
KOSTOPOLSKI,1933,fixed14,375511850.6609183,375511565.3559613,311.3387763345313,26.03381936828677,26.03381936828677,285.3049569662445,375511539.32214195
KOSZYRSKI,1933,fixed14,374893580.9921213,374893416.00367904,183.8589984038478,18.870556183151336,18.870556183151336,164.98844222069647,374893397.13312286
KOWELSKI,1933,fixed14,405820413.6149326,405820227.8109532,231.35434582788383,45.550366422581035,45.550366422581035,185.80397940530278,405820182.2605868
KOZIENICKI,1933,fixed14,448313870.0865016,448313314.9834599,684.6034998880335,129.50045820854731,129.50045820854731,555.1030416794862,448313185.4830017
KOŁOMYJSKI,1933,fixed14,425334526.7935758,425333763.42673725,823.388550810322,60.02171222070577,60.02171222070577,763.3668385896162,425333703.405025
KOŚCIAŃSKI,1933,fixed14,588534792.8936343,588533381.5755808,1719.697931140377,308.3798776878926,308.3798776878926,1411.3180534524845,588533073.1957031
KOŚCIERSKI,1933,fixed14,460280745.89344627,460280107.23025537,691.0600895481496,52.396898607498365,52.396898607498365,638.6631909406512,460280054.83335674
KRAKOWSKI,1933,fixed14,496001027.7516598,495998933.1619986,3005.620770300403,911.0311091124848,911.0311091124848,2094.589661187918,495998022.13088953
KRAKÓW (MIASTO),1933,fixed14,496300467.1801274,495899021.1945823,401806.9032891314,360.9177440312036,360.9177440312036,401445.98554510024,495898660.27683824
KRASNOSTAWSKI,1933,fixed14,421328673.7695058,421327847.05014426,894.5725657647655,67.85320427751915,67.85320427751915,826.7193614872464,421327779.19694
KROTOSZYŃSKI,1933,fixed14,546804839.1309532,546803407.0674963,1572.9471689789502,140.88371202285956,140.88371202285956,1432.0634569560907,546803266.1837842
KROŚNIEŃSKI,1933,fixed14,445022686.08496994,445020875.225424,1892.044803846742,81.18525788752628,81.18525788752628,1810.859545959216,445020794.0401661
KRZEMIENIECKI,1933,fixed14,376134750.3636258,376134263.421003,507.70826490744815,20.765642069666708,20.765642069666708,486.94262283778147,376134242.65536094
KUTNOWSKI,1933,fixed14,513638196.67880285,513635696.91897494,2915.492223356316,415.73239547218174,415.73239547218174,2499.759827884134,513635281.18657947
KĘPIŃSKI,1933,fixed14,536474000.6808922,536472948.37820286,1131.6728658230404,79.3701764358332,79.3701764358332,1052.3026893872072,536472869.0080264
LESKI,1933,fixed14,412285148.60317713,412284689.2582586,488.7208979478367,29.375979440749617,29.375979440749617,459.3449185070871,412284659.88227916
LESZCZYŃSKI,1933,fixed14,590286602.9724708,590284759.4176486,2058.2264374869437,214.67161523247356,214.67161523247356,1843.55482225447,590284544.7460333
LIDZKI,1933,fixed14,380883415.4730767,380883158.49627453,294.5191992227166,37.542397070505004,37.542397070505004,256.97680215221163,380883120.95387745
LIMANOWSKI,1933,fixed14,457979240.3812552,457978544.6890182,768.9586236085528,73.26638654042301,73.26638654042301,695.6922370681298,457978471.4226316
LIPNOWSKI,1933,fixed14,417986282.94572526,417985393.44587547,965.5861285125669,76.08627871585739,76.08627871585739,889.4998497967096,417985317.3595967
LUBACZOWSKI,1933,fixed14,408834198.24272525,408833526.1778383,718.5317122006315,46.46682527446211,46.46682527446211,672.0648869261694,408833479.7110131
LUBARTOWSKI,1933,fixed14,436976167.66196346,436975458.18138504,867.455340493155,157.97476207734482,157.97476207734482,709.4805784158101,436975300.20662296
LUBAWSKI,1933,fixed14,466133511.2485954,466132413.9472133,1158.562928029112,61.26154588767026,61.26154588767026,1097.3013821414418,466132352.6856674
LUBELSKI,1933,fixed14,442800345.1793204,442798558.4849276,1913.9617037260916,127.26731093489272,127.26731093489272,1786.6943927911989,442798431.2176167
LUBLINIECKI,1933,fixed14,534118945.2798995,534117451.2883207,1672.091583794379,178.10000501832133,178.10000501832133,1493.9915787760576,534117273.1883157
LUBOMELSKI,1933,fixed14,407513531.509054,407513287.09131306,289.60215088426935,45.184409900072666,45.184409900072666,244.41774098419666,407513241.90690315
LWOWSKI,1933,fixed14,426151275.0278896,426150271.94368064,1777.0800842092015,773.9958752489811,773.9958752489811,1003.0842089602204,426149497.9478054
LWÓW (MIASTO),1933,fixed14,434821110.52137613,434623427.3351716,198010.84998837695,327.66378384070214,327.66378384070214,197683.18620453626,434623099.67138773
M. ST. WARSZAWA,1933,fixed14,481049641.01108533,480388830.45895815,665361.2523388651,4550.700211729918,4550.700211729918,660810.5521271351,480384279.75874645
MAKOWSKI (MAKÓW MAZOWIECKI),1933,fixed14,432800158.2359888,432799409.4466643,812.0800920904584,63.29076755060835,63.29076755060835,748.78932453985,432799346.1558967
MIECHOWSKI,1933,fixed14,479125636.7904737,479124709.2028968,1022.4328347244143,94.84525779099107,94.84525779099107,927.5875769334233,479124614.35763896
MIELECKI,1933,fixed14,456095384.32254696,456094762.8398799,724.5300436479964,103.04737659126263,103.04737659126263,621.4826670567338,456094659.7925033
MIĘDZYCHODZKI,1933,fixed14,576903960.6988187,576902910.7334741,1120.941686517071,70.97634193713472,70.97634193713472,1049.9653445799363,576902839.7571322
MIŃSKI,1933,fixed14,457960285.8306289,457958897.7989436,1980.3157615593514,592.2840762530404,592.2840762530404,1388.031685306311,457958305.5148673
MOGILEŃSKI,1933,fixed14,528763672.25378823,528762499.8320845,1315.0351643753277,142.6134606153913,142.6134606153913,1172.4217037599365,528762357.2186239
MORSKI,1933,fixed14,437642028.88787436,437640410.0600804,1646.7457160611516,27.917922075958035,27.917922075958035,1618.8277939851935,437640382.1421583
MOŁODECZAŃSKI,1933,fixed14,356701859.4462139,356701439.908269,438.2022259852159,18.66428106288396,18.66428106288396,419.5379449223319,356701421.2439879
MOŚCISKI,1933,fixed14,420680912.5369107,420679958.603328,1006.5862197226063,52.65263697800303,52.65263697800303,953.9335827446033,420679905.950691
MYŚLENICKI,1933,fixed14,454752587.7986616,454751702.26627284,942.7050661334889,57.17267737761947,57.17267737761947,885.5323887558694,454751645.09359545
MŁAWSKI,1933,fixed14,453371846.94861215,453370971.2089717,977.9806869441308,102.241046507358,102.241046507358,875.7396404367728,453370868.9679252
NADWÓRNIAŃSKI,1933,fixed14,413161084.61143935,413160608.76456344,515.193143176991,39.346267294197744,39.346267294197744,475.84687588279326,413160569.41829616
NIESZAWSKI,1933,fixed14,515222895.80611086,515221640.99959,1440.3904521893298,185.58393132683432,185.58393132683432,1254.8065208624955,515221455.41565865
NIEŚWIESKI,1933,fixed14,356438510.87868017,356437937.4124503,588.2012196882414,14.734989819507133,14.734989819507133,573.4662298687342,356437922.6774605
NIŻAŃSKI,1933,fixed14,437124382.6623251,437123678.83559513,749.40852098859,45.58179105377037,45.58179105377037,703.8267299348196,437123633.2538041
NOWOGRÓDZKI,1933,fixed14,375258895.9158503,375258587.72564083,345.63950611470176,37.44929666254781,37.44929666254781,308.19020945215397,375258550.2763442
NOWOSĄDECKI,1933,fixed14,456940085.95175326,456939222.13917327,944.1839894962038,80.37140952648899,80.37140952648899,863.8125799697149,456939141.76776373
NOWOTARSKI,1933,fixed14,470480275.4973614,470479549.43116504,819.0330125202523,92.96681615032735,92.96681615032735,726.066196369925,470479456.4643489
NOWOTOMYSKI,1933,fixed14,605079131.4248595,605078047.7401294,1202.284679642146,118.59994944657514,118.59994944657514,1083.6847301955709,605077929.1401799
OBORNICKI,1933,fixed14,558186632.1416072,558185743.7194078,1151.9382509986106,263.5160516342527,263.5160516342527,888.4221993643579,558185480.2033561
OLKUSKI,1933,fixed14,493493899.75142306,493492645.39989054,1372.012635213983,117.66110269478214,117.66110269478214,1254.3515325192009,493492527.73878783
OPATOWSKI,1933,fixed14,457315129.65543485,457314041.7582375,1167.1930063314242,79.29580898701745,79.29580898701745,1087.8971973444068,457313962.4624285
OPOCZYŃSKI,1933,fixed14,483610868.63823074,483610316.2532737,830.1885635814133,277.8036065731222,277.8036065731222,552.3849570082912,483610038.44966716
OSTROWSKI (OSTRÓW MAZOWIECKA),1933,fixed14,437270077.83829176,437269529.577642,694.7313177785516,146.4706680475766,146.4706680475766,548.2606497309749,437269383.106974
OSTROWSKI (OSTRÓW WIELKOPOLSKI),1933,fixed14,547484336.4566046,547483174.202505,1287.021058777781,124.76695917752329,124.76695917752329,1162.2540996002579,547483049.4355458
OSTROŁĘCKI,1933,fixed14,427471554.4105771,427471198.67597586,456.4735521319655,100.73895083454157,100.73895083454157,355.7346012974239,427471097.937025
OSZMIAŃSKI,1933,fixed14,342269404.9042426,342269106.1436425,310.17175101202395,11.411150922545131,11.411150922545131,298.7606000894788,342269094.73249155
PIOTRKOWSKI,1933,fixed14,483850552.06341785,483849466.7500384,1296.8248993988902,211.51151990884483,211.51151990884483,1085.3133794900455,483849255.2385185
PIŃCZOWSKI,1933,fixed14,467913801.49081004,467912921.043519,959.3552487900745,78.90795781267002,78.90795781267002,880.4472909774045,467912842.1355612
PIŃSKI,1933,fixed14,384504634.8632941,384504422.9493143,241.471965617329,29.557985803307634,29.557985803307634,211.91397981402136,384504393.3913285
PODHAJECKI,1933,fixed14,415347828.00357825,415347222.41954917,679.4822158133926,73.89818673054899,73.89818673054899,605.5840290828436,415347148.5213624
POSTAWSKI,1933,fixed14,344823934.7863021,344823753.4811623,196.6395327008784,15.334392907045292,15.334392907045292,181.3051397938331,344823738.1467694
POZNAŃ (MIASTO),1933,fixed14,591966503.7531512,591738048.0657274,229176.56966942482,720.8822455243851,720.8822455243851,228455.68742390044,591737327.1834818
POZNAŃSKI,1933,fixed14,583967994.2281957,583966986.026657,3497.62959327551,2489.428054545069,2489.428054545069,1008.2015387304411,583964496.5986024
PRUŻAŃSKI,1933,fixed14,407240061.21058214,407239755.529663,355.25178349395543,49.57086435885375,49.57086435885375,305.6809191351017,407239705.95879865
PRZASNYCKI,1933,fixed14,414933694.9326562,414933019.87755305,731.1807437409242,56.125640564928,56.125640564928,675.0551031759962,414932963.7519125
PRZEMYSKI,1933,fixed14,441565885.4011979,441564124.8476355,1876.4265184551416,115.87295605713497,115.87295605713497,1760.5535623980065,441564008.97467947
PRZEMYŚLAŃSKI,1933,fixed14,418169488.71199185,418168637.1194305,946.1224091528122,94.52984778888099,94.52984778888099,851.5925613639313,418168542.5895827
PRZEWORSKI,1933,fixed14,444788835.64229757,444786577.51016235,2364.7251770967828,106.59304192433974,106.59304192433974,2258.132135172443,444786470.91712046
PSZCZYŃSKI,1933,fixed14,522493559.6438259,522491011.05092454,2911.266477374397,362.6735760184351,362.6735760184351,2548.5929013559617,522490648.37734854
PUŁAWSKI,1933,fixed14,436383637.7443744,436382797.1920414,935.1474684867201,94.59513549994699,94.59513549994699,840.5523329867731,436382702.5969059
PUŁTUSKI,1933,fixed14,437966843.5078048,437965901.68052983,1086.2780444318792,144.45076942513492,144.45076942513492,941.8272750067442,437965757.2297604
PŁOCKI,1933,fixed14,474152968.4666762,474151324.48494464,1749.672325558573,105.69059400571439,105.69059400571439,1643.9817315528585,474151218.7943506
PŁOŃSKI,1933,fixed14,444404356.1613147,444403366.3177846,1237.7111557076269,247.8676255870331,247.8676255870331,989.8435301205938,444403118.450159
RADOMSKI,1933,fixed14,460802824.5658459,460801774.14476126,1176.0865426564367,125.66545802924125,125.66545802924125,1050.4210846271953,460801648.47930324
RADOMSZCZAŃSKI,1933,fixed14,490071703.6475356,490070874.8668496,1037.8030825133292,209.02239649023247,209.02239649023247,828.7806860230968,490070665.8444531
RADZIECHOWSKI,1933,fixed14,397159061.22819936,397158480.5487375,616.5211354256852,35.84167363819056,35.84167363819056,580.6794617874947,397158444.7070639
RADZYMIŃSKI,1933,fixed14,467000335.2796475,466998993.0707662,3195.606040793703,1853.3971594404904,1853.3971594404904,1342.2088813532127,466997139.67360675
RADZYŃSKI,1933,fixed14,436036409.7792842,436035702.2562552,809.617220718181,102.09419171425344,102.09419171425344,707.5230290039276,436035600.1620635
RAWICKI,1933,fixed14,569747711.3584206,569745378.7864592,2514.072495084925,181.5005336752747,181.5005336752747,2332.57196140965,569745197.2859255
RAWSKI (RAWA MAZOWIECKA),1933,fixed14,473234046.1124937,473233109.7498277,1155.755055964268,219.39238997487263,219.39238997487263,936.3626659893954,473232890.35743773
RAWSKI (RAWA RUSKA),1933,fixed14,421109433.24790084,421108843.87791973,681.4510229756117,92.08104188717563,92.08104188717563,589.3699810884361,421108751.79687786
ROHATYŃSKI,1933,fixed14,411696909.20155114,411696143.9319229,817.4878531603708,52.21822495412695,52.21822495412695,765.2696282062439,411696091.71369797
ROPCZYCKI,1933,fixed14,459333007.2731328,459332205.16584176,910.5447525568401,108.43746151800006,108.43746151800006,802.10729103884,459332096.72838026
RUDECKI,1933,fixed14,415379846.1500419,415378733.2362123,1172.5874474501034,59.67361791426002,59.67361791426002,1112.9138295358434,415378673.5625944
RYBNICKI,1933,fixed14,510559454.3193691,510554952.0842251,4731.029934777811,228.79479079078718,228.79479079078718,4502.235143987024,510554723.2894343
RYPIŃSKI,1933,fixed14,417594120.01671535,417593081.9511345,1120.5232032673339,82.45762242717883,82.45762242717883,1038.065580840155,417592999.4935121
RZESZOWSKI,1933,fixed14,448060097.4427468,448058917.23876417,1264.892664259084,84.68868158962718,84.68868158962718,1180.203982669457,448058832.55008256
RÓWIEŃSKI,1933,fixed14,380967573.93730664,380966962.0297388,639.9328648092045,28.02529691739168,28.02529691739168,611.9075678918128,380966934.00444186
SAMBORSKI,1933,fixed14,435724721.3364938,435723780.4496614,1123.8929875884887,183.00615521442802,183.00615521442802,940.8868323740608,435723597.4435062
SANDOMIERSKI,1933,fixed14,438770888.27257633,438770006.8115212,922.6704244114792,41.20936925557869,41.20936925557869,881.4610551559005,438769965.60215193
SANOCKI,1933,fixed14,424969028.30577296,424968084.90177375,987.3789221662639,43.974922976342604,43.974922976342604,943.4039991899214,424968040.9268508
SARNEŃSKI,1933,fixed14,382916262.0508488,382916102.3974143,191.4437161288795,31.790281658470732,31.790281658470732,159.65343447040874,382916070.6071327
SIEDLECKI,1933,fixed14,443570312.0587792,443569584.99107355,890.1358243651781,163.06811877648667,163.06811877648667,727.0677055886914,443569421.9229548
SIERADZKI,1933,fixed14,533153416.58100873,533152238.0999262,1488.686826151962,310.20574359001876,310.20574359001876,1178.4810825619431,533151927.89418256
SIERPECKI,1933,fixed14,416164320.48995346,416163252.8879843,1136.6649450176858,69.06297584662894,69.06297584662894,1067.601969171057,416163183.82500845
SKAŁACKI,1933,fixed14,393753357.23343134,393752407.27544403,987.6115866947006,37.6535993970595,37.6535993970595,949.9579872976411,393752369.62184465
SKIERNIEWICKI,1933,fixed14,489706019.1977706,489704521.1005271,2000.1451436036414,502.04790014754724,502.04790014754724,1498.0972434560942,489704019.05262697
SOCHACZEWSKI,1933,fixed14,480376405.7317675,480374824.67018986,1936.017562716239,354.95598504869923,354.95598504869923,1581.0615776675397,480374469.7142048
SOKALSKI,1933,fixed14,413456070.3491719,413455252.4463193,889.1302078052873,71.22735517973116,71.22735517973116,817.9028526255562,413455181.2189641
SOKOŁOWSKI,1933,fixed14,438545091.8121978,438544338.42235696,887.5398467329973,134.1500059016323,134.1500059016323,753.389840831365,438544204.2723511
SOKÓLSKI,1933,fixed14,412963250.67807126,412962897.50679755,421.2689878227573,68.09771409923836,68.09771409923836,353.17127372351894,412962829.4090834
STANISŁAWOWSKI,1933,fixed14,423909611.5149256,423908528.9615745,1162.8278373098005,80.27448620661511,80.27448620661511,1082.5533511031854,423908448.6870883
STAROGARDZKI,1933,fixed14,465212910.51310843,465211865.1421373,1101.2314524908904,55.860481307107555,55.860481307107555,1045.3709711837828,465211809.28165597
STOLIŃSKI,1933,fixed14,367113931.73363364,367113803.2024022,149.3343718106444,20.803140362749406,20.803140362749406,128.53123144789498,367113782.39926183
STOPNICKI,1933,fixed14,431983177.6904048,431982571.8034049,641.1033393223951,35.21633949736819,35.21633949736819,605.8869998250269,431982536.58706546
STOŁPECKI,1933,fixed14,360413384.8833395,360413044.4679858,358.02591794926514,17.61056421055667,17.61056421055667,340.41535373870846,360413026.8574216
STRYJSKI,1933,fixed14,409685089.99433655,409684604.6849253,529.0314104947026,43.721999280724184,43.721999280724184,485.3094112139784,409684560.96292603
SUWALSKI,1933,fixed14,381461781.6459853,381461331.5135729,477.00367318136256,26.871260759976042,26.871260759976042,450.1324124213865,381461304.6423121
SZAMOTULSKI,1933,fixed14,568369415.9557558,568368331.8080833,1243.709735083044,159.5620625297602,159.5620625297602,1084.1476725532839,568368172.2460208
SZCZUCZYŃSKI (WOJ. BIAŁOSTOCKIE),1933,fixed14,407339183.8091094,407338609.26434845,616.5230305478561,41.97826956614301,41.97826956614301,574.5447609817131,407338567.2860789
SZCZUCZYŃSKI (WOJ. NOWOGRÓDZKIE),1933,fixed14,376681253.5825079,376680982.4843689,293.53621744815933,22.438078443048923,22.438078443048923,271.0981390051104,376680960.04629046
SZUBIŃSKI,1933,fixed14,527029723.73488945,527028834.36004305,1115.0958459834678,225.72099959771776,225.72099959771776,889.3748463857501,527028608.63904345
SĘPOLEŃSKI,1933,fixed14,503714674.41542745,503713204.5363708,1593.289486424098,123.41042977178495,123.41042977178495,1469.879056652313,503713081.12594104
SŁONIMSKI,1933,fixed14,389946897.50643253,389946617.94347894,322.1797099190362,42.616756349351526,42.616756349351526,279.5629535696847,389946575.3267226
TARNOBRZESKI,1933,fixed14,457952169.9011609,457951311.4777235,939.9212184635714,81.49778104443845,81.49778104443845,858.423437419133,457951229.97994244
TARNOGÓRSKI,1933,fixed14,549577703.7608863,549568668.8863018,9842.545333068105,807.6707484146742,807.6707484146742,9034.874584653431,549567861.2155533
TARNOPOLSKI,1933,fixed14,407812100.4524951,407811039.4989527,1133.7570338514722,72.8034913917309,72.8034913917309,1060.9535424597414,407810966.6954613
TARNOWSKI,1933,fixed14,468515863.3071233,468514003.85934883,1993.841413741441,134.39363925333436,134.39363925333436,1859.4477744881067,468513869.46570957
TCZEWSKI,1933,fixed14,458459893.4122518,458458002.76084876,1932.5723370278129,41.92093402019652,41.92093402019652,1890.6514030076164,458457960.83991474
TOMASZOWSKI,1933,fixed14,406672243.517689,406671488.30183,812.0328565790134,56.81699757329241,56.81699757329241,755.215859005721,406671431.4848324
TORUŃSKI,1933,fixed14,514517136.86519206,514514920.2504505,2410.2738654404043,193.65912390477698,193.65912390477698,2216.614741535627,514514726.5913266
TREMBOWELSKI,1933,fixed14,405567447.71775705,405566523.27070606,1003.1039617810316,78.65691075560173,78.65691075560173,924.4470510254298,405566444.6137953
TUCHOLSKI,1933,fixed14,488115726.3524399,488115026.5555386,803.8040719132985,104.0071705958841,104.0071705958841,699.7969013174144,488114922.548368
TURCZAŃSKI,1933,fixed14,419168453.0939942,419168060.51732254,460.0990105835922,67.52233892562239,67.52233892562239,392.57667165796977,419167992.9949836
TURECKI,1933,fixed14,485602513.78649133,485601686.4652773,876.8834011798849,49.56218714443457,49.56218714443457,827.3212140354503,485601636.9030902
TŁUMACKI,1933,fixed14,417851448.8215334,417850536.6122531,992.4742906645145,80.26501043319925,80.26501043319925,912.2092802313152,417850456.3472427
WADOWICKI,1933,fixed14,493756301.9411992,493755032.1101732,1515.7414916405803,245.91046564842418,245.91046564842418,1269.8310259921561,493754786.19970757
WARSZAWSKI,1933,fixed14,477282214.56272686,477279137.4318762,28564.60495942907,25487.474108770406,25487.474108770406,3077.1308506586656,477253649.9577674
WIELUŃSKI,1933,fixed14,537122877.8399465,537122153.5196246,808.61272953075,84.29240764132375,84.29240764132375,724.3203218894263,537122069.227217
WILEJSKI,1933,fixed14,341902248.88726753,341902020.107302,239.90998206240698,11.13001656818868,11.13001656818868,228.7799654942183,341902008.97728544
WILEŃSKO-TROCKI,1933,fixed14,372660910.2769163,372660719.3249263,325.86026569389276,134.90827568504776,134.90827568504776,190.95199000884497,372660584.41665065
WILNO (MIASTO),1933,fixed14,381418347.3795361,381351008.46605694,67436.88356815673,97.97008902365536,97.97008902365536,67338.91347913307,381350910.4959679
WOLSZTYŃSKI,1933,fixed14,628603667.1604373,628602517.0777271,1329.6107743854502,179.5280641819204,179.5280641819204,1150.0827102035298,628602337.549663
WOŁKOWYSKI,1933,fixed14,406070960.4493255,406070713.39309645,299.0123599871599,51.95613090635073,51.95613090635073,247.05622908080917,406070661.4369655
WOŁOŻYŃSKI,1933,fixed14,345029336.37085235,345029027.91885686,320.20045250057495,11.748457019087619,11.748457019087619,308.45199548148736,345029016.17039984
WRZESIŃSKI,1933,fixed14,553594030.1665255,553592517.063457,1727.5082221203372,214.40515364830347,214.40515364830347,1513.1030684720338,553592302.6583034
WYRZYSKI,1933,fixed14,515899567.742628,515898291.64623535,1445.436471899074,169.34007922463698,169.34007922463698,1276.0963926744369,515898122.3061561
WYSOKOMAZOWIECKI,1933,fixed14,417131382.0662483,417130828.56999236,619.763102948096,66.26684703584142,66.26684703584142,553.4962559122546,417130762.30314535
WĄBRZESKI,1933,fixed14,493919414.00393945,493918004.0345823,1550.7210807026756,140.7517235731261,140.7517235731261,1409.9693571295495,493917863.2828587
WĄGROWIECKI,1933,fixed14,547790967.8559883,547790048.2169013,1134.265937728226,214.626850736986,214.626850736986,919.6390869912399,547789833.5900506
WĘGROWSKI,1933,fixed14,419803703.06951964,419802911.6384637,856.2583917203873,64.82733578651822,64.82733578651822,791.4310559338691,419802846.8111279
WŁOCŁAWSKI,1933,fixed14,505717440.78263247,505715109.8570953,2508.0636536664015,177.1381165037631,177.1381165037631,2330.925537162638,505714932.7189788
WŁODAWSKI,1933,fixed14,410171318.8565805,410170872.6643887,492.6074410705877,46.41524929958513,46.41524929958513,446.19219177100257,410170826.2491394
WŁODZIMIERSKI,1933,fixed14,412094982.17719126,412094491.6070985,561.9812753833841,71.41118264202157,71.41118264202157,490.5700927413625,412094420.1959159
WŁOSZCZOWSKI,1933,fixed14,457860798.11417437,457860253.39346254,626.1332197994906,81.41250794424886,81.41250794424886,544.7207118552417,457860171.9809546
ZALESZCZYCKI,1933,fixed14,399767503.2899275,399766621.60835725,911.7504918367567,30.06892163801748,30.06892163801748,881.6815701987392,399766591.5394356
ZAMOJSKI,1933,fixed14,429995466.94063795,429994381.22990507,1189.9636280406528,104.25289516880562,104.25289516880562,1085.710732871847,429994276.9770099
ZBARASKI,1933,fixed14,397586973.5657895,397585998.575323,1025.5872646400924,50.59679813304298,50.59679813304298,974.9904665070493,397585947.97852486
ZBOROWSKI,1933,fixed14,390327997.1384761,390327263.9909342,761.4359116256214,28.288369692288338,28.288369692288338,733.1475419333331,390327235.7025645
ZDOŁBUNOWSKI,1933,fixed14,380039405.2050023,380038608.924912,821.8480628093957,25.56797249052122,25.56797249052122,796.2800903188745,380038583.3569395
ZŁOCZOWSKI,1933,fixed14,408524268.4015095,408523573.4533078,770.7938993074818,75.84569759171156,75.84569759171156,694.9482017157702,408523497.6076102
ŁASKI,1933,fixed14,514717302.4747177,514715242.3415449,2333.2120529078716,273.0788801248903,273.0788801248903,2060.133172782981,514714969.2626648
ŁAŃCUCKI,1933,fixed14,440667532.9375803,440666439.3400075,1159.6189347028894,66.02136189800734,66.02136189800734,1093.597572804882,440666373.3186456
ŁOMŻYŃSKI,1933,fixed14,422754391.3388153,422753846.5421135,625.8035741424575,81.00687236412011,81.00687236412011,544.7967017783374,422753765.5352411
ŁOWICKI,1933,fixed14,500326063.1858466,500324843.9098635,1746.9009891020105,527.6250059815234,527.6250059815234,1219.2759831204871,500324316.2848575
ŁUCKI,1933,fixed14,398789300.4420249,398788978.1904657,361.6687793163154,39.417220102875646,39.417220102875646,322.25155921343975,398788938.7732456
ŁUKOWSKI,1933,fixed14,438297645.6884756,438296953.1941227,804.6024392645668,112.1080863382992,112.1080863382992,692.4943529262675,438296841.0860363
ŁUNINIECKI,1933,fixed14,371588491.9879868,371588325.89792216,189.46646616609064,23.376401520509962,23.376401520509962,166.09006464558067,371588302.5215206
ŁÓDZKI,1933,fixed14,512207396.768694,512203564.9177741,5512.631756209396,1680.7808362587764,1680.7808362587764,3831.85091995062,512201884.1369378
ŁÓDŹ (MIASTO),1933,fixed14,510167655.24094373,509334895.2482124,833323.17440301,563.1816716597694,563.1816716597694,832759.9927313502,509334332.0665407
ŁĘCZYCKI,1933,fixed14,517038572.9148858,517037297.24150264,1877.100480434437,601.4270972796348,601.4270972796348,1275.6733831548022,517036695.8144054
ŚNIATYŃSKI,1933,fixed14,419627278.9489173,419625718.31849056,1591.0378243649564,30.407397656119343,30.407397656119343,1560.630426708837,419625687.91109294
ŚREDZKI,1933,fixed14,561183633.3209181,561182390.8152874,1487.0413516988021,244.5357209221194,244.5357209221194,1242.5056307766827,561182146.2795664
ŚREMSKI,1933,fixed14,553349673.3414575,553348522.1528645,1305.640729709884,154.45213666147444,154.45213666147444,1151.1885930484095,553348367.7007278
ŚWIECKI,1933,fixed14,491338620.4285836,491337779.33937824,977.9054504200142,136.81624502897438,136.81624502897438,841.0892053910399,491337642.5231332
ŚWIĘCIAŃSKI,1933,fixed14,361915076.7586314,361914870.5275659,232.23450646143036,26.003440980332094,26.003440980332094,206.23106548109826,361914844.5241249
ŚWIĘTOCHŁOWICKI,1933,fixed14,553943343.8935317,553818690.1568167,127274.0094207493,2620.272705739507,2620.272705739507,124653.73671500979,553816069.8841109
ŻNIŃSKI,1933,fixed14,532179996.2209451,532178747.0203304,1442.0323953419609,192.83178065870825,192.83178065870825,1249.2006146832525,532178554.18854976
ŻYDACZOWSKI,1933,fixed14,413188083.5064774,413187361.8711662,781.9840230734076,60.34871189087049,60.34871189087049,721.6353111825371,413187301.5224543
ŻYWIECKI,1933,fixed14,491859500.0202841,491857981.91887105,1676.1414090377993,158.0399959515284,158.0399959515284,1518.101413086271,491857823.8788751
ŻÓŁKIEWSKI,1933,fixed14,419028468.34625494,419027556.40084314,1062.2108891230887,150.2654772883293,150.2654772883293,911.9454118347593,419027406.13536584
AUGUSTOWSKI,1934,fixed14,638321142.4501379,638320757.2594982,420.3185610357117,35.12792147943053,35.12792147943053,385.19063955628116,638320722.1315768
BARANOWICKI,1934,fixed14,705808406.4626459,705808086.3585835,370.2907627469476,50.18670038695006,50.18670038695006,320.10406235999756,705808036.1718831
BIALSKI (BIAŁA KRAKOWSKA),1934,fixed14,744175820.6474992,744170790.4976473,5245.909085946525,215.75923405641095,215.75923405641095,5030.149851890114,744170574.7384132
BIALSKI (BIAŁA PODLASKA),1934,fixed14,725819676.9325833,725818921.805387,860.9505645003004,105.82336815162039,105.82336815162039,755.1271963486801,725818815.9820188
BIAŁOSTOCKI,1934,fixed14,708040178.1188018,708039233.5570589,1036.4429812252856,91.88123835201642,91.88123835201642,944.5617428732693,708039141.6758206
BIELSKI (BIELSK PODLASKI),1934,fixed14,704428469.421255,704428167.736086,378.21476189060604,76.52959285533059,76.52959285533059,301.68516903527546,704428091.2064931
BIELSKO,1934,fixed14,745871861.0865102,745859480.5954248,12635.984543077799,255.493457658887,255.493457658887,12380.491085418911,745859225.1019671
BIŁGORAJSKI,1934,fixed14,702145408.2172906,702144821.1073048,659.954845670915,72.84485986176628,72.84485986176628,587.1099858091487,702144748.262445
BOCHEŃSKI,1934,fixed14,746255927.2627492,746254851.2094378,1368.9783159881829,292.9250046366899,292.9250046366899,1076.053311351493,746254558.2844332
BORSZCZOWSKI,1934,fixed14,651603119.7500943,651602271.6746478,866.1847759693657,18.109329489464855,18.109329489464855,848.0754464799008,651602253.5653183
BRASŁAWSKI,1934,fixed14,579842956.7072338,579842732.8536923,237.58185538288907,13.728313888097347,13.728313888097347,223.85354149479173,579842719.1253784
BRODNICKI,1934,fixed14,727543560.7121055,727542228.5333656,1466.349383860263,134.1706438940844,134.1706438940844,1332.1787399661787,727542094.3627217
BRODZKI,1934,fixed14,748160677.6828163,748159882.2514222,867.2747552599478,71.84336109726092,71.84336109726092,795.431394162687,748159810.408061
BRZESKI (BRZESKO),1934,fixed14,700693430.84876,700692534.3435788,962.5635752783015,66.05839404692321,66.05839404692321,896.5051812313783,700692468.2851847
BRZESKI (BRZEŚĆ N.BUG.),1934,fixed14,737907277.7921654,737906922.9097879,459.9935188949131,105.11114142148013,105.11114142148013,354.882377473433,737906817.7986465
BRZEZIŃSKI,1934,fixed14,749111131.6143067,749108348.0444783,3479.9004214314946,696.3305929852227,696.3305929852227,2783.569828446272,749107651.7138853
BRZEŻAŃSKI,1934,fixed14,696438753.3523874,696437843.4168967,982.7555971204015,72.82010634316549,72.82010634316549,909.935490777236,696437770.5967903
BRZOZOWSKI,1934,fixed14,693731028.2702146,693729212.4750785,1865.212990423184,49.41785433383732,49.41785433383732,1815.7951360893467,693729163.0572242
BUCZACKI,1934,fixed14,691726028.6622185,691725088.7661446,1004.1349941687931,64.23892036734313,64.23892036734313,939.89607380145,691725024.5272243
BYDGOSKI,1934,fixed14,753132709.8917102,753130320.9086268,2608.5242185326874,219.54113515014217,219.54113515014217,2388.9830833825454,753130101.3674916
BÓBRECKI,1934,fixed14,694309469.3873315,694308292.2678539,1236.6583495413402,59.53887184267588,59.53887184267588,1177.1194776986642,694308232.728982
BĘDZIŃSKI,1934,fixed14,777099941.4173516,777093013.603292,7219.482361772266,291.6683022229906,291.6683022229906,6927.814059549275,777092721.9349898
BŁOŃSKI,1934,fixed14,746304355.1481694,746300935.1022851,5078.520418807829,1658.4745345534986,1658.4745345534986,3420.0458842543303,746299276.6277506
CHEŁMIŃSKI,1934,fixed14,725301888.9551293,725300094.4443511,1943.432485965947,148.92170775641404,148.92170775641404,1794.510778209533,725299945.5226433
CHEŁMSKI,1934,fixed14,739214775.0455679,739213994.1422312,890.7958799986825,109.89254327586191,109.89254327586191,780.9033367228205,739213884.2496879
CHODZIESKI,1934,fixed14,758759694.1406391,758758299.4444808,1544.1153122501055,149.4191538805923,149.4191538805923,1394.6961583695131,758758150.0253268
CHOJNICKI,1934,fixed14,692732749.446184,692732180.4947547,630.1119483890661,61.16051905065028,61.16051905065028,568.9514293384159,692732119.3342357
CHORZÓW,1934,fixed14,806461817.3197445,806129302.5927978,338884.4022690183,6369.675322319099,6369.675322319099,332514.7269466992,806122932.9174755
CHRZANOWSKI,1934,fixed14,772290018.8491637,772284754.4922113,5700.852214914347,436.49526261192756,436.49526261192756,5264.35695230242,772284317.9969487
CIECHANOWSKI,1934,fixed14,713907190.5645012,713905960.8415543,1501.0531464767073,271.33019959617343,271.33019959617343,1229.7229468805338,713905689.5113547
CIESZYŃSKI,1934,fixed14,740233688.8380861,740229542.6709865,4395.550322249148,249.38322271526297,249.38322271526297,4146.1670995338845,740229293.2877638
CZARNKOWSKI,1934,fixed14,753059669.4828563,753058452.7942134,1312.71676489962,96.02812204840126,96.02812204840126,1216.688642851219,753058356.7660913
CZORTKOWSKI,1934,fixed14,701472821.2402464,701471214.823067,1686.7834024459405,80.36622303626996,80.36622303626996,1606.4171794096706,701471134.456844
CZĘSTOCHOWSKI,1934,fixed14,733704780.2497233,733702271.7157059,2666.6610599394426,158.12704247797248,158.12704247797248,2508.5340174614703,733702113.5886633
DOBROMILSKI,1934,fixed14,700229462.4959533,700228634.2544554,893.936512002062,65.69501416584755,65.69501416584755,828.2414978362145,700228568.5594413
DOLIŃSKI,1934,fixed14,697719623.0366014,697719126.9134799,558.0175007035947,61.894379249924285,61.894379249924285,496.1231214536704,697719065.0191007
DROHICKI,1934,fixed14,673679753.6624185,673679395.5481129,394.3817058389163,36.267400232342375,36.267400232342375,358.1143056065739,673679359.2807126
DROHOBYCKI,1934,fixed14,716069752.6709853,716067610.5629526,2245.0633191403367,102.95528632832553,102.95528632832553,2142.108032812011,716067507.6076663
DUBIEŃSKI,1934,fixed14,739164359.2459694,739163865.4175278,528.6995354668132,34.871093908857596,34.871093908857596,493.82844155795567,739163830.5464339
DZIAŁDOWSKI,1934,fixed14,694664005.5211679,694663138.8608767,924.0800684684181,57.41977723475827,57.41977723475827,866.6602912336598,694663081.4410994
DZIŚNIEŃSKI,1934,fixed14,579906353.7049998,579906059.9824203,307.5465415872488,13.823962082306645,13.823962082306645,293.72257950494213,579906046.1584582
DĄBROWSKI,1934,fixed14,719192156.3485768,719191445.6042026,832.1046822330477,121.36030802468473,121.36030802468473,710.744374208363,719191324.2438946
GARWOLIŃSKI,1934,fixed14,711883438.1387236,711882659.4090332,975.8806252358161,197.15093482593718,197.15093482593718,778.7296904098789,711882462.2580984
GNIEŹNIEŃSKI,1934,fixed14,797788085.6539142,797786502.7045716,1895.8841784037618,312.9348357322468,312.9348357322468,1582.9493426715148,797786189.7697358
GORLICKI,1934,fixed14,715823064.892689,715822056.3575078,1115.051100541501,106.51591930252968,106.51591930252968,1008.5351812389714,715821949.8415885
GOSTYNIŃSKI,1934,fixed14,731570562.4651921,731569376.3181151,1362.5734322405924,176.42635524201125,176.42635524201125,1186.147076998581,731569199.8917599
GOSTYŃSKI,1934,fixed14,803145086.8200815,803143077.1255862,2254.746016618324,245.05152128100906,245.05152128100906,2009.694495337315,803142832.0740649
GRODZIEŃSKI,1934,fixed14,658731769.678733,658731394.3485432,417.45854709312283,42.128357346603806,42.128357346603806,375.330189746519,658731352.2201859
GRUDZIĄDZKI,1934,fixed14,726135248.2710593,726132170.4947125,3248.120506729718,170.3441599408345,170.3441599408345,3077.7763467888835,726132000.1505525
GRÓDECKI,1934,fixed14,723509086.0257434,723508168.293921,1173.745344042413,256.0135216870366,256.0135216870366,917.7318223553765,723507912.2803993
GRÓJECKI,1934,fixed14,729646573.2345217,729645408.2484496,1905.579509038003,740.5934368874381,740.5934368874381,1164.986072150565,729644667.6550127
HOROCHOWSKI,1934,fixed14,705607603.7868496,705606913.5090483,722.5244815440203,32.24668030815413,32.24668030815413,690.2778012358661,705606881.2623681
HORODEŃSKI,1934,fixed14,672816849.6735975,672815632.8503106,1247.3798827735218,30.55659597663387,30.55659597663387,1216.823286796888,672815602.2937146
HRUBIESZOWSKI,1934,fixed14,720638473.2287357,720637457.8247712,1112.31883568661,96.91487122296124,96.91487122296124,1015.4039644636489,720637360.9099
INOWROCŁAWSKI,1934,fixed14,758710960.7611293,758709146.2347355,1979.6690174219839,165.14262370378134,165.14262370378134,1814.5263937182026,758708981.0921118
IWACEWICKI,1934,fixed14,682591494.2096552,682591279.821602,253.70426519219546,39.316212030315214,39.316212030315214,214.38805316188026,682591240.5053899
IŁŻECKI,1934,fixed14,703045879.3122896,703044931.9364781,1025.7888621762418,78.41305082415562,78.41305082415562,947.3758113520861,703044853.5234274
JANOWSKI,1934,fixed14,711156425.1069977,711155672.2303313,845.3888614374134,92.51219495137786,92.51219495137786,752.8766664860356,711155579.7181363
JAROCIŃSKI,1934,fixed14,790428645.5543501,790427192.4986014,1677.283848127308,224.2280994927667,224.2280994927667,1453.0557486345413,790426968.270502
JAROSŁAWSKI,1934,fixed14,726751479.0354458,726750614.632567,980.5106707694156,116.10779204303473,116.10779204303473,864.4028787263809,726750498.524775
JASIELSKI,1934,fixed14,715811256.4607683,715810366.376576,1008.1404777049643,118.0562853141784,118.0562853141784,890.0841923907859,715810248.3202907
JAWOROWSKI,1934,fixed14,709209449.0896486,709208659.6701505,910.5600210917527,121.14052299086119,121.14052299086119,789.4194981008915,709208538.5296276
JĘDRZEJOWSKI,1934,fixed14,740160921.4052079,740160069.7387532,1046.4785445567868,194.81208995605766,194.81208995605766,851.6664546007291,740159874.9266633
KALISKI,1934,fixed14,759124420.8003039,759122618.318048,1913.0672295057648,110.5849735640526,110.5849735640526,1802.482255941712,759122507.7330744
KAMIONECKI,1934,fixed14,717211966.6937217,717211227.8222001,849.8207367232715,110.94921513233788,110.94921513233788,738.8715215909336,717211116.8729849
KARTUSKI,1934,fixed14,664272563.2829139,664271877.9962034,736.9750113737373,51.68830085488994,51.68830085488994,685.2867105188474,664271826.3079026
KATOWICE,1934,fixed14,791906795.0020128,791832596.9873458,75315.40256614347,1117.3878991733507,1117.3878991733507,74198.01466697012,791831479.5994467
KAŁUSKI,1934,fixed14,671480501.7425966,671479848.871189,686.801726142508,33.930318458423834,33.930318458423834,652.8714076840841,671479814.9408705
KIELECKI,1934,fixed14,735847635.6428028,735846506.8042551,1297.4808272440052,168.64227951276845,168.64227951276845,1128.8385477312368,735846338.1619756
KOBRYŃSKI,1934,fixed14,701579422.0920994,701579151.5275917,334.351596405409,63.78708864035118,63.78708864035118,270.56450776505784,701579087.7405031
KOLBUSZOWSKI,1934,fixed14,671862567.6996487,671861698.9926493,902.399581490034,33.69258204274894,33.69258204274894,868.706999447285,671861665.3000673
KOLSKI,1934,fixed14,775065948.4758979,775064512.5168867,1692.3046173508935,256.3456062321223,256.3456062321223,1435.9590111187713,775064256.1712805
KONECKI,1934,fixed14,738493591.9471453,738492600.3593441,1191.510097329994,199.9222961339306,199.9222961339306,991.5878011960634,738492400.437048
KONIŃSKI,1934,fixed14,767967348.7825358,767966499.2216351,973.7572475271322,124.19634688709863,124.19634688709863,849.5609006400337,767966375.0252882
KOPYCZYNIECKI,1934,fixed14,696796134.2390112,696795128.0941337,1072.6869312159747,66.54205376612616,66.54205376612616,1006.1448774498487,696795061.5520799
KOSOWSKI (KOSÓW HUCULSKI),1934,fixed14,634620643.355614,634620328.7071314,331.0503426660883,16.401860086234457,16.401860086234457,314.6484825798538,634620312.3052713
KOSTOPOLSKI,1934,fixed14,722669109.9154624,722668769.9172959,369.91005328251896,29.911886851754154,29.911886851754154,339.9981664307648,722668740.0054091
KOSZYRSKI,1934,fixed14,655816963.8001992,655816762.9149635,222.25609339611543,21.37085771709457,21.37085771709457,200.88523567902087,655816741.5441058
KOWELSKI,1934,fixed14,724367709.2445576,724367499.6110322,261.4631802217808,51.82965483807522,51.82965483807522,209.63352538370557,724367447.7813774
KOZIENICKI,1934,fixed14,722378788.1404704,722378120.5721059,811.58228844112,144.01392391290256,144.01392391290256,667.5683645282174,722377976.558182
KOŁOMYJSKI,1934,fixed14,698977313.417996,698976452.9720218,928.5994882505848,68.15351397375423,68.15351397375423,860.4459742768306,698976384.8185078
KOŚCIAŃSKI,1934,fixed14,823309104.2679942,823307535.7395505,1920.784367023219,352.25592329160713,352.25592329160713,1568.5284437316118,823307183.4836272
KOŚCIERSKI,1934,fixed14,681480402.490758,681479647.0504746,816.6859090360233,61.24562571934911,61.24562571934911,755.4402833166741,681479585.8048489
KRAKOWSKI,1934,fixed14,753739041.6857431,753736925.6290858,3121.2792687528995,1005.222611412088,1005.222611412088,2116.0566573408114,753735920.4064744
KRAKÓW (MIASTO),1934,fixed14,754028802.7617393,753588231.8252962,440955.7887119592,384.8522688483439,384.8522688483439,440570.93644311087,753587846.9730273
KRASNOSTAWSKI,1934,fixed14,710920504.9892538,710919634.5315267,946.7035320229272,76.24580491809469,76.24580491809469,870.4577271048325,710919558.2857218
KROTOSZYŃSKI,1934,fixed14,780606008.5858563,780604381.872769,1790.687005357096,163.97391807939732,163.97391807939732,1626.7130872776988,780604217.8988509
KROŚNIEŃSKI,1934,fixed14,713930740.6184556,713928719.5954167,2109.037967216306,88.01492821464612,88.01492821464612,2021.0230390016595,713928631.5804884
KRZEMIENIECKI,1934,fixed14,705323045.1862625,705322495.1980901,573.8655841960584,23.877411812547898,23.877411812547898,549.9881723835106,705322471.3206782
KUTNOWSKI,1934,fixed14,765991724.2514671,765988954.1429957,3217.9363811239823,447.8279097012763,447.8279097012763,2770.108471422706,765988506.315086
KĘPIŃSKI,1934,fixed14,770971521.3873093,770970354.8307055,1259.6609633008081,93.10435949907009,93.10435949907009,1166.556603801738,770970261.726346
LESKI,1934,fixed14,671110021.6884309,671109497.892075,556.1122598005423,32.31590379563622,32.31590379563622,523.7963560049061,671109465.5761712
LESZCZYŃSKI,1934,fixed14,823795767.3340414,823793794.739881,2219.813643420487,247.21948314403858,247.21948314403858,1972.5941602764483,823793547.5203979
LIDZKI,1934,fixed14,663905771.7486563,663905469.5003204,344.9280073874176,42.67967147256745,42.67967147256745,302.24833591485014,663905426.8206489
LIMANOWSKI,1934,fixed14,709941529.5151944,709940802.8240309,806.4050240700412,79.71386052668394,79.71386052668394,726.6911635433573,709940723.1101704
LIPNOWSKI,1934,fixed14,656148042.9161195,656147018.5287706,1114.920130922535,90.53278208073706,90.53278208073706,1024.387348841798,656146927.9959885
LUBACZOWSKI,1934,fixed14,694384657.2007122,694383960.7452892,748.5297200594518,52.07429710858792,52.07429710858792,696.455422950864,694383908.6709921
LUBARTOWSKI,1934,fixed14,723736154.0090463,723735369.5965997,956.1352286371103,171.72278200295,171.72278200295,784.4124466341603,723735197.8738177
LUBAWSKI,1934,fixed14,706429255.7985839,706427914.9315315,1413.0617278273005,72.19467561612827,72.19467561612827,1340.8670522111722,706427842.736856
LUBELSKI,1934,fixed14,733268023.1105576,733266154.5898825,2010.4191643621027,141.89848930662507,141.89848930662507,1868.5206750554776,733266012.6913931
LUBLINIECKI,1934,fixed14,778402356.9555414,778400590.0755336,1974.1567971873405,207.27678946458525,207.27678946458525,1766.8800077227552,778400382.7987442
LUBOMELSKI,1934,fixed14,709755529.4965116,709755253.9502813,326.7019130703687,51.15568279587129,51.15568279587129,275.54623027449736,709755202.7945985
LWOWSKI,1934,fixed14,733777575.8086039,733776508.9620551,1907.657669199833,840.8111204087512,840.8111204087512,1066.8465487910817,733775668.1509347
LWÓW (MIASTO),1934,fixed14,751069095.3177954,750854865.8340985,214584.82645829854,355.34276140648194,355.34276140648194,214229.48369689207,750854510.4913371
M. ST. WARSZAWA,1934,fixed14,751655162.5524207,750954498.8447926,705748.7538326264,5085.046204455065,5085.046204455065,700663.7076281713,750949413.7985882
MAKOWSKI (MAKÓW MAZOWIECKI),1934,fixed14,671064922.8501561,671064080.2448388,913.3912310638083,70.78591380902506,70.78591380902506,842.6053172547832,671064009.458925
MIECHOWSKI,1934,fixed14,730595244.7625879,730594138.6681389,1232.0558706740817,125.96142157105092,125.96142157105092,1106.0944491030307,730594012.7067173
MIELECKI,1934,fixed14,722388288.7466989,722387701.6622784,700.7379575008954,113.65353707817015,113.65353707817015,587.0844204227252,722387588.0087414
MIĘDZYCHODZKI,1934,fixed14,805694633.7256435,805693404.4768468,1311.964972243074,82.7161755197322,82.7161755197322,1229.248796723342,805693321.7606713
MIŃSKI,1934,fixed14,727891627.0320467,727890113.6600562,2150.586711236388,637.2147208074656,637.2147208074656,1513.3719904289226,727889476.4453354
MOGILEŃSKI,1934,fixed14,765113188.6835649,765111890.6163421,1461.3218328203145,163.25460997623114,163.25460997623114,1298.0672228440833,765111727.3617321
MORSKI,1934,fixed14,652402678.1490674,652400852.402895,1858.9473585656497,33.20118620261385,33.20118620261385,1825.7461723630358,652400819.2017088
MOŁODECZAŃSKI,1934,fixed14,627023166.4950408,627022661.0447968,526.9921737462257,21.541929874600143,21.541929874600143,505.4502438716256,627022639.502867
MOŚCISKI,1934,fixed14,699571985.1505858,699571023.1760894,1019.7409547366553,57.76645844473496,57.76645844473496,961.9744962919203,699570965.409631
MYŚLENICKI,1934,fixed14,697976222.2376667,697975324.0246701,961.3530847972454,63.140088143812235,63.140088143812235,898.2129966534332,697975260.8845819
MŁAWSKI,1934,fixed14,697897919.1589144,697896923.932871,1109.6989640749416,114.47292061171123,114.47292061171123,995.2260434632303,697896809.4599503
NADWÓRNIAŃSKI,1934,fixed14,677168949.2713743,677168426.9221182,566.9085558767318,44.55929974708602,44.55929974708602,522.3492561296458,677168382.3628185
NIESZAWSKI,1934,fixed14,758219378.1697886,758217943.4343671,1641.0581686122973,206.3227471156417,206.3227471156417,1434.7354214966556,758217737.11162
NIEŚWIESKI,1934,fixed14,633920416.8818079,633919718.6982828,714.9967615064736,16.813236447991876,16.813236447991876,698.1835250584817,633919701.8850464
NIŻAŃSKI,1934,fixed14,701857294.2728316,701856508.7946867,836.7696421984589,51.29149740036233,51.29149740036233,785.4781447980965,701856457.5031893
NOWOGRÓDZKI,1934,fixed14,675932760.7357261,675932395.2289326,408.62642258514455,43.11962910738339,43.11962910738339,365.50679347776116,675932352.1093035
NOWOSĄDECKI,1934,fixed14,714320052.6410233,714319178.5001503,961.8643102990665,87.72343735984443,87.72343735984443,874.140872939222,714319090.776713
NOWOTARSKI,1934,fixed14,719511913.7187775,719511145.2837892,870.4669959718154,102.0320075916253,102.0320075916253,768.4349883801901,719511043.2517816
NOWOTOMYSKI,1934,fixed14,838888130.0219915,838886764.9346721,1501.8719625568312,136.78464316731944,136.78464316731944,1365.0873193895118,838886628.150029
OBORNICKI,1934,fixed14,790794722.4918221,790793590.3923838,1432.334261697033,300.23482338082147,300.23482338082147,1132.0994383162115,790793290.1575605
OLKUSKI,1934,fixed14,738012709.4226884,738011285.3573251,1558.5461957269915,134.4808324322342,134.4808324322342,1424.0653632947574,738011150.8764926
OPATOWSKI,1934,fixed14,717886745.6083722,717885508.3717859,1336.4510538156696,99.21446755497448,99.21446755497448,1237.2365862606953,717885409.1573184
OPOCZYŃSKI,1934,fixed14,742099184.2705864,742098504.9954749,987.9491051864429,308.67399367979186,308.67399367979186,679.2751115066511,742098196.3214812
OSTROWSKI (OSTRÓW MAZOWIECKA),1934,fixed14,703339332.3373654,703338676.6307439,815.751078057028,160.04445643026924,160.04445643026924,655.7066216267589,703338516.5862874
OSTROWSKI (OSTRÓW WIELKOPOLSKI),1934,fixed14,785776726.4297816,785775345.3136948,1526.3495482128449,145.2334615268173,145.2334615268173,1381.1160866860275,785775200.0802333
OSTROŁĘCKI,1934,fixed14,684763032.6058953,684762644.708412,498.74225864601135,110.84477543442753,110.84477543442753,387.8974832115838,684762533.8636366
OSZMIAŃSKI,1934,fixed14,593593472.1489668,593593090.1309319,395.11053397568014,13.092499011139433,13.092499011139433,382.01803496454073,593593077.0384328
PIOTRKOWSKI,1934,fixed14,728381787.5984751,728380572.8692116,1446.51430303249,231.78503958626087,231.78503958626087,1214.7292634462292,728380341.084172
PIŃCZOWSKI,1934,fixed14,713759992.2030239,713758972.9656928,1117.1440794687203,97.9067482873685,97.9067482873685,1019.2373311813517,713758875.0589445
PIŃSKI,1934,fixed14,691787104.5060817,691786871.4758627,266.7939957958374,33.76377680376558,33.76377680376558,233.0302189920718,691786837.712086
PODHAJECKI,1934,fixed14,699106106.1235344,699105430.3928587,758.9345233741157,83.20384761378736,83.20384761378736,675.7306757603283,699105347.1890111
POSTAWSKI,1934,fixed14,583301723.1758727,583301494.0708016,246.8042212289454,17.699150242899258,17.699150242899258,229.10507098604614,583301476.3716514
POZNAŃ (MIASTO),1934,fixed14,831589769.3611066,831343914.0943046,246766.85958319932,911.592781229846,911.592781229846,245855.26680196947,831343002.5015234
POZNAŃSKI,1934,fixed14,822283698.3418088,822282373.852596,4002.995673706976,2678.506460903676,2678.506460903676,1324.4892128033,822279695.3461351
PRUŻAŃSKI,1934,fixed14,703796865.6061441,703796496.0804427,425.83333474853424,56.307633420716556,56.307633420716556,369.52570132781767,703796439.7728093
PRZASNYCKI,1934,fixed14,662303423.8364332,662302670.0822153,815.6830467121679,61.92882880066999,61.92882880066999,753.7542179114979,662302608.1533865
PRZEMYSKI,1934,fixed14,730786597.4306672,730784751.0334767,1973.1323952594953,126.73520480294349,126.73520480294349,1846.3971904565517,730784624.2982719
PRZEMYŚLAŃSKI,1934,fixed14,712425303.0417174,712424360.0430278,1047.4108430557812,104.41215335022517,104.41215335022517,942.9986897055561,712424255.6308744
PRZEWORSKI,1934,fixed14,724495660.1508852,724493328.101096,2448.9358175960524,116.88602840304956,116.88602840304956,2332.0497891930027,724493211.2150676
PSZCZYŃSKI,1934,fixed14,769220752.7975073,769217801.5755626,3351.5735860442346,400.35164131336984,400.35164131336984,2951.221944730865,769217401.2239213
PUŁAWSKI,1934,fixed14,713862585.5710648,713861708.3829994,981.6634496928193,104.47538420264806,104.47538420264806,877.1880654901712,713861603.9076152
PUŁTUSKI,1934,fixed14,686508145.9807906,686507103.1862507,1201.647606874837,158.85306693523168,158.85306693523168,1042.7945399396053,686506944.3331838
PŁOCKI,1934,fixed14,643266715.7720909,643264889.5749114,1888.4349028597242,62.23772334528546,62.23772334528546,1826.1971795144386,643264827.337188
PŁOŃSKI,1934,fixed14,696651094.3469326,696649947.6584378,1421.2350774258753,274.54658256370897,274.54658256370897,1146.6884948621664,696649673.1118553
RADOMSKI,1934,fixed14,733388372.5871451,733387151.4893864,1443.00221616975,221.90445754626083,221.90445754626083,1221.0977586234892,733386929.5849289
RADOMSZCZAŃSKI,1934,fixed14,733173602.1557025,733172682.2940654,1149.957008212369,230.09537112355972,230.09537112355972,919.8616370888092,733172452.1986942
RADZIECHOWSKI,1934,fixed14,705152115.1743982,705151446.5293055,708.7944174293154,40.149324708043615,40.149324708043615,668.6450927212718,705151406.3799808
RADZYMIŃSKI,1934,fixed14,737081910.1571577,737080457.9473889,3434.1543960025006,1981.9446272622763,1981.9446272622763,1452.2097687402243,737078476.0027616
RADZYŃSKI,1934,fixed14,710918135.3438329,710917350.8064836,897.0927895054423,112.55544036001255,112.55544036001255,784.5373491454297,710917238.2510433
RAWICKI,1934,fixed14,804284271.9489967,804281573.621239,2906.324043596093,207.99628586399731,207.99628586399731,2698.3277577320955,804281365.624953
RAWSKI (RAWA MAZOWIECKA),1934,fixed14,720805135.1816186,720804118.3763418,1258.3740168586019,241.56874018655367,241.56874018655367,1016.8052766720483,720803876.8076017
RAWSKI (RAWA RUSKA),1934,fixed14,718606327.3410115,718605637.4526287,791.4546351077829,101.56625230968828,101.56625230968828,689.8883827980947,718605535.8863764
ROHATYŃSKI,1934,fixed14,689789271.4470367,689788317.0971217,1012.6689529757506,58.31903796581698,58.31903796581698,954.3499150099336,689788258.7780838
ROPCZYCKI,1934,fixed14,727342081.0967647,727341275.9489526,923.1258156265536,117.97800349329238,117.97800349329238,805.1478121332613,727341157.970949
RUDECKI,1934,fixed14,703693732.8013022,703692531.9270493,1266.616229888429,65.74197693182684,65.74197693182684,1200.874252956602,703692466.1850723
RYBNICKI,1934,fixed14,753864474.4767232,753859265.5944339,5467.035037563494,258.1527482854561,258.1527482854561,5208.882289278038,753859007.4416857
RYPIŃSKI,1934,fixed14,656328919.9513897,656327706.085631,1313.4253639222131,99.55960527300667,99.55960527300667,1213.8657586492066,656327606.5260258
RZESZOWSKI,1934,fixed14,721205636.8274136,721204334.6454585,1394.4543657259355,92.27241058314027,92.27241058314027,1302.1819551427952,721204242.3730478
RÓWIEŃSKI,1934,fixed14,737770851.7064728,737770159.402806,724.4373183872364,32.13365167481049,32.13365167481049,692.3036667124259,737770127.2691543
SAMBORSKI,1934,fixed14,729596345.2753577,729595307.1146475,1234.9002078099452,196.73949756483205,196.73949756483205,1038.1607102451133,729595110.37515
SANDOMIERSKI,1934,fixed14,686117579.7894577,686116568.9521551,1059.8449682889006,49.00766572564547,49.00766572564547,1010.8373025632552,686116519.9444894
SANOCKI,1934,fixed14,691569989.2115824,691568967.9511597,1069.6747785096145,48.414355705770646,48.414355705770646,1021.2604228038439,691568919.536804
SARNEŃSKI,1934,fixed14,729829512.5252556,729829315.7893355,233.01799457745298,36.282074405582186,36.282074405582186,196.7359201718708,729829279.507261
SIEDLECKI,1934,fixed14,720683793.3911235,720683006.429206,965.6479617751163,178.68604425355838,178.68604425355838,786.9619175215579,720682827.7431618
SIERADZKI,1934,fixed14,779368025.1280571,779366742.0783217,1624.6603366219651,341.6106012392094,341.6106012392094,1283.0497353827557,779366400.4677205
SIERPECKI,1934,fixed14,654847556.7139963,654846360.4266306,1281.0314247826605,84.74405913455243,84.74405913455243,1196.287365648108,654846275.6825715
SKAŁACKI,1934,fixed14,695710510.9383315,695709428.1269449,1125.268392667051,42.4570061531844,42.4570061531844,1082.8113865138666,695709385.6699388
SKIERNIEWICKI,1934,fixed14,746404588.4102783,746402902.6202244,2231.2180451842314,545.4279913173746,545.4279913173746,1685.790053866857,746402357.1922331
SOCHACZEWSKI,1934,fixed14,736347634.0872442,736345836.7993284,2181.7949095530585,384.50699394874965,384.50699394874965,1797.2879156043086,736345452.2923346
SOKALSKI,1934,fixed14,716366468.5067407,716365539.0498346,1008.9596051314675,79.50269906962619,79.50269906962619,929.4569060618413,716365459.5471356
SOKOŁOWSKI,1934,fixed14,710736475.5778601,710735622.301447,1000.6182229159529,147.34180987606905,147.34180987606905,853.2764130398838,710735474.9596372
SOKÓLSKI,1934,fixed14,685473099.6164328,685472675.0967463,500.9478269507813,76.42814054654286,76.42814054654286,424.5196864042384,685472598.6686058
STANISŁAWOWSKI,1934,fixed14,701632580.7319163,701631337.7937591,1333.8810514298298,90.94289418378246,90.94289418378246,1242.9381572460472,701631246.8508649
STAROGARDZKI,1934,fixed14,689571621.8973472,689570412.2429777,1275.067218744079,65.41284932385722,65.41284932385722,1209.6543694202217,689570346.8301284
STOLIŃSKI,1934,fixed14,682463938.0544859,682463791.6084037,170.3158889241795,23.86980664386219,23.86980664386219,146.44608228031728,682463767.738597
STOPNICKI,1934,fixed14,675945969.1782539,675945230.857508,780.0432205187736,41.72247460624662,41.72247460624662,738.3207459125271,675945189.1350334
STOŁPECKI,1934,fixed14,668668206.6936393,668667809.3004591,417.56206324050805,20.168883077327465,20.168883077327465,397.3931801631806,668667789.1315761
STRYJSKI,1934,fixed14,681271483.5569837,681270920.5133344,610.7017821812078,47.65813285423168,47.65813285423168,563.0436493269762,681270872.8552015
SUWALSKI,1934,fixed14,632403674.7110363,632403178.1337398,526.8452717128531,30.267975270007472,30.267975270007472,496.57729644284564,632403147.8657646
SZAMOTULSKI,1934,fixed14,800529930.6503366,800528627.3810151,1485.3494313835758,182.08010979861137,182.08010979861137,1303.2693215849645,800528445.3009052
SZCZUCZYŃSKI (WOJ. BIAŁOSTOCKIE),1934,fixed14,672118535.7563609,672117872.8027371,709.9406768665712,46.98705302095053,46.98705302095053,662.9536238456207,672117825.8156841
SZCZUCZYŃSKI (WOJ. NOWOGRÓDZKIE),1934,fixed14,633655258.6232914,633654929.7359127,354.28931410782565,25.40193543286505,25.40193543286505,328.8873786749606,633654904.3339772
SZUBIŃSKI,1934,fixed14,760580357.9058418,760579202.1279421,1414.7450105557682,258.96711085194846,258.96711085194846,1155.7778997038197,760578943.1608312
SĘPOLEŃSKI,1934,fixed14,730274626.6913079,730272875.098737,1895.0758517614104,143.48328089656812,143.48328089656812,1751.5925708648422,730272731.6154561
SŁONIMSKI,1934,fixed14,693396965.7052196,693396626.2286342,388.00318353706837,48.52659810389639,48.52659810389639,339.476585433172,693396577.7020361
TARNOBRZESKI,1934,fixed14,730836282.693752,730835322.7865299,1052.3080079360902,92.40078578346265,92.40078578346265,959.9072221526275,730835230.3857441
TARNOGÓRSKI,1934,fixed14,799428428.9527402,799418524.3388981,10861.995582313752,957.3817402568958,957.3817402568958,9904.613842056855,799417566.9571579
TARNOPOLSKI,1934,fixed14,726729149.5079551,726727943.726765,1287.8879118397226,82.10672177417484,82.10672177417484,1205.7811900655477,726727861.6200433
TARNOWSKI,1934,fixed14,732407020.3241805,732405087.1635014,2078.0049591978404,144.84428009584872,144.84428009584872,1933.1606791019915,732404942.3192213
TCZEWSKI,1934,fixed14,680524690.8994794,680522458.5029755,2281.4071902143883,49.010686261077595,49.010686261077595,2232.3965039533105,680522409.4922892
TOMASZOWSKI,1934,fixed14,701940787.6370828,701939959.2918724,892.1048647568504,63.75965425658475,63.75965425658475,828.3452105002656,701939895.5322181
TORUŃSKI,1934,fixed14,752945096.1914432,752942521.3297242,2800.531847244343,225.67012824733757,225.67012824733757,2574.8617189970055,752942295.659596
TREMBOWELSKI,1934,fixed14,713588386.9217552,713587293.9840579,1181.2357355970596,88.2980384109968,88.2980384109968,1092.937697186063,713587205.6860195
TUCHOLSKI,1934,fixed14,716382469.3511907,716381647.623378,942.2949627079586,120.56715008863259,120.56715008863259,821.727812619326,716381527.0562279
TURCZAŃSKI,1934,fixed14,699595552.4418182,699595100.7036351,525.5197723458108,73.78158915994779,73.78158915994779,451.73818318586297,699595026.922046
TURECKI,1934,fixed14,711790482.0313696,711789512.9768529,1024.1306697389618,55.076152999380504,55.076152999380504,969.0545167395813,711789457.9006999
TŁUMACKI,1934,fixed14,697973763.2793703,697972644.9665968,1208.5454719119473,90.2326984788906,90.2326984788906,1118.3127734330567,697972554.7338984
WADOWICKI,1934,fixed14,744327551.5242156,744326217.1143246,1604.1550746960643,269.74518367726347,269.74518367726347,1334.4098910188009,744325947.3691409
WARSZAWSKI,1934,fixed14,746907013.245076,746903720.1446626,31453.122069753954,28160.02165639733,28160.02165639733,3293.1004133566234,746875560.1230062
WIELUŃSKI,1934,fixed14,775540963.9592665,775540151.1389338,907.9730577901423,95.15272493787037,95.15272493787037,812.8203328522719,775540055.9862088
WILEJSKI,1934,fixed14,592785702.9824386,592785431.6326704,284.1456557785246,12.795887636687352,12.795887636687352,271.3497681418373,592785418.8367828
WILEŃSKO-TROCKI,1934,fixed14,633930746.3125569,633930506.7498155,381.37142591143316,141.80868450841308,141.80868450841308,239.56274140302008,633930364.941131
WILNO (MIASTO),1934,fixed14,650260920.9501861,650190736.2977045,70303.97814524376,119.32566361919547,119.32566361919547,70184.65248162457,650190616.9720409
WOLSZTYŃSKI,1934,fixed14,864812356.9334553,864810886.1482126,1676.6485047861202,205.8632619328089,205.8632619328089,1470.7852428533113,864810680.2849506
WOŁKOWYSKI,1934,fixed14,690416866.2416662,690416588.344938,336.65720804775793,58.76047987076794,58.76047987076794,277.89672817699,690416529.5844581
WOŁOŻYŃSKI,1934,fixed14,603648092.0051374,603647719.7731467,385.66941199619293,13.437421266149833,13.437421266149833,372.2319907300431,603647706.3357254
WRZESIŃSKI,1934,fixed14,792808829.7264322,792806852.9814953,2220.224449628249,243.47951268760107,243.47951268760107,1976.7449369406481,792806609.5019826
WYRZYSKI,1934,fixed14,745731663.3429878,745730104.1169306,1752.2674245954279,193.04136744484822,193.04136744484822,1559.2260571505797,745729911.0755632
WYSOKOMAZOWIECKI,1934,fixed14,685629316.5114613,685628685.895237,704.2186612512464,73.6024370250353,73.6024370250353,630.6162242262111,685628612.2928
WĄBRZESKI,1934,fixed14,731320446.9741647,731318711.1777253,1900.5074203111983,164.7109809273204,164.7109809273204,1735.796439383878,731318546.4667444
WĄGROWIECKI,1934,fixed14,781060134.9397255,781058934.8185487,1447.231196761954,247.11001989960855,247.11001989960855,1200.1211768623455,781058687.7085288
WĘGROWSKI,1934,fixed14,679852078.418741,679851234.571127,915.3927695742459,71.54515569624095,71.54515569624095,843.847613878005,679851163.0259714
WŁOCŁAWSKI,1934,fixed14,749502946.5737759,749500378.1076661,2763.6052175547334,195.13910781572818,195.13910781572818,2568.4661097390053,749500182.9685583
WŁODAWSKI,1934,fixed14,696433300.4738598,696432795.0169924,557.6512658044185,52.19439848866601,52.19439848866601,505.4568673157525,696432742.8225939
WŁODZIMIERSKI,1934,fixed14,730068145.7429781,730067565.3594962,660.9746307592377,80.5911488630482,80.5911488630482,580.3834818961896,730067484.7683474
WŁOSZCZOWSKI,1934,fixed14,706052801.5997915,706052129.860651,768.3990254089114,96.65988496712247,96.65988496712247,671.7391404417889,706052033.2007661
ZALESZCZYCKI,1934,fixed14,676481805.5574379,676480795.1333022,1044.4780103628534,34.05387473416513,34.05387473416513,1010.4241356286883,676480761.0794275
ZAMOJSKI,1934,fixed14,730315949.2717748,730314766.0317106,1301.8297154863662,118.58965136542659,118.58965136542659,1183.2400641209397,730314647.4420593
ZBARASKI,1934,fixed14,715285256.3741671,715284182.1951889,1131.4809468722488,57.30196874566327,57.30196874566327,1074.1789781265854,715284124.8932202
ZBOROWSKI,1934,fixed14,683201545.9127715,683200724.2245603,853.3302855659458,31.642074358651026,31.642074358651026,821.6882112072948,683200692.5824859
ZDOŁBUNOWSKI,1934,fixed14,755873262.7891309,755872362.9873035,929.0903921408254,29.288564700008223,29.288564700008223,899.8018274408172,755872333.6987388
ZŁOCZOWSKI,1934,fixed14,721901385.2879211,721900589.3480455,879.950223550395,84.01034795766634,84.01034795766634,795.9398755927286,721900505.3376975
ŁASKI,1934,fixed14,759103224.7570999,759100913.5051882,2610.215929982295,298.9640183915137,298.9640183915137,2311.2519115907817,759100614.5411699
ŁAŃCUCKI,1934,fixed14,714727108.3604602,714725893.7833529,1287.4525384272622,72.87543103271017,72.87543103271017,1214.577107394552,714725820.9079218
ŁOMŻYŃSKI,1934,fixed14,684588589.396635,684587987.7104644,691.1341487251443,89.44797802345451,89.44797802345451,601.6861707016898,684587898.2624863
ŁOWICKI,1934,fixed14,757650793.7647034,757649417.8441062,1948.182110717189,572.2615134951955,572.2615134951955,1375.9205972219936,757648845.5825927
ŁUCKI,1934,fixed14,742902260.3195883,742901891.6758862,413.7128727050088,45.069170556627135,45.069170556627135,368.6437021483817,742901846.6067156
ŁUKOWSKI,1934,fixed14,716504039.0463389,716503272.9353719,889.7959636659056,123.68499655211376,123.68499655211376,766.1109671137918,716503149.2503753
ŁUNINIECKI,1934,fixed14,683233988.3977754,683233801.5798159,213.49740120102132,26.679441718783362,26.679441718783362,186.81795948223797,683233774.9003742
ŁÓDZKI,1934,fixed14,763262146.9918066,763258294.7184045,5707.5604282234635,1855.2870261350208,1855.2870261350208,3852.273402088443,763256439.4313784
ŁÓDŹ (MIASTO),1934,fixed14,762508846.7558148,761591554.5611784,917890.4089862993,598.2143499297595,598.2143499297595,917292.1946363696,761590956.3468285
ŁĘCZYCKI,1934,fixed14,767001233.6845295,766999804.1848911,2082.8726564774033,653.3730180583807,653.3730180583807,1429.4996384190229,766999150.8118731
ŚNIATYŃSKI,1934,fixed14,681593527.1850678,681591653.1470858,1908.3193524109627,34.281370444709026,34.281370444709026,1874.0379819662537,681591618.8657154
ŚREDZKI,1934,fixed14,794293009.2787418,794291431.6451957,1855.430835514026,277.79728939544515,277.79728939544515,1577.6335461185809,794291153.8479064
ŚREMSKI,1934,fixed14,783606524.5698137,783605019.5557077,1681.2264760610562,176.21237006454322,176.21237006454322,1505.014105996513,783604843.3433377
ŚWIECKI,1934,fixed14,724206938.0991437,724205909.232708,1186.5605325490505,157.69409678684062,157.69409678684062,1028.86643576221,724205751.5386112
ŚWIĘCIAŃSKI,1934,fixed14,608461126.902597,608460875.6801708,280.52581257972867,29.303386400350252,29.303386400350252,251.2224261793784,608460846.3767843
ŚWIĘTOCHŁOWICKI,1934,fixed14,806721592.6532083,806571280.7841997,153261.59570814265,2949.7266995915193,2949.7266995915193,150311.86900855112,806568331.0575001
ŻNIŃSKI,1934,fixed14,767002294.167548,767000728.4140854,1788.2297157546077,222.47625311566242,222.47625311566242,1565.7534626389452,767000505.9378322
ŻYDACZOWSKI,1934,fixed14,697729514.6784035,697728663.9554741,917.6046675755722,66.8817382312188,66.8817382312188,850.7229293443534,697728597.073736
ŻYWIECKI,1934,fixed14,737048620.4012487,737047074.0117613,1720.5000640460287,174.11057667793492,174.11057667793492,1546.3894873680938,737046899.9011847
ŻÓŁKIEWSKI,1934,fixed14,719271945.3981605,719270927.1842206,1182.699746616444,164.48580675520608,164.48580675520608,1018.2139398612379,719270762.6984138
AUGUSTOWSKI,1935,fixed14,702928423.9729149,702928058.9444191,398.8618800836225,33.833384274399855,33.833384274399855,365.02849580922265,702928025.1110349
BARANOWICKI,1935,fixed14,780771359.9158449,780771042.0611109,366.25783827558405,48.40310414517242,48.40310414517242,317.8547341304116,780770993.6580067
BIALSKI (BIAŁA KRAKOWSKA),1935,fixed14,815632265.7385066,815627392.1889993,5100.2088583101195,226.65935096610883,226.65935096610883,4873.549507344011,815627165.5296483
BIALSKI (BIAŁA PODLASKA),1935,fixed14,799956939.1009322,799956195.3867404,847.7903250192571,104.07613329714773,104.07613329714773,743.7141917221094,799956091.3106072
BIAŁOSTOCKI,1935,fixed14,779794128.5242475,779793177.9760431,1039.5320339616546,88.98382951555686,88.98382951555686,950.5482044460978,779793088.9922136
BIELSKI (BIELSK PODLASKI),1935,fixed14,776241818.758875,776241524.9624557,368.89136910387754,75.09494982558043,75.09494982558043,293.7964192782971,776241449.8675059
BIELSKO,1935,fixed14,817564191.3708798,817549760.30915,14694.372869848303,263.311140090272,263.311140090272,14431.06172975803,817549496.9980099
BIŁGORAJSKI,1935,fixed14,774316496.9164892,774315920.0346673,649.0033977522107,72.12157569374779,72.12157569374779,576.881822058463,774315847.9130915
BOCHEŃSKI,1935,fixed14,819225530.2554291,819224316.4566327,1518.5284136295586,304.7296172832282,304.7296172832282,1213.7987963463304,819224011.7270155
BORSZCZOWSKI,1935,fixed14,719686580.6230673,719685691.4376401,907.3005424250014,18.115115343201687,18.115115343201687,889.1854270817997,719685673.3225248
BRASŁAWSKI,1935,fixed14,638166201.4066988,638166004.202682,210.44788683065954,13.243870069755843,13.243870069755843,197.2040167609037,638165990.958812
BRODNICKI,1935,fixed14,796697966.5461165,796696730.9112917,1361.1862809739387,125.55145626513793,125.55145626513793,1235.6348247088008,796696605.3598355
BRODZKI,1935,fixed14,828439015.0752845,828438175.2314502,912.5054312764856,72.66159703221724,72.66159703221724,839.8438342442684,828438102.5698532
BRZESKI (BRZESKO),1935,fixed14,770019715.112487,770018598.4525589,1186.2782138777209,69.61828580519305,69.61828580519305,1116.659928072528,770018528.8342731
BRZESKI (BRZEŚĆ N.BUG.),1935,fixed14,813987317.3474265,813986985.2267219,435.0896021652172,102.96889741442646,102.96889741442646,332.1207047507907,813986882.2578244
BRZEZIŃSKI,1935,fixed14,821210364.5699235,821207396.8312846,3696.168360623579,728.4297217146897,728.4297217146897,2967.7386389088892,821206668.4015629
BRZEŻAŃSKI,1935,fixed14,768401259.8163822,768400349.0288318,984.7067529196974,73.91920251266039,73.91920251266039,910.787550407037,768400275.1096293
BRZOZOWSKI,1935,fixed14,763834391.5887481,763832536.3095303,1906.8226071166628,51.543389320451034,51.543389320451034,1855.2792177962117,763832484.7661409
BUCZACKI,1935,fixed14,763752047.3456951,763751103.5136427,1007.7490907366932,63.91703831486803,63.91703831486803,943.8320524218252,763751039.5966043
BYDGOSKI,1935,fixed14,823357502.7805077,823355225.6114578,2472.9050139815017,195.73596418454608,195.73596418454608,2277.1690497969557,823355029.8754936
BÓBRECKI,1935,fixed14,766132554.034315,766131467.392278,1146.9235366903235,60.28149961840982,60.28149961840982,1086.6420370719138,766131407.1107783
BĘDZIŃSKI,1935,fixed14,851005086.0363188,850997999.7267197,7402.454366043306,316.14476699372244,316.14476699372244,7086.309599049584,850997683.5819527
BŁOŃSKI,1935,fixed14,819042150.7061138,819038733.8870916,5160.629760982662,1743.8107387516975,1743.8107387516975,3416.819022230965,819036990.0763528
CHEŁMIŃSKI,1935,fixed14,793414907.8663704,793413430.4186921,1616.4412200550587,138.993541706684,138.993541706684,1477.4476783483747,793413291.4251504
CHEŁMSKI,1935,fixed14,815679987.6753049,815679285.0268052,810.6085605558662,107.96006080677802,107.96006080677802,702.6484997490883,815679177.0667443
CHODZIESKI,1935,fixed14,829076118.6545498,829074926.966529,1326.137733760563,134.4497129602642,134.4497129602642,1191.6880208002988,829074792.516816
CHOJNICKI,1935,fixed14,757849567.1802906,757849028.5628904,594.9986360079719,56.38123583422703,56.38123583422703,538.6174001737448,757848972.1816546
CHORZÓW,1935,fixed14,882711526.2513243,882399717.3449951,319105.64672736474,7296.740398132068,7296.740398132068,311808.9063292327,882392420.604597
CHRZANOWSKI,1935,fixed14,846348425.8381965,846342763.2178898,6113.311110622302,450.6908038844404,450.6908038844404,5662.620306737862,846342312.5270859
CIECHANOWSKI,1935,fixed14,783397525.8783245,783396449.8039145,1351.3455832360723,275.2711732521897,275.2711732521897,1076.0744099838826,783396174.5327413
CIESZYŃSKI,1935,fixed14,811233306.4847046,811229013.9538672,4556.053207497926,263.5223701379416,263.5223701379416,4292.530837359985,811228750.4314971
CZARNKOWSKI,1935,fixed14,822848045.4840821,822846975.3151637,1156.6526766811355,86.48375837758728,86.48375837758728,1070.1689183035483,822846888.8314054
CZORTKOWSKI,1935,fixed14,775003136.2484298,775001563.2094254,1652.4970402813515,79.45803591290753,79.45803591290753,1573.039004368444,775001483.7513895
CZĘSTOCHOWSKI,1935,fixed14,804233515.7578883,804230781.0632416,2897.373773352184,162.67912666527738,162.67912666527738,2734.6946466869067,804230618.384115
DOBROMILSKI,1935,fixed14,771644999.2709312,771644085.1444671,981.3334729881462,67.20700888593974,67.20700888593974,914.1264641022065,771644017.9374583
DOLIŃSKI,1935,fixed14,769426537.7395294,769426015.2793216,584.7904178851097,62.33021008159479,62.33021008159479,522.4602078035149,769425952.9491115
DROHICKI,1935,fixed14,743360818.6245731,743360497.9289562,356.35251080748986,35.656893790142654,35.656893790142654,320.6956170173472,743360462.2720623
DROHOBYCKI,1935,fixed14,789538555.026421,789536509.7076482,2149.9020248080797,104.58325210005228,104.58325210005228,2045.3187727080276,789536405.1243961
DUBIEŃSKI,1935,fixed14,819532275.7354468,819531841.6543336,468.32966764588326,34.248554424598,34.248554424598,434.08111322128525,819531807.4057791
DZIAŁDOWSKI,1935,fixed14,762065408.2510554,762064678.2640394,786.7004690308356,56.713453105123754,56.713453105123754,729.9870159257118,762064621.5505863
DZIŚNIEŃSKI,1935,fixed14,639091142.7618065,639090877.6780444,278.2662862459296,13.18252416071587,13.18252416071587,265.0837620852138,639090864.4955202
DĄBROWSKI,1935,fixed14,790300794.0718526,790299909.5628266,1012.750361027036,128.24133518188364,128.24133518188364,884.5090258451523,790299781.3214915
GARWOLIŃSKI,1935,fixed14,782617961.5515845,782617255.4748535,908.3352843455837,202.25855339083844,202.25855339083844,706.0767309547452,782617053.2163001
GNIEŹNIEŃSKI,1935,fixed14,871674700.6617348,871673397.4215711,1584.1525670815095,280.91240335764866,280.91240335764866,1303.2401637238609,871673116.5091678
GORLICKI,1935,fixed14,786969072.782236,786967999.3381281,1186.3534287631333,112.90932086701197,112.90932086701197,1073.4441078961213,786967886.4288073
GOSTYNIŃSKI,1935,fixed14,801524498.288237,801523441.7122875,1232.6109441582598,176.03499477894522,176.03499477894522,1056.5759493793146,801523265.6772928
GOSTYŃSKI,1935,fixed14,877182026.83381,877180578.0397859,1656.410003802658,207.61597971232646,207.61597971232646,1448.7940240903315,877180370.4238062
GRODZIEŃSKI,1935,fixed14,725310792.8491312,725310433.1331675,400.47137407003765,40.75541028148313,40.75541028148313,359.7159637885545,725310392.3777572
GRUDZIĄDZKI,1935,fixed14,794541253.2496009,794538325.4733554,3083.962781631402,156.18653620508678,156.18653620508678,2927.776245426315,794538169.2868192
GRÓDECKI,1935,fixed14,798821513.4816971,798820613.8418039,1162.4741916763946,262.83429851279857,262.83429851279857,899.6398931635962,798820351.0075054
GRÓJECKI,1935,fixed14,801336453.0904268,801335378.1263268,1850.6776491081314,775.713549091275,775.713549091275,1074.9641000168563,801334602.4127777
HOROCHOWSKI,1935,fixed14,780526901.5478009,780526291.555725,641.680034692599,31.687958758406957,31.687958758406957,609.992075934192,780526259.8677663
HORODEŃSKI,1935,fixed14,742439804.7207886,742438669.0457919,1166.5195675186576,30.844570732084485,30.844570732084485,1135.674996786573,742438638.2012211
HRUBIESZOWSKI,1935,fixed14,795769877.4820824,795768944.3929353,1026.5310453413344,93.44189820198054,93.44189820198054,933.0891471393539,795768850.951037
INOWROCŁAWSKI,1935,fixed14,829908498.808996,829907064.7195048,1584.7444243353643,150.65493318830903,150.65493318830903,1434.0894911470552,829906914.0645716
IWACEWICKI,1935,fixed14,753696806.0580908,753696579.2907609,265.1784717338036,38.41114177955749,38.41114177955749,226.76732995424607,753696540.8796191
IŁŻECKI,1935,fixed14,772658193.0422868,772657224.3518085,1049.1190093381144,80.42853112401521,80.42853112401521,968.6904782140991,772657143.9232774
JANOWSKI,1935,fixed14,783111269.3735424,783110485.0243818,876.7008770794874,92.35171636349403,92.35171636349403,784.3491607159934,783110392.6726654
JAROCIŃSKI,1935,fixed14,863749931.8929905,863748858.4907038,1268.7266348117134,195.3243482192285,195.3243482192285,1073.4022865924849,863748663.1663556
JAROSŁAWSKI,1935,fixed14,800388160.3777015,800387216.645504,1062.7374348713709,119.00523728397253,119.00523728397253,943.7321975873982,800387097.6402667
JASIELSKI,1935,fixed14,787417314.1012669,787416360.1645883,1078.2410256613998,124.30434712919137,124.30434712919137,953.9366785322084,787416235.8602412
JAWOROWSKI,1935,fixed14,782966973.3002073,782966165.1726809,931.5072746990185,123.3797483893966,123.3797483893966,808.1275263096219,782966041.7929325
JĘDRZEJOWSKI,1935,fixed14,812181279.8771005,812180439.4916947,1041.3077665565527,200.9223607208555,200.9223607208555,840.3854058356972,812180238.5693339
KALISKI,1935,fixed14,830789273.7114594,830787586.8111767,1796.2276130154246,109.3273302312001,109.3273302312001,1686.9002827842246,830787477.4838464
KAMIONECKI,1935,fixed14,792207965.7449229,792207246.6863629,831.800242272752,112.74168231341415,112.74168231341415,719.0585599593379,792207133.9446806
KARTUSKI,1935,fixed14,726859179.4252802,726858522.9057117,706.3073411690042,49.787772679395026,49.787772679395026,656.5195684896091,726858473.117939
KATOWICE,1935,fixed14,866853179.6136732,866781681.7947173,72649.69293554635,1151.8739797404035,1151.8739797404035,71497.81895580595,866780529.9207376
KAŁUSKI,1935,fixed14,740363355.9180815,740362650.716352,739.6009897005295,34.399260210216255,34.399260210216255,705.2017294903131,740362616.3170918
KIELECKI,1935,fixed14,807853468.1983716,807852286.2909944,1354.6753003402605,172.76792314511414,172.76792314511414,1181.9073771951464,807852113.5230713
KOBRYŃSKI,1935,fixed14,773880256.1743995,773880008.3321679,310.1465081882271,62.30427654727019,62.30427654727019,247.84223164095687,773879946.0278913
KOLBUSZOWSKI,1935,fixed14,738817163.592749,738816258.7590256,940.5665348930747,35.73281144839141,35.73281144839141,904.8337234446833,738816223.0262141
KOLSKI,1935,fixed14,848240993.5279684,848239796.3625878,1449.6793034010207,252.5139228480142,252.5139228480142,1197.1653805530063,848239543.848665
KONECKI,1935,fixed14,810726073.1669508,810725003.7638732,1274.7904177586588,205.387340173012,205.387340173012,1069.4030775856468,810724798.376533
KONIŃSKI,1935,fixed14,840165983.5202904,840165294.7623982,810.3742706238804,121.61637858983171,121.61637858983171,688.7578920340487,840165173.1460197
KOPYCZYNIECKI,1935,fixed14,769980487.646106,769979518.5317091,1034.813459683233,65.69906275428623,65.69906275428623,969.1143969289469,769979452.8326464
KOSOWSKI (KOSÓW HUCULSKI),1935,fixed14,699587794.0143272,699587473.0440444,337.66102640583966,16.690743507914174,16.690743507914174,320.9702828979255,699587456.3533008
KOSTOPOLSKI,1935,fixed14,801502766.686588,801502406.2160039,389.40325874387923,28.93267458960281,28.93267458960281,360.4705841542764,801502377.2833292
KOSZYRSKI,1935,fixed14,724173123.3610247,724172920.9106041,223.5191145197789,21.068693932367996,21.068693932367996,202.4504205874109,724172899.8419102
KOWELSKI,1935,fixed14,800805835.8260049,800805651.6233882,234.31518894475602,50.1125722856935,50.1125722856935,184.20261665906253,800805601.5108159
KOZIENICKI,1935,fixed14,794630093.7537507,794629449.0944864,790.3388861883134,145.67962178526713,145.67962178526713,644.6592644030462,794629303.4148645
KOŁOMYJSKI,1935,fixed14,770695683.5361264,770694765.6300802,986.0200578852514,68.1140117899506,68.1140117899506,917.9060460953008,770694697.5160685
KOŚCIAŃSKI,1935,fixed14,898808503.3011832,898807182.3823725,1634.538879397417,313.6200686269873,313.6200686269873,1320.91881077043,898806868.7623038
KOŚCIERSKI,1935,fixed14,745449296.6654563,745448606.014827,748.7096825216021,58.05905314986351,58.05905314986351,690.6506293717385,745448547.9557738
KRAKOWSKI,1935,fixed14,826843877.3019708,826842024.9459845,2918.981353054137,1066.6253666993248,1066.6253666993248,1852.3559863548119,826840958.3206178
KRAKÓW (MIASTO),1935,fixed14,827142016.4709712,826674166.9562321,468221.4644671216,371.9497280190669,371.9497280190669,467849.5147391025,826673795.006504
KRASNOSTAWSKI,1935,fixed14,783949319.9305352,783948446.7900317,947.9468816968016,74.80637817388802,74.80637817388802,873.1405035229136,783948371.9836535
KROTOSZYŃSKI,1935,fixed14,853222192.0502291,853220972.1028463,1361.499920870446,141.55253808413423,141.55253808413423,1219.9473827863117,853220830.5503082
KROŚNIEŃSKI,1935,fixed14,785682239.5426484,785680124.6202543,2207.5675484934027,92.64515439015489,92.64515439015489,2114.922394103248,785680031.9750999
KRZEMIENIECKI,1935,fixed14,781531151.179343,781530682.194972,492.2846700670886,23.30029922137475,23.30029922137475,468.98437084571384,781530658.8946729
KUTNOWSKI,1935,fixed14,839003834.8990803,839001265.8168572,3019.028245315449,449.9460222191928,449.9460222191928,2569.0822230962563,839000815.870835
KĘPIŃSKI,1935,fixed14,843032240.1644281,843031286.3203727,1041.224490122619,87.38043472361741,87.38043472361741,953.8440553990017,843031198.939938
LESKI,1935,fixed14,739057648.2083424,739057086.6685796,594.9523153079073,33.41255252204419,33.41255252204419,561.5397627858631,739057053.2560271
LESZCZYŃSKI,1935,fixed14,899159918.8480631,899158382.1678172,1748.6011357525165,211.92088988788308,211.92088988788308,1536.6802458646334,899158170.2469274
LIDZKI,1935,fixed14,732552293.5136136,732552004.3367784,330.56940446001136,41.39256925929513,41.39256925929513,289.1768352007162,732551962.9442091
LIMANOWSKI,1935,fixed14,779798172.6984042,779797449.3759142,807.6927146824837,84.3702247050301,84.3702247050301,723.3224899774536,779797365.0056895
LIPNOWSKI,1935,fixed14,720635939.5083998,720635031.60968,996.2563361172295,88.35761635803604,88.35761635803604,907.8987197591935,720634943.2520638
LUBACZOWSKI,1935,fixed14,766177662.2450072,766176946.1627448,768.9746147243882,52.892352354127354,52.892352354127354,716.0822623702608,766176893.2703924
LUBARTOWSKI,1935,fixed14,797260793.5168462,797260067.1595932,894.3817651170398,168.02451218240506,168.02451218240506,726.3572529346347,797259899.135081
LUBAWSKI,1935,fixed14,774132041.8451589,774130865.7808585,1245.2878139241966,69.22351345156616,69.22351345156616,1176.0643004726305,774130796.557345
LUBELSKI,1935,fixed14,807772523.0099319,807770743.0507591,1920.543193724395,140.58402086289425,140.58402086289425,1779.9591728615007,807770602.4667382
LUBLINIECKI,1935,fixed14,851912927.5211818,851911139.5915731,2009.562350883665,221.63274222441828,221.63274222441828,1787.9296086592467,851910917.958831
LUBOMELSKI,1935,fixed14,783853848.1215928,783853604.350022,293.6624342618883,49.89086346129511,49.89086346129511,243.77157080059317,783853554.4591585
LWOWSKI,1935,fixed14,810273565.6112595,810272602.0201234,1834.794844161097,871.203708083989,871.203708083989,963.5911360771079,810271730.8164153
LWÓW (MIASTO),1935,fixed14,829487873.0486119,829264926.7122314,223283.64590768868,337.30952721433715,337.30952721433715,222946.33638047436,829264589.4027042
M. ST. WARSZAWA,1935,fixed14,825316033.7438649,824573267.8150136,748121.9742311377,5356.045379920339,5356.045379920339,742765.9288512174,824567911.7696338
MAKOWSKI (MAKÓW MAZOWIECKI),1935,fixed14,736441974.4268342,736441200.2259829,844.695763047325,70.4949117114036,70.4949117114036,774.2008513359215,736441129.7310712
MIECHOWSKI,1935,fixed14,801297061.5771977,801296005.2210993,1187.136405799187,130.78030744340256,130.78030744340256,1056.3560983557845,801295874.4407918
MIELECKI,1935,fixed14,794224386.551183,794223606.4800328,900.3714658244614,120.30031558594493,120.30031558594493,780.0711502385166,794223486.1797172
MIĘDZYCHODZKI,1935,fixed14,879520225.0759747,879519260.7640066,1038.7806920589492,74.46872406428953,74.46872406428953,964.3119679946597,879519186.2952826
MIŃSKI,1935,fixed14,799996579.5098597,799995208.2003508,2034.6720395613754,663.3625305312319,663.3625305312319,1371.3095090301435,799994544.8378202
MOGILEŃSKI,1935,fixed14,836598744.1821336,836597831.2160554,1060.7493987870157,147.7833206969415,147.7833206969415,912.9660780900741,836597683.4327347
MORSKI,1935,fixed14,714586628.3341987,714584772.9310715,1886.9840817506465,31.580954567352634,31.580954567352634,1855.403127183294,714584741.350117
MOŁODECZAŃSKI,1935,fixed14,692111108.6630936,692110634.2486933,495.1285598270439,20.714159617607677,20.714159617607677,474.4144002094362,692110613.5345337
MOŚCISKI,1935,fixed14,771164809.8902909,771163757.1056886,1111.960124561286,59.1755223638291,59.1755223638291,1052.784602197457,771163697.9301662
MYŚLENICKI,1935,fixed14,766183066.1913455,766182128.3403901,1004.1373017126432,66.28634637105796,66.28634637105796,937.8509553415853,766182062.0540438
MŁAWSKI,1935,fixed14,765489874.2127163,765488991.1741089,996.6927966498026,113.65418923818625,113.65418923818625,883.0386074116163,765488877.5199196
NADWÓRNIAŃSKI,1935,fixed14,746440851.0745375,746440313.1464508,583.0603692145663,45.13228250452904,45.13228250452904,537.9280867100373,746440268.0141683
NIESZAWSKI,1935,fixed14,829741584.500978,829740439.7752134,1346.8550139746594,202.12924937743148,202.12924937743148,1144.725764597228,829740237.645964
NIEŚWIESKI,1935,fixed14,700309815.1765165,700309177.2646499,654.3732059292071,16.46133919136005,16.46133919136005,637.911866737847,700309160.8033106
NIŻAŃSKI,1935,fixed14,772179488.2833871,772178629.2728456,913.1560129058672,54.14547142940455,54.14547142940455,859.0105414764627,772178575.1273742
NOWOGRÓDZKI,1935,fixed14,746967654.1533738,746967327.5934455,368.57503000581534,42.01510166734368,42.01510166734368,326.55992833847165,746967285.5783439
NOWOSĄDECKI,1935,fixed14,784942799.6682664,784941828.2221544,1063.7180002439536,92.27188829441745,92.27188829441745,971.4461119495362,784941735.9502661
NOWOTARSKI,1935,fixed14,789665562.1803813,789664692.1197859,976.3715160074323,106.31092056221001,106.31092056221001,870.0605954452222,789664585.8088653
NOWOTOMYSKI,1935,fixed14,915358511.6733022,915357401.3743217,1234.0837442027068,123.78476363724177,123.78476363724177,1110.2989805654652,915357277.589558
OBORNICKI,1935,fixed14,863763402.3810235,863762548.4966413,1138.2879378061416,284.40355553765164,284.40355553765164,853.8843822684898,863762264.0930858
OLKUSKI,1935,fixed14,808881217.8995118,808879870.6396745,1487.8415249522063,140.58168769329544,140.58168769329544,1347.259837258911,808879730.0579869
OPATOWSKI,1935,fixed14,788828259.5928028,788827016.0932567,1345.4776642524432,101.97811815360478,101.97811815360478,1243.4995460988384,788826914.1151385
OPOCZYŃSKI,1935,fixed14,814300387.3760881,814299704.2622114,1004.5252557390521,321.4113789944413,321.4113789944413,683.1138767446108,814299382.8508325
OSTROWSKI (OSTRÓW MAZOWIECKA),1935,fixed14,773374449.8348562,773373855.2905979,755.7308740511257,161.18661586744673,161.18661586744673,594.544258183679,773373694.1039821
OSTROWSKI (OSTRÓW WIELKOPOLSKI),1935,fixed14,859221841.3934855,859220778.2242479,1194.834819321735,131.66558175080192,131.66558175080192,1063.169237570933,859220646.5586662
OSTROŁĘCKI,1935,fixed14,752796822.4341028,752796474.9619099,458.46970542927664,110.9975126045074,110.9975126045074,347.47219282476925,752796363.9643973
OSZMIAŃSKI,1935,fixed14,654880327.4538095,654879977.9589107,362.1585785784613,12.663679836238725,12.663679836238725,349.4948987422226,654879965.2952309
PIOTRKOWSKI,1935,fixed14,798343869.0423163,798342625.105587,1483.5399151298336,239.60318582261698,239.60318582261698,1243.9367293072166,798342385.5024012
PIŃCZOWSKI,1935,fixed14,783085717.2691823,783084741.7259905,1076.2599546221084,100.71676283569471,100.71676283569471,975.5431917864137,783084641.0092278
PIŃSKI,1935,fixed14,764742245.3773854,764742005.1081789,273.6895492427707,33.420342742785394,33.420342742785394,240.2692064999853,764741971.6878362
PODHAJECKI,1935,fixed14,771364840.2672565,771364112.576147,811.222885294248,83.53177574807177,83.53177574807177,727.6911095461762,771364029.0443712
POSTAWSKI,1935,fixed14,642461204.5569086,642461010.9966806,210.46189166203447,16.901663692408942,16.901663692408942,193.56022796962554,642460994.095017
POZNAŃ (MIASTO),1935,fixed14,907935650.214453,907673421.8387576,262950.1902250937,721.8145297225509,721.8145297225509,262228.3756953711,907672700.0242279
POZNAŃSKI,1935,fixed14,897848087.9137177,897847046.5533488,3823.9002490271123,2782.539880058826,2782.539880058826,1041.3603689682866,897844264.0134687
PRUŻAŃSKI,1935,fixed14,776623450.9747225,776623099.3626307,406.72400536912096,55.1119135072424,55.1119135072424,351.6120918618786,776623044.2507172
PRZASNYCKI,1935,fixed14,727959172.6826433,727958458.3376052,776.385302724457,62.040264687273606,62.040264687273606,714.3450380371834,727958396.2973405
PRZEMYSKI,1935,fixed14,805412177.6358536,805410335.3194231,1973.4376155592875,131.12118496120252,131.12118496120252,1842.316430598085,805410204.1982381
PRZEMYŚLAŃSKI,1935,fixed14,786395410.6113771,786394440.7611725,1076.1243788336255,106.27417417547369,106.27417417547369,969.8502046581518,786394334.4869983
PRZEWORSKI,1935,fixed14,797795373.0502453,797792896.4471002,2598.523456537276,121.92031147552217,121.92031147552217,2476.603145061754,797792774.5267887
PSZCZYŃSKI,1935,fixed14,842416447.8379086,842413445.9975659,3412.4581553218236,410.61781247072173,410.61781247072173,3001.840342851102,842413035.3797534
PUŁAWSKI,1935,fixed14,785985428.396127,785984634.2348384,898.6682254282034,104.50693684352356,104.50693684352356,794.1612885846798,785984529.7279016
PUŁTUSKI,1935,fixed14,753900311.077584,753899344.420149,1128.626585360155,161.96915024675138,161.96915024675138,966.6574351134037,753899182.4509987
PŁOCKI,1935,fixed14,706533565.8113774,706531941.8128794,1685.2715182854456,61.273020325152075,61.273020325152075,1623.9984979602934,706531880.5398592
PŁOŃSKI,1935,fixed14,765002061.9838451,765001181.0962038,1161.1864989265805,280.29885757135054,280.29885757135054,880.8876413552299,765000900.7973462
RADOMSKI,1935,fixed14,806074075.2995616,806072805.2175746,1497.3142034183486,227.23221631432202,227.23221631432202,1270.0819871040267,806072577.9853582
RADOMSZCZAŃSKI,1935,fixed14,803416858.3579712,803415963.7156354,1135.5428485520442,240.90051284528818,240.90051284528818,894.6423357067561,803415722.8151226
RADZIECHOWSKI,1935,fixed14,779625941.9760643,779625249.638796,733.0051885950916,40.6679202006097,40.6679202006097,692.3372683944818,779625208.9708757
RADZYMIŃSKI,1935,fixed14,809719660.1595577,809718280.2412294,3461.800132839361,2081.8818045258945,2081.8818045258945,1379.9183283134666,809716198.3594248
RADZYŃSKI,1935,fixed14,782461251.8823533,782460495.2162564,868.6164769196515,111.95037992512748,111.95037992512748,756.6660969945241,782460383.2658764
RAWICKI,1935,fixed14,878529985.3731513,878527796.7700081,2359.8546339183463,171.2514907693163,171.2514907693163,2188.60314314903,878527625.5185174
RAWSKI (RAWA MAZOWIECKA),1935,fixed14,790476685.6292905,790475778.7972665,1156.9023812904063,250.07035738052573,250.07035738052573,906.8320239098805,790475528.7269092
RAWSKI (RAWA RUSKA),1935,fixed14,793074586.1393846,793073911.8737774,777.8575656080552,103.59195841022124,103.59195841022124,674.265607197834,793073808.281819
ROHATYŃSKI,1935,fixed14,760960631.283032,760959748.2563536,942.1450232142984,59.11834488986407,59.11834488986407,883.0266783244343,760959689.1380087
ROPCZYCKI,1935,fixed14,799741565.0074824,799740700.115409,991.5219827360075,126.62990940610129,126.62990940610129,864.8920733299062,799740573.4854996
RUDECKI,1935,fixed14,776445729.947711,776444550.8991191,1246.1795784171495,67.13098661413856,67.13098661413856,1179.048591803011,776444483.7681326
RYBNICKI,1935,fixed14,825737607.7705148,825732319.5383339,5555.968641973949,267.73646106658117,267.73646106658117,5288.232180907368,825732051.8018728
RYPIŃSKI,1935,fixed14,720873389.6376148,720872335.493338,1150.9704746008933,96.82619774332743,96.82619774332743,1054.144276857566,720872238.6671402
RZESZOWSKI,1935,fixed14,793752342.9649764,793750969.4581397,1470.774086824872,97.26725005907258,97.26725005907258,1373.5068367657993,793750872.1908896
RÓWIEŃSKI,1935,fixed14,818351278.3841547,818350643.7967048,665.7750448353544,31.187594862889387,31.187594862889387,634.587449972465,818350612.6091099
SAMBORSKI,1935,fixed14,804663075.1740286,804662064.7447479,1208.862853440127,198.43357268332423,198.43357268332423,1010.4292807568028,804661866.3111752
SANDOMIERSKI,1935,fixed14,753883471.8828305,753882496.1135216,1026.2252190930396,50.455910162606564,50.455910162606564,975.7693089304331,753882445.6576114
SANOCKI,1935,fixed14,761687484.5412071,761686426.6805948,1108.1415539304628,50.28094163870849,50.28094163870849,1057.8606122917543,761686376.3996532
SARNEŃSKI,1935,fixed14,808983639.2903209,808983445.0541941,229.86464339022436,35.628516561337484,35.628516561337484,194.23612682888688,808983409.4256775
SIEDLECKI,1935,fixed14,792976224.6386144,792975501.6170577,903.5923908089861,180.57083402342323,180.57083402342323,723.0215567855629,792975321.0462236
SIERADZKI,1935,fixed14,852912113.0757761,852910920.5921971,1542.8393404622607,350.3557614140608,350.3557614140608,1192.4835790482,852910570.2364357
SIERPECKI,1935,fixed14,719242861.0894637,719241839.8412629,1104.476481630086,83.22828091452351,83.22828091452351,1021.2482007155625,719241756.612982
SKAŁACKI,1935,fixed14,769191712.1026967,769190674.726289,1079.4095048570757,42.03309726756953,42.03309726756953,1037.3764075895062,769190632.6931918
SKIERNIEWICKI,1935,fixed14,818567652.830373,818566053.0706874,2161.7241236939044,561.9644380925286,561.9644380925286,1599.759685601376,818565491.1062493
SOCHACZEWSKI,1935,fixed14,807800537.59486,807798672.3350384,2261.35938839899,396.099566846474,396.099566846474,1865.2598215525163,807798276.2354716
SOKALSKI,1935,fixed14,791138569.8967166,791137695.8003465,954.7002683948981,80.60389825108834,80.60389825108834,874.0963701438097,791137615.1964482
SOKOŁOWSKI,1935,fixed14,781937877.2123966,781937070.3220477,954.3981921577197,147.5078432056935,147.5078432056935,806.8903489520262,781936922.8142045
SOKÓLSKI,1935,fixed14,754763431.0476028,754763112.5515956,393.83316317956434,75.33715590786528,75.33715590786528,318.49600727169906,754763037.2144396
STANISŁAWOWSKI,1935,fixed14,773717500.061433,773716272.3625404,1319.6560443260462,91.95715173538909,91.95715173538909,1227.6988925906571,773716180.4053886
STAROGARDZKI,1935,fixed14,754068058.8212548,754066902.9572282,1216.7198748579858,60.85584823248551,60.85584823248551,1155.8640266255004,754066842.10138
STOLIŃSKI,1935,fixed14,755718850.6025745,755718697.7022295,176.54121405666515,23.640869130939727,23.640869130939727,152.90034492572542,755718674.0613604
STOPNICKI,1935,fixed14,742673779.4912763,742673071.9181863,750.5448100597314,42.97172004813064,42.97172004813064,707.5730900116007,742673028.9464662
STOŁPECKI,1935,fixed14,739997577.9842011,739997206.0590082,391.59279550115434,19.66760268201328,19.66760268201328,371.92519281914105,739997186.3914056
STRYJSKI,1935,fixed14,751143078.0353009,751142490.5286001,635.4066076342708,47.89990693091721,47.89990693091721,587.5067007033537,751142442.6286932
SUWALSKI,1935,fixed14,696282029.4932692,696281588.4604177,470.4624633387921,29.42961190200588,29.42961190200588,441.0328514367862,696281559.0308058
SZAMOTULSKI,1935,fixed14,874230836.1301185,874229767.8862311,1240.223274811667,171.97938739898817,171.97938739898817,1068.2438874126788,874229595.9068437
SZCZUCZYŃSKI (WOJ. BIAŁOSTOCKIE),1935,fixed14,739981418.2298623,739980855.7146538,608.8232030573054,46.30799459367919,46.30799459367919,562.5152084636262,739980809.4066592
SZCZUCZYŃSKI (WOJ. NOWOGRÓDZKIE),1935,fixed14,698184012.8386786,698183712.0315146,325.5351398012575,24.727975791014114,24.727975791014114,300.8071640102434,698183687.3035388
SZUBIŃSKI,1935,fixed14,831347334.946007,831346355.7307248,1212.3630377659592,233.14775556555983,233.14775556555983,979.2152822003994,831346122.5829692
SĘPOLEŃSKI,1935,fixed14,798285771.7590706,798284244.4086983,1657.8991920989572,130.5488197777275,130.5488197777275,1527.3503723212298,798284113.8598785
SŁONIMSKI,1935,fixed14,765920087.4237431,765919778.8998083,355.8892642952142,47.36532951877276,47.36532951877276,308.5239347764415,765919731.5344788
TARNOBRZESKI,1935,fixed14,803779686.5815051,803778667.0259856,1118.668342810576,99.1128234182627,99.1128234182627,1019.5555193923132,803778567.9131622
TARNOGÓRSKI,1935,fixed14,874898250.7165639,874888302.0603158,11002.443277509401,1053.7870293974727,1053.7870293974727,9948.656248111929,874887248.2732865
TARNOPOLSKI,1935,fixed14,803815635.7539456,803814478.4840051,1237.9002489144752,80.63030838843063,80.63030838843063,1157.2699405260446,803814397.8536967
TARNOWSKI,1935,fixed14,804812703.4716849,804810680.0635717,2178.860917317456,155.45280405817277,155.45280405817277,2023.408113259283,804810524.6107676
TCZEWSKI,1935,fixed14,744147046.6921762,744144973.3836493,2119.202861429542,45.89433453950029,45.89433453950029,2073.3085268900413,744144927.4893148
TOMASZOWSKI,1935,fixed14,774921060.5080255,774920298.0210271,824.2075179963233,61.720519559891024,61.720519559891024,762.4869984364323,774920236.3005075
TORUŃSKI,1935,fixed14,823637491.075823,823634998.9569149,2697.0461685053037,204.92726038625662,204.92726038625662,2492.1189081190473,823634794.0296545
TREMBOWELSKI,1935,fixed14,788905031.5512401,788904006.4747941,1111.8955191801,86.8190732566583,86.8190732566583,1025.0764459234417,788903919.655721
TUCHOLSKI,1935,fixed14,783486746.6528,783486022.9269707,834.6520422591046,110.9262130668641,110.9262130668641,723.7258291922406,783485912.0007577
TURCZAŃSKI,1935,fixed14,771411698.0095727,771411203.8239734,568.5637042791932,74.37810498186866,74.37810498186866,494.1855992973245,771411129.4458685
TURECKI,1935,fixed14,779153840.1592221,779153024.1491873,870.5694825517412,54.559447810020714,54.559447810020714,816.0100347417205,779152969.5897396
TŁUMACKI,1935,fixed14,769969059.5806184,769967942.2368025,1207.7634259436493,90.41961005452454,90.41961005452454,1117.3438158891247,769967851.8171924
WADOWICKI,1935,fixed14,816221176.0959531,816219764.7623148,1692.1760773012431,280.8424389331276,280.8424389331276,1411.3336383681155,816219483.9198759
WARSZAWSKI,1935,fixed14,820195858.7429883,820192414.3719641,33674.61610639659,30230.245082156587,30230.245082156587,3444.3710242400043,820162184.126882
WIELUŃSKI,1935,fixed14,848318372.1679806,848317608.9376876,859.5278283448702,96.29753542153547,96.29753542153547,763.2302929233347,848317512.6401522
WILEJSKI,1935,fixed14,653982332.575776,653982076.9942013,267.9513457700979,12.369771128189546,12.369771128189546,255.5815746419083,653982064.6244302
WILEŃSKO-TROCKI,1935,fixed14,698406585.6235956,698406375.5722718,354.6760254259872,144.6247016144299,144.6247016144299,210.0513238115573,698406230.9475702
WILNO (MIASTO),1935,fixed14,716418551.476599,716345540.6677313,73117.50252391018,106.69365618945947,106.69365618945947,73010.80886772073,716345433.9740751
WOLSZTYŃSKI,1935,fixed14,943257897.922143,943256805.7875072,1273.9222352089957,181.78759945670737,181.78759945670737,1092.1346357522884,943256623.9999077
WOŁKOWYSKI,1935,fixed14,761098649.3224795,761098390.5739799,316.07790420993064,57.32940455322521,57.32940455322521,258.7484996567054,761098333.2445753
WOŁOŻYŃSKI,1935,fixed14,666314509.1093249,666314164.7263094,357.4090422167372,13.026026753215923,13.026026753215923,344.38301546352125,666314151.7002827
WRZESIŃSKI,1935,fixed14,866572655.3439064,866571215.4802928,1661.0173143241125,221.15370072061344,221.15370072061344,1439.863613603499,866570994.3265921
WYRZYSKI,1935,fixed14,815195524.956769,815194198.4755683,1502.7589356561268,176.2777349600722,176.2777349600722,1326.4812006960547,815194022.1978333
WYSOKOMAZOWIECKI,1935,fixed14,754622331.379716,754621774.9448527,629.2632159379187,72.82835261341837,72.82835261341837,556.4348633245004,754621702.1165001
WĄBRZESKI,1935,fixed14,800388014.7452357,800386583.5608876,1585.952156866537,154.7678088420453,154.7678088420453,1431.1843480244918,800386428.7930788
WĄGROWIECKI,1935,fixed14,853359712.7113209,853358755.4059929,1181.772362686534,224.46703470060743,224.46703470060743,957.3053279859266,853358530.9389582
WĘGROWSKI,1935,fixed14,747898352.3348739,747897546.0749013,877.6118805703952,71.35190797371823,71.35190797371823,806.259972596677,747897474.7229934
WŁOCŁAWSKI,1935,fixed14,820597732.5294552,820595301.4826199,2621.1154644743447,190.068629100006,190.068629100006,2431.0468353743386,820595111.4139907
WŁODAWSKI,1935,fixed14,767998508.3790987,767998023.8682497,535.5198399440825,51.008990947375146,51.008990947375146,484.51084899670735,767997972.8592587
WŁODZIMIERSKI,1935,fixed14,806965695.3554192,806965199.50208,574.0470552581993,78.1937160724917,78.1937160724917,495.8533391857076,806965121.3083639
WŁOSZCZOWSKI,1935,fixed14,775045310.2094523,775044662.2567645,747.8102579691741,99.85757022614168,99.85757022614168,647.9526877430325,775044562.3991944
ZALESZCZYCKI,1935,fixed14,746834097.4536128,746833148.0655159,983.5619230997337,34.17382620984167,34.17382620984167,949.388096889892,746833113.8916897
ZAMOJSKI,1935,fixed14,805642044.4407974,805640858.3613726,1301.0402914645388,114.96086653483911,114.96086653483911,1186.0794249296996,805640743.400506
ZBARASKI,1935,fixed14,791476577.3912005,791475607.020159,1027.0551813028706,56.68413970269464,56.68413970269464,970.3710416001759,791475550.3360193
ZBOROWSKI,1935,fixed14,754931578.6482006,754930839.3475451,771.3573529881062,32.056697491021,32.056697491021,739.3006554970851,754930807.2908477
ZDOŁBUNOWSKI,1935,fixed14,839403692.848771,839402869.896025,851.3217903961169,28.36904435662195,28.36904435662195,822.9527460394949,839402841.5269806
ZŁOCZOWSKI,1935,fixed14,798044511.9038347,798043693.2088239,903.4093090082097,84.71429829414394,84.71429829414394,818.6950107140657,798043608.4945257
ŁASKI,1935,fixed14,831131340.336749,831128944.5844966,2701.019126563768,305.26687418704444,305.26687418704444,2395.752252376724,831128639.3176224
ŁAŃCUCKI,1935,fixed14,786831836.5680414,786830597.3941857,1315.584457465556,76.41060169767091,76.41060169767091,1239.173855767885,786830520.9835839
ŁOMŻYŃSKI,1935,fixed14,752976925.9435499,752976419.5664685,595.9495218778744,89.57244049689835,89.57244049689835,506.37708138097605,752976329.994028
ŁOWICKI,1935,fixed14,830587679.7171082,830586433.2548304,1835.1062647862932,588.643986934186,588.643986934186,1246.462277852107,830585844.6108434
ŁUCKI,1935,fixed14,822875854.9806187,822875515.0768791,383.54805031232434,43.64431067748086,43.64431067748086,339.9037396348435,822875471.4325684
ŁUKOWSKI,1935,fixed14,788664475.930416,788663798.2529244,801.5167458993294,123.8392544242629,123.8392544242629,677.6774914750665,788663674.4136701
ŁUNINIECKI,1935,fixed14,755963640.6923509,755963429.7540315,237.1457608263142,26.207441507292643,26.207441507292643,210.93831931902153,755963403.5465901
ŁÓDZKI,1935,fixed14,836092995.6159049,836089528.1328548,5467.672773374166,2000.1897232572787,2000.1897232572787,3467.483050116887,836087527.9431316
ŁÓDŹ (MIASTO),1935,fixed14,835415457.4804899,834414156.1590995,1001878.6188802262,577.2974898733838,577.2974898733838,1001301.3213903528,834413578.8616096
ŁĘCZYCKI,1935,fixed14,839915953.4128362,839914530.4951438,2089.4255762245675,666.5078838286734,666.5078838286734,1422.9176923958942,839913863.98726
ŚNIATYŃSKI,1935,fixed14,751179149.7355262,751177355.9052026,1828.7915590483144,34.961235515402365,34.961235515402365,1793.830323532912,751177320.9439671
ŚREDZKI,1935,fixed14,867692934.9220604,867691731.1464367,1466.5839801358115,262.80835644259776,262.80835644259776,1203.7756236932137,867691468.3380803
ŚREMSKI,1935,fixed14,856101637.1686302,856100586.7135055,1212.4357918956107,161.98066709358528,161.98066709358528,1050.4551248020255,856100424.7328384
ŚWIECKI,1935,fixed14,791980293.4890871,791979400.2675344,1040.402426184062,147.1808735376126,147.1808735376126,893.2215526464495,791979253.0866609
ŚWIĘCIAŃSKI,1935,fixed14,669805544.3921949,669805316.8833069,256.03570671486045,28.5268187737304,28.5268187737304,227.50888794113004,669805288.3564881
ŚWIĘTOCHŁOWICKI,1935,fixed14,882962959.6512766,882793720.7824845,172274.82924369574,3035.9604515474816,3035.9604515474816,169238.86879214825,882790684.8220329
ŻNIŃSKI,1935,fixed14,838410725.235161,838409462.4959202,1460.0178421875953,197.27860140548938,197.27860140548938,1262.739240782106,838409265.2173188
ŻYDACZOWSKI,1935,fixed14,769930711.1670603,769929881.3620368,897.3759659949958,67.57094251791065,67.57094251791065,829.8050234770851,769929813.7910943
ŻYWIECKI,1935,fixed14,808010646.6355277,808009159.7560403,1668.6783967769193,181.79890939692388,181.79890939692388,1486.8794873799955,808008977.9571309
ŻÓŁKIEWSKI,1935,fixed14,794077455.0572741,794076470.3649307,1152.70672131013,168.01437795696222,168.01437795696222,984.6923433531678,794076302.3505528
AUGUSTOWSKI,1936,fixed14,755431071.7472166,755430631.5528163,478.0868929785792,37.89249270817767,37.89249270817767,440.19440027040156,755430593.6603236
BARANOWICKI,1936,fixed14,838951270.448752,838950916.6703991,407.8409635952185,54.06261066010005,54.06261066010005,353.77835293511845,838950862.6077884
BIALSKI (BIAŁA KRAKOWSKA),1936,fixed14,878201021.0141517,878195760.5753113,5504.859984033118,244.4211436443455,244.4211436443455,5260.438840388772,878195516.1541677
BIALSKI (BIAŁA PODLASKA),1936,fixed14,859989622.387592,859988840.3251138,896.4165392539103,114.35406108655121,114.35406108655121,782.062478167359,859988725.9710526
BIAŁOSTOCKI,1936,fixed14,838308184.1071794,838307095.3848288,1188.173603609727,99.45125309358602,99.45125309358602,1088.722350516141,838306995.9335757
BIELSKI (BIELSK PODLASKI),1936,fixed14,834291329.2954954,834290986.3932244,426.3316636703395,83.42939269737153,83.42939269737153,342.902270972968,834290902.9638317
BIELSKO,1936,fixed14,880490969.4819988,880475656.1048758,15599.317917437835,285.9407944101756,285.9407944101756,15313.37712302766,880475370.1640813
BIŁGORAJSKI,1936,fixed14,831598586.2162616,831597928.269744,738.323030833988,80.37651318405798,80.37651318405798,657.94651764993,831597847.8932308
BOCHEŃSKI,1936,fixed14,881449362.7309332,881448099.4672424,1586.3550639084879,323.0913730335119,323.0913730335119,1263.263690874976,881447776.3758693
BORSZCZOWSKI,1936,fixed14,771919713.2396528,771918733.5491172,999.2298189509947,19.53928339905146,19.53928339905146,979.6905355519433,771918714.0098338
BRASŁAWSKI,1936,fixed14,684871252.5878694,684871045.3263962,222.0403558679861,14.778882782301872,14.778882782301872,207.26147308568423,684871030.5475135
BRODNICKI,1936,fixed14,858758308.0527834,858756962.6868147,1486.3374298490767,140.97146117202954,140.97146117202954,1345.365968677047,858756821.7153535
BRODZKI,1936,fixed14,889484713.436745,889483780.1641394,1012.6505006857709,79.37789494838653,79.37789494838653,933.2726057373844,889483700.7862444
BRZESKI (BRZESKO),1936,fixed14,828038397.6776345,828037356.2390524,1116.4213686703017,74.98278670317295,74.98278670317295,1041.4385819671288,828037281.2562658
BRZESKI (BRZEŚĆ N.BUG.),1936,fixed14,874801621.5046116,874801275.5696602,459.5094533594951,113.5745019578074,113.5745019578074,345.9349514016877,874801161.9951582
BRZEZIŃSKI,1936,fixed14,883931365.2139176,883928249.9862434,3898.8673193024656,783.6396450408846,783.6396450408846,3115.227674261581,883927466.3465983
BRZEŻAŃSKI,1936,fixed14,824303162.66303,824302112.5522636,1128.464544437163,78.35377794615589,78.35377794615589,1050.1107664910073,824302034.1984856
BRZOZOWSKI,1936,fixed14,820689031.044012,820687116.3979136,1970.6767496011873,56.03065116613414,56.03065116613414,1914.646098435053,820687060.3672624
BUCZACKI,1936,fixed14,819061392.0946463,819060361.2003757,1098.3428112680856,67.44854054914536,67.44854054914536,1030.8942707189403,819060293.7518351
BYDGOSKI,1936,fixed14,887554326.0954838,887551798.8174388,2749.600183216854,222.32213828158024,222.32213828158024,2527.2780449352736,887551576.4953005
BÓBRECKI,1936,fixed14,822035192.047907,822034034.9742692,1221.8687199281921,64.7950820822651,64.7950820822651,1157.0736378459271,822033970.179187
BĘDZIŃSKI,1936,fixed14,916634596.6862339,916626808.7918463,8144.51901067902,356.6246230702279,356.6246230702279,7787.8943876087915,916626452.1672232
BŁOŃSKI,1936,fixed14,881475115.580587,881471250.1166266,5782.790250024125,1917.3262895971245,1917.3262895971245,3865.4639604270005,881469332.790337
CHEŁMIŃSKI,1936,fixed14,855351498.1220369,855349873.994188,1778.9688143566736,154.8409654233206,154.8409654233206,1624.127848933353,855349719.1532226
CHEŁMSKI,1936,fixed14,876421020.0929011,876420256.6477675,883.0074893056931,119.56235573179401,119.56235573179401,763.445133573899,876420137.0854118
CHODZIESKI,1936,fixed14,893767690.0091262,893766251.1422887,1593.1860707143069,154.3192332061074,154.3192332061074,1438.8668375081995,893766096.8230555
CHOJNICKI,1936,fixed14,817083064.7169366,817082463.837271,664.9516282282511,64.0719625743688,64.0719625743688,600.8796656538824,817082399.7653084
CHORZÓW,1936,fixed14,951066940.8339977,950741610.0284421,333584.8373222913,8254.031766631588,8254.031766631588,325330.8055556597,950733355.9966755
CHRZANOWSKI,1936,fixed14,911355920.97721,911349813.4815974,6593.091893692251,485.59628104139284,485.59628104139284,6107.495612650858,911349327.8853164
CIECHANOWSKI,1936,fixed14,843966419.8093137,843965219.8980743,1504.9636105946206,305.0523713144694,305.0523713144694,1199.9112392801512,843964914.845703
CIESZYŃSKI,1936,fixed14,873395009.7782378,873390550.7737519,4744.394158386131,285.3896723821868,285.3896723821868,4459.004486003943,873390265.3840795
CZARNKOWSKI,1936,fixed14,887014259.6858946,887013045.2199515,1314.4562123041662,99.9902692200095,99.9902692200095,1214.4659430841568,887012945.2296823
CZORTKOWSKI,1936,fixed14,831067343.5806763,831065705.3910787,1723.0159917119172,84.826394111673,84.826394111673,1638.1895976002443,831065620.5646846
CZĘSTOCHOWSKI,1936,fixed14,865851906.9242023,865848905.3784316,3179.5628465103446,178.01707573799882,178.01707573799882,3001.545770772346,865848727.3613558
DOBROMILSKI,1936,fixed14,828716038.2289629,828715045.8976582,1065.421995419141,73.09069072856312,73.09069072856312,992.3313046905779,828714972.8069675
DOLIŃSKI,1936,fixed14,825460916.746174,825460372.4630952,611.1144027242692,66.83132397107457,66.83132397107457,544.2830787531947,825460305.6317712
DROHICKI,1936,fixed14,798776787.9305444,798776437.2615186,389.9978804239103,39.32885473857947,39.32885473857947,350.66902568533084,798776397.9326639
DROHOBYCKI,1936,fixed14,847405727.1046003,847403506.6145829,2332.554868636865,112.06485111127931,112.06485111127931,2220.4900175255857,847403394.5497317
DUBIEŃSKI,1936,fixed14,880007851.0158172,880007360.5896271,529.0992893069123,38.67309933405421,38.67309933405421,490.4261899728581,880007321.9165279
DZIAŁDOWSKI,1936,fixed14,821378130.2020202,821377279.4647125,916.6369498397339,65.8996422728268,65.8996422728268,850.7373075669071,821377213.5650703
DZIŚNIEŃSKI,1936,fixed14,686115021.4336095,686114730.6373105,305.48962327774876,14.693324270671422,14.693324270671422,290.7962990070773,686114715.9439862
DĄBROWSKI,1936,fixed14,849901683.2241405,849900731.1609222,1088.6605066521856,136.5972882192615,136.5972882192615,952.0632184329243,849900594.5636339
GARWOLIŃSKI,1936,fixed14,841682935.1737608,841682077.0944767,1081.3716727513945,223.2923887023168,223.2923887023168,858.0792840490776,841681853.802088
GNIEŹNIEŃSKI,1936,fixed14,939692434.3222533,939690872.9024417,1886.8087981998458,325.3889866167312,325.3889866167312,1561.4198115831146,939690547.5134552
GORLICKI,1936,fixed14,846030764.3451915,846029584.5177879,1300.632990257628,120.80558673757656,120.80558673757656,1179.8274035200516,846029463.7122012
GOSTYNIŃSKI,1936,fixed14,863002107.0853992,863000894.6889389,1405.9836674958683,193.58720715909408,193.58720715909408,1212.3964603367742,863000701.1017317
GOSTYŃSKI,1936,fixed14,945859115.1621317,945857268.1315808,2095.782294055898,248.75174323947715,248.75174323947715,1847.030550816421,945857019.3798376
GRODZIEŃSKI,1936,fixed14,779330901.6856174,779330507.3003578,440.06423550218574,45.67897577436303,45.67897577436303,394.3852597278227,779330461.621382
GRUDZIĄDZKI,1936,fixed14,856576693.0869777,856573637.965118,3231.146779759804,176.0249201597306,176.0249201597306,3055.121859600073,856573461.940198
GRÓDECKI,1936,fixed14,857574446.2266233,857573493.705498,1233.4413113560718,280.9201860689604,280.9201860689604,952.5211252871113,857573212.7853119
GRÓJECKI,1936,fixed14,862136219.7229668,862135018.2709879,2055.0713996224567,853.6194206550482,853.6194206550482,1201.4519789674084,862134164.6515672
HOROCHOWSKI,1936,fixed14,838087352.0224913,838086680.3187686,707.4151624904289,35.711439785526125,35.711439785526125,671.7037227049028,838086644.6073289
HORODEŃSKI,1936,fixed14,795854983.9592861,795853763.6881715,1253.2004864537003,32.92937178346821,32.92937178346821,1220.271114670232,795853730.7587997
HRUBIESZOWSKI,1936,fixed14,854749277.1773711,854748262.5654917,1119.0360915641525,104.42421212496666,104.42421212496666,1014.6118794391857,854748158.1412796
INOWROCŁAWSKI,1936,fixed14,894474781.2104305,894473098.4143205,1856.2009986049736,173.40488867922156,173.40488867922156,1682.796109925752,894472925.0094318
IWACEWICKI,1936,fixed14,809810652.7540541,809810394.7419426,300.4038860331174,42.39177465388433,42.39177465388433,258.01211137923303,809810352.350168
IŁŻECKI,1936,fixed14,831004303.471354,831003224.9461071,1167.1923966238408,88.6671497527935,88.6671497527935,1078.5252468710473,831003136.2789574
JANOWSKI,1936,fixed14,841716240.1153038,841715376.8530691,965.3547442744893,102.09250966448919,102.09250966448919,863.2622346100002,841715274.7605594
JAROCIŃSKI,1936,fixed14,931187358.281843,931185909.2380096,1681.4018365624916,232.3580031284938,232.3580031284938,1449.0438334339979,931185676.8800064
JAROSŁAWSKI,1936,fixed14,859804131.1675134,859803084.6469319,1173.848030364396,127.32744882480512,127.32744882480512,1046.520581539591,859802957.319483
JASIELSKI,1936,fixed14,846327113.3146124,846326128.9268354,1119.6961494413931,135.3083724728152,135.3083724728152,984.3877769685779,846325993.6184629
JAWOROWSKI,1936,fixed14,840488387.8205059,840487502.7111961,1017.3807337614321,132.27142392163756,132.27142392163756,885.1093098397945,840487370.4397721
JĘDRZEJOWSKI,1936,fixed14,874030698.3939785,874029835.0802462,1083.046672906873,219.7329407041568,219.7329407041568,863.3137322027162,874029615.3473055
KALISKI,1936,fixed14,895502525.2170569,895500685.7640595,1963.0604664077996,123.60746904660759,123.60746904660759,1839.452997361192,895500562.1565905
KAMIONECKI,1936,fixed14,850452025.9080281,850451190.960462,956.2618050280205,121.31423888538049,121.31423888538049,834.94756614264,850451069.6462231
KARTUSKI,1936,fixed14,783327178.8504175,783326493.127377,741.4318470010078,55.7088064923578,55.7088064923578,685.72304050865,783326437.4185705
KATOWICE,1936,fixed14,933678099.1260251,933602594.7008421,76748.33382609591,1243.90864309599,1243.90864309599,75504.42518299993,933601350.792199
KAŁUSKI,1936,fixed14,794242617.5247829,794241912.5908891,741.943661896689,37.00976812287564,37.00976812287564,704.9338937738135,794241875.581121
KIELECKI,1936,fixed14,869198753.5227798,869197485.6885347,1456.3965051300397,188.5622600324343,188.5622600324343,1267.8342450976054,869197297.1262747
KOBRYŃSKI,1936,fixed14,831635890.8631506,831635614.5610535,344.4581827937966,68.15608568924263,68.15608568924263,276.302097104554,831635546.4049678
KOLBUSZOWSKI,1936,fixed14,794168529.622378,794167590.9440094,977.9238182235591,39.24544963857237,39.24544963857237,938.6783685849867,794167551.6985598
KOLSKI,1936,fixed14,913851255.8325114,913849906.7688721,1629.8334883420557,280.76984906510654,280.76984906510654,1349.063639276949,913849625.9990231
KONECKI,1936,fixed14,872375809.0203185,872374641.2530375,1391.86907802869,224.10179698728842,224.10179698728842,1167.7672810414015,872374417.1512405
KONIŃSKI,1936,fixed14,905298318.8447804,905297435.4947047,1019.9802279947071,136.63015219209856,136.63015219209856,883.3500758026086,905297298.8645525
KOPYCZYNIECKI,1936,fixed14,825806233.2458967,825805201.4936829,1101.5246280445544,69.77241425472383,69.77241425472383,1031.7522137898306,825805131.7212687
KOSOWSKI (KOSÓW HUCULSKI),1936,fixed14,750137681.8916255,750137341.7756515,358.07518848801345,17.959214447884914,17.959214447884914,340.11597404012855,750137323.816437
KOSTOPOLSKI,1936,fixed14,860837955.4280269,860837545.9918334,441.93963578138823,32.50344232530634,32.50344232530634,409.43619345608187,860837513.4883912
KOSZYRSKI,1936,fixed14,778076847.9391512,778076623.0266321,248.23008377803714,23.31756470149946,23.31756470149946,224.91251907653768,778076599.7090673
KOWELSKI,1936,fixed14,860182960.9150226,860182747.6600628,269.0160882123506,55.76112841461822,55.76112841461822,213.25495979773237,860182691.8989344
KOZIENICKI,1936,fixed14,854524873.4657265,854524152.7368591,881.5776406682901,160.84877320303536,160.84877320303536,720.7288674652548,854523991.8880858
KOŁOMYJSKI,1936,fixed14,825901201.7407545,825900256.0924472,1017.4604342495315,71.81212683458227,71.81212683458227,945.6483074149493,825900184.2803203
KOŚCIAŃSKI,1936,fixed14,969598309.9997658,969596681.5590594,1994.0058716318308,365.5651653081887,365.5651653081887,1628.4407063236422,969596315.9938941
KOŚCIERSKI,1936,fixed14,803557883.2111709,803557150.3431741,797.9355630866052,65.06756624101827,65.06756624101827,732.8679968455868,803557085.2756078
KRAKOWSKI,1936,fixed14,889899126.9945332,889897222.2937711,3027.987926147431,1123.2871641507447,1123.2871641507447,1904.7007619966864,889896099.006607
KRAKÓW (MIASTO),1936,fixed14,890201064.2937605,889711429.4231954,490027.8440904861,392.97352528594007,392.97352528594007,489634.87056520017,889711036.4496701
KRASNOSTAWSKI,1936,fixed14,842225311.9719328,842224357.2686697,1037.6937823216508,82.99051928721153,82.99051928721153,954.7032630344394,842224274.2781504
KROTOSZYŃSKI,1936,fixed14,919882926.0315796,919881350.4041233,1746.4224542504196,170.79499788186914,170.79499788186914,1575.6274563685504,919881179.6091254
KROŚNIEŃSKI,1936,fixed14,844363977.2037987,844361620.0677869,2456.7840166728683,99.64800497808122,99.64800497808122,2357.136011694787,844361520.4197819
KRZEMIENIECKI,1936,fixed14,839170157.0573657,839169635.4472167,547.8724114163468,26.26226248406292,26.26226248406292,521.6101489322839,839169609.1849543
KUTNOWSKI,1936,fixed14,903612209.2377248,903609300.8899848,3399.010760221185,490.66302022598626,490.66302022598626,2908.347739995199,903608810.2269646
KĘPIŃSKI,1936,fixed14,908527279.2370008,908526109.374624,1272.189807367958,102.32743064315322,102.32743064315322,1169.8623767248048,908526007.0471934
LESKI,1936,fixed14,793845100.1205122,793844418.9310163,717.6784409990988,36.48894509552452,36.48894509552452,681.1894959035743,793844382.4420712
LESZCZYŃSKI,1936,fixed14,969828540.6728832,969826623.9143764,2169.1113542357207,252.35284742729803,252.35284742729803,1916.7585068084227,969826371.5615289
LIDZKI,1936,fixed14,786942956.5132711,786942595.3085463,407.1780503248457,45.973325537512586,45.973325537512586,361.2047247873331,786942549.3352208
LIMANOWSKI,1936,fixed14,838659395.229755,838658648.8131397,837.1288033282834,90.7121880625518,90.7121880625518,746.4166152657316,838658558.1009517
LIPNOWSKI,1936,fixed14,775895691.7414055,775894722.8232461,1066.291671770708,97.37351238062298,97.37351238062298,968.918159390085,775894625.4497337
LUBACZOWSKI,1936,fixed14,822575185.9894358,822574361.8583488,881.8263551151332,57.695268178125076,57.695268178125076,824.1310869370081,822574304.1630807
LUBARTOWSKI,1936,fixed14,856936157.0821437,856935381.7899953,960.6256684149338,185.33352011124794,185.33352011124794,775.2921483036858,856935196.4564753
LUBAWSKI,1936,fixed14,834188470.1974812,834187124.5568556,1424.55504181028,78.9144162318923,78.9144162318923,1345.6406255783877,834187045.6424394
LUBELSKI,1936,fixed14,868278916.5863022,868276968.3458266,2103.3537136267673,155.11323814237673,155.11323814237673,1948.2404754843906,868276813.2325885
LUBLINIECKI,1936,fixed14,917757176.9963933,917755366.6561552,2055.2414822394026,244.90124418744375,244.90124418744375,1810.340238051959,917755121.7549111
LUBOMELSKI,1936,fixed14,842298227.2681376,842297955.5404562,327.20560708417963,55.47792562720027,55.47792562720027,271.7276814569794,842297900.0625305
LWOWSKI,1936,fixed14,869815803.9738153,869814741.2097421,1985.8429110651095,923.0788378461083,923.0788378461083,1062.7640732190014,869813818.1309042
LWÓW (MIASTO),1936,fixed14,890445236.8032241,890209669.7267823,235935.89297872095,368.8165369133264,368.8165369133264,235567.0764418076,890209300.9102454
M. ST. WARSZAWA,1936,fixed14,888038257.3760492,887225995.4588201,818452.3549533628,6190.437724372989,6190.437724372989,812261.9172289899,887219805.0210958
MAKOWSKI (MAKÓW MAZOWIECKI),1936,fixed14,793126903.1318711,793126086.2824439,895.2305036260433,78.38107644928219,78.38107644928219,816.8494271767611,793126007.9013674
MIECHOWSKI,1936,fixed14,862344639.5397981,862343540.0805017,1243.5557235226884,144.0964271293613,144.0964271293613,1099.4592963933271,862343395.9840746
MIELECKI,1936,fixed14,853900159.5670286,853899266.5405143,1021.9516577926202,128.92514352380275,128.92514352380275,893.0265142688174,853899137.6153709
MIĘDZYCHODZKI,1936,fixed14,948803806.1904126,948802723.619208,1169.2041405829796,86.6329358405365,86.6329358405365,1082.5712047424431,948802636.9862721
MIŃSKI,1936,fixed14,860503888.7615052,860502293.2897003,2328.0845085930505,732.6127035912009,732.6127035912009,1595.4718050018498,860501560.6769967
MOGILEŃSKI,1936,fixed14,901676375.7790847,901675265.1966,1281.4532823754182,170.87079760090373,170.87079760090373,1110.5824847745146,901675094.3258023
MORSKI,1936,fixed14,770527443.2787986,770525460.4501864,2018.599291425856,35.77067923768955,35.77067923768955,1982.8286121881665,770525424.6795071
MOŁODECZAŃSKI,1936,fixed14,743404354.3227596,743403846.456689,531.0254014089618,23.159330694793564,23.159330694793564,507.8660707141682,743403823.2973583
MOŚCISKI,1936,fixed14,828264832.260105,828263686.3356509,1210.1572124933587,64.2327584060994,64.2327584060994,1145.9244540872592,828263622.1028925
MYŚLENICKI,1936,fixed14,824195847.7762338,824194882.2642629,1036.9959143996389,71.48394357904837,71.48394357904837,965.5119708205905,824194810.7803193
MŁAWSKI,1936,fixed14,824609742.4310352,824608810.8254333,1058.368526860979,126.7629248740097,126.7629248740097,931.6056019869693,824608684.0625083
NADWÓRNIAŃSKI,1936,fixed14,800084404.6924676,800083853.008566,599.5058028365297,47.821901329221966,47.821901329221966,551.6839015073077,800083805.1866647
NIESZAWSKI,1936,fixed14,893861205.6268781,893859900.5237284,1531.68689490335,226.58374511976044,226.58374511976044,1305.1031497835897,893859673.9399832
NIEŚWIESKI,1936,fixed14,752355847.574096,752355172.8017853,693.1158431732475,18.343532588821205,18.343532588821205,674.7723105844264,752355154.4582528
NIŻAŃSKI,1936,fixed14,829971516.150987,829970607.627956,968.476835572884,59.953804665941874,59.953804665941874,908.5230309069422,829970547.6741514
NOWOGRÓDZKI,1936,fixed14,802411906.264615,802411535.0212002,418.5452495856359,47.30183472939826,47.30183472939826,371.2434148562376,802411487.7193655
NOWOSĄDECKI,1936,fixed14,844008922.8393072,844007899.9875429,1122.1058084978179,99.25404416820952,99.25404416820952,1022.8517643296083,844007800.7334987
NOWOTARSKI,1936,fixed14,849543444.6287998,849542523.5611638,1035.0911148025002,114.0234786897572,114.0234786897572,921.067636112743,849542409.537685
NOWOTOMYSKI,1936,fixed14,987690547.4260491,987689128.6629418,1561.8979569127625,143.13484964935614,143.13484964935614,1418.7631072634065,987688985.5280921
OBORNICKI,1936,fixed14,931457177.8186556,931456111.1808321,1388.3883799532846,321.7505564876914,321.7505564876914,1066.637823465593,931455789.4302757
OLKUSKI,1936,fixed14,870853520.7954434,870852054.4653589,1622.1350461792972,155.80496162011215,155.80496162011215,1466.330084559185,870851898.6603973
OPATOWSKI,1936,fixed14,848316536.2966235,848315189.4764576,1459.166849006454,112.34668311900141,112.34668311900141,1346.8201658874525,848315077.1297745
OPOCZYŃSKI,1936,fixed14,876243292.8336434,876242558.2967663,1083.3292251711382,348.79234806342663,348.79234806342663,734.5368771077116,876242209.5044183
OSTROWSKI (OSTRÓW MAZOWIECKA),1936,fixed14,831763112.0796555,831762426.4722959,864.9228624616906,179.31550278070577,179.31550278070577,685.6073596809848,831762247.1567931
OSTROWSKI (OSTRÓW WIELKOPOLSKI),1936,fixed14,926286897.0060433,926285619.2396994,1436.3124859537998,158.54614192720453,158.54614192720453,1277.7663440265953,926285460.6935574
OSTROŁĘCKI,1936,fixed14,809635994.4210379,809635607.1035638,511.0194228233793,123.70194865748371,123.70194865748371,387.31747416589553,809635483.4016151
OSZMIAŃSKI,1936,fixed14,703406973.5247797,703406599.088105,388.5384111883354,14.101736444174254,14.101736444174254,374.4366747441611,703406584.9863685
PIOTRKOWSKI,1936,fixed14,859345855.3009466,859344548.0707159,1567.0556317458859,259.82540100910984,259.82540100910984,1307.230230736776,859344288.2453148
PIŃCZOWSKI,1936,fixed14,842656304.1774111,842655286.5945666,1128.0476964496145,110.46485194303321,110.46485194303321,1017.5828445065813,842655176.1297146
PIŃSKI,1936,fixed14,821667828.6747923,821667572.250851,293.3694834139154,36.94554220355064,36.94554220355064,256.4239412103648,821667535.3053088
PODHAJECKI,1936,fixed14,827485433.3399837,827484695.6317258,828.1416868192437,90.43342889412568,90.43342889412568,737.708257925118,827484605.1982969
POSTAWSKI,1936,fixed14,689704003.6703142,689703785.394704,237.06830699885333,18.79269688727627,18.79269688727627,218.27561011157707,689703766.6020072
POZNAŃ (MIASTO),1936,fixed14,979331928.1359259,979052553.1381229,280281.3546330787,906.3568301590436,906.3568301590436,279374.99780291965,979051646.7812928
POZNAŃSKI,1936,fixed14,968327442.6963626,968326108.9153962,4304.782173468795,2971.0012071659876,2971.0012071659876,1333.7809663028072,968323137.9141891
PRUŻAŃSKI,1936,fixed14,834532053.0521487,834531687.0629325,426.7730853785346,60.78386916141105,60.78386916141105,365.98921621712356,834531626.2790633
PRZASNYCKI,1936,fixed14,782959137.1230397,782958388.9828281,817.3444389440823,69.20422727902977,69.20422727902977,748.1402116650526,782958319.7786008
PRZEMYSKI,1936,fixed14,865167104.3088131,865165126.4882098,2119.786460315917,141.96585699592316,141.96585699592316,1977.8206033199936,865164984.5223528
PRZEMYŚLAŃSKI,1936,fixed14,843930719.7665046,843929633.6996012,1200.125380634299,114.05847717284479,114.05847717284479,1086.0669034614543,843929519.641124
PRZEWORSKI,1936,fixed14,857262958.955358,857260389.8614902,2700.9196765363663,131.82580871737434,131.82580871737434,2569.093867818992,857260258.0356815
PSZCZYŃSKI,1936,fixed14,907326561.944051,907323387.159518,3618.016648241116,443.23211523812296,443.23211523812296,3174.784533002993,907322943.9274027
PUŁAWSKI,1936,fixed14,845054625.2288584,845053723.5507051,1017.2448842458033,115.56673098740318,115.56673098740318,901.6781532584001,845053607.9839741
PUŁTUSKI,1936,fixed14,811952416.9461398,811951360.4093764,1236.6788062399373,180.1420427087153,180.1420427087153,1056.536763531222,811951180.2673336
PŁOCKI,1936,fixed14,760594757.0067165,760593013.765895,1810.8967921282865,67.6559706419708,67.6559706419708,1743.2408214863158,760592946.1099243
PŁOŃSKI,1936,fixed14,823954644.1062148,823953648.8438488,1305.603984649059,310.3416186142611,310.3416186142611,995.2623660347979,823953338.5022302
RADOMSKI,1936,fixed14,867074545.0679557,867073142.5220506,1652.5947459313647,250.04884074484715,250.04884074484715,1402.5459051865175,867072892.4732099
RADOMSZCZAŃSKI,1936,fixed14,864998586.2718854,864997652.1750476,1197.2887965039877,263.19195880665325,263.19195880665325,934.0968376973344,864997388.9830889
RADZIECHOWSKI,1936,fixed14,837001601.2024031,837000859.3255397,786.5127362785149,44.63587291764128,44.63587291764128,741.8768633608736,837000814.6896667
RADZYMIŃSKI,1936,fixed14,871516116.7375437,871514572.4924991,3847.5445486271974,2303.299504031088,2303.299504031088,1544.2450445961092,871512269.1929951
RADZYŃSKI,1936,fixed14,841235665.650646,841234822.882282,966.3400511372265,123.57168725917239,123.57168725917239,842.7683638780541,841234699.3105948
RAWICKI,1936,fixed14,947372335.912326,947369742.7571229,2801.630533645164,208.47533063141236,208.47533063141236,2593.155203013752,947369534.2817923
RAWSKI (RAWA MAZOWIECKA),1936,fixed14,850732407.8129405,850731377.9909586,1301.6005272141215,271.7785452777149,271.7785452777149,1029.8219819364067,850731106.2124133
RAWSKI (RAWA RUSKA),1936,fixed14,851469267.5177305,851468549.0080409,831.1778266122515,112.66813705757554,112.66813705757554,718.5096895546759,851468436.3399038
ROHATYŃSKI,1936,fixed14,816275363.7099282,816274509.2009207,918.1184232264018,63.60941575827092,63.60941575827092,854.5090074681309,816274445.5915049
ROPCZYCKI,1936,fixed14,859871245.7900127,859870381.49189,1001.0564110308367,136.75828821220207,136.75828821220207,864.2981228186346,859870244.7336017
RUDECKI,1936,fixed14,833670489.8769187,833669229.0066077,1333.4087771724442,72.53846610044098,72.53846610044098,1260.8703110720032,833669156.4681416
RYBNICKI,1936,fixed14,889375450.7914131,889369944.2231884,5800.063487508483,293.4952629077332,293.4952629077332,5506.56822460075,889369650.7279255
RYPIŃSKI,1936,fixed14,776160092.476807,776158987.3557756,1211.9328599574624,106.81182866347451,106.81182866347451,1105.121031293988,776158880.543947
RZESZOWSKI,1936,fixed14,853170341.3663185,853168907.0979869,1539.3741360157821,105.10580445064028,105.10580445064028,1434.2683315651418,853168801.9921825
RÓWIEŃSKI,1936,fixed14,878832810.7579902,878832076.7208217,769.0034901277131,34.96632159731912,34.96632159731912,734.037168530394,878832041.7545002
SAMBORSKI,1936,fixed14,863993699.5882113,863992609.7629381,1303.9554026701987,214.13012948377656,214.13012948377656,1089.8252731864222,863992395.6328087
SANDOMIERSKI,1936,fixed14,810760747.8320086,810759709.945514,1093.5521595986315,55.665664939775404,55.665664939775404,1037.8864946588562,810759654.279849
SANOCKI,1936,fixed14,818315701.3597072,818314481.6392531,1274.6566292460914,54.93617511401027,54.93617511401027,1219.7204541320812,818314426.703078
SARNEŃSKI,1936,fixed14,868913655.2813814,868913439.6692843,255.49233794638903,39.88024088109662,39.88024088109662,215.6120970652924,868913399.7890434
SIEDLECKI,1936,fixed14,852754645.7096288,852753845.1036683,1000.2899327010439,199.68397229204328,199.68397229204328,800.6059604090007,852753645.4196961
SIERADZKI,1936,fixed14,918892113.2617345,918890816.8577272,1677.9106084050231,381.50660111206975,381.50660111206975,1296.4040072929533,918890435.3511261
SIERPECKI,1936,fixed14,774457584.1849172,774456482.8836584,1193.322904713795,92.02164584808982,92.02164584808982,1101.3012588657052,774456390.8620125
SKAŁACKI,1936,fixed14,825418722.7101545,825417669.3828303,1098.6319337310226,45.304609427614565,45.304609427614565,1053.327324303408,825417624.0782208
SKIERNIEWICKI,1936,fixed14,881146546.3212054,881144899.4474566,2262.1558058636583,615.2820570868228,615.2820570868228,1646.8737487768356,881144284.1653996
SOCHACZEWSKI,1936,fixed14,869539153.5885471,869537033.2110641,2555.9343315823144,435.5568485233947,435.5568485233947,2120.3774830589196,869536597.6542156
SOKALSKI,1936,fixed14,849332400.7300304,849331499.1393076,990.0253168510175,88.4345940427295,88.4345940427295,901.590722808288,849331410.7047136
SOKOŁOWSKI,1936,fixed14,840922518.6116353,840921670.281838,1012.6023404131442,164.27254313383406,164.27254313383406,848.3297972793101,840921506.0092949
SOKÓLSKI,1936,fixed14,811207571.7939985,811207200.5839399,455.67804070509806,84.46798213996684,84.46798213996684,371.21005856513125,811207116.1159577
STANISŁAWOWSKI,1936,fixed14,829596212.6306471,829594959.9461919,1349.8757836482641,97.1913285018122,97.1913285018122,1252.684455146452,829594862.7548634
STAROGARDZKI,1936,fixed14,812793193.8485717,812791963.6897932,1298.5206179680658,68.36183958002158,68.36183958002158,1230.1587783880443,812791895.3279537
STOLIŃSKI,1936,fixed14,811754930.9919541,811754759.1115505,198.13065809013867,26.250254567673153,26.250254567673153,171.8804035224655,811754732.8612959
STOPNICKI,1936,fixed14,798596402.2218986,798595629.9375339,819.670051450479,47.38568669693709,47.38568669693709,772.2843647535419,798595582.5518471
STOŁPECKI,1936,fixed14,795087136.1205363,795086747.2975681,410.72733084249796,21.90436261221106,21.90436261221106,388.8229682302869,795086725.3932055
STRYJSKI,1936,fixed14,806224376.8542722,806223785.0550445,643.7066416921169,51.90741390533658,51.90741390533658,591.7992277867803,806223733.1476306
SUWALSKI,1936,fixed14,748159038.3139976,748158542.0290879,529.4461291398786,33.16121939988363,33.16121939988363,496.28490973999504,748158508.8678685
SZAMOTULSKI,1936,fixed14,942895308.314378,942894058.3924942,1445.5112060066422,195.58932221964554,195.58932221964554,1249.9218837869967,942893862.803172
SZCZUCZYŃSKI (WOJ. BIAŁOSTOCKIE),1936,fixed14,795492882.2611083,795492262.5180275,671.6026026843521,51.85952199152044,51.85952199152044,619.7430806928317,795492210.6585056
SZCZUCZYŃSKI (WOJ. NOWOGRÓDZKIE),1936,fixed14,750125881.7228934,750125541.3671517,368.0098935091855,27.654151968464628,27.654151968464628,340.3557415407208,750125513.7129998
SZUBIŃSKI,1936,fixed14,896040079.9370034,896038958.1268867,1387.7712154463006,265.96109873630064,265.96109873630064,1121.81011671,896038692.1657879
SĘPOLEŃSKI,1936,fixed14,860881294.7167331,860879586.5545244,1856.3427016937949,148.18049293935496,148.18049293935496,1708.16220875444,860879438.3740314
SŁONIMSKI,1936,fixed14,823085323.0209599,823084975.7291565,400.09173441315363,52.79993107525291,52.79993107525291,347.2918033379007,823084922.9292254
TARNOBRZESKI,1936,fixed14,864093349.5417504,864092295.4773384,1164.2080887917086,110.14367677516881,110.14367677516881,1054.0644120165398,864092185.3336617
TARNOGÓRSKI,1936,fixed14,942641983.7621306,942631796.4933031,11336.13812369055,1148.8692961004704,1148.8692961004704,10187.26882759008,942630647.624007
TARNOPOLSKI,1936,fixed14,862569925.1511363,862568707.3654146,1304.2893260692736,86.50360437818075,86.50360437818075,1217.7857216910927,862568620.8618102
TARNOWSKI,1936,fixed14,865601854.11472,865599771.2349689,2249.1534002231137,166.2736491426199,166.2736491426199,2082.879751080494,865599604.9613198
TCZEWSKI,1936,fixed14,802067888.2899381,802065710.7458963,2229.27527967145,51.7312379266377,51.7312379266377,2177.544041744812,802065659.0146585
TOMASZOWSKI,1936,fixed14,832321185.6011665,832320323.9285836,930.1972149437694,68.52463214592355,68.52463214592355,861.6725827978458,832320255.4039515
TORUŃSKI,1936,fixed14,887558185.6066488,887555601.5704397,2818.451605514321,234.41539643058118,234.41539643058118,2584.03620908374,887555367.1550432
TREMBOWELSKI,1936,fixed14,846318050.714639,846316995.1072624,1148.2706034543191,92.6632268858823,92.6632268858823,1055.6073765684368,846316902.4440355
TUCHOLSKI,1936,fixed14,844720752.2547089,844719909.5476594,967.4318334174635,124.7247838840217,124.7247838840217,842.7070495334418,844719784.8228755
TURCZAŃSKI,1936,fixed14,828239410.0246702,828238876.1440789,614.4069609500397,80.52636961969793,80.52636961969793,533.8805913303418,828238795.6177093
TURECKI,1936,fixed14,839289253.4652106,839288333.8470397,980.4350458405396,60.816874989923654,60.816874989923654,919.6181708506159,839288273.0301647
TŁUMACKI,1936,fixed14,825573825.2469215,825572695.3017771,1225.2872915580149,95.34214706122947,95.34214706122947,1129.9451444967854,825572599.95963
WADOWICKI,1936,fixed14,878481460.1257297,878480021.4942175,1739.1322889035262,300.5007768078629,300.5007768078629,1438.6315120956633,878479720.9934407
WARSZAWSKI,1936,fixed14,882580052.847703,882576111.5272578,37429.42443304927,33488.103987808805,33488.103987808805,3941.32044524047,882542623.42327
WIELUŃSKI,1936,fixed14,914113673.1414121,914112863.6967204,918.3601549489604,108.91546319556974,108.91546319556974,809.4446917533907,914112754.7812572
WILEJSKI,1936,fixed14,702442330.9033492,702442044.1808707,300.47451202972735,13.752033422094716,13.752033422094716,286.72247860763264,702442030.4288372
WILEŃSKO-TROCKI,1936,fixed14,749921269.5942547,749921017.4623412,405.84322031942895,153.71130684234393,153.71130684234393,252.131913477085,749920863.7510344
WILNO (MIASTO),1936,fixed14,769246672.1573176,769169332.7189167,77464.62479062317,125.18638965880366,125.18638965880366,77339.43840096437,769169207.532527
WOLSZTYŃSKI,1936,fixed14,1018002163.0366154,1018000865.3671521,1512.8906531105483,215.22118989844134,215.22118989844134,1297.669463212107,1018000650.1459622
WOŁKOWYSKI,1936,fixed14,817911745.358604,817911457.6602247,351.87865397849015,64.18027469507189,64.18027469507189,287.69837928341826,817911393.47995
WOŁOŻYŃSKI,1936,fixed14,715706420.6588181,715706039.0343772,396.19018949743446,14.565748534493288,14.565748534493288,381.62444096294115,715706024.4686286
WRZESIŃSKI,1936,fixed14,934306860.0691652,934304877.569504,2240.149270516136,257.64960933947765,257.64960933947765,1982.499661176658,934304619.9198947
WYRZYSKI,1936,fixed14,878555206.9598845,878553742.7994775,1664.5744381368213,200.41403106414188,200.41403106414188,1464.1604070726794,878553542.3854464
WYSOKOMAZOWIECKI,1936,fixed14,811273899.1337764,811273268.1954608,712.2845649318091,81.3462492891043,81.3462492891043,630.9383156427048,811273186.8492115
WĄBRZESKI,1936,fixed14,862921185.5073615,862919583.6394163,1773.9819828532004,172.11403757598566,172.11403757598566,1601.8679452772149,862919411.5253787
WĄGROWIECKI,1936,fixed14,920100226.5634556,920099071.5659333,1412.7344195497103,257.7368973911433,257.7368973911433,1154.9975221585669,920098813.829036
WĘGROWSKI,1936,fixed14,804154949.6039193,804154017.4454602,1011.2079029089359,79.0494437991975,79.0494437991975,932.1584591097384,804153938.3960164
WŁOCŁAWSKI,1936,fixed14,883867358.4678369,883864639.2939585,2930.5280020902883,211.3541238318213,211.3541238318213,2719.173878258467,883864427.9398347
WŁODAWSKI,1936,fixed14,825069168.5487543,825068636.2454716,588.5476764948122,56.24439370626305,56.24439370626305,532.3032827885492,825068580.0010779
WŁODZIMIERSKI,1936,fixed14,866598297.985676,866597749.4665225,635.8840104448457,87.36485678499406,87.36485678499406,548.5191536598517,866597662.1016656
WŁOSZCZOWSKI,1936,fixed14,833874639.8826741,833873988.6724225,760.7179926697225,109.50774113915932,109.50774113915932,651.2102515305633,833873879.1646814
ZALESZCZYCKI,1936,fixed14,800657388.9773238,800656318.3174942,1107.1198766040786,36.46004696556741,36.46004696556741,1070.6598296385112,800656281.8574471
ZAMOJSKI,1936,fixed14,865388090.2632283,865386758.148011,1459.6211891955413,127.50597185767418,127.50597185767418,1332.115217337867,865386630.6420391
ZBARASKI,1936,fixed14,849414757.3172104,849413695.3110192,1122.830524855348,60.824333594504495,60.824333594504495,1062.0061912608435,849413634.4866856
ZBOROWSKI,1936,fixed14,810400092.1784657,810399197.8716342,929.2465095969359,34.939678025794485,34.939678025794485,894.3068315711414,810399162.9319562
ZDOŁBUNOWSKI,1936,fixed14,901473574.699426,901472659.0932094,947.5419686951748,31.935752020161683,31.935752020161683,915.6062166750131,901472627.1574574
ZŁOCZOWSKI,1936,fixed14,856728782.651031,856727862.8610309,1011.2844616992385,91.49446164707506,91.49446164707506,919.7900000521635,856727771.3665693
ŁASKI,1936,fixed14,895203879.2826052,895201325.6142535,2885.8946812609397,332.2263295493344,332.2263295493344,2553.6683517116053,895200993.387924
ŁAŃCUCKI,1936,fixed14,845536862.6065145,845535581.8798167,1364.1124157256118,83.38571789760196,83.38571789760196,1280.7266978280097,845535498.4940988
ŁOMŻYŃSKI,1936,fixed14,809775783.002946,809775204.8556705,677.9518946010363,99.80461905053951,99.80461905053951,578.1472755504968,809775105.0510514
ŁOWICKI,1936,fixed14,894266285.9595174,894264925.3548002,2003.9950005780338,643.3902834501794,643.3902834501794,1360.6047171278544,894264281.9645168
ŁUCKI,1936,fixed14,883772319.0876968,883771923.2098662,444.72997384140734,48.85214321270977,48.85214321270977,395.87783062869755,883771874.357723
ŁUKOWSKI,1936,fixed14,848018233.9684695,848017479.1231556,891.5668040754448,136.72149018551022,136.72149018551022,754.8453138899346,848017342.4016654
ŁUNINIECKI,1936,fixed14,811945376.1289232,811945152.1516354,253.03328598797148,29.05599819789141,29.05599819789141,223.97728779008008,811945123.0956372
ŁÓDZKI,1936,fixed14,900319610.607093,900315961.89844,5799.857682495523,2151.149029537838,2151.149029537838,3648.7086529576845,900313810.7494105
ŁÓDŹ (MIASTO),1936,fixed14,899497143.7082815,898425915.1147492,1071849.6705188316,621.0769865551913,621.0769865551913,1071228.5935322763,898425294.0377626
ŁĘCZYCKI,1936,fixed14,904579936.5456147,904578444.9580032,2216.3889067305504,724.8012951098932,724.8012951098932,1491.587611620657,904577720.156708
ŚNIATYŃSKI,1936,fixed14,804663244.0142957,804661438.8917239,1842.2360020412104,37.11343026754821,37.11343026754821,1805.1225717736622,804661401.7782936
ŚREDZKI,1936,fixed14,935705885.1608512,935704346.3572206,1838.9155996015768,300.11196903939685,300.11196903939685,1538.80363056218,935704046.2452517
ŚREMSKI,1936,fixed14,923287245.3885638,923285851.1247276,1582.6133124121754,188.34947617913954,188.34947617913954,1394.2638362330358,923285662.7752514
ŚWIECKI,1936,fixed14,853847788.0882758,853846777.3774458,1173.844587338562,163.13375735531005,163.13375735531005,1010.710829983252,853846614.2436885
ŚWIĘCIAŃSKI,1936,fixed14,718908502.5034575,718908239.8080564,294.18539637613526,31.489995271420295,31.489995271420295,262.69540110471496,718908208.3180611
ŚWIĘTOCHŁOWICKI,1936,fixed14,951317323.3951273,951137402.8727498,183356.16449452424,3435.642116971445,3435.642116971445,179920.5223775528,951133967.2306328
ŻNIŃSKI,1936,fixed14,903712066.5936471,903710608.5814865,1686.5077735649443,228.49561284911798,228.49561284911798,1458.0121607158262,903710380.0858736
ŻYDACZOWSKI,1936,fixed14,826111300.6935178,826110469.4437921,903.93183915533,72.68211344920196,72.68211344920196,831.249725706128,826110396.7616787
ŻYWIECKI,1936,fixed14,869734856.8055679,869733329.11752,1723.2395790016176,195.55153112659332,195.55153112659332,1527.6880478750243,869733133.5659889
ŻÓŁKIEWSKI,1936,fixed14,852426589.9643664,852425537.1294204,1232.8754379566058,180.0404919830527,180.0404919830527,1052.834945973553,852425357.0889285
AUGUSTOWSKI,1937,fixed14,810081676.877475,810081131.596972,590.1258013490834,44.84529831286781,44.84529831286781,545.2805030362156,810081086.7516737
BARANOWICKI,1937,fixed14,900857921.1376729,900857439.5672178,550.7445645692385,69.17410946690666,69.17410946690666,481.57045510233183,900857370.3931084
BIALSKI (BIAŁA KRAKOWSKA),1937,fixed14,938816364.5576833,938810515.7911258,6130.3092333280265,281.5426757302787,281.5426757302787,5848.766557597748,938810234.24845
BIALSKI (BIAŁA PODLASKA),1937,fixed14,921750074.85761,921749099.5716949,1112.7055032736623,137.41958811615652,137.41958811615652,975.2859151575058,921748962.1521068
BIAŁOSTOCKI,1937,fixed14,899007288.8174413,899006093.037748,1312.1699472334235,116.39025387889659,116.39025387889659,1195.779693354527,899005976.6474941
BIELSKI (BIELSK PODLASKI),1937,fixed14,894252450.8755293,894252025.5238427,523.1558284555377,97.80414186790797,97.80414186790797,425.3516865876298,894251927.7197008
BIELSKO,1937,fixed14,941404051.5219188,941387195.0332425,17187.296177794156,330.80750143494953,330.80750143494953,16856.488676359208,941386864.225741
BIŁGORAJSKI,1937,fixed14,891027192.6432945,891026356.5007153,935.4829477294159,99.34036855988553,99.34036855988553,836.1425791695303,891026257.1603467
BOCHEŃSKI,1937,fixed14,942760239.9946309,942758650.0279094,1946.237595558324,356.2708740485579,356.2708740485579,1589.966721509766,942758293.7570354
BORSZCZOWSKI,1937,fixed14,827031903.9088197,827030591.2812725,1336.8197104708431,24.19216329607782,24.19216329607782,1312.6275471747654,827030567.0891092
BRASŁAWSKI,1937,fixed14,734649710.6946695,734649314.9339328,413.31687163885425,17.556134968083192,17.556134968083192,395.76073667077105,734649297.3777978
BRODNICKI,1937,fixed14,919276222.4126383,919274526.4562838,1909.6616918601503,213.70533741432456,213.70533741432456,1695.9563544458258,919274312.7509464
BRODZKI,1937,fixed14,954487946.9855294,954486794.1084557,1245.8313605835278,92.95428680763747,92.95428680763747,1152.8770737758903,954486701.1541688
BRZESKI (BRZESKO),1937,fixed14,885939157.9043041,885937751.8135573,1494.8173658298047,88.72661900190201,88.72661900190201,1406.0907468279026,885937663.0869383
BRZESKI (BRZEŚĆ N.BUG.),1937,fixed14,937899478.1954459,937898966.2700486,649.4660943566588,137.54069706194983,137.54069706194983,511.925397294709,937898828.7293515
BRZEZIŃSKI,1937,fixed14,946498738.4548557,946495369.2605035,4182.6635991035855,813.4692469641523,813.4692469641523,3369.194352139433,946494555.7912565
BRZEŻAŃSKI,1937,fixed14,882782983.9036521,882781646.6197654,1432.5411213302955,95.257234647842,95.257234647842,1337.2838866824534,882781551.3625307
BRZOZOWSKI,1937,fixed14,878658211.6525522,878655968.4579155,2310.1083312059463,66.91369449013668,66.91369449013668,2243.19463671581,878655901.544221
BUCZACKI,1937,fixed14,877299133.0808823,877297777.8093687,1438.4028449026519,83.13133127977524,83.13133127977524,1355.2715136228767,877297694.6780374
BYDGOSKI,1937,fixed14,953288724.2839417,953285966.3681973,3028.959244505509,271.0435000356374,271.0435000356374,2757.9157444698717,953285695.3246973
BÓBRECKI,1937,fixed14,880475688.8037767,880474260.0873411,1504.08374280536,75.36730719197938,75.36730719197938,1428.7164356133808,880474184.7200339
BĘDZIŃSKI,1937,fixed14,981809375.8551542,981800825.3966687,9015.053625960321,464.595140482993,464.595140482993,8550.45848547733,981800360.8015282
BŁOŃSKI,1937,fixed14,944217066.0025052,944212919.7378308,6087.499515937165,1941.2348414930345,1941.2348414930345,4146.26467444413,944210978.5029893
CHEŁMIŃSKI,1937,fixed14,918494452.9290878,918492402.7343091,2239.697857501796,189.50307876238801,189.50307876238801,2050.194778739408,918492213.2312303
CHEŁMSKI,1937,fixed14,939515013.9389787,939514037.4375077,1123.9719089188573,147.47043796675447,147.47043796675447,976.5014709521027,939513889.9670697
CHODZIESKI,1937,fixed14,957406963.1962497,957405286.2033511,1857.0418372348138,180.04893857991803,180.04893857991803,1676.9928986548957,957405106.1544125
CHOJNICKI,1937,fixed14,874486358.4472575,874485590.208972,846.1359917744992,77.89770632230973,77.89770632230973,768.2382854521894,874485512.3112657
CHORZÓW,1937,fixed14,1016329811.3681976,1015980607.3779688,359517.16674844676,10313.176519666216,10313.176519666216,349203.99022878055,1015970294.2014492
CHRZANOWSKI,1937,fixed14,974221455.3732257,974214672.0427569,7345.691643889023,562.3611750168283,562.3611750168283,6783.330468872195,974214109.6815819
CIECHANOWSKI,1937,fixed14,904134453.5279396,904133034.9064717,1743.0138862589783,324.3924183603463,324.3924183603463,1418.621467898632,904132710.5140533
CIESZYŃSKI,1937,fixed14,933608752.6452689,933603818.8883656,5261.889260179637,328.1323569081101,328.1323569081101,4933.756903271526,933603490.7560087
CZARNKOWSKI,1937,fixed14,947764950.7458276,947763536.2961748,1530.8720642003912,116.42241141875567,116.42241141875567,1414.4496527816355,947763419.8737633
CZORTKOWSKI,1937,fixed14,890395577.9726889,890393592.8168119,2093.3031905384096,108.1473135472797,108.1473135472797,1985.15587699113,890393484.6694983
CZĘSTOCHOWSKI,1937,fixed14,928267559.8070502,928264253.5638685,3536.391073776257,230.14789206493222,230.14789206493222,3306.2431817113247,928264023.4159764
DOBROMILSKI,1937,fixed14,887378020.812479,887376833.1931926,1273.735511247227,86.11622486482288,86.11622486482288,1187.619286382404,887376747.0769677
DOLIŃSKI,1937,fixed14,883815994.0981151,883815359.5236292,713.2592197297338,78.68473388061315,78.68473388061315,634.5744858491206,883815280.8388953
DROHICKI,1937,fixed14,856512965.6985078,856512439.0826257,575.9605355512244,49.344653465516714,49.344653465516714,526.6158820857078,856512389.7379723
DROHOBYCKI,1937,fixed14,907380915.85722,907378485.8908676,2561.975430133314,132.0090776217257,132.0090776217257,2429.9663525115884,907378353.8817899
DUBIEŃSKI,1937,fixed14,944956715.2755204,944956003.1259161,761.4712141775007,49.32160988957224,49.32160988957224,712.1496042879285,944955953.8043063
DZIAŁDOWSKI,1937,fixed14,879509335.6930702,879508277.0250309,1140.0350832410606,81.36704395204052,81.36704395204052,1058.66803928902,879508195.6579869
DZIŚNIEŃSKI,1937,fixed14,736029994.0834906,736029631.164712,381.0580978313349,18.139319157305646,18.139319157305646,362.9187786740293,736029613.0253928
DĄBROWSKI,1937,fixed14,909308001.925288,909306693.510871,1469.9937883250811,161.5793714453253,161.5793714453253,1308.414416879756,909306531.9314996
GARWOLIŃSKI,1937,fixed14,901258602.473337,901257471.1552165,1368.7811235741922,237.46300289593356,237.46300289593356,1131.3181206782585,901257233.6922135
GNIEŹNIEŃSKI,1937,fixed14,1004080052.6455984,1004078271.2559448,2154.567705993626,373.1780524470737,373.1780524470737,1781.3896535465526,1004077898.0778924
GORLICKI,1937,fixed14,905226959.4160714,905225514.8332679,1589.48766635581,144.9048628272178,144.9048628272178,1444.5828035285922,905225369.928405
GOSTYNIŃSKI,1937,fixed14,922981781.6159073,922980362.5238987,1631.0552309140471,211.96322229843022,211.96322229843022,1419.0920086156168,922980150.5606765
GOSTYŃSKI,1937,fixed14,1010152384.2118851,1010150096.0153943,2577.721747130747,289.525256419342,289.525256419342,2288.196490711405,1010149806.4901379
GRODZIEŃSKI,1937,fixed14,835625596.2818807,835625123.4103494,526.5772927714198,53.705761410194114,53.705761410194114,472.87153136122566,835625069.7045879
GRUDZIĄDZKI,1937,fixed14,917010496.8967375,917006705.3891886,4013.137769226075,221.6302204417711,221.6302204417711,3791.5075487843037,917006483.7589682
GRÓDECKI,1937,fixed14,918980839.4240173,918979666.0389555,1465.3611586836498,291.97609686721904,291.97609686721904,1173.3850618164308,918979374.0628586
GRÓJECKI,1937,fixed14,922863360.7858719,922861904.780042,2326.96854589311,870.9627160690234,870.9627160690234,1456.0058298240863,922861033.817326
HOROCHOWSKI,1937,fixed14,899021611.5685855,899020644.7864773,1012.0156902997619,45.2335821653243,45.2335821653243,966.7821081344376,899020599.5528952
HORODEŃSKI,1937,fixed14,852065042.1322335,852063498.4861662,1584.3417747747937,40.69570750093905,40.69570750093905,1543.6460672738547,852063457.7904587
HRUBIESZOWSKI,1937,fixed14,916382439.5880011,916381135.3043165,1437.3633771273771,133.07969254158223,133.07969254158223,1304.2836845857948,916381002.224624
INOWROCŁAWSKI,1937,fixed14,956790945.0057485,956788991.6738954,2162.3001728896274,208.968319772923,208.968319772923,1953.3318531167045,956788782.7055756
IWACEWICKI,1937,fixed14,868758938.2224523,868758583.6087145,408.27674005452815,53.663002268085215,53.663002268085215,354.6137377864429,868758529.9457122
IŁŻECKI,1937,fixed14,889441070.7302651,889439801.7039181,1370.807126477068,101.78077945983947,101.78077945983947,1269.0263470172285,889439699.9231386
JANOWSKI,1937,fixed14,901544495.4207397,901543358.5295641,1257.9523076304527,121.06113205181953,121.06113205181953,1136.891175578633,901543237.4684321
JAROCIŃSKI,1937,fixed14,994834666.107741,994832951.871098,1985.9136945318646,271.6770514861395,271.6770514861395,1714.2366430457253,994832680.1940465
JAROSŁAWSKI,1937,fixed14,920531111.4749507,920529824.5720608,1435.5615025681577,148.65861276359294,148.65861276359294,1286.9028898045647,920529675.9134481
JASIELSKI,1937,fixed14,905718700.7862016,905717437.9064342,1424.1236590482815,161.24389161225955,161.24389161225955,1262.879767436022,905717276.6625426
JAWOROWSKI,1937,fixed14,900619490.1326766,900618383.3195745,1250.3114247174017,143.49832263060472,143.49832263060472,1106.813102086797,900618239.8212519
JĘDRZEJOWSKI,1937,fixed14,934889991.0992665,934888909.0597175,1337.0236210325368,254.98407205471062,254.98407205471062,1082.0395489778261,934888654.0756454
KALISKI,1937,fixed14,957316999.1886368,957314901.8084971,2239.1727905150474,141.7926507864066,141.7926507864066,2097.3801397286406,957314760.0158463
KAMIONECKI,1937,fixed14,911570173.0893934,911569102.6269184,1205.0547833461112,134.59230835229687,134.59230835229687,1070.4624749938143,911568968.03461
KARTUSKI,1937,fixed14,838585767.0165696,838584946.4668599,888.9568440393552,68.40713439291758,68.40713439291758,820.5497096464377,838584878.0597255
KATOWICE,1937,fixed14,997610083.569112,997528078.6555802,83442.88644644972,1437.9729147276107,1437.9729147276107,82004.91353172211,997526640.6826655
KAŁUSKI,1937,fixed14,850324925.7798867,850323999.1133906,970.6828643325099,44.016368167012416,44.016368167012416,926.6664961654975,850323955.0970224
KIELECKI,1937,fixed14,929952936.2997092,929951486.1833125,1666.6726708667916,216.55627422698242,216.55627422698242,1450.1163966398092,929951269.6270384
KOBRYŃSKI,1937,fixed14,891582602.9877726,891582186.8488321,501.7105323436784,85.57159190087475,85.57159190087475,416.13894044280363,891582101.2772403
KOLBUSZOWSKI,1937,fixed14,849971177.4099665,849970003.8859621,1220.8393372153225,47.31533287673956,47.31533287673956,1173.524004338583,849969956.5706292
KOLSKI,1937,fixed14,977052334.6829668,977050754.5755247,1893.779302859332,313.6718607133407,313.6718607133407,1580.1074421459912,977050440.903664
KONECKI,1937,fixed14,933501771.2462394,933500441.3908672,1581.70303950373,251.84766729340777,251.84766729340777,1329.8553722103222,933500189.5431999
KONIŃSKI,1937,fixed14,967663653.8192585,967662552.4783853,1256.6576979335116,155.31682476594133,155.31682476594133,1101.3408731675702,967662397.1615605
KOPYCZYNIECKI,1937,fixed14,884902799.5769088,884901419.6244013,1466.91662167649,86.96411421939546,86.96411421939546,1379.9525074570945,884901332.6602871
KOSOWSKI (KOSÓW HUCULSKI),1937,fixed14,802906247.0377668,802905843.1363875,425.81897946990773,21.917600098865364,21.917600098865364,403.90137937104237,802905821.2187873
KOSTOPOLSKI,1937,fixed14,924720302.3008761,924719769.5171576,574.5884305235132,41.80471193677525,41.80471193677525,532.783718586738,924719727.7124456
KOSZYRSKI,1937,fixed14,834542701.8957227,834542368.5858469,362.129252335769,28.819376446620883,28.819376446620883,333.30987588914815,834542339.7664704
KOWELSKI,1937,fixed14,922740868.8277704,922740559.8029965,379.38110713620085,70.35633324295405,70.35633324295405,309.0247738932468,922740489.4466633
KOZIENICKI,1937,fixed14,915100666.1750017,915099784.5940996,1062.00045506528,180.41955290412105,180.41955290412105,881.580902161159,915099604.1745467
KOŁOMYJSKI,1937,fixed14,883794572.7476459,883793379.8844982,1280.2444301195019,87.38128247653387,87.38128247653387,1192.863147642968,883793292.5032158
KOŚCIAŃSKI,1937,fixed14,1035446139.9674313,1035444112.1584264,2443.46450453771,415.655499632858,415.655499632858,2027.8090049048524,1035443696.5029268
KOŚCIERSKI,1937,fixed14,860467965.2861106,860467053.0041687,991.9398488771855,79.65790697871023,79.65790697871023,912.2819418984752,860466973.3462617
KRAKOWSKI,1937,fixed14,951589261.5672395,951586867.0547171,3533.7611067937746,1139.248584389472,1139.248584389472,2394.5125224043027,951585727.8061327
KRAKÓW (MIASTO),1937,fixed14,951858775.209913,951383649.5169393,475605.1322876501,479.4393138940715,479.4393138940715,475125.692973756,951383170.0776254
KRASNOSTAWSKI,1937,fixed14,902540929.6387117,902539597.9083481,1433.0109266596799,101.28056305238444,101.28056305238444,1331.7303636072954,902539496.6277851
KROTOSZYŃSKI,1937,fixed14,982864513.6040614,982862676.2088202,2038.7517096586369,201.35646854239258,201.35646854239258,1837.3952411162443,982862474.8523517
KROŚNIEŃSKI,1937,fixed14,903745553.6772014,903742804.6225173,2869.7460415824416,120.69135748529565,120.69135748529565,2749.054684097146,903742683.9311599
KRZEMIENIECKI,1937,fixed14,900868782.3504755,900868046.8216665,769.311059902047,33.782250903434424,33.782250903434424,735.5288089986126,900868013.0394156
KUTNOWSKI,1937,fixed14,966426416.772514,966423156.7933631,3794.3519078600702,534.3727569887307,534.3727569887307,3259.9791508713397,966422622.4206061
KĘPIŃSKI,1937,fixed14,970648877.7915598,970647476.6906024,1524.1346782855098,123.03372085052878,123.03372085052878,1401.100957434981,970647353.6568816
LESKI,1937,fixed14,849796918.2807722,849796031.4677643,930.238530068204,43.42552204034658,43.42552204034658,886.8130080278574,849795988.0422422
LESZCZYŃSKI,1937,fixed14,1035428606.8714781,1035426373.1388543,2531.763633191914,298.0310094805225,298.0310094805225,2233.732623711391,1035426075.1078448
LIDZKI,1937,fixed14,844326749.9327615,844326262.8987732,542.7409332536434,55.706944915386124,55.706944915386124,487.03398833825736,844326207.1918283
LIMANOWSKI,1937,fixed14,897090069.9555998,897089029.7522329,1147.8609694133038,107.65760252665878,107.65760252665878,1040.203366886645,897088922.0946304
LIPNOWSKI,1937,fixed14,934629159.7620372,934628122.754518,1222.9256438419452,185.91812471947208,185.91812471947208,1037.007519122473,934627936.8363934
LUBACZOWSKI,1937,fixed14,881372130.2828954,881371102.5994679,1095.2939765386445,67.61054898897618,67.61054898897618,1027.6834275496683,881371034.9889189
LUBARTOWSKI,1937,fixed14,918093717.2888314,918092670.9721692,1267.0651978610963,220.74853567639514,220.74853567639514,1046.316662184701,918092450.2236335
LUBAWSKI,1937,fixed14,892797334.8811195,892795774.1874456,1658.097172764282,97.40349893954762,97.40349893954762,1560.6936738247343,892795676.7839468
LUBELSKI,1937,fixed14,930221262.5153257,930218922.4789894,2526.2271437878003,186.19080749875124,186.19080749875124,2340.036336289049,930218736.2881819
LUBLINIECKI,1937,fixed14,980677301.7180854,980675153.0588597,2439.453694202698,290.79446854768116,290.79446854768116,2148.6592256550166,980674862.2643912
LUBOMELSKI,1937,fixed14,903296480.783845,903296107.4709843,441.95850520933715,68.64564460062716,68.64564460062716,373.31286060870997,903296038.8253398
LWOWSKI,1937,fixed14,932129381.5829988,932128093.5184964,2193.6977687183935,905.6332663383482,905.6332663383482,1288.064502380045,932127187.8852301
LWÓW (MIASTO),1937,fixed14,954267598.0963056,954043751.4200456,224297.78536062,451.1091006310125,451.1091006310125,223846.676259989,954043300.310945
M. ST. WARSZAWA,1937,fixed14,951433036.0125613,950628993.2208192,810549.3425416842,6506.550799562299,6506.550799562299,804042.7917421219,950622486.6700196
MAKOWSKI (MAKÓW MAZOWIECKI),1937,fixed14,849487558.8211039,849486592.4228104,1053.0751520083127,86.67685858579831,86.67685858579831,966.3982934225144,849486505.7459519
MIECHOWSKI,1937,fixed14,922090261.5990609,922088856.7792506,1573.9837411833419,169.16393088514516,169.16393088514516,1404.8198102981967,922088687.6153197
MIELECKI,1937,fixed14,913856009.7818035,913854812.4627668,1353.6881973631496,156.36916065384983,156.36916065384983,1197.3190367092998,913854656.0936061
MIĘDZYCHODZKI,1937,fixed14,1013103750.8722541,1013102433.3572577,1418.6005236203928,101.08552718259827,101.08552718259827,1317.5149964377945,1013102332.2717305
MIŃSKI,1937,fixed14,922137358.8803532,922135506.9248195,2607.9149945198114,755.9594607831001,755.9594607831001,1851.9555337367112,922134750.9653587
MOGILEŃSKI,1937,fixed14,963962767.3225713,963961465.929044,1503.7746312889394,202.38110400847364,202.38110400847364,1301.3935272804658,963961263.54794
MORSKI,1937,fixed14,825297176.9937878,825294781.2172965,2439.8206559496602,44.04416470429943,44.04416470429943,2395.776491245361,825294737.1731318
MOŁODECZAŃSKI,1937,fixed14,797638603.5808839,797637969.8864634,662.2255080915478,28.531087619357596,28.531087619357596,633.6944204721902,797637941.3553758
MOŚCISKI,1937,fixed14,887072786.7974371,887071300.8543139,1560.8890773105784,74.94595407831456,74.94595407831456,1485.9431232322638,887071225.9083598
MYŚLENICKI,1937,fixed14,881465895.5882047,881464570.3714272,1408.8314532888792,83.61467573714965,83.61467573714965,1325.2167775517296,881464486.7567514
MŁAWSKI,1937,fixed14,883181823.0419217,883180726.2556131,1239.3798445889397,142.59353589149543,142.59353589149543,1096.7863086974442,883180583.6620772
NADWÓRNIAŃSKI,1937,fixed14,856164722.7336941,856164071.655788,709.6147122136424,58.536806124968166,58.536806124968166,651.0779060886742,856164013.1189818
NIESZAWSKI,1937,fixed14,955897200.6947576,955895699.120455,1766.8981646051711,265.3238621022438,265.3238621022438,1501.5743025029274,955895433.796593
NIEŚWIESKI,1937,fixed14,807297734.8031256,807296835.4923649,922.0943802568736,22.783619469693747,22.783619469693747,899.3107607871798,807296812.7087454
NIŻAŃSKI,1937,fixed14,888517456.3185612,888516350.6447371,1178.786513489321,73.11268932410857,73.11268932410857,1105.6738241652124,888516277.5320477
NOWOGRÓDZKI,1937,fixed14,861332769.9679993,861332238.3626927,591.2992201503401,59.69391353451212,59.69391353451212,531.605306615828,861332178.6687791
NOWOSĄDECKI,1937,fixed14,902923896.3818103,902922636.4865305,1378.9720097484428,119.07673005968729,119.07673005968729,1259.8952796887556,902922517.4098005
NOWOTARSKI,1937,fixed14,908496744.4846712,908495631.5774004,1246.1373724517232,133.23010168202472,133.23010168202472,1112.9072707696985,908495498.3472987
NOWOTOMYSKI,1937,fixed14,1054451300.1670423,1054449591.762748,1873.750159331625,165.34586509645766,165.34586509645766,1708.4042942351673,1054449426.4168829
OBORNICKI,1937,fixed14,995140317.0159171,995139013.7498628,1664.240323745133,360.97426956260335,360.97426956260335,1303.2660541825298,995138652.7755933
OLKUSKI,1937,fixed14,931001760.5975149,931000072.7786329,1874.8046735693893,186.98579157709617,186.98579157709617,1687.818881992293,930999885.7928413
OPATOWSKI,1937,fixed14,907836392.0783769,907834781.2108872,1739.4979995398328,128.63050985026635,128.63050985026635,1610.8674896895664,907834652.5803773
OPOCZYŃSKI,1937,fixed14,937452199.3435421,937451260.8821877,1316.4431609097112,377.9818064624006,377.9818064624006,938.4613544473106,937450882.9003812
OSTROWSKI (OSTRÓW MAZOWIECKA),1937,fixed14,891471950.4287941,891471117.8063506,1028.3674035306838,195.74495996111182,195.74495996111182,832.6224435695719,891470922.0613906
OSTROWSKI (OSTRÓW WIELKOPOLSKI),1937,fixed14,989830545.8551661,989829024.0046043,1710.4585213110258,188.60795964298154,188.60795964298154,1521.8505616680443,989828835.3966447
OSTROŁĘCKI,1937,fixed14,867669340.7909038,867668834.7796026,641.6740913339673,135.66279016391812,135.66279016391812,506.0113011700492,867668699.1168125
OSZMIAŃSKI,1937,fixed14,754504963.348315,754504481.4608678,499.11545108940413,17.228003884742957,17.228003884742957,481.88744720466116,754504464.2328639
PIOTRKOWSKI,1937,fixed14,920305960.9254453,920304440.4948,1801.9135935273184,281.48294823725234,281.48294823725234,1520.430645290066,920304159.0118518
PIŃCZOWSKI,1937,fixed14,901199632.0294205,901198332.3530843,1429.1008748230029,129.42453862664794,129.42453862664794,1299.676336196355,901198202.9285457
PIŃSKI,1937,fixed14,881757382.5465735,881757019.4167713,409.73640719698085,46.606604903158235,46.606604903158235,363.1298022938226,881756972.8101664
PODHAJECKI,1937,fixed14,886201935.2033042,886200889.0468521,1154.5715294996646,108.41507747544578,108.41507747544578,1046.1564520242189,886200780.6317747
POSTAWSKI,1937,fixed14,739916368.4743572,739916082.5785018,308.96800104754584,23.072145554964546,23.072145554964546,285.8958554925813,739916059.5063562
POZNAŃ (MIASTO),1937,fixed14,1045980139.1213621,1045690260.6953001,290982.96779989864,1104.541737861517,1104.541737861517,289878.4260620371,1045689156.1535622
POZNAŃSKI,1937,fixed14,1034231515.8441619,1034229870.6578798,4743.4585312088675,3098.2722492525713,3098.2722492525713,1645.1862819562964,1034226772.3856306
PRUŻAŃSKI,1937,fixed14,894930338.0172426,894929796.5465955,617.4515322265254,75.98088511177374,75.98088511177374,541.4706471147516,894929720.5657103
PRZASNYCKI,1937,fixed14,838915181.6206189,838914312.2779456,945.9081907635714,76.56551736679279,76.56551736679279,869.3426733967785,838914235.7124282
PRZEMYSKI,1937,fixed14,926544883.63935,926542671.5331477,2378.891768545208,166.78556623027336,166.78556623027336,2212.1062023149348,926542504.7475815
PRZEMYŚLAŃSKI,1937,fixed14,904131722.8911161,904130352.0104803,1498.5324074886275,127.65177168170008,127.65177168170008,1370.8806358069276,904130224.3587086
PRZEWORSKI,1937,fixed14,917886191.2853861,917883163.0392402,3185.387101348695,157.14095546875242,157.14095546875242,3028.2461458799426,917883005.8982848
PSZCZYŃSKI,1937,fixed14,969672889.273654,969669073.169927,4323.347033759493,507.2433067183361,507.2433067183361,3816.1037270411566,969668565.9266202
PUŁAWSKI,1937,fixed14,905241370.3163284,905240188.1155252,1315.781513813841,133.5807106952857,133.5807106952857,1182.2008031185553,905240054.5348146
PUŁTUSKI,1937,fixed14,877835377.7981775,877834139.2455186,1430.6547873352506,192.10212837334373,192.10212837334373,1238.552658961907,877833947.1433902
PŁOCKI,1937,fixed14,876834005.972673,876832045.9684244,2049.2421604930946,89.2379118765227,89.2379118765227,1960.0042486165719,876831956.7305126
PŁOŃSKI,1937,fixed14,915035642.0716848,915034401.9642204,1575.2402910842472,335.1328267214805,335.1328267214805,1240.1074643627667,915034066.8313937
RADOMSKI,1937,fixed14,928250620.7148918,928248997.5615946,1896.0693306011774,272.9160333595726,272.9160333595726,1623.1532972416048,928248724.6455612
RADOMSZCZAŃSKI,1937,fixed14,926692867.4161896,926691756.7205256,1411.9170564670637,301.22139257172876,301.22139257172876,1110.695663895335,926691455.4991331
RADZIECHOWSKI,1937,fixed14,897567292.4800261,897566326.2914907,1019.3275479250968,53.139012427995866,53.139012427995866,966.1885354971009,897566273.1524782
RADZYMIŃSKI,1937,fixed14,933927588.2616944,933925836.6037564,4077.008184201124,2325.3502462505608,2325.3502462505608,1751.6579379505633,933923511.2535102
RADZYŃSKI,1937,fixed14,901103543.822146,901102457.952753,1227.9474182970846,142.07802527873397,142.07802527873397,1085.8693930183506,901102315.8747277
RAWICKI,1937,fixed14,1011807077.6320692,1011804147.8877503,3177.748479968684,248.00416099270734,248.00416099270734,2929.7443189759765,1011803899.8835893
RAWSKI (RAWA MAZOWIECKA),1937,fixed14,910983895.6440132,910982675.1499498,1509.732881508261,289.2388181221027,289.2388181221027,1220.4940633861584,910982385.9111316
RAWSKI (RAWA RUSKA),1937,fixed14,912413978.7321931,912413062.3068287,1043.2655006991968,126.84013624642782,126.84013624642782,916.4253644527689,912412935.4666924
ROHATYŃSKI,1937,fixed14,874114949.1265727,874113760.3275733,1265.012387192295,76.21338773088009,76.21338773088009,1188.7989994614147,874113684.1141856
ROPCZYCKI,1937,fixed14,920218219.304836,920217074.99118,1308.4489090982195,164.13525294537348,164.13525294537348,1144.313656152846,920216910.855927
RUDECKI,1937,fixed14,893144497.1008824,893142851.5943851,1727.4438487691107,81.93735144904052,81.93735144904052,1645.5064973200701,893142769.6570337
RYBNICKI,1937,fixed14,950542606.7063575,950535983.5041945,6959.1769151597655,335.9747522126586,335.9747522126586,6623.202162947107,950535647.5294423
RYPIŃSKI,1937,fixed14,915015964.9363464,915014715.082992,1456.2806133789372,206.42725897558296,206.42725897558296,1249.8533544033544,915014508.655733
RZESZOWSKI,1937,fixed14,913338067.8789624,913336330.3538766,1863.7167975432708,126.19171175714058,126.19171175714058,1737.5250857861301,913336204.1621648
RÓWIEŃSKI,1937,fixed14,943967551.001775,943966582.2944163,1013.6005174568918,44.893158791004154,44.893158791004154,968.7073586658877,943966537.4012575
SAMBORSKI,1937,fixed14,925416950.7189183,925415619.7191097,1572.0512459308457,241.05143727406858,241.05143727406858,1330.999808656777,925415378.6676724
SANDOMIERSKI,1937,fixed14,867564081.1113245,867562787.9520621,1358.490535947482,65.33127353733198,65.33127353733198,1293.15926241015,867562722.6207886
SANOCKI,1937,fixed14,876104331.738219,876102869.1952026,1528.142137142954,65.59912070471329,65.59912070471329,1462.5430164382408,876102803.5960819
SARNEŃSKI,1937,fixed14,933274797.0951226,933274515.3605781,333.00518117101495,51.270636708131654,51.270636708131654,281.7345444628833,933274464.0899414
SIEDLECKI,1937,fixed14,913492728.3186775,913491748.9311535,1199.7107735110926,220.32324948589445,220.32324948589445,979.3875240251981,913491528.6079041
SIERADZKI,1937,fixed14,982185595.9767329,982184038.5624344,1968.6967991606539,411.282500710366,411.282500710366,1557.4142984502878,982183627.2799337
SIERPECKI,1937,fixed14,893726859.4438002,893725518.5664111,1466.7077106774725,125.83032152775532,125.83032152775532,1340.8773891497171,893725392.7360896
SKAŁACKI,1937,fixed14,884919672.2352704,884918290.7613841,1436.8959108230943,55.42202456154074,55.42202456154074,1381.4738862615536,884918235.3393595
SKIERNIEWICKI,1937,fixed14,943729908.1494168,943727976.392907,2579.78692180539,648.0304121185188,648.0304121185188,1931.7565096868714,943727328.362495
SOCHACZEWSKI,1937,fixed14,930456727.7004148,930454375.0604197,2809.2682463514016,456.62825121206794,456.62825121206794,2352.6399951393337,930453918.4321685
SOKALSKI,1937,fixed14,910393808.3613884,910392687.6476254,1224.033703838435,103.31994078146384,103.31994078146384,1120.7137630569712,910392584.3276846
SOKOŁOWSKI,1937,fixed14,900835173.6211835,900834087.4997699,1269.670737910919,183.5493242262867,183.5493242262867,1086.1214136846322,900833903.9504457
SOKÓLSKI,1937,fixed14,869875519.4554979,869875040.5588349,576.3379837822553,97.44132080442475,97.44132080442475,478.89666297783054,869874943.1175141
STANISŁAWOWSKI,1937,fixed14,888024878.3696557,888023372.4170811,1624.8191312169024,118.86655659760395,118.86655659760395,1505.9525746192985,888023253.5505245
STAROGARDZKI,1937,fixed14,870552635.1472001,870551128.8328454,1590.6604276943121,84.34607301745021,84.34607301745021,1506.314354676862,870551044.4867724
STOLIŃSKI,1937,fixed14,871674095.8910426,871673859.637773,269.7567111060672,33.50344154804646,33.50344154804646,236.25326955802075,871673826.1343315
STOPNICKI,1937,fixed14,854468004.2694976,854467019.9888527,1039.967329283853,55.68668442690754,55.68668442690754,984.2806448569453,854466964.3021684
STOŁPECKI,1937,fixed14,853789290.7066529,853788774.3840744,543.6240162422013,27.30143787961939,27.30143787961939,516.3225783625819,853788747.0826366
STRYJSKI,1937,fixed14,863321858.5379266,863321128.5229316,790.5770677913001,60.562072798002376,60.562072798002376,730.0149949932977,863321067.9608588
SUWALSKI,1937,fixed14,802133268.0929027,802132663.0630106,644.2641850368988,39.23429302941282,39.23429302941282,605.029892007486,802132623.8287176
SZAMOTULSKI,1937,fixed14,1007085682.0482037,1007084149.4158359,1753.07274615636,220.44037834078662,220.44037834078662,1532.6323678155734,1007083928.9754575
SZCZUCZYŃSKI (WOJ. BIAŁOSTOCKIE),1937,fixed14,852842922.7098292,852842173.8370167,808.7267140055606,59.85390149447565,59.85390149447565,748.8728125110849,852842113.9831152
SZCZUCZYŃSKI (WOJ. NOWOGRÓDZKIE),1937,fixed14,804123781.7743516,804123289.6525495,525.3211478916621,33.19934577847553,33.19934577847553,492.12180211318656,804123256.4532037
SZUBIŃSKI,1937,fixed14,960661482.0906482,960660190.9646956,1602.8718446493594,311.7458920805324,311.7458920805324,1291.125952568827,960659879.2188035
SĘPOLEŃSKI,1937,fixed14,924092160.5137012,924089967.7104694,2369.3574602401936,176.55422848278832,176.55422848278832,2192.8032317574052,924089791.1562409
SŁONIMSKI,1937,fixed14,883240336.4190639,883239861.4669969,540.5068668783211,65.55479993623172,65.55479993623172,474.9520669420894,883239795.912197
TARNOBRZESKI,1937,fixed14,924934713.5346967,924933390.538393,1457.6134916568326,134.61718792198195,134.61718792198195,1322.9963037348507,924933255.921205
TARNOGÓRSKI,1937,fixed14,1007207458.2193449,1007196147.0150958,12684.644552393685,1373.4403033044898,1373.4403033044898,11311.204249089196,1007194773.5747925
TARNOPOLSKI,1937,fixed14,924893812.0003928,924892335.3416528,1585.206554737054,108.54781472979003,108.54781472979003,1476.658740007264,924892226.793838
TARNOWSKI,1937,fixed14,926129299.3259456,926126867.0492059,2631.5574969847476,199.28075734363733,199.28075734363733,2432.2767396411105,926126667.7684486
TCZEWSKI,1937,fixed14,859225952.748218,859223054.5265868,2961.5815572685055,63.35992593876162,63.35992593876162,2898.221631329744,859222991.1666608
TOMASZOWSKI,1937,fixed14,892226425.6164653,892225300.1494154,1211.4176741981196,85.95062419523333,85.95062419523333,1125.4670500028863,892225214.1987911
TORUŃSKI,1937,fixed14,954371230.3436011,954368065.8483636,3460.111998221648,295.6167607317076,295.6167607317076,3164.4952374899403,954367770.2316029
TREMBOWELSKI,1937,fixed14,907163215.8467476,907161744.3796513,1585.5549943686092,114.08789796753896,114.08789796753896,1471.4670964010702,907161630.2917533
TUCHOLSKI,1937,fixed14,903915047.3316002,903913997.21442,1200.8331616244925,150.7159813682782,150.7159813682782,1050.1171802562144,903913846.4984386
TURCZAŃSKI,1937,fixed14,887031577.9565907,887030927.3921745,744.5790009396802,94.01458483875716,94.01458483875716,650.564416100923,887030833.3775897
TURECKI,1937,fixed14,897097742.6699365,897096553.2085509,1258.4813665517718,69.01998091575604,69.01998091575604,1189.4613856360158,897096484.18857
TŁUMACKI,1937,fixed14,883852331.894084,883850867.685783,1580.2441465753666,116.03584565341224,116.03584565341224,1464.2083009219543,883850751.6499374
WADOWICKI,1937,fixed14,939215633.413678,939213812.4093345,2159.5229195455768,338.5185760747434,338.5185760747434,1821.0043434708332,939213473.8907585
WARSZAWSKI,1937,fixed14,945777062.440385,945772993.8861552,37665.79670259321,33597.24247287132,33597.24247287132,4068.554229721885,945739396.6436824
WIELUŃSKI,1937,fixed14,976642985.0196531,976641970.5004255,1141.818890057071,127.29966252870999,127.29966252870999,1014.519227528361,976641843.200763
WILEJSKI,1937,fixed14,753465439.5661952,753465084.8348602,371.54850673725025,16.817171688054678,16.817171688054678,354.7313350491956,753465068.0176885
WILEŃSKO-TROCKI,1937,fixed14,804584515.1970094,804584189.8911278,482.8237901290079,157.51790845685986,157.51790845685986,325.305881672148,804584032.3732194
WILNO (MIASTO),1937,fixed14,825444079.2648299,825367553.0595998,76685.37851934409,159.17328919829555,159.17328919829555,76526.20523014579,825367393.8863106
WOLSZTYŃSKI,1937,fixed14,1086593464.2525623,1086591860.183763,1854.6282140182902,250.5594148675774,250.5594148675774,1604.0687991507127,1086591609.6243482
WOŁKOWYSKI,1937,fixed14,876967869.3690126,876967495.8131323,450.2277653570136,76.67188502761263,76.67188502761263,373.55588032940096,876967419.1412473
WOŁOŻYŃSKI,1937,fixed14,767767676.5733058,767767175.9191817,518.7953405793507,18.141216450580927,18.141216450580927,500.6541241287698,767767157.7779653
WRZESIŃSKI,1937,fixed14,998459923.4096859,998457685.198442,2534.832138031486,296.62089423668976,296.62089423668976,2238.2112437947962,998457388.5775478
WYRZYSKI,1937,fixed14,943353368.2697707,943351678.7777965,1924.6889298632009,235.1969557246373,235.1969557246373,1689.4919741385636,943351443.5808408
WYSOKOMAZOWIECKI,1937,fixed14,869726579.9380146,869725767.0695767,904.9675508634298,92.09911299310733,92.09911299310733,812.8684378703225,869725674.9704638
WĄBRZESKI,1937,fixed14,923478279.7932681,923476264.3163372,2232.9815314690886,217.50460059896875,217.50460059896875,2015.47693087012,923476046.8117366
WĄGROWIECKI,1937,fixed14,983379874.6653987,983378477.7776709,1693.5196712530453,296.6319433465557,296.6319433465557,1396.8877279064895,983378181.1457275
WĘGROWSKI,1937,fixed14,861328541.9992318,861327352.3523864,1278.913167915157,89.26632249802373,89.26632249802373,1189.6468454171331,861327263.0860639
WŁOCŁAWSKI,1937,fixed14,945295991.9896777,945293054.419046,3178.5618023967963,240.99117076307954,240.99117076307954,2937.570631633717,945292813.4278753
WŁODAWSKI,1937,fixed14,884257202.5142221,884256502.5276803,768.7800704801112,68.79352860725075,68.79352860725075,699.9865418728605,884256433.7341517
WŁODZIMIERSKI,1937,fixed14,929429035.4124118,929428241.9814208,904.255266669631,110.82427559126769,110.82427559126769,793.4309910783634,929428131.1571451
WŁOSZCZOWSKI,1937,fixed14,894514988.658678,894514149.0497779,968.078663100186,128.4697629630357,128.4697629630357,839.6089001371503,894514020.580015
ZALESZCZYCKI,1937,fixed14,857442470.7091724,857441029.933436,1485.981763268893,45.20602688356198,45.20602688356198,1440.7757363853311,857440984.7274091
ZAMOJSKI,1937,fixed14,927426654.427284,927424968.3894397,1845.187111623949,159.149267291047,159.149267291047,1686.037844332902,927424809.2401724
ZBARASKI,1937,fixed14,911017929.4990344,911016525.6340196,1478.4196611717093,74.55464631501783,74.55464631501783,1403.8650148566915,911016451.0793732
ZBOROWSKI,1937,fixed14,868752490.2702174,868751317.8378472,1214.1524138107911,41.72004369195024,41.72004369195024,1172.432370118841,868751276.1178036
ZDOŁBUNOWSKI,1937,fixed14,968735989.8065751,968734861.197517,1169.741035596974,41.131977558400656,41.131977558400656,1128.6090580385733,968734820.0655395
ZŁOCZOWSKI,1937,fixed14,918593211.3153381,918592058.4913399,1257.962394729755,105.13839653412558,105.13839653412558,1152.8239981956294,918591953.3529434
ŁASKI,1937,fixed14,957055800.7793968,957052976.5460993,3182.528187258747,358.29488985969675,358.29488985969675,2824.23329739905,957052618.2512095
ŁAŃCUCKI,1937,fixed14,905293778.4886081,905292231.366263,1647.1711070579,100.04876197695403,100.04876197695403,1547.122345080946,905292131.3175011
ŁOMŻYŃSKI,1937,fixed14,867996769.1983093,867996058.4469346,821.5138866121551,110.76251183511853,110.76251183511853,710.7513747770366,867995947.6844227
ŁOWICKI,1937,fixed14,956671804.2485095,956670157.9096847,2324.113286301422,677.7744614409097,677.7744614409097,1646.338824860512,956669480.1352233
ŁUCKI,1937,fixed14,948698482.4587512,948697934.0559967,610.6286948991417,62.225940305789074,62.225940305789074,548.4027545933526,948697871.8300563
ŁUKOWSKI,1937,fixed14,908452205.6294751,908451234.4140146,1126.8323867654951,155.61692618337975,155.61692618337975,971.2154605821154,908451078.7970884
ŁUNINIECKI,1937,fixed14,871604792.3182095,871604499.6399328,329.8538325476481,37.17555584471249,37.17555584471249,292.6782767029356,871604462.4643769
ŁÓDZKI,1937,fixed14,962758855.3308523,962754946.6402758,6095.023671822107,2186.3330953718364,2186.3330953718364,3908.6905764502703,962752760.3071804
ŁÓDŹ (MIASTO),1937,fixed14,961860499.9478723,960796340.4649665,1064842.9930937162,683.5101879307356,683.5101879307356,1064159.4829057856,960795656.9547786
ŁĘCZYCKI,1937,fixed14,967298012.1512578,967296265.5172205,2512.5724118293383,765.9383745513571,765.9383745513571,1746.6340372779814,967295499.578846
ŚNIATYŃSKI,1937,fixed14,860741091.3616027,860738877.0579264,2259.8208212473414,45.5171450760452,45.5171450760452,2214.303676171296,860738831.5407814
ŚREDZKI,1937,fixed14,999565006.6140825,999563086.6511976,2256.2242572893456,336.2613723335112,336.2613723335112,1919.9628849558344,999562750.3898252
ŚREMSKI,1937,fixed14,986358314.8114083,986356647.3034436,1884.8848729470187,217.37690819596185,217.37690819596185,1667.507964751057,986356429.9265354
ŚWIECKI,1937,fixed14,914061964.7539347,914060696.0307958,1468.20930109478,199.48616219765,199.48616219765,1268.72313889713,914060496.5446336
ŚWIĘCIAŃSKI,1937,fixed14,771257424.3385596,771257092.1080654,369.14770643749296,36.91721209314501,36.91721209314501,332.23049434434796,771257055.1908532
ŚWIĘTOCHŁOWICKI,1937,fixed14,1016555179.5309184,1016339999.8226485,219197.72493687458,4018.0166670092926,4018.0166670092926,215179.70826986528,1016335981.8059815
ŻNIŃSKI,1937,fixed14,966111142.8565267,966109419.893403,1990.373182426234,267.41005874610084,267.41005874610084,1722.963123680133,966109152.4833443
ŻYDACZOWSKI,1937,fixed14,884854481.3648695,884853364.1343119,1201.4474241121607,84.2168665306899,84.2168665306899,1117.2305575814707,884853279.9174454
ŻYWIECKI,1937,fixed14,929759719.6020347,929757807.4696777,2136.273951927553,224.1415948521957,224.1415948521957,1912.1323570753573,929757583.3280828
ŻÓŁKIEWSKI,1937,fixed14,913467406.2063068,913466185.0298337,1413.6473902825378,192.4709170995797,192.4709170995797,1221.176473182958,913465992.5589166
AUGUSTOWSKI,1938,fixed14,870861261.9396033,870860772.8708254,532.836611253944,43.76783339750701,43.76783339750701,489.06877785643707,870860729.102992
BARANOWICKI,1938,fixed14,962237255.9407212,962236850.8941425,467.36694544718335,62.320366866040054,62.320366866040054,405.0465785811433,962236788.5737756
BIALSKI (BIAŁA KRAKOWSKA),1938,fixed14,996517686.997226,996511304.203129,6699.913394388961,317.11929735517487,317.11929735517487,6382.794097033786,996510987.0838317
BIALSKI (BIAŁA PODLASKA),1938,fixed14,979570576.4937916,979569659.1083629,1049.1477623287838,131.76233363749702,131.76233363749702,917.3854286912867,979569527.3460293
BIAŁOSTOCKI,1938,fixed14,963346552.625017,963345297.7019604,1368.3555480648538,113.43249142366948,113.43249142366948,1254.9230566411843,963345184.269469
BIELSKI (BIELSK PODLASKI),1938,fixed14,954970120.3819599,954969730.5879464,485.6979279789533,95.9039144320113,95.9039144320113,389.79401354694204,954969634.684032
BIELSKO,1938,fixed14,999596944.8958708,999577588.5847017,19726.374720279917,370.0635511723276,370.0635511723276,19356.31116910759,999577218.5211505
BIŁGORAJSKI,1938,fixed14,941878404.0751587,941877642.3112913,858.7030578822834,96.93919051908857,96.93919051908857,761.7638673631948,941877545.3721008
BOCHEŃSKI,1938,fixed14,998968344.2204446,998966850.7912517,1878.5536902710585,385.1244974039598,385.1244974039598,1493.4291928670987,998966465.6667542
BORSZCZOWSKI,1938,fixed14,868462991.901079,868461832.6034162,1182.120556032191,22.822893139799987,22.822893139799987,1159.297662892391,868461809.7805231
BRASŁAWSKI,1938,fixed14,793642368.732686,793642026.9248067,358.47454429927205,16.666664949200296,16.666664949200296,341.80787935007174,793642010.2581418
BRODNICKI,1938,fixed14,979957701.9370102,979955700.2215261,2241.2010601267216,239.48557616218878,239.48557616218878,2001.715483964533,979955460.73595
BRODZKI,1938,fixed14,1003025029.783048,1003023978.5638639,1141.7317974672335,90.51261330901686,90.51261330901686,1051.2191841582166,1003023888.0512506
BRZESKI (BRZESKO),1938,fixed14,937844590.9293393,937843270.7356268,1412.0022179997627,91.80850548844799,91.80850548844799,1320.1937125113147,937843178.9271213
BRZESKI (BRZEŚĆ N.BUG.),1938,fixed14,996885615.2243204,996885219.5466995,526.89785124175,131.22023036155224,131.22023036155224,395.6776208801978,996885088.3264692
BRZEZIŃSKI,1938,fixed14,1007971844.8896695,1007968391.2544471,4349.134989318392,895.4997668508989,895.4997668508989,3453.6352224674933,1007967495.7546803
BRZEŻAŃSKI,1938,fixed14,928394530.1561683,928393416.7612112,1203.1493542359194,89.75439704827626,89.75439704827626,1113.394957187643,928393327.0068141
BRZOZOWSKI,1938,fixed14,928189699.4769037,928187619.5461625,2146.2361204256026,66.30537922922275,66.30537922922275,2079.93074119638,928187553.2407832
BUCZACKI,1938,fixed14,920758699.1487086,920757480.7422851,1295.6955144987016,77.28909097332686,77.28909097332686,1218.4064235253747,920757403.4531941
BYDGOSKI,1938,fixed14,1015867792.3491142,1015864838.9067335,3242.27086120789,288.82848054014875,288.82848054014875,2953.4423806677414,1015864550.078253
BÓBRECKI,1938,fixed14,926301650.0899785,926300344.4719826,1379.455637211307,73.83764136046214,73.83764136046214,1305.6179958508449,926300270.6343412
BĘDZIŃSKI,1938,fixed14,1043733449.0179523,1043723619.7492726,10372.754650474977,543.4859707650694,543.4859707650694,9829.268679709907,1043723076.2633018
BŁOŃSKI,1938,fixed14,1006624046.680643,1006619602.8382279,6623.542458733099,2179.700043722485,2179.700043722485,4443.842415010614,1006617423.1381842
CHEŁMIŃSKI,1938,fixed14,978382203.0126791,978379807.5540713,2603.6887941143113,208.23018637612023,208.23018637612023,2395.458607738191,978379599.323885
CHEŁMSKI,1938,fixed14,994607989.3508341,994607081.5517248,1049.9706131064177,142.17150381573273,142.17150381573273,907.7991092906849,994606939.380221
CHODZIESKI,1938,fixed14,1020233413.8167622,1020231713.3396993,1887.5587780177116,187.08171513776966,187.08171513776966,1700.477062879942,1020231526.2579842
CHOJNICKI,1938,fixed14,931240947.7225088,931240031.8804116,1001.5340273108844,85.69193023323021,85.69193023323021,915.8420970776542,931239946.1884815
CHORZÓW,1938,fixed14,1080479324.497342,1080080628.2218585,411310.31174342247,12614.036259826296,12614.036259826296,398696.2754835962,1080068014.1855986
CHRZANOWSKI,1938,fixed14,1034440331.5710142,1034432778.5596794,8186.794410985794,633.783076123891,633.783076123891,7553.0113348619025,1034432144.7766032
CIECHANOWSKI,1938,fixed14,963529411.7926431,963528014.1095566,1749.2597066737953,351.5766200975655,351.5766200975655,1397.6830865762297,963527662.5329365
CIESZYŃSKI,1938,fixed14,990968096.7732235,990962788.303114,5673.931667501602,365.46155796528984,365.46155796528984,5308.470109536312,990962422.8415561
CZARNKOWSKI,1938,fixed14,1009682877.46119,1009681460.4732802,1537.8130429433122,120.82513324960992,120.82513324960992,1416.9879096937022,1009681339.648147
CZORTKOWSKI,1938,fixed14,934038720.82672,934036860.7600455,1957.8742419087966,97.80756749488178,97.80756749488178,1860.0666744139148,934036762.952478
CZĘSTOCHOWSKI,1938,fixed14,987405581.1960278,987401901.5126413,3928.6018247192646,248.91843835055712,248.91843835055712,3679.6833863687075,987401652.594203
DOBROMILSKI,1938,fixed14,935312186.8107845,935311109.8357525,1161.5162302606782,84.54119824791849,84.54119824791849,1076.9750320127596,935311025.2945542
DOLIŃSKI,1938,fixed14,929628972.1820925,929628326.901068,722.0246451692009,76.74362065163686,76.74362065163686,645.281024517564,929628250.1574473
DROHICKI,1938,fixed14,909592608.2099513,909592225.3868474,428.63872566312335,45.81562171134159,45.81562171134159,382.8231039517818,909592179.5712256
DROHOBYCKI,1938,fixed14,955067611.1603428,955065034.11991,2703.3437573641763,126.30332459178265,126.30332459178265,2577.0404327723936,955064907.8165854
DUBIEŃSKI,1938,fixed14,992911765.585835,992911208.1685033,603.4173069199643,45.99997517497787,45.99997517497787,557.4173317449864,992911162.1685281
DZIAŁDOWSKI,1938,fixed14,937608563.758927,937607344.3203468,1311.2916110461224,91.85303092905144,91.85303092905144,1219.4385801170708,937607252.4673159
DZIŚNIEŃSKI,1938,fixed14,792810528.8738263,792810220.3195366,325.42013285501093,16.865843210006545,16.865843210006545,308.5542896450044,792810203.4536934
DĄBROWSKI,1938,fixed14,962635915.6980901,962634744.5757539,1337.7843010710842,166.6619648451004,166.6619648451004,1171.1223362259839,962634577.913789
GARWOLIŃSKI,1938,fixed14,958799999.7330984,958799040.1934688,1214.9043690235012,255.36473946075375,255.36473946075375,959.5396295627473,958798784.8287294
GNIEŹNIEŃSKI,1938,fixed14,1070113552.2247971,1070111812.0579013,2125.204427237805,385.03753137132355,385.03753137132355,1740.1668958664811,1070111427.0203699
GORLICKI,1938,fixed14,957161990.2706892,957160572.1831689,1564.4718556291675,146.3843352754018,146.3843352754018,1418.0875203537657,957160425.7988336
GOSTYNIŃSKI,1938,fixed14,983847851.2053168,983846555.05024,1542.131000942086,245.97592424958705,245.97592424958705,1296.155076692499,983846309.0743158
GOSTYŃSKI,1938,fixed14,1076571250.188897,1076569086.6161492,2455.021873475114,291.44912585842724,291.44912585842724,2163.5727476166867,1076568795.1670234
GRODZIEŃSKI,1938,fixed14,899946530.9697915,899946082.2702291,500.94724085445455,52.24767836333059,52.24767836333059,448.69956249112397,899946030.0225507
GRUDZIĄDZKI,1938,fixed14,976854357.714158,976849905.4733214,4700.589643637898,248.34880692605404,248.34880692605404,4452.240836711844,976849657.1245145
GRÓDECKI,1938,fixed14,967393722.8334583,967392680.5204998,1347.1639437597141,304.8509853087286,304.8509853087286,1042.3129584509857,967392375.6695145
GRÓJECKI,1938,fixed14,982930221.8129526,982928878.5864979,2313.9701682707264,970.7437135389769,970.7437135389769,1343.2264547317493,982927907.8427844
HOROCHOWSKI,1938,fixed14,946442149.7083601,946441433.1859965,759.0682692899679,42.54590566453816,42.54590566453816,716.5223636254298,946441390.6400908
HORODEŃSKI,1938,fixed14,893860820.4317485,893859486.4028404,1372.23604137552,38.20713323841923,38.20713323841923,1334.0289081371009,893859448.1957071
HRUBIESZOWSKI,1938,fixed14,967340151.5801595,967338953.5803517,1322.2666026895047,124.26679484495453,124.26679484495453,1197.99980784455,967338829.3135569
INOWROCŁAWSKI,1938,fixed14,1019552857.8925532,1019550897.3863267,2182.8835394873026,222.37731295147736,222.37731295147736,1960.5062265358254,1019550675.0090138
IWACEWICKI,1938,fixed14,926390743.7312789,926390449.8836893,342.9120516736502,49.06446204893098,49.06446204893098,293.8475896247192,926390400.8192272
IŁŻECKI,1938,fixed14,943563986.5775026,943562741.0381424,1351.3140575647665,105.77469742510037,105.77469742510037,1245.539360139666,943562635.263445
JANOWSKI,1938,fixed14,954907657.1694615,954906634.9326915,1144.1985216479195,121.96175156774083,121.96175156774083,1022.2367700801788,954906512.9709399
JAROCIŃSKI,1938,fixed14,1060159415.6865625,1060157840.1787606,1851.703750628586,276.19594871780663,276.19594871780663,1575.5078019107793,1060157563.9828119
JAROSŁAWSKI,1938,fixed14,971734721.318674,971733596.007415,1270.027199205887,144.71594018452254,144.71594018452254,1125.3112590213645,971733451.2914748
JASIELSKI,1938,fixed14,957081692.8421181,957080486.0941725,1368.1382186565038,161.39027300166038,161.39027300166038,1206.7479456548433,957080324.7038995
JAWOROWSKI,1938,fixed14,948094875.989617,948093896.597692,1125.0462610207342,145.65433608919363,145.65433608919363,979.3919249315406,948093750.9433559
JĘDRZEJOWSKI,1938,fixed14,993262441.617362,993261473.3980535,1237.848655286185,269.6293468310883,269.6293468310883,968.2193084550968,993261203.7687067
KALISKI,1938,fixed14,1020169850.5882109,1020167871.8250531,2126.630805892447,147.86764803552379,147.86764803552379,1978.763157856923,1020167723.9574051
KAMIONECKI,1938,fixed14,960230780.7472032,960229848.3504333,1067.7926693994827,135.39589954339291,135.39589954339291,932.3967698560899,960229712.9545338
KARTUSKI,1938,fixed14,892501937.2640369,892501036.9669768,977.8530016354468,77.5559414700669,77.5559414700669,900.29706016538,892500959.4110353
KATOWICE,1938,fixed14,1060096586.0714343,1060003759.847399,94493.9453399613,1667.721304681552,1667.721304681552,92826.22403527975,1060002092.1260943
KAŁUSKI,1938,fixed14,894545721.5004824,894544913.7214952,850.8387306516856,43.059743462683,43.059743462683,807.7789871890026,894544870.6617517
KIELECKI,1938,fixed14,987878550.3680081,987877036.8996135,1738.1344897591514,224.66609514735975,224.66609514735975,1513.4683946117916,987876812.2335184
KOBRYŃSKI,1938,fixed14,946789036.0912659,946788724.6576314,390.27809501545084,78.84446046518322,78.84446046518322,311.43363455026764,946788645.8131709
KOLBUSZOWSKI,1938,fixed14,924197023.391744,924195981.6183256,1102.051258525591,60.27784013270821,60.27784013270821,1041.7734183928828,924195921.3404855
KOLSKI,1938,fixed14,1041219131.2962183,1041217820.7243325,1638.8811693785628,328.3092834754895,328.3092834754895,1310.5718859030733,1041217492.415049
KONECKI,1938,fixed14,991817197.8204054,991815796.5803562,1664.4106255639201,263.1705764325681,263.1705764325681,1401.240049131352,991815533.4097798
KONIŃSKI,1938,fixed14,1031098500.4859427,1031097650.5279825,1013.3051654843566,163.34720527043504,163.34720527043504,849.9579602139215,1031097487.1807772
KOPYCZYNIECKI,1938,fixed14,928529009.085001,928527836.2598448,1253.0716697665366,80.24651356537265,80.24651356537265,1172.825156201164,928527756.0133312
KOSOWSKI (KOSÓW HUCULSKI),1938,fixed14,843975150.0169799,843974753.1158466,418.05282120106193,21.15168791335447,21.15168791335447,396.90113328770747,843974731.9641588
KOSTOPOLSKI,1938,fixed14,973576047.9579988,973575555.1942254,530.9375764657384,38.17380313194223,38.17380313194223,492.76377333379617,973575517.0204223
KOSZYRSKI,1938,fixed14,885479210.1912001,885478941.7279612,295.7277630985616,27.264524114964033,27.264524114964033,268.46323898359753,885478914.4634371
KOWELSKI,1938,fixed14,974479315.5814073,974479062.5552298,318.5189304366354,65.4927528945224,65.4927528945224,253.026177542113,974478997.0624769
KOZIENICKI,1938,fixed14,971901818.5158575,971900995.6276162,1009.3494675504166,186.46122625081182,186.46122625081182,822.8882412996048,971900809.16639
KOŁOMYJSKI,1938,fixed14,927389270.2854716,927388223.586785,1129.613071543363,82.91438491031128,82.91438491031128,1046.6986866330517,927388140.6724
KOŚCIAŃSKI,1938,fixed14,1104003916.9635859,1104001948.7664337,2399.7191272357977,431.5219750498758,431.5219750498758,1968.197152185922,1104001517.2444587
KOŚCIERSKI,1938,fixed14,916021602.7403688,916020549.5982003,1142.3596806349035,89.21751208545722,89.21751208545722,1053.1421685494463,916020460.3806882
KRAKOWSKI,1938,fixed14,1009520148.3560171,1009517772.1300721,3649.1752017169874,1272.9492567683496,1272.9492567683496,2376.225944948638,1009516499.1808153
KRAKÓW (MIASTO),1938,fixed14,1009838299.4157227,1009301914.4393443,536883.397325329,498.4209468511649,498.4209468511649,536384.9763784779,1009301416.0183975
KRASNOSTAWSKI,1938,fixed14,955122614.632608,955121398.7685304,1314.610674786521,98.74659710017033,98.74659710017033,1215.8640776863506,955121300.0219333
KROTOSZYŃSKI,1938,fixed14,1047396458.03477,1047394752.8705229,1909.1356170971148,203.97137000661712,203.97137000661712,1705.1642470904976,1047394548.8991529
KROŚNIEŃSKI,1938,fixed14,954312144.6465594,954309386.2345954,2877.9423300509566,119.53036606939212,119.53036606939212,2758.4119639815644,954309266.7042294
KRZEMIENIECKI,1938,fixed14,947099800.5046135,947099206.0887418,625.546833291593,31.13096153653769,31.13096153653769,594.4158717550553,947099174.9577802
KUTNOWSKI,1938,fixed14,1029961698.0655344,1029958501.3796275,3770.596982804704,573.9110759029118,573.9110759029118,3196.6859069017924,1029957927.4685515
KĘPIŃSKI,1938,fixed14,1033694696.9175509,1033693368.7801527,1456.2420303322222,128.1046321405126,128.1046321405126,1328.1373981917095,1033693240.6755205
LESKI,1938,fixed14,896223704.4960852,896222887.9543933,859.604443916995,43.06275200303405,43.06275200303405,816.541691913961,896222844.8916413
LESZCZYŃSKI,1938,fixed14,1103721092.0274541,1103718878.1277683,2514.2546811656375,300.35499517659827,300.35499517659827,2213.8996859890394,1103718577.772773
LIDZKI,1938,fixed14,912382836.8484987,912382446.2325675,443.14718974549174,52.53125854352913,52.53125854352913,390.6159312019626,912382393.701309
LIMANOWSKI,1938,fixed14,949314878.4837823,949313883.9656078,1106.6787803369689,112.16060584752032,112.16060584752032,994.5181744894485,949313771.805002
LIPNOWSKI,1938,fixed14,996720702.1838269,996719792.3293715,1124.3573304551755,214.502875024636,214.502875024636,909.8544554305396,996719577.8264965
LUBACZOWSKI,1938,fixed14,929606438.159104,929605541.386082,963.4966084623015,66.72358652256793,66.72358652256793,896.7730219397337,929605474.6624955
LUBARTOWSKI,1938,fixed14,973622648.8247039,973621721.0495393,1147.4717273225247,219.6965627149507,219.6965627149507,927.775164607574,973621501.3529766
LUBAWSKI,1938,fixed14,951000432.3577044,950998805.7157226,1735.7152298788117,109.0732480626575,109.0732480626575,1626.6419818161542,950998696.6424745
LUBELSKI,1938,fixed14,985529137.4493341,985526788.3628751,2531.7432091254145,182.65675009596393,182.65675009596393,2349.0864590294505,985526605.706125
LUBLINIECKI,1938,fixed14,1043128709.0663848,1043126436.7300239,2606.7761092663022,334.43974823233503,334.43974823233503,2272.336361033967,1043126102.2902756
LUBOMELSKI,1938,fixed14,954940480.1466417,954940172.9199368,373.00521133433995,65.77850635716183,65.77850635716183,307.2267049771781,954940107.1414304
LWOWSKI,1938,fixed14,981037544.1813666,981036420.4799125,2106.733489682415,983.032035604758,983.032035604758,1123.7014540776568,981035437.4478769
LWÓW (MIASTO),1938,fixed14,1004180537.4456614,1003931969.7568543,248972.55548589004,404.86667869636676,404.86667869636676,248567.68880719368,1003931564.8901756
M. ST. WARSZAWA,1938,fixed14,1014656673.8239831,1013738333.185046,925519.9196006139,7179.280663444103,7179.280663444103,918340.6389371698,1013731153.9043825
MAKOWSKI (MAKÓW MAZOWIECKI),1938,fixed14,904540223.4214332,904539284.7967122,1030.3894214157272,91.76470036167129,91.76470036167129,938.624721054056,904539193.0320117
MIECHOWSKI,1938,fixed14,979319724.3821636,979318496.5893275,1410.5853101570074,182.79247390986913,182.79247390986913,1227.7928362471382,979318313.7968535
MIELECKI,1938,fixed14,967810189.3644687,967809114.9991055,1231.4808346564816,157.11547135003462,157.11547135003462,1074.365363306447,967808957.8836341
MIĘDZYCHODZKI,1938,fixed14,1080076176.5433056,1080074830.8681443,1450.5819151466087,104.90675376547127,104.90675376547127,1345.6751613811375,1080074725.9613905
MIŃSKI,1938,fixed14,982551902.3801327,982550165.5246212,2571.182003982408,834.326492589623,834.326492589623,1736.8555113927848,982549331.1981287
MOGILEŃSKI,1938,fixed14,1027125266.151197,1027124059.7681813,1419.0873669608254,212.7043512890365,212.7043512890365,1206.3830156717888,1027123847.06383
MORSKI,1938,fixed14,878699604.1103647,878696793.5102357,2859.55274392397,48.95261495707324,48.95261495707324,2810.6001289668966,878696744.5576208
MOŁODECZAŃSKI,1938,fixed14,855255248.1908895,855254696.4919728,577.8968237250638,26.197907041763862,26.197907041763862,551.6989166832999,855254670.2940657
MOŚCISKI,1938,fixed14,935111660.9652866,935110363.5029343,1371.2713304794565,73.80897823720998,73.80897823720998,1297.4623522422467,935110289.6939561
MYŚLENICKI,1938,fixed14,933743507.6742594,933742242.035308,1355.0961818842368,89.4572303911376,89.4572303911376,1265.6389514930993,933742152.5780776
MŁAWSKI,1938,fixed14,940760705.2841003,940759651.4484831,1206.3030956376354,152.46747841416894,152.46747841416894,1053.8356172234664,940759498.9810047
NADWÓRNIAŃSKI,1938,fixed14,899269484.6482116,899268832.3994261,707.1249031110098,54.87611761673638,54.87611761673638,652.2487854942734,899268777.5233085
NIESZAWSKI,1938,fixed14,1018407694.448697,1018406396.2983532,1578.3388502997038,280.18850651964686,280.18850651964686,1298.150343780057,1018406116.1098467
NIEŚWIESKI,1938,fixed14,860399211.2154534,860398469.2976605,763.1762624689206,21.25846956794316,21.25846956794316,741.9177929009775,860398448.0391909
NIŻAŃSKI,1938,fixed14,940888058.2422183,940887040.4613132,1092.6167647250618,74.83585979142211,74.83585979142211,1017.7809049336396,940886965.6254535
NOWOGRÓDZKI,1938,fixed14,925007929.1893342,925007494.4713571,488.6294930115521,53.91151598553549,53.91151598553549,434.71797702601657,925007440.5598412
NOWOSĄDECKI,1938,fixed14,955179624.6017407,955178402.4699911,1344.3103100576739,122.17856033233893,122.17856033233893,1222.1317497253349,955178280.2914307
NOWOTARSKI,1938,fixed14,962468203.3769597,962467059.6222614,1286.4675611561381,142.71286282056985,142.71286282056985,1143.7546983355683,962466916.9093986
NOWOTOMYSKI,1938,fixed14,1124485697.0952652,1124484054.4770277,1815.202290287239,172.58405270723367,172.58405270723367,1642.6182375800054,1124483881.8929749
OBORNICKI,1938,fixed14,1060660140.3289863,1060658905.56652,1617.6611740448034,382.89870776642476,382.89870776642476,1234.7624662783785,1060658522.6678122
OLKUSKI,1938,fixed14,989218898.9746492,989217239.5878606,1867.1442791936627,207.757490637784,207.757490637784,1659.3867885558786,989217031.83037
OPATOWSKI,1938,fixed14,962950056.1360503,962948459.2804968,1730.420954562894,133.56540102260556,133.56540102260556,1596.8555535402884,962948325.7150958
OPOCZYŃSKI,1938,fixed14,996604985.9512752,996604103.0199192,1287.7410607122754,404.8097047207834,404.8097047207834,882.931355991492,996603698.2102145
OSTROWSKI (OSTRÓW MAZOWIECKA),1938,fixed14,952199968.8531306,952199258.7843561,914.6496813174339,204.5809069061788,204.5809069061788,710.068774411255,952199054.2034492
OSTROWSKI (OSTRÓW WIELKOPOLSKI),1938,fixed14,1054933768.672054,1054932295.859614,1666.8618931409421,194.04945319336974,194.04945319336974,1472.8124399475723,1054932101.8101609
OSTROŁĘCKI,1938,fixed14,926844601.7319297,926844155.5641092,586.9399480448728,140.77212762555087,140.77212762555087,446.167820419322,926844014.7919816
OSZMIAŃSKI,1938,fixed14,807513054.6492302,807512659.8908424,410.86403336017105,16.10564559143301,16.10564559143301,394.75838776873803,807512643.7851969
PIOTRKOWSKI,1938,fixed14,980004681.0241216,980003256.4081298,1728.1957776305603,303.57978579999724,303.57978579999724,1424.615991830563,980002952.828344
PIŃCZOWSKI,1938,fixed14,957152626.2946997,957151443.4403404,1319.480896046403,136.62653676713356,136.62653676713356,1182.8543592792694,957151306.8138037
PIŃSKI,1938,fixed14,935757390.685473,935757075.0852432,358.64452198527425,43.04429222688981,43.04429222688981,315.60022975838444,935757032.040951
PODHAJECKI,1938,fixed14,931967154.4186518,931966283.9148995,972.0774481222995,101.57369579197585,101.57369579197585,870.5037523303237,931966182.3412037
POSTAWSKI,1938,fixed14,799376461.6598322,799376226.6091952,256.5303571364113,21.47972007696024,21.47972007696024,235.05063705945102,799376205.1294751
POZNAŃ (MIASTO),1938,fixed14,1115304903.525987,1114977605.6575403,328371.62578657165,1073.7573398958484,1073.7573398958484,327297.86844667577,1114976531.9002004
POZNAŃSKI,1938,fixed14,1102603795.6144176,1102602194.230549,5039.376337445596,3437.992469124511,3437.992469124511,1601.3838683210847,1102598756.23808
PRUŻAŃSKI,1938,fixed14,952051951.16667,952051555.3290803,466.2192277543818,70.38163818603866,70.38163818603866,395.83758956834316,952051484.9474422
PRZASNYCKI,1938,fixed14,895136708.2253165,895135836.0907949,951.4389425346974,79.30442091263399,79.30442091263399,872.1345216220634,895135756.786374
PRZEMYSKI,1938,fixed14,977047204.1069506,977045104.6650555,2260.9748020978204,161.53290699523026,161.53290699523026,2099.44189510259,977044943.1321485
PRZEMYŚLAŃSKI,1938,fixed14,951299132.3650132,951297960.0248598,1299.2170882436112,126.87693475367966,126.87693475367966,1172.3401534899315,951297833.147925
PRZEWORSKI,1938,fixed14,969673597.656417,969670801.0506464,2948.5398697079545,151.93409904685367,151.93409904685367,2796.605770661101,969670649.1165473
PSZCZYŃSKI,1938,fixed14,1030269288.3823547,1030265231.8540721,4635.519528695761,578.9912461109918,578.9912461109918,4056.5282825847694,1030264652.862826
PUŁAWSKI,1938,fixed14,959896418.0083991,959895337.6043622,1216.2277780305296,135.8237412358621,135.8237412358621,1080.4040367946675,959895201.780621
PUŁTUSKI,1938,fixed14,935328265.7306947,935327071.5963017,1401.7749960035433,207.6406030530281,207.6406030530281,1194.1343929505151,935326863.9556986
PŁOCKI,1938,fixed14,966886166.8790507,966884244.7881608,2102.672738249175,180.5818482233227,180.5818482233227,1922.0908900258523,966884064.2063125
PŁOŃSKI,1938,fixed14,977056329.7812885,977055185.0012789,1514.7090678412167,369.92905818804655,369.92905818804655,1144.78000965317,977054815.0722207
RADOMSKI,1938,fixed14,986312631.8007895,986311024.1267694,1896.9446555018667,289.2706354873106,289.2706354873106,1607.6740200145562,986310734.8561339
RADOMSZCZAŃSKI,1938,fixed14,986784831.5435447,986783831.8836784,1327.8168521358843,328.15698592108834,328.15698592108834,999.6598662147961,986783503.7266926
RADZIECHOWSKI,1938,fixed14,944773263.4663155,944772413.373911,901.9680418536252,51.87563739354197,51.87563739354197,850.0924044600832,944772361.4982736
RADZYMIŃSKI,1938,fixed14,996754174.0934465,996752412.1497878,4371.191227932026,2609.247569200108,2609.247569200108,1761.9436587319183,996749802.9022186
RADZYŃSKI,1938,fixed14,957801125.374708,957800111.0216329,1157.25933199797,142.9062567361375,142.9062567361375,1014.3530752618327,957799968.1153761
RAWICKI,1938,fixed14,1078428183.0697877,1078425223.9679286,3205.9736670475036,246.87180795096904,246.87180795096904,2959.1018590965346,1078424977.0961206
RAWSKI (RAWA MAZOWIECKA),1938,fixed14,970140071.8795422,970138993.6441967,1391.467580373701,313.23223482691935,313.23223482691935,1078.2353455467817,970138680.4119619
RAWSKI (RAWA RUSKA),1938,fixed14,962203911.1165947,962203117.0152974,921.6949144953614,127.59361720347692,127.59361720347692,794.1012972918845,962202989.4216802
ROHATYŃSKI,1938,fixed14,919234770.9322709,919233781.2195569,1062.3838915061112,72.67117749945352,72.67117749945352,989.7127140066577,919233708.5483794
ROPCZYCKI,1938,fixed14,973866171.560424,973865116.210731,1220.8460318360835,165.49633880989919,165.49633880989919,1055.3496930261842,973864950.7143922
RUDECKI,1938,fixed14,940688458.4326668,940687007.5742909,1532.7564349326767,81.89805904360661,81.89805904360661,1450.8583758890702,940686925.6762319
RYBNICKI,1938,fixed14,1010518458.9074352,1010511213.6969525,7632.345661044193,387.13517829368317,387.13517829368317,7245.210482750509,1010510826.5617741
RYPIŃSKI,1938,fixed14,981873804.8322511,981872666.8536338,1393.2980987036003,255.31948142096428,255.31948142096428,1137.978617282636,981872411.5341524
RZESZOWSKI,1938,fixed14,965317964.621125,965316361.6546525,1728.2368478489084,125.27037535035795,125.27037535035795,1602.9664724985505,965316236.3842771
RÓWIEŃSKI,1938,fixed14,992333164.432517,992332348.2548391,857.1793954459761,41.001717401702166,41.001717401702166,816.1776780442739,992332307.2531216
SAMBORSKI,1938,fixed14,974544358.4534255,974543178.7857707,1421.8311967011205,242.1635417692743,242.1635417692743,1179.667654931846,974542936.6222289
SANDOMIERSKI,1938,fixed14,919664919.4729517,919663729.3626586,1257.9822747823212,67.87198174339952,67.87198174339952,1190.1102930389216,919663661.4906769
SANOCKI,1938,fixed14,924070948.0960358,924069631.1981112,1382.080073831429,65.18214918574841,65.18214918574841,1316.8979246456806,924069566.015962
SARNEŃSKI,1938,fixed14,985026285.8914717,985026021.3683803,311.4458216457197,46.92273015519914,46.92273015519914,264.5230914905206,985025974.4456501
SIEDLECKI,1938,fixed14,972691877.281164,972691021.1758256,1085.2389472553598,229.1336087786171,229.1336087786171,856.1053384767428,972690792.0422168
SIERADZKI,1938,fixed14,1046551281.0712767,1046549940.2404282,1782.8037509393882,441.97290248180803,441.97290248180803,1340.8308484575803,1046549498.2675257
SIERPECKI,1938,fixed14,960419248.2556529,960418004.4362258,1399.2726353460278,155.45320816410504,155.45320816410504,1243.8194271819227,960417848.9830176
SKAŁACKI,1938,fixed14,929324510.0312332,929323300.1021771,1261.5184955320221,51.58943950572698,51.58943950572698,1209.9290560262953,929323248.5127376
SKIERNIEWICKI,1938,fixed14,1005759359.1121136,1005757519.7056819,2543.5971959014614,704.190764131539,704.190764131539,1839.4064317699222,1005756815.5149177
SOCHACZEWSKI,1938,fixed14,991679168.2868875,991676788.6537827,2878.7499993148303,499.1168945089806,499.1168945089806,2379.6331048058496,991676289.5368882
SOKALSKI,1938,fixed14,960150862.9080199,960149837.2951746,1127.3655110920336,101.75266572261648,101.75266572261648,1025.612845369417,960149735.5425088
SOKOŁOWSKI,1938,fixed14,960799628.8092409,960798654.1251696,1162.6074403211812,187.92336902638928,187.92336902638928,974.6840712947919,960798466.2018006
SOKÓLSKI,1938,fixed14,935509008.3094939,935508602.7447381,502.4372114104149,96.87245559606468,96.87245559606468,405.5647558143502,935508505.8722825
STANISŁAWOWSKI,1938,fixed14,933093070.3784477,933091648.952376,1532.6306232249767,111.20455153646289,111.20455153646289,1421.4260716885137,933091537.7478244
STAROGARDZKI,1938,fixed14,926685338.872552,926683595.7687194,1837.7250853230285,94.62125282241603,94.62125282241603,1743.1038325006125,926683501.1474667
STOLIŃSKI,1938,fixed14,923006809.8519129,923006599.9579536,240.94067011564997,31.046710896302702,31.046710896302702,209.89395921934727,923006568.9112427
STOPNICKI,1938,fixed14,905521714.9974438,905520850.7242676,922.2276532867929,57.9544770725891,57.9544770725891,864.2731762142039,905520792.7697905
STOŁPECKI,1938,fixed14,908239992.055467,908239556.0727034,461.2537957674226,25.271032037778173,25.271032037778173,435.98276372964443,908239530.8016713
STRYJSKI,1938,fixed14,908973265.9313581,908972565.0011514,761.0395866158595,60.10938003131002,60.10938003131002,700.9302065845495,908972504.8917714
SUWALSKI,1938,fixed14,861713525.2684793,861712949.5378251,613.7364155993491,38.00576141868507,38.00576141868507,575.730654180664,861712911.5320637
SZAMOTULSKI,1938,fixed14,1073554362.528992,1073552846.9222455,1749.8647871586418,234.2580405660911,234.2580405660911,1515.6067465925507,1073552612.664205
SZCZUCZYŃSKI (WOJ. BIAŁOSTOCKIE),1938,fixed14,912034573.888236,912033892.1567184,741.4115544087699,59.68003681974852,59.68003681974852,681.7315175890213,912033832.4766816
SZCZUCZYŃSKI (WOJ. NOWOGRÓDZKIE),1938,fixed14,861697538.1130503,861697120.4461691,449.4725016289899,31.805620410164224,31.805620410164224,417.66688121882567,861697088.6405487
SZUBIŃSKI,1938,fixed14,1023681738.9036934,1023680538.887447,1527.711686714718,327.6954403165799,327.6954403165799,1200.0162463981383,1023680211.1920067
SĘPOLEŃSKI,1938,fixed14,984427762.752444,984425143.1271038,2808.6644971148926,189.0391569433987,189.0391569433987,2619.625340171494,984424954.0879469
SŁONIMSKI,1938,fixed14,942855200.6418272,942854803.714088,457.6408437948357,60.713104500279755,60.713104500279755,396.9277392945559,942854743.0009835
TARNOBRZESKI,1938,fixed14,979896283.345846,979895055.1210071,1367.8022978447373,139.5774588368054,139.5774588368054,1228.224839007932,979894915.5435482
TARNOGÓRSKI,1938,fixed14,1070956271.0811764,1070943730.2493207,14142.437079662297,1601.6052239627936,1601.6052239627936,12540.831855699504,1070942128.6440967
TARNOPOLSKI,1938,fixed14,970821155.8130912,970819845.2053506,1410.0296218980868,99.42188135705872,99.42188135705872,1310.607740541028,970819745.7834693
TARNOWSKI,1938,fixed14,980552254.3669502,980549726.5495903,2730.0772682490265,202.25990844359401,202.25990844359401,2527.8173598054323,980549524.2896819
TCZEWSKI,1938,fixed14,914496475.4332774,914492802.8406112,3742.8223731338803,70.22970705730887,70.22970705730887,3672.5926660765713,914492732.6109042
TOMASZOWSKI,1938,fixed14,941923563.6906177,941922563.9434377,1081.3429353667102,81.59575536580896,81.59575536580896,999.7471800009013,941922482.3476824
TORUŃSKI,1938,fixed14,1017110528.1245718,1017106866.0230817,3981.6316647186623,319.5301746511456,319.5301746511456,3662.101490067517,1017106546.492907
TREMBOWELSKI,1938,fixed14,952004175.0520052,952002919.6971176,1359.7569672781008,104.40207967732916,104.40207967732916,1255.3548876007717,952002815.2950379
TUCHOLSKI,1938,fixed14,962718932.8611952,962717719.6420343,1379.4353882552962,166.21622725025074,166.21622725025074,1213.2191610050454,962717553.425807
TURCZAŃSKI,1938,fixed14,934303573.0028197,934302990.2717528,674.638284858135,91.90721800993954,91.90721800993954,582.7310668481954,934302898.3645349
TURECKI,1938,fixed14,955165285.453557,955164341.2650917,1015.9357797225646,71.74731430772613,71.74731430772613,944.1884654148384,955164269.5177773
TŁUMACKI,1938,fixed14,928255757.740366,928254493.2804903,1373.8168399007882,109.35696421317351,109.35696421317351,1264.4598756876146,928254383.923526
WADOWICKI,1938,fixed14,996330109.199442,996328305.9980559,2176.218038167094,373.0166520684643,373.0166520684643,1803.20138609863,996327932.9814038
WARSZAWSKI,1938,fixed14,1008526159.913665,1008521689.7521365,43218.47789977354,38748.31637116584,38748.31637116584,4470.1615286076985,1008482941.4357653
WIELUŃSKI,1938,fixed14,1039307516.4026496,1039306685.4256724,969.6307574470218,138.65378027466542,138.65378027466542,830.9769771723563,1039306546.7718922
WILEJSKI,1938,fixed14,806364938.0230502,806364642.6570262,311.1041589418648,15.738134949978647,15.738134949978647,295.36602399188615,806364626.9188912
WILEŃSKO-TROCKI,1938,fixed14,883880253.3989513,883879991.2786013,430.84917372900645,168.7288237747896,168.7288237747896,262.12034995421686,883879822.5497775
WILNO (MIASTO),1938,fixed14,916502985.8989041,916417625.774718,85492.74516124876,132.62097527237867,132.62097527237867,85360.12418597638,916417493.1537428
WOLSZTYŃSKI,1938,fixed14,1158974217.092826,1158972625.7418196,1847.690605022312,256.3395987218807,256.3395987218807,1591.3510063004312,1158972369.402221
WOŁKOWYSKI,1938,fixed14,938869926.5371084,938869599.9818108,400.2343973592764,73.67909975103777,73.67909975103777,326.5552976082386,938869526.302711
WOŁOŻYŃSKI,1938,fixed14,820923131.7387038,820922683.9435267,464.63508163531475,16.839904508235474,16.839904508235474,447.7951771270793,820922667.1036222
WRZESIŃSKI,1938,fixed14,1064297628.7807666,1064295602.3345016,2334.426609652385,307.98034467663524,307.98034467663524,2026.44626497575,1064295294.354157
WYRZYSKI,1938,fixed14,1005130163.6534376,1005128490.5855759,1923.840606745341,250.7727450585274,250.7727450585274,1673.0678616868136,1005128239.8128309
WYSOKOMAZOWIECKI,1938,fixed14,930262886.2760756,930262189.6215281,789.728235015835,93.07368755176299,93.07368755176299,696.654547464072,930262096.5478406
WĄBRZESKI,1938,fixed14,983913462.8792711,983911108.972192,2596.271456585796,242.36437752568105,242.36437752568105,2353.907079060115,983910866.6078146
WĄGROWIECKI,1938,fixed14,1048013899.5809005,1048012598.2780485,1610.9323846267814,309.62953251975426,309.62953251975426,1301.302852107027,1048012288.6485159
WĘGROWSKI,1938,fixed14,917854040.8959012,917852998.7217524,1132.9873287006556,90.81317984214087,90.81317984214087,1042.1741488585146,917852907.9085726
WŁOCŁAWSKI,1938,fixed14,1007076084.3351238,1007073046.2543732,3288.6673078777935,250.58655728319044,250.58655728319044,3038.080750594603,1007072795.6678159
WŁODAWSKI,1938,fixed14,937735672.749388,937735011.1102301,727.4869366601256,65.8477788161711,65.8477788161711,661.6391578439545,937734945.2624513
WŁODZIMIERSKI,1938,fixed14,980653949.6526105,980653335.7476209,718.2806830430214,104.37569342652507,104.37569342652507,613.9049896164963,980653231.3719275
WŁOSZCZOWSKI,1938,fixed14,950041142.1193583,950040389.082937,889.3587483965654,136.32232717239893,136.32232717239893,753.0364212241665,950040252.7606099
ZALESZCZYCKI,1938,fixed14,899434175.9802198,899432918.714652,1299.4473134556888,42.18174550732701,42.18174550732701,1257.2655679483619,899432876.5329064
ZAMOJSKI,1938,fixed14,980557434.5557995,980555772.8246651,1812.9512171608637,151.22008279815708,151.22008279815708,1661.7311343627066,980555621.6045823
ZBARASKI,1938,fixed14,956427056.5498457,956425867.1941056,1258.394600370453,69.03886034921452,69.03886034921452,1189.3557400212385,956425798.1552453
ZBOROWSKI,1938,fixed14,913711300.3888739,913710373.5416943,967.0605838155799,40.21340418074667,40.21340418074667,926.8471796348332,913710333.3282901
ZDOŁBUNOWSKI,1938,fixed14,1016560413.3192161,1016559474.1206647,976.7614342919072,37.562882853690645,37.562882853690645,939.1985514382166,1016559436.5577818
ZŁOCZOWSKI,1938,fixed14,965766164.4185839,965765186.6715189,1080.4883942255026,102.74132925906987,102.74132925906987,977.7470649664327,965765083.9301896
ŁASKI,1938,fixed14,1019542819.3438354,1019539971.8647459,3230.457540835062,382.97845138159727,382.97845138159727,2847.479089453465,1019539588.8862945
ŁAŃCUCKI,1938,fixed14,957115425.4311422,957114031.17203,1493.561579637493,99.30246728728632,99.30246728728632,1394.2591123502066,957113931.8695626
ŁOMŻYŃSKI,1938,fixed14,927885152.6971993,927884552.0507985,714.935030414568,114.28862969648266,114.28862969648266,600.6464007180854,927884437.7621689
ŁOWICKI,1938,fixed14,1019699919.5306047,1019698426.2005064,2231.967619218866,738.6375209035718,738.6375209035718,1493.330098315294,1019697687.5629855
ŁUCKI,1938,fixed14,998491129.9267662,998490683.9558432,503.50361872415965,57.53269579589994,57.53269579589994,445.9709229282597,998490626.4231474
ŁUKOWSKI,1938,fixed14,965923194.0640563,965922357.5307887,994.350105746,157.8168381988633,157.8168381988633,836.5332675471367,965922199.7139505
ŁUNINIECKI,1938,fixed14,925320849.0503036,925320578.1599902,304.9380544220105,34.047741007750595,34.047741007750595,270.89031341425994,925320544.1122491
ŁÓDZKI,1938,fixed14,1025706369.4306128,1025702306.5588852,6539.678957690618,2476.8072300825816,2476.8072300825816,4062.8717276080356,1025699829.7516551
ŁÓDŹ (MIASTO),1938,fixed14,1024825390.2300516,1023595648.2169179,1230445.5901991238,703.5770653973556,703.5770653973556,1229742.0131337265,1023594944.6398525
ŁĘCZYCKI,1938,fixed14,1030635772.7379268,1030634218.4715,2391.0159658798193,836.7495391422126,836.7495391422126,1554.266426737607,1030633381.7219609
ŚNIATYŃSKI,1938,fixed14,902759882.4949335,902757837.2857617,2087.994879085447,42.785707381420664,42.785707381420664,2045.2091717040264,902757794.5000544
ŚREDZKI,1938,fixed14,1065394719.8029052,1065392907.709459,2168.642138762314,356.5486924065151,356.5486924065151,1812.093446355799,1065392551.1607665
ŚREMSKI,1938,fixed14,1051379448.8006552,1051377850.8595971,1825.0110816583865,227.0700235802225,227.0700235802225,1597.941058078164,1051377623.7895736
ŚWIECKI,1938,fixed14,973547372.5571645,973545893.1220253,1701.971850915456,222.5367115152906,222.5367115152906,1479.4351394001653,973545670.5853137
ŚWIĘCIAŃSKI,1938,fixed14,839105385.2126415,839105102.7987599,318.1372805367265,35.7233990387063,35.7233990387063,282.4138814980202,839105067.0753609
ŚWIĘTOCHŁOWICKI,1938,fixed14,1080694601.899812,1080447120.2786543,252406.3562116314,4924.735054101616,4924.735054101616,247481.6211575298,1080442195.5436003
ŻNIŃSKI,1938,fixed14,1029397711.2689686,1029396099.5092463,1887.7142164496806,275.9544942927221,275.9544942927221,1611.7597221569586,1029395823.5547521
ŻYDACZOWSKI,1938,fixed14,930862725.0526357,930861733.0899214,1074.583917116614,82.62120284123105,82.62120284123105,991.962714275383,930861650.4687185
ŻYWIECKI,1938,fixed14,986293381.1041925,986291409.2111355,2220.492502347056,248.59944535955188,248.59944535955188,1971.8930569875042,986291160.6116902
ŻÓŁKIEWSKI,1938,fixed14,962165354.7756169,962164203.8937851,1348.2224135466333,197.3405817469136,197.3405817469136,1150.8818317997197,962164006.5532033
